{"level":"debug","message":"[CYCLE] ATR sizing: medianATRPct=3.39% (37 symbols)","timestamp":"2026-06-08T00:00:19.248Z"}
{"level":"debug","message":"[CYCLE] BTC macro: bull=false EMA200","timestamp":"2026-06-08T00:00:19.251Z"}
{"level":"debug","message":"[CYCLE] BTC/USDC: starting cycle, candles=745 lastClose=63320.31000000 lastTs=2026-06-08T00:00:00.000Z","timestamp":"2026-06-08T00:00:19.527Z"}
{"level":"debug","message":"[AGG] BTC/USDC: strategy[0]=unknown → HOLD conf=0.20 \"No EMA crossover (fast 64391.1894 vs slow 68174.0719)\"","timestamp":"2026-06-08T00:00:19.532Z"}
{"level":"debug","message":"[AGG] BTC/USDC: strategy[1]=unknown → HOLD conf=0.10 \"PSAR downtrend continues (SAR 63690.3355)\"","timestamp":"2026-06-08T00:00:19.532Z"}
{"level":"debug","message":"[AGG] BTC/USDC: strategy[2]=unknown → BUY conf=0.90 \"HA flipped bullish ↑ after 14-bar bear streak (no lower shadow)\"","timestamp":"2026-06-08T00:00:19.532Z"}
{"level":"debug","message":"[AGG] BTC/USDC: votes BUY=1.00 SELL=0.00 HOLD=2.00 total_weight=1.00 external=0","timestamp":"2026-06-08T00:00:19.532Z"}
{"level":"debug","message":"[AGG] BTC/USDC: decision=HOLD confidence=2.00 tie=false belowMin=false (minConf=0.55)","timestamp":"2026-06-08T00:00:19.533Z"}
{"level":"debug","message":"[CYCLE] XRP/USDC: starting cycle, candles=745 lastClose=1.15600000 lastTs=2026-06-08T00:00:00.000Z","timestamp":"2026-06-08T00:00:19.549Z"}
{"level":"debug","message":"[AGG] XRP/USDC: strategy[0]=unknown → HOLD conf=0.20 \"Price 1.1404 inside BB [1.0514–1.4155]\"","timestamp":"2026-06-08T00:00:19.573Z"}
{"level":"debug","message":"[AGG] XRP/USDC: strategy[1]=unknown → HOLD conf=0.20 \"Stoch K=21.1 D=8.1 — no crossover in extreme zone\"","timestamp":"2026-06-08T00:00:19.574Z"}
{"level":"debug","message":"[AGG] XRP/USDC: strategy[2]=unknown → HOLD conf=0.20 \"No EMA crossover (fast 1.1671 vs slow 1.2301)\"","timestamp":"2026-06-08T00:00:19.574Z"}
{"level":"debug","message":"[AGG] XRP/USDC: votes BUY=0.00 SELL=0.00 HOLD=3.00 total_weight=0.00 external=0","timestamp":"2026-06-08T00:00:19.574Z"}
{"level":"debug","message":"[AGG] XRP/USDC: decision=HOLD confidence=0.00 tie=false belowMin=true (minConf=0.55)","timestamp":"2026-06-08T00:00:19.574Z"}
{"level":"debug","message":"[CYCLE] LINK/USDC: starting cycle, candles=745 lastClose=7.93000000 lastTs=2026-06-08T00:00:00.000Z","timestamp":"2026-06-08T00:00:19.606Z"}
{"level":"debug","message":"[AGG] LINK/USDC: strategy[0]=unknown → HOLD conf=0.20 \"Price 7.7620 inside BB [7.1183–9.7825]\"","timestamp":"2026-06-08T00:00:19.617Z"}
{"level":"debug","message":"[AGG] LINK/USDC: strategy[1]=unknown → HOLD conf=0.20 \"Stoch K=23.7 D=9.6 — no crossover in extreme zone\"","timestamp":"2026-06-08T00:00:19.617Z"}
{"level":"debug","message":"[AGG] LINK/USDC: strategy[2]=unknown → HOLD conf=0.10 \"Supertrend downtrend continues (ST 8.0160)\"","timestamp":"2026-06-08T00:00:19.617Z"}
{"level":"debug","message":"[AGG] LINK/USDC: votes BUY=0.00 SELL=0.00 HOLD=3.00 total_weight=0.00 external=0","timestamp":"2026-06-08T00:00:19.617Z"}
{"level":"debug","message":"[AGG] LINK/USDC: decision=HOLD confidence=0.00 tie=false belowMin=true (minConf=0.7)","timestamp":"2026-06-08T00:00:19.617Z"}
{"level":"debug","message":"[CYCLE] BNB/USDC: starting cycle, candles=745 lastClose=604.71000000 lastTs=2026-06-08T00:00:00.000Z","timestamp":"2026-06-08T00:00:19.620Z"}
{"level":"debug","message":"[AGG] BNB/USDC: strategy[0]=unknown → BUY conf=0.63 \"%R -85.0 oversold ↑ reversal confirmed\"","timestamp":"2026-06-08T00:00:19.622Z"}
{"level":"debug","message":"[AGG] BNB/USDC: strategy[1]=unknown → BUY conf=0.90 \"HA flipped bullish ↑ after 13-bar bear streak (no lower shadow)\"","timestamp":"2026-06-08T00:00:19.622Z"}
{"level":"debug","message":"[AGG] BNB/USDC: strategy[2]=unknown → BUY conf=0.61 \"Support 595.8650 (2×)\"","timestamp":"2026-06-08T00:00:19.622Z"}
{"level":"debug","message":"[AGG] BNB/USDC: votes BUY=3.00 SELL=0.00 HOLD=0.00 total_weight=3.00 external=0","timestamp":"2026-06-08T00:00:19.622Z"}
{"level":"debug","message":"[AGG] BNB/USDC: decision=BUY confidence=1.00 tie=false","timestamp":"2026-06-08T00:00:19.622Z"}
{"level":"debug","message":"[CYCLE] LTC/USDC: starting cycle, candles=745 lastClose=42.83000000 lastTs=2026-06-08T00:00:00.000Z","timestamp":"2026-06-08T00:00:19.626Z"}
{"level":"debug","message":"[AGG] LTC/USDC: strategy[0]=unknown → HOLD conf=0.20 \"Price 42.3800 inside BB [40.6135–55.5865]\"","timestamp":"2026-06-08T00:00:19.630Z"}
{"level":"debug","message":"[AGG] LTC/USDC: strategy[1]=unknown → HOLD conf=0.20 \"No EMA crossover (fast 45.2196 vs slow 47.9887)\"","timestamp":"2026-06-08T00:00:19.630Z"}
{"level":"debug","message":"[AGG] LTC/USDC: strategy[2]=unknown → BUY conf=0.66 \"%R -91.0 oversold ↑ reversal confirmed\"","timestamp":"2026-06-08T00:00:19.630Z"}
{"level":"debug","message":"[AGG] LTC/USDC: votes BUY=1.00 SELL=0.00 HOLD=2.00 total_weight=1.00 external=0","timestamp":"2026-06-08T00:00:19.630Z"}
{"level":"debug","message":"[AGG] LTC/USDC: decision=HOLD confidence=2.00 tie=false belowMin=false (minConf=0.55)","timestamp":"2026-06-08T00:00:19.630Z"}
{"level":"debug","message":"[CYCLE] NEAR/USDC: starting cycle, candles=745 lastClose=2.05500000 lastTs=2026-06-08T00:00:00.000Z","timestamp":"2026-06-08T00:00:19.651Z"}
{"level":"debug","message":"[AGG] NEAR/USDC: strategy[0]=unknown → HOLD conf=0.20 \"RSI 39.2 neutral\"","timestamp":"2026-06-08T00:00:19.668Z"}
{"level":"debug","message":"[AGG] NEAR/USDC: strategy[1]=unknown → HOLD conf=0.20 \"Price 1.9210 inside BB [1.7413–2.9279]\"","timestamp":"2026-06-08T00:00:19.668Z"}
{"level":"debug","message":"[AGG] NEAR/USDC: strategy[2]=unknown → BUY conf=0.84 \"Stoch K=5.7 crossed above D=2.0 in oversold zone\"","timestamp":"2026-06-08T00:00:19.669Z"}
{"level":"debug","message":"[AGG] NEAR/USDC: strategy[3]=unknown → HOLD conf=0.10 \"No significant S/R zone nearby\"","timestamp":"2026-06-08T00:00:19.669Z"}
{"level":"debug","message":"[AGG] NEAR/USDC: votes BUY=1.00 SELL=0.00 HOLD=3.00 total_weight=1.00 external=0","timestamp":"2026-06-08T00:00:19.669Z"}
{"level":"debug","message":"[AGG] NEAR/USDC: decision=HOLD confidence=3.00 tie=false belowMin=false (minConf=0.7)","timestamp":"2026-06-08T00:00:19.669Z"}
{"level":"debug","message":"[CYCLE] TRX/USDC: starting cycle, candles=745 lastClose=0.32670000 lastTs=2026-06-08T00:00:00.000Z","timestamp":"2026-06-08T00:00:19.677Z"}
{"level":"debug","message":"[AGG] TRX/USDC: strategy[0]=unknown → HOLD conf=0.20 \"CCI -57.9 neutral\"","timestamp":"2026-06-08T00:00:19.693Z"}
{"level":"debug","message":"[AGG] TRX/USDC: strategy[1]=unknown → HOLD conf=0.20 \"Stoch K=27.3 D=13.5 — no crossover in extreme zone\"","timestamp":"2026-06-08T00:00:19.694Z"}
{"level":"debug","message":"[AGG] TRX/USDC: strategy[2]=unknown → HOLD conf=0.20 \"StochRSI K=64.5 D=32.4 — no extreme crossover\"","timestamp":"2026-06-08T00:00:19.694Z"}
{"level":"debug","message":"[AGG] TRX/USDC: votes BUY=0.00 SELL=0.00 HOLD=3.00 total_weight=0.00 external=0","timestamp":"2026-06-08T00:00:19.694Z"}
{"level":"debug","message":"[AGG] TRX/USDC: decision=HOLD confidence=0.00 tie=false belowMin=true (minConf=0.7)","timestamp":"2026-06-08T00:00:19.694Z"}
{"level":"debug","message":"[CYCLE] BCH/USDC: starting cycle, candles=745 lastClose=230.80000000 lastTs=2026-06-08T00:00:00.000Z","timestamp":"2026-06-08T00:00:19.700Z"}
{"level":"debug","message":"[AGG] BCH/USDC: strategy[0]=unknown → HOLD conf=0.20 \"Price 224.1000 inside BB [198.2064–332.6936]\"","timestamp":"2026-06-08T00:00:19.719Z"}
{"level":"debug","message":"[AGG] BCH/USDC: strategy[1]=unknown → HOLD conf=0.20 \"OBV below EMA-20 — no cross\"","timestamp":"2026-06-08T00:00:19.719Z"}
{"level":"debug","message":"[AGG] BCH/USDC: strategy[2]=unknown → BUY conf=0.62 \"%R -85.0 oversold ↑ reversal confirmed\"","timestamp":"2026-06-08T00:00:19.719Z"}
{"level":"debug","message":"[AGG] BCH/USDC: votes BUY=1.00 SELL=0.00 HOLD=2.00 total_weight=1.00 external=0","timestamp":"2026-06-08T00:00:19.719Z"}
{"level":"debug","message":"[AGG] BCH/USDC: decision=HOLD confidence=2.00 tie=false belowMin=false (minConf=0.55)","timestamp":"2026-06-08T00:00:19.719Z"}
{"level":"debug","message":"[CYCLE] ACH/USDC: starting cycle, candles=745 lastClose=0.00535000 lastTs=2026-06-08T00:00:00.000Z","timestamp":"2026-06-08T00:00:19.725Z"}
{"level":"debug","message":"[AGG] ACH/USDC: strategy[0]=unknown → HOLD conf=0.20 \"RSI 32.5 neutral\"","timestamp":"2026-06-08T00:00:19.737Z"}
{"level":"debug","message":"[AGG] ACH/USDC: strategy[1]=unknown → HOLD conf=0.20 \"Price 0.0053 inside BB [0.0051–0.0066]\"","timestamp":"2026-06-08T00:00:19.737Z"}
{"level":"debug","message":"[AGG] ACH/USDC: strategy[2]=unknown → BUY conf=0.63 \"CCI -106.3 oversold ↑ reversal confirmed\"","timestamp":"2026-06-08T00:00:19.737Z"}
{"level":"debug","message":"[AGG] ACH/USDC: votes BUY=1.00 SELL=0.00 HOLD=2.00 total_weight=1.00 external=0","timestamp":"2026-06-08T00:00:19.737Z"}
{"level":"debug","message":"[AGG] ACH/USDC: decision=HOLD confidence=2.00 tie=false belowMin=false (minConf=0.7)","timestamp":"2026-06-08T00:00:19.737Z"}
{"level":"debug","message":"[CYCLE] CRV/USDC: starting cycle, candles=745 lastClose=0.19690000 lastTs=2026-06-08T00:00:00.000Z","timestamp":"2026-06-08T00:00:19.749Z"}
{"level":"debug","message":"[AGG] CRV/USDC: strategy[0]=unknown → SELL conf=0.72 \"ADX 35.1 downtrend (-DI 42.8 > +DI 25.9)\"","timestamp":"2026-06-08T00:00:19.755Z"}
{"level":"debug","message":"[AGG] CRV/USDC: strategy[1]=unknown → HOLD conf=0.20 \"StochRSI K=79.7 D=41.5 — no extreme crossover\"","timestamp":"2026-06-08T00:00:19.755Z"}
{"level":"debug","message":"[AGG] CRV/USDC: strategy[2]=unknown → HOLD conf=0.10 \"No significant S/R zone nearby\"","timestamp":"2026-06-08T00:00:19.755Z"}
{"level":"debug","message":"[AGG] CRV/USDC: votes BUY=0.00 SELL=1.00 HOLD=2.00 total_weight=1.00 external=0","timestamp":"2026-06-08T00:00:19.756Z"}
{"level":"debug","message":"[AGG] CRV/USDC: decision=HOLD confidence=2.00 tie=false belowMin=false (minConf=0.55)","timestamp":"2026-06-08T00:00:19.756Z"}
{"level":"debug","message":"[CYCLE] ENS/USDC: starting cycle, candles=745 lastClose=4.73000000 lastTs=2026-06-08T00:00:00.000Z","timestamp":"2026-06-08T00:00:19.759Z"}
{"level":"debug","message":"[AGG] ENS/USDC: strategy[0]=unknown → HOLD conf=0.20 \"Price 4.7000 inside BB [4.3859–6.4171]\"","timestamp":"2026-06-08T00:00:19.762Z"}
{"level":"debug","message":"[AGG] ENS/USDC: strategy[1]=unknown → HOLD conf=0.10 \"PSAR downtrend continues (SAR 5.4005)\"","timestamp":"2026-06-08T00:00:19.762Z"}
{"level":"debug","message":"[AGG] ENS/USDC: strategy[2]=unknown → HOLD conf=0.10 \"No significant S/R zone nearby\"","timestamp":"2026-06-08T00:00:19.762Z"}
{"level":"debug","message":"[AGG] ENS/USDC: votes BUY=0.00 SELL=0.00 HOLD=3.00 total_weight=0.00 external=0","timestamp":"2026-06-08T00:00:19.762Z"}
{"level":"debug","message":"[AGG] ENS/USDC: decision=HOLD confidence=0.00 tie=false belowMin=true (minConf=0.55)","timestamp":"2026-06-08T00:00:19.762Z"}
{"level":"debug","message":"[CYCLE] GMX/USDC: starting cycle, candles=745 lastClose=5.56000000 lastTs=2026-06-08T00:00:00.000Z","timestamp":"2026-06-08T00:00:19.769Z"}
{"level":"debug","message":"[AGG] GMX/USDC: strategy[0]=unknown → HOLD conf=0.20 \"RSI 38.3 neutral\"","timestamp":"2026-06-08T00:00:19.776Z"}
{"level":"debug","message":"[AGG] GMX/USDC: strategy[1]=unknown → HOLD conf=0.20 \"Price 5.6800 inside BB [5.1592–7.1958]\"","timestamp":"2026-06-08T00:00:19.776Z"}
{"level":"debug","message":"[AGG] GMX/USDC: strategy[2]=unknown → HOLD conf=0.20 \"CCI -73.8 neutral\"","timestamp":"2026-06-08T00:00:19.776Z"}
{"level":"debug","message":"[AGG] GMX/USDC: votes BUY=0.00 SELL=0.00 HOLD=3.00 total_weight=0.00 external=0","timestamp":"2026-06-08T00:00:19.776Z"}
{"level":"debug","message":"[AGG] GMX/USDC: decision=HOLD confidence=0.00 tie=false belowMin=true (minConf=0.7)","timestamp":"2026-06-08T00:00:19.776Z"}
{"level":"debug","message":"[CYCLE] LDO/USDC: starting cycle, candles=745 lastClose=0.27190000 lastTs=2026-06-08T00:00:00.000Z","timestamp":"2026-06-08T00:00:19.784Z"}
{"level":"debug","message":"[AGG] LDO/USDC: strategy[0]=unknown → HOLD conf=0.20 \"MACD -0.0214 vs signal -0.0178 hist:-0.0036\"","timestamp":"2026-06-08T00:00:19.790Z"}
{"level":"debug","message":"[AGG] LDO/USDC: strategy[1]=unknown → SELL conf=0.77 \"ADX 37.2 downtrend (-DI 49.2 > +DI 21.7)\"","timestamp":"2026-06-08T00:00:19.790Z"}
{"level":"debug","message":"[AGG] LDO/USDC: strategy[2]=unknown → BUY conf=0.63 \"%R -85.1 oversold ↑ reversal confirmed\"","timestamp":"2026-06-08T00:00:19.790Z"}
{"level":"debug","message":"[AGG] LDO/USDC: votes BUY=1.00 SELL=1.00 HOLD=1.00 total_weight=2.00 external=0","timestamp":"2026-06-08T00:00:19.790Z"}
{"level":"debug","message":"[AGG] LDO/USDC: decision=HOLD confidence=0.50 tie=true belowMin=true (minConf=0.55)","timestamp":"2026-06-08T00:00:19.790Z"}
{"level":"debug","message":"[CYCLE] JTO/USDC: starting cycle, candles=745 lastClose=0.61870000 lastTs=2026-06-08T00:00:00.000Z","timestamp":"2026-06-08T00:00:19.824Z"}
{"level":"debug","message":"[AGG] JTO/USDC: strategy[0]=unknown → HOLD conf=0.65 \"CCI 137.1 overbought — still rising, wait\"","timestamp":"2026-06-08T00:00:19.830Z"}
{"level":"debug","message":"[AGG] JTO/USDC: strategy[1]=unknown → BUY conf=0.85 \"PSAR flipped bullish ↑ — SAR 0.5004 now below price 0.6354\"","timestamp":"2026-06-08T00:00:19.831Z"}
{"level":"debug","message":"[AGG] JTO/USDC: strategy[2]=unknown → HOLD conf=0.10 \"No significant S/R zone nearby\"","timestamp":"2026-06-08T00:00:19.831Z"}
{"level":"debug","message":"[AGG] JTO/USDC: votes BUY=1.00 SELL=0.00 HOLD=2.00 total_weight=1.00 external=0","timestamp":"2026-06-08T00:00:19.831Z"}
{"level":"debug","message":"[AGG] JTO/USDC: decision=HOLD confidence=2.00 tie=false belowMin=false (minConf=0.55)","timestamp":"2026-06-08T00:00:19.831Z"}
{"level":"debug","message":"[CYCLE] LSK/USDC: starting cycle, candles=405 lastClose=0.09700000 lastTs=2026-06-08T00:00:00.000Z","timestamp":"2026-06-08T00:00:19.833Z"}
{"level":"debug","message":"[AGG] LSK/USDC: strategy[0]=unknown → HOLD conf=0.20 \"MACD -0.0059 vs signal -0.0047 hist:-0.0012\"","timestamp":"2026-06-08T00:00:19.837Z"}
{"level":"debug","message":"[AGG] LSK/USDC: strategy[1]=unknown → HOLD conf=0.90 \"MFI 100.0 overbought — still rising, wait\"","timestamp":"2026-06-08T00:00:19.837Z"}
{"level":"debug","message":"[AGG] LSK/USDC: strategy[2]=unknown → HOLD conf=0.10 \"PSAR downtrend continues (SAR 0.1099)\"","timestamp":"2026-06-08T00:00:19.837Z"}
{"level":"debug","message":"[AGG] LSK/USDC: votes BUY=0.00 SELL=0.00 HOLD=3.00 total_weight=0.00 external=0","timestamp":"2026-06-08T00:00:19.837Z"}
{"level":"debug","message":"[AGG] LSK/USDC: decision=HOLD confidence=0.00 tie=false belowMin=true (minConf=0.55)","timestamp":"2026-06-08T00:00:19.837Z"}
{"level":"debug","message":"[CYCLE] MANTA/USDC: starting cycle, candles=745 lastClose=0.07615000 lastTs=2026-06-08T00:00:00.000Z","timestamp":"2026-06-08T00:00:19.848Z"}
{"level":"debug","message":"[AGG] MANTA/USDC: strategy[0]=unknown → HOLD conf=0.20 \"RSI 56.0 neutral\"","timestamp":"2026-06-08T00:00:19.860Z"}
{"level":"debug","message":"[AGG] MANTA/USDC: strategy[1]=unknown → HOLD conf=0.20 \"Price 0.0830 inside BB [0.0727–0.0839]\"","timestamp":"2026-06-08T00:00:19.860Z"}
{"level":"debug","message":"[AGG] MANTA/USDC: strategy[2]=unknown → SELL conf=0.78 \"CCI 144.7 overbought ↓ reversal confirmed\"","timestamp":"2026-06-08T00:00:19.860Z"}
{"level":"debug","message":"[AGG] MANTA/USDC: votes BUY=0.00 SELL=1.00 HOLD=2.00 total_weight=1.00 external=0","timestamp":"2026-06-08T00:00:19.860Z"}
{"level":"debug","message":"[AGG] MANTA/USDC: decision=HOLD confidence=2.00 tie=false belowMin=false (minConf=0.7)","timestamp":"2026-06-08T00:00:19.860Z"}
{"level":"debug","message":"[CYCLE] PIXEL/USDC: starting cycle, candles=745 lastClose=0.00538000 lastTs=2026-06-08T00:00:00.000Z","timestamp":"2026-06-08T00:00:19.868Z"}
{"level":"debug","message":"[AGG] PIXEL/USDC: strategy[0]=unknown → HOLD conf=0.20 \"No EMA crossover (fast 0.0059 vs slow 0.0063)\"","timestamp":"2026-06-08T00:00:19.872Z"}
{"level":"debug","message":"[AGG] PIXEL/USDC: strategy[1]=unknown → SELL conf=0.68 \"ADX 23.4 downtrend (-DI 50.5 > +DI 26.0)\"","timestamp":"2026-06-08T00:00:19.872Z"}
{"level":"debug","message":"[AGG] PIXEL/USDC: strategy[2]=unknown → HOLD conf=0.10 \"No significant S/R zone nearby\"","timestamp":"2026-06-08T00:00:19.872Z"}
{"level":"debug","message":"[AGG] PIXEL/USDC: votes BUY=0.00 SELL=1.00 HOLD=2.00 total_weight=1.00 external=0","timestamp":"2026-06-08T00:00:19.872Z"}
{"level":"debug","message":"[AGG] PIXEL/USDC: decision=HOLD confidence=2.00 tie=false belowMin=false (minConf=0.55)","timestamp":"2026-06-08T00:00:19.872Z"}
{"level":"debug","message":"[CYCLE] SUI/USDC: starting cycle, candles=745 lastClose=0.75950000 lastTs=2026-06-08T00:00:00.000Z","timestamp":"2026-06-08T00:00:19.885Z"}
{"level":"debug","message":"[AGG] SUI/USDC: strategy[0]=unknown → HOLD conf=0.20 \"RSI 31.5 neutral\"","timestamp":"2026-06-08T00:00:19.894Z"}
{"level":"debug","message":"[AGG] SUI/USDC: strategy[1]=unknown → HOLD conf=0.20 \"Stoch K=24.7 D=11.2 — no crossover in extreme zone\"","timestamp":"2026-06-08T00:00:19.895Z"}
{"level":"debug","message":"[AGG] SUI/USDC: strategy[2]=unknown → HOLD conf=0.82 \"MFI 96.0 overbought — still rising, wait\"","timestamp":"2026-06-08T00:00:19.895Z"}
{"level":"debug","message":"[AGG] SUI/USDC: votes BUY=0.00 SELL=0.00 HOLD=3.00 total_weight=0.00 external=0","timestamp":"2026-06-08T00:00:19.895Z"}
{"level":"debug","message":"[AGG] SUI/USDC: decision=HOLD confidence=0.00 tie=false belowMin=true (minConf=0.7)","timestamp":"2026-06-08T00:00:19.895Z"}
{"level":"debug","message":"[CYCLE] PAXG/USDC: starting cycle, candles=745 lastClose=4334.40000000 lastTs=2026-06-08T00:00:00.000Z","timestamp":"2026-06-08T00:00:19.904Z"}
{"level":"debug","message":"[AGG] PAXG/USDC: strategy[0]=unknown → HOLD conf=0.20 \"MACD -51.6017 vs signal -32.6045 hist:-18.9971\"","timestamp":"2026-06-08T00:00:19.906Z"}
{"level":"debug","message":"[AGG] PAXG/USDC: strategy[1]=unknown → SELL conf=0.68 \"ADX 23.1 downtrend (-DI 52.1 > +DI 22.9)\"","timestamp":"2026-06-08T00:00:19.906Z"}
{"level":"debug","message":"[AGG] PAXG/USDC: strategy[2]=unknown → HOLD conf=0.10 \"Supertrend downtrend continues (ST 4414.2432)\"","timestamp":"2026-06-08T00:00:19.907Z"}
{"level":"debug","message":"[AGG] PAXG/USDC: votes BUY=0.00 SELL=1.00 HOLD=2.00 total_weight=1.00 external=0","timestamp":"2026-06-08T00:00:19.907Z"}
{"level":"debug","message":"[AGG] PAXG/USDC: decision=HOLD confidence=2.00 tie=false belowMin=false (minConf=0.55)","timestamp":"2026-06-08T00:00:19.907Z"}
{"level":"debug","message":"[CYCLE] THETA/USDC: starting cycle, candles=745 lastClose=0.15290000 lastTs=2026-06-08T00:00:00.000Z","timestamp":"2026-06-08T00:00:19.918Z"}
{"level":"debug","message":"[AGG] THETA/USDC: strategy[0]=unknown → HOLD conf=0.20 \"RSI 30.7 neutral\"","timestamp":"2026-06-08T00:00:19.921Z"}
{"level":"debug","message":"[AGG] THETA/USDC: strategy[1]=unknown → BUY conf=0.62 \"CCI -104.8 oversold ↑ reversal confirmed\"","timestamp":"2026-06-08T00:00:19.921Z"}
{"level":"debug","message":"[AGG] THETA/USDC: strategy[2]=unknown → HOLD conf=0.20 \"OBV below EMA-20 — no cross\"","timestamp":"2026-06-08T00:00:19.921Z"}
{"level":"debug","message":"[AGG] THETA/USDC: votes BUY=1.00 SELL=0.00 HOLD=2.00 total_weight=1.00 external=0","timestamp":"2026-06-08T00:00:19.921Z"}
{"level":"debug","message":"[AGG] THETA/USDC: decision=HOLD confidence=2.00 tie=false belowMin=false (minConf=0.55)","timestamp":"2026-06-08T00:00:19.921Z"}
{"level":"debug","message":"[CYCLE] TIA/USDC: starting cycle, candles=745 lastClose=0.31820000 lastTs=2026-06-08T00:00:00.000Z","timestamp":"2026-06-08T00:00:19.923Z"}
{"level":"debug","message":"[AGG] TIA/USDC: strategy[0]=unknown → HOLD conf=0.20 \"CCI -87.3 neutral\"","timestamp":"2026-06-08T00:00:19.925Z"}
{"level":"debug","message":"[AGG] TIA/USDC: strategy[1]=unknown → HOLD conf=0.20 \"MACD -0.0294 vs signal -0.0224 hist:-0.0070\"","timestamp":"2026-06-08T00:00:19.925Z"}
{"level":"debug","message":"[AGG] TIA/USDC: strategy[2]=unknown → BUY conf=0.90 \"HA flipped bullish ↑ after 7-bar bear streak (no lower shadow)\"","timestamp":"2026-06-08T00:00:19.926Z"}
{"level":"debug","message":"[AGG] TIA/USDC: votes BUY=1.00 SELL=0.00 HOLD=2.00 total_weight=1.00 external=0","timestamp":"2026-06-08T00:00:19.926Z"}
{"level":"debug","message":"[AGG] TIA/USDC: decision=HOLD confidence=2.00 tie=false belowMin=false (minConf=0.55)","timestamp":"2026-06-08T00:00:19.926Z"}
{"level":"debug","message":"[CYCLE] VANRY/USDC: starting cycle, candles=745 lastClose=0.00361700 lastTs=2026-06-08T00:00:00.000Z","timestamp":"2026-06-08T00:00:19.945Z"}
{"level":"debug","message":"[AGG] VANRY/USDC: strategy[0]=unknown → HOLD conf=0.20 \"No EMA crossover (fast 0.0039 vs slow 0.0042)\"","timestamp":"2026-06-08T00:00:19.947Z"}
{"level":"debug","message":"[AGG] VANRY/USDC: strategy[1]=unknown → HOLD conf=0.20 \"MACD -0.0003 vs signal -0.0003 hist:-0.0001\"","timestamp":"2026-06-08T00:00:19.948Z"}
{"level":"debug","message":"[AGG] VANRY/USDC: strategy[2]=unknown → SELL conf=0.80 \"ADX 37.6 downtrend (-DI 45.5 > +DI 17.2)\"","timestamp":"2026-06-08T00:00:19.948Z"}
{"level":"debug","message":"[AGG] VANRY/USDC: votes BUY=0.00 SELL=1.00 HOLD=2.00 total_weight=1.00 external=0","timestamp":"2026-06-08T00:00:19.948Z"}
{"level":"debug","message":"[AGG] VANRY/USDC: decision=HOLD confidence=2.00 tie=false belowMin=false (minConf=0.55)","timestamp":"2026-06-08T00:00:19.948Z"}
{"level":"debug","message":"[CYCLE] SOL/USDC: starting cycle, candles=745 lastClose=66.53000000 lastTs=2026-06-08T00:00:00.000Z","timestamp":"2026-06-08T00:00:19.969Z"}
{"level":"debug","message":"[AGG] SOL/USDC: strategy[0]=unknown → HOLD conf=0.20 \"Price 65.0500 inside BB [59.5022–89.7978]\"","timestamp":"2026-06-08T00:00:19.976Z"}
{"level":"debug","message":"[AGG] SOL/USDC: strategy[1]=unknown → BUY conf=0.63 \"%R -86.3 oversold ↑ reversal confirmed\"","timestamp":"2026-06-08T00:00:19.976Z"}
{"level":"debug","message":"[AGG] SOL/USDC: strategy[2]=unknown → HOLD conf=0.20 \"StochRSI K=46.4 D=15.5 — no extreme crossover\"","timestamp":"2026-06-08T00:00:19.976Z"}
{"level":"debug","message":"[AGG] SOL/USDC: votes BUY=1.00 SELL=0.00 HOLD=2.00 total_weight=1.00 external=0","timestamp":"2026-06-08T00:00:19.976Z"}
{"level":"debug","message":"[AGG] SOL/USDC: decision=HOLD confidence=2.00 tie=false belowMin=false (minConf=0.55)","timestamp":"2026-06-08T00:00:19.976Z"}
{"level":"debug","message":"[CYCLE] ADA/USDC: starting cycle, candles=745 lastClose=0.16560000 lastTs=2026-06-08T00:00:00.000Z","timestamp":"2026-06-08T00:00:19.994Z"}
{"level":"debug","message":"[AGG] ADA/USDC: strategy[0]=unknown → BUY conf=0.73 \"RSI 20.4 oversold ↑ reversal confirmed\"","timestamp":"2026-06-08T00:00:19.997Z"}
{"level":"debug","message":"[AGG] ADA/USDC: strategy[1]=unknown → HOLD conf=0.20 \"Price 0.1648 inside BB [0.1443–0.2677]\"","timestamp":"2026-06-08T00:00:19.998Z"}
{"level":"debug","message":"[AGG] ADA/USDC: strategy[2]=unknown → HOLD conf=0.20 \"CCI -98.0 neutral\"","timestamp":"2026-06-08T00:00:19.998Z"}
{"level":"debug","message":"[AGG] ADA/USDC: votes BUY=1.00 SELL=0.00 HOLD=2.00 total_weight=1.00 external=0","timestamp":"2026-06-08T00:00:19.998Z"}
{"level":"debug","message":"[AGG] ADA/USDC: decision=HOLD confidence=2.00 tie=false belowMin=false (minConf=0.55)","timestamp":"2026-06-08T00:00:19.998Z"}
{"level":"debug","message":"[CYCLE] AVAX/USDC: starting cycle, candles=745 lastClose=6.82500000 lastTs=2026-06-08T00:00:00.000Z","timestamp":"2026-06-08T00:00:20.006Z"}
{"level":"debug","message":"[AGG] AVAX/USDC: strategy[0]=unknown → BUY conf=0.76 \"RSI 18.0 oversold ↑ reversal confirmed\"","timestamp":"2026-06-08T00:00:20.008Z"}
{"level":"debug","message":"[AGG] AVAX/USDC: strategy[1]=unknown → HOLD conf=0.20 \"MACD -0.6288 vs signal -0.4551 hist:-0.1737\"","timestamp":"2026-06-08T00:00:20.008Z"}
{"level":"debug","message":"[AGG] AVAX/USDC: strategy[2]=unknown → HOLD conf=0.10 \"PSAR downtrend continues (SAR 7.6120)\"","timestamp":"2026-06-08T00:00:20.008Z"}
{"level":"debug","message":"[AGG] AVAX/USDC: votes BUY=1.00 SELL=0.00 HOLD=2.00 total_weight=1.00 external=0","timestamp":"2026-06-08T00:00:20.008Z"}
{"level":"debug","message":"[AGG] AVAX/USDC: decision=HOLD confidence=2.00 tie=false belowMin=false (minConf=0.55)","timestamp":"2026-06-08T00:00:20.008Z"}
{"level":"debug","message":"[CYCLE] DOGE/USDC: starting cycle, candles=745 lastClose=0.08629000 lastTs=2026-06-08T00:00:00.000Z","timestamp":"2026-06-08T00:00:20.025Z"}
{"level":"debug","message":"[AGG] DOGE/USDC: strategy[0]=unknown → HOLD conf=0.20 \"No EMA crossover (fast 0.0879 vs slow 0.0932)\"","timestamp":"2026-06-08T00:00:20.026Z"}
{"level":"debug","message":"[AGG] DOGE/USDC: strategy[1]=unknown → HOLD conf=0.10 \"PSAR downtrend continues (SAR 0.0900)\"","timestamp":"2026-06-08T00:00:20.026Z"}
{"level":"debug","message":"[AGG] DOGE/USDC: strategy[2]=unknown → BUY conf=0.90 \"HA flipped bullish ↑ after 10-bar bear streak (no lower shadow)\"","timestamp":"2026-06-08T00:00:20.026Z"}
{"level":"debug","message":"[AGG] DOGE/USDC: votes BUY=1.00 SELL=0.00 HOLD=2.00 total_weight=1.00 external=0","timestamp":"2026-06-08T00:00:20.026Z"}
{"level":"debug","message":"[AGG] DOGE/USDC: decision=HOLD confidence=2.00 tie=false belowMin=false (minConf=0.55)","timestamp":"2026-06-08T00:00:20.026Z"}
{"level":"debug","message":"[CYCLE] INJ/USDC: starting cycle, candles=745 lastClose=5.45100000 lastTs=2026-06-08T00:00:00.000Z","timestamp":"2026-06-08T00:00:20.043Z"}
{"level":"debug","message":"[AGG] INJ/USDC: strategy[0]=unknown → SELL conf=0.68 \"ADX 36.9 downtrend (-DI 37.3 > +DI 25.9)\"","timestamp":"2026-06-08T00:00:20.045Z"}
{"level":"debug","message":"[AGG] INJ/USDC: strategy[1]=unknown → HOLD conf=0.20 \"OBV above EMA-20 — no cross\"","timestamp":"2026-06-08T00:00:20.046Z"}
{"level":"debug","message":"[AGG] INJ/USDC: strategy[2]=unknown → BUY conf=0.67 \"StochRSI K=14.0 crossed above D=13.7 in oversold ↑\"","timestamp":"2026-06-08T00:00:20.046Z"}
{"level":"debug","message":"[AGG] INJ/USDC: votes BUY=1.00 SELL=1.00 HOLD=1.00 total_weight=2.00 external=0","timestamp":"2026-06-08T00:00:20.046Z"}
{"level":"debug","message":"[AGG] INJ/USDC: decision=HOLD confidence=0.50 tie=true belowMin=true (minConf=0.55)","timestamp":"2026-06-08T00:00:20.046Z"}
{"level":"debug","message":"[CYCLE] ETH/USDC: starting cycle, candles=745 lastClose=1690.68000000 lastTs=2026-06-08T00:00:00.000Z","timestamp":"2026-06-08T00:00:20.063Z"}
{"level":"debug","message":"[AGG] ETH/USDC: strategy[0]=unknown → HOLD conf=0.10 \"Supertrend downtrend continues (ST 1709.3141)\"","timestamp":"2026-06-08T00:00:20.067Z"}
{"level":"debug","message":"[AGG] ETH/USDC: strategy[1]=unknown → BUY conf=0.98 \"MFI 0.9 oversold ↑ volume reversal confirmed\"","timestamp":"2026-06-08T00:00:20.067Z"}
{"level":"debug","message":"[AGG] ETH/USDC: strategy[2]=unknown → HOLD conf=0.10 \"No significant S/R zone nearby\"","timestamp":"2026-06-08T00:00:20.067Z"}
{"level":"debug","message":"[AGG] ETH/USDC: votes BUY=1.00 SELL=0.00 HOLD=2.00 total_weight=1.00 external=0","timestamp":"2026-06-08T00:00:20.067Z"}
{"level":"debug","message":"[AGG] ETH/USDC: decision=HOLD confidence=2.00 tie=false belowMin=false (minConf=0.55)","timestamp":"2026-06-08T00:00:20.067Z"}
{"level":"debug","message":"[CYCLE] WLD/USDC: starting cycle, candles=745 lastClose=0.47240000 lastTs=2026-06-08T00:00:00.000Z","timestamp":"2026-06-08T00:00:20.082Z"}
{"level":"debug","message":"[AGG] WLD/USDC: strategy[0]=unknown → HOLD conf=0.20 \"Price 0.4353 inside BB [0.2501–0.5778]\"","timestamp":"2026-06-08T00:00:20.086Z"}
{"level":"debug","message":"[AGG] WLD/USDC: strategy[1]=unknown → HOLD conf=0.20 \"CCI 21.0 neutral\"","timestamp":"2026-06-08T00:00:20.086Z"}
{"level":"debug","message":"[AGG] WLD/USDC: strategy[2]=unknown → BUY conf=0.65 \"ADX 34.0 uptrend (+DI 48.1 > -DI 37.1)\"","timestamp":"2026-06-08T00:00:20.086Z"}
{"level":"debug","message":"[AGG] WLD/USDC: votes BUY=1.00 SELL=0.00 HOLD=2.00 total_weight=1.00 external=0","timestamp":"2026-06-08T00:00:20.086Z"}
{"level":"debug","message":"[AGG] WLD/USDC: decision=HOLD confidence=2.00 tie=false belowMin=false (minConf=0.55)","timestamp":"2026-06-08T00:00:20.087Z"}
{"level":"debug","message":"[CYCLE] PEPE/USDC: starting cycle, candles=745 lastClose=0.00000282 lastTs=2026-06-08T00:00:00.000Z","timestamp":"2026-06-08T00:00:20.109Z"}
{"level":"debug","message":"[AGG] PEPE/USDC: strategy[0]=unknown → HOLD conf=0.20 \"No EMA crossover (fast 0.0000 vs slow 0.0000)\"","timestamp":"2026-06-08T00:00:20.110Z"}
{"level":"debug","message":"[AGG] PEPE/USDC: strategy[1]=unknown → HOLD conf=0.10 \"Supertrend downtrend continues (ST 0.0000)\"","timestamp":"2026-06-08T00:00:20.110Z"}
{"level":"debug","message":"[AGG] PEPE/USDC: strategy[2]=unknown → HOLD conf=0.20 \"OBV below EMA-20 — no cross\"","timestamp":"2026-06-08T00:00:20.110Z"}
{"level":"debug","message":"[AGG] PEPE/USDC: votes BUY=0.00 SELL=0.00 HOLD=3.00 total_weight=0.00 external=0","timestamp":"2026-06-08T00:00:20.110Z"}
{"level":"debug","message":"[AGG] PEPE/USDC: decision=HOLD confidence=0.00 tie=false belowMin=true (minConf=0.55)","timestamp":"2026-06-08T00:00:20.110Z"}
{"level":"debug","message":"[CYCLE] TON/USDC: starting cycle, candles=745 lastClose=1.70300000 lastTs=2026-06-08T00:00:00.000Z","timestamp":"2026-06-08T00:00:20.124Z"}
{"level":"debug","message":"[AGG] TON/USDC: strategy[0]=unknown → HOLD conf=0.20 \"No EMA crossover (fast 1.7193 vs slow 1.7930)\"","timestamp":"2026-06-08T00:00:20.126Z"}
{"level":"debug","message":"[AGG] TON/USDC: strategy[1]=unknown → HOLD conf=0.20 \"OBV above EMA-20 — no cross\"","timestamp":"2026-06-08T00:00:20.126Z"}
{"level":"debug","message":"[AGG] TON/USDC: strategy[2]=unknown → HOLD conf=0.20 \"StochRSI K=43.5 D=26.8 — no extreme crossover\"","timestamp":"2026-06-08T00:00:20.126Z"}
{"level":"debug","message":"[AGG] TON/USDC: votes BUY=0.00 SELL=0.00 HOLD=3.00 total_weight=0.00 external=0","timestamp":"2026-06-08T00:00:20.126Z"}
{"level":"debug","message":"[AGG] TON/USDC: decision=HOLD confidence=0.00 tie=false belowMin=true (minConf=0.55)","timestamp":"2026-06-08T00:00:20.126Z"}
{"level":"debug","message":"[CYCLE] RENDER/USDC: starting cycle, candles=745 lastClose=1.68200000 lastTs=2026-06-08T00:00:00.000Z","timestamp":"2026-06-08T00:00:20.143Z"}
{"level":"debug","message":"[AGG] RENDER/USDC: strategy[0]=unknown → HOLD conf=0.20 \"No EMA crossover (fast 1.8219 vs slow 1.9159)\"","timestamp":"2026-06-08T00:00:20.145Z"}
{"level":"debug","message":"[AGG] RENDER/USDC: strategy[1]=unknown → HOLD conf=0.20 \"OBV above EMA-20 — no cross\"","timestamp":"2026-06-08T00:00:20.146Z"}
{"level":"debug","message":"[AGG] RENDER/USDC: strategy[2]=unknown → BUY conf=0.64 \"%R -87.8 oversold ↑ reversal confirmed\"","timestamp":"2026-06-08T00:00:20.146Z"}
{"level":"debug","message":"[AGG] RENDER/USDC: votes BUY=1.00 SELL=0.00 HOLD=2.00 total_weight=1.00 external=0","timestamp":"2026-06-08T00:00:20.146Z"}
{"level":"debug","message":"[AGG] RENDER/USDC: decision=HOLD confidence=2.00 tie=false belowMin=false (minConf=0.55)","timestamp":"2026-06-08T00:00:20.146Z"}
{"level":"debug","message":"[CYCLE] ENA/USDC: starting cycle, candles=745 lastClose=0.09000000 lastTs=2026-06-08T00:00:00.000Z","timestamp":"2026-06-08T00:00:20.163Z"}
{"level":"debug","message":"[AGG] ENA/USDC: strategy[0]=unknown → HOLD conf=0.20 \"RSI 47.3 neutral\"","timestamp":"2026-06-08T00:00:20.176Z"}
{"level":"debug","message":"[AGG] ENA/USDC: strategy[1]=unknown → HOLD conf=0.20 \"Price 0.0912 inside BB [0.0784–0.1041]\"","timestamp":"2026-06-08T00:00:20.177Z"}
{"level":"debug","message":"[AGG] ENA/USDC: strategy[2]=unknown → HOLD conf=0.20 \"CCI -2.6 neutral\"","timestamp":"2026-06-08T00:00:20.177Z"}
{"level":"debug","message":"[AGG] ENA/USDC: votes BUY=0.00 SELL=0.00 HOLD=3.00 total_weight=0.00 external=0","timestamp":"2026-06-08T00:00:20.177Z"}
{"level":"debug","message":"[AGG] ENA/USDC: decision=HOLD confidence=0.00 tie=false belowMin=true (minConf=0.55)","timestamp":"2026-06-08T00:00:20.177Z"}
{"level":"debug","message":"[CYCLE] ICP/USDC: starting cycle, candles=745 lastClose=2.38200000 lastTs=2026-06-08T00:00:00.000Z","timestamp":"2026-06-08T00:00:20.182Z"}
{"level":"debug","message":"[AGG] ICP/USDC: strategy[0]=unknown → HOLD conf=0.20 \"RSI 39.0 neutral\"","timestamp":"2026-06-08T00:00:20.186Z"}
{"level":"debug","message":"[AGG] ICP/USDC: strategy[1]=unknown → HOLD conf=0.20 \"Price 2.3710 inside BB [2.1942–3.1949]\"","timestamp":"2026-06-08T00:00:20.186Z"}
{"level":"debug","message":"[AGG] ICP/USDC: strategy[2]=unknown → HOLD conf=0.20 \"Stoch K=8.4 D=3.6 — no crossover in extreme zone\"","timestamp":"2026-06-08T00:00:20.186Z"}
{"level":"debug","message":"[AGG] ICP/USDC: votes BUY=0.00 SELL=0.00 HOLD=3.00 total_weight=0.00 external=0","timestamp":"2026-06-08T00:00:20.186Z"}
{"level":"debug","message":"[AGG] ICP/USDC: decision=HOLD confidence=0.00 tie=false belowMin=true (minConf=0.55)","timestamp":"2026-06-08T00:00:20.186Z"}
{"level":"debug","message":"[CYCLE] APT/USDC: starting cycle, candles=745 lastClose=0.67300000 lastTs=2026-06-08T00:00:00.000Z","timestamp":"2026-06-08T00:00:20.201Z"}
{"level":"debug","message":"[AGG] APT/USDC: strategy[0]=unknown → HOLD conf=0.20 \"Price 0.6730 inside BB [0.6102–1.0522]\"","timestamp":"2026-06-08T00:00:20.204Z"}
{"level":"debug","message":"[AGG] APT/USDC: strategy[1]=unknown → HOLD conf=0.20 \"Stoch K=6.5 D=2.5 — no crossover in extreme zone\"","timestamp":"2026-06-08T00:00:20.204Z"}
{"level":"debug","message":"[AGG] APT/USDC: strategy[2]=unknown → HOLD conf=0.87 \"MFI 98.5 overbought — still rising, wait\"","timestamp":"2026-06-08T00:00:20.204Z"}
{"level":"debug","message":"[AGG] APT/USDC: votes BUY=0.00 SELL=0.00 HOLD=3.00 total_weight=0.00 external=0","timestamp":"2026-06-08T00:00:20.204Z"}
{"level":"debug","message":"[AGG] APT/USDC: decision=HOLD confidence=0.00 tie=false belowMin=true (minConf=0.55)","timestamp":"2026-06-08T00:00:20.204Z"}
{"level":"debug","message":"[CYCLE] ARB/USDC: starting cycle, candles=745 lastClose=0.08320000 lastTs=2026-06-08T00:00:00.000Z","timestamp":"2026-06-08T00:00:20.236Z"}
{"level":"debug","message":"[AGG] ARB/USDC: strategy[0]=unknown → BUY conf=0.62 \"RSI 28.6 oversold ↑ reversal confirmed\"","timestamp":"2026-06-08T00:00:20.237Z"}
{"level":"debug","message":"[AGG] ARB/USDC: strategy[1]=unknown → BUY conf=0.64 \"%R -88.5 oversold ↑ reversal confirmed\"","timestamp":"2026-06-08T00:00:20.238Z"}
{"level":"debug","message":"[AGG] ARB/USDC: strategy[2]=unknown → BUY conf=0.90 \"HA flipped bullish ↑ after 10-bar bear streak (no lower shadow)\"","timestamp":"2026-06-08T00:00:20.238Z"}
{"level":"debug","message":"[AGG] ARB/USDC: votes BUY=3.00 SELL=0.00 HOLD=0.00 total_weight=3.00 external=0","timestamp":"2026-06-08T00:00:20.238Z"}
{"level":"debug","message":"[AGG] ARB/USDC: decision=BUY confidence=1.00 tie=false","timestamp":"2026-06-08T00:00:20.238Z"}
{"level":"debug","message":"[CYCLE] JUP/USDC: starting cycle, candles=745 lastClose=0.15660000 lastTs=2026-06-08T00:00:00.000Z","timestamp":"2026-06-08T00:00:20.241Z"}
{"level":"debug","message":"[AGG] JUP/USDC: strategy[0]=unknown → HOLD conf=0.20 \"Price 0.1563 inside BB [0.1487–0.2155]\"","timestamp":"2026-06-08T00:00:20.247Z"}
{"level":"debug","message":"[AGG] JUP/USDC: strategy[1]=unknown → BUY conf=0.70 \"CCI -124.9 oversold ↑ reversal confirmed\"","timestamp":"2026-06-08T00:00:20.247Z"}
{"level":"debug","message":"[AGG] JUP/USDC: strategy[2]=unknown → HOLD conf=0.20 \"OBV below EMA-20 — no cross\"","timestamp":"2026-06-08T00:00:20.247Z"}
{"level":"debug","message":"[AGG] JUP/USDC: votes BUY=1.00 SELL=0.00 HOLD=2.00 total_weight=1.00 external=0","timestamp":"2026-06-08T00:00:20.247Z"}
{"level":"debug","message":"[AGG] JUP/USDC: decision=HOLD confidence=2.00 tie=false belowMin=false (minConf=0.55)","timestamp":"2026-06-08T00:00:20.247Z"}
{"level":"info","message":"[RISK] Day rollover — resetting daily stats (prev: pnl=0.00 trades=0)","timestamp":"2026-06-08T00:00:20.264Z"}
{"level":"debug","message":"[CYCLE] BTC/USDC: sizing positionPct=0.2396 (base=0.15 atr=0.03390327048045166 regime=on conf=2.00 macro=bear mtf=1.0)","timestamp":"2026-06-08T00:00:20.265Z"}
{"level":"info","message":"BTC/USDC: decision=HOLD confidence=200% price=63320.31000000 external_signals=0","timestamp":"2026-06-08T00:00:20.265Z"}
{"level":"info","message":"BTC/USDC: No EMA crossover (fast 64391.1894 vs slow 68174.0719) | PSAR downtrend continues (SAR 63690.3355) | HA flipped bullish ↑ after 14-bar bear streak (no lower shadow)","timestamp":"2026-06-08T00:00:20.265Z"}
{"level":"debug","message":"[CYCLE] XRP/USDC: sizing positionPct=0.0856 (base=0.15 atr=0.03390327048045166 regime=on conf=0.00 macro=bear mtf=1.0)","timestamp":"2026-06-08T00:00:20.464Z"}
{"level":"info","message":"XRP/USDC: decision=HOLD confidence=0% price=1.15600000 external_signals=0","timestamp":"2026-06-08T00:00:20.464Z"}
{"level":"info","message":"XRP/USDC: Price 1.1404 inside BB [1.0514–1.4155] | Stoch K=21.1 D=8.1 — no crossover in extreme zone | No EMA crossover (fast 1.1671 vs slow 1.2301)","timestamp":"2026-06-08T00:00:20.464Z"}
{"level":"debug","message":"[CYCLE] LINK/USDC: sizing positionPct=0.0761 (base=0.15 atr=0.03390327048045166 regime=on conf=0.00 macro=bear mtf=1.0)","timestamp":"2026-06-08T00:00:20.669Z"}
{"level":"info","message":"LINK/USDC: decision=HOLD confidence=0% price=7.93000000 external_signals=0","timestamp":"2026-06-08T00:00:20.669Z"}
{"level":"info","message":"LINK/USDC: Price 7.7620 inside BB [7.1183–9.7825] | Stoch K=23.7 D=9.6 — no crossover in extreme zone | Supertrend downtrend continues (ST 8.0160)","timestamp":"2026-06-08T00:00:20.669Z"}
{"level":"debug","message":"[RISK] BNB/USDC: canTrade=true decision=BUY conf=1.00 positions=1/3 dailyPnL=0.00","timestamp":"2026-06-08T00:00:20.863Z"}
{"level":"debug","message":"[CYCLE] BNB/USDC: sizing positionPct=0.2333 (base=0.15 atr=0.03390327048045166 regime=on conf=1.00 macro=bear mtf=1.0)","timestamp":"2026-06-08T00:00:20.863Z"}
{"level":"debug","message":"[CYCLE] LTC/USDC: sizing positionPct=0.2089 (base=0.15 atr=0.03390327048045166 regime=on conf=2.00 macro=bear mtf=1.0)","timestamp":"2026-06-08T00:00:21.075Z"}
{"level":"info","message":"LTC/USDC: decision=HOLD confidence=200% price=42.83000000 external_signals=0","timestamp":"2026-06-08T00:00:21.075Z"}
{"level":"info","message":"LTC/USDC: Price 42.3800 inside BB [40.6135–55.5865] | No EMA crossover (fast 45.2196 vs slow 47.9887) | %R -91.0 oversold ↑ reversal confirmed","timestamp":"2026-06-08T00:00:21.076Z"}
{"level":"debug","message":"[CYCLE] NEAR/USDC: sizing positionPct=0.0731 (base=0.15 atr=0.03390327048045166 regime=on conf=3.00 macro=bear mtf=1.0)","timestamp":"2026-06-08T00:00:21.261Z"}
{"level":"info","message":"NEAR/USDC: decision=HOLD confidence=300% price=2.05500000 external_signals=0","timestamp":"2026-06-08T00:00:21.261Z"}
{"level":"info","message":"NEAR/USDC: RSI 39.2 neutral | Price 1.9210 inside BB [1.7413–2.9279] | Stoch K=5.7 crossed above D=2.0 in oversold zone | No significant S/R zone nearby","timestamp":"2026-06-08T00:00:21.261Z"}
{"level":"debug","message":"[CYCLE] TRX/USDC: sizing positionPct=0.1170 (base=0.15 atr=0.03390327048045166 regime=on conf=0.00 macro=bear mtf=1.0)","timestamp":"2026-06-08T00:00:21.463Z"}
{"level":"debug","message":"[LIVE] TRX/USDC: checkRisk price=0.32670000 SL=0.28943200 TP=0.42757000 HWM=0.32890000 entry=0.32890000","timestamp":"2026-06-08T00:00:21.463Z"}
{"level":"info","message":"TRX/USDC: decision=HOLD confidence=0% price=0.32670000 external_signals=0","timestamp":"2026-06-08T00:00:21.463Z"}
{"level":"info","message":"TRX/USDC: CCI -57.9 neutral | Stoch K=27.3 D=13.5 — no crossover in extreme zone | StochRSI K=64.5 D=32.4 — no extreme crossover","timestamp":"2026-06-08T00:00:21.463Z"}
{"level":"debug","message":"[CYCLE] BCH/USDC: sizing positionPct=0.1153 (base=0.15 atr=0.03390327048045166 regime=on conf=2.00 macro=bear mtf=1.0)","timestamp":"2026-06-08T00:00:21.665Z"}
{"level":"info","message":"BCH/USDC: decision=HOLD confidence=200% price=230.80000000 external_signals=0","timestamp":"2026-06-08T00:00:21.665Z"}
{"level":"info","message":"BCH/USDC: Price 224.1000 inside BB [198.2064–332.6936] | OBV below EMA-20 — no cross | %R -85.0 oversold ↑ reversal confirmed","timestamp":"2026-06-08T00:00:21.665Z"}
{"level":"debug","message":"[CYCLE] ACH/USDC: sizing positionPct=0.1803 (base=0.15 atr=0.03390327048045166 regime=on conf=2.00 macro=bear mtf=1.0)","timestamp":"2026-06-08T00:00:21.863Z"}
{"level":"info","message":"ACH/USDC: decision=HOLD confidence=200% price=0.00535000 external_signals=0","timestamp":"2026-06-08T00:00:21.863Z"}
{"level":"info","message":"ACH/USDC: RSI 32.5 neutral | Price 0.0053 inside BB [0.0051–0.0066] | CCI -106.3 oversold ↑ reversal confirmed","timestamp":"2026-06-08T00:00:21.864Z"}
{"level":"debug","message":"[CYCLE] CRV/USDC: sizing positionPct=0.1860 (base=0.15 atr=0.03390327048045166 regime=on conf=2.00 macro=bear mtf=1.0)","timestamp":"2026-06-08T00:00:22.064Z"}
{"level":"info","message":"CRV/USDC: decision=HOLD confidence=200% price=0.19690000 external_signals=0","timestamp":"2026-06-08T00:00:22.065Z"}
{"level":"info","message":"CRV/USDC: ADX 35.1 downtrend (-DI 42.8 > +DI 25.9) | StochRSI K=79.7 D=41.5 — no extreme crossover | No significant S/R zone nearby","timestamp":"2026-06-08T00:00:22.065Z"}
{"level":"debug","message":"[CYCLE] ENS/USDC: sizing positionPct=0.0638 (base=0.15 atr=0.03390327048045166 regime=on conf=0.00 macro=bear mtf=1.0)","timestamp":"2026-06-08T00:00:22.271Z"}
{"level":"info","message":"ENS/USDC: decision=HOLD confidence=0% price=4.73000000 external_signals=0","timestamp":"2026-06-08T00:00:22.271Z"}
{"level":"info","message":"ENS/USDC: Price 4.7000 inside BB [4.3859–6.4171] | PSAR downtrend continues (SAR 5.4005) | No significant S/R zone nearby","timestamp":"2026-06-08T00:00:22.272Z"}
{"level":"debug","message":"[CYCLE] GMX/USDC: sizing positionPct=0.0596 (base=0.15 atr=0.03390327048045166 regime=on conf=0.00 macro=bear mtf=1.0)","timestamp":"2026-06-08T00:00:22.480Z"}
{"level":"info","message":"GMX/USDC: decision=HOLD confidence=0% price=5.56000000 external_signals=0","timestamp":"2026-06-08T00:00:22.480Z"}
{"level":"info","message":"GMX/USDC: RSI 38.3 neutral | Price 5.6800 inside BB [5.1592–7.1958] | CCI -73.8 neutral","timestamp":"2026-06-08T00:00:22.480Z"}
{"level":"debug","message":"[CYCLE] LDO/USDC: sizing positionPct=0.0952 (base=0.15 atr=0.03390327048045166 regime=on conf=0.50 macro=bear mtf=1.0)","timestamp":"2026-06-08T00:00:22.660Z"}
{"level":"info","message":"LDO/USDC: decision=HOLD confidence=50% price=0.27190000 external_signals=0","timestamp":"2026-06-08T00:00:22.660Z"}
{"level":"info","message":"LDO/USDC: MACD -0.0214 vs signal -0.0178 hist:-0.0036 | ADX 37.2 downtrend (-DI 49.2 > +DI 21.7) | %R -85.1 oversold ↑ reversal confirmed","timestamp":"2026-06-08T00:00:22.660Z"}
{"level":"debug","message":"[CYCLE] JTO/USDC: sizing positionPct=0.0616 (base=0.15 atr=0.03390327048045166 regime=on conf=2.00 macro=bear mtf=1.0)","timestamp":"2026-06-08T00:00:22.872Z"}
{"level":"info","message":"JTO/USDC: decision=HOLD confidence=200% price=0.61870000 external_signals=0","timestamp":"2026-06-08T00:00:22.872Z"}
{"level":"info","message":"JTO/USDC: CCI 137.1 overbought — still rising, wait | PSAR flipped bullish ↑ — SAR 0.5004 now below price 0.6354 | No significant S/R zone nearby","timestamp":"2026-06-08T00:00:22.873Z"}
{"level":"debug","message":"[CYCLE] LSK/USDC: sizing positionPct=0.0709 (base=0.15 atr=0.03390327048045166 regime=on conf=0.00 macro=bear mtf=1.0)","timestamp":"2026-06-08T00:00:23.062Z"}
{"level":"info","message":"LSK/USDC: decision=HOLD confidence=0% price=0.09700000 external_signals=0","timestamp":"2026-06-08T00:00:23.062Z"}
{"level":"info","message":"LSK/USDC: MACD -0.0059 vs signal -0.0047 hist:-0.0012 | MFI 100.0 overbought — still rising, wait | PSAR downtrend continues (SAR 0.1099)","timestamp":"2026-06-08T00:00:23.063Z"}
{"level":"debug","message":"[CYCLE] MANTA/USDC: sizing positionPct=0.0407 (base=0.15 atr=0.03390327048045166 regime=on conf=2.00 macro=bear mtf=1.0)","timestamp":"2026-06-08T00:00:23.262Z"}
{"level":"info","message":"MANTA/USDC: decision=HOLD confidence=200% price=0.07615000 external_signals=0","timestamp":"2026-06-08T00:00:23.262Z"}
{"level":"info","message":"MANTA/USDC: RSI 56.0 neutral | Price 0.0830 inside BB [0.0727–0.0839] | CCI 144.7 overbought ↓ reversal confirmed","timestamp":"2026-06-08T00:00:23.262Z"}
{"level":"debug","message":"[CYCLE] PIXEL/USDC: sizing positionPct=0.1241 (base=0.15 atr=0.03390327048045166 regime=on conf=2.00 macro=bear mtf=1.0)","timestamp":"2026-06-08T00:00:23.472Z"}
{"level":"info","message":"PIXEL/USDC: decision=HOLD confidence=200% price=0.00538000 external_signals=0","timestamp":"2026-06-08T00:00:23.472Z"}
{"level":"info","message":"PIXEL/USDC: No EMA crossover (fast 0.0059 vs slow 0.0063) | ADX 23.4 downtrend (-DI 50.5 > +DI 26.0) | No significant S/R zone nearby","timestamp":"2026-06-08T00:00:23.472Z"}
{"level":"debug","message":"[CYCLE] SUI/USDC: sizing positionPct=0.0739 (base=0.15 atr=0.03390327048045166 regime=on conf=0.00 macro=bear mtf=1.0)","timestamp":"2026-06-08T00:00:23.661Z"}
{"level":"info","message":"SUI/USDC: decision=HOLD confidence=0% price=0.75950000 external_signals=0","timestamp":"2026-06-08T00:00:23.661Z"}
{"level":"info","message":"SUI/USDC: RSI 31.5 neutral | Stoch K=24.7 D=11.2 — no crossover in extreme zone | MFI 96.0 overbought — still rising, wait","timestamp":"2026-06-08T00:00:23.661Z"}
{"level":"debug","message":"[CYCLE] PAXG/USDC: sizing positionPct=0.2925 (base=0.15 atr=0.03390327048045166 regime=on conf=2.00 macro=bear mtf=1.0)","timestamp":"2026-06-08T00:00:23.871Z"}
{"level":"info","message":"PAXG/USDC: decision=HOLD confidence=200% price=4334.40000000 external_signals=0","timestamp":"2026-06-08T00:00:23.871Z"}
{"level":"info","message":"PAXG/USDC: MACD -51.6017 vs signal -32.6045 hist:-18.9971 | ADX 23.1 downtrend (-DI 52.1 > +DI 22.9) | Supertrend downtrend continues (ST 4414.2432)","timestamp":"2026-06-08T00:00:23.872Z"}
{"level":"debug","message":"[CYCLE] THETA/USDC: sizing positionPct=0.1521 (base=0.15 atr=0.03390327048045166 regime=on conf=2.00 macro=bear mtf=1.0)","timestamp":"2026-06-08T00:00:24.069Z"}
{"level":"info","message":"THETA/USDC: decision=HOLD confidence=200% price=0.15290000 external_signals=0","timestamp":"2026-06-08T00:00:24.070Z"}
{"level":"info","message":"THETA/USDC: RSI 30.7 neutral | CCI -104.8 oversold ↑ reversal confirmed | OBV below EMA-20 — no cross","timestamp":"2026-06-08T00:00:24.070Z"}
{"level":"debug","message":"[CYCLE] TIA/USDC: sizing positionPct=0.0886 (base=0.15 atr=0.03390327048045166 regime=on conf=2.00 macro=bear mtf=1.0)","timestamp":"2026-06-08T00:00:24.269Z"}
{"level":"info","message":"TIA/USDC: decision=HOLD confidence=200% price=0.31820000 external_signals=0","timestamp":"2026-06-08T00:00:24.269Z"}
{"level":"info","message":"TIA/USDC: CCI -87.3 neutral | MACD -0.0294 vs signal -0.0224 hist:-0.0070 | HA flipped bullish ↑ after 7-bar bear streak (no lower shadow)","timestamp":"2026-06-08T00:00:24.270Z"}
{"level":"debug","message":"[CYCLE] VANRY/USDC: sizing positionPct=0.1560 (base=0.15 atr=0.03390327048045166 regime=on conf=2.00 macro=bear mtf=1.0)","timestamp":"2026-06-08T00:00:24.479Z"}
{"level":"info","message":"VANRY/USDC: decision=HOLD confidence=200% price=0.00361700 external_signals=0","timestamp":"2026-06-08T00:00:24.479Z"}
{"level":"info","message":"VANRY/USDC: No EMA crossover (fast 0.0039 vs slow 0.0042) | MACD -0.0003 vs signal -0.0003 hist:-0.0001 | ADX 37.6 downtrend (-DI 45.5 > +DI 17.2)","timestamp":"2026-06-08T00:00:24.480Z"}
{"level":"debug","message":"[CYCLE] SOL/USDC: sizing positionPct=0.1718 (base=0.15 atr=0.03390327048045166 regime=on conf=2.00 macro=bear mtf=1.0)","timestamp":"2026-06-08T00:00:24.671Z"}
{"level":"info","message":"SOL/USDC: decision=HOLD confidence=200% price=66.53000000 external_signals=0","timestamp":"2026-06-08T00:00:24.671Z"}
{"level":"info","message":"SOL/USDC: Price 65.0500 inside BB [59.5022–89.7978] | %R -86.3 oversold ↑ reversal confirmed | StochRSI K=46.4 D=15.5 — no extreme crossover","timestamp":"2026-06-08T00:00:24.672Z"}
{"level":"debug","message":"[CYCLE] ADA/USDC: sizing positionPct=0.1216 (base=0.15 atr=0.03390327048045166 regime=on conf=2.00 macro=bear mtf=1.0)","timestamp":"2026-06-08T00:00:24.861Z"}
{"level":"info","message":"ADA/USDC: decision=HOLD confidence=200% price=0.16560000 external_signals=0","timestamp":"2026-06-08T00:00:24.861Z"}
{"level":"info","message":"ADA/USDC: RSI 20.4 oversold ↑ reversal confirmed | Price 0.1648 inside BB [0.1443–0.2677] | CCI -98.0 neutral","timestamp":"2026-06-08T00:00:24.861Z"}
{"level":"debug","message":"[CYCLE] AVAX/USDC: sizing positionPct=0.1644 (base=0.15 atr=0.03390327048045166 regime=on conf=2.00 macro=bear mtf=1.0)","timestamp":"2026-06-08T00:00:25.072Z"}
{"level":"info","message":"AVAX/USDC: decision=HOLD confidence=200% price=6.82500000 external_signals=0","timestamp":"2026-06-08T00:00:25.072Z"}
{"level":"info","message":"AVAX/USDC: RSI 18.0 oversold ↑ reversal confirmed | MACD -0.6288 vs signal -0.4551 hist:-0.1737 | PSAR downtrend continues (SAR 7.6120)","timestamp":"2026-06-08T00:00:25.072Z"}
{"level":"debug","message":"[CYCLE] DOGE/USDC: sizing positionPct=0.2009 (base=0.15 atr=0.03390327048045166 regime=on conf=2.00 macro=bear mtf=1.0)","timestamp":"2026-06-08T00:00:25.276Z"}
{"level":"info","message":"DOGE/USDC: decision=HOLD confidence=200% price=0.08629000 external_signals=0","timestamp":"2026-06-08T00:00:25.277Z"}
{"level":"info","message":"DOGE/USDC: No EMA crossover (fast 0.0879 vs slow 0.0932) | PSAR downtrend continues (SAR 0.0900) | HA flipped bullish ↑ after 10-bar bear streak (no lower shadow)","timestamp":"2026-06-08T00:00:25.277Z"}
{"level":"debug","message":"[CYCLE] INJ/USDC: sizing positionPct=0.0650 (base=0.15 atr=0.03390327048045166 regime=on conf=0.50 macro=bear mtf=1.0)","timestamp":"2026-06-08T00:00:25.474Z"}
{"level":"info","message":"INJ/USDC: decision=HOLD confidence=50% price=5.45100000 external_signals=0","timestamp":"2026-06-08T00:00:25.474Z"}
{"level":"info","message":"INJ/USDC: ADX 36.9 downtrend (-DI 37.3 > +DI 25.9) | OBV above EMA-20 — no cross | StochRSI K=14.0 crossed above D=13.7 in oversold ↑","timestamp":"2026-06-08T00:00:25.474Z"}
{"level":"debug","message":"[CYCLE] ETH/USDC: sizing positionPct=0.1705 (base=0.15 atr=0.03390327048045166 regime=on conf=2.00 macro=bear mtf=1.0)","timestamp":"2026-06-08T00:00:25.662Z"}
{"level":"info","message":"ETH/USDC: decision=HOLD confidence=200% price=1690.68000000 external_signals=0","timestamp":"2026-06-08T00:00:25.662Z"}
{"level":"info","message":"ETH/USDC: Supertrend downtrend continues (ST 1709.3141) | MFI 0.9 oversold ↑ volume reversal confirmed | No significant S/R zone nearby","timestamp":"2026-06-08T00:00:25.663Z"}
{"level":"debug","message":"[CYCLE] WLD/USDC: sizing positionPct=0.0731 (base=0.15 atr=0.03390327048045166 regime=on conf=2.00 macro=bear mtf=1.0)","timestamp":"2026-06-08T00:00:25.871Z"}
{"level":"info","message":"WLD/USDC: decision=HOLD confidence=200% price=0.47240000 external_signals=0","timestamp":"2026-06-08T00:00:25.871Z"}
{"level":"info","message":"WLD/USDC: Price 0.4353 inside BB [0.2501–0.5778] | CCI 21.0 neutral | ADX 34.0 uptrend (+DI 48.1 > -DI 37.1)","timestamp":"2026-06-08T00:00:25.871Z"}
{"level":"debug","message":"[CYCLE] PEPE/USDC: sizing positionPct=0.0687 (base=0.15 atr=0.03390327048045166 regime=on conf=0.00 macro=bear mtf=1.0)","timestamp":"2026-06-08T00:00:26.075Z"}
{"level":"info","message":"PEPE/USDC: decision=HOLD confidence=0% price=0.00000282 external_signals=0","timestamp":"2026-06-08T00:00:26.075Z"}
{"level":"info","message":"PEPE/USDC: No EMA crossover (fast 0.0000 vs slow 0.0000) | Supertrend downtrend continues (ST 0.0000) | OBV below EMA-20 — no cross","timestamp":"2026-06-08T00:00:26.075Z"}
{"level":"debug","message":"[CYCLE] TON/USDC: sizing positionPct=0.0329 (base=0.15 atr=0.03390327048045166 regime=on conf=0.00 macro=bear mtf=1.0)","timestamp":"2026-06-08T00:00:26.267Z"}
{"level":"info","message":"TON/USDC: decision=HOLD confidence=0% price=1.70300000 external_signals=0","timestamp":"2026-06-08T00:00:26.267Z"}
{"level":"info","message":"TON/USDC: No EMA crossover (fast 1.7193 vs slow 1.7930) | OBV above EMA-20 — no cross | StochRSI K=43.5 D=26.8 — no extreme crossover","timestamp":"2026-06-08T00:00:26.268Z"}
{"level":"debug","message":"[CYCLE] RENDER/USDC: sizing positionPct=0.0644 (base=0.15 atr=0.03390327048045166 regime=on conf=2.00 macro=bear mtf=1.0)","timestamp":"2026-06-08T00:00:26.466Z"}
{"level":"info","message":"RENDER/USDC: decision=HOLD confidence=200% price=1.68200000 external_signals=0","timestamp":"2026-06-08T00:00:26.466Z"}
{"level":"info","message":"RENDER/USDC: No EMA crossover (fast 1.8219 vs slow 1.9159) | OBV above EMA-20 — no cross | %R -87.8 oversold ↑ reversal confirmed","timestamp":"2026-06-08T00:00:26.466Z"}
{"level":"debug","message":"[CYCLE] ENA/USDC: sizing positionPct=0.0327 (base=0.15 atr=0.03390327048045166 regime=on conf=0.00 macro=bear mtf=1.0)","timestamp":"2026-06-08T00:00:26.673Z"}
{"level":"info","message":"ENA/USDC: decision=HOLD confidence=0% price=0.09000000 external_signals=0","timestamp":"2026-06-08T00:00:26.673Z"}
{"level":"info","message":"ENA/USDC: RSI 47.3 neutral | Price 0.0912 inside BB [0.0784–0.1041] | CCI -2.6 neutral","timestamp":"2026-06-08T00:00:26.673Z"}
{"level":"debug","message":"[CYCLE] ICP/USDC: sizing positionPct=0.0324 (base=0.15 atr=0.03390327048045166 regime=on conf=0.00 macro=bear mtf=1.0)","timestamp":"2026-06-08T00:00:26.870Z"}
{"level":"info","message":"ICP/USDC: decision=HOLD confidence=0% price=2.38200000 external_signals=0","timestamp":"2026-06-08T00:00:26.870Z"}
{"level":"info","message":"ICP/USDC: RSI 39.0 neutral | Price 2.3710 inside BB [2.1942–3.1949] | Stoch K=8.4 D=3.6 — no crossover in extreme zone","timestamp":"2026-06-08T00:00:26.870Z"}
{"level":"debug","message":"[CYCLE] APT/USDC: sizing positionPct=0.0450 (base=0.15 atr=0.03390327048045166 regime=on conf=0.00 macro=bear mtf=1.0)","timestamp":"2026-06-08T00:00:27.064Z"}
{"level":"info","message":"APT/USDC: decision=HOLD confidence=0% price=0.67300000 external_signals=0","timestamp":"2026-06-08T00:00:27.065Z"}
{"level":"info","message":"APT/USDC: Price 0.6730 inside BB [0.6102–1.0522] | Stoch K=6.5 D=2.5 — no crossover in extreme zone | MFI 98.5 overbought — still rising, wait","timestamp":"2026-06-08T00:00:27.065Z"}
{"level":"info","message":"ARB/USDC: BUY suppressed — 4h momentum bearish (score=32% < 45% required)","timestamp":"2026-06-08T00:00:27.271Z"}
{"level":"debug","message":"[CYCLE] ARB/USDC: sizing positionPct=0.1561 (base=0.15 atr=0.03390327048045166 regime=on conf=1.00 macro=bear mtf=1.0)","timestamp":"2026-06-08T00:00:27.272Z"}
{"level":"info","message":"ARB/USDC: trade blocked - 4h momentum bearish (score=32% < 45% required)","timestamp":"2026-06-08T00:00:27.272Z"}
{"level":"info","message":"ARB/USDC: decision=BUY confidence=100% price=0.08320000 external_signals=0","timestamp":"2026-06-08T00:00:27.272Z"}
{"level":"info","message":"ARB/USDC: RSI 28.6 oversold ↑ reversal confirmed | %R -88.5 oversold ↑ reversal confirmed | HA flipped bullish ↑ after 10-bar bear streak (no lower shadow)","timestamp":"2026-06-08T00:00:27.272Z"}
{"level":"info","message":"BTC/USDC: live balance=135.89 pnl=-0.71 open_positions=1 daily_pnl=0.00 blocked=false","timestamp":"2026-06-08T00:00:27.672Z"}
{"level":"debug","message":"[CYCLE] JUP/USDC: sizing positionPct=0.0779 (base=0.15 atr=0.03390327048045166 regime=on conf=2.00 macro=bear mtf=1.0)","timestamp":"2026-06-08T00:00:27.692Z"}
{"level":"info","message":"JUP/USDC: decision=HOLD confidence=200% price=0.15660000 external_signals=0","timestamp":"2026-06-08T00:00:27.693Z"}
{"level":"info","message":"JUP/USDC: Price 0.1563 inside BB [0.1487–0.2155] | CCI -124.9 oversold ↑ reversal confirmed | OBV below EMA-20 — no cross","timestamp":"2026-06-08T00:00:27.693Z"}
{"level":"info","message":"XRP/USDC: live balance=135.89 pnl=-0.71 open_positions=1 daily_pnl=0.00 blocked=false","timestamp":"2026-06-08T00:00:27.874Z"}
{"level":"info","message":"LINK/USDC: live balance=135.89 pnl=-0.71 open_positions=1 daily_pnl=0.00 blocked=false","timestamp":"2026-06-08T00:00:28.063Z"}
{"level":"debug","message":"[LIVE] BNB/USDC: sizing balance=135.89 maxPositionPct=0.2333 allocation=31.70 rawQty=0.05242182 qty=0.052 notional=31.44 minNotional=11 minQty=0.001","timestamp":"2026-06-08T00:00:28.264Z"}
{"level":"info","message":"LTC/USDC: live balance=135.89 pnl=-0.71 open_positions=1 daily_pnl=0.00 blocked=false","timestamp":"2026-06-08T00:00:28.461Z"}
{"level":"info","message":"NEAR/USDC: live balance=135.89 pnl=-0.71 open_positions=1 daily_pnl=0.00 blocked=false","timestamp":"2026-06-08T00:00:28.664Z"}
{"level":"info","message":"TRX/USDC: live balance=135.89 pnl=-0.71 open_positions=1 daily_pnl=0.00 blocked=false","timestamp":"2026-06-08T00:00:28.864Z"}
{"level":"info","message":"BCH/USDC: live balance=135.89 pnl=-0.71 open_positions=1 daily_pnl=0.00 blocked=false","timestamp":"2026-06-08T00:00:29.075Z"}
{"level":"info","message":"ACH/USDC: live balance=135.89 pnl=-0.71 open_positions=1 daily_pnl=0.00 blocked=false","timestamp":"2026-06-08T00:00:29.272Z"}
{"level":"info","message":"CRV/USDC: live balance=135.89 pnl=-0.71 open_positions=1 daily_pnl=0.00 blocked=false","timestamp":"2026-06-08T00:00:29.477Z"}
{"level":"info","message":"ENS/USDC: live balance=135.89 pnl=-0.71 open_positions=1 daily_pnl=0.00 blocked=false","timestamp":"2026-06-08T00:00:29.674Z"}
{"level":"info","message":"GMX/USDC: live balance=135.89 pnl=-0.71 open_positions=1 daily_pnl=0.00 blocked=false","timestamp":"2026-06-08T00:00:29.874Z"}
{"level":"info","message":"LDO/USDC: live balance=135.89 pnl=-0.71 open_positions=1 daily_pnl=0.00 blocked=false","timestamp":"2026-06-08T00:00:30.072Z"}
{"level":"info","message":"JTO/USDC: live balance=135.89 pnl=-0.71 open_positions=1 daily_pnl=0.00 blocked=false","timestamp":"2026-06-08T00:00:30.470Z"}
{"level":"info","message":"LSK/USDC: live balance=135.89 pnl=-0.71 open_positions=1 daily_pnl=0.00 blocked=false","timestamp":"2026-06-08T00:00:30.665Z"}
{"level":"info","message":"MANTA/USDC: live balance=135.89 pnl=-0.71 open_positions=1 daily_pnl=0.00 blocked=false","timestamp":"2026-06-08T00:00:30.863Z"}
{"level":"info","message":"PIXEL/USDC: live balance=135.89 pnl=-0.71 open_positions=1 daily_pnl=0.00 blocked=false","timestamp":"2026-06-08T00:00:31.075Z"}
{"level":"info","message":"SUI/USDC: live balance=135.89 pnl=-0.71 open_positions=1 daily_pnl=0.00 blocked=false","timestamp":"2026-06-08T00:00:31.271Z"}
{"level":"info","message":"PAXG/USDC: live balance=135.89 pnl=-0.71 open_positions=1 daily_pnl=0.00 blocked=false","timestamp":"2026-06-08T00:00:31.465Z"}
{"level":"info","message":"THETA/USDC: live balance=135.89 pnl=-0.71 open_positions=1 daily_pnl=0.00 blocked=false","timestamp":"2026-06-08T00:00:31.675Z"}
{"level":"info","message":"TIA/USDC: live balance=135.89 pnl=-0.71 open_positions=1 daily_pnl=0.00 blocked=false","timestamp":"2026-06-08T00:00:31.873Z"}
{"level":"info","message":"SOL/USDC: live balance=135.89 pnl=-0.71 open_positions=1 daily_pnl=0.00 blocked=false","timestamp":"2026-06-08T00:00:32.265Z"}
{"level":"info","message":"ADA/USDC: live balance=135.89 pnl=-0.71 open_positions=1 daily_pnl=0.00 blocked=false","timestamp":"2026-06-08T00:00:32.469Z"}
{"level":"info","message":"AVAX/USDC: live balance=135.89 pnl=-0.71 open_positions=1 daily_pnl=0.00 blocked=false","timestamp":"2026-06-08T00:00:32.663Z"}
{"level":"info","message":"VANRY/USDC: live balance=135.89 pnl=-0.71 open_positions=1 daily_pnl=0.00 blocked=false","timestamp":"2026-06-08T00:00:32.751Z"}
{"level":"info","message":"DOGE/USDC: live balance=135.89 pnl=-0.71 open_positions=1 daily_pnl=0.00 blocked=false","timestamp":"2026-06-08T00:00:32.865Z"}
{"level":"info","message":"INJ/USDC: live balance=135.89 pnl=-0.71 open_positions=1 daily_pnl=0.00 blocked=false","timestamp":"2026-06-08T00:00:33.073Z"}
{"level":"info","message":"ETH/USDC: live balance=135.89 pnl=-0.71 open_positions=1 daily_pnl=0.00 blocked=false","timestamp":"2026-06-08T00:00:33.264Z"}
{"level":"info","message":"WLD/USDC: live balance=135.89 pnl=-0.71 open_positions=1 daily_pnl=0.00 blocked=false","timestamp":"2026-06-08T00:00:33.471Z"}
{"level":"info","message":"PEPE/USDC: live balance=135.89 pnl=-0.71 open_positions=1 daily_pnl=0.00 blocked=false","timestamp":"2026-06-08T00:00:33.662Z"}
{"level":"info","message":"TON/USDC: live balance=135.89 pnl=-0.71 open_positions=1 daily_pnl=0.00 blocked=false","timestamp":"2026-06-08T00:00:33.873Z"}
{"level":"info","message":"RENDER/USDC: live balance=135.89 pnl=-0.71 open_positions=1 daily_pnl=0.00 blocked=false","timestamp":"2026-06-08T00:00:34.073Z"}
{"level":"info","message":"ENA/USDC: live balance=135.89 pnl=-0.71 open_positions=1 daily_pnl=0.00 blocked=false","timestamp":"2026-06-08T00:00:34.272Z"}
{"level":"info","message":"ICP/USDC: live balance=135.89 pnl=-0.71 open_positions=1 daily_pnl=0.00 blocked=false","timestamp":"2026-06-08T00:00:34.461Z"}
{"level":"info","message":"APT/USDC: live balance=135.89 pnl=-0.71 open_positions=1 daily_pnl=0.00 blocked=false","timestamp":"2026-06-08T00:00:34.678Z"}
{"level":"info","message":"ARB/USDC: live balance=135.89 pnl=-0.71 open_positions=1 daily_pnl=0.00 blocked=false","timestamp":"2026-06-08T00:00:34.865Z"}
{"level":"info","message":"JUP/USDC: live balance=135.89 pnl=-0.71 open_positions=1 daily_pnl=0.00 blocked=false","timestamp":"2026-06-08T00:00:35.064Z"}
{"level":"debug","message":"[LIVE] BNB/USDC: BUY order response id=2733675017 status=closed filled=0.052 avg=603.98","timestamp":"2026-06-08T00:00:35.467Z"}
{"level":"info","message":"[LIVE] BUY BNB/USDC qty=0.05200000 price=603.98000000 balance=104.49 orderId=2733675017","timestamp":"2026-06-08T00:00:35.743Z"}
{"level":"debug","message":"[LIVE] BNB/USDC: position opened SL=573.78100000 TP=676.45760000 trailingPct=off","timestamp":"2026-06-08T00:00:35.743Z"}
{"level":"info","message":"[CYCLE] BNB/USDC: TRADE EXECUTED → BUY qty=0.052 price=603.98","timestamp":"2026-06-08T00:00:35.744Z"}
{"level":"info","message":"BNB/USDC: decision=BUY confidence=100% price=604.71000000 external_signals=0","timestamp":"2026-06-08T00:00:35.749Z"}
{"level":"info","message":"BNB/USDC: %R -85.0 oversold ↑ reversal confirmed | HA flipped bullish ↑ after 13-bar bear streak (no lower shadow) | Support 595.8650 (2×)","timestamp":"2026-06-08T00:00:35.749Z"}
{"level":"info","message":"BNB/USDC: live balance=104.49 pnl=-0.71 open_positions=2 daily_pnl=0.00 blocked=false","timestamp":"2026-06-08T00:00:36.022Z"}
{"level":"debug","message":"[RISK-LOOP] checking 2 open position(s)","timestamp":"2026-06-08T00:00:44.339Z"}
{"level":"debug","message":"[LIVE] TRX/USDC: checkRisk price=0.32670000 SL=0.28943200 TP=0.42757000 HWM=0.32890000 entry=0.32890000","timestamp":"2026-06-08T00:00:44.786Z"}
{"level":"debug","message":"[LIVE] BNB/USDC: checkRisk price=604.19000000 SL=573.78100000 TP=676.45760000 HWM=603.98000000 entry=603.98000000","timestamp":"2026-06-08T00:00:45.050Z"}
{"level":"debug","message":"[RISK-LOOP] checking 2 open position(s)","timestamp":"2026-06-08T00:02:44.355Z"}
{"level":"debug","message":"[LIVE] TRX/USDC: checkRisk price=0.32680000 SL=0.28943200 TP=0.42757000 HWM=0.32890000 entry=0.32890000","timestamp":"2026-06-08T00:02:44.807Z"}
{"level":"debug","message":"[LIVE] BNB/USDC: checkRisk price=603.97000000 SL=573.78100000 TP=676.45760000 HWM=603.98000000 entry=603.98000000","timestamp":"2026-06-08T00:02:45.075Z"}
{"level":"info","message":"[MTF-CACHE] 15m refresh complete: 37/37 symbols","timestamp":"2026-06-08T00:02:59.965Z"}
{"level":"debug","message":"[RISK-LOOP] checking 2 open position(s)","timestamp":"2026-06-08T00:04:44.356Z"}
{"level":"debug","message":"[LIVE] TRX/USDC: checkRisk price=0.32650000 SL=0.28943200 TP=0.42757000 HWM=0.32890000 entry=0.32890000","timestamp":"2026-06-08T00:04:44.800Z"}
{"level":"debug","message":"[LIVE] BNB/USDC: checkRisk price=604.33000000 SL=573.78100000 TP=676.45760000 HWM=603.98000000 entry=603.98000000","timestamp":"2026-06-08T00:04:45.073Z"}
{"level":"debug","message":"[RISK-LOOP] checking 2 open position(s)","timestamp":"2026-06-08T00:06:44.346Z"}
{"level":"debug","message":"[LIVE] TRX/USDC: checkRisk price=0.32640000 SL=0.28943200 TP=0.42757000 HWM=0.32890000 entry=0.32890000","timestamp":"2026-06-08T00:06:44.792Z"}
{"level":"debug","message":"[LIVE] BNB/USDC: checkRisk price=603.60000000 SL=573.78100000 TP=676.45760000 HWM=603.98000000 entry=603.98000000","timestamp":"2026-06-08T00:06:45.056Z"}
{"level":"debug","message":"[RISK-LOOP] checking 2 open position(s)","timestamp":"2026-06-08T00:08:44.355Z"}
{"level":"debug","message":"[LIVE] TRX/USDC: checkRisk price=0.32600000 SL=0.28943200 TP=0.42757000 HWM=0.32890000 entry=0.32890000","timestamp":"2026-06-08T00:08:44.803Z"}
{"level":"debug","message":"[LIVE] BNB/USDC: checkRisk price=603.60000000 SL=573.78100000 TP=676.45760000 HWM=603.98000000 entry=603.98000000","timestamp":"2026-06-08T00:08:45.070Z"}
{"level":"debug","message":"[RISK-LOOP] checking 2 open position(s)","timestamp":"2026-06-08T00:10:44.356Z"}
{"level":"debug","message":"[LIVE] TRX/USDC: checkRisk price=0.32610000 SL=0.28943200 TP=0.42757000 HWM=0.32890000 entry=0.32890000","timestamp":"2026-06-08T00:10:44.802Z"}
{"level":"debug","message":"[LIVE] BNB/USDC: checkRisk price=603.02000000 SL=573.78100000 TP=676.45760000 HWM=603.98000000 entry=603.98000000","timestamp":"2026-06-08T00:10:45.069Z"}
{"level":"debug","message":"[RISK-LOOP] checking 2 open position(s)","timestamp":"2026-06-08T00:12:44.355Z"}
{"level":"debug","message":"[LIVE] TRX/USDC: checkRisk price=0.32620000 SL=0.28943200 TP=0.42757000 HWM=0.32890000 entry=0.32890000","timestamp":"2026-06-08T00:12:44.801Z"}
{"level":"debug","message":"[LIVE] BNB/USDC: checkRisk price=604.06000000 SL=573.78100000 TP=676.45760000 HWM=603.98000000 entry=603.98000000","timestamp":"2026-06-08T00:12:45.066Z"}
{"level":"debug","message":"[RISK-LOOP] checking 2 open position(s)","timestamp":"2026-06-08T00:14:44.350Z"}
{"level":"debug","message":"[LIVE] TRX/USDC: checkRisk price=0.32620000 SL=0.28943200 TP=0.42757000 HWM=0.32890000 entry=0.32890000","timestamp":"2026-06-08T00:14:44.797Z"}
{"level":"debug","message":"[LIVE] BNB/USDC: checkRisk price=604.00000000 SL=573.78100000 TP=676.45760000 HWM=603.98000000 entry=603.98000000","timestamp":"2026-06-08T00:14:45.063Z"}
{"level":"debug","message":"[RISK-LOOP] checking 2 open position(s)","timestamp":"2026-06-08T00:16:44.358Z"}
{"level":"debug","message":"[LIVE] TRX/USDC: checkRisk price=0.32610000 SL=0.28943200 TP=0.42757000 HWM=0.32890000 entry=0.32890000","timestamp":"2026-06-08T00:16:44.807Z"}
{"level":"debug","message":"[LIVE] BNB/USDC: checkRisk price=604.55000000 SL=573.78100000 TP=676.45760000 HWM=603.98000000 entry=603.98000000","timestamp":"2026-06-08T00:16:45.076Z"}
{"level":"info","message":"[MTF-CACHE] 15m refresh complete: 37/37 symbols","timestamp":"2026-06-08T00:18:01.109Z"}
{"level":"debug","message":"[RISK-LOOP] checking 2 open position(s)","timestamp":"2026-06-08T00:18:44.550Z"}
{"level":"debug","message":"[LIVE] TRX/USDC: checkRisk price=0.32610000 SL=0.28943200 TP=0.42757000 HWM=0.32890000 entry=0.32890000","timestamp":"2026-06-08T00:18:44.997Z"}
{"level":"debug","message":"[LIVE] BNB/USDC: checkRisk price=604.90000000 SL=573.78100000 TP=676.45760000 HWM=603.98000000 entry=603.98000000","timestamp":"2026-06-08T00:18:45.263Z"}
{"level":"debug","message":"[RISK-LOOP] checking 2 open position(s)","timestamp":"2026-06-08T00:20:44.348Z"}
{"level":"debug","message":"[LIVE] TRX/USDC: checkRisk price=0.32610000 SL=0.28943200 TP=0.42757000 HWM=0.32890000 entry=0.32890000","timestamp":"2026-06-08T00:20:44.793Z"}
{"level":"debug","message":"[LIVE] BNB/USDC: checkRisk price=604.21000000 SL=573.78100000 TP=676.45760000 HWM=603.98000000 entry=603.98000000","timestamp":"2026-06-08T00:20:45.060Z"}
{"level":"debug","message":"[RISK-LOOP] checking 2 open position(s)","timestamp":"2026-06-08T00:22:44.367Z"}
{"level":"debug","message":"[LIVE] TRX/USDC: checkRisk price=0.32620000 SL=0.28943200 TP=0.42757000 HWM=0.32890000 entry=0.32890000","timestamp":"2026-06-08T00:22:44.811Z"}
{"level":"debug","message":"[LIVE] BNB/USDC: checkRisk price=604.06000000 SL=573.78100000 TP=676.45760000 HWM=603.98000000 entry=603.98000000","timestamp":"2026-06-08T00:22:45.076Z"}
{"level":"debug","message":"[RISK-LOOP] checking 2 open position(s)","timestamp":"2026-06-08T00:24:44.358Z"}
{"level":"debug","message":"[LIVE] TRX/USDC: checkRisk price=0.32620000 SL=0.28943200 TP=0.42757000 HWM=0.32890000 entry=0.32890000","timestamp":"2026-06-08T00:24:44.804Z"}
{"level":"debug","message":"[LIVE] BNB/USDC: checkRisk price=604.84000000 SL=573.78100000 TP=676.45760000 HWM=603.98000000 entry=603.98000000","timestamp":"2026-06-08T00:24:45.069Z"}
{"level":"debug","message":"[RISK-LOOP] checking 2 open position(s)","timestamp":"2026-06-08T00:26:44.346Z"}
{"level":"debug","message":"[LIVE] TRX/USDC: checkRisk price=0.32640000 SL=0.28943200 TP=0.42757000 HWM=0.32890000 entry=0.32890000","timestamp":"2026-06-08T00:26:44.790Z"}
{"level":"debug","message":"[LIVE] BNB/USDC: checkRisk price=606.15000000 SL=573.78100000 TP=676.45760000 HWM=603.98000000 entry=603.98000000","timestamp":"2026-06-08T00:26:45.056Z"}
{"level":"debug","message":"[RISK-LOOP] checking 2 open position(s)","timestamp":"2026-06-08T00:28:44.357Z"}
{"level":"debug","message":"[LIVE] TRX/USDC: checkRisk price=0.32660000 SL=0.28943200 TP=0.42757000 HWM=0.32890000 entry=0.32890000","timestamp":"2026-06-08T00:28:44.802Z"}
{"level":"debug","message":"[LIVE] BNB/USDC: checkRisk price=605.95000000 SL=573.78100000 TP=676.45760000 HWM=603.98000000 entry=603.98000000","timestamp":"2026-06-08T00:28:45.066Z"}
{"level":"debug","message":"[RISK-LOOP] checking 2 open position(s)","timestamp":"2026-06-08T00:30:44.403Z"}
{"level":"debug","message":"[LIVE] TRX/USDC: checkRisk price=0.32660000 SL=0.28943200 TP=0.42757000 HWM=0.32890000 entry=0.32890000","timestamp":"2026-06-08T00:30:44.849Z"}
{"level":"debug","message":"[LIVE] BNB/USDC: checkRisk price=606.31000000 SL=573.78100000 TP=676.45760000 HWM=603.98000000 entry=603.98000000","timestamp":"2026-06-08T00:30:45.114Z"}
{"level":"debug","message":"[RISK-LOOP] checking 2 open position(s)","timestamp":"2026-06-08T00:32:44.523Z"}
{"level":"debug","message":"[LIVE] TRX/USDC: checkRisk price=0.32630000 SL=0.28943200 TP=0.42757000 HWM=0.32890000 entry=0.32890000","timestamp":"2026-06-08T00:32:44.788Z"}
{"level":"debug","message":"[LIVE] BNB/USDC: checkRisk price=604.50000000 SL=573.78100000 TP=676.45760000 HWM=603.98000000 entry=603.98000000","timestamp":"2026-06-08T00:32:45.052Z"}
{"level":"info","message":"[MTF-CACHE] 15m refresh complete: 37/37 symbols","timestamp":"2026-06-08T00:32:59.969Z"}
{"level":"debug","message":"[RISK-LOOP] checking 2 open position(s)","timestamp":"2026-06-08T00:34:44.540Z"}
{"level":"debug","message":"[LIVE] TRX/USDC: checkRisk price=0.32640000 SL=0.28943200 TP=0.42757000 HWM=0.32890000 entry=0.32890000","timestamp":"2026-06-08T00:34:44.985Z"}
{"level":"debug","message":"[LIVE] BNB/USDC: checkRisk price=605.43000000 SL=573.78100000 TP=676.45760000 HWM=603.98000000 entry=603.98000000","timestamp":"2026-06-08T00:34:45.252Z"}
{"level":"debug","message":"[RISK-LOOP] checking 2 open position(s)","timestamp":"2026-06-08T00:36:44.537Z"}
{"level":"debug","message":"[LIVE] TRX/USDC: checkRisk price=0.32630000 SL=0.28943200 TP=0.42757000 HWM=0.32890000 entry=0.32890000","timestamp":"2026-06-08T00:36:44.802Z"}
{"level":"debug","message":"[LIVE] BNB/USDC: checkRisk price=605.88000000 SL=573.78100000 TP=676.45760000 HWM=603.98000000 entry=603.98000000","timestamp":"2026-06-08T00:36:45.068Z"}
{"level":"debug","message":"[RISK-LOOP] checking 2 open position(s)","timestamp":"2026-06-08T00:38:44.528Z"}
{"level":"debug","message":"[LIVE] TRX/USDC: checkRisk price=0.32660000 SL=0.28943200 TP=0.42757000 HWM=0.32890000 entry=0.32890000","timestamp":"2026-06-08T00:38:44.795Z"}
{"level":"debug","message":"[LIVE] BNB/USDC: checkRisk price=607.17000000 SL=573.78100000 TP=676.45760000 HWM=603.98000000 entry=603.98000000","timestamp":"2026-06-08T00:38:45.059Z"}
{"level":"debug","message":"[RISK-LOOP] checking 2 open position(s)","timestamp":"2026-06-08T00:40:44.577Z"}
{"level":"debug","message":"[LIVE] TRX/USDC: checkRisk price=0.32710000 SL=0.28943200 TP=0.42757000 HWM=0.32890000 entry=0.32890000","timestamp":"2026-06-08T00:40:44.842Z"}
{"level":"debug","message":"[LIVE] BNB/USDC: checkRisk price=608.18000000 SL=573.78100000 TP=676.45760000 HWM=603.98000000 entry=603.98000000","timestamp":"2026-06-08T00:40:45.109Z"}
{"level":"debug","message":"[RISK-LOOP] checking 2 open position(s)","timestamp":"2026-06-08T00:42:44.634Z"}
{"level":"debug","message":"[LIVE] TRX/USDC: checkRisk price=0.32720000 SL=0.28943200 TP=0.42757000 HWM=0.32890000 entry=0.32890000","timestamp":"2026-06-08T00:42:44.939Z"}
{"level":"debug","message":"[LIVE] BNB/USDC: checkRisk price=607.06000000 SL=573.78100000 TP=676.45760000 HWM=603.98000000 entry=603.98000000","timestamp":"2026-06-08T00:42:45.209Z"}
{"level":"debug","message":"[RISK-LOOP] checking 2 open position(s)","timestamp":"2026-06-08T00:44:44.535Z"}
{"level":"debug","message":"[LIVE] TRX/USDC: checkRisk price=0.32720000 SL=0.28943200 TP=0.42757000 HWM=0.32890000 entry=0.32890000","timestamp":"2026-06-08T00:44:44.819Z"}
{"level":"debug","message":"[LIVE] BNB/USDC: checkRisk price=606.83000000 SL=573.78100000 TP=676.45760000 HWM=603.98000000 entry=603.98000000","timestamp":"2026-06-08T00:44:45.085Z"}
{"level":"debug","message":"[RISK-LOOP] checking 2 open position(s)","timestamp":"2026-06-08T00:46:44.352Z"}
{"level":"debug","message":"[LIVE] TRX/USDC: checkRisk price=0.32690000 SL=0.28943200 TP=0.42757000 HWM=0.32890000 entry=0.32890000","timestamp":"2026-06-08T00:46:44.811Z"}
{"level":"debug","message":"[LIVE] BNB/USDC: checkRisk price=606.15000000 SL=573.78100000 TP=676.45760000 HWM=603.98000000 entry=603.98000000","timestamp":"2026-06-08T00:46:45.079Z"}
{"level":"info","message":"[MTF-CACHE] 15m refresh complete: 37/37 symbols","timestamp":"2026-06-08T00:48:00.346Z"}
{"level":"debug","message":"[RISK-LOOP] checking 2 open position(s)","timestamp":"2026-06-08T00:48:44.362Z"}
{"level":"debug","message":"[LIVE] TRX/USDC: checkRisk price=0.32690000 SL=0.28943200 TP=0.42757000 HWM=0.32890000 entry=0.32890000","timestamp":"2026-06-08T00:48:44.804Z"}
{"level":"debug","message":"[LIVE] BNB/USDC: checkRisk price=605.76000000 SL=573.78100000 TP=676.45760000 HWM=603.98000000 entry=603.98000000","timestamp":"2026-06-08T00:48:45.067Z"}
{"level":"debug","message":"[RISK-LOOP] checking 2 open position(s)","timestamp":"2026-06-08T00:50:44.371Z"}
{"level":"debug","message":"[LIVE] TRX/USDC: checkRisk price=0.32720000 SL=0.28943200 TP=0.42757000 HWM=0.32890000 entry=0.32890000","timestamp":"2026-06-08T00:50:44.827Z"}
{"level":"debug","message":"[LIVE] BNB/USDC: checkRisk price=606.26000000 SL=573.78100000 TP=676.45760000 HWM=603.98000000 entry=603.98000000","timestamp":"2026-06-08T00:50:45.091Z"}
{"level":"debug","message":"[RISK-LOOP] checking 2 open position(s)","timestamp":"2026-06-08T00:52:44.538Z"}
{"level":"debug","message":"[LIVE] TRX/USDC: checkRisk price=0.32730000 SL=0.28943200 TP=0.42757000 HWM=0.32890000 entry=0.32890000","timestamp":"2026-06-08T00:52:44.982Z"}
{"level":"debug","message":"[LIVE] BNB/USDC: checkRisk price=606.68000000 SL=573.78100000 TP=676.45760000 HWM=603.98000000 entry=603.98000000","timestamp":"2026-06-08T00:52:45.249Z"}
{"level":"debug","message":"[RISK-LOOP] checking 2 open position(s)","timestamp":"2026-06-08T00:54:44.370Z"}
{"level":"debug","message":"[LIVE] TRX/USDC: checkRisk price=0.32710000 SL=0.28943200 TP=0.42757000 HWM=0.32890000 entry=0.32890000","timestamp":"2026-06-08T00:54:44.933Z"}
{"level":"debug","message":"[LIVE] BNB/USDC: checkRisk price=605.94000000 SL=573.78100000 TP=676.45760000 HWM=603.98000000 entry=603.98000000","timestamp":"2026-06-08T00:54:45.198Z"}
{"level":"debug","message":"[RISK-LOOP] checking 2 open position(s)","timestamp":"2026-06-08T00:56:44.375Z"}
{"level":"debug","message":"[LIVE] TRX/USDC: checkRisk price=0.32700000 SL=0.28943200 TP=0.42757000 HWM=0.32890000 entry=0.32890000","timestamp":"2026-06-08T00:56:44.992Z"}
{"level":"debug","message":"[LIVE] BNB/USDC: checkRisk price=605.71000000 SL=573.78100000 TP=676.45760000 HWM=603.98000000 entry=603.98000000","timestamp":"2026-06-08T00:56:45.255Z"}
{"level":"debug","message":"[RISK-LOOP] checking 2 open position(s)","timestamp":"2026-06-08T00:58:44.366Z"}
{"level":"debug","message":"[LIVE] TRX/USDC: checkRisk price=0.32690000 SL=0.28943200 TP=0.42757000 HWM=0.32890000 entry=0.32890000","timestamp":"2026-06-08T00:58:44.809Z"}
{"level":"debug","message":"[LIVE] BNB/USDC: checkRisk price=605.45000000 SL=573.78100000 TP=676.45760000 HWM=603.98000000 entry=603.98000000","timestamp":"2026-06-08T00:58:45.258Z"}
{"level":"debug","message":"[RISK-LOOP] checking 2 open position(s)","timestamp":"2026-06-08T01:00:44.371Z"}
{"level":"debug","message":"[LIVE] TRX/USDC: checkRisk price=0.32700000 SL=0.28943200 TP=0.42757000 HWM=0.32890000 entry=0.32890000","timestamp":"2026-06-08T01:00:44.816Z"}
{"level":"debug","message":"[LIVE] BNB/USDC: checkRisk price=605.47000000 SL=573.78100000 TP=676.45760000 HWM=603.98000000 entry=603.98000000","timestamp":"2026-06-08T01:00:45.260Z"}
{"level":"debug","message":"[RISK-LOOP] checking 2 open position(s)","timestamp":"2026-06-08T01:02:44.550Z"}
{"level":"debug","message":"[LIVE] TRX/USDC: checkRisk price=0.32680000 SL=0.28943200 TP=0.42757000 HWM=0.32890000 entry=0.32890000","timestamp":"2026-06-08T01:02:45.144Z"}
{"level":"debug","message":"[LIVE] BNB/USDC: checkRisk price=605.26000000 SL=573.78100000 TP=676.45760000 HWM=603.98000000 entry=603.98000000","timestamp":"2026-06-08T01:02:45.410Z"}
{"level":"info","message":"[MTF-CACHE] 15m refresh complete: 37/37 symbols","timestamp":"2026-06-08T01:03:00.077Z"}
{"level":"debug","message":"[RISK-LOOP] checking 2 open position(s)","timestamp":"2026-06-08T01:04:44.383Z"}
{"level":"debug","message":"[LIVE] TRX/USDC: checkRisk price=0.32670000 SL=0.28943200 TP=0.42757000 HWM=0.32890000 entry=0.32890000","timestamp":"2026-06-08T01:04:44.828Z"}
{"level":"debug","message":"[LIVE] BNB/USDC: checkRisk price=604.54000000 SL=573.78100000 TP=676.45760000 HWM=603.98000000 entry=603.98000000","timestamp":"2026-06-08T01:04:45.274Z"}
{"level":"debug","message":"[RISK-LOOP] checking 2 open position(s)","timestamp":"2026-06-08T01:06:44.391Z"}
{"level":"debug","message":"[LIVE] TRX/USDC: checkRisk price=0.32680000 SL=0.28943200 TP=0.42757000 HWM=0.32890000 entry=0.32890000","timestamp":"2026-06-08T01:06:44.837Z"}
{"level":"debug","message":"[LIVE] BNB/USDC: checkRisk price=603.82000000 SL=573.78100000 TP=676.45760000 HWM=603.98000000 entry=603.98000000","timestamp":"2026-06-08T01:06:45.281Z"}
{"level":"debug","message":"[RISK-LOOP] checking 2 open position(s)","timestamp":"2026-06-08T01:08:44.381Z"}
{"level":"debug","message":"[LIVE] TRX/USDC: checkRisk price=0.32690000 SL=0.28943200 TP=0.42757000 HWM=0.32890000 entry=0.32890000","timestamp":"2026-06-08T01:08:44.827Z"}
{"level":"debug","message":"[LIVE] BNB/USDC: checkRisk price=603.88000000 SL=573.78100000 TP=676.45760000 HWM=603.98000000 entry=603.98000000","timestamp":"2026-06-08T01:08:45.269Z"}
{"level":"debug","message":"[RISK-LOOP] checking 2 open position(s)","timestamp":"2026-06-08T01:10:44.383Z"}
{"level":"debug","message":"[LIVE] TRX/USDC: checkRisk price=0.32680000 SL=0.28943200 TP=0.42757000 HWM=0.32890000 entry=0.32890000","timestamp":"2026-06-08T01:10:44.830Z"}
{"level":"debug","message":"[LIVE] BNB/USDC: checkRisk price=602.54000000 SL=573.78100000 TP=676.45760000 HWM=603.98000000 entry=603.98000000","timestamp":"2026-06-08T01:10:45.275Z"}
{"level":"debug","message":"[RISK-LOOP] checking 2 open position(s)","timestamp":"2026-06-08T01:12:44.566Z"}
{"level":"debug","message":"[LIVE] TRX/USDC: checkRisk price=0.32670000 SL=0.28943200 TP=0.42757000 HWM=0.32890000 entry=0.32890000","timestamp":"2026-06-08T01:12:45.008Z"}
{"level":"debug","message":"[LIVE] BNB/USDC: checkRisk price=602.47000000 SL=573.78100000 TP=676.45760000 HWM=603.98000000 entry=603.98000000","timestamp":"2026-06-08T01:12:45.451Z"}
{"level":"debug","message":"[RISK-LOOP] checking 2 open position(s)","timestamp":"2026-06-08T01:14:44.389Z"}
{"level":"debug","message":"[LIVE] TRX/USDC: checkRisk price=0.32670000 SL=0.28943200 TP=0.42757000 HWM=0.32890000 entry=0.32890000","timestamp":"2026-06-08T01:14:44.833Z"}
{"level":"debug","message":"[LIVE] BNB/USDC: checkRisk price=601.09000000 SL=573.78100000 TP=676.45760000 HWM=603.98000000 entry=603.98000000","timestamp":"2026-06-08T01:14:45.294Z"}
{"level":"debug","message":"[RISK-LOOP] checking 2 open position(s)","timestamp":"2026-06-08T01:16:44.397Z"}
{"level":"debug","message":"[LIVE] TRX/USDC: checkRisk price=0.32640000 SL=0.28943200 TP=0.42757000 HWM=0.32890000 entry=0.32890000","timestamp":"2026-06-08T01:16:44.843Z"}
{"level":"debug","message":"[LIVE] BNB/USDC: checkRisk price=600.70000000 SL=573.78100000 TP=676.45760000 HWM=603.98000000 entry=603.98000000","timestamp":"2026-06-08T01:16:45.109Z"}
{"level":"info","message":"[MTF-CACHE] 15m refresh complete: 37/37 symbols","timestamp":"2026-06-08T01:18:01.224Z"}
{"level":"debug","message":"[RISK-LOOP] checking 2 open position(s)","timestamp":"2026-06-08T01:18:44.391Z"}
{"level":"debug","message":"[LIVE] TRX/USDC: checkRisk price=0.32640000 SL=0.28943200 TP=0.42757000 HWM=0.32890000 entry=0.32890000","timestamp":"2026-06-08T01:18:44.836Z"}
{"level":"debug","message":"[LIVE] BNB/USDC: checkRisk price=601.38000000 SL=573.78100000 TP=676.45760000 HWM=603.98000000 entry=603.98000000","timestamp":"2026-06-08T01:18:45.099Z"}
{"level":"debug","message":"[RISK-LOOP] checking 2 open position(s)","timestamp":"2026-06-08T01:20:44.410Z"}
{"level":"debug","message":"[LIVE] TRX/USDC: checkRisk price=0.32630000 SL=0.28943200 TP=0.42757000 HWM=0.32890000 entry=0.32890000","timestamp":"2026-06-08T01:20:44.858Z"}
{"level":"debug","message":"[LIVE] BNB/USDC: checkRisk price=601.61000000 SL=573.78100000 TP=676.45760000 HWM=603.98000000 entry=603.98000000","timestamp":"2026-06-08T01:20:45.124Z"}
{"level":"debug","message":"[RISK-LOOP] checking 2 open position(s)","timestamp":"2026-06-08T01:22:44.587Z"}
{"level":"debug","message":"[LIVE] TRX/USDC: checkRisk price=0.32650000 SL=0.28943200 TP=0.42757000 HWM=0.32890000 entry=0.32890000","timestamp":"2026-06-08T01:22:45.032Z"}
{"level":"debug","message":"[LIVE] BNB/USDC: checkRisk price=602.67000000 SL=573.78100000 TP=676.45760000 HWM=603.98000000 entry=603.98000000","timestamp":"2026-06-08T01:22:45.296Z"}
{"level":"debug","message":"[RISK-LOOP] checking 2 open position(s)","timestamp":"2026-06-08T01:24:44.411Z"}
{"level":"debug","message":"[LIVE] TRX/USDC: checkRisk price=0.32640000 SL=0.28943200 TP=0.42757000 HWM=0.32890000 entry=0.32890000","timestamp":"2026-06-08T01:24:44.855Z"}
{"level":"debug","message":"[LIVE] BNB/USDC: checkRisk price=601.19000000 SL=573.78100000 TP=676.45760000 HWM=603.98000000 entry=603.98000000","timestamp":"2026-06-08T01:24:45.120Z"}
{"level":"debug","message":"[RISK-LOOP] checking 2 open position(s)","timestamp":"2026-06-08T01:26:44.411Z"}
{"level":"debug","message":"[LIVE] TRX/USDC: checkRisk price=0.32630000 SL=0.28943200 TP=0.42757000 HWM=0.32890000 entry=0.32890000","timestamp":"2026-06-08T01:26:44.859Z"}
{"level":"debug","message":"[LIVE] BNB/USDC: checkRisk price=599.74000000 SL=573.78100000 TP=676.45760000 HWM=603.98000000 entry=603.98000000","timestamp":"2026-06-08T01:26:45.123Z"}
{"level":"debug","message":"[RISK-LOOP] checking 2 open position(s)","timestamp":"2026-06-08T01:28:44.414Z"}
{"level":"debug","message":"[LIVE] TRX/USDC: checkRisk price=0.32630000 SL=0.28943200 TP=0.42757000 HWM=0.32890000 entry=0.32890000","timestamp":"2026-06-08T01:28:44.859Z"}
{"level":"debug","message":"[LIVE] BNB/USDC: checkRisk price=599.80000000 SL=573.78100000 TP=676.45760000 HWM=603.98000000 entry=603.98000000","timestamp":"2026-06-08T01:28:45.125Z"}
{"level":"debug","message":"[RISK-LOOP] checking 2 open position(s)","timestamp":"2026-06-08T01:30:44.406Z"}
{"level":"debug","message":"[LIVE] TRX/USDC: checkRisk price=0.32620000 SL=0.28943200 TP=0.42757000 HWM=0.32890000 entry=0.32890000","timestamp":"2026-06-08T01:30:44.854Z"}
{"level":"debug","message":"[LIVE] BNB/USDC: checkRisk price=599.38000000 SL=573.78100000 TP=676.45760000 HWM=603.98000000 entry=603.98000000","timestamp":"2026-06-08T01:30:45.121Z"}
{"level":"debug","message":"[RISK-LOOP] checking 2 open position(s)","timestamp":"2026-06-08T01:32:44.595Z"}
{"level":"debug","message":"[LIVE] TRX/USDC: checkRisk price=0.32630000 SL=0.28943200 TP=0.42757000 HWM=0.32890000 entry=0.32890000","timestamp":"2026-06-08T01:32:45.038Z"}
{"level":"debug","message":"[LIVE] BNB/USDC: checkRisk price=600.32000000 SL=573.78100000 TP=676.45760000 HWM=603.98000000 entry=603.98000000","timestamp":"2026-06-08T01:32:45.303Z"}
{"level":"info","message":"[MTF-CACHE] 15m refresh complete: 37/37 symbols","timestamp":"2026-06-08T01:33:00.358Z"}
{"level":"debug","message":"[RISK-LOOP] checking 2 open position(s)","timestamp":"2026-06-08T01:34:44.408Z"}
{"level":"debug","message":"[LIVE] TRX/USDC: checkRisk price=0.32630000 SL=0.28943200 TP=0.42757000 HWM=0.32890000 entry=0.32890000","timestamp":"2026-06-08T01:34:44.850Z"}
{"level":"debug","message":"[LIVE] BNB/USDC: checkRisk price=601.34000000 SL=573.78100000 TP=676.45760000 HWM=603.98000000 entry=603.98000000","timestamp":"2026-06-08T01:34:45.112Z"}
{"level":"debug","message":"[RISK-LOOP] checking 2 open position(s)","timestamp":"2026-06-08T01:36:44.410Z"}
{"level":"debug","message":"[LIVE] TRX/USDC: checkRisk price=0.32620000 SL=0.28943200 TP=0.42757000 HWM=0.32890000 entry=0.32890000","timestamp":"2026-06-08T01:36:44.853Z"}
{"level":"debug","message":"[LIVE] BNB/USDC: checkRisk price=600.73000000 SL=573.78100000 TP=676.45760000 HWM=603.98000000 entry=603.98000000","timestamp":"2026-06-08T01:36:45.115Z"}
{"level":"debug","message":"[RISK-LOOP] checking 2 open position(s)","timestamp":"2026-06-08T01:38:44.415Z"}
{"level":"debug","message":"[LIVE] TRX/USDC: checkRisk price=0.32640000 SL=0.28943200 TP=0.42757000 HWM=0.32890000 entry=0.32890000","timestamp":"2026-06-08T01:38:44.856Z"}
{"level":"debug","message":"[LIVE] BNB/USDC: checkRisk price=601.54000000 SL=573.78100000 TP=676.45760000 HWM=603.98000000 entry=603.98000000","timestamp":"2026-06-08T01:38:45.118Z"}
{"level":"debug","message":"[RISK-LOOP] checking 2 open position(s)","timestamp":"2026-06-08T01:40:44.416Z"}
{"level":"debug","message":"[LIVE] TRX/USDC: checkRisk price=0.32630000 SL=0.28943200 TP=0.42757000 HWM=0.32890000 entry=0.32890000","timestamp":"2026-06-08T01:40:44.861Z"}
{"level":"debug","message":"[LIVE] BNB/USDC: checkRisk price=602.00000000 SL=573.78100000 TP=676.45760000 HWM=603.98000000 entry=603.98000000","timestamp":"2026-06-08T01:40:45.125Z"}
{"level":"debug","message":"[RISK-LOOP] checking 2 open position(s)","timestamp":"2026-06-08T01:42:44.592Z"}
{"level":"debug","message":"[LIVE] TRX/USDC: checkRisk price=0.32640000 SL=0.28943200 TP=0.42757000 HWM=0.32890000 entry=0.32890000","timestamp":"2026-06-08T01:42:45.034Z"}
{"level":"debug","message":"[LIVE] BNB/USDC: checkRisk price=602.56000000 SL=573.78100000 TP=676.45760000 HWM=603.98000000 entry=603.98000000","timestamp":"2026-06-08T01:42:45.299Z"}
{"level":"debug","message":"[RISK-LOOP] checking 2 open position(s)","timestamp":"2026-06-08T01:44:45.330Z"}
{"level":"debug","message":"[LIVE] TRX/USDC: checkRisk price=0.32630000 SL=0.28943200 TP=0.42757000 HWM=0.32890000 entry=0.32890000","timestamp":"2026-06-08T01:44:45.775Z"}
{"level":"debug","message":"[LIVE] BNB/USDC: checkRisk price=602.47000000 SL=573.78100000 TP=676.45760000 HWM=603.98000000 entry=603.98000000","timestamp":"2026-06-08T01:44:46.219Z"}
{"level":"debug","message":"[RISK-LOOP] checking 2 open position(s)","timestamp":"2026-06-08T01:46:44.418Z"}
{"level":"debug","message":"[LIVE] TRX/USDC: checkRisk price=0.32640000 SL=0.28943200 TP=0.42757000 HWM=0.32890000 entry=0.32890000","timestamp":"2026-06-08T01:46:44.866Z"}
{"level":"debug","message":"[LIVE] BNB/USDC: checkRisk price=603.00000000 SL=573.78100000 TP=676.45760000 HWM=603.98000000 entry=603.98000000","timestamp":"2026-06-08T01:46:45.128Z"}
{"level":"info","message":"[MTF-CACHE] 15m refresh complete: 37/37 symbols","timestamp":"2026-06-08T01:47:59.885Z"}
{"level":"debug","message":"[RISK-LOOP] checking 2 open position(s)","timestamp":"2026-06-08T01:48:44.420Z"}
{"level":"debug","message":"[LIVE] TRX/USDC: checkRisk price=0.32640000 SL=0.28943200 TP=0.42757000 HWM=0.32890000 entry=0.32890000","timestamp":"2026-06-08T01:48:44.867Z"}
{"level":"debug","message":"[LIVE] BNB/USDC: checkRisk price=603.21000000 SL=573.78100000 TP=676.45760000 HWM=603.98000000 entry=603.98000000","timestamp":"2026-06-08T01:48:45.130Z"}
{"level":"debug","message":"[RISK-LOOP] checking 2 open position(s)","timestamp":"2026-06-08T01:50:44.433Z"}
{"level":"debug","message":"[LIVE] TRX/USDC: checkRisk price=0.32620000 SL=0.28943200 TP=0.42757000 HWM=0.32890000 entry=0.32890000","timestamp":"2026-06-08T01:50:44.877Z"}
{"level":"debug","message":"[LIVE] BNB/USDC: checkRisk price=602.30000000 SL=573.78100000 TP=676.45760000 HWM=603.98000000 entry=603.98000000","timestamp":"2026-06-08T01:50:45.144Z"}
{"level":"debug","message":"[RISK-LOOP] checking 2 open position(s)","timestamp":"2026-06-08T01:52:44.615Z"}
{"level":"debug","message":"[LIVE] TRX/USDC: checkRisk price=0.32630000 SL=0.28943200 TP=0.42757000 HWM=0.32890000 entry=0.32890000","timestamp":"2026-06-08T01:52:45.060Z"}
{"level":"debug","message":"[LIVE] BNB/USDC: checkRisk price=603.26000000 SL=573.78100000 TP=676.45760000 HWM=603.98000000 entry=603.98000000","timestamp":"2026-06-08T01:52:45.328Z"}
{"level":"debug","message":"[RISK-LOOP] checking 2 open position(s)","timestamp":"2026-06-08T01:54:44.438Z"}
{"level":"debug","message":"[LIVE] TRX/USDC: checkRisk price=0.32620000 SL=0.28943200 TP=0.42757000 HWM=0.32890000 entry=0.32890000","timestamp":"2026-06-08T01:54:44.882Z"}
{"level":"debug","message":"[LIVE] BNB/USDC: checkRisk price=602.39000000 SL=573.78100000 TP=676.45760000 HWM=603.98000000 entry=603.98000000","timestamp":"2026-06-08T01:54:45.148Z"}
{"level":"debug","message":"[RISK-LOOP] checking 2 open position(s)","timestamp":"2026-06-08T01:56:44.436Z"}
{"level":"debug","message":"[LIVE] TRX/USDC: checkRisk price=0.32630000 SL=0.28943200 TP=0.42757000 HWM=0.32890000 entry=0.32890000","timestamp":"2026-06-08T01:56:44.878Z"}
{"level":"debug","message":"[LIVE] BNB/USDC: checkRisk price=603.40000000 SL=573.78100000 TP=676.45760000 HWM=603.98000000 entry=603.98000000","timestamp":"2026-06-08T01:56:45.142Z"}
{"level":"debug","message":"[RISK-LOOP] checking 2 open position(s)","timestamp":"2026-06-08T01:58:44.429Z"}
{"level":"debug","message":"[LIVE] TRX/USDC: checkRisk price=0.32620000 SL=0.28943200 TP=0.42757000 HWM=0.32890000 entry=0.32890000","timestamp":"2026-06-08T01:58:44.872Z"}
{"level":"debug","message":"[LIVE] BNB/USDC: checkRisk price=603.70000000 SL=573.78100000 TP=676.45760000 HWM=603.98000000 entry=603.98000000","timestamp":"2026-06-08T01:58:45.135Z"}
{"level":"debug","message":"[RISK-LOOP] checking 2 open position(s)","timestamp":"2026-06-08T02:00:44.430Z"}
{"level":"debug","message":"[LIVE] TRX/USDC: checkRisk price=0.32630000 SL=0.28943200 TP=0.42757000 HWM=0.32890000 entry=0.32890000","timestamp":"2026-06-08T02:00:44.875Z"}
{"level":"debug","message":"[LIVE] BNB/USDC: checkRisk price=603.76000000 SL=573.78100000 TP=676.45760000 HWM=603.98000000 entry=603.98000000","timestamp":"2026-06-08T02:00:45.141Z"}
{"level":"debug","message":"[RISK-LOOP] checking 2 open position(s)","timestamp":"2026-06-08T02:02:44.617Z"}
{"level":"debug","message":"[LIVE] TRX/USDC: checkRisk price=0.32630000 SL=0.28943200 TP=0.42757000 HWM=0.32890000 entry=0.32890000","timestamp":"2026-06-08T02:02:45.059Z"}
{"level":"debug","message":"[LIVE] BNB/USDC: checkRisk price=603.10000000 SL=573.78100000 TP=676.45760000 HWM=603.98000000 entry=603.98000000","timestamp":"2026-06-08T02:02:45.322Z"}
{"level":"info","message":"[MTF-CACHE] 15m refresh complete: 37/37 symbols","timestamp":"2026-06-08T02:02:59.898Z"}
{"level":"debug","message":"[RISK-LOOP] checking 2 open position(s)","timestamp":"2026-06-08T02:04:44.442Z"}
{"level":"debug","message":"[LIVE] TRX/USDC: checkRisk price=0.32640000 SL=0.28943200 TP=0.42757000 HWM=0.32890000 entry=0.32890000","timestamp":"2026-06-08T02:04:44.888Z"}
{"level":"debug","message":"[LIVE] BNB/USDC: checkRisk price=602.86000000 SL=573.78100000 TP=676.45760000 HWM=603.98000000 entry=603.98000000","timestamp":"2026-06-08T02:04:45.152Z"}
{"level":"debug","message":"[RISK-LOOP] checking 2 open position(s)","timestamp":"2026-06-08T02:06:44.433Z"}
{"level":"debug","message":"[LIVE] TRX/USDC: checkRisk price=0.32670000 SL=0.28943200 TP=0.42757000 HWM=0.32890000 entry=0.32890000","timestamp":"2026-06-08T02:06:44.880Z"}
{"level":"debug","message":"[LIVE] BNB/USDC: checkRisk price=603.20000000 SL=573.78100000 TP=676.45760000 HWM=603.98000000 entry=603.98000000","timestamp":"2026-06-08T02:06:45.147Z"}
{"level":"debug","message":"[RISK-LOOP] checking 2 open position(s)","timestamp":"2026-06-08T02:08:44.445Z"}
{"level":"debug","message":"[LIVE] TRX/USDC: checkRisk price=0.32670000 SL=0.28943200 TP=0.42757000 HWM=0.32890000 entry=0.32890000","timestamp":"2026-06-08T02:08:44.891Z"}
{"level":"debug","message":"[LIVE] BNB/USDC: checkRisk price=602.91000000 SL=573.78100000 TP=676.45760000 HWM=603.98000000 entry=603.98000000","timestamp":"2026-06-08T02:08:45.156Z"}
{"level":"debug","message":"[RISK-LOOP] checking 2 open position(s)","timestamp":"2026-06-08T02:10:44.445Z"}
{"level":"debug","message":"[LIVE] TRX/USDC: checkRisk price=0.32670000 SL=0.28943200 TP=0.42757000 HWM=0.32890000 entry=0.32890000","timestamp":"2026-06-08T02:10:44.890Z"}
{"level":"debug","message":"[LIVE] BNB/USDC: checkRisk price=602.29000000 SL=573.78100000 TP=676.45760000 HWM=603.98000000 entry=603.98000000","timestamp":"2026-06-08T02:10:45.154Z"}
{"level":"debug","message":"[RISK-LOOP] checking 2 open position(s)","timestamp":"2026-06-08T02:12:44.615Z"}
{"level":"debug","message":"[LIVE] TRX/USDC: checkRisk price=0.32680000 SL=0.28943200 TP=0.42757000 HWM=0.32890000 entry=0.32890000","timestamp":"2026-06-08T02:12:45.061Z"}
{"level":"debug","message":"[LIVE] BNB/USDC: checkRisk price=603.22000000 SL=573.78100000 TP=676.45760000 HWM=603.98000000 entry=603.98000000","timestamp":"2026-06-08T02:12:45.325Z"}
{"level":"debug","message":"[RISK-LOOP] checking 2 open position(s)","timestamp":"2026-06-08T02:14:44.440Z"}
{"level":"debug","message":"[LIVE] TRX/USDC: checkRisk price=0.32680000 SL=0.28943200 TP=0.42757000 HWM=0.32890000 entry=0.32890000","timestamp":"2026-06-08T02:14:44.884Z"}
{"level":"debug","message":"[LIVE] BNB/USDC: checkRisk price=604.02000000 SL=573.78100000 TP=676.45760000 HWM=603.98000000 entry=603.98000000","timestamp":"2026-06-08T02:14:45.147Z"}
{"level":"debug","message":"[RISK-LOOP] checking 2 open position(s)","timestamp":"2026-06-08T02:16:44.437Z"}
{"level":"debug","message":"[LIVE] TRX/USDC: checkRisk price=0.32680000 SL=0.28943200 TP=0.42757000 HWM=0.32890000 entry=0.32890000","timestamp":"2026-06-08T02:16:44.880Z"}
{"level":"debug","message":"[LIVE] BNB/USDC: checkRisk price=603.10000000 SL=573.78100000 TP=676.45760000 HWM=603.98000000 entry=603.98000000","timestamp":"2026-06-08T02:16:45.143Z"}
{"level":"info","message":"[MTF-CACHE] 15m refresh complete: 37/37 symbols","timestamp":"2026-06-08T02:18:00.158Z"}
{"level":"debug","message":"[RISK-LOOP] checking 2 open position(s)","timestamp":"2026-06-08T02:18:44.445Z"}
{"level":"debug","message":"[LIVE] TRX/USDC: checkRisk price=0.32700000 SL=0.28943200 TP=0.42757000 HWM=0.32890000 entry=0.32890000","timestamp":"2026-06-08T02:18:44.893Z"}
{"level":"debug","message":"[LIVE] BNB/USDC: checkRisk price=602.55000000 SL=573.78100000 TP=676.45760000 HWM=603.98000000 entry=603.98000000","timestamp":"2026-06-08T02:18:45.158Z"}
{"level":"debug","message":"[RISK-LOOP] checking 2 open position(s)","timestamp":"2026-06-08T02:20:44.438Z"}
{"level":"debug","message":"[LIVE] TRX/USDC: checkRisk price=0.32700000 SL=0.28943200 TP=0.42757000 HWM=0.32890000 entry=0.32890000","timestamp":"2026-06-08T02:20:44.882Z"}
{"level":"debug","message":"[LIVE] BNB/USDC: checkRisk price=602.38000000 SL=573.78100000 TP=676.45760000 HWM=603.98000000 entry=603.98000000","timestamp":"2026-06-08T02:20:45.147Z"}
{"level":"debug","message":"[RISK-LOOP] checking 2 open position(s)","timestamp":"2026-06-08T02:22:44.637Z"}
{"level":"debug","message":"[LIVE] TRX/USDC: checkRisk price=0.32700000 SL=0.28943200 TP=0.42757000 HWM=0.32890000 entry=0.32890000","timestamp":"2026-06-08T02:22:45.081Z"}
{"level":"debug","message":"[LIVE] BNB/USDC: checkRisk price=603.17000000 SL=573.78100000 TP=676.45760000 HWM=603.98000000 entry=603.98000000","timestamp":"2026-06-08T02:22:45.346Z"}
{"level":"debug","message":"[RISK-LOOP] checking 2 open position(s)","timestamp":"2026-06-08T02:24:44.457Z"}
{"level":"debug","message":"[LIVE] TRX/USDC: checkRisk price=0.32710000 SL=0.28943200 TP=0.42757000 HWM=0.32890000 entry=0.32890000","timestamp":"2026-06-08T02:24:44.899Z"}
{"level":"debug","message":"[LIVE] BNB/USDC: checkRisk price=603.69000000 SL=573.78100000 TP=676.45760000 HWM=603.98000000 entry=603.98000000","timestamp":"2026-06-08T02:24:45.164Z"}
{"level":"debug","message":"[RISK-LOOP] checking 2 open position(s)","timestamp":"2026-06-08T02:26:44.445Z"}
{"level":"debug","message":"[LIVE] TRX/USDC: checkRisk price=0.32720000 SL=0.28943200 TP=0.42757000 HWM=0.32890000 entry=0.32890000","timestamp":"2026-06-08T02:26:44.890Z"}
{"level":"debug","message":"[LIVE] BNB/USDC: checkRisk price=604.21000000 SL=573.78100000 TP=676.45760000 HWM=603.98000000 entry=603.98000000","timestamp":"2026-06-08T02:26:45.150Z"}
{"level":"debug","message":"[RISK-LOOP] checking 2 open position(s)","timestamp":"2026-06-08T02:28:44.455Z"}
{"level":"debug","message":"[LIVE] TRX/USDC: checkRisk price=0.32700000 SL=0.28943200 TP=0.42757000 HWM=0.32890000 entry=0.32890000","timestamp":"2026-06-08T02:28:44.901Z"}
{"level":"debug","message":"[LIVE] BNB/USDC: checkRisk price=602.92000000 SL=573.78100000 TP=676.45760000 HWM=603.98000000 entry=603.98000000","timestamp":"2026-06-08T02:28:45.167Z"}
{"level":"debug","message":"[RISK-LOOP] checking 2 open position(s)","timestamp":"2026-06-08T02:30:44.450Z"}
{"level":"debug","message":"[LIVE] TRX/USDC: checkRisk price=0.32710000 SL=0.28943200 TP=0.42757000 HWM=0.32890000 entry=0.32890000","timestamp":"2026-06-08T02:30:44.897Z"}
{"level":"debug","message":"[LIVE] BNB/USDC: checkRisk price=603.46000000 SL=573.78100000 TP=676.45760000 HWM=603.98000000 entry=603.98000000","timestamp":"2026-06-08T02:30:45.159Z"}
{"level":"debug","message":"[RISK-LOOP] checking 2 open position(s)","timestamp":"2026-06-08T02:32:44.638Z"}
{"level":"debug","message":"[LIVE] TRX/USDC: checkRisk price=0.32710000 SL=0.28943200 TP=0.42757000 HWM=0.32890000 entry=0.32890000","timestamp":"2026-06-08T02:32:45.082Z"}
{"level":"debug","message":"[LIVE] BNB/USDC: checkRisk price=603.34000000 SL=573.78100000 TP=676.45760000 HWM=603.98000000 entry=603.98000000","timestamp":"2026-06-08T02:32:45.352Z"}
{"level":"info","message":"[MTF-CACHE] 15m refresh complete: 37/37 symbols","timestamp":"2026-06-08T02:33:00.377Z"}
{"level":"debug","message":"[RISK-LOOP] checking 2 open position(s)","timestamp":"2026-06-08T02:34:44.455Z"}
{"level":"debug","message":"[LIVE] TRX/USDC: checkRisk price=0.32670000 SL=0.28943200 TP=0.42757000 HWM=0.32890000 entry=0.32890000","timestamp":"2026-06-08T02:34:44.894Z"}
{"level":"debug","message":"[LIVE] BNB/USDC: checkRisk price=602.60000000 SL=573.78100000 TP=676.45760000 HWM=603.98000000 entry=603.98000000","timestamp":"2026-06-08T02:34:45.158Z"}
{"level":"debug","message":"[RISK-LOOP] checking 2 open position(s)","timestamp":"2026-06-08T02:36:44.453Z"}
{"level":"debug","message":"[LIVE] TRX/USDC: checkRisk price=0.32660000 SL=0.28943200 TP=0.42757000 HWM=0.32890000 entry=0.32890000","timestamp":"2026-06-08T02:36:44.897Z"}
{"level":"debug","message":"[LIVE] BNB/USDC: checkRisk price=601.99000000 SL=573.78100000 TP=676.45760000 HWM=603.98000000 entry=603.98000000","timestamp":"2026-06-08T02:36:45.160Z"}
{"level":"debug","message":"[RISK-LOOP] checking 2 open position(s)","timestamp":"2026-06-08T02:38:44.464Z"}
{"level":"debug","message":"[LIVE] TRX/USDC: checkRisk price=0.32660000 SL=0.28943200 TP=0.42757000 HWM=0.32890000 entry=0.32890000","timestamp":"2026-06-08T02:38:44.909Z"}
{"level":"debug","message":"[LIVE] BNB/USDC: checkRisk price=602.75000000 SL=573.78100000 TP=676.45760000 HWM=603.98000000 entry=603.98000000","timestamp":"2026-06-08T02:38:45.171Z"}
{"level":"debug","message":"[RISK-LOOP] checking 2 open position(s)","timestamp":"2026-06-08T02:40:44.466Z"}
{"level":"debug","message":"[LIVE] TRX/USDC: checkRisk price=0.32640000 SL=0.28943200 TP=0.42757000 HWM=0.32890000 entry=0.32890000","timestamp":"2026-06-08T02:40:44.906Z"}
{"level":"debug","message":"[LIVE] BNB/USDC: checkRisk price=602.56000000 SL=573.78100000 TP=676.45760000 HWM=603.98000000 entry=603.98000000","timestamp":"2026-06-08T02:40:45.172Z"}
{"level":"debug","message":"[RISK-LOOP] checking 2 open position(s)","timestamp":"2026-06-08T02:42:44.647Z"}
{"level":"debug","message":"[LIVE] TRX/USDC: checkRisk price=0.32640000 SL=0.28943200 TP=0.42757000 HWM=0.32890000 entry=0.32890000","timestamp":"2026-06-08T02:42:45.090Z"}
{"level":"debug","message":"[LIVE] BNB/USDC: checkRisk price=602.34000000 SL=573.78100000 TP=676.45760000 HWM=603.98000000 entry=603.98000000","timestamp":"2026-06-08T02:42:45.354Z"}
{"level":"debug","message":"[RISK-LOOP] checking 2 open position(s)","timestamp":"2026-06-08T02:44:44.468Z"}
{"level":"debug","message":"[LIVE] TRX/USDC: checkRisk price=0.32650000 SL=0.28943200 TP=0.42757000 HWM=0.32890000 entry=0.32890000","timestamp":"2026-06-08T02:44:44.912Z"}
{"level":"debug","message":"[LIVE] BNB/USDC: checkRisk price=602.31000000 SL=573.78100000 TP=676.45760000 HWM=603.98000000 entry=603.98000000","timestamp":"2026-06-08T02:44:45.177Z"}
{"level":"debug","message":"[RISK-LOOP] checking 2 open position(s)","timestamp":"2026-06-08T02:46:44.482Z"}
{"level":"debug","message":"[LIVE] TRX/USDC: checkRisk price=0.32650000 SL=0.28943200 TP=0.42757000 HWM=0.32890000 entry=0.32890000","timestamp":"2026-06-08T02:46:44.923Z"}
{"level":"debug","message":"[LIVE] BNB/USDC: checkRisk price=602.19000000 SL=573.78100000 TP=676.45760000 HWM=603.98000000 entry=603.98000000","timestamp":"2026-06-08T02:46:45.189Z"}
{"level":"info","message":"[MTF-CACHE] 15m refresh complete: 37/37 symbols","timestamp":"2026-06-08T02:47:59.908Z"}
{"level":"debug","message":"[RISK-LOOP] checking 2 open position(s)","timestamp":"2026-06-08T02:48:44.469Z"}
{"level":"debug","message":"[LIVE] TRX/USDC: checkRisk price=0.32650000 SL=0.28943200 TP=0.42757000 HWM=0.32890000 entry=0.32890000","timestamp":"2026-06-08T02:48:44.913Z"}
{"level":"debug","message":"[LIVE] BNB/USDC: checkRisk price=601.67000000 SL=573.78100000 TP=676.45760000 HWM=603.98000000 entry=603.98000000","timestamp":"2026-06-08T02:48:45.180Z"}
{"level":"debug","message":"[RISK-LOOP] checking 2 open position(s)","timestamp":"2026-06-08T02:50:44.471Z"}
{"level":"debug","message":"[LIVE] TRX/USDC: checkRisk price=0.32670000 SL=0.28943200 TP=0.42757000 HWM=0.32890000 entry=0.32890000","timestamp":"2026-06-08T02:50:44.916Z"}
{"level":"debug","message":"[LIVE] BNB/USDC: checkRisk price=602.66000000 SL=573.78100000 TP=676.45760000 HWM=603.98000000 entry=603.98000000","timestamp":"2026-06-08T02:50:45.182Z"}
{"level":"debug","message":"[RISK-LOOP] checking 2 open position(s)","timestamp":"2026-06-08T02:52:44.470Z"}
{"level":"debug","message":"[LIVE] TRX/USDC: checkRisk price=0.32670000 SL=0.28943200 TP=0.42757000 HWM=0.32890000 entry=0.32890000","timestamp":"2026-06-08T02:52:44.914Z"}
{"level":"debug","message":"[LIVE] BNB/USDC: checkRisk price=602.03000000 SL=573.78100000 TP=676.45760000 HWM=603.98000000 entry=603.98000000","timestamp":"2026-06-08T02:52:45.180Z"}
{"level":"debug","message":"[RISK-LOOP] checking 2 open position(s)","timestamp":"2026-06-08T02:54:44.461Z"}
{"level":"debug","message":"[LIVE] TRX/USDC: checkRisk price=0.32670000 SL=0.28943200 TP=0.42757000 HWM=0.32890000 entry=0.32890000","timestamp":"2026-06-08T02:54:44.906Z"}
{"level":"debug","message":"[LIVE] BNB/USDC: checkRisk price=601.96000000 SL=573.78100000 TP=676.45760000 HWM=603.98000000 entry=603.98000000","timestamp":"2026-06-08T02:54:45.171Z"}
{"level":"debug","message":"[RISK-LOOP] checking 2 open position(s)","timestamp":"2026-06-08T02:56:44.475Z"}
{"level":"debug","message":"[LIVE] TRX/USDC: checkRisk price=0.32670000 SL=0.28943200 TP=0.42757000 HWM=0.32890000 entry=0.32890000","timestamp":"2026-06-08T02:56:44.920Z"}
{"level":"debug","message":"[LIVE] BNB/USDC: checkRisk price=601.96000000 SL=573.78100000 TP=676.45760000 HWM=603.98000000 entry=603.98000000","timestamp":"2026-06-08T02:56:45.184Z"}
{"level":"debug","message":"[RISK-LOOP] checking 2 open position(s)","timestamp":"2026-06-08T02:58:44.478Z"}
{"level":"debug","message":"[LIVE] TRX/USDC: checkRisk price=0.32670000 SL=0.28943200 TP=0.42757000 HWM=0.32890000 entry=0.32890000","timestamp":"2026-06-08T02:58:44.924Z"}
{"level":"debug","message":"[LIVE] BNB/USDC: checkRisk price=601.92000000 SL=573.78100000 TP=676.45760000 HWM=603.98000000 entry=603.98000000","timestamp":"2026-06-08T02:58:45.187Z"}
{"level":"debug","message":"[RISK-LOOP] checking 2 open position(s)","timestamp":"2026-06-08T03:00:44.474Z"}
{"level":"debug","message":"[LIVE] TRX/USDC: checkRisk price=0.32670000 SL=0.28943200 TP=0.42757000 HWM=0.32890000 entry=0.32890000","timestamp":"2026-06-08T03:00:44.919Z"}
{"level":"debug","message":"[LIVE] BNB/USDC: checkRisk price=602.05000000 SL=573.78100000 TP=676.45760000 HWM=603.98000000 entry=603.98000000","timestamp":"2026-06-08T03:00:45.185Z"}
{"level":"debug","message":"[RISK-LOOP] checking 2 open position(s)","timestamp":"2026-06-08T03:02:44.461Z"}
{"level":"debug","message":"[LIVE] TRX/USDC: checkRisk price=0.32660000 SL=0.28943200 TP=0.42757000 HWM=0.32890000 entry=0.32890000","timestamp":"2026-06-08T03:02:44.905Z"}
{"level":"debug","message":"[LIVE] BNB/USDC: checkRisk price=601.71000000 SL=573.78100000 TP=676.45760000 HWM=603.98000000 entry=603.98000000","timestamp":"2026-06-08T03:02:45.171Z"}
{"level":"info","message":"[MTF-CACHE] 15m refresh complete: 37/37 symbols","timestamp":"2026-06-08T03:02:59.922Z"}
{"level":"debug","message":"[RISK-LOOP] checking 2 open position(s)","timestamp":"2026-06-08T03:04:44.468Z"}
{"level":"debug","message":"[LIVE] TRX/USDC: checkRisk price=0.32640000 SL=0.28943200 TP=0.42757000 HWM=0.32890000 entry=0.32890000","timestamp":"2026-06-08T03:04:44.915Z"}
{"level":"debug","message":"[LIVE] BNB/USDC: checkRisk price=601.47000000 SL=573.78100000 TP=676.45760000 HWM=603.98000000 entry=603.98000000","timestamp":"2026-06-08T03:04:45.178Z"}
{"level":"debug","message":"[RISK-LOOP] checking 2 open position(s)","timestamp":"2026-06-08T03:06:44.473Z"}
{"level":"debug","message":"[LIVE] TRX/USDC: checkRisk price=0.32640000 SL=0.28943200 TP=0.42757000 HWM=0.32890000 entry=0.32890000","timestamp":"2026-06-08T03:06:44.917Z"}
{"level":"debug","message":"[LIVE] BNB/USDC: checkRisk price=601.09000000 SL=573.78100000 TP=676.45760000 HWM=603.98000000 entry=603.98000000","timestamp":"2026-06-08T03:06:45.180Z"}
{"level":"debug","message":"[RISK-LOOP] checking 2 open position(s)","timestamp":"2026-06-08T03:08:44.464Z"}
{"level":"debug","message":"[LIVE] TRX/USDC: checkRisk price=0.32640000 SL=0.28943200 TP=0.42757000 HWM=0.32890000 entry=0.32890000","timestamp":"2026-06-08T03:08:44.909Z"}
{"level":"debug","message":"[LIVE] BNB/USDC: checkRisk price=602.18000000 SL=573.78100000 TP=676.45760000 HWM=603.98000000 entry=603.98000000","timestamp":"2026-06-08T03:08:45.173Z"}
{"level":"debug","message":"[RISK-LOOP] checking 2 open position(s)","timestamp":"2026-06-08T03:10:44.475Z"}
{"level":"debug","message":"[LIVE] TRX/USDC: checkRisk price=0.32660000 SL=0.28943200 TP=0.42757000 HWM=0.32890000 entry=0.32890000","timestamp":"2026-06-08T03:10:44.919Z"}
{"level":"debug","message":"[LIVE] BNB/USDC: checkRisk price=604.24000000 SL=573.78100000 TP=676.45760000 HWM=603.98000000 entry=603.98000000","timestamp":"2026-06-08T03:10:45.183Z"}
{"level":"debug","message":"[RISK-LOOP] checking 2 open position(s)","timestamp":"2026-06-08T03:12:44.512Z"}
{"level":"debug","message":"[LIVE] TRX/USDC: checkRisk price=0.32670000 SL=0.28943200 TP=0.42757000 HWM=0.32890000 entry=0.32890000","timestamp":"2026-06-08T03:12:44.957Z"}
{"level":"debug","message":"[LIVE] BNB/USDC: checkRisk price=603.37000000 SL=573.78100000 TP=676.45760000 HWM=603.98000000 entry=603.98000000","timestamp":"2026-06-08T03:12:45.221Z"}
{"level":"debug","message":"[RISK-LOOP] checking 2 open position(s)","timestamp":"2026-06-08T03:14:44.473Z"}
{"level":"debug","message":"[LIVE] TRX/USDC: checkRisk price=0.32660000 SL=0.28943200 TP=0.42757000 HWM=0.32890000 entry=0.32890000","timestamp":"2026-06-08T03:14:44.915Z"}
{"level":"debug","message":"[LIVE] BNB/USDC: checkRisk price=603.43000000 SL=573.78100000 TP=676.45760000 HWM=603.98000000 entry=603.98000000","timestamp":"2026-06-08T03:14:45.189Z"}
{"level":"debug","message":"[RISK-LOOP] checking 2 open position(s)","timestamp":"2026-06-08T03:16:44.481Z"}
{"level":"debug","message":"[LIVE] TRX/USDC: checkRisk price=0.32650000 SL=0.28943200 TP=0.42757000 HWM=0.32890000 entry=0.32890000","timestamp":"2026-06-08T03:16:44.925Z"}
{"level":"debug","message":"[LIVE] BNB/USDC: checkRisk price=602.75000000 SL=573.78100000 TP=676.45760000 HWM=603.98000000 entry=603.98000000","timestamp":"2026-06-08T03:16:45.188Z"}
{"level":"info","message":"[MTF-CACHE] 15m refresh complete: 37/37 symbols","timestamp":"2026-06-08T03:17:59.917Z"}
{"level":"debug","message":"[RISK-LOOP] checking 2 open position(s)","timestamp":"2026-06-08T03:18:44.467Z"}
{"level":"debug","message":"[LIVE] TRX/USDC: checkRisk price=0.32640000 SL=0.28943200 TP=0.42757000 HWM=0.32890000 entry=0.32890000","timestamp":"2026-06-08T03:18:44.912Z"}
{"level":"debug","message":"[LIVE] BNB/USDC: checkRisk price=602.64000000 SL=573.78100000 TP=676.45760000 HWM=603.98000000 entry=603.98000000","timestamp":"2026-06-08T03:18:45.177Z"}
{"level":"debug","message":"[RISK-LOOP] checking 2 open position(s)","timestamp":"2026-06-08T03:20:44.478Z"}
{"level":"debug","message":"[LIVE] TRX/USDC: checkRisk price=0.32630000 SL=0.28943200 TP=0.42757000 HWM=0.32890000 entry=0.32890000","timestamp":"2026-06-08T03:20:44.921Z"}
{"level":"debug","message":"[LIVE] BNB/USDC: checkRisk price=602.73000000 SL=573.78100000 TP=676.45760000 HWM=603.98000000 entry=603.98000000","timestamp":"2026-06-08T03:20:45.186Z"}
{"level":"debug","message":"[RISK-LOOP] checking 2 open position(s)","timestamp":"2026-06-08T03:22:44.536Z"}
{"level":"debug","message":"[LIVE] TRX/USDC: checkRisk price=0.32640000 SL=0.28943200 TP=0.42757000 HWM=0.32890000 entry=0.32890000","timestamp":"2026-06-08T03:22:44.983Z"}
{"level":"debug","message":"[LIVE] BNB/USDC: checkRisk price=603.37000000 SL=573.78100000 TP=676.45760000 HWM=603.98000000 entry=603.98000000","timestamp":"2026-06-08T03:22:45.248Z"}
{"level":"debug","message":"[RISK-LOOP] checking 2 open position(s)","timestamp":"2026-06-08T03:24:44.479Z"}
{"level":"debug","message":"[LIVE] TRX/USDC: checkRisk price=0.32660000 SL=0.28943200 TP=0.42757000 HWM=0.32890000 entry=0.32890000","timestamp":"2026-06-08T03:24:44.925Z"}
{"level":"debug","message":"[LIVE] BNB/USDC: checkRisk price=602.39000000 SL=573.78100000 TP=676.45760000 HWM=603.98000000 entry=603.98000000","timestamp":"2026-06-08T03:24:45.191Z"}
{"level":"debug","message":"[RISK-LOOP] checking 2 open position(s)","timestamp":"2026-06-08T03:26:44.480Z"}
{"level":"debug","message":"[LIVE] TRX/USDC: checkRisk price=0.32670000 SL=0.28943200 TP=0.42757000 HWM=0.32890000 entry=0.32890000","timestamp":"2026-06-08T03:26:44.922Z"}
{"level":"debug","message":"[LIVE] BNB/USDC: checkRisk price=602.73000000 SL=573.78100000 TP=676.45760000 HWM=603.98000000 entry=603.98000000","timestamp":"2026-06-08T03:26:45.189Z"}
{"level":"debug","message":"[RISK-LOOP] checking 2 open position(s)","timestamp":"2026-06-08T03:28:44.523Z"}
{"level":"debug","message":"[LIVE] TRX/USDC: checkRisk price=0.32660000 SL=0.28943200 TP=0.42757000 HWM=0.32890000 entry=0.32890000","timestamp":"2026-06-08T03:28:44.967Z"}
{"level":"debug","message":"[LIVE] BNB/USDC: checkRisk price=602.38000000 SL=573.78100000 TP=676.45760000 HWM=603.98000000 entry=603.98000000","timestamp":"2026-06-08T03:28:45.230Z"}
{"level":"debug","message":"[RISK-LOOP] checking 2 open position(s)","timestamp":"2026-06-08T03:30:44.578Z"}
{"level":"debug","message":"[LIVE] TRX/USDC: checkRisk price=0.32660000 SL=0.28943200 TP=0.42757000 HWM=0.32890000 entry=0.32890000","timestamp":"2026-06-08T03:30:45.022Z"}
{"level":"debug","message":"[LIVE] BNB/USDC: checkRisk price=602.55000000 SL=573.78100000 TP=676.45760000 HWM=603.98000000 entry=603.98000000","timestamp":"2026-06-08T03:30:45.288Z"}
{"level":"debug","message":"[RISK-LOOP] checking 2 open position(s)","timestamp":"2026-06-08T03:32:44.660Z"}
{"level":"debug","message":"[LIVE] TRX/USDC: checkRisk price=0.32660000 SL=0.28943200 TP=0.42757000 HWM=0.32890000 entry=0.32890000","timestamp":"2026-06-08T03:32:44.927Z"}
{"level":"debug","message":"[LIVE] BNB/USDC: checkRisk price=602.53000000 SL=573.78100000 TP=676.45760000 HWM=603.98000000 entry=603.98000000","timestamp":"2026-06-08T03:32:45.190Z"}
{"level":"info","message":"[MTF-CACHE] 15m refresh complete: 37/37 symbols","timestamp":"2026-06-08T03:32:59.918Z"}
{"level":"info","message":"[MTF-CACHE] 4h refresh complete: 37/37 symbols","timestamp":"2026-06-08T03:33:00.204Z"}
{"level":"debug","message":"[RISK-LOOP] checking 2 open position(s)","timestamp":"2026-06-08T03:34:44.683Z"}
{"level":"debug","message":"[LIVE] TRX/USDC: checkRisk price=0.32660000 SL=0.28943200 TP=0.42757000 HWM=0.32890000 entry=0.32890000","timestamp":"2026-06-08T03:34:45.130Z"}
{"level":"debug","message":"[LIVE] BNB/USDC: checkRisk price=602.56000000 SL=573.78100000 TP=676.45760000 HWM=603.98000000 entry=603.98000000","timestamp":"2026-06-08T03:34:45.393Z"}
{"level":"debug","message":"[RISK-LOOP] checking 2 open position(s)","timestamp":"2026-06-08T03:36:44.662Z"}
{"level":"debug","message":"[LIVE] TRX/USDC: checkRisk price=0.32700000 SL=0.28943200 TP=0.42757000 HWM=0.32890000 entry=0.32890000","timestamp":"2026-06-08T03:36:44.926Z"}
{"level":"debug","message":"[LIVE] BNB/USDC: checkRisk price=602.59000000 SL=573.78100000 TP=676.45760000 HWM=603.98000000 entry=603.98000000","timestamp":"2026-06-08T03:36:45.188Z"}
{"level":"debug","message":"[RISK-LOOP] checking 2 open position(s)","timestamp":"2026-06-08T03:38:44.666Z"}
{"level":"debug","message":"[LIVE] TRX/USDC: checkRisk price=0.32700000 SL=0.28943200 TP=0.42757000 HWM=0.32890000 entry=0.32890000","timestamp":"2026-06-08T03:38:44.933Z"}
{"level":"debug","message":"[LIVE] BNB/USDC: checkRisk price=602.13000000 SL=573.78100000 TP=676.45760000 HWM=603.98000000 entry=603.98000000","timestamp":"2026-06-08T03:38:45.195Z"}
{"level":"debug","message":"[RISK-LOOP] checking 2 open position(s)","timestamp":"2026-06-08T03:40:44.653Z"}
{"level":"debug","message":"[LIVE] TRX/USDC: checkRisk price=0.32700000 SL=0.28943200 TP=0.42757000 HWM=0.32890000 entry=0.32890000","timestamp":"2026-06-08T03:40:44.917Z"}
{"level":"debug","message":"[LIVE] BNB/USDC: checkRisk price=602.20000000 SL=573.78100000 TP=676.45760000 HWM=603.98000000 entry=603.98000000","timestamp":"2026-06-08T03:40:45.184Z"}
{"level":"debug","message":"[RISK-LOOP] checking 2 open position(s)","timestamp":"2026-06-08T03:42:44.770Z"}
{"level":"debug","message":"[LIVE] TRX/USDC: checkRisk price=0.32710000 SL=0.28943200 TP=0.42757000 HWM=0.32890000 entry=0.32890000","timestamp":"2026-06-08T03:42:45.050Z"}
{"level":"debug","message":"[LIVE] BNB/USDC: checkRisk price=602.96000000 SL=573.78100000 TP=676.45760000 HWM=603.98000000 entry=603.98000000","timestamp":"2026-06-08T03:42:45.316Z"}
{"level":"debug","message":"[RISK-LOOP] checking 2 open position(s)","timestamp":"2026-06-08T03:44:44.665Z"}
{"level":"debug","message":"[LIVE] TRX/USDC: checkRisk price=0.32710000 SL=0.28943200 TP=0.42757000 HWM=0.32890000 entry=0.32890000","timestamp":"2026-06-08T03:44:44.939Z"}
{"level":"debug","message":"[LIVE] BNB/USDC: checkRisk price=602.56000000 SL=573.78100000 TP=676.45760000 HWM=603.98000000 entry=603.98000000","timestamp":"2026-06-08T03:44:45.203Z"}
{"level":"debug","message":"[RISK-LOOP] checking 2 open position(s)","timestamp":"2026-06-08T03:46:44.484Z"}
{"level":"debug","message":"[LIVE] TRX/USDC: checkRisk price=0.32700000 SL=0.28943200 TP=0.42757000 HWM=0.32890000 entry=0.32890000","timestamp":"2026-06-08T03:46:44.930Z"}
{"level":"debug","message":"[LIVE] BNB/USDC: checkRisk price=602.55000000 SL=573.78100000 TP=676.45760000 HWM=603.98000000 entry=603.98000000","timestamp":"2026-06-08T03:46:45.199Z"}
{"level":"info","message":"[MTF-CACHE] 15m refresh complete: 37/37 symbols","timestamp":"2026-06-08T03:48:00.385Z"}
{"level":"debug","message":"[RISK-LOOP] checking 2 open position(s)","timestamp":"2026-06-08T03:48:44.484Z"}
{"level":"debug","message":"[LIVE] TRX/USDC: checkRisk price=0.32660000 SL=0.28943200 TP=0.42757000 HWM=0.32890000 entry=0.32890000","timestamp":"2026-06-08T03:48:44.931Z"}
{"level":"debug","message":"[LIVE] BNB/USDC: checkRisk price=602.17000000 SL=573.78100000 TP=676.45760000 HWM=603.98000000 entry=603.98000000","timestamp":"2026-06-08T03:48:45.199Z"}
{"level":"debug","message":"[RISK-LOOP] checking 2 open position(s)","timestamp":"2026-06-08T03:50:44.489Z"}
{"level":"debug","message":"[LIVE] TRX/USDC: checkRisk price=0.32660000 SL=0.28943200 TP=0.42757000 HWM=0.32890000 entry=0.32890000","timestamp":"2026-06-08T03:50:44.960Z"}
{"level":"debug","message":"[LIVE] BNB/USDC: checkRisk price=602.49000000 SL=573.78100000 TP=676.45760000 HWM=603.98000000 entry=603.98000000","timestamp":"2026-06-08T03:50:45.225Z"}
{"level":"debug","message":"[RISK-LOOP] checking 2 open position(s)","timestamp":"2026-06-08T03:52:44.668Z"}
{"level":"debug","message":"[LIVE] TRX/USDC: checkRisk price=0.32660000 SL=0.28943200 TP=0.42757000 HWM=0.32890000 entry=0.32890000","timestamp":"2026-06-08T03:52:45.113Z"}
{"level":"debug","message":"[LIVE] BNB/USDC: checkRisk price=602.80000000 SL=573.78100000 TP=676.45760000 HWM=603.98000000 entry=603.98000000","timestamp":"2026-06-08T03:52:45.378Z"}
{"level":"debug","message":"[RISK-LOOP] checking 2 open position(s)","timestamp":"2026-06-08T03:54:44.495Z"}
{"level":"debug","message":"[LIVE] TRX/USDC: checkRisk price=0.32670000 SL=0.28943200 TP=0.42757000 HWM=0.32890000 entry=0.32890000","timestamp":"2026-06-08T03:54:45.068Z"}
{"level":"debug","message":"[LIVE] BNB/USDC: checkRisk price=602.80000000 SL=573.78100000 TP=676.45760000 HWM=603.98000000 entry=603.98000000","timestamp":"2026-06-08T03:54:45.334Z"}
{"level":"debug","message":"[RISK-LOOP] checking 2 open position(s)","timestamp":"2026-06-08T03:56:44.499Z"}
{"level":"debug","message":"[LIVE] TRX/USDC: checkRisk price=0.32670000 SL=0.28943200 TP=0.42757000 HWM=0.32890000 entry=0.32890000","timestamp":"2026-06-08T03:56:45.114Z"}
{"level":"debug","message":"[LIVE] BNB/USDC: checkRisk price=603.26000000 SL=573.78100000 TP=676.45760000 HWM=603.98000000 entry=603.98000000","timestamp":"2026-06-08T03:56:45.378Z"}
{"level":"debug","message":"[RISK-LOOP] checking 2 open position(s)","timestamp":"2026-06-08T03:58:44.486Z"}
{"level":"debug","message":"[LIVE] TRX/USDC: checkRisk price=0.32660000 SL=0.28943200 TP=0.42757000 HWM=0.32890000 entry=0.32890000","timestamp":"2026-06-08T03:58:44.928Z"}
{"level":"debug","message":"[LIVE] BNB/USDC: checkRisk price=602.83000000 SL=573.78100000 TP=676.45760000 HWM=603.98000000 entry=603.98000000","timestamp":"2026-06-08T03:58:45.370Z"}
{"level":"debug","message":"[RISK-LOOP] checking 2 open position(s)","timestamp":"2026-06-08T04:00:44.504Z"}
{"level":"debug","message":"[LIVE] TRX/USDC: checkRisk price=0.32670000 SL=0.28943200 TP=0.42757000 HWM=0.32890000 entry=0.32890000","timestamp":"2026-06-08T04:00:44.949Z"}
{"level":"debug","message":"[LIVE] BNB/USDC: checkRisk price=603.22000000 SL=573.78100000 TP=676.45760000 HWM=603.98000000 entry=603.98000000","timestamp":"2026-06-08T04:00:45.394Z"}
{"level":"debug","message":"[RISK-LOOP] checking 2 open position(s)","timestamp":"2026-06-08T04:02:44.683Z"}
{"level":"debug","message":"[LIVE] TRX/USDC: checkRisk price=0.32680000 SL=0.28943200 TP=0.42757000 HWM=0.32890000 entry=0.32890000","timestamp":"2026-06-08T04:02:45.270Z"}
{"level":"debug","message":"[LIVE] BNB/USDC: checkRisk price=603.00000000 SL=573.78100000 TP=676.45760000 HWM=603.98000000 entry=603.98000000","timestamp":"2026-06-08T04:02:45.534Z"}
{"level":"info","message":"[MTF-CACHE] 15m refresh complete: 37/37 symbols","timestamp":"2026-06-08T04:03:00.118Z"}
{"level":"debug","message":"[RISK-LOOP] checking 2 open position(s)","timestamp":"2026-06-08T04:04:44.504Z"}
{"level":"debug","message":"[LIVE] TRX/USDC: checkRisk price=0.32680000 SL=0.28943200 TP=0.42757000 HWM=0.32890000 entry=0.32890000","timestamp":"2026-06-08T04:04:44.946Z"}
{"level":"debug","message":"[LIVE] BNB/USDC: checkRisk price=601.39000000 SL=573.78100000 TP=676.45760000 HWM=603.98000000 entry=603.98000000","timestamp":"2026-06-08T04:04:45.392Z"}
{"level":"debug","message":"[RISK-LOOP] checking 2 open position(s)","timestamp":"2026-06-08T04:06:44.508Z"}
{"level":"debug","message":"[LIVE] TRX/USDC: checkRisk price=0.32680000 SL=0.28943200 TP=0.42757000 HWM=0.32890000 entry=0.32890000","timestamp":"2026-06-08T04:06:44.953Z"}
{"level":"debug","message":"[LIVE] BNB/USDC: checkRisk price=599.74000000 SL=573.78100000 TP=676.45760000 HWM=603.98000000 entry=603.98000000","timestamp":"2026-06-08T04:06:45.397Z"}
{"level":"debug","message":"[RISK-LOOP] checking 2 open position(s)","timestamp":"2026-06-08T04:08:44.512Z"}
{"level":"debug","message":"[LIVE] TRX/USDC: checkRisk price=0.32710000 SL=0.28943200 TP=0.42757000 HWM=0.32890000 entry=0.32890000","timestamp":"2026-06-08T04:08:44.956Z"}
{"level":"debug","message":"[LIVE] BNB/USDC: checkRisk price=600.20000000 SL=573.78100000 TP=676.45760000 HWM=603.98000000 entry=603.98000000","timestamp":"2026-06-08T04:08:45.401Z"}
{"level":"debug","message":"[RISK-LOOP] checking 2 open position(s)","timestamp":"2026-06-08T04:10:44.511Z"}
{"level":"debug","message":"[LIVE] TRX/USDC: checkRisk price=0.32720000 SL=0.28943200 TP=0.42757000 HWM=0.32890000 entry=0.32890000","timestamp":"2026-06-08T04:10:44.955Z"}
{"level":"debug","message":"[LIVE] BNB/USDC: checkRisk price=600.58000000 SL=573.78100000 TP=676.45760000 HWM=603.98000000 entry=603.98000000","timestamp":"2026-06-08T04:10:45.403Z"}
{"level":"debug","message":"[RISK-LOOP] checking 2 open position(s)","timestamp":"2026-06-08T04:12:45.147Z"}
{"level":"debug","message":"[LIVE] TRX/USDC: checkRisk price=0.32730000 SL=0.28943200 TP=0.42757000 HWM=0.32890000 entry=0.32890000","timestamp":"2026-06-08T04:12:45.590Z"}
{"level":"debug","message":"[LIVE] BNB/USDC: checkRisk price=599.62000000 SL=573.78100000 TP=676.45760000 HWM=603.98000000 entry=603.98000000","timestamp":"2026-06-08T04:12:45.856Z"}
{"level":"debug","message":"[RISK-LOOP] checking 2 open position(s)","timestamp":"2026-06-08T04:14:44.510Z"}
{"level":"debug","message":"[LIVE] TRX/USDC: checkRisk price=0.32700000 SL=0.28943200 TP=0.42757000 HWM=0.32890000 entry=0.32890000","timestamp":"2026-06-08T04:14:44.954Z"}
{"level":"debug","message":"[LIVE] BNB/USDC: checkRisk price=599.70000000 SL=573.78100000 TP=676.45760000 HWM=603.98000000 entry=603.98000000","timestamp":"2026-06-08T04:14:45.414Z"}
{"level":"debug","message":"[RISK-LOOP] checking 2 open position(s)","timestamp":"2026-06-08T04:16:44.515Z"}
{"level":"debug","message":"[LIVE] TRX/USDC: checkRisk price=0.32700000 SL=0.28943200 TP=0.42757000 HWM=0.32890000 entry=0.32890000","timestamp":"2026-06-08T04:16:44.959Z"}
{"level":"debug","message":"[LIVE] BNB/USDC: checkRisk price=599.39000000 SL=573.78100000 TP=676.45760000 HWM=603.98000000 entry=603.98000000","timestamp":"2026-06-08T04:16:45.223Z"}
{"level":"info","message":"[MTF-CACHE] 15m refresh complete: 37/37 symbols","timestamp":"2026-06-08T04:18:00.586Z"}
{"level":"debug","message":"[RISK-LOOP] checking 2 open position(s)","timestamp":"2026-06-08T04:18:44.526Z"}
{"level":"debug","message":"[LIVE] TRX/USDC: checkRisk price=0.32710000 SL=0.28943200 TP=0.42757000 HWM=0.32890000 entry=0.32890000","timestamp":"2026-06-08T04:18:44.972Z"}
{"level":"debug","message":"[LIVE] BNB/USDC: checkRisk price=598.76000000 SL=573.78100000 TP=676.45760000 HWM=603.98000000 entry=603.98000000","timestamp":"2026-06-08T04:18:45.236Z"}
{"level":"debug","message":"[RISK-LOOP] checking 2 open position(s)","timestamp":"2026-06-08T04:20:44.519Z"}
{"level":"debug","message":"[LIVE] TRX/USDC: checkRisk price=0.32710000 SL=0.28943200 TP=0.42757000 HWM=0.32890000 entry=0.32890000","timestamp":"2026-06-08T04:20:44.961Z"}
{"level":"debug","message":"[LIVE] BNB/USDC: checkRisk price=597.03000000 SL=573.78100000 TP=676.45760000 HWM=603.98000000 entry=603.98000000","timestamp":"2026-06-08T04:20:45.225Z"}
{"level":"debug","message":"[RISK-LOOP] checking 2 open position(s)","timestamp":"2026-06-08T04:22:44.705Z"}
{"level":"debug","message":"[LIVE] TRX/USDC: checkRisk price=0.32720000 SL=0.28943200 TP=0.42757000 HWM=0.32890000 entry=0.32890000","timestamp":"2026-06-08T04:22:45.149Z"}
{"level":"debug","message":"[LIVE] BNB/USDC: checkRisk price=597.41000000 SL=573.78100000 TP=676.45760000 HWM=603.98000000 entry=603.98000000","timestamp":"2026-06-08T04:22:45.413Z"}
{"level":"debug","message":"[RISK-LOOP] checking 2 open position(s)","timestamp":"2026-06-08T04:24:44.521Z"}
{"level":"debug","message":"[LIVE] TRX/USDC: checkRisk price=0.32710000 SL=0.28943200 TP=0.42757000 HWM=0.32890000 entry=0.32890000","timestamp":"2026-06-08T04:24:44.967Z"}
{"level":"debug","message":"[LIVE] BNB/USDC: checkRisk price=597.23000000 SL=573.78100000 TP=676.45760000 HWM=603.98000000 entry=603.98000000","timestamp":"2026-06-08T04:24:45.229Z"}
{"level":"debug","message":"[RISK-LOOP] checking 2 open position(s)","timestamp":"2026-06-08T04:26:44.533Z"}
{"level":"debug","message":"[LIVE] TRX/USDC: checkRisk price=0.32710000 SL=0.28943200 TP=0.42757000 HWM=0.32890000 entry=0.32890000","timestamp":"2026-06-08T04:26:44.974Z"}
{"level":"debug","message":"[LIVE] BNB/USDC: checkRisk price=597.53000000 SL=573.78100000 TP=676.45760000 HWM=603.98000000 entry=603.98000000","timestamp":"2026-06-08T04:26:45.241Z"}
{"level":"debug","message":"[RISK-LOOP] checking 2 open position(s)","timestamp":"2026-06-08T04:28:44.526Z"}
{"level":"debug","message":"[LIVE] TRX/USDC: checkRisk price=0.32710000 SL=0.28943200 TP=0.42757000 HWM=0.32890000 entry=0.32890000","timestamp":"2026-06-08T04:28:44.971Z"}
{"level":"debug","message":"[LIVE] BNB/USDC: checkRisk price=597.30000000 SL=573.78100000 TP=676.45760000 HWM=603.98000000 entry=603.98000000","timestamp":"2026-06-08T04:28:45.234Z"}
{"level":"debug","message":"[RISK-LOOP] checking 2 open position(s)","timestamp":"2026-06-08T04:30:44.530Z"}
{"level":"debug","message":"[LIVE] TRX/USDC: checkRisk price=0.32700000 SL=0.28943200 TP=0.42757000 HWM=0.32890000 entry=0.32890000","timestamp":"2026-06-08T04:30:44.977Z"}
{"level":"debug","message":"[LIVE] BNB/USDC: checkRisk price=598.22000000 SL=573.78100000 TP=676.45760000 HWM=603.98000000 entry=603.98000000","timestamp":"2026-06-08T04:30:45.242Z"}
{"level":"debug","message":"[RISK-LOOP] checking 2 open position(s)","timestamp":"2026-06-08T04:32:44.705Z"}
{"level":"debug","message":"[LIVE] TRX/USDC: checkRisk price=0.32680000 SL=0.28943200 TP=0.42757000 HWM=0.32890000 entry=0.32890000","timestamp":"2026-06-08T04:32:45.152Z"}
{"level":"debug","message":"[LIVE] BNB/USDC: checkRisk price=599.00000000 SL=573.78100000 TP=676.45760000 HWM=603.98000000 entry=603.98000000","timestamp":"2026-06-08T04:32:45.415Z"}
{"level":"info","message":"[MTF-CACHE] 15m refresh complete: 37/37 symbols","timestamp":"2026-06-08T04:32:59.958Z"}
{"level":"debug","message":"[RISK-LOOP] checking 2 open position(s)","timestamp":"2026-06-08T04:34:44.543Z"}
{"level":"debug","message":"[LIVE] TRX/USDC: checkRisk price=0.32680000 SL=0.28943200 TP=0.42757000 HWM=0.32890000 entry=0.32890000","timestamp":"2026-06-08T04:34:44.986Z"}
{"level":"debug","message":"[LIVE] BNB/USDC: checkRisk price=597.12000000 SL=573.78100000 TP=676.45760000 HWM=603.98000000 entry=603.98000000","timestamp":"2026-06-08T04:34:45.246Z"}
{"level":"debug","message":"[RISK-LOOP] checking 2 open position(s)","timestamp":"2026-06-08T04:36:44.545Z"}
{"level":"debug","message":"[LIVE] TRX/USDC: checkRisk price=0.32660000 SL=0.28943200 TP=0.42757000 HWM=0.32890000 entry=0.32890000","timestamp":"2026-06-08T04:36:44.990Z"}
{"level":"debug","message":"[LIVE] BNB/USDC: checkRisk price=597.14000000 SL=573.78100000 TP=676.45760000 HWM=603.98000000 entry=603.98000000","timestamp":"2026-06-08T04:36:45.256Z"}
{"level":"debug","message":"[RISK-LOOP] checking 2 open position(s)","timestamp":"2026-06-08T04:38:44.547Z"}
{"level":"debug","message":"[LIVE] TRX/USDC: checkRisk price=0.32660000 SL=0.28943200 TP=0.42757000 HWM=0.32890000 entry=0.32890000","timestamp":"2026-06-08T04:38:44.994Z"}
{"level":"debug","message":"[LIVE] BNB/USDC: checkRisk price=596.46000000 SL=573.78100000 TP=676.45760000 HWM=603.98000000 entry=603.98000000","timestamp":"2026-06-08T04:38:45.258Z"}
{"level":"debug","message":"[RISK-LOOP] checking 2 open position(s)","timestamp":"2026-06-08T04:40:44.554Z"}
{"level":"debug","message":"[LIVE] TRX/USDC: checkRisk price=0.32660000 SL=0.28943200 TP=0.42757000 HWM=0.32890000 entry=0.32890000","timestamp":"2026-06-08T04:40:44.999Z"}
{"level":"debug","message":"[LIVE] BNB/USDC: checkRisk price=596.39000000 SL=573.78100000 TP=676.45760000 HWM=603.98000000 entry=603.98000000","timestamp":"2026-06-08T04:40:45.262Z"}
{"level":"debug","message":"[RISK-LOOP] checking 2 open position(s)","timestamp":"2026-06-08T04:42:44.731Z"}
{"level":"debug","message":"[LIVE] TRX/USDC: checkRisk price=0.32680000 SL=0.28943200 TP=0.42757000 HWM=0.32890000 entry=0.32890000","timestamp":"2026-06-08T04:42:45.177Z"}
{"level":"debug","message":"[LIVE] BNB/USDC: checkRisk price=595.98000000 SL=573.78100000 TP=676.45760000 HWM=603.98000000 entry=603.98000000","timestamp":"2026-06-08T04:42:45.444Z"}
{"level":"debug","message":"[RISK-LOOP] checking 2 open position(s)","timestamp":"2026-06-08T04:44:44.548Z"}
{"level":"debug","message":"[LIVE] TRX/USDC: checkRisk price=0.32710000 SL=0.28943200 TP=0.42757000 HWM=0.32890000 entry=0.32890000","timestamp":"2026-06-08T04:44:44.995Z"}
{"level":"debug","message":"[LIVE] BNB/USDC: checkRisk price=596.95000000 SL=573.78100000 TP=676.45760000 HWM=603.98000000 entry=603.98000000","timestamp":"2026-06-08T04:44:45.260Z"}
{"level":"debug","message":"[RISK-LOOP] checking 2 open position(s)","timestamp":"2026-06-08T04:46:44.554Z"}
{"level":"debug","message":"[LIVE] TRX/USDC: checkRisk price=0.32730000 SL=0.28943200 TP=0.42757000 HWM=0.32890000 entry=0.32890000","timestamp":"2026-06-08T04:46:44.998Z"}
{"level":"debug","message":"[LIVE] BNB/USDC: checkRisk price=597.59000000 SL=573.78100000 TP=676.45760000 HWM=603.98000000 entry=603.98000000","timestamp":"2026-06-08T04:46:45.265Z"}
{"level":"info","message":"[MTF-CACHE] 15m refresh complete: 37/37 symbols","timestamp":"2026-06-08T04:47:59.930Z"}
{"level":"debug","message":"[RISK-LOOP] checking 2 open position(s)","timestamp":"2026-06-08T04:48:44.561Z"}
{"level":"debug","message":"[LIVE] TRX/USDC: checkRisk price=0.32740000 SL=0.28943200 TP=0.42757000 HWM=0.32890000 entry=0.32890000","timestamp":"2026-06-08T04:48:45.007Z"}
{"level":"debug","message":"[LIVE] BNB/USDC: checkRisk price=598.09000000 SL=573.78100000 TP=676.45760000 HWM=603.98000000 entry=603.98000000","timestamp":"2026-06-08T04:48:45.273Z"}
{"level":"debug","message":"[RISK-LOOP] checking 2 open position(s)","timestamp":"2026-06-08T04:50:44.550Z"}
{"level":"debug","message":"[LIVE] TRX/USDC: checkRisk price=0.32740000 SL=0.28943200 TP=0.42757000 HWM=0.32890000 entry=0.32890000","timestamp":"2026-06-08T04:50:44.993Z"}
{"level":"debug","message":"[LIVE] BNB/USDC: checkRisk price=598.46000000 SL=573.78100000 TP=676.45760000 HWM=603.98000000 entry=603.98000000","timestamp":"2026-06-08T04:50:45.258Z"}
{"level":"debug","message":"[RISK-LOOP] checking 2 open position(s)","timestamp":"2026-06-08T04:52:44.732Z"}
{"level":"debug","message":"[LIVE] TRX/USDC: checkRisk price=0.32740000 SL=0.28943200 TP=0.42757000 HWM=0.32890000 entry=0.32890000","timestamp":"2026-06-08T04:52:45.180Z"}
{"level":"debug","message":"[LIVE] BNB/USDC: checkRisk price=598.37000000 SL=573.78100000 TP=676.45760000 HWM=603.98000000 entry=603.98000000","timestamp":"2026-06-08T04:52:45.443Z"}
{"level":"debug","message":"[RISK-LOOP] checking 2 open position(s)","timestamp":"2026-06-08T04:54:44.571Z"}
{"level":"debug","message":"[LIVE] TRX/USDC: checkRisk price=0.32740000 SL=0.28943200 TP=0.42757000 HWM=0.32890000 entry=0.32890000","timestamp":"2026-06-08T04:54:45.017Z"}
{"level":"debug","message":"[LIVE] BNB/USDC: checkRisk price=597.24000000 SL=573.78100000 TP=676.45760000 HWM=603.98000000 entry=603.98000000","timestamp":"2026-06-08T04:54:45.285Z"}
{"level":"debug","message":"[RISK-LOOP] checking 2 open position(s)","timestamp":"2026-06-08T04:56:44.557Z"}
{"level":"debug","message":"[LIVE] TRX/USDC: checkRisk price=0.32740000 SL=0.28943200 TP=0.42757000 HWM=0.32890000 entry=0.32890000","timestamp":"2026-06-08T04:56:45.006Z"}
{"level":"debug","message":"[LIVE] BNB/USDC: checkRisk price=597.72000000 SL=573.78100000 TP=676.45760000 HWM=603.98000000 entry=603.98000000","timestamp":"2026-06-08T04:56:45.269Z"}
{"level":"debug","message":"[RISK-LOOP] checking 2 open position(s)","timestamp":"2026-06-08T04:58:44.567Z"}
{"level":"debug","message":"[LIVE] TRX/USDC: checkRisk price=0.32700000 SL=0.28943200 TP=0.42757000 HWM=0.32890000 entry=0.32890000","timestamp":"2026-06-08T04:58:45.011Z"}
{"level":"debug","message":"[LIVE] BNB/USDC: checkRisk price=596.75000000 SL=573.78100000 TP=676.45760000 HWM=603.98000000 entry=603.98000000","timestamp":"2026-06-08T04:58:45.275Z"}
{"level":"debug","message":"[RISK-LOOP] checking 2 open position(s)","timestamp":"2026-06-08T05:00:44.576Z"}
{"level":"debug","message":"[LIVE] TRX/USDC: checkRisk price=0.32700000 SL=0.28943200 TP=0.42757000 HWM=0.32890000 entry=0.32890000","timestamp":"2026-06-08T05:00:45.021Z"}
{"level":"debug","message":"[LIVE] BNB/USDC: checkRisk price=596.82000000 SL=573.78100000 TP=676.45760000 HWM=603.98000000 entry=603.98000000","timestamp":"2026-06-08T05:00:45.286Z"}
{"level":"debug","message":"[RISK-LOOP] checking 2 open position(s)","timestamp":"2026-06-08T05:02:44.750Z"}
{"level":"debug","message":"[LIVE] TRX/USDC: checkRisk price=0.32710000 SL=0.28943200 TP=0.42757000 HWM=0.32890000 entry=0.32890000","timestamp":"2026-06-08T05:02:45.192Z"}
{"level":"debug","message":"[LIVE] BNB/USDC: checkRisk price=597.10000000 SL=573.78100000 TP=676.45760000 HWM=603.98000000 entry=603.98000000","timestamp":"2026-06-08T05:02:45.458Z"}
{"level":"info","message":"[MTF-CACHE] 15m refresh complete: 37/37 symbols","timestamp":"2026-06-08T05:03:01.167Z"}
{"level":"debug","message":"[RISK-LOOP] checking 2 open position(s)","timestamp":"2026-06-08T05:04:44.562Z"}
{"level":"debug","message":"[LIVE] TRX/USDC: checkRisk price=0.32710000 SL=0.28943200 TP=0.42757000 HWM=0.32890000 entry=0.32890000","timestamp":"2026-06-08T05:04:45.012Z"}
{"level":"debug","message":"[LIVE] BNB/USDC: checkRisk price=596.79000000 SL=573.78100000 TP=676.45760000 HWM=603.98000000 entry=603.98000000","timestamp":"2026-06-08T05:04:45.276Z"}
{"level":"debug","message":"[RISK-LOOP] checking 2 open position(s)","timestamp":"2026-06-08T05:06:44.567Z"}
{"level":"debug","message":"[LIVE] TRX/USDC: checkRisk price=0.32690000 SL=0.28943200 TP=0.42757000 HWM=0.32890000 entry=0.32890000","timestamp":"2026-06-08T05:06:45.011Z"}
{"level":"debug","message":"[LIVE] BNB/USDC: checkRisk price=595.50000000 SL=573.78100000 TP=676.45760000 HWM=603.98000000 entry=603.98000000","timestamp":"2026-06-08T05:06:45.279Z"}
{"level":"debug","message":"[RISK-LOOP] checking 2 open position(s)","timestamp":"2026-06-08T05:08:44.567Z"}
{"level":"debug","message":"[LIVE] TRX/USDC: checkRisk price=0.32700000 SL=0.28943200 TP=0.42757000 HWM=0.32890000 entry=0.32890000","timestamp":"2026-06-08T05:08:45.010Z"}
{"level":"debug","message":"[LIVE] BNB/USDC: checkRisk price=595.47000000 SL=573.78100000 TP=676.45760000 HWM=603.98000000 entry=603.98000000","timestamp":"2026-06-08T05:08:45.274Z"}
{"level":"debug","message":"[RISK-LOOP] checking 2 open position(s)","timestamp":"2026-06-08T05:10:44.567Z"}
{"level":"debug","message":"[LIVE] TRX/USDC: checkRisk price=0.32710000 SL=0.28943200 TP=0.42757000 HWM=0.32890000 entry=0.32890000","timestamp":"2026-06-08T05:10:45.013Z"}
{"level":"debug","message":"[LIVE] BNB/USDC: checkRisk price=595.64000000 SL=573.78100000 TP=676.45760000 HWM=603.98000000 entry=603.98000000","timestamp":"2026-06-08T05:10:45.276Z"}
{"level":"debug","message":"[RISK-LOOP] checking 2 open position(s)","timestamp":"2026-06-08T05:12:44.760Z"}
{"level":"debug","message":"[LIVE] TRX/USDC: checkRisk price=0.32700000 SL=0.28943200 TP=0.42757000 HWM=0.32890000 entry=0.32890000","timestamp":"2026-06-08T05:12:45.209Z"}
{"level":"debug","message":"[LIVE] BNB/USDC: checkRisk price=595.02000000 SL=573.78100000 TP=676.45760000 HWM=603.98000000 entry=603.98000000","timestamp":"2026-06-08T05:12:45.475Z"}
{"level":"debug","message":"[RISK-LOOP] checking 2 open position(s)","timestamp":"2026-06-08T05:14:44.569Z"}
{"level":"debug","message":"[LIVE] TRX/USDC: checkRisk price=0.32700000 SL=0.28943200 TP=0.42757000 HWM=0.32890000 entry=0.32890000","timestamp":"2026-06-08T05:14:45.014Z"}
{"level":"debug","message":"[LIVE] BNB/USDC: checkRisk price=593.43000000 SL=573.78100000 TP=676.45760000 HWM=603.98000000 entry=603.98000000","timestamp":"2026-06-08T05:14:45.279Z"}
{"level":"debug","message":"[RISK-LOOP] checking 2 open position(s)","timestamp":"2026-06-08T05:16:44.585Z"}
{"level":"debug","message":"[LIVE] TRX/USDC: checkRisk price=0.32690000 SL=0.28943200 TP=0.42757000 HWM=0.32890000 entry=0.32890000","timestamp":"2026-06-08T05:16:45.029Z"}
{"level":"debug","message":"[LIVE] BNB/USDC: checkRisk price=593.89000000 SL=573.78100000 TP=676.45760000 HWM=603.98000000 entry=603.98000000","timestamp":"2026-06-08T05:16:45.294Z"}
{"level":"info","message":"[MTF-CACHE] 15m refresh complete: 37/37 symbols","timestamp":"2026-06-08T05:17:59.949Z"}
{"level":"debug","message":"[RISK-LOOP] checking 2 open position(s)","timestamp":"2026-06-08T05:18:44.585Z"}
{"level":"debug","message":"[LIVE] TRX/USDC: checkRisk price=0.32710000 SL=0.28943200 TP=0.42757000 HWM=0.32890000 entry=0.32890000","timestamp":"2026-06-08T05:18:45.031Z"}
{"level":"debug","message":"[LIVE] BNB/USDC: checkRisk price=594.23000000 SL=573.78100000 TP=676.45760000 HWM=603.98000000 entry=603.98000000","timestamp":"2026-06-08T05:18:45.294Z"}
{"level":"debug","message":"[RISK-LOOP] checking 2 open position(s)","timestamp":"2026-06-08T05:20:44.587Z"}
{"level":"debug","message":"[LIVE] TRX/USDC: checkRisk price=0.32700000 SL=0.28943200 TP=0.42757000 HWM=0.32890000 entry=0.32890000","timestamp":"2026-06-08T05:20:45.033Z"}
{"level":"debug","message":"[LIVE] BNB/USDC: checkRisk price=594.29000000 SL=573.78100000 TP=676.45760000 HWM=603.98000000 entry=603.98000000","timestamp":"2026-06-08T05:20:45.296Z"}
{"level":"debug","message":"[RISK-LOOP] checking 2 open position(s)","timestamp":"2026-06-08T05:22:44.765Z"}
{"level":"debug","message":"[LIVE] TRX/USDC: checkRisk price=0.32730000 SL=0.28943200 TP=0.42757000 HWM=0.32890000 entry=0.32890000","timestamp":"2026-06-08T05:22:45.211Z"}
{"level":"debug","message":"[LIVE] BNB/USDC: checkRisk price=594.78000000 SL=573.78100000 TP=676.45760000 HWM=603.98000000 entry=603.98000000","timestamp":"2026-06-08T05:22:45.477Z"}
{"level":"debug","message":"[RISK-LOOP] checking 2 open position(s)","timestamp":"2026-06-08T05:24:44.588Z"}
{"level":"debug","message":"[LIVE] TRX/USDC: checkRisk price=0.32720000 SL=0.28943200 TP=0.42757000 HWM=0.32890000 entry=0.32890000","timestamp":"2026-06-08T05:24:45.034Z"}
{"level":"debug","message":"[LIVE] BNB/USDC: checkRisk price=594.45000000 SL=573.78100000 TP=676.45760000 HWM=603.98000000 entry=603.98000000","timestamp":"2026-06-08T05:24:45.756Z"}
{"level":"debug","message":"[RISK-LOOP] checking 2 open position(s)","timestamp":"2026-06-08T05:26:44.596Z"}
{"level":"debug","message":"[LIVE] TRX/USDC: checkRisk price=0.32730000 SL=0.28943200 TP=0.42757000 HWM=0.32890000 entry=0.32890000","timestamp":"2026-06-08T05:26:45.041Z"}
{"level":"debug","message":"[LIVE] BNB/USDC: checkRisk price=594.42000000 SL=573.78100000 TP=676.45760000 HWM=603.98000000 entry=603.98000000","timestamp":"2026-06-08T05:26:45.309Z"}
{"level":"debug","message":"[RISK-LOOP] checking 2 open position(s)","timestamp":"2026-06-08T05:28:44.592Z"}
{"level":"debug","message":"[LIVE] TRX/USDC: checkRisk price=0.32740000 SL=0.28943200 TP=0.42757000 HWM=0.32890000 entry=0.32890000","timestamp":"2026-06-08T05:28:45.035Z"}
{"level":"debug","message":"[LIVE] BNB/USDC: checkRisk price=595.12000000 SL=573.78100000 TP=676.45760000 HWM=603.98000000 entry=603.98000000","timestamp":"2026-06-08T05:28:45.303Z"}
{"level":"debug","message":"[RISK-LOOP] checking 2 open position(s)","timestamp":"2026-06-08T05:30:44.594Z"}
{"level":"debug","message":"[LIVE] TRX/USDC: checkRisk price=0.32740000 SL=0.28943200 TP=0.42757000 HWM=0.32890000 entry=0.32890000","timestamp":"2026-06-08T05:30:45.042Z"}
{"level":"debug","message":"[LIVE] BNB/USDC: checkRisk price=594.80000000 SL=573.78100000 TP=676.45760000 HWM=603.98000000 entry=603.98000000","timestamp":"2026-06-08T05:30:45.305Z"}
{"level":"debug","message":"[RISK-LOOP] checking 2 open position(s)","timestamp":"2026-06-08T05:32:44.771Z"}
{"level":"debug","message":"[LIVE] TRX/USDC: checkRisk price=0.32740000 SL=0.28943200 TP=0.42757000 HWM=0.32890000 entry=0.32890000","timestamp":"2026-06-08T05:32:45.218Z"}
{"level":"debug","message":"[LIVE] BNB/USDC: checkRisk price=594.05000000 SL=573.78100000 TP=676.45760000 HWM=603.98000000 entry=603.98000000","timestamp":"2026-06-08T05:32:45.483Z"}
{"level":"info","message":"[MTF-CACHE] 15m refresh complete: 37/37 symbols","timestamp":"2026-06-08T05:33:00.577Z"}
{"level":"debug","message":"[RISK-LOOP] checking 2 open position(s)","timestamp":"2026-06-08T05:34:44.597Z"}
{"level":"debug","message":"[LIVE] TRX/USDC: checkRisk price=0.32740000 SL=0.28943200 TP=0.42757000 HWM=0.32890000 entry=0.32890000","timestamp":"2026-06-08T05:34:45.048Z"}
{"level":"debug","message":"[LIVE] BNB/USDC: checkRisk price=594.17000000 SL=573.78100000 TP=676.45760000 HWM=603.98000000 entry=603.98000000","timestamp":"2026-06-08T05:34:45.314Z"}
{"level":"debug","message":"[RISK-LOOP] checking 2 open position(s)","timestamp":"2026-06-08T05:36:44.600Z"}
{"level":"debug","message":"[LIVE] TRX/USDC: checkRisk price=0.32690000 SL=0.28943200 TP=0.42757000 HWM=0.32890000 entry=0.32890000","timestamp":"2026-06-08T05:36:45.046Z"}
{"level":"debug","message":"[LIVE] BNB/USDC: checkRisk price=593.64000000 SL=573.78100000 TP=676.45760000 HWM=603.98000000 entry=603.98000000","timestamp":"2026-06-08T05:36:45.311Z"}
{"level":"debug","message":"[RISK-LOOP] checking 2 open position(s)","timestamp":"2026-06-08T05:38:44.592Z"}
{"level":"debug","message":"[LIVE] TRX/USDC: checkRisk price=0.32680000 SL=0.28943200 TP=0.42757000 HWM=0.32890000 entry=0.32890000","timestamp":"2026-06-08T05:38:45.035Z"}
{"level":"debug","message":"[LIVE] BNB/USDC: checkRisk price=592.32000000 SL=573.78100000 TP=676.45760000 HWM=603.98000000 entry=603.98000000","timestamp":"2026-06-08T05:38:45.298Z"}
{"level":"debug","message":"[RISK-LOOP] checking 2 open position(s)","timestamp":"2026-06-08T05:40:44.586Z"}
{"level":"debug","message":"[LIVE] TRX/USDC: checkRisk price=0.32690000 SL=0.28943200 TP=0.42757000 HWM=0.32890000 entry=0.32890000","timestamp":"2026-06-08T05:40:45.032Z"}
{"level":"debug","message":"[LIVE] BNB/USDC: checkRisk price=592.79000000 SL=573.78100000 TP=676.45760000 HWM=603.98000000 entry=603.98000000","timestamp":"2026-06-08T05:40:45.299Z"}
{"level":"debug","message":"[RISK-LOOP] checking 2 open position(s)","timestamp":"2026-06-08T05:42:44.767Z"}
{"level":"debug","message":"[LIVE] TRX/USDC: checkRisk price=0.32680000 SL=0.28943200 TP=0.42757000 HWM=0.32890000 entry=0.32890000","timestamp":"2026-06-08T05:42:45.213Z"}
{"level":"debug","message":"[LIVE] BNB/USDC: checkRisk price=591.57000000 SL=573.78100000 TP=676.45760000 HWM=603.98000000 entry=603.98000000","timestamp":"2026-06-08T05:42:45.476Z"}
{"level":"debug","message":"[RISK-LOOP] checking 2 open position(s)","timestamp":"2026-06-08T05:44:44.592Z"}
{"level":"debug","message":"[LIVE] TRX/USDC: checkRisk price=0.32680000 SL=0.28943200 TP=0.42757000 HWM=0.32890000 entry=0.32890000","timestamp":"2026-06-08T05:44:45.036Z"}
{"level":"debug","message":"[LIVE] BNB/USDC: checkRisk price=592.44000000 SL=573.78100000 TP=676.45760000 HWM=603.98000000 entry=603.98000000","timestamp":"2026-06-08T05:44:45.300Z"}
{"level":"debug","message":"[RISK-LOOP] checking 2 open position(s)","timestamp":"2026-06-08T05:46:44.603Z"}
{"level":"debug","message":"[LIVE] TRX/USDC: checkRisk price=0.32670000 SL=0.28943200 TP=0.42757000 HWM=0.32890000 entry=0.32890000","timestamp":"2026-06-08T05:46:45.050Z"}
{"level":"debug","message":"[LIVE] BNB/USDC: checkRisk price=592.85000000 SL=573.78100000 TP=676.45760000 HWM=603.98000000 entry=603.98000000","timestamp":"2026-06-08T05:46:45.317Z"}
{"level":"info","message":"[MTF-CACHE] 15m refresh complete: 37/37 symbols","timestamp":"2026-06-08T05:48:01.350Z"}
{"level":"debug","message":"[RISK-LOOP] checking 2 open position(s)","timestamp":"2026-06-08T05:48:44.591Z"}
{"level":"debug","message":"[LIVE] TRX/USDC: checkRisk price=0.32670000 SL=0.28943200 TP=0.42757000 HWM=0.32890000 entry=0.32890000","timestamp":"2026-06-08T05:48:45.037Z"}
{"level":"debug","message":"[LIVE] BNB/USDC: checkRisk price=592.98000000 SL=573.78100000 TP=676.45760000 HWM=603.98000000 entry=603.98000000","timestamp":"2026-06-08T05:48:45.303Z"}
{"level":"debug","message":"[RISK-LOOP] checking 2 open position(s)","timestamp":"2026-06-08T05:50:44.602Z"}
{"level":"debug","message":"[LIVE] TRX/USDC: checkRisk price=0.32670000 SL=0.28943200 TP=0.42757000 HWM=0.32890000 entry=0.32890000","timestamp":"2026-06-08T05:50:45.048Z"}
{"level":"debug","message":"[LIVE] BNB/USDC: checkRisk price=593.33000000 SL=573.78100000 TP=676.45760000 HWM=603.98000000 entry=603.98000000","timestamp":"2026-06-08T05:50:45.316Z"}
{"level":"debug","message":"[RISK-LOOP] checking 2 open position(s)","timestamp":"2026-06-08T05:52:44.603Z"}
{"level":"debug","message":"[LIVE] TRX/USDC: checkRisk price=0.32700000 SL=0.28943200 TP=0.42757000 HWM=0.32890000 entry=0.32890000","timestamp":"2026-06-08T05:52:45.050Z"}
{"level":"debug","message":"[LIVE] BNB/USDC: checkRisk price=594.13000000 SL=573.78100000 TP=676.45760000 HWM=603.98000000 entry=603.98000000","timestamp":"2026-06-08T05:52:45.315Z"}
{"level":"debug","message":"[RISK-LOOP] checking 2 open position(s)","timestamp":"2026-06-08T05:54:44.605Z"}
{"level":"debug","message":"[LIVE] TRX/USDC: checkRisk price=0.32700000 SL=0.28943200 TP=0.42757000 HWM=0.32890000 entry=0.32890000","timestamp":"2026-06-08T05:54:45.050Z"}
{"level":"debug","message":"[LIVE] BNB/USDC: checkRisk price=593.94000000 SL=573.78100000 TP=676.45760000 HWM=603.98000000 entry=603.98000000","timestamp":"2026-06-08T05:54:45.315Z"}
{"level":"debug","message":"[RISK-LOOP] checking 2 open position(s)","timestamp":"2026-06-08T05:56:44.607Z"}
{"level":"debug","message":"[LIVE] TRX/USDC: checkRisk price=0.32710000 SL=0.28943200 TP=0.42757000 HWM=0.32890000 entry=0.32890000","timestamp":"2026-06-08T05:56:45.048Z"}
{"level":"debug","message":"[LIVE] BNB/USDC: checkRisk price=594.91000000 SL=573.78100000 TP=676.45760000 HWM=603.98000000 entry=603.98000000","timestamp":"2026-06-08T05:56:45.313Z"}
{"level":"debug","message":"[RISK-LOOP] checking 2 open position(s)","timestamp":"2026-06-08T05:58:44.608Z"}
{"level":"debug","message":"[LIVE] TRX/USDC: checkRisk price=0.32700000 SL=0.28943200 TP=0.42757000 HWM=0.32890000 entry=0.32890000","timestamp":"2026-06-08T05:58:45.052Z"}
{"level":"debug","message":"[LIVE] BNB/USDC: checkRisk price=594.66000000 SL=573.78100000 TP=676.45760000 HWM=603.98000000 entry=603.98000000","timestamp":"2026-06-08T05:58:45.316Z"}
{"level":"error","message":"[LIVE] status fetch failed - binance GET https://api.binance.com/api/v3/account?timestamp=1780898407961&recvWindow=10000&signature=254bfdfdeabb2a9e2f4d0bf65c4595bf41b182b736838de8cd9947976aaa1114 500 Internal Server Error <html>\r\n<head><title>500 Internal Server Error</title></head>\r\n<body>\r\n<center><h1>500 Internal Server Error</h1></center>\r\n</body>\r\n</html>\r\n","timestamp":"2026-06-08T06:00:13.050Z"}
{"level":"debug","message":"[RISK-LOOP] checking 2 open position(s)","timestamp":"2026-06-08T06:00:44.604Z"}
{"level":"debug","message":"[LIVE] TRX/USDC: checkRisk price=0.32700000 SL=0.28943200 TP=0.42757000 HWM=0.32890000 entry=0.32890000","timestamp":"2026-06-08T06:00:45.050Z"}
{"level":"debug","message":"[LIVE] BNB/USDC: checkRisk price=595.52000000 SL=573.78100000 TP=676.45760000 HWM=603.98000000 entry=603.98000000","timestamp":"2026-06-08T06:00:45.314Z"}
{"level":"debug","message":"[RISK-LOOP] checking 2 open position(s)","timestamp":"2026-06-08T06:02:44.606Z"}
{"level":"debug","message":"[LIVE] TRX/USDC: checkRisk price=0.32740000 SL=0.28943200 TP=0.42757000 HWM=0.32890000 entry=0.32890000","timestamp":"2026-06-08T06:02:45.051Z"}
{"level":"debug","message":"[LIVE] BNB/USDC: checkRisk price=595.80000000 SL=573.78100000 TP=676.45760000 HWM=603.98000000 entry=603.98000000","timestamp":"2026-06-08T06:02:45.319Z"}
{"level":"info","message":"[MTF-CACHE] 15m refresh complete: 37/37 symbols","timestamp":"2026-06-08T06:03:00.016Z"}
{"level":"debug","message":"[RISK-LOOP] checking 2 open position(s)","timestamp":"2026-06-08T06:04:44.606Z"}
{"level":"debug","message":"[LIVE] TRX/USDC: checkRisk price=0.32730000 SL=0.28943200 TP=0.42757000 HWM=0.32890000 entry=0.32890000","timestamp":"2026-06-08T06:04:45.051Z"}
{"level":"debug","message":"[LIVE] BNB/USDC: checkRisk price=595.46000000 SL=573.78100000 TP=676.45760000 HWM=603.98000000 entry=603.98000000","timestamp":"2026-06-08T06:04:45.315Z"}
{"level":"debug","message":"[RISK-LOOP] checking 2 open position(s)","timestamp":"2026-06-08T06:06:44.603Z"}
{"level":"debug","message":"[LIVE] TRX/USDC: checkRisk price=0.32740000 SL=0.28943200 TP=0.42757000 HWM=0.32890000 entry=0.32890000","timestamp":"2026-06-08T06:06:45.047Z"}
{"level":"debug","message":"[LIVE] BNB/USDC: checkRisk price=595.80000000 SL=573.78100000 TP=676.45760000 HWM=603.98000000 entry=603.98000000","timestamp":"2026-06-08T06:06:45.314Z"}
{"level":"debug","message":"[RISK-LOOP] checking 2 open position(s)","timestamp":"2026-06-08T06:08:44.624Z"}
{"level":"debug","message":"[LIVE] TRX/USDC: checkRisk price=0.32720000 SL=0.28943200 TP=0.42757000 HWM=0.32890000 entry=0.32890000","timestamp":"2026-06-08T06:08:45.070Z"}
{"level":"debug","message":"[LIVE] BNB/USDC: checkRisk price=595.69000000 SL=573.78100000 TP=676.45760000 HWM=603.98000000 entry=603.98000000","timestamp":"2026-06-08T06:08:45.335Z"}
{"level":"debug","message":"[RISK-LOOP] checking 2 open position(s)","timestamp":"2026-06-08T06:10:44.607Z"}
{"level":"debug","message":"[LIVE] TRX/USDC: checkRisk price=0.32740000 SL=0.28943200 TP=0.42757000 HWM=0.32890000 entry=0.32890000","timestamp":"2026-06-08T06:10:45.053Z"}
{"level":"debug","message":"[LIVE] BNB/USDC: checkRisk price=595.82000000 SL=573.78100000 TP=676.45760000 HWM=603.98000000 entry=603.98000000","timestamp":"2026-06-08T06:10:45.320Z"}
{"level":"debug","message":"[RISK-LOOP] checking 2 open position(s)","timestamp":"2026-06-08T06:12:44.604Z"}
{"level":"debug","message":"[LIVE] TRX/USDC: checkRisk price=0.32740000 SL=0.28943200 TP=0.42757000 HWM=0.32890000 entry=0.32890000","timestamp":"2026-06-08T06:12:45.051Z"}
{"level":"debug","message":"[LIVE] BNB/USDC: checkRisk price=595.62000000 SL=573.78100000 TP=676.45760000 HWM=603.98000000 entry=603.98000000","timestamp":"2026-06-08T06:12:45.315Z"}
{"level":"debug","message":"[RISK-LOOP] checking 2 open position(s)","timestamp":"2026-06-08T06:14:44.597Z"}
{"level":"debug","message":"[LIVE] TRX/USDC: checkRisk price=0.32730000 SL=0.28943200 TP=0.42757000 HWM=0.32890000 entry=0.32890000","timestamp":"2026-06-08T06:14:45.042Z"}
{"level":"debug","message":"[LIVE] BNB/USDC: checkRisk price=595.97000000 SL=573.78100000 TP=676.45760000 HWM=603.98000000 entry=603.98000000","timestamp":"2026-06-08T06:14:45.309Z"}
{"level":"debug","message":"[RISK-LOOP] checking 2 open position(s)","timestamp":"2026-06-08T06:16:44.604Z"}
{"level":"debug","message":"[LIVE] TRX/USDC: checkRisk price=0.32740000 SL=0.28943200 TP=0.42757000 HWM=0.32890000 entry=0.32890000","timestamp":"2026-06-08T06:16:45.051Z"}
{"level":"debug","message":"[LIVE] BNB/USDC: checkRisk price=595.41000000 SL=573.78100000 TP=676.45760000 HWM=603.98000000 entry=603.98000000","timestamp":"2026-06-08T06:16:45.316Z"}
{"level":"info","message":"[MTF-CACHE] 15m refresh complete: 37/37 symbols","timestamp":"2026-06-08T06:18:00.448Z"}
{"level":"debug","message":"[RISK-LOOP] checking 2 open position(s)","timestamp":"2026-06-08T06:18:44.597Z"}
{"level":"debug","message":"[LIVE] TRX/USDC: checkRisk price=0.32740000 SL=0.28943200 TP=0.42757000 HWM=0.32890000 entry=0.32890000","timestamp":"2026-06-08T06:18:45.043Z"}
{"level":"debug","message":"[LIVE] BNB/USDC: checkRisk price=596.30000000 SL=573.78100000 TP=676.45760000 HWM=603.98000000 entry=603.98000000","timestamp":"2026-06-08T06:18:45.309Z"}
{"level":"debug","message":"[RISK-LOOP] checking 2 open position(s)","timestamp":"2026-06-08T06:20:44.597Z"}
{"level":"debug","message":"[LIVE] TRX/USDC: checkRisk price=0.32730000 SL=0.28943200 TP=0.42757000 HWM=0.32890000 entry=0.32890000","timestamp":"2026-06-08T06:20:45.041Z"}
{"level":"debug","message":"[LIVE] BNB/USDC: checkRisk price=596.81000000 SL=573.78100000 TP=676.45760000 HWM=603.98000000 entry=603.98000000","timestamp":"2026-06-08T06:20:45.318Z"}
{"level":"debug","message":"[RISK-LOOP] checking 2 open position(s)","timestamp":"2026-06-08T06:22:44.673Z"}
{"level":"debug","message":"[LIVE] TRX/USDC: checkRisk price=0.32720000 SL=0.28943200 TP=0.42757000 HWM=0.32890000 entry=0.32890000","timestamp":"2026-06-08T06:22:45.119Z"}
{"level":"debug","message":"[LIVE] BNB/USDC: checkRisk price=596.91000000 SL=573.78100000 TP=676.45760000 HWM=603.98000000 entry=603.98000000","timestamp":"2026-06-08T06:22:45.385Z"}
{"level":"debug","message":"[RISK-LOOP] checking 2 open position(s)","timestamp":"2026-06-08T06:24:44.607Z"}
{"level":"debug","message":"[LIVE] TRX/USDC: checkRisk price=0.32730000 SL=0.28943200 TP=0.42757000 HWM=0.32890000 entry=0.32890000","timestamp":"2026-06-08T06:24:45.054Z"}
{"level":"debug","message":"[LIVE] BNB/USDC: checkRisk price=596.16000000 SL=573.78100000 TP=676.45760000 HWM=603.98000000 entry=603.98000000","timestamp":"2026-06-08T06:24:45.323Z"}
{"level":"debug","message":"[RISK-LOOP] checking 2 open position(s)","timestamp":"2026-06-08T06:26:44.654Z"}
{"level":"debug","message":"[LIVE] TRX/USDC: checkRisk price=0.32740000 SL=0.28943200 TP=0.42757000 HWM=0.32890000 entry=0.32890000","timestamp":"2026-06-08T06:26:45.101Z"}
{"level":"debug","message":"[LIVE] BNB/USDC: checkRisk price=596.82000000 SL=573.78100000 TP=676.45760000 HWM=603.98000000 entry=603.98000000","timestamp":"2026-06-08T06:26:45.365Z"}
{"level":"debug","message":"[RISK-LOOP] checking 2 open position(s)","timestamp":"2026-06-08T06:28:44.706Z"}
{"level":"debug","message":"[LIVE] TRX/USDC: checkRisk price=0.32750000 SL=0.28943200 TP=0.42757000 HWM=0.32890000 entry=0.32890000","timestamp":"2026-06-08T06:28:45.150Z"}
{"level":"debug","message":"[LIVE] BNB/USDC: checkRisk price=596.62000000 SL=573.78100000 TP=676.45760000 HWM=603.98000000 entry=603.98000000","timestamp":"2026-06-08T06:28:45.425Z"}
{"level":"debug","message":"[RISK-LOOP] checking 2 open position(s)","timestamp":"2026-06-08T06:30:44.790Z"}
{"level":"debug","message":"[LIVE] TRX/USDC: checkRisk price=0.32750000 SL=0.28943200 TP=0.42757000 HWM=0.32890000 entry=0.32890000","timestamp":"2026-06-08T06:30:45.236Z"}
{"level":"debug","message":"[LIVE] BNB/USDC: checkRisk price=596.35000000 SL=573.78100000 TP=676.45760000 HWM=603.98000000 entry=603.98000000","timestamp":"2026-06-08T06:30:45.500Z"}
{"level":"debug","message":"[RISK-LOOP] checking 2 open position(s)","timestamp":"2026-06-08T06:32:44.784Z"}
{"level":"debug","message":"[LIVE] TRX/USDC: checkRisk price=0.32750000 SL=0.28943200 TP=0.42757000 HWM=0.32890000 entry=0.32890000","timestamp":"2026-06-08T06:32:45.051Z"}
{"level":"debug","message":"[LIVE] BNB/USDC: checkRisk price=596.31000000 SL=573.78100000 TP=676.45760000 HWM=603.98000000 entry=603.98000000","timestamp":"2026-06-08T06:32:45.317Z"}
{"level":"info","message":"[MTF-CACHE] 15m refresh complete: 37/37 symbols","timestamp":"2026-06-08T06:33:00.002Z"}
{"level":"debug","message":"[RISK-LOOP] checking 2 open position(s)","timestamp":"2026-06-08T06:34:44.784Z"}
{"level":"debug","message":"[LIVE] TRX/USDC: checkRisk price=0.32740000 SL=0.28943200 TP=0.42757000 HWM=0.32890000 entry=0.32890000","timestamp":"2026-06-08T06:34:45.051Z"}
{"level":"debug","message":"[LIVE] BNB/USDC: checkRisk price=596.18000000 SL=573.78100000 TP=676.45760000 HWM=603.98000000 entry=603.98000000","timestamp":"2026-06-08T06:34:45.328Z"}
{"level":"debug","message":"[RISK-LOOP] checking 2 open position(s)","timestamp":"2026-06-08T06:36:44.785Z"}
{"level":"debug","message":"[LIVE] TRX/USDC: checkRisk price=0.32740000 SL=0.28943200 TP=0.42757000 HWM=0.32890000 entry=0.32890000","timestamp":"2026-06-08T06:36:45.049Z"}
{"level":"debug","message":"[LIVE] BNB/USDC: checkRisk price=595.97000000 SL=573.78100000 TP=676.45760000 HWM=603.98000000 entry=603.98000000","timestamp":"2026-06-08T06:36:45.313Z"}
{"level":"debug","message":"[RISK-LOOP] checking 2 open position(s)","timestamp":"2026-06-08T06:38:44.788Z"}
{"level":"debug","message":"[LIVE] TRX/USDC: checkRisk price=0.32730000 SL=0.28943200 TP=0.42757000 HWM=0.32890000 entry=0.32890000","timestamp":"2026-06-08T06:38:45.051Z"}
{"level":"debug","message":"[LIVE] BNB/USDC: checkRisk price=595.86000000 SL=573.78100000 TP=676.45760000 HWM=603.98000000 entry=603.98000000","timestamp":"2026-06-08T06:38:45.314Z"}
{"level":"debug","message":"[RISK-LOOP] checking 2 open position(s)","timestamp":"2026-06-08T06:40:44.610Z"}
{"level":"debug","message":"[LIVE] TRX/USDC: checkRisk price=0.32730000 SL=0.28943200 TP=0.42757000 HWM=0.32890000 entry=0.32890000","timestamp":"2026-06-08T06:40:45.064Z"}
{"level":"debug","message":"[LIVE] BNB/USDC: checkRisk price=595.66000000 SL=573.78100000 TP=676.45760000 HWM=603.98000000 entry=603.98000000","timestamp":"2026-06-08T06:40:45.329Z"}
{"level":"debug","message":"[RISK-LOOP] checking 2 open position(s)","timestamp":"2026-06-08T06:42:44.794Z"}
{"level":"debug","message":"[LIVE] TRX/USDC: checkRisk price=0.32720000 SL=0.28943200 TP=0.42757000 HWM=0.32890000 entry=0.32890000","timestamp":"2026-06-08T06:42:45.240Z"}
{"level":"debug","message":"[LIVE] BNB/USDC: checkRisk price=594.96000000 SL=573.78100000 TP=676.45760000 HWM=603.98000000 entry=603.98000000","timestamp":"2026-06-08T06:42:45.505Z"}
{"level":"debug","message":"[RISK-LOOP] checking 2 open position(s)","timestamp":"2026-06-08T06:44:44.613Z"}
{"level":"debug","message":"[LIVE] TRX/USDC: checkRisk price=0.32720000 SL=0.28943200 TP=0.42757000 HWM=0.32890000 entry=0.32890000","timestamp":"2026-06-08T06:44:45.150Z"}
{"level":"debug","message":"[LIVE] BNB/USDC: checkRisk price=595.81000000 SL=573.78100000 TP=676.45760000 HWM=603.98000000 entry=603.98000000","timestamp":"2026-06-08T06:44:45.412Z"}
{"level":"debug","message":"[RISK-LOOP] checking 2 open position(s)","timestamp":"2026-06-08T06:46:44.607Z"}
{"level":"debug","message":"[LIVE] TRX/USDC: checkRisk price=0.32720000 SL=0.28943200 TP=0.42757000 HWM=0.32890000 entry=0.32890000","timestamp":"2026-06-08T06:46:45.208Z"}
{"level":"debug","message":"[LIVE] BNB/USDC: checkRisk price=595.58000000 SL=573.78100000 TP=676.45760000 HWM=603.98000000 entry=603.98000000","timestamp":"2026-06-08T06:46:45.474Z"}
{"level":"info","message":"[MTF-CACHE] 15m refresh complete: 37/37 symbols","timestamp":"2026-06-08T06:48:00.150Z"}
{"level":"debug","message":"[RISK-LOOP] checking 2 open position(s)","timestamp":"2026-06-08T06:48:44.628Z"}
{"level":"debug","message":"[LIVE] TRX/USDC: checkRisk price=0.32740000 SL=0.28943200 TP=0.42757000 HWM=0.32890000 entry=0.32890000","timestamp":"2026-06-08T06:48:45.254Z"}
{"level":"debug","message":"[LIVE] BNB/USDC: checkRisk price=595.38000000 SL=573.78100000 TP=676.45760000 HWM=603.98000000 entry=603.98000000","timestamp":"2026-06-08T06:48:45.520Z"}
{"level":"debug","message":"[RISK-LOOP] checking 2 open position(s)","timestamp":"2026-06-08T06:50:44.625Z"}
{"level":"debug","message":"[LIVE] TRX/USDC: checkRisk price=0.32730000 SL=0.28943200 TP=0.42757000 HWM=0.32890000 entry=0.32890000","timestamp":"2026-06-08T06:50:45.071Z"}
{"level":"debug","message":"[LIVE] BNB/USDC: checkRisk price=595.23000000 SL=573.78100000 TP=676.45760000 HWM=603.98000000 entry=603.98000000","timestamp":"2026-06-08T06:50:45.518Z"}
{"level":"debug","message":"[RISK-LOOP] checking 2 open position(s)","timestamp":"2026-06-08T06:52:44.796Z"}
{"level":"debug","message":"[LIVE] TRX/USDC: checkRisk price=0.32730000 SL=0.28943200 TP=0.42757000 HWM=0.32890000 entry=0.32890000","timestamp":"2026-06-08T06:52:45.351Z"}
{"level":"debug","message":"[LIVE] BNB/USDC: checkRisk price=595.82000000 SL=573.78100000 TP=676.45760000 HWM=603.98000000 entry=603.98000000","timestamp":"2026-06-08T06:52:45.616Z"}
{"level":"debug","message":"[RISK-LOOP] checking 2 open position(s)","timestamp":"2026-06-08T06:54:44.627Z"}
{"level":"debug","message":"[LIVE] TRX/USDC: checkRisk price=0.32740000 SL=0.28943200 TP=0.42757000 HWM=0.32890000 entry=0.32890000","timestamp":"2026-06-08T06:54:45.073Z"}
{"level":"debug","message":"[LIVE] BNB/USDC: checkRisk price=596.02000000 SL=573.78100000 TP=676.45760000 HWM=603.98000000 entry=603.98000000","timestamp":"2026-06-08T06:54:45.518Z"}
{"level":"debug","message":"[RISK-LOOP] checking 2 open position(s)","timestamp":"2026-06-08T06:56:44.632Z"}
{"level":"debug","message":"[LIVE] TRX/USDC: checkRisk price=0.32740000 SL=0.28943200 TP=0.42757000 HWM=0.32890000 entry=0.32890000","timestamp":"2026-06-08T06:56:45.077Z"}
{"level":"debug","message":"[LIVE] BNB/USDC: checkRisk price=595.96000000 SL=573.78100000 TP=676.45760000 HWM=603.98000000 entry=603.98000000","timestamp":"2026-06-08T06:56:45.525Z"}
{"level":"debug","message":"[RISK-LOOP] checking 2 open position(s)","timestamp":"2026-06-08T06:58:44.639Z"}
{"level":"debug","message":"[LIVE] TRX/USDC: checkRisk price=0.32740000 SL=0.28943200 TP=0.42757000 HWM=0.32890000 entry=0.32890000","timestamp":"2026-06-08T06:58:45.082Z"}
{"level":"debug","message":"[LIVE] BNB/USDC: checkRisk price=595.75000000 SL=573.78100000 TP=676.45760000 HWM=603.98000000 entry=603.98000000","timestamp":"2026-06-08T06:58:45.527Z"}
{"level":"debug","message":"[RISK-LOOP] checking 2 open position(s)","timestamp":"2026-06-08T07:00:44.639Z"}
{"level":"debug","message":"[LIVE] TRX/USDC: checkRisk price=0.32720000 SL=0.28943200 TP=0.42757000 HWM=0.32890000 entry=0.32890000","timestamp":"2026-06-08T07:00:45.086Z"}
{"level":"debug","message":"[LIVE] BNB/USDC: checkRisk price=596.03000000 SL=573.78100000 TP=676.45760000 HWM=603.98000000 entry=603.98000000","timestamp":"2026-06-08T07:00:45.532Z"}
{"level":"debug","message":"[RISK-LOOP] checking 2 open position(s)","timestamp":"2026-06-08T07:02:44.822Z"}
{"level":"debug","message":"[LIVE] TRX/USDC: checkRisk price=0.32710000 SL=0.28943200 TP=0.42757000 HWM=0.32890000 entry=0.32890000","timestamp":"2026-06-08T07:02:45.269Z"}
{"level":"debug","message":"[LIVE] BNB/USDC: checkRisk price=595.14000000 SL=573.78100000 TP=676.45760000 HWM=603.98000000 entry=603.98000000","timestamp":"2026-06-08T07:02:45.712Z"}
{"level":"info","message":"[MTF-CACHE] 15m refresh complete: 37/37 symbols","timestamp":"2026-06-08T07:03:01.083Z"}
{"level":"debug","message":"[RISK-LOOP] checking 2 open position(s)","timestamp":"2026-06-08T07:04:44.641Z"}
{"level":"debug","message":"[LIVE] TRX/USDC: checkRisk price=0.32710000 SL=0.28943200 TP=0.42757000 HWM=0.32890000 entry=0.32890000","timestamp":"2026-06-08T07:04:45.089Z"}
{"level":"debug","message":"[LIVE] BNB/USDC: checkRisk price=594.60000000 SL=573.78100000 TP=676.45760000 HWM=603.98000000 entry=603.98000000","timestamp":"2026-06-08T07:04:45.530Z"}
{"level":"debug","message":"[RISK-LOOP] checking 2 open position(s)","timestamp":"2026-06-08T07:06:44.642Z"}
{"level":"debug","message":"[LIVE] TRX/USDC: checkRisk price=0.32670000 SL=0.28943200 TP=0.42757000 HWM=0.32890000 entry=0.32890000","timestamp":"2026-06-08T07:06:45.090Z"}
{"level":"debug","message":"[LIVE] BNB/USDC: checkRisk price=593.64000000 SL=573.78100000 TP=676.45760000 HWM=603.98000000 entry=603.98000000","timestamp":"2026-06-08T07:06:45.536Z"}
{"level":"debug","message":"[RISK-LOOP] checking 2 open position(s)","timestamp":"2026-06-08T07:08:44.635Z"}
{"level":"debug","message":"[LIVE] TRX/USDC: checkRisk price=0.32690000 SL=0.28943200 TP=0.42757000 HWM=0.32890000 entry=0.32890000","timestamp":"2026-06-08T07:08:45.081Z"}
{"level":"debug","message":"[LIVE] BNB/USDC: checkRisk price=594.42000000 SL=573.78100000 TP=676.45760000 HWM=603.98000000 entry=603.98000000","timestamp":"2026-06-08T07:08:45.348Z"}
{"level":"debug","message":"[RISK-LOOP] checking 2 open position(s)","timestamp":"2026-06-08T07:10:44.651Z"}
{"level":"debug","message":"[LIVE] TRX/USDC: checkRisk price=0.32690000 SL=0.28943200 TP=0.42757000 HWM=0.32890000 entry=0.32890000","timestamp":"2026-06-08T07:10:45.098Z"}
{"level":"debug","message":"[LIVE] BNB/USDC: checkRisk price=594.31000000 SL=573.78100000 TP=676.45760000 HWM=603.98000000 entry=603.98000000","timestamp":"2026-06-08T07:10:45.364Z"}
{"level":"debug","message":"[RISK-LOOP] checking 2 open position(s)","timestamp":"2026-06-08T07:12:44.828Z"}
{"level":"debug","message":"[LIVE] TRX/USDC: checkRisk price=0.32700000 SL=0.28943200 TP=0.42757000 HWM=0.32890000 entry=0.32890000","timestamp":"2026-06-08T07:12:45.275Z"}
{"level":"debug","message":"[LIVE] BNB/USDC: checkRisk price=596.09000000 SL=573.78100000 TP=676.45760000 HWM=603.98000000 entry=603.98000000","timestamp":"2026-06-08T07:12:45.722Z"}
{"level":"debug","message":"[RISK-LOOP] checking 2 open position(s)","timestamp":"2026-06-08T07:14:44.653Z"}
{"level":"debug","message":"[LIVE] TRX/USDC: checkRisk price=0.32710000 SL=0.28943200 TP=0.42757000 HWM=0.32890000 entry=0.32890000","timestamp":"2026-06-08T07:14:45.103Z"}
{"level":"debug","message":"[LIVE] BNB/USDC: checkRisk price=595.68000000 SL=573.78100000 TP=676.45760000 HWM=603.98000000 entry=603.98000000","timestamp":"2026-06-08T07:14:45.372Z"}
{"level":"debug","message":"[RISK-LOOP] checking 2 open position(s)","timestamp":"2026-06-08T07:16:44.645Z"}
{"level":"debug","message":"[LIVE] TRX/USDC: checkRisk price=0.32680000 SL=0.28943200 TP=0.42757000 HWM=0.32890000 entry=0.32890000","timestamp":"2026-06-08T07:16:45.089Z"}
{"level":"debug","message":"[LIVE] BNB/USDC: checkRisk price=595.76000000 SL=573.78100000 TP=676.45760000 HWM=603.98000000 entry=603.98000000","timestamp":"2026-06-08T07:16:45.356Z"}
{"level":"info","message":"[MTF-CACHE] 15m refresh complete: 37/37 symbols","timestamp":"2026-06-08T07:17:59.996Z"}
{"level":"debug","message":"[RISK-LOOP] checking 2 open position(s)","timestamp":"2026-06-08T07:18:44.648Z"}
{"level":"debug","message":"[LIVE] TRX/USDC: checkRisk price=0.32670000 SL=0.28943200 TP=0.42757000 HWM=0.32890000 entry=0.32890000","timestamp":"2026-06-08T07:18:45.096Z"}
{"level":"debug","message":"[LIVE] BNB/USDC: checkRisk price=595.15000000 SL=573.78100000 TP=676.45760000 HWM=603.98000000 entry=603.98000000","timestamp":"2026-06-08T07:18:45.361Z"}
{"level":"debug","message":"[RISK-LOOP] checking 2 open position(s)","timestamp":"2026-06-08T07:20:44.669Z"}
{"level":"debug","message":"[LIVE] TRX/USDC: checkRisk price=0.32680000 SL=0.28943200 TP=0.42757000 HWM=0.32890000 entry=0.32890000","timestamp":"2026-06-08T07:20:45.114Z"}
{"level":"debug","message":"[LIVE] BNB/USDC: checkRisk price=595.77000000 SL=573.78100000 TP=676.45760000 HWM=603.98000000 entry=603.98000000","timestamp":"2026-06-08T07:20:45.379Z"}
{"level":"debug","message":"[RISK-LOOP] checking 2 open position(s)","timestamp":"2026-06-08T07:22:44.838Z"}
{"level":"debug","message":"[LIVE] TRX/USDC: checkRisk price=0.32670000 SL=0.28943200 TP=0.42757000 HWM=0.32890000 entry=0.32890000","timestamp":"2026-06-08T07:22:45.284Z"}
{"level":"debug","message":"[LIVE] BNB/USDC: checkRisk price=595.89000000 SL=573.78100000 TP=676.45760000 HWM=603.98000000 entry=603.98000000","timestamp":"2026-06-08T07:22:45.550Z"}
{"level":"debug","message":"[RISK-LOOP] checking 2 open position(s)","timestamp":"2026-06-08T07:24:44.655Z"}
{"level":"debug","message":"[LIVE] TRX/USDC: checkRisk price=0.32680000 SL=0.28943200 TP=0.42757000 HWM=0.32890000 entry=0.32890000","timestamp":"2026-06-08T07:24:45.103Z"}
{"level":"debug","message":"[LIVE] BNB/USDC: checkRisk price=595.93000000 SL=573.78100000 TP=676.45760000 HWM=603.98000000 entry=603.98000000","timestamp":"2026-06-08T07:24:45.370Z"}
{"level":"debug","message":"[RISK-LOOP] checking 2 open position(s)","timestamp":"2026-06-08T07:26:44.662Z"}
{"level":"debug","message":"[LIVE] TRX/USDC: checkRisk price=0.32670000 SL=0.28943200 TP=0.42757000 HWM=0.32890000 entry=0.32890000","timestamp":"2026-06-08T07:26:45.107Z"}
{"level":"debug","message":"[LIVE] BNB/USDC: checkRisk price=595.99000000 SL=573.78100000 TP=676.45760000 HWM=603.98000000 entry=603.98000000","timestamp":"2026-06-08T07:26:45.374Z"}
{"level":"debug","message":"[RISK-LOOP] checking 2 open position(s)","timestamp":"2026-06-08T07:28:44.662Z"}
{"level":"debug","message":"[LIVE] TRX/USDC: checkRisk price=0.32660000 SL=0.28943200 TP=0.42757000 HWM=0.32890000 entry=0.32890000","timestamp":"2026-06-08T07:28:45.110Z"}
{"level":"debug","message":"[LIVE] BNB/USDC: checkRisk price=596.46000000 SL=573.78100000 TP=676.45760000 HWM=603.98000000 entry=603.98000000","timestamp":"2026-06-08T07:28:45.373Z"}
{"level":"debug","message":"[RISK-LOOP] checking 2 open position(s)","timestamp":"2026-06-08T07:30:44.672Z"}
{"level":"debug","message":"[LIVE] TRX/USDC: checkRisk price=0.32670000 SL=0.28943200 TP=0.42757000 HWM=0.32890000 entry=0.32890000","timestamp":"2026-06-08T07:30:45.117Z"}
{"level":"debug","message":"[LIVE] BNB/USDC: checkRisk price=596.20000000 SL=573.78100000 TP=676.45760000 HWM=603.98000000 entry=603.98000000","timestamp":"2026-06-08T07:30:45.381Z"}
{"level":"debug","message":"[RISK-LOOP] checking 2 open position(s)","timestamp":"2026-06-08T07:32:44.854Z"}
{"level":"debug","message":"[LIVE] TRX/USDC: checkRisk price=0.32660000 SL=0.28943200 TP=0.42757000 HWM=0.32890000 entry=0.32890000","timestamp":"2026-06-08T07:32:45.299Z"}
{"level":"debug","message":"[LIVE] BNB/USDC: checkRisk price=596.37000000 SL=573.78100000 TP=676.45760000 HWM=603.98000000 entry=603.98000000","timestamp":"2026-06-08T07:32:45.564Z"}
{"level":"info","message":"[MTF-CACHE] 15m refresh complete: 37/37 symbols","timestamp":"2026-06-08T07:33:00.461Z"}
{"level":"info","message":"[MTF-CACHE] 4h refresh complete: 37/37 symbols","timestamp":"2026-06-08T07:33:00.605Z"}
{"level":"debug","message":"[RISK-LOOP] checking 2 open position(s)","timestamp":"2026-06-08T07:34:44.673Z"}
{"level":"debug","message":"[LIVE] TRX/USDC: checkRisk price=0.32660000 SL=0.28943200 TP=0.42757000 HWM=0.32890000 entry=0.32890000","timestamp":"2026-06-08T07:34:45.118Z"}
{"level":"debug","message":"[LIVE] BNB/USDC: checkRisk price=596.00000000 SL=573.78100000 TP=676.45760000 HWM=603.98000000 entry=603.98000000","timestamp":"2026-06-08T07:34:45.387Z"}
{"level":"debug","message":"[RISK-LOOP] checking 2 open position(s)","timestamp":"2026-06-08T07:36:44.678Z"}
{"level":"debug","message":"[LIVE] TRX/USDC: checkRisk price=0.32670000 SL=0.28943200 TP=0.42757000 HWM=0.32890000 entry=0.32890000","timestamp":"2026-06-08T07:36:45.123Z"}
{"level":"debug","message":"[LIVE] BNB/USDC: checkRisk price=595.75000000 SL=573.78100000 TP=676.45760000 HWM=603.98000000 entry=603.98000000","timestamp":"2026-06-08T07:36:45.385Z"}
{"level":"debug","message":"[RISK-LOOP] checking 2 open position(s)","timestamp":"2026-06-08T07:38:44.685Z"}
{"level":"debug","message":"[LIVE] TRX/USDC: checkRisk price=0.32660000 SL=0.28943200 TP=0.42757000 HWM=0.32890000 entry=0.32890000","timestamp":"2026-06-08T07:38:45.131Z"}
{"level":"debug","message":"[LIVE] BNB/USDC: checkRisk price=596.11000000 SL=573.78100000 TP=676.45760000 HWM=603.98000000 entry=603.98000000","timestamp":"2026-06-08T07:38:45.396Z"}
{"level":"debug","message":"[RISK-LOOP] checking 2 open position(s)","timestamp":"2026-06-08T07:40:44.673Z"}
{"level":"debug","message":"[LIVE] TRX/USDC: checkRisk price=0.32670000 SL=0.28943200 TP=0.42757000 HWM=0.32890000 entry=0.32890000","timestamp":"2026-06-08T07:40:45.118Z"}
{"level":"debug","message":"[LIVE] BNB/USDC: checkRisk price=595.99000000 SL=573.78100000 TP=676.45760000 HWM=603.98000000 entry=603.98000000","timestamp":"2026-06-08T07:40:45.383Z"}
{"level":"debug","message":"[RISK-LOOP] checking 2 open position(s)","timestamp":"2026-06-08T07:42:44.865Z"}
{"level":"debug","message":"[LIVE] TRX/USDC: checkRisk price=0.32660000 SL=0.28943200 TP=0.42757000 HWM=0.32890000 entry=0.32890000","timestamp":"2026-06-08T07:42:45.313Z"}
{"level":"debug","message":"[LIVE] BNB/USDC: checkRisk price=595.73000000 SL=573.78100000 TP=676.45760000 HWM=603.98000000 entry=603.98000000","timestamp":"2026-06-08T07:42:45.582Z"}
{"level":"debug","message":"[RISK-LOOP] checking 2 open position(s)","timestamp":"2026-06-08T07:44:44.685Z"}
{"level":"debug","message":"[LIVE] TRX/USDC: checkRisk price=0.32650000 SL=0.28943200 TP=0.42757000 HWM=0.32890000 entry=0.32890000","timestamp":"2026-06-08T07:44:45.132Z"}
{"level":"debug","message":"[LIVE] BNB/USDC: checkRisk price=596.02000000 SL=573.78100000 TP=676.45760000 HWM=603.98000000 entry=603.98000000","timestamp":"2026-06-08T07:44:45.395Z"}
{"level":"debug","message":"[RISK-LOOP] checking 2 open position(s)","timestamp":"2026-06-08T07:46:44.688Z"}
{"level":"debug","message":"[LIVE] TRX/USDC: checkRisk price=0.32680000 SL=0.28943200 TP=0.42757000 HWM=0.32890000 entry=0.32890000","timestamp":"2026-06-08T07:46:45.135Z"}
{"level":"debug","message":"[LIVE] BNB/USDC: checkRisk price=596.51000000 SL=573.78100000 TP=676.45760000 HWM=603.98000000 entry=603.98000000","timestamp":"2026-06-08T07:46:45.401Z"}
{"level":"info","message":"[MTF-CACHE] 15m refresh complete: 37/37 symbols","timestamp":"2026-06-08T07:48:00.004Z"}
{"level":"debug","message":"[RISK-LOOP] checking 2 open position(s)","timestamp":"2026-06-08T07:48:44.691Z"}
{"level":"debug","message":"[LIVE] TRX/USDC: checkRisk price=0.32640000 SL=0.28943200 TP=0.42757000 HWM=0.32890000 entry=0.32890000","timestamp":"2026-06-08T07:48:45.138Z"}
{"level":"debug","message":"[LIVE] BNB/USDC: checkRisk price=597.25000000 SL=573.78100000 TP=676.45760000 HWM=603.98000000 entry=603.98000000","timestamp":"2026-06-08T07:48:45.403Z"}
{"level":"debug","message":"[RISK-LOOP] checking 2 open position(s)","timestamp":"2026-06-08T07:50:44.687Z"}
{"level":"debug","message":"[LIVE] TRX/USDC: checkRisk price=0.32640000 SL=0.28943200 TP=0.42757000 HWM=0.32890000 entry=0.32890000","timestamp":"2026-06-08T07:50:45.135Z"}
{"level":"debug","message":"[LIVE] BNB/USDC: checkRisk price=597.17000000 SL=573.78100000 TP=676.45760000 HWM=603.98000000 entry=603.98000000","timestamp":"2026-06-08T07:50:45.404Z"}
{"level":"debug","message":"[RISK-LOOP] checking 2 open position(s)","timestamp":"2026-06-08T07:52:44.873Z"}
{"level":"debug","message":"[LIVE] TRX/USDC: checkRisk price=0.32640000 SL=0.28943200 TP=0.42757000 HWM=0.32890000 entry=0.32890000","timestamp":"2026-06-08T07:52:45.318Z"}
{"level":"debug","message":"[LIVE] BNB/USDC: checkRisk price=596.05000000 SL=573.78100000 TP=676.45760000 HWM=603.98000000 entry=603.98000000","timestamp":"2026-06-08T07:52:45.582Z"}
{"level":"debug","message":"[RISK-LOOP] checking 2 open position(s)","timestamp":"2026-06-08T07:54:44.699Z"}
{"level":"debug","message":"[LIVE] TRX/USDC: checkRisk price=0.32650000 SL=0.28943200 TP=0.42757000 HWM=0.32890000 entry=0.32890000","timestamp":"2026-06-08T07:54:45.152Z"}
{"level":"debug","message":"[LIVE] BNB/USDC: checkRisk price=596.11000000 SL=573.78100000 TP=676.45760000 HWM=603.98000000 entry=603.98000000","timestamp":"2026-06-08T07:54:45.416Z"}
{"level":"debug","message":"[RISK-LOOP] checking 2 open position(s)","timestamp":"2026-06-08T07:56:44.699Z"}
{"level":"debug","message":"[LIVE] TRX/USDC: checkRisk price=0.32660000 SL=0.28943200 TP=0.42757000 HWM=0.32890000 entry=0.32890000","timestamp":"2026-06-08T07:56:45.147Z"}
{"level":"debug","message":"[LIVE] BNB/USDC: checkRisk price=596.04000000 SL=573.78100000 TP=676.45760000 HWM=603.98000000 entry=603.98000000","timestamp":"2026-06-08T07:56:45.413Z"}
{"level":"debug","message":"[RISK-LOOP] checking 2 open position(s)","timestamp":"2026-06-08T07:58:44.704Z"}
{"level":"debug","message":"[LIVE] TRX/USDC: checkRisk price=0.32660000 SL=0.28943200 TP=0.42757000 HWM=0.32890000 entry=0.32890000","timestamp":"2026-06-08T07:58:45.150Z"}
{"level":"debug","message":"[LIVE] BNB/USDC: checkRisk price=596.32000000 SL=573.78100000 TP=676.45760000 HWM=603.98000000 entry=603.98000000","timestamp":"2026-06-08T07:58:45.416Z"}
{"level":"debug","message":"[RISK-LOOP] checking 2 open position(s)","timestamp":"2026-06-08T08:00:44.696Z"}
{"level":"debug","message":"[LIVE] TRX/USDC: checkRisk price=0.32660000 SL=0.28943200 TP=0.42757000 HWM=0.32890000 entry=0.32890000","timestamp":"2026-06-08T08:00:45.142Z"}
{"level":"debug","message":"[LIVE] BNB/USDC: checkRisk price=595.31000000 SL=573.78100000 TP=676.45760000 HWM=603.98000000 entry=603.98000000","timestamp":"2026-06-08T08:00:45.406Z"}
{"level":"debug","message":"[RISK-LOOP] checking 2 open position(s)","timestamp":"2026-06-08T08:02:44.869Z"}
{"level":"debug","message":"[LIVE] TRX/USDC: checkRisk price=0.32640000 SL=0.28943200 TP=0.42757000 HWM=0.32890000 entry=0.32890000","timestamp":"2026-06-08T08:02:45.316Z"}
{"level":"debug","message":"[LIVE] BNB/USDC: checkRisk price=594.18000000 SL=573.78100000 TP=676.45760000 HWM=603.98000000 entry=603.98000000","timestamp":"2026-06-08T08:02:45.580Z"}
{"level":"info","message":"[MTF-CACHE] 15m refresh complete: 37/37 symbols","timestamp":"2026-06-08T08:02:59.981Z"}
{"level":"debug","message":"[RISK-LOOP] checking 2 open position(s)","timestamp":"2026-06-08T08:04:44.689Z"}
{"level":"debug","message":"[LIVE] TRX/USDC: checkRisk price=0.32640000 SL=0.28943200 TP=0.42757000 HWM=0.32890000 entry=0.32890000","timestamp":"2026-06-08T08:04:45.134Z"}
{"level":"debug","message":"[LIVE] BNB/USDC: checkRisk price=594.68000000 SL=573.78100000 TP=676.45760000 HWM=603.98000000 entry=603.98000000","timestamp":"2026-06-08T08:04:45.400Z"}
{"level":"debug","message":"[RISK-LOOP] checking 2 open position(s)","timestamp":"2026-06-08T08:06:44.702Z"}
{"level":"debug","message":"[LIVE] TRX/USDC: checkRisk price=0.32650000 SL=0.28943200 TP=0.42757000 HWM=0.32890000 entry=0.32890000","timestamp":"2026-06-08T08:06:45.150Z"}
{"level":"debug","message":"[LIVE] BNB/USDC: checkRisk price=594.90000000 SL=573.78100000 TP=676.45760000 HWM=603.98000000 entry=603.98000000","timestamp":"2026-06-08T08:06:45.416Z"}
{"level":"debug","message":"[RISK-LOOP] checking 2 open position(s)","timestamp":"2026-06-08T08:08:44.704Z"}
{"level":"debug","message":"[LIVE] TRX/USDC: checkRisk price=0.32640000 SL=0.28943200 TP=0.42757000 HWM=0.32890000 entry=0.32890000","timestamp":"2026-06-08T08:08:45.147Z"}
{"level":"debug","message":"[LIVE] BNB/USDC: checkRisk price=594.67000000 SL=573.78100000 TP=676.45760000 HWM=603.98000000 entry=603.98000000","timestamp":"2026-06-08T08:08:45.411Z"}
{"level":"debug","message":"[RISK-LOOP] checking 2 open position(s)","timestamp":"2026-06-08T08:10:44.701Z"}
{"level":"debug","message":"[LIVE] TRX/USDC: checkRisk price=0.32670000 SL=0.28943200 TP=0.42757000 HWM=0.32890000 entry=0.32890000","timestamp":"2026-06-08T08:10:45.146Z"}
{"level":"debug","message":"[LIVE] BNB/USDC: checkRisk price=595.15000000 SL=573.78100000 TP=676.45760000 HWM=603.98000000 entry=603.98000000","timestamp":"2026-06-08T08:10:45.410Z"}
{"level":"debug","message":"[RISK-LOOP] checking 2 open position(s)","timestamp":"2026-06-08T08:12:44.887Z"}
{"level":"debug","message":"[LIVE] TRX/USDC: checkRisk price=0.32670000 SL=0.28943200 TP=0.42757000 HWM=0.32890000 entry=0.32890000","timestamp":"2026-06-08T08:12:45.334Z"}
{"level":"debug","message":"[LIVE] BNB/USDC: checkRisk price=594.89000000 SL=573.78100000 TP=676.45760000 HWM=603.98000000 entry=603.98000000","timestamp":"2026-06-08T08:12:45.600Z"}
{"level":"debug","message":"[RISK-LOOP] checking 2 open position(s)","timestamp":"2026-06-08T08:14:44.706Z"}
{"level":"debug","message":"[LIVE] TRX/USDC: checkRisk price=0.32680000 SL=0.28943200 TP=0.42757000 HWM=0.32890000 entry=0.32890000","timestamp":"2026-06-08T08:14:45.155Z"}
{"level":"debug","message":"[LIVE] BNB/USDC: checkRisk price=595.15000000 SL=573.78100000 TP=676.45760000 HWM=603.98000000 entry=603.98000000","timestamp":"2026-06-08T08:14:45.419Z"}
{"level":"debug","message":"[RISK-LOOP] checking 2 open position(s)","timestamp":"2026-06-08T08:16:44.709Z"}
{"level":"debug","message":"[LIVE] TRX/USDC: checkRisk price=0.32680000 SL=0.28943200 TP=0.42757000 HWM=0.32890000 entry=0.32890000","timestamp":"2026-06-08T08:16:45.154Z"}
{"level":"debug","message":"[LIVE] BNB/USDC: checkRisk price=594.60000000 SL=573.78100000 TP=676.45760000 HWM=603.98000000 entry=603.98000000","timestamp":"2026-06-08T08:16:45.420Z"}
{"level":"info","message":"[MTF-CACHE] 15m refresh complete: 37/37 symbols","timestamp":"2026-06-08T08:18:00.427Z"}
{"level":"debug","message":"[RISK-LOOP] checking 2 open position(s)","timestamp":"2026-06-08T08:18:44.705Z"}
{"level":"debug","message":"[LIVE] TRX/USDC: checkRisk price=0.32670000 SL=0.28943200 TP=0.42757000 HWM=0.32890000 entry=0.32890000","timestamp":"2026-06-08T08:18:45.152Z"}
{"level":"debug","message":"[LIVE] BNB/USDC: checkRisk price=594.68000000 SL=573.78100000 TP=676.45760000 HWM=603.98000000 entry=603.98000000","timestamp":"2026-06-08T08:18:45.423Z"}
{"level":"debug","message":"[RISK-LOOP] checking 2 open position(s)","timestamp":"2026-06-08T08:20:44.703Z"}
{"level":"debug","message":"[LIVE] TRX/USDC: checkRisk price=0.32660000 SL=0.28943200 TP=0.42757000 HWM=0.32890000 entry=0.32890000","timestamp":"2026-06-08T08:20:45.149Z"}
{"level":"debug","message":"[LIVE] BNB/USDC: checkRisk price=594.51000000 SL=573.78100000 TP=676.45760000 HWM=603.98000000 entry=603.98000000","timestamp":"2026-06-08T08:20:45.413Z"}
{"level":"debug","message":"[RISK-LOOP] checking 2 open position(s)","timestamp":"2026-06-08T08:22:44.889Z"}
{"level":"debug","message":"[LIVE] TRX/USDC: checkRisk price=0.32630000 SL=0.28943200 TP=0.42757000 HWM=0.32890000 entry=0.32890000","timestamp":"2026-06-08T08:22:45.337Z"}
{"level":"debug","message":"[LIVE] BNB/USDC: checkRisk price=593.98000000 SL=573.78100000 TP=676.45760000 HWM=603.98000000 entry=603.98000000","timestamp":"2026-06-08T08:22:45.602Z"}
{"level":"debug","message":"[RISK-LOOP] checking 2 open position(s)","timestamp":"2026-06-08T08:24:44.713Z"}
{"level":"debug","message":"[LIVE] TRX/USDC: checkRisk price=0.32620000 SL=0.28943200 TP=0.42757000 HWM=0.32890000 entry=0.32890000","timestamp":"2026-06-08T08:24:45.161Z"}
{"level":"debug","message":"[LIVE] BNB/USDC: checkRisk price=594.33000000 SL=573.78100000 TP=676.45760000 HWM=603.98000000 entry=603.98000000","timestamp":"2026-06-08T08:24:45.425Z"}
{"level":"debug","message":"[RISK-LOOP] checking 2 open position(s)","timestamp":"2026-06-08T08:26:44.706Z"}
{"level":"debug","message":"[LIVE] TRX/USDC: checkRisk price=0.32650000 SL=0.28943200 TP=0.42757000 HWM=0.32890000 entry=0.32890000","timestamp":"2026-06-08T08:26:45.152Z"}
{"level":"debug","message":"[LIVE] BNB/USDC: checkRisk price=594.84000000 SL=573.78100000 TP=676.45760000 HWM=603.98000000 entry=603.98000000","timestamp":"2026-06-08T08:26:45.417Z"}
{"level":"debug","message":"[RISK-LOOP] checking 2 open position(s)","timestamp":"2026-06-08T08:28:44.703Z"}
{"level":"debug","message":"[LIVE] TRX/USDC: checkRisk price=0.32640000 SL=0.28943200 TP=0.42757000 HWM=0.32890000 entry=0.32890000","timestamp":"2026-06-08T08:28:45.148Z"}
{"level":"debug","message":"[LIVE] BNB/USDC: checkRisk price=594.48000000 SL=573.78100000 TP=676.45760000 HWM=603.98000000 entry=603.98000000","timestamp":"2026-06-08T08:28:45.415Z"}
{"level":"debug","message":"[RISK-LOOP] checking 2 open position(s)","timestamp":"2026-06-08T08:30:44.709Z"}
{"level":"debug","message":"[LIVE] TRX/USDC: checkRisk price=0.32640000 SL=0.28943200 TP=0.42757000 HWM=0.32890000 entry=0.32890000","timestamp":"2026-06-08T08:30:45.155Z"}
{"level":"debug","message":"[LIVE] BNB/USDC: checkRisk price=595.03000000 SL=573.78100000 TP=676.45760000 HWM=603.98000000 entry=603.98000000","timestamp":"2026-06-08T08:30:45.419Z"}
{"level":"debug","message":"[RISK-LOOP] checking 2 open position(s)","timestamp":"2026-06-08T08:32:44.896Z"}
{"level":"debug","message":"[LIVE] TRX/USDC: checkRisk price=0.32630000 SL=0.28943200 TP=0.42757000 HWM=0.32890000 entry=0.32890000","timestamp":"2026-06-08T08:32:45.342Z"}
{"level":"debug","message":"[LIVE] BNB/USDC: checkRisk price=595.14000000 SL=573.78100000 TP=676.45760000 HWM=603.98000000 entry=603.98000000","timestamp":"2026-06-08T08:32:45.610Z"}
{"level":"info","message":"[MTF-CACHE] 15m refresh complete: 37/37 symbols","timestamp":"2026-06-08T08:32:59.972Z"}
{"level":"debug","message":"[RISK-LOOP] checking 2 open position(s)","timestamp":"2026-06-08T08:34:44.718Z"}
{"level":"debug","message":"[LIVE] TRX/USDC: checkRisk price=0.32640000 SL=0.28943200 TP=0.42757000 HWM=0.32890000 entry=0.32890000","timestamp":"2026-06-08T08:34:45.165Z"}
{"level":"debug","message":"[LIVE] BNB/USDC: checkRisk price=595.72000000 SL=573.78100000 TP=676.45760000 HWM=603.98000000 entry=603.98000000","timestamp":"2026-06-08T08:34:45.430Z"}
{"level":"debug","message":"[RISK-LOOP] checking 2 open position(s)","timestamp":"2026-06-08T08:36:44.708Z"}
{"level":"debug","message":"[LIVE] TRX/USDC: checkRisk price=0.32640000 SL=0.28943200 TP=0.42757000 HWM=0.32890000 entry=0.32890000","timestamp":"2026-06-08T08:36:45.153Z"}
{"level":"debug","message":"[LIVE] BNB/USDC: checkRisk price=595.25000000 SL=573.78100000 TP=676.45760000 HWM=603.98000000 entry=603.98000000","timestamp":"2026-06-08T08:36:45.418Z"}
{"level":"debug","message":"[RISK-LOOP] checking 2 open position(s)","timestamp":"2026-06-08T08:38:44.723Z"}
{"level":"debug","message":"[LIVE] TRX/USDC: checkRisk price=0.32610000 SL=0.28943200 TP=0.42757000 HWM=0.32890000 entry=0.32890000","timestamp":"2026-06-08T08:38:45.171Z"}
{"level":"debug","message":"[LIVE] BNB/USDC: checkRisk price=594.84000000 SL=573.78100000 TP=676.45760000 HWM=603.98000000 entry=603.98000000","timestamp":"2026-06-08T08:38:45.435Z"}
{"level":"debug","message":"[RISK-LOOP] checking 2 open position(s)","timestamp":"2026-06-08T08:40:44.723Z"}
{"level":"debug","message":"[LIVE] TRX/USDC: checkRisk price=0.32590000 SL=0.28943200 TP=0.42757000 HWM=0.32890000 entry=0.32890000","timestamp":"2026-06-08T08:40:45.167Z"}
{"level":"debug","message":"[LIVE] BNB/USDC: checkRisk price=594.64000000 SL=573.78100000 TP=676.45760000 HWM=603.98000000 entry=603.98000000","timestamp":"2026-06-08T08:40:45.434Z"}
{"level":"debug","message":"[RISK-LOOP] checking 2 open position(s)","timestamp":"2026-06-08T08:42:44.896Z"}
{"level":"debug","message":"[LIVE] TRX/USDC: checkRisk price=0.32600000 SL=0.28943200 TP=0.42757000 HWM=0.32890000 entry=0.32890000","timestamp":"2026-06-08T08:42:45.340Z"}
{"level":"debug","message":"[LIVE] BNB/USDC: checkRisk price=594.65000000 SL=573.78100000 TP=676.45760000 HWM=603.98000000 entry=603.98000000","timestamp":"2026-06-08T08:42:45.606Z"}
{"level":"debug","message":"[RISK-LOOP] checking 2 open position(s)","timestamp":"2026-06-08T08:44:44.736Z"}
{"level":"debug","message":"[LIVE] TRX/USDC: checkRisk price=0.32610000 SL=0.28943200 TP=0.42757000 HWM=0.32890000 entry=0.32890000","timestamp":"2026-06-08T08:44:45.183Z"}
{"level":"debug","message":"[LIVE] BNB/USDC: checkRisk price=594.77000000 SL=573.78100000 TP=676.45760000 HWM=603.98000000 entry=603.98000000","timestamp":"2026-06-08T08:44:45.448Z"}
{"level":"debug","message":"[RISK-LOOP] checking 2 open position(s)","timestamp":"2026-06-08T08:46:44.730Z"}
{"level":"debug","message":"[LIVE] TRX/USDC: checkRisk price=0.32600000 SL=0.28943200 TP=0.42757000 HWM=0.32890000 entry=0.32890000","timestamp":"2026-06-08T08:46:45.175Z"}
{"level":"debug","message":"[LIVE] BNB/USDC: checkRisk price=594.25000000 SL=573.78100000 TP=676.45760000 HWM=603.98000000 entry=603.98000000","timestamp":"2026-06-08T08:46:45.440Z"}
{"level":"info","message":"[MTF-CACHE] 15m refresh complete: 37/37 symbols","timestamp":"2026-06-08T08:47:59.989Z"}
{"level":"debug","message":"[RISK-LOOP] checking 2 open position(s)","timestamp":"2026-06-08T08:48:44.718Z"}
{"level":"debug","message":"[LIVE] TRX/USDC: checkRisk price=0.32580000 SL=0.28943200 TP=0.42757000 HWM=0.32890000 entry=0.32890000","timestamp":"2026-06-08T08:48:45.164Z"}
{"level":"debug","message":"[LIVE] BNB/USDC: checkRisk price=594.13000000 SL=573.78100000 TP=676.45760000 HWM=603.98000000 entry=603.98000000","timestamp":"2026-06-08T08:48:45.429Z"}
{"level":"debug","message":"[RISK-LOOP] checking 2 open position(s)","timestamp":"2026-06-08T08:50:44.734Z"}
{"level":"debug","message":"[LIVE] TRX/USDC: checkRisk price=0.32590000 SL=0.28943200 TP=0.42757000 HWM=0.32890000 entry=0.32890000","timestamp":"2026-06-08T08:50:45.180Z"}
{"level":"debug","message":"[LIVE] BNB/USDC: checkRisk price=593.84000000 SL=573.78100000 TP=676.45760000 HWM=603.98000000 entry=603.98000000","timestamp":"2026-06-08T08:50:45.445Z"}
{"level":"debug","message":"[RISK-LOOP] checking 2 open position(s)","timestamp":"2026-06-08T08:52:44.728Z"}
{"level":"debug","message":"[LIVE] TRX/USDC: checkRisk price=0.32580000 SL=0.28943200 TP=0.42757000 HWM=0.32890000 entry=0.32890000","timestamp":"2026-06-08T08:52:45.172Z"}
{"level":"debug","message":"[LIVE] BNB/USDC: checkRisk price=593.90000000 SL=573.78100000 TP=676.45760000 HWM=603.98000000 entry=603.98000000","timestamp":"2026-06-08T08:52:45.437Z"}
{"level":"debug","message":"[RISK-LOOP] checking 2 open position(s)","timestamp":"2026-06-08T08:54:44.723Z"}
{"level":"debug","message":"[LIVE] TRX/USDC: checkRisk price=0.32600000 SL=0.28943200 TP=0.42757000 HWM=0.32890000 entry=0.32890000","timestamp":"2026-06-08T08:54:45.169Z"}
{"level":"debug","message":"[LIVE] BNB/USDC: checkRisk price=593.82000000 SL=573.78100000 TP=676.45760000 HWM=603.98000000 entry=603.98000000","timestamp":"2026-06-08T08:54:45.435Z"}
{"level":"debug","message":"[RISK-LOOP] checking 2 open position(s)","timestamp":"2026-06-08T08:56:44.720Z"}
{"level":"debug","message":"[LIVE] TRX/USDC: checkRisk price=0.32590000 SL=0.28943200 TP=0.42757000 HWM=0.32890000 entry=0.32890000","timestamp":"2026-06-08T08:56:45.165Z"}
{"level":"debug","message":"[LIVE] BNB/USDC: checkRisk price=593.90000000 SL=573.78100000 TP=676.45760000 HWM=603.98000000 entry=603.98000000","timestamp":"2026-06-08T08:56:45.432Z"}
{"level":"debug","message":"[RISK-LOOP] checking 2 open position(s)","timestamp":"2026-06-08T08:58:44.730Z"}
{"level":"debug","message":"[LIVE] TRX/USDC: checkRisk price=0.32620000 SL=0.28943200 TP=0.42757000 HWM=0.32890000 entry=0.32890000","timestamp":"2026-06-08T08:58:45.177Z"}
{"level":"debug","message":"[LIVE] BNB/USDC: checkRisk price=594.90000000 SL=573.78100000 TP=676.45760000 HWM=603.98000000 entry=603.98000000","timestamp":"2026-06-08T08:58:45.443Z"}
{"level":"debug","message":"[RISK-LOOP] checking 2 open position(s)","timestamp":"2026-06-08T09:00:44.722Z"}
{"level":"debug","message":"[LIVE] TRX/USDC: checkRisk price=0.32640000 SL=0.28943200 TP=0.42757000 HWM=0.32890000 entry=0.32890000","timestamp":"2026-06-08T09:00:45.170Z"}
{"level":"debug","message":"[LIVE] BNB/USDC: checkRisk price=595.55000000 SL=573.78100000 TP=676.45760000 HWM=603.98000000 entry=603.98000000","timestamp":"2026-06-08T09:00:45.436Z"}
{"level":"debug","message":"[RISK-LOOP] checking 2 open position(s)","timestamp":"2026-06-08T09:02:44.735Z"}
{"level":"debug","message":"[LIVE] TRX/USDC: checkRisk price=0.32640000 SL=0.28943200 TP=0.42757000 HWM=0.32890000 entry=0.32890000","timestamp":"2026-06-08T09:02:45.181Z"}
{"level":"debug","message":"[LIVE] BNB/USDC: checkRisk price=596.19000000 SL=573.78100000 TP=676.45760000 HWM=603.98000000 entry=603.98000000","timestamp":"2026-06-08T09:02:45.448Z"}
{"level":"info","message":"[MTF-CACHE] 15m refresh complete: 37/37 symbols","timestamp":"2026-06-08T09:03:00.006Z"}
{"level":"debug","message":"[RISK-LOOP] checking 2 open position(s)","timestamp":"2026-06-08T09:04:44.724Z"}
{"level":"debug","message":"[LIVE] TRX/USDC: checkRisk price=0.32640000 SL=0.28943200 TP=0.42757000 HWM=0.32890000 entry=0.32890000","timestamp":"2026-06-08T09:04:45.169Z"}
{"level":"debug","message":"[LIVE] BNB/USDC: checkRisk price=597.19000000 SL=573.78100000 TP=676.45760000 HWM=603.98000000 entry=603.98000000","timestamp":"2026-06-08T09:04:45.438Z"}
{"level":"debug","message":"[RISK-LOOP] checking 2 open position(s)","timestamp":"2026-06-08T09:06:44.733Z"}
{"level":"debug","message":"[LIVE] TRX/USDC: checkRisk price=0.32660000 SL=0.28943200 TP=0.42757000 HWM=0.32890000 entry=0.32890000","timestamp":"2026-06-08T09:06:45.177Z"}
{"level":"debug","message":"[LIVE] BNB/USDC: checkRisk price=598.50000000 SL=573.78100000 TP=676.45760000 HWM=603.98000000 entry=603.98000000","timestamp":"2026-06-08T09:06:45.441Z"}
{"level":"debug","message":"[RISK-LOOP] checking 2 open position(s)","timestamp":"2026-06-08T09:08:44.740Z"}
{"level":"debug","message":"[LIVE] TRX/USDC: checkRisk price=0.32660000 SL=0.28943200 TP=0.42757000 HWM=0.32890000 entry=0.32890000","timestamp":"2026-06-08T09:08:45.184Z"}
{"level":"debug","message":"[LIVE] BNB/USDC: checkRisk price=598.02000000 SL=573.78100000 TP=676.45760000 HWM=603.98000000 entry=603.98000000","timestamp":"2026-06-08T09:08:45.449Z"}
{"level":"debug","message":"[RISK-LOOP] checking 2 open position(s)","timestamp":"2026-06-08T09:10:44.737Z"}
{"level":"debug","message":"[LIVE] TRX/USDC: checkRisk price=0.32660000 SL=0.28943200 TP=0.42757000 HWM=0.32890000 entry=0.32890000","timestamp":"2026-06-08T09:10:45.187Z"}
{"level":"debug","message":"[LIVE] BNB/USDC: checkRisk price=597.87000000 SL=573.78100000 TP=676.45760000 HWM=603.98000000 entry=603.98000000","timestamp":"2026-06-08T09:10:45.453Z"}
{"level":"debug","message":"[RISK-LOOP] checking 2 open position(s)","timestamp":"2026-06-08T09:12:44.736Z"}
{"level":"debug","message":"[LIVE] TRX/USDC: checkRisk price=0.32660000 SL=0.28943200 TP=0.42757000 HWM=0.32890000 entry=0.32890000","timestamp":"2026-06-08T09:12:45.183Z"}
{"level":"debug","message":"[LIVE] BNB/USDC: checkRisk price=598.45000000 SL=573.78100000 TP=676.45760000 HWM=603.98000000 entry=603.98000000","timestamp":"2026-06-08T09:12:45.452Z"}
{"level":"debug","message":"[RISK-LOOP] checking 2 open position(s)","timestamp":"2026-06-08T09:14:44.724Z"}
{"level":"debug","message":"[LIVE] TRX/USDC: checkRisk price=0.32650000 SL=0.28943200 TP=0.42757000 HWM=0.32890000 entry=0.32890000","timestamp":"2026-06-08T09:14:45.172Z"}
{"level":"debug","message":"[LIVE] BNB/USDC: checkRisk price=598.92000000 SL=573.78100000 TP=676.45760000 HWM=603.98000000 entry=603.98000000","timestamp":"2026-06-08T09:14:45.437Z"}
{"level":"debug","message":"[RISK-LOOP] checking 2 open position(s)","timestamp":"2026-06-08T09:16:44.736Z"}
{"level":"debug","message":"[LIVE] TRX/USDC: checkRisk price=0.32660000 SL=0.28943200 TP=0.42757000 HWM=0.32890000 entry=0.32890000","timestamp":"2026-06-08T09:16:45.181Z"}
{"level":"debug","message":"[LIVE] BNB/USDC: checkRisk price=599.74000000 SL=573.78100000 TP=676.45760000 HWM=603.98000000 entry=603.98000000","timestamp":"2026-06-08T09:16:45.448Z"}
{"level":"info","message":"[MTF-CACHE] 15m refresh complete: 37/37 symbols","timestamp":"2026-06-08T09:17:59.985Z"}
{"level":"debug","message":"[RISK-LOOP] checking 2 open position(s)","timestamp":"2026-06-08T09:18:44.725Z"}
{"level":"debug","message":"[LIVE] TRX/USDC: checkRisk price=0.32670000 SL=0.28943200 TP=0.42757000 HWM=0.32890000 entry=0.32890000","timestamp":"2026-06-08T09:18:45.166Z"}
{"level":"debug","message":"[LIVE] BNB/USDC: checkRisk price=600.13000000 SL=573.78100000 TP=676.45760000 HWM=603.98000000 entry=603.98000000","timestamp":"2026-06-08T09:18:45.430Z"}
{"level":"debug","message":"[RISK-LOOP] checking 2 open position(s)","timestamp":"2026-06-08T09:20:44.726Z"}
{"level":"debug","message":"[LIVE] TRX/USDC: checkRisk price=0.32680000 SL=0.28943200 TP=0.42757000 HWM=0.32890000 entry=0.32890000","timestamp":"2026-06-08T09:20:45.171Z"}
{"level":"debug","message":"[LIVE] BNB/USDC: checkRisk price=599.81000000 SL=573.78100000 TP=676.45760000 HWM=603.98000000 entry=603.98000000","timestamp":"2026-06-08T09:20:45.436Z"}
{"level":"debug","message":"[RISK-LOOP] checking 2 open position(s)","timestamp":"2026-06-08T09:22:44.779Z"}
{"level":"debug","message":"[LIVE] TRX/USDC: checkRisk price=0.32670000 SL=0.28943200 TP=0.42757000 HWM=0.32890000 entry=0.32890000","timestamp":"2026-06-08T09:22:45.227Z"}
{"level":"debug","message":"[LIVE] BNB/USDC: checkRisk price=599.59000000 SL=573.78100000 TP=676.45760000 HWM=603.98000000 entry=603.98000000","timestamp":"2026-06-08T09:22:45.493Z"}
{"level":"debug","message":"[RISK-LOOP] checking 2 open position(s)","timestamp":"2026-06-08T09:24:44.736Z"}
{"level":"debug","message":"[LIVE] TRX/USDC: checkRisk price=0.32680000 SL=0.28943200 TP=0.42757000 HWM=0.32890000 entry=0.32890000","timestamp":"2026-06-08T09:24:45.183Z"}
{"level":"debug","message":"[LIVE] BNB/USDC: checkRisk price=599.36000000 SL=573.78100000 TP=676.45760000 HWM=603.98000000 entry=603.98000000","timestamp":"2026-06-08T09:24:45.446Z"}
{"level":"debug","message":"[RISK-LOOP] checking 2 open position(s)","timestamp":"2026-06-08T09:26:44.728Z"}
{"level":"debug","message":"[LIVE] TRX/USDC: checkRisk price=0.32680000 SL=0.28943200 TP=0.42757000 HWM=0.32890000 entry=0.32890000","timestamp":"2026-06-08T09:26:45.176Z"}
{"level":"debug","message":"[LIVE] BNB/USDC: checkRisk price=599.13000000 SL=573.78100000 TP=676.45760000 HWM=603.98000000 entry=603.98000000","timestamp":"2026-06-08T09:26:45.440Z"}
{"level":"debug","message":"[RISK-LOOP] checking 2 open position(s)","timestamp":"2026-06-08T09:28:44.757Z"}
{"level":"debug","message":"[LIVE] TRX/USDC: checkRisk price=0.32670000 SL=0.28943200 TP=0.42757000 HWM=0.32890000 entry=0.32890000","timestamp":"2026-06-08T09:28:45.203Z"}
{"level":"debug","message":"[LIVE] BNB/USDC: checkRisk price=598.51000000 SL=573.78100000 TP=676.45760000 HWM=603.98000000 entry=603.98000000","timestamp":"2026-06-08T09:28:45.470Z"}
{"level":"debug","message":"[RISK-LOOP] checking 2 open position(s)","timestamp":"2026-06-08T09:30:44.829Z"}
{"level":"debug","message":"[LIVE] TRX/USDC: checkRisk price=0.32660000 SL=0.28943200 TP=0.42757000 HWM=0.32890000 entry=0.32890000","timestamp":"2026-06-08T09:30:45.275Z"}
{"level":"debug","message":"[LIVE] BNB/USDC: checkRisk price=598.45000000 SL=573.78100000 TP=676.45760000 HWM=603.98000000 entry=603.98000000","timestamp":"2026-06-08T09:30:45.540Z"}
{"level":"debug","message":"[RISK-LOOP] checking 2 open position(s)","timestamp":"2026-06-08T09:32:44.920Z"}
{"level":"debug","message":"[LIVE] TRX/USDC: checkRisk price=0.32640000 SL=0.28943200 TP=0.42757000 HWM=0.32890000 entry=0.32890000","timestamp":"2026-06-08T09:32:45.185Z"}
{"level":"debug","message":"[LIVE] BNB/USDC: checkRisk price=597.23000000 SL=573.78100000 TP=676.45760000 HWM=603.98000000 entry=603.98000000","timestamp":"2026-06-08T09:32:45.452Z"}
{"level":"info","message":"[MTF-CACHE] 15m refresh complete: 37/37 symbols","timestamp":"2026-06-08T09:32:59.992Z"}
{"level":"debug","message":"[RISK-LOOP] checking 2 open position(s)","timestamp":"2026-06-08T09:34:44.966Z"}
{"level":"debug","message":"[LIVE] TRX/USDC: checkRisk price=0.32630000 SL=0.28943200 TP=0.42757000 HWM=0.32890000 entry=0.32890000","timestamp":"2026-06-08T09:34:45.410Z"}
{"level":"debug","message":"[LIVE] BNB/USDC: checkRisk price=596.56000000 SL=573.78100000 TP=676.45760000 HWM=603.98000000 entry=603.98000000","timestamp":"2026-06-08T09:34:45.675Z"}
{"level":"debug","message":"[RISK-LOOP] checking 2 open position(s)","timestamp":"2026-06-08T09:36:44.933Z"}
{"level":"debug","message":"[LIVE] TRX/USDC: checkRisk price=0.32650000 SL=0.28943200 TP=0.42757000 HWM=0.32890000 entry=0.32890000","timestamp":"2026-06-08T09:36:45.200Z"}
{"level":"debug","message":"[LIVE] BNB/USDC: checkRisk price=598.68000000 SL=573.78100000 TP=676.45760000 HWM=603.98000000 entry=603.98000000","timestamp":"2026-06-08T09:36:45.465Z"}
{"level":"debug","message":"[RISK-LOOP] checking 2 open position(s)","timestamp":"2026-06-08T09:38:44.935Z"}
{"level":"debug","message":"[LIVE] TRX/USDC: checkRisk price=0.32640000 SL=0.28943200 TP=0.42757000 HWM=0.32890000 entry=0.32890000","timestamp":"2026-06-08T09:38:45.200Z"}
{"level":"debug","message":"[LIVE] BNB/USDC: checkRisk price=597.36000000 SL=573.78100000 TP=676.45760000 HWM=603.98000000 entry=603.98000000","timestamp":"2026-06-08T09:38:45.465Z"}
{"level":"debug","message":"[RISK-LOOP] checking 2 open position(s)","timestamp":"2026-06-08T09:40:44.948Z"}
{"level":"debug","message":"[LIVE] TRX/USDC: checkRisk price=0.32650000 SL=0.28943200 TP=0.42757000 HWM=0.32890000 entry=0.32890000","timestamp":"2026-06-08T09:40:45.215Z"}
{"level":"debug","message":"[LIVE] BNB/USDC: checkRisk price=597.67000000 SL=573.78100000 TP=676.45760000 HWM=603.98000000 entry=603.98000000","timestamp":"2026-06-08T09:40:45.477Z"}
{"level":"debug","message":"[RISK-LOOP] checking 2 open position(s)","timestamp":"2026-06-08T09:42:45.119Z"}
{"level":"debug","message":"[LIVE] TRX/USDC: checkRisk price=0.32650000 SL=0.28943200 TP=0.42757000 HWM=0.32890000 entry=0.32890000","timestamp":"2026-06-08T09:42:45.409Z"}
{"level":"debug","message":"[LIVE] BNB/USDC: checkRisk price=597.30000000 SL=573.78100000 TP=676.45760000 HWM=603.98000000 entry=603.98000000","timestamp":"2026-06-08T09:42:45.676Z"}
{"level":"debug","message":"[RISK-LOOP] checking 2 open position(s)","timestamp":"2026-06-08T09:44:44.746Z"}
{"level":"debug","message":"[LIVE] TRX/USDC: checkRisk price=0.32650000 SL=0.28943200 TP=0.42757000 HWM=0.32890000 entry=0.32890000","timestamp":"2026-06-08T09:44:45.190Z"}
{"level":"debug","message":"[LIVE] BNB/USDC: checkRisk price=597.93000000 SL=573.78100000 TP=676.45760000 HWM=603.98000000 entry=603.98000000","timestamp":"2026-06-08T09:44:45.456Z"}
{"level":"debug","message":"[RISK-LOOP] checking 2 open position(s)","timestamp":"2026-06-08T09:46:44.748Z"}
{"level":"debug","message":"[LIVE] TRX/USDC: checkRisk price=0.32660000 SL=0.28943200 TP=0.42757000 HWM=0.32890000 entry=0.32890000","timestamp":"2026-06-08T09:46:45.253Z"}
{"level":"debug","message":"[LIVE] BNB/USDC: checkRisk price=598.20000000 SL=573.78100000 TP=676.45760000 HWM=603.98000000 entry=603.98000000","timestamp":"2026-06-08T09:46:45.518Z"}
{"level":"info","message":"[MTF-CACHE] 15m refresh complete: 37/37 symbols","timestamp":"2026-06-08T09:48:00.181Z"}
{"level":"debug","message":"[RISK-LOOP] checking 2 open position(s)","timestamp":"2026-06-08T09:48:44.749Z"}
{"level":"debug","message":"[LIVE] TRX/USDC: checkRisk price=0.32640000 SL=0.28943200 TP=0.42757000 HWM=0.32890000 entry=0.32890000","timestamp":"2026-06-08T09:48:45.328Z"}
{"level":"debug","message":"[LIVE] BNB/USDC: checkRisk price=599.08000000 SL=573.78100000 TP=676.45760000 HWM=603.98000000 entry=603.98000000","timestamp":"2026-06-08T09:48:45.596Z"}
{"level":"debug","message":"[RISK-LOOP] checking 2 open position(s)","timestamp":"2026-06-08T09:50:44.768Z"}
{"level":"debug","message":"[LIVE] TRX/USDC: checkRisk price=0.32660000 SL=0.28943200 TP=0.42757000 HWM=0.32890000 entry=0.32890000","timestamp":"2026-06-08T09:50:45.215Z"}
{"level":"debug","message":"[LIVE] BNB/USDC: checkRisk price=599.27000000 SL=573.78100000 TP=676.45760000 HWM=603.98000000 entry=603.98000000","timestamp":"2026-06-08T09:50:45.661Z"}
{"level":"debug","message":"[RISK-LOOP] checking 2 open position(s)","timestamp":"2026-06-08T09:52:44.945Z"}
{"level":"debug","message":"[LIVE] TRX/USDC: checkRisk price=0.32630000 SL=0.28943200 TP=0.42757000 HWM=0.32890000 entry=0.32890000","timestamp":"2026-06-08T09:52:45.493Z"}
{"level":"debug","message":"[LIVE] BNB/USDC: checkRisk price=599.04000000 SL=573.78100000 TP=676.45760000 HWM=603.98000000 entry=603.98000000","timestamp":"2026-06-08T09:52:45.758Z"}
{"level":"debug","message":"[RISK-LOOP] checking 2 open position(s)","timestamp":"2026-06-08T09:54:44.766Z"}
{"level":"debug","message":"[LIVE] TRX/USDC: checkRisk price=0.32630000 SL=0.28943200 TP=0.42757000 HWM=0.32890000 entry=0.32890000","timestamp":"2026-06-08T09:54:45.225Z"}
{"level":"debug","message":"[LIVE] BNB/USDC: checkRisk price=598.80000000 SL=573.78100000 TP=676.45760000 HWM=603.98000000 entry=603.98000000","timestamp":"2026-06-08T09:54:45.671Z"}
{"level":"debug","message":"[RISK-LOOP] checking 2 open position(s)","timestamp":"2026-06-08T09:56:44.774Z"}
{"level":"debug","message":"[LIVE] TRX/USDC: checkRisk price=0.32630000 SL=0.28943200 TP=0.42757000 HWM=0.32890000 entry=0.32890000","timestamp":"2026-06-08T09:56:45.219Z"}
{"level":"debug","message":"[LIVE] BNB/USDC: checkRisk price=599.19000000 SL=573.78100000 TP=676.45760000 HWM=603.98000000 entry=603.98000000","timestamp":"2026-06-08T09:56:45.663Z"}
{"level":"debug","message":"[RISK-LOOP] checking 2 open position(s)","timestamp":"2026-06-08T09:58:44.764Z"}
{"level":"debug","message":"[LIVE] TRX/USDC: checkRisk price=0.32620000 SL=0.28943200 TP=0.42757000 HWM=0.32890000 entry=0.32890000","timestamp":"2026-06-08T09:58:45.209Z"}
{"level":"debug","message":"[LIVE] BNB/USDC: checkRisk price=599.29000000 SL=573.78100000 TP=676.45760000 HWM=603.98000000 entry=603.98000000","timestamp":"2026-06-08T09:58:45.652Z"}
{"level":"debug","message":"[RISK-LOOP] checking 2 open position(s)","timestamp":"2026-06-08T10:00:44.777Z"}
{"level":"debug","message":"[LIVE] TRX/USDC: checkRisk price=0.32630000 SL=0.28943200 TP=0.42757000 HWM=0.32890000 entry=0.32890000","timestamp":"2026-06-08T10:00:45.222Z"}
{"level":"debug","message":"[LIVE] BNB/USDC: checkRisk price=599.50000000 SL=573.78100000 TP=676.45760000 HWM=603.98000000 entry=603.98000000","timestamp":"2026-06-08T10:00:45.667Z"}
{"level":"debug","message":"[RISK-LOOP] checking 2 open position(s)","timestamp":"2026-06-08T10:02:44.949Z"}
{"level":"debug","message":"[LIVE] TRX/USDC: checkRisk price=0.32630000 SL=0.28943200 TP=0.42757000 HWM=0.32890000 entry=0.32890000","timestamp":"2026-06-08T10:02:45.395Z"}
{"level":"debug","message":"[LIVE] BNB/USDC: checkRisk price=599.27000000 SL=573.78100000 TP=676.45760000 HWM=603.98000000 entry=603.98000000","timestamp":"2026-06-08T10:02:45.841Z"}
{"level":"info","message":"[MTF-CACHE] 15m refresh complete: 37/37 symbols","timestamp":"2026-06-08T10:02:59.981Z"}
{"level":"debug","message":"[RISK-LOOP] checking 2 open position(s)","timestamp":"2026-06-08T10:04:44.783Z"}
{"level":"debug","message":"[LIVE] TRX/USDC: checkRisk price=0.32650000 SL=0.28943200 TP=0.42757000 HWM=0.32890000 entry=0.32890000","timestamp":"2026-06-08T10:04:45.229Z"}
{"level":"debug","message":"[LIVE] BNB/USDC: checkRisk price=598.82000000 SL=573.78100000 TP=676.45760000 HWM=603.98000000 entry=603.98000000","timestamp":"2026-06-08T10:04:45.493Z"}
{"level":"debug","message":"[RISK-LOOP] checking 2 open position(s)","timestamp":"2026-06-08T10:06:44.785Z"}
{"level":"debug","message":"[LIVE] TRX/USDC: checkRisk price=0.32700000 SL=0.28943200 TP=0.42757000 HWM=0.32890000 entry=0.32890000","timestamp":"2026-06-08T10:06:45.233Z"}
{"level":"debug","message":"[LIVE] BNB/USDC: checkRisk price=599.45000000 SL=573.78100000 TP=676.45760000 HWM=603.98000000 entry=603.98000000","timestamp":"2026-06-08T10:06:45.499Z"}
{"level":"debug","message":"[RISK-LOOP] checking 2 open position(s)","timestamp":"2026-06-08T10:08:44.774Z"}
{"level":"debug","message":"[LIVE] TRX/USDC: checkRisk price=0.32670000 SL=0.28943200 TP=0.42757000 HWM=0.32890000 entry=0.32890000","timestamp":"2026-06-08T10:08:45.217Z"}
{"level":"debug","message":"[LIVE] BNB/USDC: checkRisk price=599.48000000 SL=573.78100000 TP=676.45760000 HWM=603.98000000 entry=603.98000000","timestamp":"2026-06-08T10:08:45.479Z"}
{"level":"debug","message":"[RISK-LOOP] checking 2 open position(s)","timestamp":"2026-06-08T10:10:44.788Z"}
{"level":"debug","message":"[LIVE] TRX/USDC: checkRisk price=0.32670000 SL=0.28943200 TP=0.42757000 HWM=0.32890000 entry=0.32890000","timestamp":"2026-06-08T10:10:45.230Z"}
{"level":"debug","message":"[LIVE] BNB/USDC: checkRisk price=599.27000000 SL=573.78100000 TP=676.45760000 HWM=603.98000000 entry=603.98000000","timestamp":"2026-06-08T10:10:45.495Z"}
{"level":"debug","message":"[RISK-LOOP] checking 2 open position(s)","timestamp":"2026-06-08T10:12:44.958Z"}
{"level":"debug","message":"[LIVE] TRX/USDC: checkRisk price=0.32670000 SL=0.28943200 TP=0.42757000 HWM=0.32890000 entry=0.32890000","timestamp":"2026-06-08T10:12:45.419Z"}
{"level":"debug","message":"[LIVE] BNB/USDC: checkRisk price=599.03000000 SL=573.78100000 TP=676.45760000 HWM=603.98000000 entry=603.98000000","timestamp":"2026-06-08T10:12:45.684Z"}
{"level":"debug","message":"[RISK-LOOP] checking 2 open position(s)","timestamp":"2026-06-08T10:14:44.779Z"}
{"level":"debug","message":"[LIVE] TRX/USDC: checkRisk price=0.32660000 SL=0.28943200 TP=0.42757000 HWM=0.32890000 entry=0.32890000","timestamp":"2026-06-08T10:14:45.225Z"}
{"level":"debug","message":"[LIVE] BNB/USDC: checkRisk price=598.90000000 SL=573.78100000 TP=676.45760000 HWM=603.98000000 entry=603.98000000","timestamp":"2026-06-08T10:14:45.491Z"}
{"level":"debug","message":"[RISK-LOOP] checking 2 open position(s)","timestamp":"2026-06-08T10:16:44.793Z"}
{"level":"debug","message":"[LIVE] TRX/USDC: checkRisk price=0.32660000 SL=0.28943200 TP=0.42757000 HWM=0.32890000 entry=0.32890000","timestamp":"2026-06-08T10:16:45.237Z"}
{"level":"debug","message":"[LIVE] BNB/USDC: checkRisk price=598.58000000 SL=573.78100000 TP=676.45760000 HWM=603.98000000 entry=603.98000000","timestamp":"2026-06-08T10:16:45.502Z"}
{"level":"info","message":"[MTF-CACHE] 15m refresh complete: 37/37 symbols","timestamp":"2026-06-08T10:17:59.980Z"}
{"level":"debug","message":"[RISK-LOOP] checking 2 open position(s)","timestamp":"2026-06-08T10:18:44.798Z"}
{"level":"debug","message":"[LIVE] TRX/USDC: checkRisk price=0.32640000 SL=0.28943200 TP=0.42757000 HWM=0.32890000 entry=0.32890000","timestamp":"2026-06-08T10:18:45.246Z"}
{"level":"debug","message":"[LIVE] BNB/USDC: checkRisk price=597.98000000 SL=573.78100000 TP=676.45760000 HWM=603.98000000 entry=603.98000000","timestamp":"2026-06-08T10:18:45.508Z"}
{"level":"debug","message":"[RISK-LOOP] checking 2 open position(s)","timestamp":"2026-06-08T10:20:44.788Z"}
{"level":"debug","message":"[LIVE] TRX/USDC: checkRisk price=0.32640000 SL=0.28943200 TP=0.42757000 HWM=0.32890000 entry=0.32890000","timestamp":"2026-06-08T10:20:45.235Z"}
{"level":"debug","message":"[LIVE] BNB/USDC: checkRisk price=597.51000000 SL=573.78100000 TP=676.45760000 HWM=603.98000000 entry=603.98000000","timestamp":"2026-06-08T10:20:45.499Z"}
{"level":"debug","message":"[RISK-LOOP] checking 2 open position(s)","timestamp":"2026-06-08T10:22:44.981Z"}
{"level":"debug","message":"[LIVE] TRX/USDC: checkRisk price=0.32630000 SL=0.28943200 TP=0.42757000 HWM=0.32890000 entry=0.32890000","timestamp":"2026-06-08T10:22:45.425Z"}
{"level":"debug","message":"[LIVE] BNB/USDC: checkRisk price=597.40000000 SL=573.78100000 TP=676.45760000 HWM=603.98000000 entry=603.98000000","timestamp":"2026-06-08T10:22:45.691Z"}
{"level":"debug","message":"[RISK-LOOP] checking 2 open position(s)","timestamp":"2026-06-08T10:24:44.801Z"}
{"level":"debug","message":"[LIVE] TRX/USDC: checkRisk price=0.32620000 SL=0.28943200 TP=0.42757000 HWM=0.32890000 entry=0.32890000","timestamp":"2026-06-08T10:24:45.250Z"}
{"level":"debug","message":"[LIVE] BNB/USDC: checkRisk price=597.39000000 SL=573.78100000 TP=676.45760000 HWM=603.98000000 entry=603.98000000","timestamp":"2026-06-08T10:24:45.515Z"}
{"level":"debug","message":"[RISK-LOOP] checking 2 open position(s)","timestamp":"2026-06-08T10:26:44.795Z"}
{"level":"debug","message":"[LIVE] TRX/USDC: checkRisk price=0.32620000 SL=0.28943200 TP=0.42757000 HWM=0.32890000 entry=0.32890000","timestamp":"2026-06-08T10:26:45.244Z"}
{"level":"debug","message":"[LIVE] BNB/USDC: checkRisk price=597.05000000 SL=573.78100000 TP=676.45760000 HWM=603.98000000 entry=603.98000000","timestamp":"2026-06-08T10:26:45.509Z"}
{"level":"debug","message":"[RISK-LOOP] checking 2 open position(s)","timestamp":"2026-06-08T10:28:44.809Z"}
{"level":"debug","message":"[LIVE] TRX/USDC: checkRisk price=0.32600000 SL=0.28943200 TP=0.42757000 HWM=0.32890000 entry=0.32890000","timestamp":"2026-06-08T10:28:45.253Z"}
{"level":"debug","message":"[LIVE] BNB/USDC: checkRisk price=596.98000000 SL=573.78100000 TP=676.45760000 HWM=603.98000000 entry=603.98000000","timestamp":"2026-06-08T10:28:45.518Z"}
{"level":"debug","message":"[RISK-LOOP] checking 2 open position(s)","timestamp":"2026-06-08T10:30:44.814Z"}
{"level":"debug","message":"[LIVE] TRX/USDC: checkRisk price=0.32620000 SL=0.28943200 TP=0.42757000 HWM=0.32890000 entry=0.32890000","timestamp":"2026-06-08T10:30:45.258Z"}
{"level":"debug","message":"[LIVE] BNB/USDC: checkRisk price=597.12000000 SL=573.78100000 TP=676.45760000 HWM=603.98000000 entry=603.98000000","timestamp":"2026-06-08T10:30:45.526Z"}
{"level":"debug","message":"[RISK-LOOP] checking 2 open position(s)","timestamp":"2026-06-08T10:32:44.994Z"}
{"level":"debug","message":"[LIVE] TRX/USDC: checkRisk price=0.32620000 SL=0.28943200 TP=0.42757000 HWM=0.32890000 entry=0.32890000","timestamp":"2026-06-08T10:32:45.441Z"}
{"level":"debug","message":"[LIVE] BNB/USDC: checkRisk price=597.03000000 SL=573.78100000 TP=676.45760000 HWM=603.98000000 entry=603.98000000","timestamp":"2026-06-08T10:32:45.707Z"}
{"level":"info","message":"[MTF-CACHE] 15m refresh complete: 37/37 symbols","timestamp":"2026-06-08T10:32:59.995Z"}
{"level":"debug","message":"[RISK-LOOP] checking 2 open position(s)","timestamp":"2026-06-08T10:34:44.802Z"}
{"level":"debug","message":"[LIVE] TRX/USDC: checkRisk price=0.32630000 SL=0.28943200 TP=0.42757000 HWM=0.32890000 entry=0.32890000","timestamp":"2026-06-08T10:34:45.246Z"}
{"level":"debug","message":"[LIVE] BNB/USDC: checkRisk price=599.09000000 SL=573.78100000 TP=676.45760000 HWM=603.98000000 entry=603.98000000","timestamp":"2026-06-08T10:34:45.511Z"}
{"level":"debug","message":"[RISK-LOOP] checking 2 open position(s)","timestamp":"2026-06-08T10:36:44.804Z"}
{"level":"debug","message":"[LIVE] TRX/USDC: checkRisk price=0.32610000 SL=0.28943200 TP=0.42757000 HWM=0.32890000 entry=0.32890000","timestamp":"2026-06-08T10:36:45.249Z"}
{"level":"debug","message":"[LIVE] BNB/USDC: checkRisk price=598.26000000 SL=573.78100000 TP=676.45760000 HWM=603.98000000 entry=603.98000000","timestamp":"2026-06-08T10:36:45.511Z"}
{"level":"debug","message":"[RISK-LOOP] checking 2 open position(s)","timestamp":"2026-06-08T10:38:44.815Z"}
{"level":"debug","message":"[LIVE] TRX/USDC: checkRisk price=0.32630000 SL=0.28943200 TP=0.42757000 HWM=0.32890000 entry=0.32890000","timestamp":"2026-06-08T10:38:45.260Z"}
{"level":"debug","message":"[LIVE] BNB/USDC: checkRisk price=598.50000000 SL=573.78100000 TP=676.45760000 HWM=603.98000000 entry=603.98000000","timestamp":"2026-06-08T10:38:45.524Z"}
{"level":"debug","message":"[RISK-LOOP] checking 2 open position(s)","timestamp":"2026-06-08T10:40:44.814Z"}
{"level":"debug","message":"[LIVE] TRX/USDC: checkRisk price=0.32620000 SL=0.28943200 TP=0.42757000 HWM=0.32890000 entry=0.32890000","timestamp":"2026-06-08T10:40:45.261Z"}
{"level":"debug","message":"[LIVE] BNB/USDC: checkRisk price=598.05000000 SL=573.78100000 TP=676.45760000 HWM=603.98000000 entry=603.98000000","timestamp":"2026-06-08T10:40:45.527Z"}
{"level":"debug","message":"[RISK-LOOP] checking 2 open position(s)","timestamp":"2026-06-08T10:42:44.985Z"}
{"level":"debug","message":"[LIVE] TRX/USDC: checkRisk price=0.32620000 SL=0.28943200 TP=0.42757000 HWM=0.32890000 entry=0.32890000","timestamp":"2026-06-08T10:42:45.429Z"}
{"level":"debug","message":"[LIVE] BNB/USDC: checkRisk price=597.69000000 SL=573.78100000 TP=676.45760000 HWM=603.98000000 entry=603.98000000","timestamp":"2026-06-08T10:42:45.696Z"}
{"level":"debug","message":"[RISK-LOOP] checking 2 open position(s)","timestamp":"2026-06-08T10:44:44.809Z"}
{"level":"debug","message":"[LIVE] TRX/USDC: checkRisk price=0.32620000 SL=0.28943200 TP=0.42757000 HWM=0.32890000 entry=0.32890000","timestamp":"2026-06-08T10:44:45.255Z"}
{"level":"debug","message":"[LIVE] BNB/USDC: checkRisk price=598.12000000 SL=573.78100000 TP=676.45760000 HWM=603.98000000 entry=603.98000000","timestamp":"2026-06-08T10:44:45.522Z"}
{"level":"debug","message":"[RISK-LOOP] checking 2 open position(s)","timestamp":"2026-06-08T10:46:44.825Z"}
{"level":"debug","message":"[LIVE] TRX/USDC: checkRisk price=0.32600000 SL=0.28943200 TP=0.42757000 HWM=0.32890000 entry=0.32890000","timestamp":"2026-06-08T10:46:45.274Z"}
{"level":"debug","message":"[LIVE] BNB/USDC: checkRisk price=597.54000000 SL=573.78100000 TP=676.45760000 HWM=603.98000000 entry=603.98000000","timestamp":"2026-06-08T10:46:45.537Z"}
{"level":"info","message":"[MTF-CACHE] 15m refresh complete: 37/37 symbols","timestamp":"2026-06-08T10:48:00.011Z"}
{"level":"debug","message":"[RISK-LOOP] checking 2 open position(s)","timestamp":"2026-06-08T10:48:44.823Z"}
{"level":"debug","message":"[LIVE] TRX/USDC: checkRisk price=0.32610000 SL=0.28943200 TP=0.42757000 HWM=0.32890000 entry=0.32890000","timestamp":"2026-06-08T10:48:45.268Z"}
{"level":"debug","message":"[LIVE] BNB/USDC: checkRisk price=597.66000000 SL=573.78100000 TP=676.45760000 HWM=603.98000000 entry=603.98000000","timestamp":"2026-06-08T10:48:45.532Z"}
{"level":"debug","message":"[RISK-LOOP] checking 2 open position(s)","timestamp":"2026-06-08T10:50:44.825Z"}
{"level":"debug","message":"[LIVE] TRX/USDC: checkRisk price=0.32620000 SL=0.28943200 TP=0.42757000 HWM=0.32890000 entry=0.32890000","timestamp":"2026-06-08T10:50:45.272Z"}
{"level":"debug","message":"[LIVE] BNB/USDC: checkRisk price=597.55000000 SL=573.78100000 TP=676.45760000 HWM=603.98000000 entry=603.98000000","timestamp":"2026-06-08T10:50:45.538Z"}
{"level":"debug","message":"[RISK-LOOP] checking 2 open position(s)","timestamp":"2026-06-08T10:52:44.995Z"}
{"level":"debug","message":"[LIVE] TRX/USDC: checkRisk price=0.32600000 SL=0.28943200 TP=0.42757000 HWM=0.32890000 entry=0.32890000","timestamp":"2026-06-08T10:52:45.442Z"}
{"level":"debug","message":"[LIVE] BNB/USDC: checkRisk price=597.76000000 SL=573.78100000 TP=676.45760000 HWM=603.98000000 entry=603.98000000","timestamp":"2026-06-08T10:52:45.708Z"}
{"level":"debug","message":"[RISK-LOOP] checking 2 open position(s)","timestamp":"2026-06-08T10:54:44.825Z"}
{"level":"debug","message":"[LIVE] TRX/USDC: checkRisk price=0.32600000 SL=0.28943200 TP=0.42757000 HWM=0.32890000 entry=0.32890000","timestamp":"2026-06-08T10:54:45.269Z"}
{"level":"debug","message":"[LIVE] BNB/USDC: checkRisk price=598.13000000 SL=573.78100000 TP=676.45760000 HWM=603.98000000 entry=603.98000000","timestamp":"2026-06-08T10:54:45.535Z"}
{"level":"debug","message":"[RISK-LOOP] checking 2 open position(s)","timestamp":"2026-06-08T10:56:44.831Z"}
{"level":"debug","message":"[LIVE] TRX/USDC: checkRisk price=0.32600000 SL=0.28943200 TP=0.42757000 HWM=0.32890000 entry=0.32890000","timestamp":"2026-06-08T10:56:45.276Z"}
{"level":"debug","message":"[LIVE] BNB/USDC: checkRisk price=597.61000000 SL=573.78100000 TP=676.45760000 HWM=603.98000000 entry=603.98000000","timestamp":"2026-06-08T10:56:45.541Z"}
{"level":"debug","message":"[RISK-LOOP] checking 2 open position(s)","timestamp":"2026-06-08T10:58:44.830Z"}
{"level":"debug","message":"[LIVE] TRX/USDC: checkRisk price=0.32610000 SL=0.28943200 TP=0.42757000 HWM=0.32890000 entry=0.32890000","timestamp":"2026-06-08T10:58:45.274Z"}
{"level":"debug","message":"[LIVE] BNB/USDC: checkRisk price=597.78000000 SL=573.78100000 TP=676.45760000 HWM=603.98000000 entry=603.98000000","timestamp":"2026-06-08T10:58:45.540Z"}
{"level":"debug","message":"[RISK-LOOP] checking 2 open position(s)","timestamp":"2026-06-08T11:00:44.822Z"}
{"level":"debug","message":"[LIVE] TRX/USDC: checkRisk price=0.32600000 SL=0.28943200 TP=0.42757000 HWM=0.32890000 entry=0.32890000","timestamp":"2026-06-08T11:00:45.271Z"}
{"level":"debug","message":"[LIVE] BNB/USDC: checkRisk price=597.75000000 SL=573.78100000 TP=676.45760000 HWM=603.98000000 entry=603.98000000","timestamp":"2026-06-08T11:00:45.535Z"}
{"level":"debug","message":"[RISK-LOOP] checking 2 open position(s)","timestamp":"2026-06-08T11:02:45.000Z"}
{"level":"debug","message":"[LIVE] TRX/USDC: checkRisk price=0.32600000 SL=0.28943200 TP=0.42757000 HWM=0.32890000 entry=0.32890000","timestamp":"2026-06-08T11:02:45.445Z"}
{"level":"debug","message":"[LIVE] BNB/USDC: checkRisk price=597.10000000 SL=573.78100000 TP=676.45760000 HWM=603.98000000 entry=603.98000000","timestamp":"2026-06-08T11:02:45.711Z"}
{"level":"info","message":"[MTF-CACHE] 15m refresh complete: 37/37 symbols","timestamp":"2026-06-08T11:03:02.467Z"}
{"level":"debug","message":"[RISK-LOOP] checking 2 open position(s)","timestamp":"2026-06-08T11:04:44.832Z"}
{"level":"debug","message":"[LIVE] TRX/USDC: checkRisk price=0.32590000 SL=0.28943200 TP=0.42757000 HWM=0.32890000 entry=0.32890000","timestamp":"2026-06-08T11:04:45.278Z"}
{"level":"debug","message":"[LIVE] BNB/USDC: checkRisk price=597.26000000 SL=573.78100000 TP=676.45760000 HWM=603.98000000 entry=603.98000000","timestamp":"2026-06-08T11:04:45.544Z"}
{"level":"debug","message":"[RISK-LOOP] checking 2 open position(s)","timestamp":"2026-06-08T11:06:44.823Z"}
{"level":"debug","message":"[LIVE] TRX/USDC: checkRisk price=0.32620000 SL=0.28943200 TP=0.42757000 HWM=0.32890000 entry=0.32890000","timestamp":"2026-06-08T11:06:45.269Z"}
{"level":"debug","message":"[LIVE] BNB/USDC: checkRisk price=597.30000000 SL=573.78100000 TP=676.45760000 HWM=603.98000000 entry=603.98000000","timestamp":"2026-06-08T11:06:45.535Z"}
{"level":"debug","message":"[RISK-LOOP] checking 2 open position(s)","timestamp":"2026-06-08T11:08:44.827Z"}
{"level":"debug","message":"[LIVE] TRX/USDC: checkRisk price=0.32650000 SL=0.28943200 TP=0.42757000 HWM=0.32890000 entry=0.32890000","timestamp":"2026-06-08T11:08:45.275Z"}
{"level":"debug","message":"[LIVE] BNB/USDC: checkRisk price=597.60000000 SL=573.78100000 TP=676.45760000 HWM=603.98000000 entry=603.98000000","timestamp":"2026-06-08T11:08:45.541Z"}
{"level":"debug","message":"[RISK-LOOP] checking 2 open position(s)","timestamp":"2026-06-08T11:10:44.835Z"}
{"level":"debug","message":"[LIVE] TRX/USDC: checkRisk price=0.32630000 SL=0.28943200 TP=0.42757000 HWM=0.32890000 entry=0.32890000","timestamp":"2026-06-08T11:10:45.281Z"}
{"level":"debug","message":"[LIVE] BNB/USDC: checkRisk price=598.24000000 SL=573.78100000 TP=676.45760000 HWM=603.98000000 entry=603.98000000","timestamp":"2026-06-08T11:10:45.545Z"}
{"level":"debug","message":"[RISK-LOOP] checking 2 open position(s)","timestamp":"2026-06-08T11:12:45.012Z"}
{"level":"debug","message":"[LIVE] TRX/USDC: checkRisk price=0.32640000 SL=0.28943200 TP=0.42757000 HWM=0.32890000 entry=0.32890000","timestamp":"2026-06-08T11:12:45.455Z"}
{"level":"debug","message":"[LIVE] BNB/USDC: checkRisk price=599.26000000 SL=573.78100000 TP=676.45760000 HWM=603.98000000 entry=603.98000000","timestamp":"2026-06-08T11:12:45.722Z"}
{"level":"debug","message":"[RISK-LOOP] checking 2 open position(s)","timestamp":"2026-06-08T11:14:44.833Z"}
{"level":"debug","message":"[LIVE] TRX/USDC: checkRisk price=0.32640000 SL=0.28943200 TP=0.42757000 HWM=0.32890000 entry=0.32890000","timestamp":"2026-06-08T11:14:45.278Z"}
{"level":"debug","message":"[LIVE] BNB/USDC: checkRisk price=599.25000000 SL=573.78100000 TP=676.45760000 HWM=603.98000000 entry=603.98000000","timestamp":"2026-06-08T11:14:45.543Z"}
{"level":"debug","message":"[RISK-LOOP] checking 2 open position(s)","timestamp":"2026-06-08T11:16:44.841Z"}
{"level":"debug","message":"[LIVE] TRX/USDC: checkRisk price=0.32660000 SL=0.28943200 TP=0.42757000 HWM=0.32890000 entry=0.32890000","timestamp":"2026-06-08T11:16:45.287Z"}
{"level":"debug","message":"[LIVE] BNB/USDC: checkRisk price=599.60000000 SL=573.78100000 TP=676.45760000 HWM=603.98000000 entry=603.98000000","timestamp":"2026-06-08T11:16:45.553Z"}
{"level":"info","message":"[MTF-CACHE] 15m refresh complete: 37/37 symbols","timestamp":"2026-06-08T11:18:00.051Z"}
{"level":"debug","message":"[RISK-LOOP] checking 2 open position(s)","timestamp":"2026-06-08T11:18:44.835Z"}
{"level":"debug","message":"[LIVE] TRX/USDC: checkRisk price=0.32670000 SL=0.28943200 TP=0.42757000 HWM=0.32890000 entry=0.32890000","timestamp":"2026-06-08T11:18:45.279Z"}
{"level":"debug","message":"[LIVE] BNB/USDC: checkRisk price=600.07000000 SL=573.78100000 TP=676.45760000 HWM=603.98000000 entry=603.98000000","timestamp":"2026-06-08T11:18:45.545Z"}
{"level":"debug","message":"[RISK-LOOP] checking 2 open position(s)","timestamp":"2026-06-08T11:20:44.838Z"}
{"level":"debug","message":"[LIVE] TRX/USDC: checkRisk price=0.32670000 SL=0.28943200 TP=0.42757000 HWM=0.32890000 entry=0.32890000","timestamp":"2026-06-08T11:20:45.284Z"}
{"level":"debug","message":"[LIVE] BNB/USDC: checkRisk price=600.34000000 SL=573.78100000 TP=676.45760000 HWM=603.98000000 entry=603.98000000","timestamp":"2026-06-08T11:20:45.548Z"}
{"level":"debug","message":"[RISK-LOOP] checking 2 open position(s)","timestamp":"2026-06-08T11:22:45.020Z"}
{"level":"debug","message":"[LIVE] TRX/USDC: checkRisk price=0.32680000 SL=0.28943200 TP=0.42757000 HWM=0.32890000 entry=0.32890000","timestamp":"2026-06-08T11:22:45.467Z"}
{"level":"debug","message":"[LIVE] BNB/USDC: checkRisk price=601.13000000 SL=573.78100000 TP=676.45760000 HWM=603.98000000 entry=603.98000000","timestamp":"2026-06-08T11:22:45.728Z"}
{"level":"debug","message":"[RISK-LOOP] checking 2 open position(s)","timestamp":"2026-06-08T11:24:44.830Z"}
{"level":"debug","message":"[LIVE] TRX/USDC: checkRisk price=0.32700000 SL=0.28943200 TP=0.42757000 HWM=0.32890000 entry=0.32890000","timestamp":"2026-06-08T11:24:45.275Z"}
{"level":"debug","message":"[LIVE] BNB/USDC: checkRisk price=601.43000000 SL=573.78100000 TP=676.45760000 HWM=603.98000000 entry=603.98000000","timestamp":"2026-06-08T11:24:45.538Z"}
{"level":"debug","message":"[RISK-LOOP] checking 2 open position(s)","timestamp":"2026-06-08T11:26:44.838Z"}
{"level":"debug","message":"[LIVE] TRX/USDC: checkRisk price=0.32710000 SL=0.28943200 TP=0.42757000 HWM=0.32890000 entry=0.32890000","timestamp":"2026-06-08T11:26:45.285Z"}
{"level":"debug","message":"[LIVE] BNB/USDC: checkRisk price=601.66000000 SL=573.78100000 TP=676.45760000 HWM=603.98000000 entry=603.98000000","timestamp":"2026-06-08T11:26:45.552Z"}
{"level":"debug","message":"[RISK-LOOP] checking 2 open position(s)","timestamp":"2026-06-08T11:28:44.843Z"}
{"level":"debug","message":"[LIVE] TRX/USDC: checkRisk price=0.32730000 SL=0.28943200 TP=0.42757000 HWM=0.32890000 entry=0.32890000","timestamp":"2026-06-08T11:28:45.289Z"}
{"level":"debug","message":"[LIVE] BNB/USDC: checkRisk price=601.08000000 SL=573.78100000 TP=676.45760000 HWM=603.98000000 entry=603.98000000","timestamp":"2026-06-08T11:28:45.556Z"}
{"level":"debug","message":"[RISK-LOOP] checking 2 open position(s)","timestamp":"2026-06-08T11:30:44.842Z"}
{"level":"debug","message":"[LIVE] TRX/USDC: checkRisk price=0.32730000 SL=0.28943200 TP=0.42757000 HWM=0.32890000 entry=0.32890000","timestamp":"2026-06-08T11:30:45.285Z"}
{"level":"debug","message":"[LIVE] BNB/USDC: checkRisk price=602.03000000 SL=573.78100000 TP=676.45760000 HWM=603.98000000 entry=603.98000000","timestamp":"2026-06-08T11:30:45.549Z"}
{"level":"debug","message":"[RISK-LOOP] checking 2 open position(s)","timestamp":"2026-06-08T11:32:45.017Z"}
{"level":"debug","message":"[LIVE] TRX/USDC: checkRisk price=0.32730000 SL=0.28943200 TP=0.42757000 HWM=0.32890000 entry=0.32890000","timestamp":"2026-06-08T11:32:45.462Z"}
{"level":"debug","message":"[LIVE] BNB/USDC: checkRisk price=602.46000000 SL=573.78100000 TP=676.45760000 HWM=603.98000000 entry=603.98000000","timestamp":"2026-06-08T11:32:45.727Z"}
{"level":"info","message":"[MTF-CACHE] 15m refresh complete: 37/37 symbols","timestamp":"2026-06-08T11:33:00.000Z"}
{"level":"info","message":"[MTF-CACHE] 4h refresh complete: 37/37 symbols","timestamp":"2026-06-08T11:33:00.297Z"}
{"level":"debug","message":"[RISK-LOOP] checking 2 open position(s)","timestamp":"2026-06-08T11:34:44.846Z"}
{"level":"debug","message":"[LIVE] TRX/USDC: checkRisk price=0.32740000 SL=0.28943200 TP=0.42757000 HWM=0.32890000 entry=0.32890000","timestamp":"2026-06-08T11:34:45.293Z"}
{"level":"debug","message":"[LIVE] BNB/USDC: checkRisk price=602.17000000 SL=573.78100000 TP=676.45760000 HWM=603.98000000 entry=603.98000000","timestamp":"2026-06-08T11:34:45.558Z"}
{"level":"debug","message":"[RISK-LOOP] checking 2 open position(s)","timestamp":"2026-06-08T11:36:44.852Z"}
{"level":"debug","message":"[LIVE] TRX/USDC: checkRisk price=0.32740000 SL=0.28943200 TP=0.42757000 HWM=0.32890000 entry=0.32890000","timestamp":"2026-06-08T11:36:45.300Z"}
{"level":"debug","message":"[LIVE] BNB/USDC: checkRisk price=603.62000000 SL=573.78100000 TP=676.45760000 HWM=603.98000000 entry=603.98000000","timestamp":"2026-06-08T11:36:45.563Z"}
{"level":"debug","message":"[RISK-LOOP] checking 2 open position(s)","timestamp":"2026-06-08T11:38:44.840Z"}
{"level":"debug","message":"[LIVE] TRX/USDC: checkRisk price=0.32750000 SL=0.28943200 TP=0.42757000 HWM=0.32890000 entry=0.32890000","timestamp":"2026-06-08T11:38:45.286Z"}
{"level":"debug","message":"[LIVE] BNB/USDC: checkRisk price=603.82000000 SL=573.78100000 TP=676.45760000 HWM=603.98000000 entry=603.98000000","timestamp":"2026-06-08T11:38:45.552Z"}
{"level":"debug","message":"[RISK-LOOP] checking 2 open position(s)","timestamp":"2026-06-08T11:40:44.842Z"}
{"level":"debug","message":"[LIVE] TRX/USDC: checkRisk price=0.32750000 SL=0.28943200 TP=0.42757000 HWM=0.32890000 entry=0.32890000","timestamp":"2026-06-08T11:40:45.286Z"}
{"level":"debug","message":"[LIVE] BNB/USDC: checkRisk price=603.12000000 SL=573.78100000 TP=676.45760000 HWM=603.98000000 entry=603.98000000","timestamp":"2026-06-08T11:40:45.552Z"}
{"level":"debug","message":"[RISK-LOOP] checking 2 open position(s)","timestamp":"2026-06-08T11:42:45.022Z"}
{"level":"debug","message":"[LIVE] TRX/USDC: checkRisk price=0.32780000 SL=0.28943200 TP=0.42757000 HWM=0.32890000 entry=0.32890000","timestamp":"2026-06-08T11:42:45.468Z"}
{"level":"debug","message":"[LIVE] BNB/USDC: checkRisk price=602.98000000 SL=573.78100000 TP=676.45760000 HWM=603.98000000 entry=603.98000000","timestamp":"2026-06-08T11:42:45.735Z"}
{"level":"debug","message":"[RISK-LOOP] checking 2 open position(s)","timestamp":"2026-06-08T11:44:44.858Z"}
{"level":"debug","message":"[LIVE] TRX/USDC: checkRisk price=0.32780000 SL=0.28943200 TP=0.42757000 HWM=0.32890000 entry=0.32890000","timestamp":"2026-06-08T11:44:45.301Z"}
{"level":"debug","message":"[LIVE] BNB/USDC: checkRisk price=602.37000000 SL=573.78100000 TP=676.45760000 HWM=603.98000000 entry=603.98000000","timestamp":"2026-06-08T11:44:45.567Z"}
{"level":"debug","message":"[RISK-LOOP] checking 2 open position(s)","timestamp":"2026-06-08T11:46:44.847Z"}
{"level":"debug","message":"[LIVE] TRX/USDC: checkRisk price=0.32780000 SL=0.28943200 TP=0.42757000 HWM=0.32890000 entry=0.32890000","timestamp":"2026-06-08T11:46:45.291Z"}
{"level":"debug","message":"[LIVE] BNB/USDC: checkRisk price=602.43000000 SL=573.78100000 TP=676.45760000 HWM=603.98000000 entry=603.98000000","timestamp":"2026-06-08T11:46:45.558Z"}
{"level":"info","message":"[MTF-CACHE] 15m refresh complete: 37/37 symbols","timestamp":"2026-06-08T11:47:59.966Z"}
{"level":"debug","message":"[RISK-LOOP] checking 2 open position(s)","timestamp":"2026-06-08T11:48:44.846Z"}
{"level":"debug","message":"[LIVE] TRX/USDC: checkRisk price=0.32790000 SL=0.28943200 TP=0.42757000 HWM=0.32890000 entry=0.32890000","timestamp":"2026-06-08T11:48:45.293Z"}
{"level":"debug","message":"[LIVE] BNB/USDC: checkRisk price=602.01000000 SL=573.78100000 TP=676.45760000 HWM=603.98000000 entry=603.98000000","timestamp":"2026-06-08T11:48:45.556Z"}
{"level":"debug","message":"[RISK-LOOP] checking 2 open position(s)","timestamp":"2026-06-08T11:50:44.847Z"}
{"level":"debug","message":"[LIVE] TRX/USDC: checkRisk price=0.32780000 SL=0.28943200 TP=0.42757000 HWM=0.32890000 entry=0.32890000","timestamp":"2026-06-08T11:50:45.293Z"}
{"level":"debug","message":"[LIVE] BNB/USDC: checkRisk price=602.15000000 SL=573.78100000 TP=676.45760000 HWM=603.98000000 entry=603.98000000","timestamp":"2026-06-08T11:50:45.557Z"}
{"level":"debug","message":"[RISK-LOOP] checking 2 open position(s)","timestamp":"2026-06-08T11:52:44.858Z"}
{"level":"debug","message":"[LIVE] TRX/USDC: checkRisk price=0.32770000 SL=0.28943200 TP=0.42757000 HWM=0.32890000 entry=0.32890000","timestamp":"2026-06-08T11:52:45.305Z"}
{"level":"debug","message":"[LIVE] BNB/USDC: checkRisk price=601.95000000 SL=573.78100000 TP=676.45760000 HWM=603.98000000 entry=603.98000000","timestamp":"2026-06-08T11:52:45.572Z"}
{"level":"debug","message":"[RISK-LOOP] checking 2 open position(s)","timestamp":"2026-06-08T11:54:44.860Z"}
{"level":"debug","message":"[LIVE] TRX/USDC: checkRisk price=0.32760000 SL=0.28943200 TP=0.42757000 HWM=0.32890000 entry=0.32890000","timestamp":"2026-06-08T11:54:45.304Z"}
{"level":"debug","message":"[LIVE] BNB/USDC: checkRisk price=601.84000000 SL=573.78100000 TP=676.45760000 HWM=603.98000000 entry=603.98000000","timestamp":"2026-06-08T11:54:45.569Z"}
{"level":"debug","message":"[RISK-LOOP] checking 2 open position(s)","timestamp":"2026-06-08T11:56:44.859Z"}
{"level":"debug","message":"[LIVE] TRX/USDC: checkRisk price=0.32760000 SL=0.28943200 TP=0.42757000 HWM=0.32890000 entry=0.32890000","timestamp":"2026-06-08T11:56:45.303Z"}
{"level":"debug","message":"[LIVE] BNB/USDC: checkRisk price=602.04000000 SL=573.78100000 TP=676.45760000 HWM=603.98000000 entry=603.98000000","timestamp":"2026-06-08T11:56:45.570Z"}
{"level":"debug","message":"[RISK-LOOP] checking 2 open position(s)","timestamp":"2026-06-08T11:58:44.858Z"}
{"level":"debug","message":"[LIVE] TRX/USDC: checkRisk price=0.32760000 SL=0.28943200 TP=0.42757000 HWM=0.32890000 entry=0.32890000","timestamp":"2026-06-08T11:58:45.303Z"}
{"level":"debug","message":"[LIVE] BNB/USDC: checkRisk price=602.04000000 SL=573.78100000 TP=676.45760000 HWM=603.98000000 entry=603.98000000","timestamp":"2026-06-08T11:58:45.567Z"}
{"level":"debug","message":"[CYCLE] ATR sizing: medianATRPct=3.18% (37 symbols)","timestamp":"2026-06-08T12:00:19.247Z"}
{"level":"debug","message":"[CYCLE] BTC macro: bull=false EMA200","timestamp":"2026-06-08T12:00:19.249Z"}
{"level":"debug","message":"[CYCLE] BTC/USDC: starting cycle, candles=746 lastClose=63411.70000000 lastTs=2026-06-08T12:00:00.000Z","timestamp":"2026-06-08T12:00:19.525Z"}
{"level":"debug","message":"[AGG] BTC/USDC: strategy[0]=unknown → HOLD conf=0.20 \"No EMA crossover (fast 64226.4387 vs slow 67814.5340)\"","timestamp":"2026-06-08T12:00:19.530Z"}
{"level":"debug","message":"[AGG] BTC/USDC: strategy[1]=unknown → BUY conf=0.85 \"PSAR flipped bullish ↑ — SAR 60794.8400 now below price 63320.3100\"","timestamp":"2026-06-08T12:00:19.530Z"}
{"level":"debug","message":"[AGG] BTC/USDC: strategy[2]=unknown → HOLD conf=0.15 \"HA bullish continuation\"","timestamp":"2026-06-08T12:00:19.530Z"}
{"level":"debug","message":"[AGG] BTC/USDC: votes BUY=1.00 SELL=0.00 HOLD=2.00 total_weight=1.00 external=0","timestamp":"2026-06-08T12:00:19.530Z"}
{"level":"debug","message":"[AGG] BTC/USDC: decision=HOLD confidence=2.00 tie=false belowMin=false (minConf=0.55)","timestamp":"2026-06-08T12:00:19.530Z"}
{"level":"debug","message":"[CYCLE] XRP/USDC: starting cycle, candles=746 lastClose=1.15690000 lastTs=2026-06-08T12:00:00.000Z","timestamp":"2026-06-08T12:00:19.540Z"}
{"level":"debug","message":"[AGG] XRP/USDC: strategy[0]=unknown → HOLD conf=0.20 \"Price 1.1560 inside BB [1.0443–1.4072]\"","timestamp":"2026-06-08T12:00:19.571Z"}
{"level":"debug","message":"[AGG] XRP/USDC: strategy[1]=unknown → HOLD conf=0.20 \"Stoch K=31.7 D=18.5 — no crossover in extreme zone\"","timestamp":"2026-06-08T12:00:19.571Z"}
{"level":"debug","message":"[AGG] XRP/USDC: strategy[2]=unknown → HOLD conf=0.20 \"No EMA crossover (fast 1.1654 vs slow 1.2247)\"","timestamp":"2026-06-08T12:00:19.571Z"}
{"level":"debug","message":"[AGG] XRP/USDC: votes BUY=0.00 SELL=0.00 HOLD=3.00 total_weight=0.00 external=0","timestamp":"2026-06-08T12:00:19.571Z"}
{"level":"debug","message":"[AGG] XRP/USDC: decision=HOLD confidence=0.00 tie=false belowMin=true (minConf=0.55)","timestamp":"2026-06-08T12:00:19.571Z"}
{"level":"debug","message":"[CYCLE] LINK/USDC: starting cycle, candles=746 lastClose=7.96100000 lastTs=2026-06-08T12:00:00.000Z","timestamp":"2026-06-08T12:00:19.605Z"}
{"level":"debug","message":"[AGG] LINK/USDC: strategy[0]=unknown → HOLD conf=0.20 \"Price 7.9300 inside BB [7.0692–9.7310]\"","timestamp":"2026-06-08T12:00:19.616Z"}
{"level":"debug","message":"[AGG] LINK/USDC: strategy[1]=unknown → HOLD conf=0.20 \"Stoch K=35.4 D=21.1 — no crossover in extreme zone\"","timestamp":"2026-06-08T12:00:19.616Z"}
{"level":"debug","message":"[AGG] LINK/USDC: strategy[2]=unknown → HOLD conf=0.10 \"Supertrend downtrend continues (ST 8.0160)\"","timestamp":"2026-06-08T12:00:19.616Z"}
{"level":"debug","message":"[AGG] LINK/USDC: votes BUY=0.00 SELL=0.00 HOLD=3.00 total_weight=0.00 external=0","timestamp":"2026-06-08T12:00:19.616Z"}
{"level":"debug","message":"[AGG] LINK/USDC: decision=HOLD confidence=0.00 tie=false belowMin=true (minConf=0.7)","timestamp":"2026-06-08T12:00:19.616Z"}
{"level":"debug","message":"[CYCLE] BNB/USDC: starting cycle, candles=746 lastClose=601.56000000 lastTs=2026-06-08T12:00:00.000Z","timestamp":"2026-06-08T12:00:19.620Z"}
{"level":"debug","message":"[AGG] BNB/USDC: strategy[0]=unknown → HOLD conf=0.20 \"%R -73.9 neutral\"","timestamp":"2026-06-08T12:00:19.621Z"}
{"level":"debug","message":"[AGG] BNB/USDC: strategy[1]=unknown → HOLD conf=0.15 \"HA bullish continuation\"","timestamp":"2026-06-08T12:00:19.621Z"}
{"level":"debug","message":"[AGG] BNB/USDC: strategy[2]=unknown → BUY conf=0.49 \"Support 595.8650 (2×)\"","timestamp":"2026-06-08T12:00:19.621Z"}
{"level":"debug","message":"[AGG] BNB/USDC: votes BUY=1.00 SELL=0.00 HOLD=2.00 total_weight=1.00 external=0","timestamp":"2026-06-08T12:00:19.621Z"}
{"level":"debug","message":"[AGG] BNB/USDC: decision=HOLD confidence=2.00 tie=false belowMin=false (minConf=0.55)","timestamp":"2026-06-08T12:00:19.622Z"}
{"level":"debug","message":"[CYCLE] LTC/USDC: starting cycle, candles=746 lastClose=43.13000000 lastTs=2026-06-08T12:00:00.000Z","timestamp":"2026-06-08T12:00:19.629Z"}
{"level":"debug","message":"[AGG] LTC/USDC: strategy[0]=unknown → HOLD conf=0.20 \"Price 42.8300 inside BB [40.0211–55.3009]\"","timestamp":"2026-06-08T12:00:19.635Z"}
{"level":"debug","message":"[AGG] LTC/USDC: strategy[1]=unknown → HOLD conf=0.20 \"No EMA crossover (fast 44.8520 vs slow 47.6065)\"","timestamp":"2026-06-08T12:00:19.636Z"}
{"level":"debug","message":"[AGG] LTC/USDC: strategy[2]=unknown → BUY conf=0.63 \"%R -85.2 oversold ↑ reversal confirmed\"","timestamp":"2026-06-08T12:00:19.636Z"}
{"level":"debug","message":"[AGG] LTC/USDC: votes BUY=1.00 SELL=0.00 HOLD=2.00 total_weight=1.00 external=0","timestamp":"2026-06-08T12:00:19.636Z"}
{"level":"debug","message":"[AGG] LTC/USDC: decision=HOLD confidence=2.00 tie=false belowMin=false (minConf=0.55)","timestamp":"2026-06-08T12:00:19.636Z"}
{"level":"debug","message":"[CYCLE] NEAR/USDC: starting cycle, candles=746 lastClose=2.12100000 lastTs=2026-06-08T12:00:00.000Z","timestamp":"2026-06-08T12:00:19.663Z"}
{"level":"debug","message":"[AGG] NEAR/USDC: strategy[0]=unknown → HOLD conf=0.20 \"RSI 44.2 neutral\"","timestamp":"2026-06-08T12:00:19.681Z"}
{"level":"debug","message":"[AGG] NEAR/USDC: strategy[1]=unknown → HOLD conf=0.20 \"Price 2.0550 inside BB [1.7120–2.9143]\"","timestamp":"2026-06-08T12:00:19.681Z"}
{"level":"debug","message":"[AGG] NEAR/USDC: strategy[2]=unknown → HOLD conf=0.20 \"Stoch K=18.0 D=7.9 — no crossover in extreme zone\"","timestamp":"2026-06-08T12:00:19.681Z"}
{"level":"debug","message":"[AGG] NEAR/USDC: strategy[3]=unknown → HOLD conf=0.10 \"No significant S/R zone nearby\"","timestamp":"2026-06-08T12:00:19.681Z"}
{"level":"debug","message":"[AGG] NEAR/USDC: votes BUY=0.00 SELL=0.00 HOLD=4.00 total_weight=0.00 external=0","timestamp":"2026-06-08T12:00:19.681Z"}
{"level":"debug","message":"[AGG] NEAR/USDC: decision=HOLD confidence=0.00 tie=false belowMin=true (minConf=0.7)","timestamp":"2026-06-08T12:00:19.681Z"}
{"level":"debug","message":"[CYCLE] TRX/USDC: starting cycle, candles=746 lastClose=0.32740000 lastTs=2026-06-08T12:00:00.000Z","timestamp":"2026-06-08T12:00:19.690Z"}
{"level":"debug","message":"[AGG] TRX/USDC: strategy[0]=unknown → HOLD conf=0.20 \"CCI -66.8 neutral\"","timestamp":"2026-06-08T12:00:19.715Z"}
{"level":"debug","message":"[AGG] TRX/USDC: strategy[1]=unknown → HOLD conf=0.20 \"Stoch K=22.2 D=20.9 — no crossover in extreme zone\"","timestamp":"2026-06-08T12:00:19.716Z"}
{"level":"debug","message":"[AGG] TRX/USDC: strategy[2]=unknown → HOLD conf=0.20 \"StochRSI K=62.2 D=53.1 — no extreme crossover\"","timestamp":"2026-06-08T12:00:19.716Z"}
{"level":"debug","message":"[AGG] TRX/USDC: votes BUY=0.00 SELL=0.00 HOLD=3.00 total_weight=0.00 external=0","timestamp":"2026-06-08T12:00:19.716Z"}
{"level":"debug","message":"[AGG] TRX/USDC: decision=HOLD confidence=0.00 tie=false belowMin=true (minConf=0.7)","timestamp":"2026-06-08T12:00:19.716Z"}
{"level":"debug","message":"[CYCLE] BCH/USDC: starting cycle, candles=746 lastClose=207.10000000 lastTs=2026-06-08T12:00:00.000Z","timestamp":"2026-06-08T12:00:19.724Z"}
{"level":"debug","message":"[AGG] BCH/USDC: strategy[0]=unknown → HOLD conf=0.20 \"Price 230.8000 inside BB [195.0191–329.0809]\"","timestamp":"2026-06-08T12:00:19.735Z"}
{"level":"debug","message":"[AGG] BCH/USDC: strategy[1]=unknown → HOLD conf=0.20 \"OBV below EMA-20 — no cross\"","timestamp":"2026-06-08T12:00:19.735Z"}
{"level":"debug","message":"[AGG] BCH/USDC: strategy[2]=unknown → HOLD conf=0.20 \"%R -75.0 neutral\"","timestamp":"2026-06-08T12:00:19.735Z"}
{"level":"debug","message":"[AGG] BCH/USDC: votes BUY=0.00 SELL=0.00 HOLD=3.00 total_weight=0.00 external=0","timestamp":"2026-06-08T12:00:19.735Z"}
{"level":"debug","message":"[AGG] BCH/USDC: decision=HOLD confidence=0.00 tie=false belowMin=true (minConf=0.55)","timestamp":"2026-06-08T12:00:19.735Z"}
{"level":"debug","message":"[CYCLE] ACH/USDC: starting cycle, candles=746 lastClose=0.00537000 lastTs=2026-06-08T12:00:00.000Z","timestamp":"2026-06-08T12:00:19.749Z"}
{"level":"debug","message":"[AGG] ACH/USDC: strategy[0]=unknown → HOLD conf=0.20 \"RSI 32.5 neutral\"","timestamp":"2026-06-08T12:00:19.762Z"}
{"level":"debug","message":"[AGG] ACH/USDC: strategy[1]=unknown → HOLD conf=0.20 \"Price 0.0053 inside BB [0.0051–0.0066]\"","timestamp":"2026-06-08T12:00:19.763Z"}
{"level":"debug","message":"[AGG] ACH/USDC: strategy[2]=unknown → HOLD conf=0.20 \"CCI -93.6 neutral\"","timestamp":"2026-06-08T12:00:19.763Z"}
{"level":"debug","message":"[AGG] ACH/USDC: votes BUY=0.00 SELL=0.00 HOLD=3.00 total_weight=0.00 external=0","timestamp":"2026-06-08T12:00:19.763Z"}
{"level":"debug","message":"[AGG] ACH/USDC: decision=HOLD confidence=0.00 tie=false belowMin=true (minConf=0.7)","timestamp":"2026-06-08T12:00:19.763Z"}
{"level":"debug","message":"[CYCLE] CRV/USDC: starting cycle, candles=746 lastClose=0.20120000 lastTs=2026-06-08T12:00:00.000Z","timestamp":"2026-06-08T12:00:19.766Z"}
{"level":"debug","message":"[AGG] CRV/USDC: strategy[0]=unknown → SELL conf=0.65 \"ADX 33.7 downtrend (-DI 40.6 > +DI 29.7)\"","timestamp":"2026-06-08T12:00:19.789Z"}
{"level":"debug","message":"[AGG] CRV/USDC: strategy[1]=unknown → HOLD conf=0.20 \"StochRSI K=100.0 D=74.8 — no extreme crossover\"","timestamp":"2026-06-08T12:00:19.789Z"}
{"level":"debug","message":"[AGG] CRV/USDC: strategy[2]=unknown → HOLD conf=0.10 \"No significant S/R zone nearby\"","timestamp":"2026-06-08T12:00:19.789Z"}
{"level":"debug","message":"[AGG] CRV/USDC: votes BUY=0.00 SELL=1.00 HOLD=2.00 total_weight=1.00 external=0","timestamp":"2026-06-08T12:00:19.789Z"}
{"level":"debug","message":"[AGG] CRV/USDC: decision=HOLD confidence=2.00 tie=false belowMin=false (minConf=0.55)","timestamp":"2026-06-08T12:00:19.789Z"}
{"level":"debug","message":"[CYCLE] ENS/USDC: starting cycle, candles=746 lastClose=4.79000000 lastTs=2026-06-08T12:00:00.000Z","timestamp":"2026-06-08T12:00:19.801Z"}
{"level":"debug","message":"[AGG] ENS/USDC: strategy[0]=unknown → HOLD conf=0.20 \"Price 4.7300 inside BB [4.3089–6.3891]\"","timestamp":"2026-06-08T12:00:19.805Z"}
{"level":"debug","message":"[AGG] ENS/USDC: strategy[1]=unknown → HOLD conf=0.10 \"PSAR downtrend continues (SAR 5.2772)\"","timestamp":"2026-06-08T12:00:19.805Z"}
{"level":"debug","message":"[AGG] ENS/USDC: strategy[2]=unknown → HOLD conf=0.10 \"No significant S/R zone nearby\"","timestamp":"2026-06-08T12:00:19.805Z"}
{"level":"debug","message":"[AGG] ENS/USDC: votes BUY=0.00 SELL=0.00 HOLD=3.00 total_weight=0.00 external=0","timestamp":"2026-06-08T12:00:19.805Z"}
{"level":"debug","message":"[AGG] ENS/USDC: decision=HOLD confidence=0.00 tie=false belowMin=true (minConf=0.55)","timestamp":"2026-06-08T12:00:19.805Z"}
{"level":"debug","message":"[CYCLE] LDO/USDC: starting cycle, candles=746 lastClose=0.27270000 lastTs=2026-06-08T12:00:00.000Z","timestamp":"2026-06-08T12:00:19.807Z"}
{"level":"debug","message":"[AGG] LDO/USDC: strategy[0]=unknown → HOLD conf=0.20 \"MACD -0.0205 vs signal -0.0184 hist:-0.0021\"","timestamp":"2026-06-08T12:00:19.812Z"}
{"level":"debug","message":"[AGG] LDO/USDC: strategy[1]=unknown → SELL conf=0.77 \"ADX 36.9 downtrend (-DI 47.8 > +DI 23.9)\"","timestamp":"2026-06-08T12:00:19.812Z"}
{"level":"debug","message":"[AGG] LDO/USDC: strategy[2]=unknown → BUY conf=0.60 \"%R -80.2 oversold ↑ reversal confirmed\"","timestamp":"2026-06-08T12:00:19.812Z"}
{"level":"debug","message":"[AGG] LDO/USDC: votes BUY=1.00 SELL=1.00 HOLD=1.00 total_weight=2.00 external=0","timestamp":"2026-06-08T12:00:19.813Z"}
{"level":"debug","message":"[AGG] LDO/USDC: decision=HOLD confidence=0.50 tie=true belowMin=true (minConf=0.55)","timestamp":"2026-06-08T12:00:19.813Z"}
{"level":"debug","message":"[CYCLE] GMX/USDC: starting cycle, candles=746 lastClose=5.73000000 lastTs=2026-06-08T12:00:00.000Z","timestamp":"2026-06-08T12:00:19.815Z"}
{"level":"debug","message":"[AGG] GMX/USDC: strategy[0]=unknown → HOLD conf=0.20 \"RSI 36.1 neutral\"","timestamp":"2026-06-08T12:00:19.821Z"}
{"level":"debug","message":"[AGG] GMX/USDC: strategy[1]=unknown → HOLD conf=0.20 \"Price 5.5600 inside BB [5.0920–7.1980]\"","timestamp":"2026-06-08T12:00:19.822Z"}
{"level":"debug","message":"[AGG] GMX/USDC: strategy[2]=unknown → HOLD conf=0.20 \"CCI -80.6 neutral\"","timestamp":"2026-06-08T12:00:19.822Z"}
{"level":"debug","message":"[AGG] GMX/USDC: votes BUY=0.00 SELL=0.00 HOLD=3.00 total_weight=0.00 external=0","timestamp":"2026-06-08T12:00:19.822Z"}
{"level":"debug","message":"[AGG] GMX/USDC: decision=HOLD confidence=0.00 tie=false belowMin=true (minConf=0.7)","timestamp":"2026-06-08T12:00:19.822Z"}
{"level":"debug","message":"[CYCLE] LSK/USDC: starting cycle, candles=406 lastClose=0.09700000 lastTs=2026-06-08T12:00:00.000Z","timestamp":"2026-06-08T12:00:19.825Z"}
{"level":"debug","message":"[AGG] LSK/USDC: strategy[0]=unknown → HOLD conf=0.20 \"MACD -0.0057 vs signal -0.0049 hist:-0.0008\"","timestamp":"2026-06-08T12:00:19.828Z"}
{"level":"debug","message":"[AGG] LSK/USDC: strategy[1]=unknown → HOLD conf=0.90 \"MFI 397.3 overbought — still rising, wait\"","timestamp":"2026-06-08T12:00:19.828Z"}
{"level":"debug","message":"[AGG] LSK/USDC: strategy[2]=unknown → HOLD conf=0.10 \"PSAR downtrend continues (SAR 0.1082)\"","timestamp":"2026-06-08T12:00:19.828Z"}
{"level":"debug","message":"[AGG] LSK/USDC: votes BUY=0.00 SELL=0.00 HOLD=3.00 total_weight=0.00 external=0","timestamp":"2026-06-08T12:00:19.828Z"}
{"level":"debug","message":"[AGG] LSK/USDC: decision=HOLD confidence=0.00 tie=false belowMin=true (minConf=0.55)","timestamp":"2026-06-08T12:00:19.828Z"}
{"level":"debug","message":"[CYCLE] JTO/USDC: starting cycle, candles=746 lastClose=0.63450000 lastTs=2026-06-08T12:00:00.000Z","timestamp":"2026-06-08T12:00:19.830Z"}
{"level":"debug","message":"[AGG] JTO/USDC: strategy[0]=unknown → HOLD conf=0.20 \"CCI 93.7 neutral\"","timestamp":"2026-06-08T12:00:19.837Z"}
{"level":"debug","message":"[AGG] JTO/USDC: strategy[1]=unknown → HOLD conf=0.10 \"PSAR uptrend continues (SAR 0.5004)\"","timestamp":"2026-06-08T12:00:19.837Z"}
{"level":"debug","message":"[AGG] JTO/USDC: strategy[2]=unknown → HOLD conf=0.10 \"No significant S/R zone nearby\"","timestamp":"2026-06-08T12:00:19.837Z"}
{"level":"debug","message":"[AGG] JTO/USDC: votes BUY=0.00 SELL=0.00 HOLD=3.00 total_weight=0.00 external=0","timestamp":"2026-06-08T12:00:19.837Z"}
{"level":"debug","message":"[AGG] JTO/USDC: decision=HOLD confidence=0.00 tie=false belowMin=true (minConf=0.55)","timestamp":"2026-06-08T12:00:19.837Z"}
{"level":"debug","message":"[CYCLE] MANTA/USDC: starting cycle, candles=746 lastClose=0.07681000 lastTs=2026-06-08T12:00:00.000Z","timestamp":"2026-06-08T12:00:19.851Z"}
{"level":"debug","message":"[AGG] MANTA/USDC: strategy[0]=unknown → HOLD conf=0.20 \"RSI 47.5 neutral\"","timestamp":"2026-06-08T12:00:19.857Z"}
{"level":"debug","message":"[AGG] MANTA/USDC: strategy[1]=unknown → HOLD conf=0.20 \"Price 0.0761 inside BB [0.0725–0.0839]\"","timestamp":"2026-06-08T12:00:19.858Z"}
{"level":"debug","message":"[AGG] MANTA/USDC: strategy[2]=unknown → HOLD conf=0.20 \"CCI -68.9 neutral\"","timestamp":"2026-06-08T12:00:19.858Z"}
{"level":"debug","message":"[AGG] MANTA/USDC: votes BUY=0.00 SELL=0.00 HOLD=3.00 total_weight=0.00 external=0","timestamp":"2026-06-08T12:00:19.858Z"}
{"level":"debug","message":"[AGG] MANTA/USDC: decision=HOLD confidence=0.00 tie=false belowMin=true (minConf=0.7)","timestamp":"2026-06-08T12:00:19.858Z"}
{"level":"debug","message":"[CYCLE] PIXEL/USDC: starting cycle, candles=746 lastClose=0.00541000 lastTs=2026-06-08T12:00:00.000Z","timestamp":"2026-06-08T12:00:19.866Z"}
{"level":"debug","message":"[AGG] PIXEL/USDC: strategy[0]=unknown → HOLD conf=0.20 \"No EMA crossover (fast 0.0058 vs slow 0.0063)\"","timestamp":"2026-06-08T12:00:19.868Z"}
{"level":"debug","message":"[AGG] PIXEL/USDC: strategy[1]=unknown → SELL conf=0.69 \"ADX 24.2 downtrend (-DI 51.9 > +DI 25.3)\"","timestamp":"2026-06-08T12:00:19.868Z"}
{"level":"debug","message":"[AGG] PIXEL/USDC: strategy[2]=unknown → HOLD conf=0.10 \"No significant S/R zone nearby\"","timestamp":"2026-06-08T12:00:19.868Z"}
{"level":"debug","message":"[AGG] PIXEL/USDC: votes BUY=0.00 SELL=1.00 HOLD=2.00 total_weight=1.00 external=0","timestamp":"2026-06-08T12:00:19.868Z"}
{"level":"debug","message":"[AGG] PIXEL/USDC: decision=HOLD confidence=2.00 tie=false belowMin=false (minConf=0.55)","timestamp":"2026-06-08T12:00:19.868Z"}
{"level":"debug","message":"[CYCLE] PAXG/USDC: starting cycle, candles=746 lastClose=4320.12000000 lastTs=2026-06-08T12:00:00.000Z","timestamp":"2026-06-08T12:00:19.870Z"}
{"level":"debug","message":"[AGG] PAXG/USDC: strategy[0]=unknown → HOLD conf=0.20 \"MACD -52.6023 vs signal -36.6041 hist:-15.9982\"","timestamp":"2026-06-08T12:00:19.873Z"}
{"level":"debug","message":"[AGG] PAXG/USDC: strategy[1]=unknown → SELL conf=0.68 \"ADX 23.6 downtrend (-DI 49.5 > +DI 26.7)\"","timestamp":"2026-06-08T12:00:19.874Z"}
{"level":"debug","message":"[AGG] PAXG/USDC: strategy[2]=unknown → HOLD conf=0.10 \"Supertrend downtrend continues (ST 4414.2432)\"","timestamp":"2026-06-08T12:00:19.874Z"}
{"level":"debug","message":"[AGG] PAXG/USDC: votes BUY=0.00 SELL=1.00 HOLD=2.00 total_weight=1.00 external=0","timestamp":"2026-06-08T12:00:19.874Z"}
{"level":"debug","message":"[AGG] PAXG/USDC: decision=HOLD confidence=2.00 tie=false belowMin=false (minConf=0.55)","timestamp":"2026-06-08T12:00:19.874Z"}
{"level":"debug","message":"[CYCLE] SUI/USDC: starting cycle, candles=746 lastClose=0.75750000 lastTs=2026-06-08T12:00:00.000Z","timestamp":"2026-06-08T12:00:19.888Z"}
{"level":"debug","message":"[AGG] SUI/USDC: strategy[0]=unknown → HOLD conf=0.20 \"RSI 33.5 neutral\"","timestamp":"2026-06-08T12:00:19.897Z"}
{"level":"debug","message":"[AGG] SUI/USDC: strategy[1]=unknown → HOLD conf=0.20 \"Stoch K=32.6 D=21.9 — no crossover in extreme zone\"","timestamp":"2026-06-08T12:00:19.897Z"}
{"level":"debug","message":"[AGG] SUI/USDC: strategy[2]=unknown → HOLD conf=0.61 \"MFI 14.6 oversold — still falling, wait\"","timestamp":"2026-06-08T12:00:19.898Z"}
{"level":"debug","message":"[AGG] SUI/USDC: votes BUY=0.00 SELL=0.00 HOLD=3.00 total_weight=0.00 external=0","timestamp":"2026-06-08T12:00:19.898Z"}
{"level":"debug","message":"[AGG] SUI/USDC: decision=HOLD confidence=0.00 tie=false belowMin=true (minConf=0.7)","timestamp":"2026-06-08T12:00:19.898Z"}
{"level":"debug","message":"[CYCLE] THETA/USDC: starting cycle, candles=746 lastClose=0.15530000 lastTs=2026-06-08T12:00:00.000Z","timestamp":"2026-06-08T12:00:19.902Z"}
{"level":"debug","message":"[AGG] THETA/USDC: strategy[0]=unknown → HOLD conf=0.20 \"RSI 31.0 neutral\"","timestamp":"2026-06-08T12:00:19.908Z"}
{"level":"debug","message":"[AGG] THETA/USDC: strategy[1]=unknown → HOLD conf=0.20 \"CCI -90.5 neutral\"","timestamp":"2026-06-08T12:00:19.908Z"}
{"level":"debug","message":"[AGG] THETA/USDC: strategy[2]=unknown → HOLD conf=0.20 \"OBV below EMA-20 — no cross\"","timestamp":"2026-06-08T12:00:19.908Z"}
{"level":"debug","message":"[AGG] THETA/USDC: votes BUY=0.00 SELL=0.00 HOLD=3.00 total_weight=0.00 external=0","timestamp":"2026-06-08T12:00:19.908Z"}
{"level":"debug","message":"[AGG] THETA/USDC: decision=HOLD confidence=0.00 tie=false belowMin=true (minConf=0.55)","timestamp":"2026-06-08T12:00:19.908Z"}
{"level":"debug","message":"[CYCLE] TIA/USDC: starting cycle, candles=746 lastClose=0.32310000 lastTs=2026-06-08T12:00:00.000Z","timestamp":"2026-06-08T12:00:19.931Z"}
{"level":"debug","message":"[AGG] TIA/USDC: strategy[0]=unknown → HOLD conf=0.20 \"CCI -77.2 neutral\"","timestamp":"2026-06-08T12:00:19.934Z"}
{"level":"debug","message":"[AGG] TIA/USDC: strategy[1]=unknown → HOLD conf=0.20 \"MACD -0.0286 vs signal -0.0236 hist:-0.0050\"","timestamp":"2026-06-08T12:00:19.934Z"}
{"level":"debug","message":"[AGG] TIA/USDC: strategy[2]=unknown → HOLD conf=0.15 \"HA bullish continuation\"","timestamp":"2026-06-08T12:00:19.934Z"}
{"level":"debug","message":"[AGG] TIA/USDC: votes BUY=0.00 SELL=0.00 HOLD=3.00 total_weight=0.00 external=0","timestamp":"2026-06-08T12:00:19.934Z"}
{"level":"debug","message":"[AGG] TIA/USDC: decision=HOLD confidence=0.00 tie=false belowMin=true (minConf=0.55)","timestamp":"2026-06-08T12:00:19.934Z"}
{"level":"debug","message":"[CYCLE] SOL/USDC: starting cycle, candles=746 lastClose=66.60000000 lastTs=2026-06-08T12:00:00.000Z","timestamp":"2026-06-08T12:00:19.964Z"}
{"level":"debug","message":"[AGG] SOL/USDC: strategy[0]=unknown → HOLD conf=0.20 \"Price 66.5300 inside BB [58.7120–89.0720]\"","timestamp":"2026-06-08T12:00:19.970Z"}
{"level":"debug","message":"[AGG] SOL/USDC: strategy[1]=unknown → HOLD conf=0.20 \"%R -77.2 neutral\"","timestamp":"2026-06-08T12:00:19.970Z"}
{"level":"debug","message":"[AGG] SOL/USDC: strategy[2]=unknown → HOLD conf=0.20 \"StochRSI K=67.4 D=37.9 — no extreme crossover\"","timestamp":"2026-06-08T12:00:19.970Z"}
{"level":"debug","message":"[AGG] SOL/USDC: votes BUY=0.00 SELL=0.00 HOLD=3.00 total_weight=0.00 external=0","timestamp":"2026-06-08T12:00:19.970Z"}
{"level":"debug","message":"[AGG] SOL/USDC: decision=HOLD confidence=0.00 tie=false belowMin=true (minConf=0.55)","timestamp":"2026-06-08T12:00:19.970Z"}
{"level":"debug","message":"[CYCLE] VANRY/USDC: starting cycle, candles=746 lastClose=0.00365000 lastTs=2026-06-08T12:00:00.000Z","timestamp":"2026-06-08T12:00:19.973Z"}
{"level":"debug","message":"[AGG] VANRY/USDC: strategy[0]=unknown → HOLD conf=0.20 \"No EMA crossover (fast 0.0038 vs slow 0.0042)\"","timestamp":"2026-06-08T12:00:19.976Z"}
{"level":"debug","message":"[AGG] VANRY/USDC: strategy[1]=unknown → HOLD conf=0.20 \"MACD -0.0003 vs signal -0.0003 hist:-0.0000\"","timestamp":"2026-06-08T12:00:19.976Z"}
{"level":"debug","message":"[AGG] VANRY/USDC: strategy[2]=unknown → SELL conf=0.81 \"ADX 38.1 downtrend (-DI 45.2 > +DI 17.7)\"","timestamp":"2026-06-08T12:00:19.976Z"}
{"level":"debug","message":"[AGG] VANRY/USDC: votes BUY=0.00 SELL=1.00 HOLD=2.00 total_weight=1.00 external=0","timestamp":"2026-06-08T12:00:19.976Z"}
{"level":"debug","message":"[AGG] VANRY/USDC: decision=HOLD confidence=2.00 tie=false belowMin=false (minConf=0.55)","timestamp":"2026-06-08T12:00:19.976Z"}
{"level":"debug","message":"[CYCLE] ADA/USDC: starting cycle, candles=746 lastClose=0.16750000 lastTs=2026-06-08T12:00:00.000Z","timestamp":"2026-06-08T12:00:19.994Z"}
{"level":"debug","message":"[AGG] ADA/USDC: strategy[0]=unknown → BUY conf=0.72 \"RSI 21.4 oversold ↑ reversal confirmed\"","timestamp":"2026-06-08T12:00:20.002Z"}
{"level":"debug","message":"[AGG] ADA/USDC: strategy[1]=unknown → HOLD conf=0.20 \"Price 0.1656 inside BB [0.1399–0.2654]\"","timestamp":"2026-06-08T12:00:20.002Z"}
{"level":"debug","message":"[AGG] ADA/USDC: strategy[2]=unknown → HOLD conf=0.20 \"CCI -85.2 neutral\"","timestamp":"2026-06-08T12:00:20.002Z"}
{"level":"debug","message":"[AGG] ADA/USDC: votes BUY=1.00 SELL=0.00 HOLD=2.00 total_weight=1.00 external=0","timestamp":"2026-06-08T12:00:20.002Z"}
{"level":"debug","message":"[AGG] ADA/USDC: decision=HOLD confidence=2.00 tie=false belowMin=false (minConf=0.55)","timestamp":"2026-06-08T12:00:20.002Z"}
{"level":"debug","message":"[CYCLE] AVAX/USDC: starting cycle, candles=746 lastClose=6.78000000 lastTs=2026-06-08T12:00:00.000Z","timestamp":"2026-06-08T12:00:20.044Z"}
{"level":"debug","message":"[AGG] AVAX/USDC: strategy[0]=unknown → BUY conf=0.71 \"RSI 21.5 oversold ↑ reversal confirmed\"","timestamp":"2026-06-08T12:00:20.046Z"}
{"level":"debug","message":"[AGG] AVAX/USDC: strategy[1]=unknown → HOLD conf=0.20 \"MACD -0.6320 vs signal -0.4905 hist:-0.1415\"","timestamp":"2026-06-08T12:00:20.046Z"}
{"level":"debug","message":"[AGG] AVAX/USDC: strategy[2]=unknown → HOLD conf=0.10 \"PSAR downtrend continues (SAR 7.4226)\"","timestamp":"2026-06-08T12:00:20.046Z"}
{"level":"debug","message":"[AGG] AVAX/USDC: votes BUY=1.00 SELL=0.00 HOLD=2.00 total_weight=1.00 external=0","timestamp":"2026-06-08T12:00:20.046Z"}
{"level":"debug","message":"[AGG] AVAX/USDC: decision=HOLD confidence=2.00 tie=false belowMin=false (minConf=0.55)","timestamp":"2026-06-08T12:00:20.046Z"}
{"level":"debug","message":"[CYCLE] DOGE/USDC: starting cycle, candles=746 lastClose=0.08629000 lastTs=2026-06-08T12:00:00.000Z","timestamp":"2026-06-08T12:00:20.047Z"}
{"level":"debug","message":"[AGG] DOGE/USDC: strategy[0]=unknown → HOLD conf=0.20 \"No EMA crossover (fast 0.0877 vs slow 0.0927)\"","timestamp":"2026-06-08T12:00:20.048Z"}
{"level":"debug","message":"[AGG] DOGE/USDC: strategy[1]=unknown → HOLD conf=0.10 \"PSAR downtrend continues (SAR 0.0886)\"","timestamp":"2026-06-08T12:00:20.048Z"}
{"level":"debug","message":"[AGG] DOGE/USDC: strategy[2]=unknown → HOLD conf=0.15 \"HA bullish continuation\"","timestamp":"2026-06-08T12:00:20.048Z"}
{"level":"debug","message":"[AGG] DOGE/USDC: votes BUY=0.00 SELL=0.00 HOLD=3.00 total_weight=0.00 external=0","timestamp":"2026-06-08T12:00:20.048Z"}
{"level":"debug","message":"[AGG] DOGE/USDC: decision=HOLD confidence=0.00 tie=false belowMin=true (minConf=0.55)","timestamp":"2026-06-08T12:00:20.048Z"}
{"level":"debug","message":"[CYCLE] ETH/USDC: starting cycle, candles=746 lastClose=1682.40000000 lastTs=2026-06-08T12:00:00.000Z","timestamp":"2026-06-08T12:00:20.067Z"}
{"level":"debug","message":"[AGG] ETH/USDC: strategy[0]=unknown → HOLD conf=0.10 \"Supertrend downtrend continues (ST 1709.3141)\"","timestamp":"2026-06-08T12:00:20.069Z"}
{"level":"debug","message":"[AGG] ETH/USDC: strategy[1]=unknown → HOLD conf=0.20 \"MFI 28.5 neutral\"","timestamp":"2026-06-08T12:00:20.070Z"}
{"level":"debug","message":"[AGG] ETH/USDC: strategy[2]=unknown → HOLD conf=0.10 \"No significant S/R zone nearby\"","timestamp":"2026-06-08T12:00:20.070Z"}
{"level":"debug","message":"[AGG] ETH/USDC: votes BUY=0.00 SELL=0.00 HOLD=3.00 total_weight=0.00 external=0","timestamp":"2026-06-08T12:00:20.070Z"}
{"level":"debug","message":"[AGG] ETH/USDC: decision=HOLD confidence=0.00 tie=false belowMin=true (minConf=0.55)","timestamp":"2026-06-08T12:00:20.070Z"}
{"level":"debug","message":"[CYCLE] INJ/USDC: starting cycle, candles=746 lastClose=5.65000000 lastTs=2026-06-08T12:00:00.000Z","timestamp":"2026-06-08T12:00:20.096Z"}
{"level":"debug","message":"[AGG] INJ/USDC: strategy[0]=unknown → SELL conf=0.59 \"ADX 34.8 downtrend (-DI 35.0 > +DI 30.4)\"","timestamp":"2026-06-08T12:00:20.101Z"}
{"level":"debug","message":"[AGG] INJ/USDC: strategy[1]=unknown → HOLD conf=0.20 \"OBV above EMA-20 — no cross\"","timestamp":"2026-06-08T12:00:20.101Z"}
{"level":"debug","message":"[AGG] INJ/USDC: strategy[2]=unknown → HOLD conf=0.20 \"StochRSI K=27.5 D=18.1 — no extreme crossover\"","timestamp":"2026-06-08T12:00:20.101Z"}
{"level":"debug","message":"[AGG] INJ/USDC: votes BUY=0.00 SELL=1.00 HOLD=2.00 total_weight=1.00 external=0","timestamp":"2026-06-08T12:00:20.101Z"}
{"level":"debug","message":"[AGG] INJ/USDC: decision=HOLD confidence=2.00 tie=false belowMin=false (minConf=0.55)","timestamp":"2026-06-08T12:00:20.101Z"}
{"level":"debug","message":"[CYCLE] WLD/USDC: starting cycle, candles=746 lastClose=0.46580000 lastTs=2026-06-08T12:00:00.000Z","timestamp":"2026-06-08T12:00:20.103Z"}
{"level":"debug","message":"[AGG] WLD/USDC: strategy[0]=unknown → HOLD conf=0.20 \"Price 0.4724 inside BB [0.2670–0.5788]\"","timestamp":"2026-06-08T12:00:20.108Z"}
{"level":"debug","message":"[AGG] WLD/USDC: strategy[1]=unknown → HOLD conf=0.20 \"CCI 50.3 neutral\"","timestamp":"2026-06-08T12:00:20.109Z"}
{"level":"debug","message":"[AGG] WLD/USDC: strategy[2]=unknown → BUY conf=0.70 \"ADX 33.0 uptrend (+DI 51.6 > -DI 34.6)\"","timestamp":"2026-06-08T12:00:20.109Z"}
{"level":"debug","message":"[AGG] WLD/USDC: votes BUY=1.00 SELL=0.00 HOLD=2.00 total_weight=1.00 external=0","timestamp":"2026-06-08T12:00:20.109Z"}
{"level":"debug","message":"[AGG] WLD/USDC: decision=HOLD confidence=2.00 tie=false belowMin=false (minConf=0.55)","timestamp":"2026-06-08T12:00:20.109Z"}
{"level":"debug","message":"[CYCLE] TON/USDC: starting cycle, candles=746 lastClose=1.75000000 lastTs=2026-06-08T12:00:00.000Z","timestamp":"2026-06-08T12:00:20.121Z"}
{"level":"debug","message":"[AGG] TON/USDC: strategy[0]=unknown → HOLD conf=0.20 \"No EMA crossover (fast 1.7168 vs slow 1.7863)\"","timestamp":"2026-06-08T12:00:20.122Z"}
{"level":"debug","message":"[AGG] TON/USDC: strategy[1]=unknown → HOLD conf=0.20 \"OBV above EMA-20 — no cross\"","timestamp":"2026-06-08T12:00:20.123Z"}
{"level":"debug","message":"[AGG] TON/USDC: strategy[2]=unknown → HOLD conf=0.20 \"StochRSI K=41.1 D=37.8 — no extreme crossover\"","timestamp":"2026-06-08T12:00:20.123Z"}
{"level":"debug","message":"[AGG] TON/USDC: votes BUY=0.00 SELL=0.00 HOLD=3.00 total_weight=0.00 external=0","timestamp":"2026-06-08T12:00:20.123Z"}
{"level":"debug","message":"[AGG] TON/USDC: decision=HOLD confidence=0.00 tie=false belowMin=true (minConf=0.55)","timestamp":"2026-06-08T12:00:20.123Z"}
{"level":"debug","message":"[CYCLE] PEPE/USDC: starting cycle, candles=746 lastClose=0.00000283 lastTs=2026-06-08T12:00:00.000Z","timestamp":"2026-06-08T12:00:20.124Z"}
{"level":"debug","message":"[AGG] PEPE/USDC: strategy[0]=unknown → HOLD conf=0.20 \"No EMA crossover (fast 0.0000 vs slow 0.0000)\"","timestamp":"2026-06-08T12:00:20.125Z"}
{"level":"debug","message":"[AGG] PEPE/USDC: strategy[1]=unknown → HOLD conf=0.10 \"Supertrend downtrend continues (ST 0.0000)\"","timestamp":"2026-06-08T12:00:20.125Z"}
{"level":"debug","message":"[AGG] PEPE/USDC: strategy[2]=unknown → HOLD conf=0.20 \"OBV below EMA-20 — no cross\"","timestamp":"2026-06-08T12:00:20.125Z"}
{"level":"debug","message":"[AGG] PEPE/USDC: votes BUY=0.00 SELL=0.00 HOLD=3.00 total_weight=0.00 external=0","timestamp":"2026-06-08T12:00:20.125Z"}
{"level":"debug","message":"[AGG] PEPE/USDC: decision=HOLD confidence=0.00 tie=false belowMin=true (minConf=0.55)","timestamp":"2026-06-08T12:00:20.125Z"}
{"level":"debug","message":"[CYCLE] RENDER/USDC: starting cycle, candles=746 lastClose=1.68400000 lastTs=2026-06-08T12:00:00.000Z","timestamp":"2026-06-08T12:00:20.148Z"}
{"level":"debug","message":"[AGG] RENDER/USDC: strategy[0]=unknown → HOLD conf=0.20 \"No EMA crossover (fast 1.8004 vs slow 1.8986)\"","timestamp":"2026-06-08T12:00:20.150Z"}
{"level":"debug","message":"[AGG] RENDER/USDC: strategy[1]=unknown → HOLD conf=0.20 \"OBV above EMA-20 — no cross\"","timestamp":"2026-06-08T12:00:20.150Z"}
{"level":"debug","message":"[AGG] RENDER/USDC: strategy[2]=unknown → BUY conf=0.63 \"%R -86.2 oversold ↑ reversal confirmed\"","timestamp":"2026-06-08T12:00:20.150Z"}
{"level":"debug","message":"[AGG] RENDER/USDC: votes BUY=1.00 SELL=0.00 HOLD=2.00 total_weight=1.00 external=0","timestamp":"2026-06-08T12:00:20.150Z"}
{"level":"debug","message":"[AGG] RENDER/USDC: decision=HOLD confidence=2.00 tie=false belowMin=false (minConf=0.55)","timestamp":"2026-06-08T12:00:20.150Z"}
{"level":"debug","message":"[CYCLE] ENA/USDC: starting cycle, candles=746 lastClose=0.08770000 lastTs=2026-06-08T12:00:00.000Z","timestamp":"2026-06-08T12:00:20.162Z"}
{"level":"debug","message":"[AGG] ENA/USDC: strategy[0]=unknown → HOLD conf=0.20 \"RSI 46.3 neutral\"","timestamp":"2026-06-08T12:00:20.167Z"}
{"level":"debug","message":"[AGG] ENA/USDC: strategy[1]=unknown → HOLD conf=0.20 \"Price 0.0900 inside BB [0.0788–0.1041]\"","timestamp":"2026-06-08T12:00:20.167Z"}
{"level":"debug","message":"[AGG] ENA/USDC: strategy[2]=unknown → HOLD conf=0.20 \"CCI -23.6 neutral\"","timestamp":"2026-06-08T12:00:20.167Z"}
{"level":"debug","message":"[AGG] ENA/USDC: votes BUY=0.00 SELL=0.00 HOLD=3.00 total_weight=0.00 external=0","timestamp":"2026-06-08T12:00:20.167Z"}
{"level":"debug","message":"[AGG] ENA/USDC: decision=HOLD confidence=0.00 tie=false belowMin=true (minConf=0.55)","timestamp":"2026-06-08T12:00:20.167Z"}
{"level":"debug","message":"[CYCLE] ICP/USDC: starting cycle, candles=746 lastClose=2.37000000 lastTs=2026-06-08T12:00:00.000Z","timestamp":"2026-06-08T12:00:20.179Z"}
{"level":"debug","message":"[AGG] ICP/USDC: strategy[0]=unknown → HOLD conf=0.20 \"RSI 39.5 neutral\"","timestamp":"2026-06-08T12:00:20.182Z"}
{"level":"debug","message":"[AGG] ICP/USDC: strategy[1]=unknown → HOLD conf=0.20 \"Price 2.3820 inside BB [2.1597–3.1966]\"","timestamp":"2026-06-08T12:00:20.183Z"}
{"level":"debug","message":"[AGG] ICP/USDC: strategy[2]=unknown → HOLD conf=0.20 \"Stoch K=9.7 D=6.8 — no crossover in extreme zone\"","timestamp":"2026-06-08T12:00:20.183Z"}
{"level":"debug","message":"[AGG] ICP/USDC: votes BUY=0.00 SELL=0.00 HOLD=3.00 total_weight=0.00 external=0","timestamp":"2026-06-08T12:00:20.183Z"}
{"level":"debug","message":"[AGG] ICP/USDC: decision=HOLD confidence=0.00 tie=false belowMin=true (minConf=0.55)","timestamp":"2026-06-08T12:00:20.183Z"}
{"level":"debug","message":"[CYCLE] APT/USDC: starting cycle, candles=746 lastClose=0.68100000 lastTs=2026-06-08T12:00:00.000Z","timestamp":"2026-06-08T12:00:20.200Z"}
{"level":"debug","message":"[AGG] APT/USDC: strategy[0]=unknown → HOLD conf=0.20 \"Price 0.6730 inside BB [0.5914–1.0470]\"","timestamp":"2026-06-08T12:00:20.205Z"}
{"level":"debug","message":"[AGG] APT/USDC: strategy[1]=unknown → HOLD conf=0.20 \"Stoch K=6.9 D=4.8 — no crossover in extreme zone\"","timestamp":"2026-06-08T12:00:20.205Z"}
{"level":"debug","message":"[AGG] APT/USDC: strategy[2]=unknown → HOLD conf=0.90 \"MFI 0.1 oversold — still falling, wait\"","timestamp":"2026-06-08T12:00:20.205Z"}
{"level":"debug","message":"[AGG] APT/USDC: votes BUY=0.00 SELL=0.00 HOLD=3.00 total_weight=0.00 external=0","timestamp":"2026-06-08T12:00:20.205Z"}
{"level":"debug","message":"[AGG] APT/USDC: decision=HOLD confidence=0.00 tie=false belowMin=true (minConf=0.55)","timestamp":"2026-06-08T12:00:20.205Z"}
{"level":"debug","message":"[CYCLE] ARB/USDC: starting cycle, candles=746 lastClose=0.08340000 lastTs=2026-06-08T12:00:00.000Z","timestamp":"2026-06-08T12:00:20.218Z"}
{"level":"debug","message":"[AGG] ARB/USDC: strategy[0]=unknown → HOLD conf=0.20 \"RSI 30.2 neutral\"","timestamp":"2026-06-08T12:00:20.220Z"}
{"level":"debug","message":"[AGG] ARB/USDC: strategy[1]=unknown → BUY conf=0.62 \"%R -84.5 oversold ↑ reversal confirmed\"","timestamp":"2026-06-08T12:00:20.220Z"}
{"level":"debug","message":"[AGG] ARB/USDC: strategy[2]=unknown → HOLD conf=0.15 \"HA bullish continuation\"","timestamp":"2026-06-08T12:00:20.220Z"}
{"level":"debug","message":"[AGG] ARB/USDC: votes BUY=1.00 SELL=0.00 HOLD=2.00 total_weight=1.00 external=0","timestamp":"2026-06-08T12:00:20.220Z"}
{"level":"debug","message":"[AGG] ARB/USDC: decision=HOLD confidence=2.00 tie=false belowMin=false (minConf=0.55)","timestamp":"2026-06-08T12:00:20.220Z"}
{"level":"debug","message":"[CYCLE] JUP/USDC: starting cycle, candles=746 lastClose=0.16040000 lastTs=2026-06-08T12:00:00.000Z","timestamp":"2026-06-08T12:00:20.238Z"}
{"level":"debug","message":"[AGG] JUP/USDC: strategy[0]=unknown → HOLD conf=0.20 \"Price 0.1566 inside BB [0.1461–0.2163]\"","timestamp":"2026-06-08T12:00:20.243Z"}
{"level":"debug","message":"[AGG] JUP/USDC: strategy[1]=unknown → BUY conf=0.64 \"CCI -109.1 oversold ↑ reversal confirmed\"","timestamp":"2026-06-08T12:00:20.243Z"}
{"level":"debug","message":"[AGG] JUP/USDC: strategy[2]=unknown → HOLD conf=0.20 \"OBV below EMA-20 — no cross\"","timestamp":"2026-06-08T12:00:20.243Z"}
{"level":"debug","message":"[AGG] JUP/USDC: votes BUY=1.00 SELL=0.00 HOLD=2.00 total_weight=1.00 external=0","timestamp":"2026-06-08T12:00:20.243Z"}
{"level":"debug","message":"[AGG] JUP/USDC: decision=HOLD confidence=2.00 tie=false belowMin=false (minConf=0.55)","timestamp":"2026-06-08T12:00:20.243Z"}
{"level":"debug","message":"[CYCLE] BTC/USDC: sizing positionPct=0.2310 (base=0.15 atr=0.03176510989010991 regime=on conf=2.00 macro=bear mtf=1.0)","timestamp":"2026-06-08T12:00:20.264Z"}
{"level":"info","message":"BTC/USDC: decision=HOLD confidence=200% price=63411.70000000 external_signals=0","timestamp":"2026-06-08T12:00:20.264Z"}
{"level":"info","message":"BTC/USDC: No EMA crossover (fast 64226.4387 vs slow 67814.5340) | PSAR flipped bullish ↑ — SAR 60794.8400 now below price 63320.3100 | HA bullish continuation","timestamp":"2026-06-08T12:00:20.264Z"}
{"level":"debug","message":"[CYCLE] XRP/USDC: sizing positionPct=0.0820 (base=0.15 atr=0.03176510989010991 regime=on conf=0.00 macro=bear mtf=1.0)","timestamp":"2026-06-08T12:00:20.470Z"}
{"level":"info","message":"XRP/USDC: decision=HOLD confidence=0% price=1.15690000 external_signals=0","timestamp":"2026-06-08T12:00:20.470Z"}
{"level":"info","message":"XRP/USDC: Price 1.1560 inside BB [1.0443–1.4072] | Stoch K=31.7 D=18.5 — no crossover in extreme zone | No EMA crossover (fast 1.1654 vs slow 1.2247)","timestamp":"2026-06-08T12:00:20.471Z"}
{"level":"debug","message":"[CYCLE] LINK/USDC: sizing positionPct=0.0711 (base=0.15 atr=0.03176510989010991 regime=on conf=0.00 macro=bear mtf=1.0)","timestamp":"2026-06-08T12:00:20.665Z"}
{"level":"info","message":"LINK/USDC: decision=HOLD confidence=0% price=7.96100000 external_signals=0","timestamp":"2026-06-08T12:00:20.665Z"}
{"level":"info","message":"LINK/USDC: Price 7.9300 inside BB [7.0692–9.7310] | Stoch K=35.4 D=21.1 — no crossover in extreme zone | Supertrend downtrend continues (ST 8.0160)","timestamp":"2026-06-08T12:00:20.665Z"}
{"level":"debug","message":"[CYCLE] BNB/USDC: sizing positionPct=0.2178 (base=0.15 atr=0.03176510989010991 regime=on conf=2.00 macro=bear mtf=1.0)","timestamp":"2026-06-08T12:00:20.871Z"}
{"level":"debug","message":"[LIVE] BNB/USDC: checkRisk price=601.56000000 SL=573.78100000 TP=676.45760000 HWM=603.98000000 entry=603.98000000","timestamp":"2026-06-08T12:00:20.871Z"}
{"level":"info","message":"BNB/USDC: decision=HOLD confidence=200% price=601.56000000 external_signals=0","timestamp":"2026-06-08T12:00:20.872Z"}
{"level":"info","message":"BNB/USDC: %R -73.9 neutral | HA bullish continuation | Support 595.8650 (2×)","timestamp":"2026-06-08T12:00:20.872Z"}
{"level":"debug","message":"[CYCLE] LTC/USDC: sizing positionPct=0.1970 (base=0.15 atr=0.03176510989010991 regime=on conf=2.00 macro=bear mtf=1.0)","timestamp":"2026-06-08T12:00:21.059Z"}
{"level":"info","message":"LTC/USDC: decision=HOLD confidence=200% price=43.13000000 external_signals=0","timestamp":"2026-06-08T12:00:21.060Z"}
{"level":"info","message":"LTC/USDC: Price 42.8300 inside BB [40.0211–55.3009] | No EMA crossover (fast 44.8520 vs slow 47.6065) | %R -85.2 oversold ↑ reversal confirmed","timestamp":"2026-06-08T12:00:21.060Z"}
{"level":"debug","message":"[CYCLE] NEAR/USDC: sizing positionPct=0.0292 (base=0.15 atr=0.03176510989010991 regime=on conf=0.00 macro=bear mtf=1.0)","timestamp":"2026-06-08T12:00:21.268Z"}
{"level":"info","message":"NEAR/USDC: decision=HOLD confidence=0% price=2.12100000 external_signals=0","timestamp":"2026-06-08T12:00:21.268Z"}
{"level":"info","message":"NEAR/USDC: RSI 44.2 neutral | Price 2.0550 inside BB [1.7120–2.9143] | Stoch K=18.0 D=7.9 — no crossover in extreme zone | No significant S/R zone nearby","timestamp":"2026-06-08T12:00:21.268Z"}
{"level":"debug","message":"[CYCLE] TRX/USDC: sizing positionPct=0.1170 (base=0.15 atr=0.03176510989010991 regime=on conf=0.00 macro=bear mtf=1.0)","timestamp":"2026-06-08T12:00:21.458Z"}
{"level":"debug","message":"[LIVE] TRX/USDC: checkRisk price=0.32740000 SL=0.28943200 TP=0.42757000 HWM=0.32890000 entry=0.32890000","timestamp":"2026-06-08T12:00:21.458Z"}
{"level":"info","message":"TRX/USDC: decision=HOLD confidence=0% price=0.32740000 external_signals=0","timestamp":"2026-06-08T12:00:21.458Z"}
{"level":"info","message":"TRX/USDC: CCI -66.8 neutral | Stoch K=22.2 D=20.9 — no crossover in extreme zone | StochRSI K=62.2 D=53.1 — no extreme crossover","timestamp":"2026-06-08T12:00:21.458Z"}
{"level":"debug","message":"[CYCLE] BCH/USDC: sizing positionPct=0.0358 (base=0.15 atr=0.03176510989010991 regime=on conf=0.00 macro=bear mtf=1.0)","timestamp":"2026-06-08T12:00:21.664Z"}
{"level":"info","message":"BCH/USDC: decision=HOLD confidence=0% price=207.10000000 external_signals=0","timestamp":"2026-06-08T12:00:21.664Z"}
{"level":"info","message":"BCH/USDC: Price 230.8000 inside BB [195.0191–329.0809] | OBV below EMA-20 — no cross | %R -75.0 neutral","timestamp":"2026-06-08T12:00:21.664Z"}
{"level":"debug","message":"[CYCLE] ACH/USDC: sizing positionPct=0.0692 (base=0.15 atr=0.03176510989010991 regime=on conf=0.00 macro=bear mtf=1.0)","timestamp":"2026-06-08T12:00:21.868Z"}
{"level":"info","message":"ACH/USDC: decision=HOLD confidence=0% price=0.00537000 external_signals=0","timestamp":"2026-06-08T12:00:21.869Z"}
{"level":"info","message":"ACH/USDC: RSI 32.5 neutral | Price 0.0053 inside BB [0.0051–0.0066] | CCI -93.6 neutral","timestamp":"2026-06-08T12:00:21.869Z"}
{"level":"debug","message":"[CYCLE] CRV/USDC: sizing positionPct=0.1682 (base=0.15 atr=0.03176510989010991 regime=on conf=2.00 macro=bear mtf=1.0)","timestamp":"2026-06-08T12:00:22.075Z"}
{"level":"info","message":"CRV/USDC: decision=HOLD confidence=200% price=0.20120000 external_signals=0","timestamp":"2026-06-08T12:00:22.075Z"}
{"level":"info","message":"CRV/USDC: ADX 33.7 downtrend (-DI 40.6 > +DI 29.7) | StochRSI K=100.0 D=74.8 — no extreme crossover | No significant S/R zone nearby","timestamp":"2026-06-08T12:00:22.075Z"}
{"level":"debug","message":"[CYCLE] ENS/USDC: sizing positionPct=0.0591 (base=0.15 atr=0.03176510989010991 regime=on conf=0.00 macro=bear mtf=1.0)","timestamp":"2026-06-08T12:00:22.259Z"}
{"level":"info","message":"ENS/USDC: decision=HOLD confidence=0% price=4.79000000 external_signals=0","timestamp":"2026-06-08T12:00:22.259Z"}
{"level":"info","message":"ENS/USDC: Price 4.7300 inside BB [4.3089–6.3891] | PSAR downtrend continues (SAR 5.2772) | No significant S/R zone nearby","timestamp":"2026-06-08T12:00:22.259Z"}
{"level":"debug","message":"[CYCLE] LDO/USDC: sizing positionPct=0.0900 (base=0.15 atr=0.03176510989010991 regime=on conf=0.50 macro=bear mtf=1.0)","timestamp":"2026-06-08T12:00:22.460Z"}
{"level":"info","message":"LDO/USDC: decision=HOLD confidence=50% price=0.27270000 external_signals=0","timestamp":"2026-06-08T12:00:22.460Z"}
{"level":"info","message":"LDO/USDC: MACD -0.0205 vs signal -0.0184 hist:-0.0021 | ADX 36.9 downtrend (-DI 47.8 > +DI 23.9) | %R -80.2 oversold ↑ reversal confirmed","timestamp":"2026-06-08T12:00:22.460Z"}
{"level":"debug","message":"[CYCLE] GMX/USDC: sizing positionPct=0.0542 (base=0.15 atr=0.03176510989010991 regime=on conf=0.00 macro=bear mtf=1.0)","timestamp":"2026-06-08T12:00:22.660Z"}
{"level":"info","message":"GMX/USDC: decision=HOLD confidence=0% price=5.73000000 external_signals=0","timestamp":"2026-06-08T12:00:22.660Z"}
{"level":"info","message":"GMX/USDC: RSI 36.1 neutral | Price 5.5600 inside BB [5.0920–7.1980] | CCI -80.6 neutral","timestamp":"2026-06-08T12:00:22.660Z"}
{"level":"debug","message":"[CYCLE] LSK/USDC: sizing positionPct=0.0721 (base=0.15 atr=0.03176510989010991 regime=on conf=0.00 macro=bear mtf=1.0)","timestamp":"2026-06-08T12:00:22.871Z"}
{"level":"info","message":"LSK/USDC: decision=HOLD confidence=0% price=0.09700000 external_signals=0","timestamp":"2026-06-08T12:00:22.871Z"}
{"level":"info","message":"LSK/USDC: MACD -0.0057 vs signal -0.0049 hist:-0.0008 | MFI 397.3 overbought — still rising, wait | PSAR downtrend continues (SAR 0.1082)","timestamp":"2026-06-08T12:00:22.872Z"}
{"level":"debug","message":"[CYCLE] JTO/USDC: sizing positionPct=0.0244 (base=0.15 atr=0.03176510989010991 regime=on conf=0.00 macro=bear mtf=1.0)","timestamp":"2026-06-08T12:00:23.071Z"}
{"level":"info","message":"JTO/USDC: decision=HOLD confidence=0% price=0.63450000 external_signals=0","timestamp":"2026-06-08T12:00:23.071Z"}
{"level":"info","message":"JTO/USDC: CCI 93.7 neutral | PSAR uptrend continues (SAR 0.5004) | No significant S/R zone nearby","timestamp":"2026-06-08T12:00:23.071Z"}
{"level":"debug","message":"[CYCLE] MANTA/USDC: sizing positionPct=0.0153 (base=0.15 atr=0.03176510989010991 regime=on conf=0.00 macro=bear mtf=1.0)","timestamp":"2026-06-08T12:00:23.273Z"}
{"level":"info","message":"MANTA/USDC: decision=HOLD confidence=0% price=0.07681000 external_signals=0","timestamp":"2026-06-08T12:00:23.273Z"}
{"level":"info","message":"MANTA/USDC: RSI 47.5 neutral | Price 0.0761 inside BB [0.0725–0.0839] | CCI -68.9 neutral","timestamp":"2026-06-08T12:00:23.273Z"}
{"level":"debug","message":"[CYCLE] PIXEL/USDC: sizing positionPct=0.1169 (base=0.15 atr=0.03176510989010991 regime=on conf=2.00 macro=bear mtf=1.0)","timestamp":"2026-06-08T12:00:23.468Z"}
{"level":"info","message":"PIXEL/USDC: decision=HOLD confidence=200% price=0.00541000 external_signals=0","timestamp":"2026-06-08T12:00:23.468Z"}
{"level":"info","message":"PIXEL/USDC: No EMA crossover (fast 0.0058 vs slow 0.0063) | ADX 24.2 downtrend (-DI 51.9 > +DI 25.3) | No significant S/R zone nearby","timestamp":"2026-06-08T12:00:23.468Z"}
{"level":"debug","message":"[CYCLE] PAXG/USDC: sizing positionPct=0.2250 (base=0.15 atr=0.03176510989010991 regime=on conf=2.00 macro=bear mtf=1.0)","timestamp":"2026-06-08T12:00:23.657Z"}
{"level":"info","message":"PAXG/USDC: decision=HOLD confidence=200% price=4320.12000000 external_signals=0","timestamp":"2026-06-08T12:00:23.657Z"}
{"level":"info","message":"PAXG/USDC: MACD -52.6023 vs signal -36.6041 hist:-15.9982 | ADX 23.6 downtrend (-DI 49.5 > +DI 26.7) | Supertrend downtrend continues (ST 4414.2432)","timestamp":"2026-06-08T12:00:23.658Z"}
{"level":"debug","message":"[CYCLE] SUI/USDC: sizing positionPct=0.0690 (base=0.15 atr=0.03176510989010991 regime=on conf=0.00 macro=bear mtf=1.0)","timestamp":"2026-06-08T12:00:23.868Z"}
{"level":"info","message":"SUI/USDC: decision=HOLD confidence=0% price=0.75750000 external_signals=0","timestamp":"2026-06-08T12:00:23.868Z"}
{"level":"info","message":"SUI/USDC: RSI 33.5 neutral | Stoch K=32.6 D=21.9 — no crossover in extreme zone | MFI 14.6 oversold — still falling, wait","timestamp":"2026-06-08T12:00:23.868Z"}
{"level":"debug","message":"[CYCLE] THETA/USDC: sizing positionPct=0.0576 (base=0.15 atr=0.03176510989010991 regime=on conf=0.00 macro=bear mtf=1.0)","timestamp":"2026-06-08T12:00:24.068Z"}
{"level":"info","message":"THETA/USDC: decision=HOLD confidence=0% price=0.15530000 external_signals=0","timestamp":"2026-06-08T12:00:24.069Z"}
{"level":"info","message":"THETA/USDC: RSI 31.0 neutral | CCI -90.5 neutral | OBV below EMA-20 — no cross","timestamp":"2026-06-08T12:00:24.069Z"}
{"level":"debug","message":"[CYCLE] TIA/USDC: sizing positionPct=0.0334 (base=0.15 atr=0.03176510989010991 regime=on conf=0.00 macro=bear mtf=1.0)","timestamp":"2026-06-08T12:00:24.261Z"}
{"level":"info","message":"TIA/USDC: decision=HOLD confidence=0% price=0.32310000 external_signals=0","timestamp":"2026-06-08T12:00:24.261Z"}
{"level":"info","message":"TIA/USDC: CCI -77.2 neutral | MACD -0.0286 vs signal -0.0236 hist:-0.0050 | HA bullish continuation","timestamp":"2026-06-08T12:00:24.261Z"}
{"level":"debug","message":"[CYCLE] SOL/USDC: sizing positionPct=0.0655 (base=0.15 atr=0.03176510989010991 regime=on conf=0.00 macro=bear mtf=1.0)","timestamp":"2026-06-08T12:00:24.457Z"}
{"level":"info","message":"SOL/USDC: decision=HOLD confidence=0% price=66.60000000 external_signals=0","timestamp":"2026-06-08T12:00:24.457Z"}
{"level":"info","message":"SOL/USDC: Price 66.5300 inside BB [58.7120–89.0720] | %R -77.2 neutral | StochRSI K=67.4 D=37.9 — no extreme crossover","timestamp":"2026-06-08T12:00:24.457Z"}
{"level":"debug","message":"[CYCLE] VANRY/USDC: sizing positionPct=0.1464 (base=0.15 atr=0.03176510989010991 regime=on conf=2.00 macro=bear mtf=1.0)","timestamp":"2026-06-08T12:00:24.658Z"}
{"level":"info","message":"VANRY/USDC: decision=HOLD confidence=200% price=0.00365000 external_signals=0","timestamp":"2026-06-08T12:00:24.658Z"}
{"level":"info","message":"VANRY/USDC: No EMA crossover (fast 0.0038 vs slow 0.0042) | MACD -0.0003 vs signal -0.0003 hist:-0.0000 | ADX 38.1 downtrend (-DI 45.2 > +DI 17.7)","timestamp":"2026-06-08T12:00:24.658Z"}
{"level":"debug","message":"[CYCLE] ADA/USDC: sizing positionPct=0.1158 (base=0.15 atr=0.03176510989010991 regime=on conf=2.00 macro=bear mtf=1.0)","timestamp":"2026-06-08T12:00:24.860Z"}
{"level":"info","message":"ADA/USDC: decision=HOLD confidence=200% price=0.16750000 external_signals=0","timestamp":"2026-06-08T12:00:24.860Z"}
{"level":"info","message":"ADA/USDC: RSI 21.4 oversold ↑ reversal confirmed | Price 0.1656 inside BB [0.1399–0.2654] | CCI -85.2 neutral","timestamp":"2026-06-08T12:00:24.860Z"}
{"level":"debug","message":"[CYCLE] AVAX/USDC: sizing positionPct=0.1512 (base=0.15 atr=0.03176510989010991 regime=on conf=2.00 macro=bear mtf=1.0)","timestamp":"2026-06-08T12:00:25.060Z"}
{"level":"info","message":"AVAX/USDC: decision=HOLD confidence=200% price=6.78000000 external_signals=0","timestamp":"2026-06-08T12:00:25.061Z"}
{"level":"info","message":"AVAX/USDC: RSI 21.5 oversold ↑ reversal confirmed | MACD -0.6320 vs signal -0.4905 hist:-0.1415 | PSAR downtrend continues (SAR 7.4226)","timestamp":"2026-06-08T12:00:25.061Z"}
{"level":"debug","message":"[CYCLE] DOGE/USDC: sizing positionPct=0.0754 (base=0.15 atr=0.03176510989010991 regime=on conf=0.00 macro=bear mtf=1.0)","timestamp":"2026-06-08T12:00:25.260Z"}
{"level":"info","message":"DOGE/USDC: decision=HOLD confidence=0% price=0.08629000 external_signals=0","timestamp":"2026-06-08T12:00:25.260Z"}
{"level":"info","message":"DOGE/USDC: No EMA crossover (fast 0.0877 vs slow 0.0927) | PSAR downtrend continues (SAR 0.0886) | HA bullish continuation","timestamp":"2026-06-08T12:00:25.260Z"}
{"level":"debug","message":"[CYCLE] ETH/USDC: sizing positionPct=0.0631 (base=0.15 atr=0.03176510989010991 regime=on conf=0.00 macro=bear mtf=1.0)","timestamp":"2026-06-08T12:00:25.470Z"}
{"level":"info","message":"ETH/USDC: decision=HOLD confidence=0% price=1682.40000000 external_signals=0","timestamp":"2026-06-08T12:00:25.470Z"}
{"level":"info","message":"ETH/USDC: Supertrend downtrend continues (ST 1709.3141) | MFI 28.5 neutral | No significant S/R zone nearby","timestamp":"2026-06-08T12:00:25.471Z"}
{"level":"debug","message":"[CYCLE] INJ/USDC: sizing positionPct=0.1035 (base=0.15 atr=0.03176510989010991 regime=on conf=2.00 macro=bear mtf=1.0)","timestamp":"2026-06-08T12:00:25.668Z"}
{"level":"info","message":"INJ/USDC: decision=HOLD confidence=200% price=5.65000000 external_signals=0","timestamp":"2026-06-08T12:00:25.668Z"}
{"level":"info","message":"INJ/USDC: ADX 34.8 downtrend (-DI 35.0 > +DI 30.4) | OBV above EMA-20 — no cross | StochRSI K=27.5 D=18.1 — no extreme crossover","timestamp":"2026-06-08T12:00:25.669Z"}
{"level":"debug","message":"[CYCLE] WLD/USDC: sizing positionPct=0.0731 (base=0.15 atr=0.03176510989010991 regime=on conf=2.00 macro=bear mtf=1.0)","timestamp":"2026-06-08T12:00:25.857Z"}
{"level":"info","message":"WLD/USDC: decision=HOLD confidence=200% price=0.46580000 external_signals=0","timestamp":"2026-06-08T12:00:25.857Z"}
{"level":"info","message":"WLD/USDC: Price 0.4724 inside BB [0.2670–0.5788] | CCI 50.3 neutral | ADX 33.0 uptrend (+DI 51.6 > -DI 34.6)","timestamp":"2026-06-08T12:00:25.857Z"}
{"level":"debug","message":"[CYCLE] TON/USDC: sizing positionPct=0.0315 (base=0.15 atr=0.03176510989010991 regime=on conf=0.00 macro=bear mtf=1.0)","timestamp":"2026-06-08T12:00:26.071Z"}
{"level":"info","message":"TON/USDC: decision=HOLD confidence=0% price=1.75000000 external_signals=0","timestamp":"2026-06-08T12:00:26.071Z"}
{"level":"info","message":"TON/USDC: No EMA crossover (fast 1.7168 vs slow 1.7863) | OBV above EMA-20 — no cross | StochRSI K=41.1 D=37.8 — no extreme crossover","timestamp":"2026-06-08T12:00:26.072Z"}
{"level":"debug","message":"[CYCLE] PEPE/USDC: sizing positionPct=0.0640 (base=0.15 atr=0.03176510989010991 regime=on conf=0.00 macro=bear mtf=1.0)","timestamp":"2026-06-08T12:00:26.274Z"}
{"level":"info","message":"PEPE/USDC: decision=HOLD confidence=0% price=0.00000283 external_signals=0","timestamp":"2026-06-08T12:00:26.274Z"}
{"level":"info","message":"PEPE/USDC: No EMA crossover (fast 0.0000 vs slow 0.0000) | Supertrend downtrend continues (ST 0.0000) | OBV below EMA-20 — no cross","timestamp":"2026-06-08T12:00:26.275Z"}
{"level":"debug","message":"[CYCLE] RENDER/USDC: sizing positionPct=0.0625 (base=0.15 atr=0.03176510989010991 regime=on conf=2.00 macro=bear mtf=1.0)","timestamp":"2026-06-08T12:00:26.468Z"}
{"level":"info","message":"RENDER/USDC: decision=HOLD confidence=200% price=1.68400000 external_signals=0","timestamp":"2026-06-08T12:00:26.469Z"}
{"level":"info","message":"RENDER/USDC: No EMA crossover (fast 1.8004 vs slow 1.8986) | OBV above EMA-20 — no cross | %R -86.2 oversold ↑ reversal confirmed","timestamp":"2026-06-08T12:00:26.469Z"}
{"level":"debug","message":"[CYCLE] ENA/USDC: sizing positionPct=0.0225 (base=0.15 atr=0.03176510989010991 regime=on conf=0.00 macro=bear mtf=1.0)","timestamp":"2026-06-08T12:00:26.671Z"}
{"level":"info","message":"ENA/USDC: decision=HOLD confidence=0% price=0.08770000 external_signals=0","timestamp":"2026-06-08T12:00:26.671Z"}
{"level":"info","message":"ENA/USDC: RSI 46.3 neutral | Price 0.0900 inside BB [0.0788–0.1041] | CCI -23.6 neutral","timestamp":"2026-06-08T12:00:26.672Z"}
{"level":"debug","message":"[CYCLE] ICP/USDC: sizing positionPct=0.0310 (base=0.15 atr=0.03176510989010991 regime=on conf=0.00 macro=bear mtf=1.0)","timestamp":"2026-06-08T12:00:26.863Z"}
{"level":"info","message":"ICP/USDC: decision=HOLD confidence=0% price=2.37000000 external_signals=0","timestamp":"2026-06-08T12:00:26.863Z"}
{"level":"info","message":"ICP/USDC: RSI 39.5 neutral | Price 2.3820 inside BB [2.1597–3.1966] | Stoch K=9.7 D=6.8 — no crossover in extreme zone","timestamp":"2026-06-08T12:00:26.863Z"}
{"level":"debug","message":"[CYCLE] APT/USDC: sizing positionPct=0.0423 (base=0.15 atr=0.03176510989010991 regime=on conf=0.00 macro=bear mtf=1.0)","timestamp":"2026-06-08T12:00:27.060Z"}
{"level":"info","message":"APT/USDC: decision=HOLD confidence=0% price=0.68100000 external_signals=0","timestamp":"2026-06-08T12:00:27.060Z"}
{"level":"info","message":"APT/USDC: Price 0.6730 inside BB [0.5914–1.0470] | Stoch K=6.9 D=4.8 — no crossover in extreme zone | MFI 0.1 oversold — still falling, wait","timestamp":"2026-06-08T12:00:27.060Z"}
{"level":"debug","message":"[CYCLE] ARB/USDC: sizing positionPct=0.1482 (base=0.15 atr=0.03176510989010991 regime=on conf=2.00 macro=bear mtf=1.0)","timestamp":"2026-06-08T12:00:27.272Z"}
{"level":"info","message":"ARB/USDC: decision=HOLD confidence=200% price=0.08340000 external_signals=0","timestamp":"2026-06-08T12:00:27.272Z"}
{"level":"info","message":"ARB/USDC: RSI 30.2 neutral | %R -84.5 oversold ↑ reversal confirmed | HA bullish continuation","timestamp":"2026-06-08T12:00:27.272Z"}
{"level":"debug","message":"[CYCLE] JUP/USDC: sizing positionPct=0.0765 (base=0.15 atr=0.03176510989010991 regime=on conf=2.00 macro=bear mtf=1.0)","timestamp":"2026-06-08T12:00:27.469Z"}
{"level":"info","message":"JUP/USDC: decision=HOLD confidence=200% price=0.16040000 external_signals=0","timestamp":"2026-06-08T12:00:27.469Z"}
{"level":"info","message":"JUP/USDC: Price 0.1566 inside BB [0.1461–0.2163] | CCI -109.1 oversold ↑ reversal confirmed | OBV below EMA-20 — no cross","timestamp":"2026-06-08T12:00:27.469Z"}
{"level":"info","message":"BTC/USDC: live balance=104.49 pnl=-0.71 open_positions=2 daily_pnl=0.00 blocked=false","timestamp":"2026-06-08T12:00:27.661Z"}
{"level":"info","message":"XRP/USDC: live balance=104.49 pnl=-0.71 open_positions=2 daily_pnl=0.00 blocked=false","timestamp":"2026-06-08T12:00:27.859Z"}
{"level":"info","message":"LINK/USDC: live balance=104.49 pnl=-0.71 open_positions=2 daily_pnl=0.00 blocked=false","timestamp":"2026-06-08T12:00:28.060Z"}
{"level":"info","message":"BNB/USDC: live balance=104.49 pnl=-0.71 open_positions=2 daily_pnl=0.00 blocked=false","timestamp":"2026-06-08T12:00:28.271Z"}
{"level":"info","message":"LTC/USDC: live balance=104.49 pnl=-0.71 open_positions=2 daily_pnl=0.00 blocked=false","timestamp":"2026-06-08T12:00:28.461Z"}
{"level":"info","message":"NEAR/USDC: live balance=104.49 pnl=-0.71 open_positions=2 daily_pnl=0.00 blocked=false","timestamp":"2026-06-08T12:00:28.663Z"}
{"level":"info","message":"TRX/USDC: live balance=104.49 pnl=-0.71 open_positions=2 daily_pnl=0.00 blocked=false","timestamp":"2026-06-08T12:00:28.872Z"}
{"level":"info","message":"BCH/USDC: live balance=104.49 pnl=-0.71 open_positions=2 daily_pnl=0.00 blocked=false","timestamp":"2026-06-08T12:00:29.072Z"}
{"level":"info","message":"ACH/USDC: live balance=104.49 pnl=-0.71 open_positions=2 daily_pnl=0.00 blocked=false","timestamp":"2026-06-08T12:00:29.260Z"}
{"level":"info","message":"CRV/USDC: live balance=104.49 pnl=-0.71 open_positions=2 daily_pnl=0.00 blocked=false","timestamp":"2026-06-08T12:00:29.527Z"}
{"level":"info","message":"ENS/USDC: live balance=104.49 pnl=-0.71 open_positions=2 daily_pnl=0.00 blocked=false","timestamp":"2026-06-08T12:00:29.660Z"}
{"level":"info","message":"LDO/USDC: live balance=104.49 pnl=-0.71 open_positions=2 daily_pnl=0.00 blocked=false","timestamp":"2026-06-08T12:00:29.871Z"}
{"level":"info","message":"GMX/USDC: live balance=104.49 pnl=-0.71 open_positions=2 daily_pnl=0.00 blocked=false","timestamp":"2026-06-08T12:00:30.076Z"}
{"level":"info","message":"LSK/USDC: live balance=104.49 pnl=-0.71 open_positions=2 daily_pnl=0.00 blocked=false","timestamp":"2026-06-08T12:00:30.259Z"}
{"level":"info","message":"JTO/USDC: live balance=104.49 pnl=-0.71 open_positions=2 daily_pnl=0.00 blocked=false","timestamp":"2026-06-08T12:00:30.473Z"}
{"level":"info","message":"MANTA/USDC: live balance=104.49 pnl=-0.71 open_positions=2 daily_pnl=0.00 blocked=false","timestamp":"2026-06-08T12:00:30.860Z"}
{"level":"info","message":"PIXEL/USDC: live balance=104.49 pnl=-0.71 open_positions=2 daily_pnl=0.00 blocked=false","timestamp":"2026-06-08T12:00:31.062Z"}
{"level":"info","message":"PAXG/USDC: live balance=104.49 pnl=-0.71 open_positions=2 daily_pnl=0.00 blocked=false","timestamp":"2026-06-08T12:00:31.275Z"}
{"level":"info","message":"SUI/USDC: live balance=104.49 pnl=-0.71 open_positions=2 daily_pnl=0.00 blocked=false","timestamp":"2026-06-08T12:00:31.470Z"}
{"level":"info","message":"THETA/USDC: live balance=104.49 pnl=-0.71 open_positions=2 daily_pnl=0.00 blocked=false","timestamp":"2026-06-08T12:00:31.670Z"}
{"level":"info","message":"TIA/USDC: live balance=104.49 pnl=-0.71 open_positions=2 daily_pnl=0.00 blocked=false","timestamp":"2026-06-08T12:00:31.871Z"}
{"level":"info","message":"SOL/USDC: live balance=104.49 pnl=-0.71 open_positions=2 daily_pnl=0.00 blocked=false","timestamp":"2026-06-08T12:00:32.062Z"}
{"level":"info","message":"VANRY/USDC: live balance=104.49 pnl=-0.71 open_positions=2 daily_pnl=0.00 blocked=false","timestamp":"2026-06-08T12:00:32.273Z"}
{"level":"info","message":"ADA/USDC: live balance=104.49 pnl=-0.71 open_positions=2 daily_pnl=0.00 blocked=false","timestamp":"2026-06-08T12:00:32.462Z"}
{"level":"info","message":"AVAX/USDC: live balance=104.49 pnl=-0.71 open_positions=2 daily_pnl=0.00 blocked=false","timestamp":"2026-06-08T12:00:32.660Z"}
{"level":"info","message":"DOGE/USDC: live balance=104.49 pnl=-0.71 open_positions=2 daily_pnl=0.00 blocked=false","timestamp":"2026-06-08T12:00:32.860Z"}
{"level":"info","message":"ETH/USDC: live balance=104.49 pnl=-0.71 open_positions=2 daily_pnl=0.00 blocked=false","timestamp":"2026-06-08T12:00:33.075Z"}
{"level":"info","message":"INJ/USDC: live balance=104.49 pnl=-0.71 open_positions=2 daily_pnl=0.00 blocked=false","timestamp":"2026-06-08T12:00:33.261Z"}
{"level":"info","message":"WLD/USDC: live balance=104.49 pnl=-0.71 open_positions=2 daily_pnl=0.00 blocked=false","timestamp":"2026-06-08T12:00:33.459Z"}
{"level":"info","message":"TON/USDC: live balance=104.49 pnl=-0.71 open_positions=2 daily_pnl=0.00 blocked=false","timestamp":"2026-06-08T12:00:33.682Z"}
{"level":"info","message":"PEPE/USDC: live balance=104.49 pnl=-0.71 open_positions=2 daily_pnl=0.00 blocked=false","timestamp":"2026-06-08T12:00:33.872Z"}
{"level":"info","message":"RENDER/USDC: live balance=104.49 pnl=-0.71 open_positions=2 daily_pnl=0.00 blocked=false","timestamp":"2026-06-08T12:00:34.071Z"}
{"level":"info","message":"ENA/USDC: live balance=104.49 pnl=-0.71 open_positions=2 daily_pnl=0.00 blocked=false","timestamp":"2026-06-08T12:00:34.259Z"}
{"level":"info","message":"ICP/USDC: live balance=104.49 pnl=-0.71 open_positions=2 daily_pnl=0.00 blocked=false","timestamp":"2026-06-08T12:00:34.472Z"}
{"level":"info","message":"APT/USDC: live balance=104.49 pnl=-0.71 open_positions=2 daily_pnl=0.00 blocked=false","timestamp":"2026-06-08T12:00:34.659Z"}
{"level":"info","message":"ARB/USDC: live balance=104.49 pnl=-0.71 open_positions=2 daily_pnl=0.00 blocked=false","timestamp":"2026-06-08T12:00:34.871Z"}
{"level":"info","message":"JUP/USDC: live balance=104.49 pnl=-0.71 open_positions=2 daily_pnl=0.00 blocked=false","timestamp":"2026-06-08T12:00:35.074Z"}
{"level":"debug","message":"[RISK-LOOP] checking 2 open position(s)","timestamp":"2026-06-08T12:00:44.857Z"}
{"level":"debug","message":"[LIVE] TRX/USDC: checkRisk price=0.32740000 SL=0.28943200 TP=0.42757000 HWM=0.32890000 entry=0.32890000","timestamp":"2026-06-08T12:00:45.300Z"}
{"level":"debug","message":"[LIVE] BNB/USDC: checkRisk price=602.10000000 SL=573.78100000 TP=676.45760000 HWM=603.98000000 entry=603.98000000","timestamp":"2026-06-08T12:00:45.566Z"}
{"level":"debug","message":"[RISK-LOOP] checking 2 open position(s)","timestamp":"2026-06-08T12:02:44.865Z"}
{"level":"debug","message":"[LIVE] TRX/USDC: checkRisk price=0.32710000 SL=0.28943200 TP=0.42757000 HWM=0.32890000 entry=0.32890000","timestamp":"2026-06-08T12:02:45.313Z"}
{"level":"debug","message":"[LIVE] BNB/USDC: checkRisk price=600.88000000 SL=573.78100000 TP=676.45760000 HWM=603.98000000 entry=603.98000000","timestamp":"2026-06-08T12:02:45.577Z"}
{"level":"info","message":"[MTF-CACHE] 15m refresh complete: 37/37 symbols","timestamp":"2026-06-08T12:03:00.456Z"}
{"level":"debug","message":"[RISK-LOOP] checking 2 open position(s)","timestamp":"2026-06-08T12:04:44.849Z"}
{"level":"debug","message":"[LIVE] TRX/USDC: checkRisk price=0.32700000 SL=0.28943200 TP=0.42757000 HWM=0.32890000 entry=0.32890000","timestamp":"2026-06-08T12:04:45.294Z"}
{"level":"debug","message":"[LIVE] BNB/USDC: checkRisk price=598.91000000 SL=573.78100000 TP=676.45760000 HWM=603.98000000 entry=603.98000000","timestamp":"2026-06-08T12:04:45.560Z"}
{"level":"debug","message":"[RISK-LOOP] checking 2 open position(s)","timestamp":"2026-06-08T12:06:44.855Z"}
{"level":"debug","message":"[LIVE] TRX/USDC: checkRisk price=0.32690000 SL=0.28943200 TP=0.42757000 HWM=0.32890000 entry=0.32890000","timestamp":"2026-06-08T12:06:45.301Z"}
{"level":"debug","message":"[LIVE] BNB/USDC: checkRisk price=599.42000000 SL=573.78100000 TP=676.45760000 HWM=603.98000000 entry=603.98000000","timestamp":"2026-06-08T12:06:45.564Z"}
{"level":"debug","message":"[RISK-LOOP] checking 2 open position(s)","timestamp":"2026-06-08T12:08:44.853Z"}
{"level":"debug","message":"[LIVE] TRX/USDC: checkRisk price=0.32710000 SL=0.28943200 TP=0.42757000 HWM=0.32890000 entry=0.32890000","timestamp":"2026-06-08T12:08:45.299Z"}
{"level":"debug","message":"[LIVE] BNB/USDC: checkRisk price=599.81000000 SL=573.78100000 TP=676.45760000 HWM=603.98000000 entry=603.98000000","timestamp":"2026-06-08T12:08:45.563Z"}
{"level":"debug","message":"[RISK-LOOP] checking 2 open position(s)","timestamp":"2026-06-08T12:10:44.866Z"}
{"level":"debug","message":"[LIVE] TRX/USDC: checkRisk price=0.32700000 SL=0.28943200 TP=0.42757000 HWM=0.32890000 entry=0.32890000","timestamp":"2026-06-08T12:10:45.315Z"}
{"level":"debug","message":"[LIVE] BNB/USDC: checkRisk price=599.52000000 SL=573.78100000 TP=676.45760000 HWM=603.98000000 entry=603.98000000","timestamp":"2026-06-08T12:10:45.580Z"}
{"level":"debug","message":"[RISK-LOOP] checking 2 open position(s)","timestamp":"2026-06-08T12:12:44.863Z"}
{"level":"debug","message":"[LIVE] TRX/USDC: checkRisk price=0.32710000 SL=0.28943200 TP=0.42757000 HWM=0.32890000 entry=0.32890000","timestamp":"2026-06-08T12:12:45.307Z"}
{"level":"debug","message":"[LIVE] BNB/USDC: checkRisk price=599.89000000 SL=573.78100000 TP=676.45760000 HWM=603.98000000 entry=603.98000000","timestamp":"2026-06-08T12:12:45.573Z"}
{"level":"debug","message":"[RISK-LOOP] checking 2 open position(s)","timestamp":"2026-06-08T12:14:44.852Z"}
{"level":"debug","message":"[LIVE] TRX/USDC: checkRisk price=0.32690000 SL=0.28943200 TP=0.42757000 HWM=0.32890000 entry=0.32890000","timestamp":"2026-06-08T12:14:45.302Z"}
{"level":"debug","message":"[LIVE] BNB/USDC: checkRisk price=598.73000000 SL=573.78100000 TP=676.45760000 HWM=603.98000000 entry=603.98000000","timestamp":"2026-06-08T12:14:45.568Z"}
{"level":"debug","message":"[RISK-LOOP] checking 2 open position(s)","timestamp":"2026-06-08T12:16:44.863Z"}
{"level":"debug","message":"[LIVE] TRX/USDC: checkRisk price=0.32690000 SL=0.28943200 TP=0.42757000 HWM=0.32890000 entry=0.32890000","timestamp":"2026-06-08T12:16:45.309Z"}
{"level":"debug","message":"[LIVE] BNB/USDC: checkRisk price=598.68000000 SL=573.78100000 TP=676.45760000 HWM=603.98000000 entry=603.98000000","timestamp":"2026-06-08T12:16:45.575Z"}
{"level":"info","message":"[MTF-CACHE] 15m refresh complete: 37/37 symbols","timestamp":"2026-06-08T12:18:00.017Z"}
{"level":"debug","message":"[RISK-LOOP] checking 2 open position(s)","timestamp":"2026-06-08T12:18:44.855Z"}
{"level":"debug","message":"[LIVE] TRX/USDC: checkRisk price=0.32710000 SL=0.28943200 TP=0.42757000 HWM=0.32890000 entry=0.32890000","timestamp":"2026-06-08T12:18:45.301Z"}
{"level":"debug","message":"[LIVE] BNB/USDC: checkRisk price=598.49000000 SL=573.78100000 TP=676.45760000 HWM=603.98000000 entry=603.98000000","timestamp":"2026-06-08T12:18:45.569Z"}
{"level":"debug","message":"[RISK-LOOP] checking 2 open position(s)","timestamp":"2026-06-08T12:20:44.849Z"}
{"level":"debug","message":"[LIVE] TRX/USDC: checkRisk price=0.32700000 SL=0.28943200 TP=0.42757000 HWM=0.32890000 entry=0.32890000","timestamp":"2026-06-08T12:20:45.295Z"}
{"level":"debug","message":"[LIVE] BNB/USDC: checkRisk price=598.97000000 SL=573.78100000 TP=676.45760000 HWM=603.98000000 entry=603.98000000","timestamp":"2026-06-08T12:20:45.562Z"}
{"level":"debug","message":"[RISK-LOOP] checking 2 open position(s)","timestamp":"2026-06-08T12:22:44.898Z"}
{"level":"debug","message":"[LIVE] TRX/USDC: checkRisk price=0.32700000 SL=0.28943200 TP=0.42757000 HWM=0.32890000 entry=0.32890000","timestamp":"2026-06-08T12:22:45.349Z"}
{"level":"debug","message":"[LIVE] BNB/USDC: checkRisk price=599.29000000 SL=573.78100000 TP=676.45760000 HWM=603.98000000 entry=603.98000000","timestamp":"2026-06-08T12:22:45.614Z"}
{"level":"debug","message":"[RISK-LOOP] checking 2 open position(s)","timestamp":"2026-06-08T12:24:44.863Z"}
{"level":"debug","message":"[LIVE] TRX/USDC: checkRisk price=0.32710000 SL=0.28943200 TP=0.42757000 HWM=0.32890000 entry=0.32890000","timestamp":"2026-06-08T12:24:45.314Z"}
{"level":"debug","message":"[LIVE] BNB/USDC: checkRisk price=599.22000000 SL=573.78100000 TP=676.45760000 HWM=603.98000000 entry=603.98000000","timestamp":"2026-06-08T12:24:45.586Z"}
{"level":"debug","message":"[RISK-LOOP] checking 2 open position(s)","timestamp":"2026-06-08T12:26:44.867Z"}
{"level":"debug","message":"[LIVE] TRX/USDC: checkRisk price=0.32700000 SL=0.28943200 TP=0.42757000 HWM=0.32890000 entry=0.32890000","timestamp":"2026-06-08T12:26:45.317Z"}
{"level":"debug","message":"[LIVE] BNB/USDC: checkRisk price=599.54000000 SL=573.78100000 TP=676.45760000 HWM=603.98000000 entry=603.98000000","timestamp":"2026-06-08T12:26:45.584Z"}
{"level":"debug","message":"[RISK-LOOP] checking 2 open position(s)","timestamp":"2026-06-08T12:28:44.852Z"}
{"level":"debug","message":"[LIVE] TRX/USDC: checkRisk price=0.32700000 SL=0.28943200 TP=0.42757000 HWM=0.32890000 entry=0.32890000","timestamp":"2026-06-08T12:28:45.297Z"}
{"level":"debug","message":"[LIVE] BNB/USDC: checkRisk price=599.96000000 SL=573.78100000 TP=676.45760000 HWM=603.98000000 entry=603.98000000","timestamp":"2026-06-08T12:28:45.564Z"}
{"level":"debug","message":"[RISK-LOOP] checking 2 open position(s)","timestamp":"2026-06-08T12:30:44.858Z"}
{"level":"debug","message":"[LIVE] TRX/USDC: checkRisk price=0.32730000 SL=0.28943200 TP=0.42757000 HWM=0.32890000 entry=0.32890000","timestamp":"2026-06-08T12:30:45.304Z"}
{"level":"debug","message":"[LIVE] BNB/USDC: checkRisk price=600.52000000 SL=573.78100000 TP=676.45760000 HWM=603.98000000 entry=603.98000000","timestamp":"2026-06-08T12:30:45.572Z"}
{"level":"debug","message":"[RISK-LOOP] checking 2 open position(s)","timestamp":"2026-06-08T12:32:45.048Z"}
{"level":"debug","message":"[LIVE] TRX/USDC: checkRisk price=0.32710000 SL=0.28943200 TP=0.42757000 HWM=0.32890000 entry=0.32890000","timestamp":"2026-06-08T12:32:45.496Z"}
{"level":"debug","message":"[LIVE] BNB/USDC: checkRisk price=599.89000000 SL=573.78100000 TP=676.45760000 HWM=603.98000000 entry=603.98000000","timestamp":"2026-06-08T12:32:45.761Z"}
{"level":"info","message":"[MTF-CACHE] 15m refresh complete: 37/37 symbols","timestamp":"2026-06-08T12:33:00.021Z"}
{"level":"debug","message":"[RISK-LOOP] checking 2 open position(s)","timestamp":"2026-06-08T12:34:44.938Z"}
{"level":"debug","message":"[LIVE] TRX/USDC: checkRisk price=0.32720000 SL=0.28943200 TP=0.42757000 HWM=0.32890000 entry=0.32890000","timestamp":"2026-06-08T12:34:45.387Z"}
{"level":"debug","message":"[LIVE] BNB/USDC: checkRisk price=599.77000000 SL=573.78100000 TP=676.45760000 HWM=603.98000000 entry=603.98000000","timestamp":"2026-06-08T12:34:45.652Z"}
{"level":"debug","message":"[RISK-LOOP] checking 2 open position(s)","timestamp":"2026-06-08T12:36:44.986Z"}
{"level":"debug","message":"[LIVE] TRX/USDC: checkRisk price=0.32720000 SL=0.28943200 TP=0.42757000 HWM=0.32890000 entry=0.32890000","timestamp":"2026-06-08T12:36:45.431Z"}
{"level":"debug","message":"[LIVE] BNB/USDC: checkRisk price=600.98000000 SL=573.78100000 TP=676.45760000 HWM=603.98000000 entry=603.98000000","timestamp":"2026-06-08T12:36:45.693Z"}
{"level":"debug","message":"[RISK-LOOP] checking 2 open position(s)","timestamp":"2026-06-08T12:38:45.056Z"}
{"level":"debug","message":"[LIVE] TRX/USDC: checkRisk price=0.32700000 SL=0.28943200 TP=0.42757000 HWM=0.32890000 entry=0.32890000","timestamp":"2026-06-08T12:38:45.506Z"}
{"level":"debug","message":"[LIVE] BNB/USDC: checkRisk price=600.59000000 SL=573.78100000 TP=676.45760000 HWM=603.98000000 entry=603.98000000","timestamp":"2026-06-08T12:38:45.770Z"}
{"level":"debug","message":"[RISK-LOOP] checking 2 open position(s)","timestamp":"2026-06-08T12:40:45.047Z"}
{"level":"debug","message":"[LIVE] TRX/USDC: checkRisk price=0.32670000 SL=0.28943200 TP=0.42757000 HWM=0.32890000 entry=0.32890000","timestamp":"2026-06-08T12:40:45.315Z"}
{"level":"debug","message":"[LIVE] BNB/USDC: checkRisk price=599.93000000 SL=573.78100000 TP=676.45760000 HWM=603.98000000 entry=603.98000000","timestamp":"2026-06-08T12:40:45.582Z"}
{"level":"debug","message":"[RISK-LOOP] checking 2 open position(s)","timestamp":"2026-06-08T12:42:45.067Z"}
{"level":"debug","message":"[LIVE] TRX/USDC: checkRisk price=0.32680000 SL=0.28943200 TP=0.42757000 HWM=0.32890000 entry=0.32890000","timestamp":"2026-06-08T12:42:45.354Z"}
{"level":"debug","message":"[LIVE] BNB/USDC: checkRisk price=601.62000000 SL=573.78100000 TP=676.45760000 HWM=603.98000000 entry=603.98000000","timestamp":"2026-06-08T12:42:45.622Z"}
{"level":"debug","message":"[RISK-LOOP] checking 2 open position(s)","timestamp":"2026-06-08T12:44:45.053Z"}
{"level":"debug","message":"[LIVE] TRX/USDC: checkRisk price=0.32690000 SL=0.28943200 TP=0.42757000 HWM=0.32890000 entry=0.32890000","timestamp":"2026-06-08T12:44:45.319Z"}
{"level":"debug","message":"[LIVE] BNB/USDC: checkRisk price=601.55000000 SL=573.78100000 TP=676.45760000 HWM=603.98000000 entry=603.98000000","timestamp":"2026-06-08T12:44:45.582Z"}
{"level":"debug","message":"[RISK-LOOP] checking 2 open position(s)","timestamp":"2026-06-08T12:46:45.047Z"}
{"level":"debug","message":"[LIVE] TRX/USDC: checkRisk price=0.32670000 SL=0.28943200 TP=0.42757000 HWM=0.32890000 entry=0.32890000","timestamp":"2026-06-08T12:46:45.311Z"}
{"level":"debug","message":"[LIVE] BNB/USDC: checkRisk price=601.61000000 SL=573.78100000 TP=676.45760000 HWM=603.98000000 entry=603.98000000","timestamp":"2026-06-08T12:46:45.577Z"}
{"level":"info","message":"[MTF-CACHE] 15m refresh complete: 37/37 symbols","timestamp":"2026-06-08T12:48:00.634Z"}
{"level":"debug","message":"[RISK-LOOP] checking 2 open position(s)","timestamp":"2026-06-08T12:48:44.871Z"}
{"level":"debug","message":"[LIVE] TRX/USDC: checkRisk price=0.32670000 SL=0.28943200 TP=0.42757000 HWM=0.32890000 entry=0.32890000","timestamp":"2026-06-08T12:48:45.319Z"}
{"level":"debug","message":"[LIVE] BNB/USDC: checkRisk price=601.44000000 SL=573.78100000 TP=676.45760000 HWM=603.98000000 entry=603.98000000","timestamp":"2026-06-08T12:48:45.587Z"}
{"level":"debug","message":"[RISK-LOOP] checking 2 open position(s)","timestamp":"2026-06-08T12:50:44.864Z"}
{"level":"debug","message":"[LIVE] TRX/USDC: checkRisk price=0.32670000 SL=0.28943200 TP=0.42757000 HWM=0.32890000 entry=0.32890000","timestamp":"2026-06-08T12:50:45.328Z"}
{"level":"debug","message":"[LIVE] BNB/USDC: checkRisk price=601.31000000 SL=573.78100000 TP=676.45760000 HWM=603.98000000 entry=603.98000000","timestamp":"2026-06-08T12:50:45.594Z"}
{"level":"debug","message":"[RISK-LOOP] checking 2 open position(s)","timestamp":"2026-06-08T12:52:45.045Z"}
{"level":"debug","message":"[LIVE] TRX/USDC: checkRisk price=0.32660000 SL=0.28943200 TP=0.42757000 HWM=0.32890000 entry=0.32890000","timestamp":"2026-06-08T12:52:45.492Z"}
{"level":"debug","message":"[LIVE] BNB/USDC: checkRisk price=600.75000000 SL=573.78100000 TP=676.45760000 HWM=603.98000000 entry=603.98000000","timestamp":"2026-06-08T12:52:45.757Z"}
{"level":"debug","message":"[RISK-LOOP] checking 2 open position(s)","timestamp":"2026-06-08T12:54:44.877Z"}
{"level":"debug","message":"[LIVE] TRX/USDC: checkRisk price=0.32660000 SL=0.28943200 TP=0.42757000 HWM=0.32890000 entry=0.32890000","timestamp":"2026-06-08T12:54:45.477Z"}
{"level":"debug","message":"[LIVE] BNB/USDC: checkRisk price=601.23000000 SL=573.78100000 TP=676.45760000 HWM=603.98000000 entry=603.98000000","timestamp":"2026-06-08T12:54:45.740Z"}
{"level":"debug","message":"[RISK-LOOP] checking 2 open position(s)","timestamp":"2026-06-08T12:56:44.881Z"}
{"level":"debug","message":"[LIVE] TRX/USDC: checkRisk price=0.32670000 SL=0.28943200 TP=0.42757000 HWM=0.32890000 entry=0.32890000","timestamp":"2026-06-08T12:56:45.419Z"}
{"level":"debug","message":"[LIVE] BNB/USDC: checkRisk price=601.47000000 SL=573.78100000 TP=676.45760000 HWM=603.98000000 entry=603.98000000","timestamp":"2026-06-08T12:56:45.841Z"}
{"level":"debug","message":"[RISK-LOOP] checking 2 open position(s)","timestamp":"2026-06-08T12:58:44.885Z"}
{"level":"debug","message":"[LIVE] TRX/USDC: checkRisk price=0.32680000 SL=0.28943200 TP=0.42757000 HWM=0.32890000 entry=0.32890000","timestamp":"2026-06-08T12:58:45.330Z"}
{"level":"debug","message":"[LIVE] BNB/USDC: checkRisk price=602.86000000 SL=573.78100000 TP=676.45760000 HWM=603.98000000 entry=603.98000000","timestamp":"2026-06-08T12:58:45.775Z"}
{"level":"debug","message":"[RISK-LOOP] checking 2 open position(s)","timestamp":"2026-06-08T13:00:44.888Z"}
{"level":"debug","message":"[LIVE] TRX/USDC: checkRisk price=0.32680000 SL=0.28943200 TP=0.42757000 HWM=0.32890000 entry=0.32890000","timestamp":"2026-06-08T13:00:45.334Z"}
{"level":"debug","message":"[LIVE] BNB/USDC: checkRisk price=603.11000000 SL=573.78100000 TP=676.45760000 HWM=603.98000000 entry=603.98000000","timestamp":"2026-06-08T13:00:45.779Z"}
{"level":"debug","message":"[RISK-LOOP] checking 2 open position(s)","timestamp":"2026-06-08T13:02:45.068Z"}
{"level":"debug","message":"[LIVE] TRX/USDC: checkRisk price=0.32670000 SL=0.28943200 TP=0.42757000 HWM=0.32890000 entry=0.32890000","timestamp":"2026-06-08T13:02:45.514Z"}
{"level":"debug","message":"[LIVE] BNB/USDC: checkRisk price=602.12000000 SL=573.78100000 TP=676.45760000 HWM=603.98000000 entry=603.98000000","timestamp":"2026-06-08T13:02:45.960Z"}
{"level":"info","message":"[MTF-CACHE] 15m refresh complete: 37/37 symbols","timestamp":"2026-06-08T13:03:00.008Z"}
{"level":"debug","message":"[RISK-LOOP] checking 2 open position(s)","timestamp":"2026-06-08T13:04:44.881Z"}
{"level":"debug","message":"[LIVE] TRX/USDC: checkRisk price=0.32670000 SL=0.28943200 TP=0.42757000 HWM=0.32890000 entry=0.32890000","timestamp":"2026-06-08T13:04:45.325Z"}
{"level":"debug","message":"[LIVE] BNB/USDC: checkRisk price=602.01000000 SL=573.78100000 TP=676.45760000 HWM=603.98000000 entry=603.98000000","timestamp":"2026-06-08T13:04:45.771Z"}
{"level":"debug","message":"[RISK-LOOP] checking 2 open position(s)","timestamp":"2026-06-08T13:06:44.894Z"}
{"level":"debug","message":"[LIVE] TRX/USDC: checkRisk price=0.32680000 SL=0.28943200 TP=0.42757000 HWM=0.32890000 entry=0.32890000","timestamp":"2026-06-08T13:06:45.342Z"}
{"level":"debug","message":"[LIVE] BNB/USDC: checkRisk price=602.46000000 SL=573.78100000 TP=676.45760000 HWM=603.98000000 entry=603.98000000","timestamp":"2026-06-08T13:06:45.786Z"}
{"level":"debug","message":"[RISK-LOOP] checking 2 open position(s)","timestamp":"2026-06-08T13:08:44.900Z"}
{"level":"debug","message":"[LIVE] TRX/USDC: checkRisk price=0.32680000 SL=0.28943200 TP=0.42757000 HWM=0.32890000 entry=0.32890000","timestamp":"2026-06-08T13:08:45.346Z"}
{"level":"debug","message":"[LIVE] BNB/USDC: checkRisk price=602.07000000 SL=573.78100000 TP=676.45760000 HWM=603.98000000 entry=603.98000000","timestamp":"2026-06-08T13:08:45.807Z"}
{"level":"debug","message":"[RISK-LOOP] checking 2 open position(s)","timestamp":"2026-06-08T13:10:44.892Z"}
{"level":"debug","message":"[LIVE] TRX/USDC: checkRisk price=0.32680000 SL=0.28943200 TP=0.42757000 HWM=0.32890000 entry=0.32890000","timestamp":"2026-06-08T13:10:45.336Z"}
{"level":"debug","message":"[LIVE] BNB/USDC: checkRisk price=602.00000000 SL=573.78100000 TP=676.45760000 HWM=603.98000000 entry=603.98000000","timestamp":"2026-06-08T13:10:45.601Z"}
{"level":"debug","message":"[RISK-LOOP] checking 2 open position(s)","timestamp":"2026-06-08T13:12:45.077Z"}
{"level":"debug","message":"[LIVE] TRX/USDC: checkRisk price=0.32690000 SL=0.28943200 TP=0.42757000 HWM=0.32890000 entry=0.32890000","timestamp":"2026-06-08T13:12:45.522Z"}
{"level":"debug","message":"[LIVE] BNB/USDC: checkRisk price=601.93000000 SL=573.78100000 TP=676.45760000 HWM=603.98000000 entry=603.98000000","timestamp":"2026-06-08T13:12:45.966Z"}
{"level":"debug","message":"[RISK-LOOP] checking 2 open position(s)","timestamp":"2026-06-08T13:14:44.893Z"}
{"level":"debug","message":"[LIVE] TRX/USDC: checkRisk price=0.32680000 SL=0.28943200 TP=0.42757000 HWM=0.32890000 entry=0.32890000","timestamp":"2026-06-08T13:14:45.340Z"}
{"level":"debug","message":"[LIVE] BNB/USDC: checkRisk price=601.46000000 SL=573.78100000 TP=676.45760000 HWM=603.98000000 entry=603.98000000","timestamp":"2026-06-08T13:14:45.606Z"}
{"level":"debug","message":"[RISK-LOOP] checking 2 open position(s)","timestamp":"2026-06-08T13:16:44.898Z"}
{"level":"debug","message":"[LIVE] TRX/USDC: checkRisk price=0.32680000 SL=0.28943200 TP=0.42757000 HWM=0.32890000 entry=0.32890000","timestamp":"2026-06-08T13:16:45.351Z"}
{"level":"debug","message":"[LIVE] BNB/USDC: checkRisk price=601.77000000 SL=573.78100000 TP=676.45760000 HWM=603.98000000 entry=603.98000000","timestamp":"2026-06-08T13:16:45.616Z"}
{"level":"info","message":"[MTF-CACHE] 15m refresh complete: 37/37 symbols","timestamp":"2026-06-08T13:18:00.798Z"}
{"level":"debug","message":"[RISK-LOOP] checking 2 open position(s)","timestamp":"2026-06-08T13:18:44.907Z"}
{"level":"debug","message":"[LIVE] TRX/USDC: checkRisk price=0.32680000 SL=0.28943200 TP=0.42757000 HWM=0.32890000 entry=0.32890000","timestamp":"2026-06-08T13:18:45.352Z"}
{"level":"debug","message":"[LIVE] BNB/USDC: checkRisk price=600.81000000 SL=573.78100000 TP=676.45760000 HWM=603.98000000 entry=603.98000000","timestamp":"2026-06-08T13:18:45.620Z"}
{"level":"debug","message":"[RISK-LOOP] checking 2 open position(s)","timestamp":"2026-06-08T13:20:44.908Z"}
{"level":"debug","message":"[LIVE] TRX/USDC: checkRisk price=0.32680000 SL=0.28943200 TP=0.42757000 HWM=0.32890000 entry=0.32890000","timestamp":"2026-06-08T13:20:45.355Z"}
{"level":"debug","message":"[LIVE] BNB/USDC: checkRisk price=601.30000000 SL=573.78100000 TP=676.45760000 HWM=603.98000000 entry=603.98000000","timestamp":"2026-06-08T13:20:45.618Z"}
{"level":"debug","message":"[RISK-LOOP] checking 2 open position(s)","timestamp":"2026-06-08T13:22:45.079Z"}
{"level":"debug","message":"[LIVE] TRX/USDC: checkRisk price=0.32690000 SL=0.28943200 TP=0.42757000 HWM=0.32890000 entry=0.32890000","timestamp":"2026-06-08T13:22:45.523Z"}
{"level":"debug","message":"[LIVE] BNB/USDC: checkRisk price=602.08000000 SL=573.78100000 TP=676.45760000 HWM=603.98000000 entry=603.98000000","timestamp":"2026-06-08T13:22:45.786Z"}
{"level":"debug","message":"[RISK-LOOP] checking 2 open position(s)","timestamp":"2026-06-08T13:24:44.911Z"}
{"level":"debug","message":"[LIVE] TRX/USDC: checkRisk price=0.32680000 SL=0.28943200 TP=0.42757000 HWM=0.32890000 entry=0.32890000","timestamp":"2026-06-08T13:24:45.356Z"}
{"level":"debug","message":"[LIVE] BNB/USDC: checkRisk price=601.30000000 SL=573.78100000 TP=676.45760000 HWM=603.98000000 entry=603.98000000","timestamp":"2026-06-08T13:24:45.621Z"}
{"level":"debug","message":"[RISK-LOOP] checking 2 open position(s)","timestamp":"2026-06-08T13:26:44.901Z"}
{"level":"debug","message":"[LIVE] TRX/USDC: checkRisk price=0.32660000 SL=0.28943200 TP=0.42757000 HWM=0.32890000 entry=0.32890000","timestamp":"2026-06-08T13:26:45.345Z"}
{"level":"debug","message":"[LIVE] BNB/USDC: checkRisk price=600.76000000 SL=573.78100000 TP=676.45760000 HWM=603.98000000 entry=603.98000000","timestamp":"2026-06-08T13:26:45.612Z"}
{"level":"debug","message":"[RISK-LOOP] checking 2 open position(s)","timestamp":"2026-06-08T13:28:44.904Z"}
{"level":"debug","message":"[LIVE] TRX/USDC: checkRisk price=0.32660000 SL=0.28943200 TP=0.42757000 HWM=0.32890000 entry=0.32890000","timestamp":"2026-06-08T13:28:45.349Z"}
{"level":"debug","message":"[LIVE] BNB/USDC: checkRisk price=600.26000000 SL=573.78100000 TP=676.45760000 HWM=603.98000000 entry=603.98000000","timestamp":"2026-06-08T13:28:45.613Z"}
{"level":"debug","message":"[RISK-LOOP] checking 2 open position(s)","timestamp":"2026-06-08T13:30:44.905Z"}
{"level":"debug","message":"[LIVE] TRX/USDC: checkRisk price=0.32650000 SL=0.28943200 TP=0.42757000 HWM=0.32890000 entry=0.32890000","timestamp":"2026-06-08T13:30:45.355Z"}
{"level":"debug","message":"[LIVE] BNB/USDC: checkRisk price=600.34000000 SL=573.78100000 TP=676.45760000 HWM=603.98000000 entry=603.98000000","timestamp":"2026-06-08T13:30:45.618Z"}
{"level":"debug","message":"[RISK-LOOP] checking 2 open position(s)","timestamp":"2026-06-08T13:32:45.091Z"}
{"level":"debug","message":"[LIVE] TRX/USDC: checkRisk price=0.32650000 SL=0.28943200 TP=0.42757000 HWM=0.32890000 entry=0.32890000","timestamp":"2026-06-08T13:32:45.533Z"}
{"level":"debug","message":"[LIVE] BNB/USDC: checkRisk price=598.83000000 SL=573.78100000 TP=676.45760000 HWM=603.98000000 entry=603.98000000","timestamp":"2026-06-08T13:32:45.800Z"}
{"level":"info","message":"[MTF-CACHE] 15m refresh complete: 37/37 symbols","timestamp":"2026-06-08T13:33:00.047Z"}
{"level":"debug","message":"[RISK-LOOP] checking 2 open position(s)","timestamp":"2026-06-08T13:34:44.924Z"}
{"level":"debug","message":"[LIVE] TRX/USDC: checkRisk price=0.32650000 SL=0.28943200 TP=0.42757000 HWM=0.32890000 entry=0.32890000","timestamp":"2026-06-08T13:34:45.370Z"}
{"level":"debug","message":"[LIVE] BNB/USDC: checkRisk price=599.03000000 SL=573.78100000 TP=676.45760000 HWM=603.98000000 entry=603.98000000","timestamp":"2026-06-08T13:34:45.640Z"}
{"level":"debug","message":"[RISK-LOOP] checking 2 open position(s)","timestamp":"2026-06-08T13:36:44.911Z"}
{"level":"debug","message":"[LIVE] TRX/USDC: checkRisk price=0.32660000 SL=0.28943200 TP=0.42757000 HWM=0.32890000 entry=0.32890000","timestamp":"2026-06-08T13:36:45.358Z"}
{"level":"debug","message":"[LIVE] BNB/USDC: checkRisk price=600.26000000 SL=573.78100000 TP=676.45760000 HWM=603.98000000 entry=603.98000000","timestamp":"2026-06-08T13:36:45.623Z"}
{"level":"debug","message":"[RISK-LOOP] checking 2 open position(s)","timestamp":"2026-06-08T13:38:44.916Z"}
{"level":"debug","message":"[LIVE] TRX/USDC: checkRisk price=0.32670000 SL=0.28943200 TP=0.42757000 HWM=0.32890000 entry=0.32890000","timestamp":"2026-06-08T13:38:45.363Z"}
{"level":"debug","message":"[LIVE] BNB/USDC: checkRisk price=599.76000000 SL=573.78100000 TP=676.45760000 HWM=603.98000000 entry=603.98000000","timestamp":"2026-06-08T13:38:45.629Z"}
{"level":"debug","message":"[RISK-LOOP] checking 2 open position(s)","timestamp":"2026-06-08T13:40:44.929Z"}
{"level":"debug","message":"[LIVE] TRX/USDC: checkRisk price=0.32670000 SL=0.28943200 TP=0.42757000 HWM=0.32890000 entry=0.32890000","timestamp":"2026-06-08T13:40:45.377Z"}
{"level":"debug","message":"[LIVE] BNB/USDC: checkRisk price=600.21000000 SL=573.78100000 TP=676.45760000 HWM=603.98000000 entry=603.98000000","timestamp":"2026-06-08T13:40:45.644Z"}
{"level":"debug","message":"[RISK-LOOP] checking 2 open position(s)","timestamp":"2026-06-08T13:42:45.104Z"}
{"level":"debug","message":"[LIVE] TRX/USDC: checkRisk price=0.32660000 SL=0.28943200 TP=0.42757000 HWM=0.32890000 entry=0.32890000","timestamp":"2026-06-08T13:42:45.548Z"}
{"level":"debug","message":"[LIVE] BNB/USDC: checkRisk price=599.92000000 SL=573.78100000 TP=676.45760000 HWM=603.98000000 entry=603.98000000","timestamp":"2026-06-08T13:42:45.816Z"}
{"level":"debug","message":"[RISK-LOOP] checking 2 open position(s)","timestamp":"2026-06-08T13:44:44.917Z"}
{"level":"debug","message":"[LIVE] TRX/USDC: checkRisk price=0.32660000 SL=0.28943200 TP=0.42757000 HWM=0.32890000 entry=0.32890000","timestamp":"2026-06-08T13:44:45.362Z"}
{"level":"debug","message":"[LIVE] BNB/USDC: checkRisk price=599.64000000 SL=573.78100000 TP=676.45760000 HWM=603.98000000 entry=603.98000000","timestamp":"2026-06-08T13:44:45.628Z"}
{"level":"debug","message":"[RISK-LOOP] checking 2 open position(s)","timestamp":"2026-06-08T13:46:44.920Z"}
{"level":"debug","message":"[LIVE] TRX/USDC: checkRisk price=0.32650000 SL=0.28943200 TP=0.42757000 HWM=0.32890000 entry=0.32890000","timestamp":"2026-06-08T13:46:45.366Z"}
{"level":"debug","message":"[LIVE] BNB/USDC: checkRisk price=600.75000000 SL=573.78100000 TP=676.45760000 HWM=603.98000000 entry=603.98000000","timestamp":"2026-06-08T13:46:45.632Z"}
{"level":"info","message":"[MTF-CACHE] 15m refresh complete: 37/37 symbols","timestamp":"2026-06-08T13:48:00.490Z"}
{"level":"debug","message":"[RISK-LOOP] checking 2 open position(s)","timestamp":"2026-06-08T13:48:44.933Z"}
{"level":"debug","message":"[LIVE] TRX/USDC: checkRisk price=0.32610000 SL=0.28943200 TP=0.42757000 HWM=0.32890000 entry=0.32890000","timestamp":"2026-06-08T13:48:45.380Z"}
{"level":"debug","message":"[LIVE] BNB/USDC: checkRisk price=599.08000000 SL=573.78100000 TP=676.45760000 HWM=603.98000000 entry=603.98000000","timestamp":"2026-06-08T13:48:45.647Z"}
{"level":"debug","message":"[RISK-LOOP] checking 2 open position(s)","timestamp":"2026-06-08T13:50:44.934Z"}
{"level":"debug","message":"[LIVE] TRX/USDC: checkRisk price=0.32610000 SL=0.28943200 TP=0.42757000 HWM=0.32890000 entry=0.32890000","timestamp":"2026-06-08T13:50:45.379Z"}
{"level":"debug","message":"[LIVE] BNB/USDC: checkRisk price=600.09000000 SL=573.78100000 TP=676.45760000 HWM=603.98000000 entry=603.98000000","timestamp":"2026-06-08T13:50:45.644Z"}
{"level":"debug","message":"[RISK-LOOP] checking 2 open position(s)","timestamp":"2026-06-08T13:52:45.110Z"}
{"level":"debug","message":"[LIVE] TRX/USDC: checkRisk price=0.32620000 SL=0.28943200 TP=0.42757000 HWM=0.32890000 entry=0.32890000","timestamp":"2026-06-08T13:52:45.553Z"}
{"level":"debug","message":"[LIVE] BNB/USDC: checkRisk price=600.88000000 SL=573.78100000 TP=676.45760000 HWM=603.98000000 entry=603.98000000","timestamp":"2026-06-08T13:52:45.819Z"}
{"level":"debug","message":"[RISK-LOOP] checking 2 open position(s)","timestamp":"2026-06-08T13:54:44.939Z"}
{"level":"debug","message":"[LIVE] TRX/USDC: checkRisk price=0.32640000 SL=0.28943200 TP=0.42757000 HWM=0.32890000 entry=0.32890000","timestamp":"2026-06-08T13:54:45.385Z"}
{"level":"debug","message":"[LIVE] BNB/USDC: checkRisk price=600.54000000 SL=573.78100000 TP=676.45760000 HWM=603.98000000 entry=603.98000000","timestamp":"2026-06-08T13:54:45.650Z"}
{"level":"debug","message":"[RISK-LOOP] checking 2 open position(s)","timestamp":"2026-06-08T13:56:44.937Z"}
{"level":"debug","message":"[LIVE] TRX/USDC: checkRisk price=0.32630000 SL=0.28943200 TP=0.42757000 HWM=0.32890000 entry=0.32890000","timestamp":"2026-06-08T13:56:45.383Z"}
{"level":"debug","message":"[LIVE] BNB/USDC: checkRisk price=600.57000000 SL=573.78100000 TP=676.45760000 HWM=603.98000000 entry=603.98000000","timestamp":"2026-06-08T13:56:45.650Z"}
{"level":"debug","message":"[RISK-LOOP] checking 2 open position(s)","timestamp":"2026-06-08T13:58:44.928Z"}
{"level":"debug","message":"[LIVE] TRX/USDC: checkRisk price=0.32620000 SL=0.28943200 TP=0.42757000 HWM=0.32890000 entry=0.32890000","timestamp":"2026-06-08T13:58:45.377Z"}
{"level":"debug","message":"[LIVE] BNB/USDC: checkRisk price=599.60000000 SL=573.78100000 TP=676.45760000 HWM=603.98000000 entry=603.98000000","timestamp":"2026-06-08T13:58:45.641Z"}
{"level":"debug","message":"[RISK-LOOP] checking 2 open position(s)","timestamp":"2026-06-08T14:00:44.938Z"}
{"level":"debug","message":"[LIVE] TRX/USDC: checkRisk price=0.32630000 SL=0.28943200 TP=0.42757000 HWM=0.32890000 entry=0.32890000","timestamp":"2026-06-08T14:00:45.386Z"}
{"level":"debug","message":"[LIVE] BNB/USDC: checkRisk price=600.16000000 SL=573.78100000 TP=676.45760000 HWM=603.98000000 entry=603.98000000","timestamp":"2026-06-08T14:00:45.650Z"}
{"level":"debug","message":"[RISK-LOOP] checking 2 open position(s)","timestamp":"2026-06-08T14:02:45.109Z"}
{"level":"debug","message":"[LIVE] TRX/USDC: checkRisk price=0.32640000 SL=0.28943200 TP=0.42757000 HWM=0.32890000 entry=0.32890000","timestamp":"2026-06-08T14:02:45.551Z"}
{"level":"debug","message":"[LIVE] BNB/USDC: checkRisk price=600.45000000 SL=573.78100000 TP=676.45760000 HWM=603.98000000 entry=603.98000000","timestamp":"2026-06-08T14:02:45.817Z"}
{"level":"info","message":"[MTF-CACHE] 15m refresh complete: 37/37 symbols","timestamp":"2026-06-08T14:03:00.052Z"}
{"level":"debug","message":"[RISK-LOOP] checking 2 open position(s)","timestamp":"2026-06-08T14:04:44.943Z"}
{"level":"debug","message":"[LIVE] TRX/USDC: checkRisk price=0.32630000 SL=0.28943200 TP=0.42757000 HWM=0.32890000 entry=0.32890000","timestamp":"2026-06-08T14:04:45.388Z"}
{"level":"debug","message":"[LIVE] BNB/USDC: checkRisk price=599.99000000 SL=573.78100000 TP=676.45760000 HWM=603.98000000 entry=603.98000000","timestamp":"2026-06-08T14:04:45.657Z"}
{"level":"debug","message":"[RISK-LOOP] checking 2 open position(s)","timestamp":"2026-06-08T14:06:44.943Z"}
{"level":"debug","message":"[LIVE] TRX/USDC: checkRisk price=0.32650000 SL=0.28943200 TP=0.42757000 HWM=0.32890000 entry=0.32890000","timestamp":"2026-06-08T14:06:45.389Z"}
{"level":"debug","message":"[LIVE] BNB/USDC: checkRisk price=600.88000000 SL=573.78100000 TP=676.45760000 HWM=603.98000000 entry=603.98000000","timestamp":"2026-06-08T14:06:45.657Z"}
{"level":"debug","message":"[RISK-LOOP] checking 2 open position(s)","timestamp":"2026-06-08T14:08:44.944Z"}
{"level":"debug","message":"[LIVE] TRX/USDC: checkRisk price=0.32640000 SL=0.28943200 TP=0.42757000 HWM=0.32890000 entry=0.32890000","timestamp":"2026-06-08T14:08:45.391Z"}
{"level":"debug","message":"[LIVE] BNB/USDC: checkRisk price=600.54000000 SL=573.78100000 TP=676.45760000 HWM=603.98000000 entry=603.98000000","timestamp":"2026-06-08T14:08:45.656Z"}
{"level":"debug","message":"[RISK-LOOP] checking 2 open position(s)","timestamp":"2026-06-08T14:10:44.948Z"}
{"level":"debug","message":"[LIVE] TRX/USDC: checkRisk price=0.32650000 SL=0.28943200 TP=0.42757000 HWM=0.32890000 entry=0.32890000","timestamp":"2026-06-08T14:10:45.393Z"}
{"level":"debug","message":"[LIVE] BNB/USDC: checkRisk price=600.27000000 SL=573.78100000 TP=676.45760000 HWM=603.98000000 entry=603.98000000","timestamp":"2026-06-08T14:10:45.660Z"}
{"level":"debug","message":"[RISK-LOOP] checking 2 open position(s)","timestamp":"2026-06-08T14:12:45.118Z"}
{"level":"debug","message":"[LIVE] TRX/USDC: checkRisk price=0.32640000 SL=0.28943200 TP=0.42757000 HWM=0.32890000 entry=0.32890000","timestamp":"2026-06-08T14:12:45.564Z"}
{"level":"debug","message":"[LIVE] BNB/USDC: checkRisk price=601.16000000 SL=573.78100000 TP=676.45760000 HWM=603.98000000 entry=603.98000000","timestamp":"2026-06-08T14:12:45.831Z"}
{"level":"debug","message":"[RISK-LOOP] checking 2 open position(s)","timestamp":"2026-06-08T14:14:44.953Z"}
{"level":"debug","message":"[LIVE] TRX/USDC: checkRisk price=0.32650000 SL=0.28943200 TP=0.42757000 HWM=0.32890000 entry=0.32890000","timestamp":"2026-06-08T14:14:45.398Z"}
{"level":"debug","message":"[LIVE] BNB/USDC: checkRisk price=601.28000000 SL=573.78100000 TP=676.45760000 HWM=603.98000000 entry=603.98000000","timestamp":"2026-06-08T14:14:45.670Z"}
{"level":"debug","message":"[RISK-LOOP] checking 2 open position(s)","timestamp":"2026-06-08T14:16:44.961Z"}
{"level":"debug","message":"[LIVE] TRX/USDC: checkRisk price=0.32650000 SL=0.28943200 TP=0.42757000 HWM=0.32890000 entry=0.32890000","timestamp":"2026-06-08T14:16:45.409Z"}
{"level":"debug","message":"[LIVE] BNB/USDC: checkRisk price=600.45000000 SL=573.78100000 TP=676.45760000 HWM=603.98000000 entry=603.98000000","timestamp":"2026-06-08T14:16:45.674Z"}
{"level":"info","message":"[MTF-CACHE] 15m refresh complete: 37/37 symbols","timestamp":"2026-06-08T14:18:00.083Z"}
{"level":"debug","message":"[RISK-LOOP] checking 2 open position(s)","timestamp":"2026-06-08T14:18:44.969Z"}
{"level":"debug","message":"[LIVE] TRX/USDC: checkRisk price=0.32660000 SL=0.28943200 TP=0.42757000 HWM=0.32890000 entry=0.32890000","timestamp":"2026-06-08T14:18:45.413Z"}
{"level":"debug","message":"[LIVE] BNB/USDC: checkRisk price=600.24000000 SL=573.78100000 TP=676.45760000 HWM=603.98000000 entry=603.98000000","timestamp":"2026-06-08T14:18:45.680Z"}
{"level":"debug","message":"[RISK-LOOP] checking 2 open position(s)","timestamp":"2026-06-08T14:20:44.943Z"}
{"level":"debug","message":"[LIVE] TRX/USDC: checkRisk price=0.32670000 SL=0.28943200 TP=0.42757000 HWM=0.32890000 entry=0.32890000","timestamp":"2026-06-08T14:20:45.389Z"}
{"level":"debug","message":"[LIVE] BNB/USDC: checkRisk price=601.05000000 SL=573.78100000 TP=676.45760000 HWM=603.98000000 entry=603.98000000","timestamp":"2026-06-08T14:20:45.656Z"}
{"level":"debug","message":"[RISK-LOOP] checking 2 open position(s)","timestamp":"2026-06-08T14:22:45.128Z"}
{"level":"debug","message":"[LIVE] TRX/USDC: checkRisk price=0.32660000 SL=0.28943200 TP=0.42757000 HWM=0.32890000 entry=0.32890000","timestamp":"2026-06-08T14:22:45.571Z"}
{"level":"debug","message":"[LIVE] BNB/USDC: checkRisk price=600.75000000 SL=573.78100000 TP=676.45760000 HWM=603.98000000 entry=603.98000000","timestamp":"2026-06-08T14:22:45.837Z"}
{"level":"debug","message":"[RISK-LOOP] checking 2 open position(s)","timestamp":"2026-06-08T14:24:44.959Z"}
{"level":"debug","message":"[LIVE] TRX/USDC: checkRisk price=0.32650000 SL=0.28943200 TP=0.42757000 HWM=0.32890000 entry=0.32890000","timestamp":"2026-06-08T14:24:45.407Z"}
{"level":"debug","message":"[LIVE] BNB/USDC: checkRisk price=601.24000000 SL=573.78100000 TP=676.45760000 HWM=603.98000000 entry=603.98000000","timestamp":"2026-06-08T14:24:45.674Z"}
{"level":"debug","message":"[RISK-LOOP] checking 2 open position(s)","timestamp":"2026-06-08T14:26:44.958Z"}
{"level":"debug","message":"[LIVE] TRX/USDC: checkRisk price=0.32650000 SL=0.28943200 TP=0.42757000 HWM=0.32890000 entry=0.32890000","timestamp":"2026-06-08T14:26:45.404Z"}
{"level":"debug","message":"[LIVE] BNB/USDC: checkRisk price=600.72000000 SL=573.78100000 TP=676.45760000 HWM=603.98000000 entry=603.98000000","timestamp":"2026-06-08T14:26:45.671Z"}
{"level":"debug","message":"[RISK-LOOP] checking 2 open position(s)","timestamp":"2026-06-08T14:28:44.964Z"}
{"level":"debug","message":"[LIVE] TRX/USDC: checkRisk price=0.32650000 SL=0.28943200 TP=0.42757000 HWM=0.32890000 entry=0.32890000","timestamp":"2026-06-08T14:28:45.408Z"}
{"level":"debug","message":"[LIVE] BNB/USDC: checkRisk price=601.04000000 SL=573.78100000 TP=676.45760000 HWM=603.98000000 entry=603.98000000","timestamp":"2026-06-08T14:28:45.674Z"}
{"level":"debug","message":"[RISK-LOOP] checking 2 open position(s)","timestamp":"2026-06-08T14:30:44.963Z"}
{"level":"debug","message":"[LIVE] TRX/USDC: checkRisk price=0.32660000 SL=0.28943200 TP=0.42757000 HWM=0.32890000 entry=0.32890000","timestamp":"2026-06-08T14:30:45.408Z"}
{"level":"debug","message":"[LIVE] BNB/USDC: checkRisk price=601.49000000 SL=573.78100000 TP=676.45760000 HWM=603.98000000 entry=603.98000000","timestamp":"2026-06-08T14:30:45.675Z"}
{"level":"debug","message":"[RISK-LOOP] checking 2 open position(s)","timestamp":"2026-06-08T14:32:45.143Z"}
{"level":"debug","message":"[LIVE] TRX/USDC: checkRisk price=0.32690000 SL=0.28943200 TP=0.42757000 HWM=0.32890000 entry=0.32890000","timestamp":"2026-06-08T14:32:45.591Z"}
{"level":"debug","message":"[LIVE] BNB/USDC: checkRisk price=601.66000000 SL=573.78100000 TP=676.45760000 HWM=603.98000000 entry=603.98000000","timestamp":"2026-06-08T14:32:45.859Z"}
{"level":"info","message":"[MTF-CACHE] 15m refresh complete: 37/37 symbols","timestamp":"2026-06-08T14:33:00.081Z"}
{"level":"debug","message":"[RISK-LOOP] checking 2 open position(s)","timestamp":"2026-06-08T14:34:44.951Z"}
{"level":"debug","message":"[LIVE] TRX/USDC: checkRisk price=0.32660000 SL=0.28943200 TP=0.42757000 HWM=0.32890000 entry=0.32890000","timestamp":"2026-06-08T14:34:45.395Z"}
{"level":"debug","message":"[LIVE] BNB/USDC: checkRisk price=601.90000000 SL=573.78100000 TP=676.45760000 HWM=603.98000000 entry=603.98000000","timestamp":"2026-06-08T14:34:45.661Z"}
{"level":"debug","message":"[RISK-LOOP] checking 2 open position(s)","timestamp":"2026-06-08T14:36:44.959Z"}
{"level":"debug","message":"[LIVE] TRX/USDC: checkRisk price=0.32660000 SL=0.28943200 TP=0.42757000 HWM=0.32890000 entry=0.32890000","timestamp":"2026-06-08T14:36:45.406Z"}
{"level":"debug","message":"[LIVE] BNB/USDC: checkRisk price=601.82000000 SL=573.78100000 TP=676.45760000 HWM=603.98000000 entry=603.98000000","timestamp":"2026-06-08T14:36:45.672Z"}
{"level":"debug","message":"[RISK-LOOP] checking 2 open position(s)","timestamp":"2026-06-08T14:38:44.959Z"}
{"level":"debug","message":"[LIVE] TRX/USDC: checkRisk price=0.32670000 SL=0.28943200 TP=0.42757000 HWM=0.32890000 entry=0.32890000","timestamp":"2026-06-08T14:38:45.403Z"}
{"level":"debug","message":"[LIVE] BNB/USDC: checkRisk price=601.12000000 SL=573.78100000 TP=676.45760000 HWM=603.98000000 entry=603.98000000","timestamp":"2026-06-08T14:38:45.666Z"}
{"level":"debug","message":"[RISK-LOOP] checking 2 open position(s)","timestamp":"2026-06-08T14:40:44.957Z"}
{"level":"debug","message":"[LIVE] TRX/USDC: checkRisk price=0.32680000 SL=0.28943200 TP=0.42757000 HWM=0.32890000 entry=0.32890000","timestamp":"2026-06-08T14:40:45.404Z"}
{"level":"debug","message":"[LIVE] BNB/USDC: checkRisk price=600.87000000 SL=573.78100000 TP=676.45760000 HWM=603.98000000 entry=603.98000000","timestamp":"2026-06-08T14:40:45.665Z"}
{"level":"debug","message":"[RISK-LOOP] checking 2 open position(s)","timestamp":"2026-06-08T14:42:45.137Z"}
{"level":"debug","message":"[LIVE] TRX/USDC: checkRisk price=0.32640000 SL=0.28943200 TP=0.42757000 HWM=0.32890000 entry=0.32890000","timestamp":"2026-06-08T14:42:45.580Z"}
{"level":"debug","message":"[LIVE] BNB/USDC: checkRisk price=600.27000000 SL=573.78100000 TP=676.45760000 HWM=603.98000000 entry=603.98000000","timestamp":"2026-06-08T14:42:45.845Z"}
{"level":"debug","message":"[RISK-LOOP] checking 2 open position(s)","timestamp":"2026-06-08T14:44:44.976Z"}
{"level":"debug","message":"[LIVE] TRX/USDC: checkRisk price=0.32640000 SL=0.28943200 TP=0.42757000 HWM=0.32890000 entry=0.32890000","timestamp":"2026-06-08T14:44:45.425Z"}
{"level":"debug","message":"[LIVE] BNB/USDC: checkRisk price=601.12000000 SL=573.78100000 TP=676.45760000 HWM=603.98000000 entry=603.98000000","timestamp":"2026-06-08T14:44:45.693Z"}
{"level":"debug","message":"[RISK-LOOP] checking 2 open position(s)","timestamp":"2026-06-08T14:46:44.963Z"}
{"level":"debug","message":"[LIVE] TRX/USDC: checkRisk price=0.32640000 SL=0.28943200 TP=0.42757000 HWM=0.32890000 entry=0.32890000","timestamp":"2026-06-08T14:46:45.407Z"}
{"level":"debug","message":"[LIVE] BNB/USDC: checkRisk price=601.53000000 SL=573.78100000 TP=676.45760000 HWM=603.98000000 entry=603.98000000","timestamp":"2026-06-08T14:46:45.677Z"}
{"level":"info","message":"[MTF-CACHE] 15m refresh complete: 37/37 symbols","timestamp":"2026-06-08T14:48:00.043Z"}
{"level":"debug","message":"[RISK-LOOP] checking 2 open position(s)","timestamp":"2026-06-08T14:48:44.974Z"}
{"level":"debug","message":"[LIVE] TRX/USDC: checkRisk price=0.32640000 SL=0.28943200 TP=0.42757000 HWM=0.32890000 entry=0.32890000","timestamp":"2026-06-08T14:48:45.421Z"}
{"level":"debug","message":"[LIVE] BNB/USDC: checkRisk price=601.35000000 SL=573.78100000 TP=676.45760000 HWM=603.98000000 entry=603.98000000","timestamp":"2026-06-08T14:48:45.687Z"}
{"level":"debug","message":"[RISK-LOOP] checking 2 open position(s)","timestamp":"2026-06-08T14:50:44.964Z"}
{"level":"debug","message":"[LIVE] TRX/USDC: checkRisk price=0.32650000 SL=0.28943200 TP=0.42757000 HWM=0.32890000 entry=0.32890000","timestamp":"2026-06-08T14:50:45.411Z"}
{"level":"debug","message":"[LIVE] BNB/USDC: checkRisk price=600.78000000 SL=573.78100000 TP=676.45760000 HWM=603.98000000 entry=603.98000000","timestamp":"2026-06-08T14:50:45.678Z"}
{"level":"debug","message":"[RISK-LOOP] checking 2 open position(s)","timestamp":"2026-06-08T14:52:44.978Z"}
{"level":"debug","message":"[LIVE] TRX/USDC: checkRisk price=0.32630000 SL=0.28943200 TP=0.42757000 HWM=0.32890000 entry=0.32890000","timestamp":"2026-06-08T14:52:45.423Z"}
{"level":"debug","message":"[LIVE] BNB/USDC: checkRisk price=601.79000000 SL=573.78100000 TP=676.45760000 HWM=603.98000000 entry=603.98000000","timestamp":"2026-06-08T14:52:45.687Z"}
{"level":"debug","message":"[RISK-LOOP] checking 2 open position(s)","timestamp":"2026-06-08T14:54:44.975Z"}
{"level":"debug","message":"[LIVE] TRX/USDC: checkRisk price=0.32620000 SL=0.28943200 TP=0.42757000 HWM=0.32890000 entry=0.32890000","timestamp":"2026-06-08T14:54:45.421Z"}
{"level":"debug","message":"[LIVE] BNB/USDC: checkRisk price=601.24000000 SL=573.78100000 TP=676.45760000 HWM=603.98000000 entry=603.98000000","timestamp":"2026-06-08T14:54:45.687Z"}
{"level":"debug","message":"[RISK-LOOP] checking 2 open position(s)","timestamp":"2026-06-08T14:56:44.971Z"}
{"level":"debug","message":"[LIVE] TRX/USDC: checkRisk price=0.32630000 SL=0.28943200 TP=0.42757000 HWM=0.32890000 entry=0.32890000","timestamp":"2026-06-08T14:56:45.422Z"}
{"level":"debug","message":"[LIVE] BNB/USDC: checkRisk price=602.15000000 SL=573.78100000 TP=676.45760000 HWM=603.98000000 entry=603.98000000","timestamp":"2026-06-08T14:56:45.687Z"}
{"level":"debug","message":"[RISK-LOOP] checking 2 open position(s)","timestamp":"2026-06-08T14:58:44.965Z"}
{"level":"debug","message":"[LIVE] TRX/USDC: checkRisk price=0.32640000 SL=0.28943200 TP=0.42757000 HWM=0.32890000 entry=0.32890000","timestamp":"2026-06-08T14:58:45.412Z"}
{"level":"debug","message":"[LIVE] BNB/USDC: checkRisk price=602.79000000 SL=573.78100000 TP=676.45760000 HWM=603.98000000 entry=603.98000000","timestamp":"2026-06-08T14:58:45.678Z"}
{"level":"debug","message":"[RISK-LOOP] checking 2 open position(s)","timestamp":"2026-06-08T15:00:44.966Z"}
{"level":"debug","message":"[LIVE] TRX/USDC: checkRisk price=0.32650000 SL=0.28943200 TP=0.42757000 HWM=0.32890000 entry=0.32890000","timestamp":"2026-06-08T15:00:45.412Z"}
{"level":"debug","message":"[LIVE] BNB/USDC: checkRisk price=603.16000000 SL=573.78100000 TP=676.45760000 HWM=603.98000000 entry=603.98000000","timestamp":"2026-06-08T15:00:45.680Z"}
{"level":"debug","message":"[RISK-LOOP] checking 2 open position(s)","timestamp":"2026-06-08T15:02:44.980Z"}
{"level":"debug","message":"[LIVE] TRX/USDC: checkRisk price=0.32650000 SL=0.28943200 TP=0.42757000 HWM=0.32890000 entry=0.32890000","timestamp":"2026-06-08T15:02:45.427Z"}
{"level":"debug","message":"[LIVE] BNB/USDC: checkRisk price=604.32000000 SL=573.78100000 TP=676.45760000 HWM=603.98000000 entry=603.98000000","timestamp":"2026-06-08T15:02:45.693Z"}
{"level":"info","message":"[MTF-CACHE] 15m refresh complete: 37/37 symbols","timestamp":"2026-06-08T15:03:00.048Z"}
{"level":"debug","message":"[RISK-LOOP] checking 2 open position(s)","timestamp":"2026-06-08T15:04:44.983Z"}
{"level":"debug","message":"[LIVE] TRX/USDC: checkRisk price=0.32660000 SL=0.28943200 TP=0.42757000 HWM=0.32890000 entry=0.32890000","timestamp":"2026-06-08T15:04:45.431Z"}
{"level":"debug","message":"[LIVE] BNB/USDC: checkRisk price=603.76000000 SL=573.78100000 TP=676.45760000 HWM=603.98000000 entry=603.98000000","timestamp":"2026-06-08T15:04:45.698Z"}
{"level":"debug","message":"[RISK-LOOP] checking 2 open position(s)","timestamp":"2026-06-08T15:06:44.978Z"}
{"level":"debug","message":"[LIVE] TRX/USDC: checkRisk price=0.32650000 SL=0.28943200 TP=0.42757000 HWM=0.32890000 entry=0.32890000","timestamp":"2026-06-08T15:06:45.427Z"}
{"level":"debug","message":"[LIVE] BNB/USDC: checkRisk price=604.62000000 SL=573.78100000 TP=676.45760000 HWM=603.98000000 entry=603.98000000","timestamp":"2026-06-08T15:06:45.694Z"}
{"level":"debug","message":"[RISK-LOOP] checking 2 open position(s)","timestamp":"2026-06-08T15:08:44.990Z"}
{"level":"debug","message":"[LIVE] TRX/USDC: checkRisk price=0.32650000 SL=0.28943200 TP=0.42757000 HWM=0.32890000 entry=0.32890000","timestamp":"2026-06-08T15:08:45.442Z"}
{"level":"debug","message":"[LIVE] BNB/USDC: checkRisk price=604.64000000 SL=573.78100000 TP=676.45760000 HWM=603.98000000 entry=603.98000000","timestamp":"2026-06-08T15:08:45.710Z"}
{"level":"debug","message":"[RISK-LOOP] checking 2 open position(s)","timestamp":"2026-06-08T15:10:44.986Z"}
{"level":"debug","message":"[LIVE] TRX/USDC: checkRisk price=0.32660000 SL=0.28943200 TP=0.42757000 HWM=0.32890000 entry=0.32890000","timestamp":"2026-06-08T15:10:45.434Z"}
{"level":"debug","message":"[LIVE] BNB/USDC: checkRisk price=605.12000000 SL=573.78100000 TP=676.45760000 HWM=603.98000000 entry=603.98000000","timestamp":"2026-06-08T15:10:45.703Z"}
{"level":"debug","message":"[RISK-LOOP] checking 2 open position(s)","timestamp":"2026-06-08T15:12:44.981Z"}
{"level":"debug","message":"[LIVE] TRX/USDC: checkRisk price=0.32710000 SL=0.28943200 TP=0.42757000 HWM=0.32890000 entry=0.32890000","timestamp":"2026-06-08T15:12:45.427Z"}
{"level":"debug","message":"[LIVE] BNB/USDC: checkRisk price=605.82000000 SL=573.78100000 TP=676.45760000 HWM=603.98000000 entry=603.98000000","timestamp":"2026-06-08T15:12:45.694Z"}
{"level":"debug","message":"[RISK-LOOP] checking 2 open position(s)","timestamp":"2026-06-08T15:14:44.972Z"}
{"level":"debug","message":"[LIVE] TRX/USDC: checkRisk price=0.32710000 SL=0.28943200 TP=0.42757000 HWM=0.32890000 entry=0.32890000","timestamp":"2026-06-08T15:14:45.422Z"}
{"level":"debug","message":"[LIVE] BNB/USDC: checkRisk price=605.87000000 SL=573.78100000 TP=676.45760000 HWM=603.98000000 entry=603.98000000","timestamp":"2026-06-08T15:14:45.694Z"}
{"level":"debug","message":"[RISK-LOOP] checking 2 open position(s)","timestamp":"2026-06-08T15:16:44.981Z"}
{"level":"debug","message":"[LIVE] TRX/USDC: checkRisk price=0.32700000 SL=0.28943200 TP=0.42757000 HWM=0.32890000 entry=0.32890000","timestamp":"2026-06-08T15:16:45.429Z"}
{"level":"debug","message":"[LIVE] BNB/USDC: checkRisk price=604.69000000 SL=573.78100000 TP=676.45760000 HWM=603.98000000 entry=603.98000000","timestamp":"2026-06-08T15:16:45.692Z"}
{"level":"info","message":"[MTF-CACHE] 15m refresh complete: 37/37 symbols","timestamp":"2026-06-08T15:18:00.054Z"}
{"level":"debug","message":"[RISK-LOOP] checking 2 open position(s)","timestamp":"2026-06-08T15:18:44.976Z"}
{"level":"debug","message":"[LIVE] TRX/USDC: checkRisk price=0.32690000 SL=0.28943200 TP=0.42757000 HWM=0.32890000 entry=0.32890000","timestamp":"2026-06-08T15:18:45.421Z"}
{"level":"debug","message":"[LIVE] BNB/USDC: checkRisk price=604.69000000 SL=573.78100000 TP=676.45760000 HWM=603.98000000 entry=603.98000000","timestamp":"2026-06-08T15:18:45.688Z"}
{"level":"debug","message":"[RISK-LOOP] checking 2 open position(s)","timestamp":"2026-06-08T15:20:44.982Z"}
{"level":"debug","message":"[LIVE] TRX/USDC: checkRisk price=0.32710000 SL=0.28943200 TP=0.42757000 HWM=0.32890000 entry=0.32890000","timestamp":"2026-06-08T15:20:45.428Z"}
{"level":"debug","message":"[LIVE] BNB/USDC: checkRisk price=605.13000000 SL=573.78100000 TP=676.45760000 HWM=603.98000000 entry=603.98000000","timestamp":"2026-06-08T15:20:45.694Z"}
{"level":"debug","message":"[RISK-LOOP] checking 2 open position(s)","timestamp":"2026-06-08T15:22:44.974Z"}
{"level":"debug","message":"[LIVE] TRX/USDC: checkRisk price=0.32700000 SL=0.28943200 TP=0.42757000 HWM=0.32890000 entry=0.32890000","timestamp":"2026-06-08T15:22:45.417Z"}
{"level":"debug","message":"[LIVE] BNB/USDC: checkRisk price=604.93000000 SL=573.78100000 TP=676.45760000 HWM=603.98000000 entry=603.98000000","timestamp":"2026-06-08T15:22:45.684Z"}
{"level":"debug","message":"[RISK-LOOP] checking 2 open position(s)","timestamp":"2026-06-08T15:24:44.988Z"}
{"level":"debug","message":"[LIVE] TRX/USDC: checkRisk price=0.32700000 SL=0.28943200 TP=0.42757000 HWM=0.32890000 entry=0.32890000","timestamp":"2026-06-08T15:24:45.431Z"}
{"level":"debug","message":"[LIVE] BNB/USDC: checkRisk price=606.01000000 SL=573.78100000 TP=676.45760000 HWM=603.98000000 entry=603.98000000","timestamp":"2026-06-08T15:24:45.695Z"}
{"level":"debug","message":"[RISK-LOOP] checking 2 open position(s)","timestamp":"2026-06-08T15:26:44.976Z"}
{"level":"debug","message":"[LIVE] TRX/USDC: checkRisk price=0.32680000 SL=0.28943200 TP=0.42757000 HWM=0.32890000 entry=0.32890000","timestamp":"2026-06-08T15:26:45.421Z"}
{"level":"debug","message":"[LIVE] BNB/USDC: checkRisk price=605.39000000 SL=573.78100000 TP=676.45760000 HWM=603.98000000 entry=603.98000000","timestamp":"2026-06-08T15:26:45.689Z"}
{"level":"debug","message":"[RISK-LOOP] checking 2 open position(s)","timestamp":"2026-06-08T15:28:44.984Z"}
{"level":"debug","message":"[LIVE] TRX/USDC: checkRisk price=0.32670000 SL=0.28943200 TP=0.42757000 HWM=0.32890000 entry=0.32890000","timestamp":"2026-06-08T15:28:45.427Z"}
{"level":"debug","message":"[LIVE] BNB/USDC: checkRisk price=605.87000000 SL=573.78100000 TP=676.45760000 HWM=603.98000000 entry=603.98000000","timestamp":"2026-06-08T15:28:45.692Z"}
{"level":"debug","message":"[RISK-LOOP] checking 2 open position(s)","timestamp":"2026-06-08T15:30:44.985Z"}
{"level":"debug","message":"[LIVE] TRX/USDC: checkRisk price=0.32650000 SL=0.28943200 TP=0.42757000 HWM=0.32890000 entry=0.32890000","timestamp":"2026-06-08T15:30:45.440Z"}
{"level":"debug","message":"[LIVE] BNB/USDC: checkRisk price=604.16000000 SL=573.78100000 TP=676.45760000 HWM=603.98000000 entry=603.98000000","timestamp":"2026-06-08T15:30:45.706Z"}
{"level":"debug","message":"[RISK-LOOP] checking 2 open position(s)","timestamp":"2026-06-08T15:32:45.029Z"}
{"level":"debug","message":"[LIVE] TRX/USDC: checkRisk price=0.32640000 SL=0.28943200 TP=0.42757000 HWM=0.32890000 entry=0.32890000","timestamp":"2026-06-08T15:32:45.475Z"}
{"level":"debug","message":"[LIVE] BNB/USDC: checkRisk price=604.21000000 SL=573.78100000 TP=676.45760000 HWM=603.98000000 entry=603.98000000","timestamp":"2026-06-08T15:32:45.741Z"}
{"level":"info","message":"[MTF-CACHE] 15m refresh complete: 37/37 symbols","timestamp":"2026-06-08T15:33:00.055Z"}
{"level":"info","message":"[MTF-CACHE] 4h refresh complete: 37/37 symbols","timestamp":"2026-06-08T15:33:00.463Z"}
{"level":"debug","message":"[RISK-LOOP] checking 2 open position(s)","timestamp":"2026-06-08T15:34:44.985Z"}
{"level":"debug","message":"[LIVE] TRX/USDC: checkRisk price=0.32640000 SL=0.28943200 TP=0.42757000 HWM=0.32890000 entry=0.32890000","timestamp":"2026-06-08T15:34:45.433Z"}
{"level":"debug","message":"[LIVE] BNB/USDC: checkRisk price=603.90000000 SL=573.78100000 TP=676.45760000 HWM=603.98000000 entry=603.98000000","timestamp":"2026-06-08T15:34:45.702Z"}
{"level":"debug","message":"[RISK-LOOP] checking 2 open position(s)","timestamp":"2026-06-08T15:36:44.988Z"}
{"level":"debug","message":"[LIVE] TRX/USDC: checkRisk price=0.32650000 SL=0.28943200 TP=0.42757000 HWM=0.32890000 entry=0.32890000","timestamp":"2026-06-08T15:36:45.436Z"}
{"level":"debug","message":"[LIVE] BNB/USDC: checkRisk price=603.66000000 SL=573.78100000 TP=676.45760000 HWM=603.98000000 entry=603.98000000","timestamp":"2026-06-08T15:36:45.700Z"}
{"level":"debug","message":"[RISK-LOOP] checking 2 open position(s)","timestamp":"2026-06-08T15:38:44.978Z"}
{"level":"debug","message":"[LIVE] TRX/USDC: checkRisk price=0.32660000 SL=0.28943200 TP=0.42757000 HWM=0.32890000 entry=0.32890000","timestamp":"2026-06-08T15:38:45.423Z"}
{"level":"debug","message":"[LIVE] BNB/USDC: checkRisk price=604.75000000 SL=573.78100000 TP=676.45760000 HWM=603.98000000 entry=603.98000000","timestamp":"2026-06-08T15:38:45.688Z"}
{"level":"debug","message":"[RISK-LOOP] checking 2 open position(s)","timestamp":"2026-06-08T15:40:45.038Z"}
{"level":"debug","message":"[LIVE] TRX/USDC: checkRisk price=0.32650000 SL=0.28943200 TP=0.42757000 HWM=0.32890000 entry=0.32890000","timestamp":"2026-06-08T15:40:45.483Z"}
{"level":"debug","message":"[LIVE] BNB/USDC: checkRisk price=604.08000000 SL=573.78100000 TP=676.45760000 HWM=603.98000000 entry=603.98000000","timestamp":"2026-06-08T15:40:45.751Z"}
{"level":"debug","message":"[RISK-LOOP] checking 2 open position(s)","timestamp":"2026-06-08T15:42:45.156Z"}
{"level":"debug","message":"[LIVE] TRX/USDC: checkRisk price=0.32650000 SL=0.28943200 TP=0.42757000 HWM=0.32890000 entry=0.32890000","timestamp":"2026-06-08T15:42:45.420Z"}
{"level":"debug","message":"[LIVE] BNB/USDC: checkRisk price=603.84000000 SL=573.78100000 TP=676.45760000 HWM=603.98000000 entry=603.98000000","timestamp":"2026-06-08T15:42:45.686Z"}
{"level":"debug","message":"[RISK-LOOP] checking 2 open position(s)","timestamp":"2026-06-08T15:44:45.176Z"}
{"level":"debug","message":"[LIVE] TRX/USDC: checkRisk price=0.32650000 SL=0.28943200 TP=0.42757000 HWM=0.32890000 entry=0.32890000","timestamp":"2026-06-08T15:44:45.620Z"}
{"level":"debug","message":"[LIVE] BNB/USDC: checkRisk price=604.50000000 SL=573.78100000 TP=676.45760000 HWM=603.98000000 entry=603.98000000","timestamp":"2026-06-08T15:44:45.888Z"}
{"level":"debug","message":"[RISK-LOOP] checking 2 open position(s)","timestamp":"2026-06-08T15:46:45.162Z"}
{"level":"debug","message":"[LIVE] TRX/USDC: checkRisk price=0.32660000 SL=0.28943200 TP=0.42757000 HWM=0.32890000 entry=0.32890000","timestamp":"2026-06-08T15:46:45.427Z"}
{"level":"debug","message":"[LIVE] BNB/USDC: checkRisk price=604.57000000 SL=573.78100000 TP=676.45760000 HWM=603.98000000 entry=603.98000000","timestamp":"2026-06-08T15:46:45.693Z"}
{"level":"info","message":"[MTF-CACHE] 15m refresh complete: 37/37 symbols","timestamp":"2026-06-08T15:48:00.216Z"}
{"level":"debug","message":"[RISK-LOOP] checking 2 open position(s)","timestamp":"2026-06-08T15:48:45.167Z"}
{"level":"debug","message":"[LIVE] TRX/USDC: checkRisk price=0.32660000 SL=0.28943200 TP=0.42757000 HWM=0.32890000 entry=0.32890000","timestamp":"2026-06-08T15:48:45.430Z"}
{"level":"debug","message":"[LIVE] BNB/USDC: checkRisk price=604.57000000 SL=573.78100000 TP=676.45760000 HWM=603.98000000 entry=603.98000000","timestamp":"2026-06-08T15:48:45.696Z"}
{"level":"debug","message":"[RISK-LOOP] checking 2 open position(s)","timestamp":"2026-06-08T15:50:45.168Z"}
{"level":"debug","message":"[LIVE] TRX/USDC: checkRisk price=0.32640000 SL=0.28943200 TP=0.42757000 HWM=0.32890000 entry=0.32890000","timestamp":"2026-06-08T15:50:45.432Z"}
{"level":"debug","message":"[LIVE] BNB/USDC: checkRisk price=604.52000000 SL=573.78100000 TP=676.45760000 HWM=603.98000000 entry=603.98000000","timestamp":"2026-06-08T15:50:45.698Z"}
{"level":"debug","message":"[RISK-LOOP] checking 2 open position(s)","timestamp":"2026-06-08T15:52:45.287Z"}
{"level":"debug","message":"[LIVE] TRX/USDC: checkRisk price=0.32650000 SL=0.28943200 TP=0.42757000 HWM=0.32890000 entry=0.32890000","timestamp":"2026-06-08T15:52:45.569Z"}
{"level":"debug","message":"[LIVE] BNB/USDC: checkRisk price=605.24000000 SL=573.78100000 TP=676.45760000 HWM=603.98000000 entry=603.98000000","timestamp":"2026-06-08T15:52:45.834Z"}
{"level":"debug","message":"[RISK-LOOP] checking 2 open position(s)","timestamp":"2026-06-08T15:54:45.168Z"}
{"level":"debug","message":"[LIVE] TRX/USDC: checkRisk price=0.32640000 SL=0.28943200 TP=0.42757000 HWM=0.32890000 entry=0.32890000","timestamp":"2026-06-08T15:54:45.463Z"}
{"level":"debug","message":"[LIVE] BNB/USDC: checkRisk price=604.41000000 SL=573.78100000 TP=676.45760000 HWM=603.98000000 entry=603.98000000","timestamp":"2026-06-08T15:54:45.727Z"}
{"level":"debug","message":"[RISK-LOOP] checking 2 open position(s)","timestamp":"2026-06-08T15:56:44.990Z"}
{"level":"debug","message":"[LIVE] TRX/USDC: checkRisk price=0.32640000 SL=0.28943200 TP=0.42757000 HWM=0.32890000 entry=0.32890000","timestamp":"2026-06-08T15:56:45.437Z"}
{"level":"debug","message":"[LIVE] BNB/USDC: checkRisk price=604.41000000 SL=573.78100000 TP=676.45760000 HWM=603.98000000 entry=603.98000000","timestamp":"2026-06-08T15:56:45.705Z"}
{"level":"debug","message":"[RISK-LOOP] checking 2 open position(s)","timestamp":"2026-06-08T15:58:44.985Z"}
{"level":"debug","message":"[LIVE] TRX/USDC: checkRisk price=0.32630000 SL=0.28943200 TP=0.42757000 HWM=0.32890000 entry=0.32890000","timestamp":"2026-06-08T15:58:45.457Z"}
{"level":"debug","message":"[LIVE] BNB/USDC: checkRisk price=603.96000000 SL=573.78100000 TP=676.45760000 HWM=603.98000000 entry=603.98000000","timestamp":"2026-06-08T15:58:45.723Z"}
{"level":"debug","message":"[RISK-LOOP] checking 2 open position(s)","timestamp":"2026-06-08T16:00:44.996Z"}
{"level":"debug","message":"[LIVE] TRX/USDC: checkRisk price=0.32570000 SL=0.28943200 TP=0.42757000 HWM=0.32890000 entry=0.32890000","timestamp":"2026-06-08T16:00:45.525Z"}
{"level":"debug","message":"[LIVE] BNB/USDC: checkRisk price=603.78000000 SL=573.78100000 TP=676.45760000 HWM=603.98000000 entry=603.98000000","timestamp":"2026-06-08T16:00:45.791Z"}
{"level":"debug","message":"[RISK-LOOP] checking 2 open position(s)","timestamp":"2026-06-08T16:02:45.162Z"}
{"level":"debug","message":"[LIVE] TRX/USDC: checkRisk price=0.32580000 SL=0.28943200 TP=0.42757000 HWM=0.32890000 entry=0.32890000","timestamp":"2026-06-08T16:02:45.608Z"}
{"level":"debug","message":"[LIVE] BNB/USDC: checkRisk price=604.10000000 SL=573.78100000 TP=676.45760000 HWM=603.98000000 entry=603.98000000","timestamp":"2026-06-08T16:02:45.876Z"}
{"level":"info","message":"[MTF-CACHE] 15m refresh complete: 37/37 symbols","timestamp":"2026-06-08T16:03:00.682Z"}
{"level":"debug","message":"[RISK-LOOP] checking 2 open position(s)","timestamp":"2026-06-08T16:04:44.999Z"}
{"level":"debug","message":"[LIVE] TRX/USDC: checkRisk price=0.32580000 SL=0.28943200 TP=0.42757000 HWM=0.32890000 entry=0.32890000","timestamp":"2026-06-08T16:04:45.445Z"}
{"level":"debug","message":"[LIVE] BNB/USDC: checkRisk price=604.56000000 SL=573.78100000 TP=676.45760000 HWM=603.98000000 entry=603.98000000","timestamp":"2026-06-08T16:04:45.894Z"}
{"level":"debug","message":"[RISK-LOOP] checking 2 open position(s)","timestamp":"2026-06-08T16:06:44.991Z"}
{"level":"debug","message":"[LIVE] TRX/USDC: checkRisk price=0.32600000 SL=0.28943200 TP=0.42757000 HWM=0.32890000 entry=0.32890000","timestamp":"2026-06-08T16:06:45.439Z"}
{"level":"debug","message":"[LIVE] BNB/USDC: checkRisk price=605.20000000 SL=573.78100000 TP=676.45760000 HWM=603.98000000 entry=603.98000000","timestamp":"2026-06-08T16:06:45.886Z"}
{"level":"debug","message":"[RISK-LOOP] checking 2 open position(s)","timestamp":"2026-06-08T16:08:44.990Z"}
{"level":"debug","message":"[LIVE] TRX/USDC: checkRisk price=0.32610000 SL=0.28943200 TP=0.42757000 HWM=0.32890000 entry=0.32890000","timestamp":"2026-06-08T16:08:45.439Z"}
{"level":"debug","message":"[LIVE] BNB/USDC: checkRisk price=604.75000000 SL=573.78100000 TP=676.45760000 HWM=603.98000000 entry=603.98000000","timestamp":"2026-06-08T16:08:45.886Z"}
{"level":"debug","message":"[RISK-LOOP] checking 2 open position(s)","timestamp":"2026-06-08T16:10:45.005Z"}
{"level":"debug","message":"[LIVE] TRX/USDC: checkRisk price=0.32610000 SL=0.28943200 TP=0.42757000 HWM=0.32890000 entry=0.32890000","timestamp":"2026-06-08T16:10:45.451Z"}
{"level":"debug","message":"[LIVE] BNB/USDC: checkRisk price=604.75000000 SL=573.78100000 TP=676.45760000 HWM=603.98000000 entry=603.98000000","timestamp":"2026-06-08T16:10:45.896Z"}
{"level":"debug","message":"[RISK-LOOP] checking 2 open position(s)","timestamp":"2026-06-08T16:12:45.177Z"}
{"level":"debug","message":"[LIVE] TRX/USDC: checkRisk price=0.32620000 SL=0.28943200 TP=0.42757000 HWM=0.32890000 entry=0.32890000","timestamp":"2026-06-08T16:12:45.625Z"}
{"level":"debug","message":"[LIVE] BNB/USDC: checkRisk price=605.91000000 SL=573.78100000 TP=676.45760000 HWM=603.98000000 entry=603.98000000","timestamp":"2026-06-08T16:12:46.073Z"}
{"level":"debug","message":"[RISK-LOOP] checking 2 open position(s)","timestamp":"2026-06-08T16:14:45.014Z"}
{"level":"debug","message":"[LIVE] TRX/USDC: checkRisk price=0.32610000 SL=0.28943200 TP=0.42757000 HWM=0.32890000 entry=0.32890000","timestamp":"2026-06-08T16:14:45.460Z"}
{"level":"debug","message":"[LIVE] BNB/USDC: checkRisk price=605.23000000 SL=573.78100000 TP=676.45760000 HWM=603.98000000 entry=603.98000000","timestamp":"2026-06-08T16:14:45.908Z"}
{"level":"debug","message":"[RISK-LOOP] checking 2 open position(s)","timestamp":"2026-06-08T16:16:45.003Z"}
{"level":"debug","message":"[LIVE] TRX/USDC: checkRisk price=0.32600000 SL=0.28943200 TP=0.42757000 HWM=0.32890000 entry=0.32890000","timestamp":"2026-06-08T16:16:45.448Z"}
{"level":"debug","message":"[LIVE] BNB/USDC: checkRisk price=606.31000000 SL=573.78100000 TP=676.45760000 HWM=603.98000000 entry=603.98000000","timestamp":"2026-06-08T16:16:45.895Z"}
{"level":"info","message":"[MTF-CACHE] 15m refresh complete: 37/37 symbols","timestamp":"2026-06-08T16:18:00.048Z"}
{"level":"debug","message":"[RISK-LOOP] checking 2 open position(s)","timestamp":"2026-06-08T16:18:45.009Z"}
{"level":"debug","message":"[LIVE] TRX/USDC: checkRisk price=0.32620000 SL=0.28943200 TP=0.42757000 HWM=0.32890000 entry=0.32890000","timestamp":"2026-06-08T16:18:45.458Z"}
{"level":"debug","message":"[LIVE] BNB/USDC: checkRisk price=607.23000000 SL=573.78100000 TP=676.45760000 HWM=603.98000000 entry=603.98000000","timestamp":"2026-06-08T16:18:45.916Z"}
{"level":"debug","message":"[RISK-LOOP] checking 2 open position(s)","timestamp":"2026-06-08T16:20:45.014Z"}
{"level":"debug","message":"[LIVE] TRX/USDC: checkRisk price=0.32630000 SL=0.28943200 TP=0.42757000 HWM=0.32890000 entry=0.32890000","timestamp":"2026-06-08T16:20:45.459Z"}
{"level":"debug","message":"[LIVE] BNB/USDC: checkRisk price=606.79000000 SL=573.78100000 TP=676.45760000 HWM=603.98000000 entry=603.98000000","timestamp":"2026-06-08T16:20:45.722Z"}
{"level":"debug","message":"[RISK-LOOP] checking 2 open position(s)","timestamp":"2026-06-08T16:22:45.187Z"}
{"level":"debug","message":"[LIVE] TRX/USDC: checkRisk price=0.32630000 SL=0.28943200 TP=0.42757000 HWM=0.32890000 entry=0.32890000","timestamp":"2026-06-08T16:22:45.632Z"}
{"level":"debug","message":"[LIVE] BNB/USDC: checkRisk price=606.89000000 SL=573.78100000 TP=676.45760000 HWM=603.98000000 entry=603.98000000","timestamp":"2026-06-08T16:22:46.077Z"}
{"level":"debug","message":"[RISK-LOOP] checking 2 open position(s)","timestamp":"2026-06-08T16:24:45.016Z"}
{"level":"debug","message":"[LIVE] TRX/USDC: checkRisk price=0.32630000 SL=0.28943200 TP=0.42757000 HWM=0.32890000 entry=0.32890000","timestamp":"2026-06-08T16:24:45.464Z"}
{"level":"debug","message":"[LIVE] BNB/USDC: checkRisk price=607.46000000 SL=573.78100000 TP=676.45760000 HWM=603.98000000 entry=603.98000000","timestamp":"2026-06-08T16:24:45.729Z"}
{"level":"debug","message":"[RISK-LOOP] checking 2 open position(s)","timestamp":"2026-06-08T16:26:45.019Z"}
{"level":"debug","message":"[LIVE] TRX/USDC: checkRisk price=0.32630000 SL=0.28943200 TP=0.42757000 HWM=0.32890000 entry=0.32890000","timestamp":"2026-06-08T16:26:45.462Z"}
{"level":"debug","message":"[LIVE] BNB/USDC: checkRisk price=607.25000000 SL=573.78100000 TP=676.45760000 HWM=603.98000000 entry=603.98000000","timestamp":"2026-06-08T16:26:45.727Z"}
{"level":"debug","message":"[RISK-LOOP] checking 2 open position(s)","timestamp":"2026-06-08T16:28:45.022Z"}
{"level":"debug","message":"[LIVE] TRX/USDC: checkRisk price=0.32620000 SL=0.28943200 TP=0.42757000 HWM=0.32890000 entry=0.32890000","timestamp":"2026-06-08T16:28:45.470Z"}
{"level":"debug","message":"[LIVE] BNB/USDC: checkRisk price=606.46000000 SL=573.78100000 TP=676.45760000 HWM=603.98000000 entry=603.98000000","timestamp":"2026-06-08T16:28:45.735Z"}
{"level":"debug","message":"[RISK-LOOP] checking 2 open position(s)","timestamp":"2026-06-08T16:30:45.026Z"}
{"level":"debug","message":"[LIVE] TRX/USDC: checkRisk price=0.32610000 SL=0.28943200 TP=0.42757000 HWM=0.32890000 entry=0.32890000","timestamp":"2026-06-08T16:30:45.469Z"}
{"level":"debug","message":"[LIVE] BNB/USDC: checkRisk price=606.15000000 SL=573.78100000 TP=676.45760000 HWM=603.98000000 entry=603.98000000","timestamp":"2026-06-08T16:30:45.734Z"}
{"level":"debug","message":"[RISK-LOOP] checking 2 open position(s)","timestamp":"2026-06-08T16:32:45.202Z"}
{"level":"debug","message":"[LIVE] TRX/USDC: checkRisk price=0.32600000 SL=0.28943200 TP=0.42757000 HWM=0.32890000 entry=0.32890000","timestamp":"2026-06-08T16:32:45.648Z"}
{"level":"debug","message":"[LIVE] BNB/USDC: checkRisk price=605.90000000 SL=573.78100000 TP=676.45760000 HWM=603.98000000 entry=603.98000000","timestamp":"2026-06-08T16:32:45.912Z"}
{"level":"info","message":"[MTF-CACHE] 15m refresh complete: 37/37 symbols","timestamp":"2026-06-08T16:33:00.025Z"}
{"level":"debug","message":"[RISK-LOOP] checking 2 open position(s)","timestamp":"2026-06-08T16:34:45.030Z"}
{"level":"debug","message":"[LIVE] TRX/USDC: checkRisk price=0.32610000 SL=0.28943200 TP=0.42757000 HWM=0.32890000 entry=0.32890000","timestamp":"2026-06-08T16:34:45.473Z"}
{"level":"debug","message":"[LIVE] BNB/USDC: checkRisk price=605.05000000 SL=573.78100000 TP=676.45760000 HWM=603.98000000 entry=603.98000000","timestamp":"2026-06-08T16:34:45.738Z"}
{"level":"debug","message":"[RISK-LOOP] checking 2 open position(s)","timestamp":"2026-06-08T16:36:45.014Z"}
{"level":"debug","message":"[LIVE] TRX/USDC: checkRisk price=0.32600000 SL=0.28943200 TP=0.42757000 HWM=0.32890000 entry=0.32890000","timestamp":"2026-06-08T16:36:45.460Z"}
{"level":"debug","message":"[LIVE] BNB/USDC: checkRisk price=605.11000000 SL=573.78100000 TP=676.45760000 HWM=603.98000000 entry=603.98000000","timestamp":"2026-06-08T16:36:45.727Z"}
{"level":"debug","message":"[RISK-LOOP] checking 2 open position(s)","timestamp":"2026-06-08T16:38:45.024Z"}
{"level":"debug","message":"[LIVE] TRX/USDC: checkRisk price=0.32600000 SL=0.28943200 TP=0.42757000 HWM=0.32890000 entry=0.32890000","timestamp":"2026-06-08T16:38:45.468Z"}
{"level":"debug","message":"[LIVE] BNB/USDC: checkRisk price=604.73000000 SL=573.78100000 TP=676.45760000 HWM=603.98000000 entry=603.98000000","timestamp":"2026-06-08T16:38:45.732Z"}
{"level":"debug","message":"[RISK-LOOP] checking 2 open position(s)","timestamp":"2026-06-08T16:40:45.026Z"}
{"level":"debug","message":"[LIVE] TRX/USDC: checkRisk price=0.32600000 SL=0.28943200 TP=0.42757000 HWM=0.32890000 entry=0.32890000","timestamp":"2026-06-08T16:40:45.473Z"}
{"level":"debug","message":"[LIVE] BNB/USDC: checkRisk price=605.12000000 SL=573.78100000 TP=676.45760000 HWM=603.98000000 entry=603.98000000","timestamp":"2026-06-08T16:40:45.741Z"}
{"level":"debug","message":"[RISK-LOOP] checking 2 open position(s)","timestamp":"2026-06-08T16:42:45.200Z"}
{"level":"debug","message":"[LIVE] TRX/USDC: checkRisk price=0.32620000 SL=0.28943200 TP=0.42757000 HWM=0.32890000 entry=0.32890000","timestamp":"2026-06-08T16:42:45.645Z"}
{"level":"debug","message":"[LIVE] BNB/USDC: checkRisk price=604.96000000 SL=573.78100000 TP=676.45760000 HWM=603.98000000 entry=603.98000000","timestamp":"2026-06-08T16:42:45.911Z"}
{"level":"debug","message":"[RISK-LOOP] checking 2 open position(s)","timestamp":"2026-06-08T16:44:45.029Z"}
{"level":"debug","message":"[LIVE] TRX/USDC: checkRisk price=0.32610000 SL=0.28943200 TP=0.42757000 HWM=0.32890000 entry=0.32890000","timestamp":"2026-06-08T16:44:45.473Z"}
{"level":"debug","message":"[LIVE] BNB/USDC: checkRisk price=604.65000000 SL=573.78100000 TP=676.45760000 HWM=603.98000000 entry=603.98000000","timestamp":"2026-06-08T16:44:45.739Z"}
{"level":"debug","message":"[RISK-LOOP] checking 2 open position(s)","timestamp":"2026-06-08T16:46:45.027Z"}
{"level":"debug","message":"[LIVE] TRX/USDC: checkRisk price=0.32600000 SL=0.28943200 TP=0.42757000 HWM=0.32890000 entry=0.32890000","timestamp":"2026-06-08T16:46:45.474Z"}
{"level":"debug","message":"[LIVE] BNB/USDC: checkRisk price=604.58000000 SL=573.78100000 TP=676.45760000 HWM=603.98000000 entry=603.98000000","timestamp":"2026-06-08T16:46:45.743Z"}
{"level":"info","message":"[MTF-CACHE] 15m refresh complete: 37/37 symbols","timestamp":"2026-06-08T16:48:00.043Z"}
{"level":"debug","message":"[RISK-LOOP] checking 2 open position(s)","timestamp":"2026-06-08T16:48:45.039Z"}
{"level":"debug","message":"[LIVE] TRX/USDC: checkRisk price=0.32590000 SL=0.28943200 TP=0.42757000 HWM=0.32890000 entry=0.32890000","timestamp":"2026-06-08T16:48:45.483Z"}
{"level":"debug","message":"[LIVE] BNB/USDC: checkRisk price=605.14000000 SL=573.78100000 TP=676.45760000 HWM=603.98000000 entry=603.98000000","timestamp":"2026-06-08T16:48:45.749Z"}
{"level":"debug","message":"[RISK-LOOP] checking 2 open position(s)","timestamp":"2026-06-08T16:50:45.029Z"}
{"level":"debug","message":"[LIVE] TRX/USDC: checkRisk price=0.32600000 SL=0.28943200 TP=0.42757000 HWM=0.32890000 entry=0.32890000","timestamp":"2026-06-08T16:50:45.472Z"}
{"level":"debug","message":"[LIVE] BNB/USDC: checkRisk price=604.89000000 SL=573.78100000 TP=676.45760000 HWM=603.98000000 entry=603.98000000","timestamp":"2026-06-08T16:50:45.735Z"}
{"level":"debug","message":"[RISK-LOOP] checking 2 open position(s)","timestamp":"2026-06-08T16:52:45.220Z"}
{"level":"debug","message":"[LIVE] TRX/USDC: checkRisk price=0.32620000 SL=0.28943200 TP=0.42757000 HWM=0.32890000 entry=0.32890000","timestamp":"2026-06-08T16:52:45.666Z"}
{"level":"debug","message":"[LIVE] BNB/USDC: checkRisk price=604.30000000 SL=573.78100000 TP=676.45760000 HWM=603.98000000 entry=603.98000000","timestamp":"2026-06-08T16:52:45.934Z"}
{"level":"debug","message":"[RISK-LOOP] checking 2 open position(s)","timestamp":"2026-06-08T16:54:45.031Z"}
{"level":"debug","message":"[LIVE] TRX/USDC: checkRisk price=0.32600000 SL=0.28943200 TP=0.42757000 HWM=0.32890000 entry=0.32890000","timestamp":"2026-06-08T16:54:45.479Z"}
{"level":"debug","message":"[LIVE] BNB/USDC: checkRisk price=603.83000000 SL=573.78100000 TP=676.45760000 HWM=603.98000000 entry=603.98000000","timestamp":"2026-06-08T16:54:45.746Z"}
{"level":"debug","message":"[RISK-LOOP] checking 2 open position(s)","timestamp":"2026-06-08T16:56:45.045Z"}
{"level":"debug","message":"[LIVE] TRX/USDC: checkRisk price=0.32590000 SL=0.28943200 TP=0.42757000 HWM=0.32890000 entry=0.32890000","timestamp":"2026-06-08T16:56:45.493Z"}
{"level":"debug","message":"[LIVE] BNB/USDC: checkRisk price=603.60000000 SL=573.78100000 TP=676.45760000 HWM=603.98000000 entry=603.98000000","timestamp":"2026-06-08T16:56:45.759Z"}
{"level":"debug","message":"[RISK-LOOP] checking 2 open position(s)","timestamp":"2026-06-08T16:58:45.035Z"}
{"level":"debug","message":"[LIVE] TRX/USDC: checkRisk price=0.32580000 SL=0.28943200 TP=0.42757000 HWM=0.32890000 entry=0.32890000","timestamp":"2026-06-08T16:58:45.481Z"}
{"level":"debug","message":"[LIVE] BNB/USDC: checkRisk price=603.82000000 SL=573.78100000 TP=676.45760000 HWM=603.98000000 entry=603.98000000","timestamp":"2026-06-08T16:58:45.750Z"}
{"level":"debug","message":"[RISK-LOOP] checking 2 open position(s)","timestamp":"2026-06-08T17:00:45.046Z"}
{"level":"debug","message":"[LIVE] TRX/USDC: checkRisk price=0.32580000 SL=0.28943200 TP=0.42757000 HWM=0.32890000 entry=0.32890000","timestamp":"2026-06-08T17:00:45.492Z"}
{"level":"debug","message":"[LIVE] BNB/USDC: checkRisk price=603.35000000 SL=573.78100000 TP=676.45760000 HWM=603.98000000 entry=603.98000000","timestamp":"2026-06-08T17:00:45.758Z"}
{"level":"debug","message":"[RISK-LOOP] checking 2 open position(s)","timestamp":"2026-06-08T17:02:45.235Z"}
{"level":"debug","message":"[LIVE] TRX/USDC: checkRisk price=0.32590000 SL=0.28943200 TP=0.42757000 HWM=0.32890000 entry=0.32890000","timestamp":"2026-06-08T17:02:45.681Z"}
{"level":"debug","message":"[LIVE] BNB/USDC: checkRisk price=602.90000000 SL=573.78100000 TP=676.45760000 HWM=603.98000000 entry=603.98000000","timestamp":"2026-06-08T17:02:45.947Z"}
{"level":"info","message":"[MTF-CACHE] 15m refresh complete: 37/37 symbols","timestamp":"2026-06-08T17:03:00.533Z"}
{"level":"debug","message":"[RISK-LOOP] checking 2 open position(s)","timestamp":"2026-06-08T17:04:45.046Z"}
{"level":"debug","message":"[LIVE] TRX/USDC: checkRisk price=0.32580000 SL=0.28943200 TP=0.42757000 HWM=0.32890000 entry=0.32890000","timestamp":"2026-06-08T17:04:45.502Z"}
{"level":"debug","message":"[LIVE] BNB/USDC: checkRisk price=603.15000000 SL=573.78100000 TP=676.45760000 HWM=603.98000000 entry=603.98000000","timestamp":"2026-06-08T17:04:45.766Z"}
{"level":"debug","message":"[RISK-LOOP] checking 2 open position(s)","timestamp":"2026-06-08T17:06:45.040Z"}
{"level":"debug","message":"[LIVE] TRX/USDC: checkRisk price=0.32590000 SL=0.28943200 TP=0.42757000 HWM=0.32890000 entry=0.32890000","timestamp":"2026-06-08T17:06:45.489Z"}
{"level":"debug","message":"[LIVE] BNB/USDC: checkRisk price=604.34000000 SL=573.78100000 TP=676.45760000 HWM=603.98000000 entry=603.98000000","timestamp":"2026-06-08T17:06:45.759Z"}
{"level":"debug","message":"[RISK-LOOP] checking 2 open position(s)","timestamp":"2026-06-08T17:08:45.068Z"}
{"level":"debug","message":"[LIVE] TRX/USDC: checkRisk price=0.32600000 SL=0.28943200 TP=0.42757000 HWM=0.32890000 entry=0.32890000","timestamp":"2026-06-08T17:08:45.520Z"}
{"level":"debug","message":"[LIVE] BNB/USDC: checkRisk price=604.29000000 SL=573.78100000 TP=676.45760000 HWM=603.98000000 entry=603.98000000","timestamp":"2026-06-08T17:08:45.789Z"}
{"level":"debug","message":"[RISK-LOOP] checking 2 open position(s)","timestamp":"2026-06-08T17:10:45.059Z"}
{"level":"debug","message":"[LIVE] TRX/USDC: checkRisk price=0.32600000 SL=0.28943200 TP=0.42757000 HWM=0.32890000 entry=0.32890000","timestamp":"2026-06-08T17:10:45.506Z"}
{"level":"debug","message":"[LIVE] BNB/USDC: checkRisk price=603.75000000 SL=573.78100000 TP=676.45760000 HWM=603.98000000 entry=603.98000000","timestamp":"2026-06-08T17:10:45.772Z"}
{"level":"debug","message":"[RISK-LOOP] checking 2 open position(s)","timestamp":"2026-06-08T17:12:45.228Z"}
{"level":"debug","message":"[LIVE] TRX/USDC: checkRisk price=0.32590000 SL=0.28943200 TP=0.42757000 HWM=0.32890000 entry=0.32890000","timestamp":"2026-06-08T17:12:45.678Z"}
{"level":"debug","message":"[LIVE] BNB/USDC: checkRisk price=603.36000000 SL=573.78100000 TP=676.45760000 HWM=603.98000000 entry=603.98000000","timestamp":"2026-06-08T17:12:45.944Z"}
{"level":"debug","message":"[RISK-LOOP] checking 2 open position(s)","timestamp":"2026-06-08T17:14:45.052Z"}
{"level":"debug","message":"[LIVE] TRX/USDC: checkRisk price=0.32580000 SL=0.28943200 TP=0.42757000 HWM=0.32890000 entry=0.32890000","timestamp":"2026-06-08T17:14:45.498Z"}
{"level":"debug","message":"[LIVE] BNB/USDC: checkRisk price=602.90000000 SL=573.78100000 TP=676.45760000 HWM=603.98000000 entry=603.98000000","timestamp":"2026-06-08T17:14:45.763Z"}
{"level":"debug","message":"[RISK-LOOP] checking 2 open position(s)","timestamp":"2026-06-08T17:16:45.049Z"}
{"level":"debug","message":"[LIVE] TRX/USDC: checkRisk price=0.32580000 SL=0.28943200 TP=0.42757000 HWM=0.32890000 entry=0.32890000","timestamp":"2026-06-08T17:16:45.494Z"}
{"level":"debug","message":"[LIVE] BNB/USDC: checkRisk price=603.18000000 SL=573.78100000 TP=676.45760000 HWM=603.98000000 entry=603.98000000","timestamp":"2026-06-08T17:16:45.759Z"}
{"level":"info","message":"[MTF-CACHE] 15m refresh complete: 37/37 symbols","timestamp":"2026-06-08T17:18:00.153Z"}
{"level":"debug","message":"[RISK-LOOP] checking 2 open position(s)","timestamp":"2026-06-08T17:18:45.050Z"}
{"level":"debug","message":"[LIVE] TRX/USDC: checkRisk price=0.32580000 SL=0.28943200 TP=0.42757000 HWM=0.32890000 entry=0.32890000","timestamp":"2026-06-08T17:18:45.496Z"}
{"level":"debug","message":"[LIVE] BNB/USDC: checkRisk price=603.13000000 SL=573.78100000 TP=676.45760000 HWM=603.98000000 entry=603.98000000","timestamp":"2026-06-08T17:18:45.761Z"}
{"level":"debug","message":"[RISK-LOOP] checking 2 open position(s)","timestamp":"2026-06-08T17:20:45.064Z"}
{"level":"debug","message":"[LIVE] TRX/USDC: checkRisk price=0.32590000 SL=0.28943200 TP=0.42757000 HWM=0.32890000 entry=0.32890000","timestamp":"2026-06-08T17:20:45.516Z"}
{"level":"debug","message":"[LIVE] BNB/USDC: checkRisk price=603.67000000 SL=573.78100000 TP=676.45760000 HWM=603.98000000 entry=603.98000000","timestamp":"2026-06-08T17:20:45.785Z"}
{"level":"debug","message":"[RISK-LOOP] checking 2 open position(s)","timestamp":"2026-06-08T17:22:45.234Z"}
{"level":"debug","message":"[LIVE] TRX/USDC: checkRisk price=0.32600000 SL=0.28943200 TP=0.42757000 HWM=0.32890000 entry=0.32890000","timestamp":"2026-06-08T17:22:45.683Z"}
{"level":"debug","message":"[LIVE] BNB/USDC: checkRisk price=603.75000000 SL=573.78100000 TP=676.45760000 HWM=603.98000000 entry=603.98000000","timestamp":"2026-06-08T17:22:45.960Z"}
{"level":"debug","message":"[RISK-LOOP] checking 2 open position(s)","timestamp":"2026-06-08T17:24:45.069Z"}
{"level":"debug","message":"[LIVE] TRX/USDC: checkRisk price=0.32600000 SL=0.28943200 TP=0.42757000 HWM=0.32890000 entry=0.32890000","timestamp":"2026-06-08T17:24:45.516Z"}
{"level":"debug","message":"[LIVE] BNB/USDC: checkRisk price=603.98000000 SL=573.78100000 TP=676.45760000 HWM=603.98000000 entry=603.98000000","timestamp":"2026-06-08T17:24:45.784Z"}
{"level":"debug","message":"[RISK-LOOP] checking 2 open position(s)","timestamp":"2026-06-08T17:26:45.065Z"}
{"level":"debug","message":"[LIVE] TRX/USDC: checkRisk price=0.32610000 SL=0.28943200 TP=0.42757000 HWM=0.32890000 entry=0.32890000","timestamp":"2026-06-08T17:26:45.510Z"}
{"level":"debug","message":"[LIVE] BNB/USDC: checkRisk price=604.63000000 SL=573.78100000 TP=676.45760000 HWM=603.98000000 entry=603.98000000","timestamp":"2026-06-08T17:26:45.775Z"}
{"level":"debug","message":"[RISK-LOOP] checking 2 open position(s)","timestamp":"2026-06-08T17:28:45.071Z"}
{"level":"debug","message":"[LIVE] TRX/USDC: checkRisk price=0.32600000 SL=0.28943200 TP=0.42757000 HWM=0.32890000 entry=0.32890000","timestamp":"2026-06-08T17:28:45.518Z"}
{"level":"debug","message":"[LIVE] BNB/USDC: checkRisk price=604.86000000 SL=573.78100000 TP=676.45760000 HWM=603.98000000 entry=603.98000000","timestamp":"2026-06-08T17:28:45.785Z"}
{"level":"debug","message":"[RISK-LOOP] checking 2 open position(s)","timestamp":"2026-06-08T17:30:45.068Z"}
{"level":"debug","message":"[LIVE] TRX/USDC: checkRisk price=0.32600000 SL=0.28943200 TP=0.42757000 HWM=0.32890000 entry=0.32890000","timestamp":"2026-06-08T17:30:45.517Z"}
{"level":"debug","message":"[LIVE] BNB/USDC: checkRisk price=604.83000000 SL=573.78100000 TP=676.45760000 HWM=603.98000000 entry=603.98000000","timestamp":"2026-06-08T17:30:45.780Z"}
{"level":"debug","message":"[RISK-LOOP] checking 2 open position(s)","timestamp":"2026-06-08T17:32:45.252Z"}
{"level":"debug","message":"[LIVE] TRX/USDC: checkRisk price=0.32580000 SL=0.28943200 TP=0.42757000 HWM=0.32890000 entry=0.32890000","timestamp":"2026-06-08T17:32:45.702Z"}
{"level":"debug","message":"[LIVE] BNB/USDC: checkRisk price=603.48000000 SL=573.78100000 TP=676.45760000 HWM=603.98000000 entry=603.98000000","timestamp":"2026-06-08T17:32:45.968Z"}
{"level":"info","message":"[MTF-CACHE] 15m refresh complete: 37/37 symbols","timestamp":"2026-06-08T17:33:00.073Z"}
{"level":"debug","message":"[RISK-LOOP] checking 2 open position(s)","timestamp":"2026-06-08T17:34:45.073Z"}
{"level":"debug","message":"[LIVE] TRX/USDC: checkRisk price=0.32580000 SL=0.28943200 TP=0.42757000 HWM=0.32890000 entry=0.32890000","timestamp":"2026-06-08T17:34:45.519Z"}
{"level":"debug","message":"[LIVE] BNB/USDC: checkRisk price=603.77000000 SL=573.78100000 TP=676.45760000 HWM=603.98000000 entry=603.98000000","timestamp":"2026-06-08T17:34:45.784Z"}
{"level":"debug","message":"[RISK-LOOP] checking 2 open position(s)","timestamp":"2026-06-08T17:36:45.065Z"}
{"level":"debug","message":"[LIVE] TRX/USDC: checkRisk price=0.32580000 SL=0.28943200 TP=0.42757000 HWM=0.32890000 entry=0.32890000","timestamp":"2026-06-08T17:36:45.538Z"}
{"level":"debug","message":"[LIVE] BNB/USDC: checkRisk price=603.54000000 SL=573.78100000 TP=676.45760000 HWM=603.98000000 entry=603.98000000","timestamp":"2026-06-08T17:36:45.801Z"}
{"level":"debug","message":"[RISK-LOOP] checking 2 open position(s)","timestamp":"2026-06-08T17:38:45.074Z"}
{"level":"debug","message":"[LIVE] TRX/USDC: checkRisk price=0.32580000 SL=0.28943200 TP=0.42757000 HWM=0.32890000 entry=0.32890000","timestamp":"2026-06-08T17:38:45.522Z"}
{"level":"debug","message":"[LIVE] BNB/USDC: checkRisk price=604.41000000 SL=573.78100000 TP=676.45760000 HWM=603.98000000 entry=603.98000000","timestamp":"2026-06-08T17:38:45.784Z"}
{"level":"debug","message":"[RISK-LOOP] checking 2 open position(s)","timestamp":"2026-06-08T17:40:45.075Z"}
{"level":"debug","message":"[LIVE] TRX/USDC: checkRisk price=0.32580000 SL=0.28943200 TP=0.42757000 HWM=0.32890000 entry=0.32890000","timestamp":"2026-06-08T17:40:45.520Z"}
{"level":"debug","message":"[LIVE] BNB/USDC: checkRisk price=604.47000000 SL=573.78100000 TP=676.45760000 HWM=603.98000000 entry=603.98000000","timestamp":"2026-06-08T17:40:45.785Z"}
{"level":"debug","message":"[RISK-LOOP] checking 2 open position(s)","timestamp":"2026-06-08T17:42:45.252Z"}
{"level":"debug","message":"[LIVE] TRX/USDC: checkRisk price=0.32570000 SL=0.28943200 TP=0.42757000 HWM=0.32890000 entry=0.32890000","timestamp":"2026-06-08T17:42:45.699Z"}
{"level":"debug","message":"[LIVE] BNB/USDC: checkRisk price=603.90000000 SL=573.78100000 TP=676.45760000 HWM=603.98000000 entry=603.98000000","timestamp":"2026-06-08T17:42:45.965Z"}
{"level":"debug","message":"[RISK-LOOP] checking 2 open position(s)","timestamp":"2026-06-08T17:44:45.071Z"}
{"level":"debug","message":"[LIVE] TRX/USDC: checkRisk price=0.32580000 SL=0.28943200 TP=0.42757000 HWM=0.32890000 entry=0.32890000","timestamp":"2026-06-08T17:44:45.523Z"}
{"level":"debug","message":"[LIVE] BNB/USDC: checkRisk price=605.15000000 SL=573.78100000 TP=676.45760000 HWM=603.98000000 entry=603.98000000","timestamp":"2026-06-08T17:44:45.796Z"}
{"level":"debug","message":"[RISK-LOOP] checking 2 open position(s)","timestamp":"2026-06-08T17:46:45.064Z"}
{"level":"debug","message":"[LIVE] TRX/USDC: checkRisk price=0.32570000 SL=0.28943200 TP=0.42757000 HWM=0.32890000 entry=0.32890000","timestamp":"2026-06-08T17:46:45.511Z"}
{"level":"debug","message":"[LIVE] BNB/USDC: checkRisk price=605.34000000 SL=573.78100000 TP=676.45760000 HWM=603.98000000 entry=603.98000000","timestamp":"2026-06-08T17:46:45.778Z"}
{"level":"info","message":"[MTF-CACHE] 15m refresh complete: 37/37 symbols","timestamp":"2026-06-08T17:48:00.084Z"}
{"level":"debug","message":"[RISK-LOOP] checking 2 open position(s)","timestamp":"2026-06-08T17:48:45.072Z"}
{"level":"debug","message":"[LIVE] TRX/USDC: checkRisk price=0.32580000 SL=0.28943200 TP=0.42757000 HWM=0.32890000 entry=0.32890000","timestamp":"2026-06-08T17:48:45.523Z"}
{"level":"debug","message":"[LIVE] BNB/USDC: checkRisk price=606.20000000 SL=573.78100000 TP=676.45760000 HWM=603.98000000 entry=603.98000000","timestamp":"2026-06-08T17:48:45.789Z"}
{"level":"debug","message":"[RISK-LOOP] checking 2 open position(s)","timestamp":"2026-06-08T17:50:45.066Z"}
{"level":"debug","message":"[LIVE] TRX/USDC: checkRisk price=0.32590000 SL=0.28943200 TP=0.42757000 HWM=0.32890000 entry=0.32890000","timestamp":"2026-06-08T17:50:45.512Z"}
{"level":"debug","message":"[LIVE] BNB/USDC: checkRisk price=606.22000000 SL=573.78100000 TP=676.45760000 HWM=603.98000000 entry=603.98000000","timestamp":"2026-06-08T17:50:45.776Z"}
{"level":"debug","message":"[RISK-LOOP] checking 2 open position(s)","timestamp":"2026-06-08T17:52:45.257Z"}
{"level":"debug","message":"[LIVE] TRX/USDC: checkRisk price=0.32570000 SL=0.28943200 TP=0.42757000 HWM=0.32890000 entry=0.32890000","timestamp":"2026-06-08T17:52:45.701Z"}
{"level":"debug","message":"[LIVE] BNB/USDC: checkRisk price=607.11000000 SL=573.78100000 TP=676.45760000 HWM=603.98000000 entry=603.98000000","timestamp":"2026-06-08T17:52:45.970Z"}
{"level":"debug","message":"[RISK-LOOP] checking 2 open position(s)","timestamp":"2026-06-08T17:54:45.067Z"}
{"level":"debug","message":"[LIVE] TRX/USDC: checkRisk price=0.32570000 SL=0.28943200 TP=0.42757000 HWM=0.32890000 entry=0.32890000","timestamp":"2026-06-08T17:54:45.513Z"}
{"level":"debug","message":"[LIVE] BNB/USDC: checkRisk price=607.01000000 SL=573.78100000 TP=676.45760000 HWM=603.98000000 entry=603.98000000","timestamp":"2026-06-08T17:54:45.779Z"}
{"level":"debug","message":"[RISK-LOOP] checking 2 open position(s)","timestamp":"2026-06-08T17:56:45.079Z"}
{"level":"debug","message":"[LIVE] TRX/USDC: checkRisk price=0.32570000 SL=0.28943200 TP=0.42757000 HWM=0.32890000 entry=0.32890000","timestamp":"2026-06-08T17:56:45.528Z"}
{"level":"debug","message":"[LIVE] BNB/USDC: checkRisk price=607.40000000 SL=573.78100000 TP=676.45760000 HWM=603.98000000 entry=603.98000000","timestamp":"2026-06-08T17:56:45.794Z"}
{"level":"debug","message":"[RISK-LOOP] checking 2 open position(s)","timestamp":"2026-06-08T17:58:45.074Z"}
{"level":"debug","message":"[LIVE] TRX/USDC: checkRisk price=0.32560000 SL=0.28943200 TP=0.42757000 HWM=0.32890000 entry=0.32890000","timestamp":"2026-06-08T17:58:45.522Z"}
{"level":"debug","message":"[LIVE] BNB/USDC: checkRisk price=607.67000000 SL=573.78100000 TP=676.45760000 HWM=603.98000000 entry=603.98000000","timestamp":"2026-06-08T17:58:45.789Z"}
{"level":"debug","message":"[RISK-LOOP] checking 2 open position(s)","timestamp":"2026-06-08T18:00:45.082Z"}
{"level":"debug","message":"[LIVE] TRX/USDC: checkRisk price=0.32570000 SL=0.28943200 TP=0.42757000 HWM=0.32890000 entry=0.32890000","timestamp":"2026-06-08T18:00:45.530Z"}
{"level":"debug","message":"[LIVE] BNB/USDC: checkRisk price=608.03000000 SL=573.78100000 TP=676.45760000 HWM=603.98000000 entry=603.98000000","timestamp":"2026-06-08T18:00:45.798Z"}
{"level":"debug","message":"[RISK-LOOP] checking 2 open position(s)","timestamp":"2026-06-08T18:02:45.085Z"}
{"level":"debug","message":"[LIVE] TRX/USDC: checkRisk price=0.32590000 SL=0.28943200 TP=0.42757000 HWM=0.32890000 entry=0.32890000","timestamp":"2026-06-08T18:02:45.530Z"}
{"level":"debug","message":"[LIVE] BNB/USDC: checkRisk price=609.17000000 SL=573.78100000 TP=676.45760000 HWM=603.98000000 entry=603.98000000","timestamp":"2026-06-08T18:02:45.795Z"}
{"level":"info","message":"[MTF-CACHE] 15m refresh complete: 37/37 symbols","timestamp":"2026-06-08T18:03:01.014Z"}
{"level":"debug","message":"[RISK-LOOP] checking 2 open position(s)","timestamp":"2026-06-08T18:04:45.074Z"}
{"level":"debug","message":"[LIVE] TRX/USDC: checkRisk price=0.32590000 SL=0.28943200 TP=0.42757000 HWM=0.32890000 entry=0.32890000","timestamp":"2026-06-08T18:04:45.527Z"}
{"level":"debug","message":"[LIVE] BNB/USDC: checkRisk price=608.62000000 SL=573.78100000 TP=676.45760000 HWM=603.98000000 entry=603.98000000","timestamp":"2026-06-08T18:04:45.793Z"}
{"level":"debug","message":"[RISK-LOOP] checking 2 open position(s)","timestamp":"2026-06-08T18:06:45.085Z"}
{"level":"debug","message":"[LIVE] TRX/USDC: checkRisk price=0.32590000 SL=0.28943200 TP=0.42757000 HWM=0.32890000 entry=0.32890000","timestamp":"2026-06-08T18:06:45.532Z"}
{"level":"debug","message":"[LIVE] BNB/USDC: checkRisk price=609.47000000 SL=573.78100000 TP=676.45760000 HWM=603.98000000 entry=603.98000000","timestamp":"2026-06-08T18:06:45.801Z"}
{"level":"debug","message":"[RISK-LOOP] checking 2 open position(s)","timestamp":"2026-06-08T18:08:45.085Z"}
{"level":"debug","message":"[LIVE] TRX/USDC: checkRisk price=0.32570000 SL=0.28943200 TP=0.42757000 HWM=0.32890000 entry=0.32890000","timestamp":"2026-06-08T18:08:45.532Z"}
{"level":"debug","message":"[LIVE] BNB/USDC: checkRisk price=608.90000000 SL=573.78100000 TP=676.45760000 HWM=603.98000000 entry=603.98000000","timestamp":"2026-06-08T18:08:45.801Z"}
{"level":"debug","message":"[RISK-LOOP] checking 2 open position(s)","timestamp":"2026-06-08T18:10:45.086Z"}
{"level":"debug","message":"[LIVE] TRX/USDC: checkRisk price=0.32590000 SL=0.28943200 TP=0.42757000 HWM=0.32890000 entry=0.32890000","timestamp":"2026-06-08T18:10:45.530Z"}
{"level":"debug","message":"[LIVE] BNB/USDC: checkRisk price=609.00000000 SL=573.78100000 TP=676.45760000 HWM=603.98000000 entry=603.98000000","timestamp":"2026-06-08T18:10:45.794Z"}
{"level":"debug","message":"[RISK-LOOP] checking 2 open position(s)","timestamp":"2026-06-08T18:12:45.072Z"}
{"level":"debug","message":"[LIVE] TRX/USDC: checkRisk price=0.32580000 SL=0.28943200 TP=0.42757000 HWM=0.32890000 entry=0.32890000","timestamp":"2026-06-08T18:12:45.519Z"}
{"level":"debug","message":"[LIVE] BNB/USDC: checkRisk price=608.89000000 SL=573.78100000 TP=676.45760000 HWM=603.98000000 entry=603.98000000","timestamp":"2026-06-08T18:12:45.787Z"}
{"level":"debug","message":"[RISK-LOOP] checking 2 open position(s)","timestamp":"2026-06-08T18:14:45.087Z"}
{"level":"debug","message":"[LIVE] TRX/USDC: checkRisk price=0.32600000 SL=0.28943200 TP=0.42757000 HWM=0.32890000 entry=0.32890000","timestamp":"2026-06-08T18:14:45.532Z"}
{"level":"debug","message":"[LIVE] BNB/USDC: checkRisk price=609.15000000 SL=573.78100000 TP=676.45760000 HWM=603.98000000 entry=603.98000000","timestamp":"2026-06-08T18:14:45.800Z"}
{"level":"debug","message":"[RISK-LOOP] checking 2 open position(s)","timestamp":"2026-06-08T18:16:45.088Z"}
{"level":"debug","message":"[LIVE] TRX/USDC: checkRisk price=0.32570000 SL=0.28943200 TP=0.42757000 HWM=0.32890000 entry=0.32890000","timestamp":"2026-06-08T18:16:45.537Z"}
{"level":"debug","message":"[LIVE] BNB/USDC: checkRisk price=608.75000000 SL=573.78100000 TP=676.45760000 HWM=603.98000000 entry=603.98000000","timestamp":"2026-06-08T18:16:45.808Z"}
{"level":"info","message":"[MTF-CACHE] 15m refresh complete: 37/37 symbols","timestamp":"2026-06-08T18:18:00.103Z"}
{"level":"debug","message":"[RISK-LOOP] checking 2 open position(s)","timestamp":"2026-06-08T18:18:45.088Z"}
{"level":"debug","message":"[LIVE] TRX/USDC: checkRisk price=0.32580000 SL=0.28943200 TP=0.42757000 HWM=0.32890000 entry=0.32890000","timestamp":"2026-06-08T18:18:45.536Z"}
{"level":"debug","message":"[LIVE] BNB/USDC: checkRisk price=608.50000000 SL=573.78100000 TP=676.45760000 HWM=603.98000000 entry=603.98000000","timestamp":"2026-06-08T18:18:45.801Z"}
{"level":"debug","message":"[RISK-LOOP] checking 2 open position(s)","timestamp":"2026-06-08T18:20:45.082Z"}
{"level":"debug","message":"[LIVE] TRX/USDC: checkRisk price=0.32580000 SL=0.28943200 TP=0.42757000 HWM=0.32890000 entry=0.32890000","timestamp":"2026-06-08T18:20:45.528Z"}
{"level":"debug","message":"[LIVE] BNB/USDC: checkRisk price=608.66000000 SL=573.78100000 TP=676.45760000 HWM=603.98000000 entry=603.98000000","timestamp":"2026-06-08T18:20:45.795Z"}
{"level":"debug","message":"[RISK-LOOP] checking 2 open position(s)","timestamp":"2026-06-08T18:22:45.086Z"}
{"level":"debug","message":"[LIVE] TRX/USDC: checkRisk price=0.32570000 SL=0.28943200 TP=0.42757000 HWM=0.32890000 entry=0.32890000","timestamp":"2026-06-08T18:22:45.536Z"}
{"level":"debug","message":"[LIVE] BNB/USDC: checkRisk price=609.12000000 SL=573.78100000 TP=676.45760000 HWM=603.98000000 entry=603.98000000","timestamp":"2026-06-08T18:22:45.807Z"}
{"level":"debug","message":"[RISK-LOOP] checking 2 open position(s)","timestamp":"2026-06-08T18:24:45.088Z"}
{"level":"debug","message":"[LIVE] TRX/USDC: checkRisk price=0.32570000 SL=0.28943200 TP=0.42757000 HWM=0.32890000 entry=0.32890000","timestamp":"2026-06-08T18:24:45.540Z"}
{"level":"debug","message":"[LIVE] BNB/USDC: checkRisk price=609.48000000 SL=573.78100000 TP=676.45760000 HWM=603.98000000 entry=603.98000000","timestamp":"2026-06-08T18:24:45.807Z"}
{"level":"debug","message":"[RISK-LOOP] checking 2 open position(s)","timestamp":"2026-06-08T18:26:45.086Z"}
{"level":"debug","message":"[LIVE] TRX/USDC: checkRisk price=0.32560000 SL=0.28943200 TP=0.42757000 HWM=0.32890000 entry=0.32890000","timestamp":"2026-06-08T18:26:45.534Z"}
{"level":"debug","message":"[LIVE] BNB/USDC: checkRisk price=609.55000000 SL=573.78100000 TP=676.45760000 HWM=603.98000000 entry=603.98000000","timestamp":"2026-06-08T18:26:45.802Z"}
{"level":"debug","message":"[RISK-LOOP] checking 2 open position(s)","timestamp":"2026-06-08T18:28:45.077Z"}
{"level":"debug","message":"[LIVE] TRX/USDC: checkRisk price=0.32560000 SL=0.28943200 TP=0.42757000 HWM=0.32890000 entry=0.32890000","timestamp":"2026-06-08T18:28:45.522Z"}
{"level":"debug","message":"[LIVE] BNB/USDC: checkRisk price=609.62000000 SL=573.78100000 TP=676.45760000 HWM=603.98000000 entry=603.98000000","timestamp":"2026-06-08T18:28:45.789Z"}
{"level":"debug","message":"[RISK-LOOP] checking 2 open position(s)","timestamp":"2026-06-08T18:30:45.087Z"}
{"level":"debug","message":"[LIVE] TRX/USDC: checkRisk price=0.32580000 SL=0.28943200 TP=0.42757000 HWM=0.32890000 entry=0.32890000","timestamp":"2026-06-08T18:30:45.535Z"}
{"level":"debug","message":"[LIVE] BNB/USDC: checkRisk price=609.85000000 SL=573.78100000 TP=676.45760000 HWM=603.98000000 entry=603.98000000","timestamp":"2026-06-08T18:30:45.800Z"}
{"level":"debug","message":"[RISK-LOOP] checking 2 open position(s)","timestamp":"2026-06-08T18:32:45.120Z"}
{"level":"debug","message":"[LIVE] TRX/USDC: checkRisk price=0.32570000 SL=0.28943200 TP=0.42757000 HWM=0.32890000 entry=0.32890000","timestamp":"2026-06-08T18:32:45.568Z"}
{"level":"debug","message":"[LIVE] BNB/USDC: checkRisk price=608.68000000 SL=573.78100000 TP=676.45760000 HWM=603.98000000 entry=603.98000000","timestamp":"2026-06-08T18:32:45.833Z"}
{"level":"info","message":"[MTF-CACHE] 15m refresh complete: 37/37 symbols","timestamp":"2026-06-08T18:33:00.914Z"}
{"level":"debug","message":"[RISK-LOOP] checking 2 open position(s)","timestamp":"2026-06-08T18:34:45.088Z"}
{"level":"debug","message":"[LIVE] TRX/USDC: checkRisk price=0.32570000 SL=0.28943200 TP=0.42757000 HWM=0.32890000 entry=0.32890000","timestamp":"2026-06-08T18:34:45.536Z"}
{"level":"debug","message":"[LIVE] BNB/USDC: checkRisk price=607.83000000 SL=573.78100000 TP=676.45760000 HWM=603.98000000 entry=603.98000000","timestamp":"2026-06-08T18:34:45.802Z"}
{"level":"debug","message":"[RISK-LOOP] checking 2 open position(s)","timestamp":"2026-06-08T18:36:45.083Z"}
{"level":"debug","message":"[LIVE] TRX/USDC: checkRisk price=0.32570000 SL=0.28943200 TP=0.42757000 HWM=0.32890000 entry=0.32890000","timestamp":"2026-06-08T18:36:45.532Z"}
{"level":"debug","message":"[LIVE] BNB/USDC: checkRisk price=607.66000000 SL=573.78100000 TP=676.45760000 HWM=603.98000000 entry=603.98000000","timestamp":"2026-06-08T18:36:45.799Z"}
{"level":"debug","message":"[RISK-LOOP] checking 2 open position(s)","timestamp":"2026-06-08T18:38:45.091Z"}
{"level":"debug","message":"[LIVE] TRX/USDC: checkRisk price=0.32580000 SL=0.28943200 TP=0.42757000 HWM=0.32890000 entry=0.32890000","timestamp":"2026-06-08T18:38:45.539Z"}
{"level":"debug","message":"[LIVE] BNB/USDC: checkRisk price=607.38000000 SL=573.78100000 TP=676.45760000 HWM=603.98000000 entry=603.98000000","timestamp":"2026-06-08T18:38:45.805Z"}
{"level":"debug","message":"[RISK-LOOP] checking 2 open position(s)","timestamp":"2026-06-08T18:40:45.088Z"}
{"level":"debug","message":"[LIVE] TRX/USDC: checkRisk price=0.32590000 SL=0.28943200 TP=0.42757000 HWM=0.32890000 entry=0.32890000","timestamp":"2026-06-08T18:40:45.534Z"}
{"level":"debug","message":"[LIVE] BNB/USDC: checkRisk price=606.98000000 SL=573.78100000 TP=676.45760000 HWM=603.98000000 entry=603.98000000","timestamp":"2026-06-08T18:40:45.803Z"}
{"level":"debug","message":"[RISK-LOOP] checking 2 open position(s)","timestamp":"2026-06-08T18:42:45.280Z"}
{"level":"debug","message":"[LIVE] TRX/USDC: checkRisk price=0.32590000 SL=0.28943200 TP=0.42757000 HWM=0.32890000 entry=0.32890000","timestamp":"2026-06-08T18:42:45.725Z"}
{"level":"debug","message":"[LIVE] BNB/USDC: checkRisk price=607.41000000 SL=573.78100000 TP=676.45760000 HWM=603.98000000 entry=603.98000000","timestamp":"2026-06-08T18:42:45.992Z"}
{"level":"debug","message":"[RISK-LOOP] checking 2 open position(s)","timestamp":"2026-06-08T18:44:45.191Z"}
{"level":"debug","message":"[LIVE] TRX/USDC: checkRisk price=0.32590000 SL=0.28943200 TP=0.42757000 HWM=0.32890000 entry=0.32890000","timestamp":"2026-06-08T18:44:45.639Z"}
{"level":"debug","message":"[LIVE] BNB/USDC: checkRisk price=607.34000000 SL=573.78100000 TP=676.45760000 HWM=603.98000000 entry=603.98000000","timestamp":"2026-06-08T18:44:45.907Z"}
{"level":"debug","message":"[RISK-LOOP] checking 2 open position(s)","timestamp":"2026-06-08T18:46:45.235Z"}
{"level":"debug","message":"[LIVE] TRX/USDC: checkRisk price=0.32590000 SL=0.28943200 TP=0.42757000 HWM=0.32890000 entry=0.32890000","timestamp":"2026-06-08T18:46:45.679Z"}
{"level":"debug","message":"[LIVE] BNB/USDC: checkRisk price=607.23000000 SL=573.78100000 TP=676.45760000 HWM=603.98000000 entry=603.98000000","timestamp":"2026-06-08T18:46:45.942Z"}
{"level":"info","message":"[MTF-CACHE] 15m refresh complete: 37/37 symbols","timestamp":"2026-06-08T18:48:01.023Z"}
{"level":"debug","message":"[RISK-LOOP] checking 2 open position(s)","timestamp":"2026-06-08T18:48:45.281Z"}
{"level":"debug","message":"[LIVE] TRX/USDC: checkRisk price=0.32600000 SL=0.28943200 TP=0.42757000 HWM=0.32890000 entry=0.32890000","timestamp":"2026-06-08T18:48:45.734Z"}
{"level":"debug","message":"[LIVE] BNB/USDC: checkRisk price=607.11000000 SL=573.78100000 TP=676.45760000 HWM=603.98000000 entry=603.98000000","timestamp":"2026-06-08T18:48:46.005Z"}
{"level":"debug","message":"[RISK-LOOP] checking 2 open position(s)","timestamp":"2026-06-08T18:50:45.269Z"}
{"level":"debug","message":"[LIVE] TRX/USDC: checkRisk price=0.32600000 SL=0.28943200 TP=0.42757000 HWM=0.32890000 entry=0.32890000","timestamp":"2026-06-08T18:50:45.537Z"}
{"level":"debug","message":"[LIVE] BNB/USDC: checkRisk price=607.26000000 SL=573.78100000 TP=676.45760000 HWM=603.98000000 entry=603.98000000","timestamp":"2026-06-08T18:50:45.804Z"}
{"level":"debug","message":"[RISK-LOOP] checking 2 open position(s)","timestamp":"2026-06-08T18:52:45.261Z"}
{"level":"debug","message":"[LIVE] TRX/USDC: checkRisk price=0.32610000 SL=0.28943200 TP=0.42757000 HWM=0.32890000 entry=0.32890000","timestamp":"2026-06-08T18:52:45.549Z"}
{"level":"debug","message":"[LIVE] BNB/USDC: checkRisk price=608.25000000 SL=573.78100000 TP=676.45760000 HWM=603.98000000 entry=603.98000000","timestamp":"2026-06-08T18:52:45.818Z"}
{"level":"debug","message":"[RISK-LOOP] checking 2 open position(s)","timestamp":"2026-06-08T18:54:45.273Z"}
{"level":"debug","message":"[LIVE] TRX/USDC: checkRisk price=0.32580000 SL=0.28943200 TP=0.42757000 HWM=0.32890000 entry=0.32890000","timestamp":"2026-06-08T18:54:45.540Z"}
{"level":"debug","message":"[LIVE] BNB/USDC: checkRisk price=607.54000000 SL=573.78100000 TP=676.45760000 HWM=603.98000000 entry=603.98000000","timestamp":"2026-06-08T18:54:45.807Z"}
{"level":"debug","message":"[RISK-LOOP] checking 2 open position(s)","timestamp":"2026-06-08T18:56:45.264Z"}
{"level":"debug","message":"[LIVE] TRX/USDC: checkRisk price=0.32580000 SL=0.28943200 TP=0.42757000 HWM=0.32890000 entry=0.32890000","timestamp":"2026-06-08T18:56:45.530Z"}
{"level":"debug","message":"[LIVE] BNB/USDC: checkRisk price=608.24000000 SL=573.78100000 TP=676.45760000 HWM=603.98000000 entry=603.98000000","timestamp":"2026-06-08T18:56:45.797Z"}
{"level":"debug","message":"[RISK-LOOP] checking 2 open position(s)","timestamp":"2026-06-08T18:58:45.263Z"}
{"level":"debug","message":"[LIVE] TRX/USDC: checkRisk price=0.32590000 SL=0.28943200 TP=0.42757000 HWM=0.32890000 entry=0.32890000","timestamp":"2026-06-08T18:58:45.547Z"}
{"level":"debug","message":"[LIVE] BNB/USDC: checkRisk price=607.61000000 SL=573.78100000 TP=676.45760000 HWM=603.98000000 entry=603.98000000","timestamp":"2026-06-08T18:58:45.812Z"}
{"level":"debug","message":"[RISK-LOOP] checking 2 open position(s)","timestamp":"2026-06-08T19:00:45.104Z"}
{"level":"debug","message":"[LIVE] TRX/USDC: checkRisk price=0.32580000 SL=0.28943200 TP=0.42757000 HWM=0.32890000 entry=0.32890000","timestamp":"2026-06-08T19:00:45.565Z"}
{"level":"debug","message":"[LIVE] BNB/USDC: checkRisk price=607.54000000 SL=573.78100000 TP=676.45760000 HWM=603.98000000 entry=603.98000000","timestamp":"2026-06-08T19:00:45.833Z"}
{"level":"debug","message":"[RISK-LOOP] checking 2 open position(s)","timestamp":"2026-06-08T19:02:45.279Z"}
{"level":"debug","message":"[LIVE] TRX/USDC: checkRisk price=0.32600000 SL=0.28943200 TP=0.42757000 HWM=0.32890000 entry=0.32890000","timestamp":"2026-06-08T19:02:45.727Z"}
{"level":"debug","message":"[LIVE] BNB/USDC: checkRisk price=608.21000000 SL=573.78100000 TP=676.45760000 HWM=603.98000000 entry=603.98000000","timestamp":"2026-06-08T19:02:45.993Z"}
{"level":"info","message":"[MTF-CACHE] 15m refresh complete: 37/37 symbols","timestamp":"2026-06-08T19:03:00.084Z"}
{"level":"debug","message":"[RISK-LOOP] checking 2 open position(s)","timestamp":"2026-06-08T19:04:45.090Z"}
{"level":"debug","message":"[LIVE] TRX/USDC: checkRisk price=0.32610000 SL=0.28943200 TP=0.42757000 HWM=0.32890000 entry=0.32890000","timestamp":"2026-06-08T19:04:45.618Z"}
{"level":"debug","message":"[LIVE] BNB/USDC: checkRisk price=608.14000000 SL=573.78100000 TP=676.45760000 HWM=603.98000000 entry=603.98000000","timestamp":"2026-06-08T19:04:45.887Z"}
{"level":"debug","message":"[RISK-LOOP] checking 2 open position(s)","timestamp":"2026-06-08T19:06:45.095Z"}
{"level":"debug","message":"[LIVE] TRX/USDC: checkRisk price=0.32620000 SL=0.28943200 TP=0.42757000 HWM=0.32890000 entry=0.32890000","timestamp":"2026-06-08T19:06:45.688Z"}
{"level":"debug","message":"[LIVE] BNB/USDC: checkRisk price=607.86000000 SL=573.78100000 TP=676.45760000 HWM=603.98000000 entry=603.98000000","timestamp":"2026-06-08T19:06:45.956Z"}
{"level":"debug","message":"[RISK-LOOP] checking 2 open position(s)","timestamp":"2026-06-08T19:08:45.099Z"}
{"level":"debug","message":"[LIVE] TRX/USDC: checkRisk price=0.32610000 SL=0.28943200 TP=0.42757000 HWM=0.32890000 entry=0.32890000","timestamp":"2026-06-08T19:08:45.545Z"}
{"level":"debug","message":"[LIVE] BNB/USDC: checkRisk price=607.53000000 SL=573.78100000 TP=676.45760000 HWM=603.98000000 entry=603.98000000","timestamp":"2026-06-08T19:08:45.993Z"}
{"level":"debug","message":"[RISK-LOOP] checking 2 open position(s)","timestamp":"2026-06-08T19:10:45.096Z"}
{"level":"debug","message":"[LIVE] TRX/USDC: checkRisk price=0.32610000 SL=0.28943200 TP=0.42757000 HWM=0.32890000 entry=0.32890000","timestamp":"2026-06-08T19:10:45.543Z"}
{"level":"debug","message":"[LIVE] BNB/USDC: checkRisk price=606.94000000 SL=573.78100000 TP=676.45760000 HWM=603.98000000 entry=603.98000000","timestamp":"2026-06-08T19:10:45.990Z"}
{"level":"debug","message":"[RISK-LOOP] checking 2 open position(s)","timestamp":"2026-06-08T19:12:45.273Z"}
{"level":"debug","message":"[LIVE] TRX/USDC: checkRisk price=0.32600000 SL=0.28943200 TP=0.42757000 HWM=0.32890000 entry=0.32890000","timestamp":"2026-06-08T19:12:45.881Z"}
{"level":"debug","message":"[LIVE] BNB/USDC: checkRisk price=606.93000000 SL=573.78100000 TP=676.45760000 HWM=603.98000000 entry=603.98000000","timestamp":"2026-06-08T19:12:46.147Z"}
{"level":"debug","message":"[RISK-LOOP] checking 2 open position(s)","timestamp":"2026-06-08T19:14:45.096Z"}
{"level":"debug","message":"[LIVE] TRX/USDC: checkRisk price=0.32610000 SL=0.28943200 TP=0.42757000 HWM=0.32890000 entry=0.32890000","timestamp":"2026-06-08T19:14:45.540Z"}
{"level":"debug","message":"[LIVE] BNB/USDC: checkRisk price=606.83000000 SL=573.78100000 TP=676.45760000 HWM=603.98000000 entry=603.98000000","timestamp":"2026-06-08T19:14:45.987Z"}
{"level":"debug","message":"[RISK-LOOP] checking 2 open position(s)","timestamp":"2026-06-08T19:16:45.094Z"}
{"level":"debug","message":"[LIVE] TRX/USDC: checkRisk price=0.32610000 SL=0.28943200 TP=0.42757000 HWM=0.32890000 entry=0.32890000","timestamp":"2026-06-08T19:16:45.538Z"}
{"level":"debug","message":"[LIVE] BNB/USDC: checkRisk price=606.48000000 SL=573.78100000 TP=676.45760000 HWM=603.98000000 entry=603.98000000","timestamp":"2026-06-08T19:16:45.988Z"}
{"level":"info","message":"[MTF-CACHE] 15m refresh complete: 37/37 symbols","timestamp":"2026-06-08T19:18:00.117Z"}
{"level":"debug","message":"[RISK-LOOP] checking 2 open position(s)","timestamp":"2026-06-08T19:18:45.108Z"}
{"level":"debug","message":"[LIVE] TRX/USDC: checkRisk price=0.32610000 SL=0.28943200 TP=0.42757000 HWM=0.32890000 entry=0.32890000","timestamp":"2026-06-08T19:18:45.558Z"}
{"level":"debug","message":"[LIVE] BNB/USDC: checkRisk price=606.76000000 SL=573.78100000 TP=676.45760000 HWM=603.98000000 entry=603.98000000","timestamp":"2026-06-08T19:18:46.011Z"}
{"level":"debug","message":"[RISK-LOOP] checking 2 open position(s)","timestamp":"2026-06-08T19:20:45.110Z"}
{"level":"debug","message":"[LIVE] TRX/USDC: checkRisk price=0.32620000 SL=0.28943200 TP=0.42757000 HWM=0.32890000 entry=0.32890000","timestamp":"2026-06-08T19:20:45.556Z"}
{"level":"debug","message":"[LIVE] BNB/USDC: checkRisk price=607.67000000 SL=573.78100000 TP=676.45760000 HWM=603.98000000 entry=603.98000000","timestamp":"2026-06-08T19:20:46.005Z"}
{"level":"debug","message":"[RISK-LOOP] checking 2 open position(s)","timestamp":"2026-06-08T19:22:45.282Z"}
{"level":"debug","message":"[LIVE] TRX/USDC: checkRisk price=0.32610000 SL=0.28943200 TP=0.42757000 HWM=0.32890000 entry=0.32890000","timestamp":"2026-06-08T19:22:45.733Z"}
{"level":"debug","message":"[LIVE] BNB/USDC: checkRisk price=607.69000000 SL=573.78100000 TP=676.45760000 HWM=603.98000000 entry=603.98000000","timestamp":"2026-06-08T19:22:46.179Z"}
{"level":"debug","message":"[RISK-LOOP] checking 2 open position(s)","timestamp":"2026-06-08T19:24:45.105Z"}
{"level":"debug","message":"[LIVE] TRX/USDC: checkRisk price=0.32610000 SL=0.28943200 TP=0.42757000 HWM=0.32890000 entry=0.32890000","timestamp":"2026-06-08T19:24:45.552Z"}
{"level":"debug","message":"[LIVE] BNB/USDC: checkRisk price=607.06000000 SL=573.78100000 TP=676.45760000 HWM=603.98000000 entry=603.98000000","timestamp":"2026-06-08T19:24:45.819Z"}
{"level":"debug","message":"[RISK-LOOP] checking 2 open position(s)","timestamp":"2026-06-08T19:26:45.103Z"}
{"level":"debug","message":"[LIVE] TRX/USDC: checkRisk price=0.32600000 SL=0.28943200 TP=0.42757000 HWM=0.32890000 entry=0.32890000","timestamp":"2026-06-08T19:26:45.551Z"}
{"level":"debug","message":"[LIVE] BNB/USDC: checkRisk price=607.31000000 SL=573.78100000 TP=676.45760000 HWM=603.98000000 entry=603.98000000","timestamp":"2026-06-08T19:26:45.815Z"}
{"level":"debug","message":"[RISK-LOOP] checking 2 open position(s)","timestamp":"2026-06-08T19:28:45.116Z"}
{"level":"debug","message":"[LIVE] TRX/USDC: checkRisk price=0.32610000 SL=0.28943200 TP=0.42757000 HWM=0.32890000 entry=0.32890000","timestamp":"2026-06-08T19:28:45.562Z"}
{"level":"debug","message":"[LIVE] BNB/USDC: checkRisk price=607.56000000 SL=573.78100000 TP=676.45760000 HWM=603.98000000 entry=603.98000000","timestamp":"2026-06-08T19:28:45.829Z"}
{"level":"debug","message":"[RISK-LOOP] checking 2 open position(s)","timestamp":"2026-06-08T19:30:45.118Z"}
{"level":"debug","message":"[LIVE] TRX/USDC: checkRisk price=0.32620000 SL=0.28943200 TP=0.42757000 HWM=0.32890000 entry=0.32890000","timestamp":"2026-06-08T19:30:45.568Z"}
{"level":"debug","message":"[LIVE] BNB/USDC: checkRisk price=607.52000000 SL=573.78100000 TP=676.45760000 HWM=603.98000000 entry=603.98000000","timestamp":"2026-06-08T19:30:45.834Z"}
{"level":"debug","message":"[RISK-LOOP] checking 2 open position(s)","timestamp":"2026-06-08T19:32:45.300Z"}
{"level":"debug","message":"[LIVE] TRX/USDC: checkRisk price=0.32620000 SL=0.28943200 TP=0.42757000 HWM=0.32890000 entry=0.32890000","timestamp":"2026-06-08T19:32:45.748Z"}
{"level":"debug","message":"[LIVE] BNB/USDC: checkRisk price=608.12000000 SL=573.78100000 TP=676.45760000 HWM=603.98000000 entry=603.98000000","timestamp":"2026-06-08T19:32:46.012Z"}
{"level":"info","message":"[MTF-CACHE] 15m refresh complete: 37/37 symbols","timestamp":"2026-06-08T19:32:59.893Z"}
{"level":"info","message":"[MTF-CACHE] 4h refresh complete: 37/37 symbols","timestamp":"2026-06-08T19:33:00.411Z"}
{"level":"debug","message":"[RISK-LOOP] checking 2 open position(s)","timestamp":"2026-06-08T19:34:45.111Z"}
{"level":"debug","message":"[LIVE] TRX/USDC: checkRisk price=0.32610000 SL=0.28943200 TP=0.42757000 HWM=0.32890000 entry=0.32890000","timestamp":"2026-06-08T19:34:45.555Z"}
{"level":"debug","message":"[LIVE] BNB/USDC: checkRisk price=608.14000000 SL=573.78100000 TP=676.45760000 HWM=603.98000000 entry=603.98000000","timestamp":"2026-06-08T19:34:45.822Z"}
{"level":"debug","message":"[RISK-LOOP] checking 2 open position(s)","timestamp":"2026-06-08T19:36:45.110Z"}
{"level":"debug","message":"[LIVE] TRX/USDC: checkRisk price=0.32610000 SL=0.28943200 TP=0.42757000 HWM=0.32890000 entry=0.32890000","timestamp":"2026-06-08T19:36:45.553Z"}
{"level":"debug","message":"[LIVE] BNB/USDC: checkRisk price=608.06000000 SL=573.78100000 TP=676.45760000 HWM=603.98000000 entry=603.98000000","timestamp":"2026-06-08T19:36:45.820Z"}
{"level":"debug","message":"[RISK-LOOP] checking 2 open position(s)","timestamp":"2026-06-08T19:38:45.122Z"}
{"level":"debug","message":"[LIVE] TRX/USDC: checkRisk price=0.32620000 SL=0.28943200 TP=0.42757000 HWM=0.32890000 entry=0.32890000","timestamp":"2026-06-08T19:38:45.567Z"}
{"level":"debug","message":"[LIVE] BNB/USDC: checkRisk price=607.93000000 SL=573.78100000 TP=676.45760000 HWM=603.98000000 entry=603.98000000","timestamp":"2026-06-08T19:38:45.833Z"}
{"level":"debug","message":"[RISK-LOOP] checking 2 open position(s)","timestamp":"2026-06-08T19:40:45.122Z"}
{"level":"debug","message":"[LIVE] TRX/USDC: checkRisk price=0.32620000 SL=0.28943200 TP=0.42757000 HWM=0.32890000 entry=0.32890000","timestamp":"2026-06-08T19:40:45.571Z"}
{"level":"debug","message":"[LIVE] BNB/USDC: checkRisk price=607.49000000 SL=573.78100000 TP=676.45760000 HWM=603.98000000 entry=603.98000000","timestamp":"2026-06-08T19:40:45.836Z"}
{"level":"debug","message":"[RISK-LOOP] checking 2 open position(s)","timestamp":"2026-06-08T19:42:45.293Z"}
{"level":"debug","message":"[LIVE] TRX/USDC: checkRisk price=0.32620000 SL=0.28943200 TP=0.42757000 HWM=0.32890000 entry=0.32890000","timestamp":"2026-06-08T19:42:45.746Z"}
{"level":"debug","message":"[LIVE] BNB/USDC: checkRisk price=608.01000000 SL=573.78100000 TP=676.45760000 HWM=603.98000000 entry=603.98000000","timestamp":"2026-06-08T19:42:46.011Z"}
{"level":"debug","message":"[RISK-LOOP] checking 2 open position(s)","timestamp":"2026-06-08T19:44:45.112Z"}
{"level":"debug","message":"[LIVE] TRX/USDC: checkRisk price=0.32640000 SL=0.28943200 TP=0.42757000 HWM=0.32890000 entry=0.32890000","timestamp":"2026-06-08T19:44:45.579Z"}
{"level":"debug","message":"[LIVE] BNB/USDC: checkRisk price=608.08000000 SL=573.78100000 TP=676.45760000 HWM=603.98000000 entry=603.98000000","timestamp":"2026-06-08T19:44:45.845Z"}
{"level":"debug","message":"[RISK-LOOP] checking 2 open position(s)","timestamp":"2026-06-08T19:46:45.123Z"}
{"level":"debug","message":"[LIVE] TRX/USDC: checkRisk price=0.32640000 SL=0.28943200 TP=0.42757000 HWM=0.32890000 entry=0.32890000","timestamp":"2026-06-08T19:46:45.570Z"}
{"level":"debug","message":"[LIVE] BNB/USDC: checkRisk price=608.12000000 SL=573.78100000 TP=676.45760000 HWM=603.98000000 entry=603.98000000","timestamp":"2026-06-08T19:46:45.834Z"}
{"level":"info","message":"[MTF-CACHE] 15m refresh complete: 37/37 symbols","timestamp":"2026-06-08T19:48:00.856Z"}
{"level":"debug","message":"[RISK-LOOP] checking 2 open position(s)","timestamp":"2026-06-08T19:48:45.127Z"}
{"level":"debug","message":"[LIVE] TRX/USDC: checkRisk price=0.32630000 SL=0.28943200 TP=0.42757000 HWM=0.32890000 entry=0.32890000","timestamp":"2026-06-08T19:48:45.577Z"}
{"level":"debug","message":"[LIVE] BNB/USDC: checkRisk price=607.78000000 SL=573.78100000 TP=676.45760000 HWM=603.98000000 entry=603.98000000","timestamp":"2026-06-08T19:48:45.843Z"}
{"level":"debug","message":"[RISK-LOOP] checking 2 open position(s)","timestamp":"2026-06-08T19:50:45.118Z"}
{"level":"debug","message":"[LIVE] TRX/USDC: checkRisk price=0.32630000 SL=0.28943200 TP=0.42757000 HWM=0.32890000 entry=0.32890000","timestamp":"2026-06-08T19:50:45.580Z"}
{"level":"debug","message":"[LIVE] BNB/USDC: checkRisk price=607.76000000 SL=573.78100000 TP=676.45760000 HWM=603.98000000 entry=603.98000000","timestamp":"2026-06-08T19:50:45.850Z"}
{"level":"debug","message":"[RISK-LOOP] checking 2 open position(s)","timestamp":"2026-06-08T19:52:45.309Z"}
{"level":"debug","message":"[LIVE] TRX/USDC: checkRisk price=0.32630000 SL=0.28943200 TP=0.42757000 HWM=0.32890000 entry=0.32890000","timestamp":"2026-06-08T19:52:45.753Z"}
{"level":"debug","message":"[LIVE] BNB/USDC: checkRisk price=607.57000000 SL=573.78100000 TP=676.45760000 HWM=603.98000000 entry=603.98000000","timestamp":"2026-06-08T19:52:46.019Z"}
{"level":"debug","message":"[RISK-LOOP] checking 2 open position(s)","timestamp":"2026-06-08T19:54:45.134Z"}
{"level":"debug","message":"[LIVE] TRX/USDC: checkRisk price=0.32630000 SL=0.28943200 TP=0.42757000 HWM=0.32890000 entry=0.32890000","timestamp":"2026-06-08T19:54:45.584Z"}
{"level":"debug","message":"[LIVE] BNB/USDC: checkRisk price=607.52000000 SL=573.78100000 TP=676.45760000 HWM=603.98000000 entry=603.98000000","timestamp":"2026-06-08T19:54:45.850Z"}
{"level":"debug","message":"[RISK-LOOP] checking 2 open position(s)","timestamp":"2026-06-08T19:56:45.130Z"}
{"level":"debug","message":"[LIVE] TRX/USDC: checkRisk price=0.32660000 SL=0.28943200 TP=0.42757000 HWM=0.32890000 entry=0.32890000","timestamp":"2026-06-08T19:56:45.575Z"}
{"level":"debug","message":"[LIVE] BNB/USDC: checkRisk price=607.70000000 SL=573.78100000 TP=676.45760000 HWM=603.98000000 entry=603.98000000","timestamp":"2026-06-08T19:56:45.840Z"}
{"level":"debug","message":"[RISK-LOOP] checking 2 open position(s)","timestamp":"2026-06-08T19:58:45.125Z"}
{"level":"debug","message":"[LIVE] TRX/USDC: checkRisk price=0.32650000 SL=0.28943200 TP=0.42757000 HWM=0.32890000 entry=0.32890000","timestamp":"2026-06-08T19:58:45.571Z"}
{"level":"debug","message":"[LIVE] BNB/USDC: checkRisk price=607.09000000 SL=573.78100000 TP=676.45760000 HWM=603.98000000 entry=603.98000000","timestamp":"2026-06-08T19:58:45.838Z"}
{"level":"debug","message":"[RISK-LOOP] checking 2 open position(s)","timestamp":"2026-06-08T20:00:45.126Z"}
{"level":"debug","message":"[LIVE] TRX/USDC: checkRisk price=0.32660000 SL=0.28943200 TP=0.42757000 HWM=0.32890000 entry=0.32890000","timestamp":"2026-06-08T20:00:45.571Z"}
{"level":"debug","message":"[LIVE] BNB/USDC: checkRisk price=607.96000000 SL=573.78100000 TP=676.45760000 HWM=603.98000000 entry=603.98000000","timestamp":"2026-06-08T20:00:45.835Z"}
{"level":"debug","message":"[RISK-LOOP] checking 2 open position(s)","timestamp":"2026-06-08T20:02:45.315Z"}
{"level":"debug","message":"[LIVE] TRX/USDC: checkRisk price=0.32640000 SL=0.28943200 TP=0.42757000 HWM=0.32890000 entry=0.32890000","timestamp":"2026-06-08T20:02:45.763Z"}
{"level":"debug","message":"[LIVE] BNB/USDC: checkRisk price=607.90000000 SL=573.78100000 TP=676.45760000 HWM=603.98000000 entry=603.98000000","timestamp":"2026-06-08T20:02:46.030Z"}
{"level":"info","message":"[MTF-CACHE] 15m refresh complete: 37/37 symbols","timestamp":"2026-06-08T20:03:00.095Z"}
{"level":"debug","message":"[RISK-LOOP] checking 2 open position(s)","timestamp":"2026-06-08T20:04:45.123Z"}
{"level":"debug","message":"[LIVE] TRX/USDC: checkRisk price=0.32620000 SL=0.28943200 TP=0.42757000 HWM=0.32890000 entry=0.32890000","timestamp":"2026-06-08T20:04:45.572Z"}
{"level":"debug","message":"[LIVE] BNB/USDC: checkRisk price=607.76000000 SL=573.78100000 TP=676.45760000 HWM=603.98000000 entry=603.98000000","timestamp":"2026-06-08T20:04:45.838Z"}
{"level":"debug","message":"[RISK-LOOP] checking 2 open position(s)","timestamp":"2026-06-08T20:06:45.135Z"}
{"level":"debug","message":"[LIVE] TRX/USDC: checkRisk price=0.32620000 SL=0.28943200 TP=0.42757000 HWM=0.32890000 entry=0.32890000","timestamp":"2026-06-08T20:06:45.582Z"}
{"level":"debug","message":"[LIVE] BNB/USDC: checkRisk price=608.17000000 SL=573.78100000 TP=676.45760000 HWM=603.98000000 entry=603.98000000","timestamp":"2026-06-08T20:06:45.850Z"}
{"level":"debug","message":"[RISK-LOOP] checking 2 open position(s)","timestamp":"2026-06-08T20:08:45.130Z"}
{"level":"debug","message":"[LIVE] TRX/USDC: checkRisk price=0.32620000 SL=0.28943200 TP=0.42757000 HWM=0.32890000 entry=0.32890000","timestamp":"2026-06-08T20:08:45.584Z"}
{"level":"debug","message":"[LIVE] BNB/USDC: checkRisk price=607.63000000 SL=573.78100000 TP=676.45760000 HWM=603.98000000 entry=603.98000000","timestamp":"2026-06-08T20:08:45.848Z"}
{"level":"debug","message":"[RISK-LOOP] checking 2 open position(s)","timestamp":"2026-06-08T20:10:45.136Z"}
{"level":"debug","message":"[LIVE] TRX/USDC: checkRisk price=0.32620000 SL=0.28943200 TP=0.42757000 HWM=0.32890000 entry=0.32890000","timestamp":"2026-06-08T20:10:45.583Z"}
{"level":"debug","message":"[LIVE] BNB/USDC: checkRisk price=606.74000000 SL=573.78100000 TP=676.45760000 HWM=603.98000000 entry=603.98000000","timestamp":"2026-06-08T20:10:45.846Z"}
{"level":"debug","message":"[RISK-LOOP] checking 2 open position(s)","timestamp":"2026-06-08T20:12:45.317Z"}
{"level":"debug","message":"[LIVE] TRX/USDC: checkRisk price=0.32620000 SL=0.28943200 TP=0.42757000 HWM=0.32890000 entry=0.32890000","timestamp":"2026-06-08T20:12:45.765Z"}
{"level":"debug","message":"[LIVE] BNB/USDC: checkRisk price=607.16000000 SL=573.78100000 TP=676.45760000 HWM=603.98000000 entry=603.98000000","timestamp":"2026-06-08T20:12:46.029Z"}
{"level":"debug","message":"[RISK-LOOP] checking 2 open position(s)","timestamp":"2026-06-08T20:14:45.144Z"}
{"level":"debug","message":"[LIVE] TRX/USDC: checkRisk price=0.32620000 SL=0.28943200 TP=0.42757000 HWM=0.32890000 entry=0.32890000","timestamp":"2026-06-08T20:14:45.592Z"}
{"level":"debug","message":"[LIVE] BNB/USDC: checkRisk price=606.68000000 SL=573.78100000 TP=676.45760000 HWM=603.98000000 entry=603.98000000","timestamp":"2026-06-08T20:14:45.858Z"}
{"level":"debug","message":"[RISK-LOOP] checking 2 open position(s)","timestamp":"2026-06-08T20:16:45.133Z"}
{"level":"debug","message":"[LIVE] TRX/USDC: checkRisk price=0.32620000 SL=0.28943200 TP=0.42757000 HWM=0.32890000 entry=0.32890000","timestamp":"2026-06-08T20:16:45.580Z"}
{"level":"debug","message":"[LIVE] BNB/USDC: checkRisk price=606.57000000 SL=573.78100000 TP=676.45760000 HWM=603.98000000 entry=603.98000000","timestamp":"2026-06-08T20:16:45.851Z"}
{"level":"info","message":"[MTF-CACHE] 15m refresh complete: 37/37 symbols","timestamp":"2026-06-08T20:18:00.079Z"}
{"level":"debug","message":"[RISK-LOOP] checking 2 open position(s)","timestamp":"2026-06-08T20:18:45.133Z"}
{"level":"debug","message":"[LIVE] TRX/USDC: checkRisk price=0.32610000 SL=0.28943200 TP=0.42757000 HWM=0.32890000 entry=0.32890000","timestamp":"2026-06-08T20:18:45.578Z"}
{"level":"debug","message":"[LIVE] BNB/USDC: checkRisk price=605.90000000 SL=573.78100000 TP=676.45760000 HWM=603.98000000 entry=603.98000000","timestamp":"2026-06-08T20:18:45.847Z"}
{"level":"debug","message":"[RISK-LOOP] checking 2 open position(s)","timestamp":"2026-06-08T20:20:45.146Z"}
{"level":"debug","message":"[LIVE] TRX/USDC: checkRisk price=0.32610000 SL=0.28943200 TP=0.42757000 HWM=0.32890000 entry=0.32890000","timestamp":"2026-06-08T20:20:45.595Z"}
{"level":"debug","message":"[LIVE] BNB/USDC: checkRisk price=605.54000000 SL=573.78100000 TP=676.45760000 HWM=603.98000000 entry=603.98000000","timestamp":"2026-06-08T20:20:45.907Z"}
{"level":"debug","message":"[RISK-LOOP] checking 2 open position(s)","timestamp":"2026-06-08T20:22:45.326Z"}
{"level":"debug","message":"[LIVE] TRX/USDC: checkRisk price=0.32610000 SL=0.28943200 TP=0.42757000 HWM=0.32890000 entry=0.32890000","timestamp":"2026-06-08T20:22:45.773Z"}
{"level":"debug","message":"[LIVE] BNB/USDC: checkRisk price=606.49000000 SL=573.78100000 TP=676.45760000 HWM=603.98000000 entry=603.98000000","timestamp":"2026-06-08T20:22:46.042Z"}
{"level":"debug","message":"[RISK-LOOP] checking 2 open position(s)","timestamp":"2026-06-08T20:24:45.136Z"}
{"level":"debug","message":"[LIVE] TRX/USDC: checkRisk price=0.32610000 SL=0.28943200 TP=0.42757000 HWM=0.32890000 entry=0.32890000","timestamp":"2026-06-08T20:24:45.581Z"}
{"level":"debug","message":"[LIVE] BNB/USDC: checkRisk price=606.61000000 SL=573.78100000 TP=676.45760000 HWM=603.98000000 entry=603.98000000","timestamp":"2026-06-08T20:24:45.849Z"}
{"level":"debug","message":"[RISK-LOOP] checking 2 open position(s)","timestamp":"2026-06-08T20:26:45.138Z"}
{"level":"debug","message":"[LIVE] TRX/USDC: checkRisk price=0.32630000 SL=0.28943200 TP=0.42757000 HWM=0.32890000 entry=0.32890000","timestamp":"2026-06-08T20:26:45.582Z"}
{"level":"debug","message":"[LIVE] BNB/USDC: checkRisk price=606.38000000 SL=573.78100000 TP=676.45760000 HWM=603.98000000 entry=603.98000000","timestamp":"2026-06-08T20:26:45.850Z"}
{"level":"debug","message":"[RISK-LOOP] checking 2 open position(s)","timestamp":"2026-06-08T20:28:45.142Z"}
{"level":"debug","message":"[LIVE] TRX/USDC: checkRisk price=0.32620000 SL=0.28943200 TP=0.42757000 HWM=0.32890000 entry=0.32890000","timestamp":"2026-06-08T20:28:45.586Z"}
{"level":"debug","message":"[LIVE] BNB/USDC: checkRisk price=606.13000000 SL=573.78100000 TP=676.45760000 HWM=603.98000000 entry=603.98000000","timestamp":"2026-06-08T20:28:45.853Z"}
{"level":"debug","message":"[RISK-LOOP] checking 2 open position(s)","timestamp":"2026-06-08T20:30:45.150Z"}
{"level":"debug","message":"[LIVE] TRX/USDC: checkRisk price=0.32630000 SL=0.28943200 TP=0.42757000 HWM=0.32890000 entry=0.32890000","timestamp":"2026-06-08T20:30:45.592Z"}
{"level":"debug","message":"[LIVE] BNB/USDC: checkRisk price=605.64000000 SL=573.78100000 TP=676.45760000 HWM=603.98000000 entry=603.98000000","timestamp":"2026-06-08T20:30:45.858Z"}
{"level":"debug","message":"[RISK-LOOP] checking 2 open position(s)","timestamp":"2026-06-08T20:32:45.330Z"}
{"level":"debug","message":"[LIVE] TRX/USDC: checkRisk price=0.32640000 SL=0.28943200 TP=0.42757000 HWM=0.32890000 entry=0.32890000","timestamp":"2026-06-08T20:32:45.776Z"}
{"level":"debug","message":"[LIVE] BNB/USDC: checkRisk price=605.89000000 SL=573.78100000 TP=676.45760000 HWM=603.98000000 entry=603.98000000","timestamp":"2026-06-08T20:32:46.042Z"}
{"level":"info","message":"[MTF-CACHE] 15m refresh complete: 37/37 symbols","timestamp":"2026-06-08T20:33:00.082Z"}
{"level":"debug","message":"[RISK-LOOP] checking 2 open position(s)","timestamp":"2026-06-08T20:34:45.140Z"}
{"level":"debug","message":"[LIVE] TRX/USDC: checkRisk price=0.32640000 SL=0.28943200 TP=0.42757000 HWM=0.32890000 entry=0.32890000","timestamp":"2026-06-08T20:34:45.585Z"}
{"level":"debug","message":"[LIVE] BNB/USDC: checkRisk price=605.65000000 SL=573.78100000 TP=676.45760000 HWM=603.98000000 entry=603.98000000","timestamp":"2026-06-08T20:34:45.851Z"}
{"level":"debug","message":"[RISK-LOOP] checking 2 open position(s)","timestamp":"2026-06-08T20:36:45.155Z"}
{"level":"debug","message":"[LIVE] TRX/USDC: checkRisk price=0.32640000 SL=0.28943200 TP=0.42757000 HWM=0.32890000 entry=0.32890000","timestamp":"2026-06-08T20:36:45.602Z"}
{"level":"debug","message":"[LIVE] BNB/USDC: checkRisk price=606.01000000 SL=573.78100000 TP=676.45760000 HWM=603.98000000 entry=603.98000000","timestamp":"2026-06-08T20:36:45.868Z"}
{"level":"debug","message":"[RISK-LOOP] checking 2 open position(s)","timestamp":"2026-06-08T20:38:45.155Z"}
{"level":"debug","message":"[LIVE] TRX/USDC: checkRisk price=0.32650000 SL=0.28943200 TP=0.42757000 HWM=0.32890000 entry=0.32890000","timestamp":"2026-06-08T20:38:45.599Z"}
{"level":"debug","message":"[LIVE] BNB/USDC: checkRisk price=606.38000000 SL=573.78100000 TP=676.45760000 HWM=603.98000000 entry=603.98000000","timestamp":"2026-06-08T20:38:45.866Z"}
{"level":"debug","message":"[RISK-LOOP] checking 2 open position(s)","timestamp":"2026-06-08T20:40:45.157Z"}
{"level":"debug","message":"[LIVE] TRX/USDC: checkRisk price=0.32670000 SL=0.28943200 TP=0.42757000 HWM=0.32890000 entry=0.32890000","timestamp":"2026-06-08T20:40:45.601Z"}
{"level":"debug","message":"[LIVE] BNB/USDC: checkRisk price=606.84000000 SL=573.78100000 TP=676.45760000 HWM=603.98000000 entry=603.98000000","timestamp":"2026-06-08T20:40:45.867Z"}
{"level":"debug","message":"[RISK-LOOP] checking 2 open position(s)","timestamp":"2026-06-08T20:42:45.150Z"}
{"level":"debug","message":"[LIVE] TRX/USDC: checkRisk price=0.32660000 SL=0.28943200 TP=0.42757000 HWM=0.32890000 entry=0.32890000","timestamp":"2026-06-08T20:42:45.598Z"}
{"level":"debug","message":"[LIVE] BNB/USDC: checkRisk price=606.94000000 SL=573.78100000 TP=676.45760000 HWM=603.98000000 entry=603.98000000","timestamp":"2026-06-08T20:42:45.865Z"}
{"level":"debug","message":"[RISK-LOOP] checking 2 open position(s)","timestamp":"2026-06-08T20:44:45.148Z"}
{"level":"debug","message":"[LIVE] TRX/USDC: checkRisk price=0.32670000 SL=0.28943200 TP=0.42757000 HWM=0.32890000 entry=0.32890000","timestamp":"2026-06-08T20:44:45.594Z"}
{"level":"debug","message":"[LIVE] BNB/USDC: checkRisk price=606.63000000 SL=573.78100000 TP=676.45760000 HWM=603.98000000 entry=603.98000000","timestamp":"2026-06-08T20:44:45.863Z"}
{"level":"debug","message":"[RISK-LOOP] checking 2 open position(s)","timestamp":"2026-06-08T20:46:45.152Z"}
{"level":"debug","message":"[LIVE] TRX/USDC: checkRisk price=0.32670000 SL=0.28943200 TP=0.42757000 HWM=0.32890000 entry=0.32890000","timestamp":"2026-06-08T20:46:45.598Z"}
{"level":"debug","message":"[LIVE] BNB/USDC: checkRisk price=606.09000000 SL=573.78100000 TP=676.45760000 HWM=603.98000000 entry=603.98000000","timestamp":"2026-06-08T20:46:45.865Z"}
{"level":"info","message":"[MTF-CACHE] 15m refresh complete: 37/37 symbols","timestamp":"2026-06-08T20:48:00.543Z"}
{"level":"debug","message":"[RISK-LOOP] checking 2 open position(s)","timestamp":"2026-06-08T20:48:45.162Z"}
{"level":"debug","message":"[LIVE] TRX/USDC: checkRisk price=0.32680000 SL=0.28943200 TP=0.42757000 HWM=0.32890000 entry=0.32890000","timestamp":"2026-06-08T20:48:45.607Z"}
{"level":"debug","message":"[LIVE] BNB/USDC: checkRisk price=606.10000000 SL=573.78100000 TP=676.45760000 HWM=603.98000000 entry=603.98000000","timestamp":"2026-06-08T20:48:45.873Z"}
{"level":"debug","message":"[RISK-LOOP] checking 2 open position(s)","timestamp":"2026-06-08T20:50:45.165Z"}
{"level":"debug","message":"[LIVE] TRX/USDC: checkRisk price=0.32680000 SL=0.28943200 TP=0.42757000 HWM=0.32890000 entry=0.32890000","timestamp":"2026-06-08T20:50:45.615Z"}
{"level":"debug","message":"[LIVE] BNB/USDC: checkRisk price=605.98000000 SL=573.78100000 TP=676.45760000 HWM=603.98000000 entry=603.98000000","timestamp":"2026-06-08T20:50:45.887Z"}
{"level":"debug","message":"[RISK-LOOP] checking 2 open position(s)","timestamp":"2026-06-08T20:52:45.160Z"}
{"level":"debug","message":"[LIVE] TRX/USDC: checkRisk price=0.32650000 SL=0.28943200 TP=0.42757000 HWM=0.32890000 entry=0.32890000","timestamp":"2026-06-08T20:52:45.608Z"}
{"level":"debug","message":"[LIVE] BNB/USDC: checkRisk price=605.63000000 SL=573.78100000 TP=676.45760000 HWM=603.98000000 entry=603.98000000","timestamp":"2026-06-08T20:52:45.875Z"}
{"level":"debug","message":"[RISK-LOOP] checking 2 open position(s)","timestamp":"2026-06-08T20:54:45.163Z"}
{"level":"debug","message":"[LIVE] TRX/USDC: checkRisk price=0.32680000 SL=0.28943200 TP=0.42757000 HWM=0.32890000 entry=0.32890000","timestamp":"2026-06-08T20:54:45.612Z"}
{"level":"debug","message":"[LIVE] BNB/USDC: checkRisk price=606.22000000 SL=573.78100000 TP=676.45760000 HWM=603.98000000 entry=603.98000000","timestamp":"2026-06-08T20:54:45.879Z"}
{"level":"debug","message":"[RISK-LOOP] checking 2 open position(s)","timestamp":"2026-06-08T20:56:45.165Z"}
{"level":"debug","message":"[LIVE] TRX/USDC: checkRisk price=0.32680000 SL=0.28943200 TP=0.42757000 HWM=0.32890000 entry=0.32890000","timestamp":"2026-06-08T20:56:45.614Z"}
{"level":"debug","message":"[LIVE] BNB/USDC: checkRisk price=606.49000000 SL=573.78100000 TP=676.45760000 HWM=603.98000000 entry=603.98000000","timestamp":"2026-06-08T20:56:45.881Z"}
{"level":"debug","message":"[RISK-LOOP] checking 2 open position(s)","timestamp":"2026-06-08T20:58:45.163Z"}
{"level":"debug","message":"[LIVE] TRX/USDC: checkRisk price=0.32670000 SL=0.28943200 TP=0.42757000 HWM=0.32890000 entry=0.32890000","timestamp":"2026-06-08T20:58:45.609Z"}
{"level":"debug","message":"[LIVE] BNB/USDC: checkRisk price=606.50000000 SL=573.78100000 TP=676.45760000 HWM=603.98000000 entry=603.98000000","timestamp":"2026-06-08T20:58:45.878Z"}
{"level":"debug","message":"[RISK-LOOP] checking 2 open position(s)","timestamp":"2026-06-08T21:00:45.165Z"}
{"level":"debug","message":"[LIVE] TRX/USDC: checkRisk price=0.32690000 SL=0.28943200 TP=0.42757000 HWM=0.32890000 entry=0.32890000","timestamp":"2026-06-08T21:00:45.609Z"}
{"level":"debug","message":"[LIVE] BNB/USDC: checkRisk price=607.19000000 SL=573.78100000 TP=676.45760000 HWM=603.98000000 entry=603.98000000","timestamp":"2026-06-08T21:00:45.875Z"}
{"level":"debug","message":"[RISK-LOOP] checking 2 open position(s)","timestamp":"2026-06-08T21:02:45.166Z"}
{"level":"debug","message":"[LIVE] TRX/USDC: checkRisk price=0.32700000 SL=0.28943200 TP=0.42757000 HWM=0.32890000 entry=0.32890000","timestamp":"2026-06-08T21:02:45.614Z"}
{"level":"debug","message":"[LIVE] BNB/USDC: checkRisk price=607.66000000 SL=573.78100000 TP=676.45760000 HWM=603.98000000 entry=603.98000000","timestamp":"2026-06-08T21:02:45.880Z"}
{"level":"info","message":"[MTF-CACHE] 15m refresh complete: 37/37 symbols","timestamp":"2026-06-08T21:03:00.064Z"}
{"level":"debug","message":"[RISK-LOOP] checking 2 open position(s)","timestamp":"2026-06-08T21:04:45.155Z"}
{"level":"debug","message":"[LIVE] TRX/USDC: checkRisk price=0.32700000 SL=0.28943200 TP=0.42757000 HWM=0.32890000 entry=0.32890000","timestamp":"2026-06-08T21:04:45.603Z"}
{"level":"debug","message":"[LIVE] BNB/USDC: checkRisk price=608.03000000 SL=573.78100000 TP=676.45760000 HWM=603.98000000 entry=603.98000000","timestamp":"2026-06-08T21:04:45.870Z"}
{"level":"debug","message":"[RISK-LOOP] checking 2 open position(s)","timestamp":"2026-06-08T21:06:45.168Z"}
{"level":"debug","message":"[LIVE] TRX/USDC: checkRisk price=0.32750000 SL=0.28943200 TP=0.42757000 HWM=0.32890000 entry=0.32890000","timestamp":"2026-06-08T21:06:45.612Z"}
{"level":"debug","message":"[LIVE] BNB/USDC: checkRisk price=607.92000000 SL=573.78100000 TP=676.45760000 HWM=603.98000000 entry=603.98000000","timestamp":"2026-06-08T21:06:45.878Z"}
{"level":"debug","message":"[RISK-LOOP] checking 2 open position(s)","timestamp":"2026-06-08T21:08:45.156Z"}
{"level":"debug","message":"[LIVE] TRX/USDC: checkRisk price=0.32750000 SL=0.28943200 TP=0.42757000 HWM=0.32890000 entry=0.32890000","timestamp":"2026-06-08T21:08:45.606Z"}
{"level":"debug","message":"[LIVE] BNB/USDC: checkRisk price=608.98000000 SL=573.78100000 TP=676.45760000 HWM=603.98000000 entry=603.98000000","timestamp":"2026-06-08T21:08:45.876Z"}
{"level":"debug","message":"[RISK-LOOP] checking 2 open position(s)","timestamp":"2026-06-08T21:10:45.157Z"}
{"level":"debug","message":"[LIVE] TRX/USDC: checkRisk price=0.32750000 SL=0.28943200 TP=0.42757000 HWM=0.32890000 entry=0.32890000","timestamp":"2026-06-08T21:10:45.603Z"}
{"level":"debug","message":"[LIVE] BNB/USDC: checkRisk price=609.31000000 SL=573.78100000 TP=676.45760000 HWM=603.98000000 entry=603.98000000","timestamp":"2026-06-08T21:10:45.869Z"}
{"level":"debug","message":"[RISK-LOOP] checking 2 open position(s)","timestamp":"2026-06-08T21:12:45.161Z"}
{"level":"debug","message":"[LIVE] TRX/USDC: checkRisk price=0.32760000 SL=0.28943200 TP=0.42757000 HWM=0.32890000 entry=0.32890000","timestamp":"2026-06-08T21:12:45.606Z"}
{"level":"debug","message":"[LIVE] BNB/USDC: checkRisk price=609.97000000 SL=573.78100000 TP=676.45760000 HWM=603.98000000 entry=603.98000000","timestamp":"2026-06-08T21:12:45.873Z"}
{"level":"debug","message":"[RISK-LOOP] checking 2 open position(s)","timestamp":"2026-06-08T21:14:45.165Z"}
{"level":"debug","message":"[LIVE] TRX/USDC: checkRisk price=0.32760000 SL=0.28943200 TP=0.42757000 HWM=0.32890000 entry=0.32890000","timestamp":"2026-06-08T21:14:45.612Z"}
{"level":"debug","message":"[LIVE] BNB/USDC: checkRisk price=609.69000000 SL=573.78100000 TP=676.45760000 HWM=603.98000000 entry=603.98000000","timestamp":"2026-06-08T21:14:45.881Z"}
{"level":"debug","message":"[RISK-LOOP] checking 2 open position(s)","timestamp":"2026-06-08T21:16:45.156Z"}
{"level":"debug","message":"[LIVE] TRX/USDC: checkRisk price=0.32770000 SL=0.28943200 TP=0.42757000 HWM=0.32890000 entry=0.32890000","timestamp":"2026-06-08T21:16:45.601Z"}
{"level":"debug","message":"[LIVE] BNB/USDC: checkRisk price=609.75000000 SL=573.78100000 TP=676.45760000 HWM=603.98000000 entry=603.98000000","timestamp":"2026-06-08T21:16:45.866Z"}
{"level":"info","message":"[MTF-CACHE] 15m refresh complete: 37/37 symbols","timestamp":"2026-06-08T21:18:00.362Z"}
{"level":"debug","message":"[RISK-LOOP] checking 2 open position(s)","timestamp":"2026-06-08T21:18:45.173Z"}
{"level":"debug","message":"[LIVE] TRX/USDC: checkRisk price=0.32770000 SL=0.28943200 TP=0.42757000 HWM=0.32890000 entry=0.32890000","timestamp":"2026-06-08T21:18:45.620Z"}
{"level":"debug","message":"[LIVE] BNB/USDC: checkRisk price=608.63000000 SL=573.78100000 TP=676.45760000 HWM=603.98000000 entry=603.98000000","timestamp":"2026-06-08T21:18:45.886Z"}
{"level":"debug","message":"[RISK-LOOP] checking 2 open position(s)","timestamp":"2026-06-08T21:20:45.169Z"}
{"level":"debug","message":"[LIVE] TRX/USDC: checkRisk price=0.32760000 SL=0.28943200 TP=0.42757000 HWM=0.32890000 entry=0.32890000","timestamp":"2026-06-08T21:20:45.616Z"}
{"level":"debug","message":"[LIVE] BNB/USDC: checkRisk price=609.81000000 SL=573.78100000 TP=676.45760000 HWM=603.98000000 entry=603.98000000","timestamp":"2026-06-08T21:20:45.883Z"}
{"level":"debug","message":"[RISK-LOOP] checking 2 open position(s)","timestamp":"2026-06-08T21:22:45.218Z"}
{"level":"debug","message":"[LIVE] TRX/USDC: checkRisk price=0.32750000 SL=0.28943200 TP=0.42757000 HWM=0.32890000 entry=0.32890000","timestamp":"2026-06-08T21:22:45.664Z"}
{"level":"debug","message":"[LIVE] BNB/USDC: checkRisk price=609.47000000 SL=573.78100000 TP=676.45760000 HWM=603.98000000 entry=603.98000000","timestamp":"2026-06-08T21:22:45.931Z"}
{"level":"debug","message":"[RISK-LOOP] checking 2 open position(s)","timestamp":"2026-06-08T21:24:45.167Z"}
{"level":"debug","message":"[LIVE] TRX/USDC: checkRisk price=0.32770000 SL=0.28943200 TP=0.42757000 HWM=0.32890000 entry=0.32890000","timestamp":"2026-06-08T21:24:45.615Z"}
{"level":"debug","message":"[LIVE] BNB/USDC: checkRisk price=609.61000000 SL=573.78100000 TP=676.45760000 HWM=603.98000000 entry=603.98000000","timestamp":"2026-06-08T21:24:45.879Z"}
{"level":"debug","message":"[RISK-LOOP] checking 2 open position(s)","timestamp":"2026-06-08T21:26:45.172Z"}
{"level":"debug","message":"[LIVE] TRX/USDC: checkRisk price=0.32770000 SL=0.28943200 TP=0.42757000 HWM=0.32890000 entry=0.32890000","timestamp":"2026-06-08T21:26:45.618Z"}
{"level":"debug","message":"[LIVE] BNB/USDC: checkRisk price=609.98000000 SL=573.78100000 TP=676.45760000 HWM=603.98000000 entry=603.98000000","timestamp":"2026-06-08T21:26:45.886Z"}
{"level":"debug","message":"[RISK-LOOP] checking 2 open position(s)","timestamp":"2026-06-08T21:28:45.174Z"}
{"level":"debug","message":"[LIVE] TRX/USDC: checkRisk price=0.32770000 SL=0.28943200 TP=0.42757000 HWM=0.32890000 entry=0.32890000","timestamp":"2026-06-08T21:28:45.619Z"}
{"level":"debug","message":"[LIVE] BNB/USDC: checkRisk price=609.35000000 SL=573.78100000 TP=676.45760000 HWM=603.98000000 entry=603.98000000","timestamp":"2026-06-08T21:28:45.883Z"}
{"level":"debug","message":"[RISK-LOOP] checking 2 open position(s)","timestamp":"2026-06-08T21:30:45.212Z"}
{"level":"debug","message":"[LIVE] TRX/USDC: checkRisk price=0.32740000 SL=0.28943200 TP=0.42757000 HWM=0.32890000 entry=0.32890000","timestamp":"2026-06-08T21:30:45.657Z"}
{"level":"debug","message":"[LIVE] BNB/USDC: checkRisk price=609.63000000 SL=573.78100000 TP=676.45760000 HWM=603.98000000 entry=603.98000000","timestamp":"2026-06-08T21:30:45.923Z"}
{"level":"debug","message":"[RISK-LOOP] checking 2 open position(s)","timestamp":"2026-06-08T21:32:45.232Z"}
{"level":"debug","message":"[LIVE] TRX/USDC: checkRisk price=0.32740000 SL=0.28943200 TP=0.42757000 HWM=0.32890000 entry=0.32890000","timestamp":"2026-06-08T21:32:45.675Z"}
{"level":"debug","message":"[LIVE] BNB/USDC: checkRisk price=609.31000000 SL=573.78100000 TP=676.45760000 HWM=603.98000000 entry=603.98000000","timestamp":"2026-06-08T21:32:45.939Z"}
{"level":"info","message":"[MTF-CACHE] 15m refresh complete: 37/37 symbols","timestamp":"2026-06-08T21:33:00.978Z"}
{"level":"debug","message":"[RISK-LOOP] checking 2 open position(s)","timestamp":"2026-06-08T21:34:45.171Z"}
{"level":"debug","message":"[LIVE] TRX/USDC: checkRisk price=0.32760000 SL=0.28943200 TP=0.42757000 HWM=0.32890000 entry=0.32890000","timestamp":"2026-06-08T21:34:45.621Z"}
{"level":"debug","message":"[LIVE] BNB/USDC: checkRisk price=609.25000000 SL=573.78100000 TP=676.45760000 HWM=603.98000000 entry=603.98000000","timestamp":"2026-06-08T21:34:45.887Z"}
{"level":"debug","message":"[RISK-LOOP] checking 2 open position(s)","timestamp":"2026-06-08T21:36:45.164Z"}
{"level":"debug","message":"[LIVE] TRX/USDC: checkRisk price=0.32760000 SL=0.28943200 TP=0.42757000 HWM=0.32890000 entry=0.32890000","timestamp":"2026-06-08T21:36:45.607Z"}
{"level":"debug","message":"[LIVE] BNB/USDC: checkRisk price=609.77000000 SL=573.78100000 TP=676.45760000 HWM=603.98000000 entry=603.98000000","timestamp":"2026-06-08T21:36:45.875Z"}
{"level":"debug","message":"[RISK-LOOP] checking 2 open position(s)","timestamp":"2026-06-08T21:38:45.206Z"}
{"level":"debug","message":"[LIVE] TRX/USDC: checkRisk price=0.32760000 SL=0.28943200 TP=0.42757000 HWM=0.32890000 entry=0.32890000","timestamp":"2026-06-08T21:38:45.652Z"}
{"level":"debug","message":"[LIVE] BNB/USDC: checkRisk price=609.66000000 SL=573.78100000 TP=676.45760000 HWM=603.98000000 entry=603.98000000","timestamp":"2026-06-08T21:38:45.917Z"}
{"level":"debug","message":"[RISK-LOOP] checking 2 open position(s)","timestamp":"2026-06-08T21:40:45.245Z"}
{"level":"debug","message":"[LIVE] TRX/USDC: checkRisk price=0.32750000 SL=0.28943200 TP=0.42757000 HWM=0.32890000 entry=0.32890000","timestamp":"2026-06-08T21:40:45.693Z"}
{"level":"debug","message":"[LIVE] BNB/USDC: checkRisk price=609.96000000 SL=573.78100000 TP=676.45760000 HWM=603.98000000 entry=603.98000000","timestamp":"2026-06-08T21:40:45.956Z"}
{"level":"debug","message":"[RISK-LOOP] checking 2 open position(s)","timestamp":"2026-06-08T21:42:45.343Z"}
{"level":"debug","message":"[LIVE] TRX/USDC: checkRisk price=0.32760000 SL=0.28943200 TP=0.42757000 HWM=0.32890000 entry=0.32890000","timestamp":"2026-06-08T21:42:45.609Z"}
{"level":"debug","message":"[LIVE] BNB/USDC: checkRisk price=609.96000000 SL=573.78100000 TP=676.45760000 HWM=603.98000000 entry=603.98000000","timestamp":"2026-06-08T21:42:45.873Z"}
{"level":"debug","message":"[RISK-LOOP] checking 2 open position(s)","timestamp":"2026-06-08T21:44:45.334Z"}
{"level":"debug","message":"[LIVE] TRX/USDC: checkRisk price=0.32740000 SL=0.28943200 TP=0.42757000 HWM=0.32890000 entry=0.32890000","timestamp":"2026-06-08T21:44:45.779Z"}
{"level":"debug","message":"[LIVE] BNB/USDC: checkRisk price=609.70000000 SL=573.78100000 TP=676.45760000 HWM=603.98000000 entry=603.98000000","timestamp":"2026-06-08T21:44:46.045Z"}
{"level":"debug","message":"[RISK-LOOP] checking 2 open position(s)","timestamp":"2026-06-08T21:46:45.359Z"}
{"level":"debug","message":"[LIVE] TRX/USDC: checkRisk price=0.32730000 SL=0.28943200 TP=0.42757000 HWM=0.32890000 entry=0.32890000","timestamp":"2026-06-08T21:46:45.628Z"}
{"level":"debug","message":"[LIVE] BNB/USDC: checkRisk price=609.64000000 SL=573.78100000 TP=676.45760000 HWM=603.98000000 entry=603.98000000","timestamp":"2026-06-08T21:46:45.892Z"}
{"level":"info","message":"[MTF-CACHE] 15m refresh complete: 37/37 symbols","timestamp":"2026-06-08T21:48:00.247Z"}
{"level":"debug","message":"[RISK-LOOP] checking 2 open position(s)","timestamp":"2026-06-08T21:48:45.354Z"}
{"level":"debug","message":"[LIVE] TRX/USDC: checkRisk price=0.32750000 SL=0.28943200 TP=0.42757000 HWM=0.32890000 entry=0.32890000","timestamp":"2026-06-08T21:48:45.618Z"}
{"level":"debug","message":"[LIVE] BNB/USDC: checkRisk price=609.44000000 SL=573.78100000 TP=676.45760000 HWM=603.98000000 entry=603.98000000","timestamp":"2026-06-08T21:48:45.885Z"}
{"level":"debug","message":"[RISK-LOOP] checking 2 open position(s)","timestamp":"2026-06-08T21:50:45.345Z"}
{"level":"debug","message":"[LIVE] TRX/USDC: checkRisk price=0.32730000 SL=0.28943200 TP=0.42757000 HWM=0.32890000 entry=0.32890000","timestamp":"2026-06-08T21:50:45.612Z"}
{"level":"debug","message":"[LIVE] BNB/USDC: checkRisk price=609.38000000 SL=573.78100000 TP=676.45760000 HWM=603.98000000 entry=603.98000000","timestamp":"2026-06-08T21:50:45.878Z"}
{"level":"debug","message":"[RISK-LOOP] checking 2 open position(s)","timestamp":"2026-06-08T21:52:45.432Z"}
{"level":"debug","message":"[LIVE] TRX/USDC: checkRisk price=0.32740000 SL=0.28943200 TP=0.42757000 HWM=0.32890000 entry=0.32890000","timestamp":"2026-06-08T21:52:45.718Z"}
{"level":"debug","message":"[LIVE] BNB/USDC: checkRisk price=608.93000000 SL=573.78100000 TP=676.45760000 HWM=603.98000000 entry=603.98000000","timestamp":"2026-06-08T21:52:45.983Z"}
{"level":"debug","message":"[RISK-LOOP] checking 2 open position(s)","timestamp":"2026-06-08T21:54:45.346Z"}
{"level":"debug","message":"[LIVE] TRX/USDC: checkRisk price=0.32750000 SL=0.28943200 TP=0.42757000 HWM=0.32890000 entry=0.32890000","timestamp":"2026-06-08T21:54:45.615Z"}
{"level":"debug","message":"[LIVE] BNB/USDC: checkRisk price=608.66000000 SL=573.78100000 TP=676.45760000 HWM=603.98000000 entry=603.98000000","timestamp":"2026-06-08T21:54:45.881Z"}
{"level":"debug","message":"[RISK-LOOP] checking 2 open position(s)","timestamp":"2026-06-08T21:56:45.365Z"}
{"level":"debug","message":"[LIVE] TRX/USDC: checkRisk price=0.32740000 SL=0.28943200 TP=0.42757000 HWM=0.32890000 entry=0.32890000","timestamp":"2026-06-08T21:56:45.639Z"}
{"level":"debug","message":"[LIVE] BNB/USDC: checkRisk price=608.31000000 SL=573.78100000 TP=676.45760000 HWM=603.98000000 entry=603.98000000","timestamp":"2026-06-08T21:56:45.905Z"}
{"level":"debug","message":"[RISK-LOOP] checking 2 open position(s)","timestamp":"2026-06-08T21:58:45.180Z"}
{"level":"debug","message":"[LIVE] TRX/USDC: checkRisk price=0.32720000 SL=0.28943200 TP=0.42757000 HWM=0.32890000 entry=0.32890000","timestamp":"2026-06-08T21:58:45.631Z"}
{"level":"debug","message":"[LIVE] BNB/USDC: checkRisk price=608.33000000 SL=573.78100000 TP=676.45760000 HWM=603.98000000 entry=603.98000000","timestamp":"2026-06-08T21:58:45.898Z"}
{"level":"debug","message":"[RISK-LOOP] checking 2 open position(s)","timestamp":"2026-06-08T22:00:45.167Z"}
{"level":"debug","message":"[LIVE] TRX/USDC: checkRisk price=0.32710000 SL=0.28943200 TP=0.42757000 HWM=0.32890000 entry=0.32890000","timestamp":"2026-06-08T22:00:45.647Z"}
{"level":"debug","message":"[LIVE] BNB/USDC: checkRisk price=606.81000000 SL=573.78100000 TP=676.45760000 HWM=603.98000000 entry=603.98000000","timestamp":"2026-06-08T22:00:45.915Z"}
{"level":"debug","message":"[RISK-LOOP] checking 2 open position(s)","timestamp":"2026-06-08T22:02:45.359Z"}
{"level":"debug","message":"[LIVE] TRX/USDC: checkRisk price=0.32720000 SL=0.28943200 TP=0.42757000 HWM=0.32890000 entry=0.32890000","timestamp":"2026-06-08T22:02:45.806Z"}
{"level":"debug","message":"[LIVE] BNB/USDC: checkRisk price=607.42000000 SL=573.78100000 TP=676.45760000 HWM=603.98000000 entry=603.98000000","timestamp":"2026-06-08T22:02:46.077Z"}
{"level":"info","message":"[MTF-CACHE] 15m refresh complete: 37/37 symbols","timestamp":"2026-06-08T22:03:00.115Z"}
{"level":"debug","message":"[RISK-LOOP] checking 2 open position(s)","timestamp":"2026-06-08T22:04:45.182Z"}
{"level":"debug","message":"[LIVE] TRX/USDC: checkRisk price=0.32720000 SL=0.28943200 TP=0.42757000 HWM=0.32890000 entry=0.32890000","timestamp":"2026-06-08T22:04:45.748Z"}
{"level":"debug","message":"[LIVE] BNB/USDC: checkRisk price=607.08000000 SL=573.78100000 TP=676.45760000 HWM=603.98000000 entry=603.98000000","timestamp":"2026-06-08T22:04:46.011Z"}
{"level":"debug","message":"[RISK-LOOP] checking 2 open position(s)","timestamp":"2026-06-08T22:06:45.181Z"}
{"level":"debug","message":"[LIVE] TRX/USDC: checkRisk price=0.32720000 SL=0.28943200 TP=0.42757000 HWM=0.32890000 entry=0.32890000","timestamp":"2026-06-08T22:06:45.808Z"}
{"level":"debug","message":"[LIVE] BNB/USDC: checkRisk price=606.92000000 SL=573.78100000 TP=676.45760000 HWM=603.98000000 entry=603.98000000","timestamp":"2026-06-08T22:06:46.073Z"}
{"level":"debug","message":"[RISK-LOOP] checking 2 open position(s)","timestamp":"2026-06-08T22:08:45.181Z"}
{"level":"debug","message":"[LIVE] TRX/USDC: checkRisk price=0.32710000 SL=0.28943200 TP=0.42757000 HWM=0.32890000 entry=0.32890000","timestamp":"2026-06-08T22:08:45.628Z"}
{"level":"debug","message":"[LIVE] BNB/USDC: checkRisk price=606.89000000 SL=573.78100000 TP=676.45760000 HWM=603.98000000 entry=603.98000000","timestamp":"2026-06-08T22:08:46.073Z"}
{"level":"debug","message":"[RISK-LOOP] checking 2 open position(s)","timestamp":"2026-06-08T22:10:45.171Z"}
{"level":"debug","message":"[LIVE] TRX/USDC: checkRisk price=0.32690000 SL=0.28943200 TP=0.42757000 HWM=0.32890000 entry=0.32890000","timestamp":"2026-06-08T22:10:45.616Z"}
{"level":"debug","message":"[LIVE] BNB/USDC: checkRisk price=606.22000000 SL=573.78100000 TP=676.45760000 HWM=603.98000000 entry=603.98000000","timestamp":"2026-06-08T22:10:46.066Z"}
{"level":"debug","message":"[RISK-LOOP] checking 2 open position(s)","timestamp":"2026-06-08T22:12:45.366Z"}
{"level":"debug","message":"[LIVE] TRX/USDC: checkRisk price=0.32700000 SL=0.28943200 TP=0.42757000 HWM=0.32890000 entry=0.32890000","timestamp":"2026-06-08T22:12:45.992Z"}
{"level":"debug","message":"[LIVE] BNB/USDC: checkRisk price=606.63000000 SL=573.78100000 TP=676.45760000 HWM=603.98000000 entry=603.98000000","timestamp":"2026-06-08T22:12:46.258Z"}
{"level":"debug","message":"[RISK-LOOP] checking 2 open position(s)","timestamp":"2026-06-08T22:14:45.175Z"}
{"level":"debug","message":"[LIVE] TRX/USDC: checkRisk price=0.32690000 SL=0.28943200 TP=0.42757000 HWM=0.32890000 entry=0.32890000","timestamp":"2026-06-08T22:14:45.622Z"}
{"level":"debug","message":"[LIVE] BNB/USDC: checkRisk price=605.67000000 SL=573.78100000 TP=676.45760000 HWM=603.98000000 entry=603.98000000","timestamp":"2026-06-08T22:14:46.066Z"}
{"level":"debug","message":"[RISK-LOOP] checking 2 open position(s)","timestamp":"2026-06-08T22:16:45.185Z"}
{"level":"debug","message":"[LIVE] TRX/USDC: checkRisk price=0.32700000 SL=0.28943200 TP=0.42757000 HWM=0.32890000 entry=0.32890000","timestamp":"2026-06-08T22:16:45.633Z"}
{"level":"debug","message":"[LIVE] BNB/USDC: checkRisk price=605.31000000 SL=573.78100000 TP=676.45760000 HWM=603.98000000 entry=603.98000000","timestamp":"2026-06-08T22:16:46.077Z"}
{"level":"info","message":"[MTF-CACHE] 15m refresh complete: 37/37 symbols","timestamp":"2026-06-08T22:18:01.007Z"}
{"level":"debug","message":"[RISK-LOOP] checking 2 open position(s)","timestamp":"2026-06-08T22:18:45.177Z"}
{"level":"debug","message":"[LIVE] TRX/USDC: checkRisk price=0.32700000 SL=0.28943200 TP=0.42757000 HWM=0.32890000 entry=0.32890000","timestamp":"2026-06-08T22:18:45.624Z"}
{"level":"debug","message":"[LIVE] BNB/USDC: checkRisk price=604.90000000 SL=573.78100000 TP=676.45760000 HWM=603.98000000 entry=603.98000000","timestamp":"2026-06-08T22:18:46.069Z"}
{"level":"debug","message":"[RISK-LOOP] checking 2 open position(s)","timestamp":"2026-06-08T22:20:45.187Z"}
{"level":"debug","message":"[LIVE] TRX/USDC: checkRisk price=0.32690000 SL=0.28943200 TP=0.42757000 HWM=0.32890000 entry=0.32890000","timestamp":"2026-06-08T22:20:45.634Z"}
{"level":"debug","message":"[LIVE] BNB/USDC: checkRisk price=605.08000000 SL=573.78100000 TP=676.45760000 HWM=603.98000000 entry=603.98000000","timestamp":"2026-06-08T22:20:46.078Z"}
{"level":"debug","message":"[RISK-LOOP] checking 2 open position(s)","timestamp":"2026-06-08T22:22:45.363Z"}
{"level":"debug","message":"[LIVE] TRX/USDC: checkRisk price=0.32710000 SL=0.28943200 TP=0.42757000 HWM=0.32890000 entry=0.32890000","timestamp":"2026-06-08T22:22:45.807Z"}
{"level":"debug","message":"[LIVE] BNB/USDC: checkRisk price=605.80000000 SL=573.78100000 TP=676.45760000 HWM=603.98000000 entry=603.98000000","timestamp":"2026-06-08T22:22:46.251Z"}
{"level":"debug","message":"[RISK-LOOP] checking 2 open position(s)","timestamp":"2026-06-08T22:24:45.177Z"}
{"level":"debug","message":"[LIVE] TRX/USDC: checkRisk price=0.32720000 SL=0.28943200 TP=0.42757000 HWM=0.32890000 entry=0.32890000","timestamp":"2026-06-08T22:24:45.622Z"}
{"level":"debug","message":"[LIVE] BNB/USDC: checkRisk price=605.53000000 SL=573.78100000 TP=676.45760000 HWM=603.98000000 entry=603.98000000","timestamp":"2026-06-08T22:24:45.887Z"}
{"level":"debug","message":"[RISK-LOOP] checking 2 open position(s)","timestamp":"2026-06-08T22:26:45.189Z"}
{"level":"debug","message":"[LIVE] TRX/USDC: checkRisk price=0.32700000 SL=0.28943200 TP=0.42757000 HWM=0.32890000 entry=0.32890000","timestamp":"2026-06-08T22:26:45.631Z"}
{"level":"debug","message":"[LIVE] BNB/USDC: checkRisk price=605.68000000 SL=573.78100000 TP=676.45760000 HWM=603.98000000 entry=603.98000000","timestamp":"2026-06-08T22:26:45.895Z"}
{"level":"debug","message":"[RISK-LOOP] checking 2 open position(s)","timestamp":"2026-06-08T22:28:45.178Z"}
{"level":"debug","message":"[LIVE] TRX/USDC: checkRisk price=0.32710000 SL=0.28943200 TP=0.42757000 HWM=0.32890000 entry=0.32890000","timestamp":"2026-06-08T22:28:45.621Z"}
{"level":"debug","message":"[LIVE] BNB/USDC: checkRisk price=605.27000000 SL=573.78100000 TP=676.45760000 HWM=603.98000000 entry=603.98000000","timestamp":"2026-06-08T22:28:45.887Z"}
{"level":"debug","message":"[RISK-LOOP] checking 2 open position(s)","timestamp":"2026-06-08T22:30:45.188Z"}
{"level":"debug","message":"[LIVE] TRX/USDC: checkRisk price=0.32710000 SL=0.28943200 TP=0.42757000 HWM=0.32890000 entry=0.32890000","timestamp":"2026-06-08T22:30:45.633Z"}
{"level":"debug","message":"[LIVE] BNB/USDC: checkRisk price=605.62000000 SL=573.78100000 TP=676.45760000 HWM=603.98000000 entry=603.98000000","timestamp":"2026-06-08T22:30:45.899Z"}
{"level":"debug","message":"[RISK-LOOP] checking 2 open position(s)","timestamp":"2026-06-08T22:32:45.367Z"}
{"level":"debug","message":"[LIVE] TRX/USDC: checkRisk price=0.32730000 SL=0.28943200 TP=0.42757000 HWM=0.32890000 entry=0.32890000","timestamp":"2026-06-08T22:32:45.811Z"}
{"level":"debug","message":"[LIVE] BNB/USDC: checkRisk price=605.87000000 SL=573.78100000 TP=676.45760000 HWM=603.98000000 entry=603.98000000","timestamp":"2026-06-08T22:32:46.531Z"}
{"level":"info","message":"[MTF-CACHE] 15m refresh complete: 37/37 symbols","timestamp":"2026-06-08T22:33:00.009Z"}
{"level":"debug","message":"[RISK-LOOP] checking 2 open position(s)","timestamp":"2026-06-08T22:34:45.184Z"}
{"level":"debug","message":"[LIVE] TRX/USDC: checkRisk price=0.32720000 SL=0.28943200 TP=0.42757000 HWM=0.32890000 entry=0.32890000","timestamp":"2026-06-08T22:34:45.627Z"}
{"level":"debug","message":"[LIVE] BNB/USDC: checkRisk price=604.93000000 SL=573.78100000 TP=676.45760000 HWM=603.98000000 entry=603.98000000","timestamp":"2026-06-08T22:34:45.893Z"}
{"level":"debug","message":"[RISK-LOOP] checking 2 open position(s)","timestamp":"2026-06-08T22:36:45.197Z"}
{"level":"debug","message":"[LIVE] TRX/USDC: checkRisk price=0.32730000 SL=0.28943200 TP=0.42757000 HWM=0.32890000 entry=0.32890000","timestamp":"2026-06-08T22:36:45.644Z"}
{"level":"debug","message":"[LIVE] BNB/USDC: checkRisk price=605.71000000 SL=573.78100000 TP=676.45760000 HWM=603.98000000 entry=603.98000000","timestamp":"2026-06-08T22:36:45.909Z"}
{"level":"debug","message":"[RISK-LOOP] checking 2 open position(s)","timestamp":"2026-06-08T22:38:45.195Z"}
{"level":"debug","message":"[LIVE] TRX/USDC: checkRisk price=0.32730000 SL=0.28943200 TP=0.42757000 HWM=0.32890000 entry=0.32890000","timestamp":"2026-06-08T22:38:45.639Z"}
{"level":"debug","message":"[LIVE] BNB/USDC: checkRisk price=605.46000000 SL=573.78100000 TP=676.45760000 HWM=603.98000000 entry=603.98000000","timestamp":"2026-06-08T22:38:45.904Z"}
{"level":"debug","message":"[RISK-LOOP] checking 2 open position(s)","timestamp":"2026-06-08T22:40:45.187Z"}
{"level":"debug","message":"[LIVE] TRX/USDC: checkRisk price=0.32740000 SL=0.28943200 TP=0.42757000 HWM=0.32890000 entry=0.32890000","timestamp":"2026-06-08T22:40:45.631Z"}
{"level":"debug","message":"[LIVE] BNB/USDC: checkRisk price=605.50000000 SL=573.78100000 TP=676.45760000 HWM=603.98000000 entry=603.98000000","timestamp":"2026-06-08T22:40:45.896Z"}
{"level":"debug","message":"[RISK-LOOP] checking 2 open position(s)","timestamp":"2026-06-08T22:42:45.372Z"}
{"level":"debug","message":"[LIVE] TRX/USDC: checkRisk price=0.32730000 SL=0.28943200 TP=0.42757000 HWM=0.32890000 entry=0.32890000","timestamp":"2026-06-08T22:42:45.818Z"}
{"level":"debug","message":"[LIVE] BNB/USDC: checkRisk price=605.20000000 SL=573.78100000 TP=676.45760000 HWM=603.98000000 entry=603.98000000","timestamp":"2026-06-08T22:42:46.082Z"}
{"level":"debug","message":"[RISK-LOOP] checking 2 open position(s)","timestamp":"2026-06-08T22:44:45.217Z"}
{"level":"debug","message":"[LIVE] TRX/USDC: checkRisk price=0.32730000 SL=0.28943200 TP=0.42757000 HWM=0.32890000 entry=0.32890000","timestamp":"2026-06-08T22:44:45.661Z"}
{"level":"debug","message":"[LIVE] BNB/USDC: checkRisk price=605.23000000 SL=573.78100000 TP=676.45760000 HWM=603.98000000 entry=603.98000000","timestamp":"2026-06-08T22:44:45.926Z"}
{"level":"debug","message":"[RISK-LOOP] checking 2 open position(s)","timestamp":"2026-06-08T22:46:45.190Z"}
{"level":"debug","message":"[LIVE] TRX/USDC: checkRisk price=0.32730000 SL=0.28943200 TP=0.42757000 HWM=0.32890000 entry=0.32890000","timestamp":"2026-06-08T22:46:45.637Z"}
{"level":"debug","message":"[LIVE] BNB/USDC: checkRisk price=604.58000000 SL=573.78100000 TP=676.45760000 HWM=603.98000000 entry=603.98000000","timestamp":"2026-06-08T22:46:45.900Z"}
{"level":"info","message":"[MTF-CACHE] 15m refresh complete: 37/37 symbols","timestamp":"2026-06-08T22:48:00.510Z"}
{"level":"debug","message":"[RISK-LOOP] checking 2 open position(s)","timestamp":"2026-06-08T22:48:45.191Z"}
{"level":"debug","message":"[LIVE] TRX/USDC: checkRisk price=0.32710000 SL=0.28943200 TP=0.42757000 HWM=0.32890000 entry=0.32890000","timestamp":"2026-06-08T22:48:45.636Z"}
{"level":"debug","message":"[LIVE] BNB/USDC: checkRisk price=604.39000000 SL=573.78100000 TP=676.45760000 HWM=603.98000000 entry=603.98000000","timestamp":"2026-06-08T22:48:45.901Z"}
{"level":"debug","message":"[RISK-LOOP] checking 2 open position(s)","timestamp":"2026-06-08T22:50:45.197Z"}
{"level":"debug","message":"[LIVE] TRX/USDC: checkRisk price=0.32700000 SL=0.28943200 TP=0.42757000 HWM=0.32890000 entry=0.32890000","timestamp":"2026-06-08T22:50:45.641Z"}
{"level":"debug","message":"[LIVE] BNB/USDC: checkRisk price=605.02000000 SL=573.78100000 TP=676.45760000 HWM=603.98000000 entry=603.98000000","timestamp":"2026-06-08T22:50:45.905Z"}
{"level":"debug","message":"[RISK-LOOP] checking 2 open position(s)","timestamp":"2026-06-08T22:52:45.380Z"}
{"level":"debug","message":"[LIVE] TRX/USDC: checkRisk price=0.32700000 SL=0.28943200 TP=0.42757000 HWM=0.32890000 entry=0.32890000","timestamp":"2026-06-08T22:52:45.824Z"}
{"level":"debug","message":"[LIVE] BNB/USDC: checkRisk price=604.89000000 SL=573.78100000 TP=676.45760000 HWM=603.98000000 entry=603.98000000","timestamp":"2026-06-08T22:52:46.088Z"}
{"level":"debug","message":"[RISK-LOOP] checking 2 open position(s)","timestamp":"2026-06-08T22:54:45.203Z"}
{"level":"debug","message":"[LIVE] TRX/USDC: checkRisk price=0.32700000 SL=0.28943200 TP=0.42757000 HWM=0.32890000 entry=0.32890000","timestamp":"2026-06-08T22:54:45.646Z"}
{"level":"debug","message":"[LIVE] BNB/USDC: checkRisk price=605.02000000 SL=573.78100000 TP=676.45760000 HWM=603.98000000 entry=603.98000000","timestamp":"2026-06-08T22:54:45.908Z"}
{"level":"debug","message":"[RISK-LOOP] checking 2 open position(s)","timestamp":"2026-06-08T22:56:45.191Z"}
{"level":"debug","message":"[LIVE] TRX/USDC: checkRisk price=0.32710000 SL=0.28943200 TP=0.42757000 HWM=0.32890000 entry=0.32890000","timestamp":"2026-06-08T22:56:45.635Z"}
{"level":"debug","message":"[LIVE] BNB/USDC: checkRisk price=605.41000000 SL=573.78100000 TP=676.45760000 HWM=603.98000000 entry=603.98000000","timestamp":"2026-06-08T22:56:45.899Z"}
{"level":"debug","message":"[RISK-LOOP] checking 2 open position(s)","timestamp":"2026-06-08T22:58:45.204Z"}
{"level":"debug","message":"[LIVE] TRX/USDC: checkRisk price=0.32710000 SL=0.28943200 TP=0.42757000 HWM=0.32890000 entry=0.32890000","timestamp":"2026-06-08T22:58:45.649Z"}
{"level":"debug","message":"[LIVE] BNB/USDC: checkRisk price=605.81000000 SL=573.78100000 TP=676.45760000 HWM=603.98000000 entry=603.98000000","timestamp":"2026-06-08T22:58:45.913Z"}
{"level":"debug","message":"[RISK-LOOP] checking 2 open position(s)","timestamp":"2026-06-08T23:00:45.192Z"}
{"level":"debug","message":"[LIVE] TRX/USDC: checkRisk price=0.32690000 SL=0.28943200 TP=0.42757000 HWM=0.32890000 entry=0.32890000","timestamp":"2026-06-08T23:00:45.634Z"}
{"level":"debug","message":"[LIVE] BNB/USDC: checkRisk price=606.40000000 SL=573.78100000 TP=676.45760000 HWM=603.98000000 entry=603.98000000","timestamp":"2026-06-08T23:00:45.898Z"}
{"level":"debug","message":"[RISK-LOOP] checking 2 open position(s)","timestamp":"2026-06-08T23:02:45.381Z"}
{"level":"debug","message":"[LIVE] TRX/USDC: checkRisk price=0.32700000 SL=0.28943200 TP=0.42757000 HWM=0.32890000 entry=0.32890000","timestamp":"2026-06-08T23:02:45.823Z"}
{"level":"debug","message":"[LIVE] BNB/USDC: checkRisk price=606.84000000 SL=573.78100000 TP=676.45760000 HWM=603.98000000 entry=603.98000000","timestamp":"2026-06-08T23:02:46.089Z"}
{"level":"info","message":"[MTF-CACHE] 15m refresh complete: 37/37 symbols","timestamp":"2026-06-08T23:03:00.487Z"}
{"level":"debug","message":"[RISK-LOOP] checking 2 open position(s)","timestamp":"2026-06-08T23:04:45.208Z"}
{"level":"debug","message":"[LIVE] TRX/USDC: checkRisk price=0.32710000 SL=0.28943200 TP=0.42757000 HWM=0.32890000 entry=0.32890000","timestamp":"2026-06-08T23:04:45.652Z"}
{"level":"debug","message":"[LIVE] BNB/USDC: checkRisk price=606.67000000 SL=573.78100000 TP=676.45760000 HWM=603.98000000 entry=603.98000000","timestamp":"2026-06-08T23:04:45.919Z"}
{"level":"debug","message":"[RISK-LOOP] checking 2 open position(s)","timestamp":"2026-06-08T23:06:45.195Z"}
{"level":"debug","message":"[LIVE] TRX/USDC: checkRisk price=0.32710000 SL=0.28943200 TP=0.42757000 HWM=0.32890000 entry=0.32890000","timestamp":"2026-06-08T23:06:45.640Z"}
{"level":"debug","message":"[LIVE] BNB/USDC: checkRisk price=606.22000000 SL=573.78100000 TP=676.45760000 HWM=603.98000000 entry=603.98000000","timestamp":"2026-06-08T23:06:45.907Z"}
{"level":"debug","message":"[RISK-LOOP] checking 2 open position(s)","timestamp":"2026-06-08T23:08:45.210Z"}
{"level":"debug","message":"[LIVE] TRX/USDC: checkRisk price=0.32730000 SL=0.28943200 TP=0.42757000 HWM=0.32890000 entry=0.32890000","timestamp":"2026-06-08T23:08:45.654Z"}
{"level":"debug","message":"[LIVE] BNB/USDC: checkRisk price=606.84000000 SL=573.78100000 TP=676.45760000 HWM=603.98000000 entry=603.98000000","timestamp":"2026-06-08T23:08:45.918Z"}
{"level":"debug","message":"[RISK-LOOP] checking 2 open position(s)","timestamp":"2026-06-08T23:10:45.198Z"}
{"level":"debug","message":"[LIVE] TRX/USDC: checkRisk price=0.32700000 SL=0.28943200 TP=0.42757000 HWM=0.32890000 entry=0.32890000","timestamp":"2026-06-08T23:10:45.644Z"}
{"level":"debug","message":"[LIVE] BNB/USDC: checkRisk price=606.34000000 SL=573.78100000 TP=676.45760000 HWM=603.98000000 entry=603.98000000","timestamp":"2026-06-08T23:10:45.910Z"}
{"level":"debug","message":"[RISK-LOOP] checking 2 open position(s)","timestamp":"2026-06-08T23:12:45.381Z"}
{"level":"debug","message":"[LIVE] TRX/USDC: checkRisk price=0.32700000 SL=0.28943200 TP=0.42757000 HWM=0.32890000 entry=0.32890000","timestamp":"2026-06-08T23:12:45.824Z"}
{"level":"debug","message":"[LIVE] BNB/USDC: checkRisk price=607.09000000 SL=573.78100000 TP=676.45760000 HWM=603.98000000 entry=603.98000000","timestamp":"2026-06-08T23:12:46.088Z"}
{"level":"debug","message":"[RISK-LOOP] checking 2 open position(s)","timestamp":"2026-06-08T23:14:45.201Z"}
{"level":"debug","message":"[LIVE] TRX/USDC: checkRisk price=0.32710000 SL=0.28943200 TP=0.42757000 HWM=0.32890000 entry=0.32890000","timestamp":"2026-06-08T23:14:45.644Z"}
{"level":"debug","message":"[LIVE] BNB/USDC: checkRisk price=607.07000000 SL=573.78100000 TP=676.45760000 HWM=603.98000000 entry=603.98000000","timestamp":"2026-06-08T23:14:45.909Z"}
{"level":"debug","message":"[RISK-LOOP] checking 2 open position(s)","timestamp":"2026-06-08T23:16:45.210Z"}
{"level":"debug","message":"[LIVE] TRX/USDC: checkRisk price=0.32700000 SL=0.28943200 TP=0.42757000 HWM=0.32890000 entry=0.32890000","timestamp":"2026-06-08T23:16:45.657Z"}
{"level":"debug","message":"[LIVE] BNB/USDC: checkRisk price=605.80000000 SL=573.78100000 TP=676.45760000 HWM=603.98000000 entry=603.98000000","timestamp":"2026-06-08T23:16:45.923Z"}
{"level":"info","message":"[MTF-CACHE] 15m refresh complete: 37/37 symbols","timestamp":"2026-06-08T23:18:00.040Z"}
{"level":"debug","message":"[RISK-LOOP] checking 2 open position(s)","timestamp":"2026-06-08T23:18:45.202Z"}
{"level":"debug","message":"[LIVE] TRX/USDC: checkRisk price=0.32690000 SL=0.28943200 TP=0.42757000 HWM=0.32890000 entry=0.32890000","timestamp":"2026-06-08T23:18:45.646Z"}
{"level":"debug","message":"[LIVE] BNB/USDC: checkRisk price=604.67000000 SL=573.78100000 TP=676.45760000 HWM=603.98000000 entry=603.98000000","timestamp":"2026-06-08T23:18:45.909Z"}
{"level":"debug","message":"[RISK-LOOP] checking 2 open position(s)","timestamp":"2026-06-08T23:20:45.213Z"}
{"level":"debug","message":"[LIVE] TRX/USDC: checkRisk price=0.32690000 SL=0.28943200 TP=0.42757000 HWM=0.32890000 entry=0.32890000","timestamp":"2026-06-08T23:20:45.659Z"}
{"level":"debug","message":"[LIVE] BNB/USDC: checkRisk price=603.97000000 SL=573.78100000 TP=676.45760000 HWM=603.98000000 entry=603.98000000","timestamp":"2026-06-08T23:20:45.925Z"}
{"level":"debug","message":"[RISK-LOOP] checking 2 open position(s)","timestamp":"2026-06-08T23:22:45.392Z"}
{"level":"debug","message":"[LIVE] TRX/USDC: checkRisk price=0.32670000 SL=0.28943200 TP=0.42757000 HWM=0.32890000 entry=0.32890000","timestamp":"2026-06-08T23:22:45.836Z"}
{"level":"debug","message":"[LIVE] BNB/USDC: checkRisk price=604.28000000 SL=573.78100000 TP=676.45760000 HWM=603.98000000 entry=603.98000000","timestamp":"2026-06-08T23:22:46.102Z"}
{"level":"debug","message":"[RISK-LOOP] checking 2 open position(s)","timestamp":"2026-06-08T23:24:45.208Z"}
{"level":"debug","message":"[LIVE] TRX/USDC: checkRisk price=0.32670000 SL=0.28943200 TP=0.42757000 HWM=0.32890000 entry=0.32890000","timestamp":"2026-06-08T23:24:45.654Z"}
{"level":"debug","message":"[LIVE] BNB/USDC: checkRisk price=603.89000000 SL=573.78100000 TP=676.45760000 HWM=603.98000000 entry=603.98000000","timestamp":"2026-06-08T23:24:45.919Z"}
{"level":"debug","message":"[RISK-LOOP] checking 2 open position(s)","timestamp":"2026-06-08T23:26:45.213Z"}
{"level":"debug","message":"[LIVE] TRX/USDC: checkRisk price=0.32640000 SL=0.28943200 TP=0.42757000 HWM=0.32890000 entry=0.32890000","timestamp":"2026-06-08T23:26:45.660Z"}
{"level":"debug","message":"[LIVE] BNB/USDC: checkRisk price=602.08000000 SL=573.78100000 TP=676.45760000 HWM=603.98000000 entry=603.98000000","timestamp":"2026-06-08T23:26:45.924Z"}
{"level":"debug","message":"[RISK-LOOP] checking 2 open position(s)","timestamp":"2026-06-08T23:28:45.210Z"}
{"level":"debug","message":"[LIVE] TRX/USDC: checkRisk price=0.32640000 SL=0.28943200 TP=0.42757000 HWM=0.32890000 entry=0.32890000","timestamp":"2026-06-08T23:28:45.652Z"}
{"level":"debug","message":"[LIVE] BNB/USDC: checkRisk price=602.54000000 SL=573.78100000 TP=676.45760000 HWM=603.98000000 entry=603.98000000","timestamp":"2026-06-08T23:28:45.917Z"}
{"level":"debug","message":"[RISK-LOOP] checking 2 open position(s)","timestamp":"2026-06-08T23:30:45.206Z"}
{"level":"debug","message":"[LIVE] TRX/USDC: checkRisk price=0.32640000 SL=0.28943200 TP=0.42757000 HWM=0.32890000 entry=0.32890000","timestamp":"2026-06-08T23:30:45.648Z"}
{"level":"debug","message":"[LIVE] BNB/USDC: checkRisk price=602.78000000 SL=573.78100000 TP=676.45760000 HWM=603.98000000 entry=603.98000000","timestamp":"2026-06-08T23:30:45.913Z"}
{"level":"debug","message":"[RISK-LOOP] checking 2 open position(s)","timestamp":"2026-06-08T23:32:45.399Z"}
{"level":"debug","message":"[LIVE] TRX/USDC: checkRisk price=0.32630000 SL=0.28943200 TP=0.42757000 HWM=0.32890000 entry=0.32890000","timestamp":"2026-06-08T23:32:45.845Z"}
{"level":"debug","message":"[LIVE] BNB/USDC: checkRisk price=601.87000000 SL=573.78100000 TP=676.45760000 HWM=603.98000000 entry=603.98000000","timestamp":"2026-06-08T23:32:46.110Z"}
{"level":"info","message":"[MTF-CACHE] 4h refresh complete: 37/37 symbols","timestamp":"2026-06-08T23:33:00.270Z"}
{"level":"info","message":"[MTF-CACHE] 15m refresh complete: 37/37 symbols","timestamp":"2026-06-08T23:33:00.550Z"}
{"level":"debug","message":"[RISK-LOOP] checking 2 open position(s)","timestamp":"2026-06-08T23:34:45.222Z"}
{"level":"debug","message":"[LIVE] TRX/USDC: checkRisk price=0.32650000 SL=0.28943200 TP=0.42757000 HWM=0.32890000 entry=0.32890000","timestamp":"2026-06-08T23:34:45.666Z"}
{"level":"debug","message":"[LIVE] BNB/USDC: checkRisk price=602.50000000 SL=573.78100000 TP=676.45760000 HWM=603.98000000 entry=603.98000000","timestamp":"2026-06-08T23:34:45.931Z"}
{"level":"debug","message":"[RISK-LOOP] checking 2 open position(s)","timestamp":"2026-06-08T23:36:45.210Z"}
{"level":"debug","message":"[LIVE] TRX/USDC: checkRisk price=0.32670000 SL=0.28943200 TP=0.42757000 HWM=0.32890000 entry=0.32890000","timestamp":"2026-06-08T23:36:45.653Z"}
{"level":"debug","message":"[LIVE] BNB/USDC: checkRisk price=603.16000000 SL=573.78100000 TP=676.45760000 HWM=603.98000000 entry=603.98000000","timestamp":"2026-06-08T23:36:45.918Z"}
{"level":"debug","message":"[RISK-LOOP] checking 2 open position(s)","timestamp":"2026-06-08T23:38:45.210Z"}
{"level":"debug","message":"[LIVE] TRX/USDC: checkRisk price=0.32680000 SL=0.28943200 TP=0.42757000 HWM=0.32890000 entry=0.32890000","timestamp":"2026-06-08T23:38:45.654Z"}
{"level":"debug","message":"[LIVE] BNB/USDC: checkRisk price=603.17000000 SL=573.78100000 TP=676.45760000 HWM=603.98000000 entry=603.98000000","timestamp":"2026-06-08T23:38:45.919Z"}
{"level":"debug","message":"[RISK-LOOP] checking 2 open position(s)","timestamp":"2026-06-08T23:40:45.224Z"}
{"level":"debug","message":"[LIVE] TRX/USDC: checkRisk price=0.32670000 SL=0.28943200 TP=0.42757000 HWM=0.32890000 entry=0.32890000","timestamp":"2026-06-08T23:40:45.670Z"}
{"level":"debug","message":"[LIVE] BNB/USDC: checkRisk price=603.28000000 SL=573.78100000 TP=676.45760000 HWM=603.98000000 entry=603.98000000","timestamp":"2026-06-08T23:40:45.933Z"}
{"level":"debug","message":"[RISK-LOOP] checking 2 open position(s)","timestamp":"2026-06-08T23:42:45.216Z"}
{"level":"debug","message":"[LIVE] TRX/USDC: checkRisk price=0.32670000 SL=0.28943200 TP=0.42757000 HWM=0.32890000 entry=0.32890000","timestamp":"2026-06-08T23:42:45.658Z"}
{"level":"debug","message":"[LIVE] BNB/USDC: checkRisk price=603.52000000 SL=573.78100000 TP=676.45760000 HWM=603.98000000 entry=603.98000000","timestamp":"2026-06-08T23:42:45.924Z"}
{"level":"debug","message":"[RISK-LOOP] checking 2 open position(s)","timestamp":"2026-06-08T23:44:45.232Z"}
{"level":"debug","message":"[LIVE] TRX/USDC: checkRisk price=0.32670000 SL=0.28943200 TP=0.42757000 HWM=0.32890000 entry=0.32890000","timestamp":"2026-06-08T23:44:45.678Z"}
{"level":"debug","message":"[LIVE] BNB/USDC: checkRisk price=602.86000000 SL=573.78100000 TP=676.45760000 HWM=603.98000000 entry=603.98000000","timestamp":"2026-06-08T23:44:45.942Z"}
{"level":"debug","message":"[RISK-LOOP] checking 2 open position(s)","timestamp":"2026-06-08T23:46:45.211Z"}
{"level":"debug","message":"[LIVE] TRX/USDC: checkRisk price=0.32660000 SL=0.28943200 TP=0.42757000 HWM=0.32890000 entry=0.32890000","timestamp":"2026-06-08T23:46:45.657Z"}
{"level":"debug","message":"[LIVE] BNB/USDC: checkRisk price=602.29000000 SL=573.78100000 TP=676.45760000 HWM=603.98000000 entry=603.98000000","timestamp":"2026-06-08T23:46:45.925Z"}
{"level":"info","message":"[MTF-CACHE] 15m refresh complete: 37/37 symbols","timestamp":"2026-06-08T23:48:00.049Z"}
{"level":"debug","message":"[RISK-LOOP] checking 2 open position(s)","timestamp":"2026-06-08T23:48:45.218Z"}
{"level":"debug","message":"[LIVE] TRX/USDC: checkRisk price=0.32660000 SL=0.28943200 TP=0.42757000 HWM=0.32890000 entry=0.32890000","timestamp":"2026-06-08T23:48:45.662Z"}
{"level":"debug","message":"[LIVE] BNB/USDC: checkRisk price=601.65000000 SL=573.78100000 TP=676.45760000 HWM=603.98000000 entry=603.98000000","timestamp":"2026-06-08T23:48:45.925Z"}
{"level":"debug","message":"[RISK-LOOP] checking 2 open position(s)","timestamp":"2026-06-08T23:50:45.229Z"}
{"level":"debug","message":"[LIVE] TRX/USDC: checkRisk price=0.32650000 SL=0.28943200 TP=0.42757000 HWM=0.32890000 entry=0.32890000","timestamp":"2026-06-08T23:50:45.674Z"}
{"level":"debug","message":"[LIVE] BNB/USDC: checkRisk price=601.48000000 SL=573.78100000 TP=676.45760000 HWM=603.98000000 entry=603.98000000","timestamp":"2026-06-08T23:50:45.935Z"}
{"level":"debug","message":"[RISK-LOOP] checking 2 open position(s)","timestamp":"2026-06-08T23:52:45.225Z"}
{"level":"debug","message":"[LIVE] TRX/USDC: checkRisk price=0.32660000 SL=0.28943200 TP=0.42757000 HWM=0.32890000 entry=0.32890000","timestamp":"2026-06-08T23:52:45.669Z"}
{"level":"debug","message":"[LIVE] BNB/USDC: checkRisk price=601.66000000 SL=573.78100000 TP=676.45760000 HWM=603.98000000 entry=603.98000000","timestamp":"2026-06-08T23:52:45.931Z"}
{"level":"debug","message":"[RISK-LOOP] checking 2 open position(s)","timestamp":"2026-06-08T23:54:45.217Z"}
{"level":"debug","message":"[LIVE] TRX/USDC: checkRisk price=0.32660000 SL=0.28943200 TP=0.42757000 HWM=0.32890000 entry=0.32890000","timestamp":"2026-06-08T23:54:45.660Z"}
{"level":"debug","message":"[LIVE] BNB/USDC: checkRisk price=601.49000000 SL=573.78100000 TP=676.45760000 HWM=603.98000000 entry=603.98000000","timestamp":"2026-06-08T23:54:45.923Z"}
{"level":"debug","message":"[RISK-LOOP] checking 2 open position(s)","timestamp":"2026-06-08T23:56:45.226Z"}
{"level":"debug","message":"[LIVE] TRX/USDC: checkRisk price=0.32660000 SL=0.28943200 TP=0.42757000 HWM=0.32890000 entry=0.32890000","timestamp":"2026-06-08T23:56:45.670Z"}
{"level":"debug","message":"[LIVE] BNB/USDC: checkRisk price=601.60000000 SL=573.78100000 TP=676.45760000 HWM=603.98000000 entry=603.98000000","timestamp":"2026-06-08T23:56:45.933Z"}
{"level":"debug","message":"[RISK-LOOP] checking 2 open position(s)","timestamp":"2026-06-08T23:58:45.218Z"}
{"level":"debug","message":"[LIVE] TRX/USDC: checkRisk price=0.32670000 SL=0.28943200 TP=0.42757000 HWM=0.32890000 entry=0.32890000","timestamp":"2026-06-08T23:58:45.663Z"}
{"level":"debug","message":"[LIVE] BNB/USDC: checkRisk price=601.90000000 SL=573.78100000 TP=676.45760000 HWM=603.98000000 entry=603.98000000","timestamp":"2026-06-08T23:58:45.931Z"}
