{"level":"debug","message":"[CYCLE] ATR sizing: medianATRPct=3.34% (37 symbols)","timestamp":"2026-06-03T00:00:19.239Z"}
{"level":"debug","message":"[CYCLE] BTC macro: bull=false EMA200","timestamp":"2026-06-03T00:00:19.246Z"}
{"level":"debug","message":"[CYCLE] BTC/USDC: starting cycle, candles=735 lastClose=66686.57000000 lastTs=2026-06-03T00:00:00.000Z","timestamp":"2026-06-03T00:00:19.517Z"}
{"level":"debug","message":"[AGG] BTC/USDC: strategy[0]=unknown → HOLD conf=0.20 \"No EMA crossover (fast 72853.8940 vs slow 74418.4052)\"","timestamp":"2026-06-03T00:00:19.522Z"}
{"level":"debug","message":"[AGG] BTC/USDC: strategy[1]=unknown → HOLD conf=0.10 \"PSAR downtrend continues (SAR 74548.7986)\"","timestamp":"2026-06-03T00:00:19.522Z"}
{"level":"debug","message":"[AGG] BTC/USDC: strategy[2]=unknown → HOLD conf=0.15 \"HA bearish continuation\"","timestamp":"2026-06-03T00:00:19.522Z"}
{"level":"debug","message":"[AGG] BTC/USDC: votes BUY=0.00 SELL=0.00 HOLD=3.00 total_weight=0.00 external=0","timestamp":"2026-06-03T00:00:19.522Z"}
{"level":"debug","message":"[AGG] BTC/USDC: decision=HOLD confidence=0.00 tie=false belowMin=true (minConf=0.55)","timestamp":"2026-06-03T00:00:19.522Z"}
{"level":"debug","message":"[CYCLE] XRP/USDC: starting cycle, candles=735 lastClose=1.21090000 lastTs=2026-06-03T00:00:00.000Z","timestamp":"2026-06-03T00:00:19.538Z"}
{"level":"debug","message":"[AGG] XRP/USDC: strategy[0]=unknown → BUY conf=0.64 \"Price 1.2593 ≤ lower BB 1.2734 (bw 7.7%)\"","timestamp":"2026-06-03T00:00:19.556Z"}
{"level":"debug","message":"[AGG] XRP/USDC: strategy[1]=unknown → HOLD conf=0.20 \"Stoch K=0.0 D=22.7 — no crossover in extreme zone\"","timestamp":"2026-06-03T00:00:19.556Z"}
{"level":"debug","message":"[AGG] XRP/USDC: strategy[2]=unknown → HOLD conf=0.20 \"No EMA crossover (fast 1.3111 vs slow 1.3319)\"","timestamp":"2026-06-03T00:00:19.556Z"}
{"level":"debug","message":"[AGG] XRP/USDC: votes BUY=1.00 SELL=0.00 HOLD=2.00 total_weight=1.00 external=0","timestamp":"2026-06-03T00:00:19.556Z"}
{"level":"debug","message":"[AGG] XRP/USDC: decision=HOLD confidence=2.00 tie=false belowMin=false (minConf=0.55)","timestamp":"2026-06-03T00:00:19.556Z"}
{"level":"debug","message":"[CYCLE] LINK/USDC: starting cycle, candles=735 lastClose=8.36700000 lastTs=2026-06-03T00:00:00.000Z","timestamp":"2026-06-03T00:00:19.593Z"}
{"level":"debug","message":"[AGG] LINK/USDC: strategy[0]=unknown → HOLD conf=0.20 \"Price 8.8080 inside BB [8.7109–9.6593]\"","timestamp":"2026-06-03T00:00:19.607Z"}
{"level":"debug","message":"[AGG] LINK/USDC: strategy[1]=unknown → HOLD conf=0.20 \"Stoch K=7.4 D=22.4 — no crossover in extreme zone\"","timestamp":"2026-06-03T00:00:19.607Z"}
{"level":"debug","message":"[AGG] LINK/USDC: strategy[2]=unknown → HOLD conf=0.10 \"Supertrend downtrend continues (ST 9.4899)\"","timestamp":"2026-06-03T00:00:19.607Z"}
{"level":"debug","message":"[AGG] LINK/USDC: votes BUY=0.00 SELL=0.00 HOLD=3.00 total_weight=0.00 external=0","timestamp":"2026-06-03T00:00:19.607Z"}
{"level":"debug","message":"[AGG] LINK/USDC: decision=HOLD confidence=0.00 tie=false belowMin=true (minConf=0.7)","timestamp":"2026-06-03T00:00:19.607Z"}
{"level":"debug","message":"[CYCLE] BNB/USDC: starting cycle, candles=735 lastClose=649.66000000 lastTs=2026-06-03T00:00:00.000Z","timestamp":"2026-06-03T00:00:19.611Z"}
{"level":"debug","message":"[AGG] BNB/USDC: strategy[0]=unknown → HOLD conf=0.20 \"%R -57.6 neutral\"","timestamp":"2026-06-03T00:00:19.613Z"}
{"level":"debug","message":"[AGG] BNB/USDC: strategy[1]=unknown → HOLD conf=0.15 \"HA bearish continuation\"","timestamp":"2026-06-03T00:00:19.613Z"}
{"level":"debug","message":"[AGG] BNB/USDC: strategy[2]=unknown → HOLD conf=0.10 \"No significant S/R zone nearby\"","timestamp":"2026-06-03T00:00:19.613Z"}
{"level":"debug","message":"[AGG] BNB/USDC: votes BUY=0.00 SELL=0.00 HOLD=3.00 total_weight=0.00 external=0","timestamp":"2026-06-03T00:00:19.613Z"}
{"level":"debug","message":"[AGG] BNB/USDC: decision=HOLD confidence=0.00 tie=false belowMin=true (minConf=0.55)","timestamp":"2026-06-03T00:00:19.613Z"}
{"level":"debug","message":"[CYCLE] LTC/USDC: starting cycle, candles=735 lastClose=46.86000000 lastTs=2026-06-03T00:00:00.000Z","timestamp":"2026-06-03T00:00:19.624Z"}
{"level":"debug","message":"[AGG] LTC/USDC: strategy[0]=unknown → BUY conf=0.69 \"Price 49.3200 ≤ lower BB 50.0159 (bw 7.1%)\"","timestamp":"2026-06-03T00:00:19.629Z"}
{"level":"debug","message":"[AGG] LTC/USDC: strategy[1]=unknown → HOLD conf=0.20 \"No EMA crossover (fast 51.3248 vs slow 52.2741)\"","timestamp":"2026-06-03T00:00:19.629Z"}
{"level":"debug","message":"[AGG] LTC/USDC: strategy[2]=unknown → HOLD conf=0.60 \"%R -100.0 oversold — still falling, wait\"","timestamp":"2026-06-03T00:00:19.629Z"}
{"level":"debug","message":"[AGG] LTC/USDC: votes BUY=1.00 SELL=0.00 HOLD=2.00 total_weight=1.00 external=0","timestamp":"2026-06-03T00:00:19.629Z"}
{"level":"debug","message":"[AGG] LTC/USDC: decision=HOLD confidence=2.00 tie=false belowMin=false (minConf=0.55)","timestamp":"2026-06-03T00:00:19.629Z"}
{"level":"debug","message":"[CYCLE] NEAR/USDC: starting cycle, candles=735 lastClose=2.62600000 lastTs=2026-06-03T00:00:00.000Z","timestamp":"2026-06-03T00:00:19.651Z"}
{"level":"debug","message":"[AGG] NEAR/USDC: strategy[0]=unknown → HOLD conf=0.20 \"RSI 66.3 neutral\"","timestamp":"2026-06-03T00:00:19.656Z"}
{"level":"debug","message":"[AGG] NEAR/USDC: strategy[1]=unknown → HOLD conf=0.20 \"Price 2.6680 inside BB [2.1346–2.7847]\"","timestamp":"2026-06-03T00:00:19.656Z"}
{"level":"debug","message":"[AGG] NEAR/USDC: strategy[2]=unknown → HOLD conf=0.20 \"Stoch K=87.3 D=54.0 — no crossover in extreme zone\"","timestamp":"2026-06-03T00:00:19.656Z"}
{"level":"debug","message":"[AGG] NEAR/USDC: strategy[3]=unknown → HOLD conf=0.10 \"No significant S/R zone nearby\"","timestamp":"2026-06-03T00:00:19.656Z"}
{"level":"debug","message":"[AGG] NEAR/USDC: votes BUY=0.00 SELL=0.00 HOLD=4.00 total_weight=0.00 external=0","timestamp":"2026-06-03T00:00:19.656Z"}
{"level":"debug","message":"[AGG] NEAR/USDC: decision=HOLD confidence=0.00 tie=false belowMin=true (minConf=0.7)","timestamp":"2026-06-03T00:00:19.656Z"}
{"level":"debug","message":"[CYCLE] TRX/USDC: starting cycle, candles=735 lastClose=0.33250000 lastTs=2026-06-03T00:00:00.000Z","timestamp":"2026-06-03T00:00:19.668Z"}
{"level":"debug","message":"[AGG] TRX/USDC: strategy[0]=unknown → HOLD conf=0.20 \"CCI -86.7 neutral\"","timestamp":"2026-06-03T00:00:19.678Z"}
{"level":"debug","message":"[AGG] TRX/USDC: strategy[1]=unknown → HOLD conf=0.20 \"Stoch K=8.4 D=15.2 — no crossover in extreme zone\"","timestamp":"2026-06-03T00:00:19.678Z"}
{"level":"debug","message":"[AGG] TRX/USDC: strategy[2]=unknown → HOLD conf=0.20 \"StochRSI K=8.8 D=13.6 — no extreme crossover\"","timestamp":"2026-06-03T00:00:19.678Z"}
{"level":"debug","message":"[AGG] TRX/USDC: votes BUY=0.00 SELL=0.00 HOLD=3.00 total_weight=0.00 external=0","timestamp":"2026-06-03T00:00:19.678Z"}
{"level":"debug","message":"[AGG] TRX/USDC: decision=HOLD confidence=0.00 tie=false belowMin=true (minConf=0.7)","timestamp":"2026-06-03T00:00:19.678Z"}
{"level":"debug","message":"[CYCLE] BCH/USDC: starting cycle, candles=735 lastClose=269.30000000 lastTs=2026-06-03T00:00:00.000Z","timestamp":"2026-06-03T00:00:19.690Z"}
{"level":"debug","message":"[AGG] BCH/USDC: strategy[0]=unknown → HOLD conf=0.20 \"Price 283.1000 inside BB [265.9944–367.7356]\"","timestamp":"2026-06-03T00:00:19.698Z"}
{"level":"debug","message":"[AGG] BCH/USDC: strategy[1]=unknown → HOLD conf=0.20 \"OBV below EMA-20 — no cross\"","timestamp":"2026-06-03T00:00:19.699Z"}
{"level":"debug","message":"[AGG] BCH/USDC: strategy[2]=unknown → HOLD conf=0.58 \"%R -95.8 oversold — still falling, wait\"","timestamp":"2026-06-03T00:00:19.699Z"}
{"level":"debug","message":"[AGG] BCH/USDC: votes BUY=0.00 SELL=0.00 HOLD=3.00 total_weight=0.00 external=0","timestamp":"2026-06-03T00:00:19.699Z"}
{"level":"debug","message":"[AGG] BCH/USDC: decision=HOLD confidence=0.00 tie=false belowMin=true (minConf=0.55)","timestamp":"2026-06-03T00:00:19.699Z"}
{"level":"debug","message":"[CYCLE] ACH/USDC: starting cycle, candles=735 lastClose=0.00580000 lastTs=2026-06-03T00:00:00.000Z","timestamp":"2026-06-03T00:00:19.706Z"}
{"level":"debug","message":"[AGG] ACH/USDC: strategy[0]=unknown → HOLD conf=0.20 \"RSI 38.0 neutral\"","timestamp":"2026-06-03T00:00:19.727Z"}
{"level":"debug","message":"[AGG] ACH/USDC: strategy[1]=unknown → HOLD conf=0.20 \"Price 0.0062 inside BB [0.0060–0.0067]\"","timestamp":"2026-06-03T00:00:19.727Z"}
{"level":"debug","message":"[AGG] ACH/USDC: strategy[2]=unknown → HOLD conf=0.20 \"CCI -82.8 neutral\"","timestamp":"2026-06-03T00:00:19.727Z"}
{"level":"debug","message":"[AGG] ACH/USDC: votes BUY=0.00 SELL=0.00 HOLD=3.00 total_weight=0.00 external=0","timestamp":"2026-06-03T00:00:19.727Z"}
{"level":"debug","message":"[AGG] ACH/USDC: decision=HOLD confidence=0.00 tie=false belowMin=true (minConf=0.7)","timestamp":"2026-06-03T00:00:19.727Z"}
{"level":"debug","message":"[CYCLE] CRV/USDC: starting cycle, candles=735 lastClose=0.20030000 lastTs=2026-06-03T00:00:00.000Z","timestamp":"2026-06-03T00:00:19.733Z"}
{"level":"debug","message":"[AGG] CRV/USDC: strategy[0]=unknown → SELL conf=0.63 \"ADX 28.6 downtrend (-DI 27.6 > +DI 13.5)\"","timestamp":"2026-06-03T00:00:19.747Z"}
{"level":"debug","message":"[AGG] CRV/USDC: strategy[1]=unknown → HOLD conf=0.20 \"StochRSI K=40.7 D=68.6 — no extreme crossover\"","timestamp":"2026-06-03T00:00:19.747Z"}
{"level":"debug","message":"[AGG] CRV/USDC: strategy[2]=unknown → HOLD conf=0.10 \"No significant S/R zone nearby\"","timestamp":"2026-06-03T00:00:19.747Z"}
{"level":"debug","message":"[AGG] CRV/USDC: votes BUY=0.00 SELL=1.00 HOLD=2.00 total_weight=1.00 external=0","timestamp":"2026-06-03T00:00:19.747Z"}
{"level":"debug","message":"[AGG] CRV/USDC: decision=HOLD confidence=2.00 tie=false belowMin=false (minConf=0.55)","timestamp":"2026-06-03T00:00:19.747Z"}
{"level":"debug","message":"[CYCLE] ENS/USDC: starting cycle, candles=735 lastClose=5.40000000 lastTs=2026-06-03T00:00:00.000Z","timestamp":"2026-06-03T00:00:19.755Z"}
{"level":"debug","message":"[AGG] ENS/USDC: strategy[0]=unknown → HOLD conf=0.20 \"Price 5.6700 inside BB [5.5174–6.4436]\"","timestamp":"2026-06-03T00:00:19.775Z"}
{"level":"debug","message":"[AGG] ENS/USDC: strategy[1]=unknown → SELL conf=0.85 \"PSAR flipped bearish ↓ — SAR 6.2700 now above price 5.6700\"","timestamp":"2026-06-03T00:00:19.775Z"}
{"level":"debug","message":"[AGG] ENS/USDC: strategy[2]=unknown → BUY conf=0.51 \"Support 5.5950 (2×)\"","timestamp":"2026-06-03T00:00:19.775Z"}
{"level":"debug","message":"[AGG] ENS/USDC: votes BUY=1.00 SELL=1.00 HOLD=1.00 total_weight=2.00 external=0","timestamp":"2026-06-03T00:00:19.775Z"}
{"level":"debug","message":"[AGG] ENS/USDC: decision=HOLD confidence=0.50 tie=true belowMin=true (minConf=0.55)","timestamp":"2026-06-03T00:00:19.775Z"}
{"level":"debug","message":"[CYCLE] GMX/USDC: starting cycle, candles=735 lastClose=6.17000000 lastTs=2026-06-03T00:00:00.000Z","timestamp":"2026-06-03T00:00:19.781Z"}
{"level":"debug","message":"[AGG] GMX/USDC: strategy[0]=unknown → HOLD conf=0.20 \"RSI 49.9 neutral\"","timestamp":"2026-06-03T00:00:19.791Z"}
{"level":"debug","message":"[AGG] GMX/USDC: strategy[1]=unknown → HOLD conf=0.20 \"Price 6.6400 inside BB [6.0921–6.9799]\"","timestamp":"2026-06-03T00:00:19.791Z"}
{"level":"debug","message":"[AGG] GMX/USDC: strategy[2]=unknown → HOLD conf=0.20 \"CCI 33.9 neutral\"","timestamp":"2026-06-03T00:00:19.791Z"}
{"level":"debug","message":"[AGG] GMX/USDC: votes BUY=0.00 SELL=0.00 HOLD=3.00 total_weight=0.00 external=0","timestamp":"2026-06-03T00:00:19.791Z"}
{"level":"debug","message":"[AGG] GMX/USDC: decision=HOLD confidence=0.00 tie=false belowMin=true (minConf=0.7)","timestamp":"2026-06-03T00:00:19.791Z"}
{"level":"debug","message":"[CYCLE] LDO/USDC: starting cycle, candles=735 lastClose=0.30240000 lastTs=2026-06-03T00:00:00.000Z","timestamp":"2026-06-03T00:00:19.800Z"}
{"level":"debug","message":"[AGG] LDO/USDC: strategy[0]=unknown → HOLD conf=0.20 \"MACD -0.0084 vs signal -0.0099 hist:0.0015\"","timestamp":"2026-06-03T00:00:19.805Z"}
{"level":"debug","message":"[AGG] LDO/USDC: strategy[1]=unknown → SELL conf=0.56 \"ADX 26.2 downtrend (-DI 28.2 > +DI 18.0)\"","timestamp":"2026-06-03T00:00:19.805Z"}
{"level":"debug","message":"[AGG] LDO/USDC: strategy[2]=unknown → HOLD conf=0.20 \"%R -60.5 neutral\"","timestamp":"2026-06-03T00:00:19.805Z"}
{"level":"debug","message":"[AGG] LDO/USDC: votes BUY=0.00 SELL=1.00 HOLD=2.00 total_weight=1.00 external=0","timestamp":"2026-06-03T00:00:19.805Z"}
{"level":"debug","message":"[AGG] LDO/USDC: decision=HOLD confidence=2.00 tie=false belowMin=false (minConf=0.55)","timestamp":"2026-06-03T00:00:19.805Z"}
{"level":"debug","message":"[CYCLE] LSK/USDC: starting cycle, candles=395 lastClose=0.10600000 lastTs=2026-06-03T00:00:00.000Z","timestamp":"2026-06-03T00:00:19.809Z"}
{"level":"debug","message":"[AGG] LSK/USDC: strategy[0]=unknown → HOLD conf=0.20 \"MACD -0.0026 vs signal -0.0030 hist:0.0003\"","timestamp":"2026-06-03T00:00:19.813Z"}
{"level":"debug","message":"[AGG] LSK/USDC: strategy[1]=unknown → HOLD conf=0.20 \"MFI 45.9 neutral\"","timestamp":"2026-06-03T00:00:19.813Z"}
{"level":"debug","message":"[AGG] LSK/USDC: strategy[2]=unknown → HOLD conf=0.10 \"PSAR uptrend continues (SAR 0.1082)\"","timestamp":"2026-06-03T00:00:19.813Z"}
{"level":"debug","message":"[AGG] LSK/USDC: votes BUY=0.00 SELL=0.00 HOLD=3.00 total_weight=0.00 external=0","timestamp":"2026-06-03T00:00:19.813Z"}
{"level":"debug","message":"[AGG] LSK/USDC: decision=HOLD confidence=0.00 tie=false belowMin=true (minConf=0.55)","timestamp":"2026-06-03T00:00:19.813Z"}
{"level":"debug","message":"[CYCLE] JTO/USDC: starting cycle, candles=735 lastClose=0.55860000 lastTs=2026-06-03T00:00:00.000Z","timestamp":"2026-06-03T00:00:19.816Z"}
{"level":"debug","message":"[AGG] JTO/USDC: strategy[0]=unknown → HOLD conf=0.90 \"CCI 299.4 overbought — still rising, wait\"","timestamp":"2026-06-03T00:00:19.825Z"}
{"level":"debug","message":"[AGG] JTO/USDC: strategy[1]=unknown → HOLD conf=0.10 \"PSAR uptrend continues (SAR 0.4643)\"","timestamp":"2026-06-03T00:00:19.825Z"}
{"level":"debug","message":"[AGG] JTO/USDC: strategy[2]=unknown → HOLD conf=0.10 \"No significant S/R zone nearby\"","timestamp":"2026-06-03T00:00:19.825Z"}
{"level":"debug","message":"[AGG] JTO/USDC: votes BUY=0.00 SELL=0.00 HOLD=3.00 total_weight=0.00 external=0","timestamp":"2026-06-03T00:00:19.825Z"}
{"level":"debug","message":"[AGG] JTO/USDC: decision=HOLD confidence=0.00 tie=false belowMin=true (minConf=0.55)","timestamp":"2026-06-03T00:00:19.825Z"}
{"level":"debug","message":"[CYCLE] MANTA/USDC: starting cycle, candles=735 lastClose=0.07345000 lastTs=2026-06-03T00:00:00.000Z","timestamp":"2026-06-03T00:00:19.854Z"}
{"level":"debug","message":"[AGG] MANTA/USDC: strategy[0]=unknown → HOLD conf=0.20 \"RSI 47.4 neutral\"","timestamp":"2026-06-03T00:00:19.861Z"}
{"level":"debug","message":"[AGG] MANTA/USDC: strategy[1]=unknown → HOLD conf=0.20 \"Price 0.0761 inside BB [0.0734–0.0816]\"","timestamp":"2026-06-03T00:00:19.861Z"}
{"level":"debug","message":"[AGG] MANTA/USDC: strategy[2]=unknown → HOLD conf=0.20 \"CCI -60.4 neutral\"","timestamp":"2026-06-03T00:00:19.861Z"}
{"level":"debug","message":"[AGG] MANTA/USDC: votes BUY=0.00 SELL=0.00 HOLD=3.00 total_weight=0.00 external=0","timestamp":"2026-06-03T00:00:19.861Z"}
{"level":"debug","message":"[AGG] MANTA/USDC: decision=HOLD confidence=0.00 tie=false belowMin=true (minConf=0.7)","timestamp":"2026-06-03T00:00:19.861Z"}
{"level":"info","message":"[RISK] Day rollover — resetting daily stats (prev: pnl=0.00 trades=0)","timestamp":"2026-06-03T00:00:19.862Z"}
{"level":"debug","message":"[CYCLE] PIXEL/USDC: starting cycle, candles=735 lastClose=0.00654000 lastTs=2026-06-03T00:00:00.000Z","timestamp":"2026-06-03T00:00:19.865Z"}
{"level":"debug","message":"[AGG] PIXEL/USDC: strategy[0]=unknown → HOLD conf=0.20 \"No EMA crossover (fast 0.0069 vs slow 0.0070)\"","timestamp":"2026-06-03T00:00:19.870Z"}
{"level":"debug","message":"[AGG] PIXEL/USDC: strategy[1]=unknown → HOLD conf=0.10 \"ADX 18.3 < 20 — ranging, skip\"","timestamp":"2026-06-03T00:00:19.870Z"}
{"level":"debug","message":"[AGG] PIXEL/USDC: strategy[2]=unknown → HOLD conf=0.10 \"No significant S/R zone nearby\"","timestamp":"2026-06-03T00:00:19.870Z"}
{"level":"debug","message":"[AGG] PIXEL/USDC: votes BUY=0.00 SELL=0.00 HOLD=3.00 total_weight=0.00 external=0","timestamp":"2026-06-03T00:00:19.870Z"}
{"level":"debug","message":"[AGG] PIXEL/USDC: decision=HOLD confidence=0.00 tie=false belowMin=true (minConf=0.55)","timestamp":"2026-06-03T00:00:19.870Z"}
{"level":"debug","message":"[CYCLE] SUI/USDC: starting cycle, candles=735 lastClose=0.80770000 lastTs=2026-06-03T00:00:00.000Z","timestamp":"2026-06-03T00:00:19.879Z"}
{"level":"debug","message":"[AGG] SUI/USDC: strategy[0]=unknown → HOLD conf=0.56 \"RSI 25.7 oversold — still falling, wait\"","timestamp":"2026-06-03T00:00:19.889Z"}
{"level":"debug","message":"[AGG] SUI/USDC: strategy[1]=unknown → HOLD conf=0.20 \"Stoch K=0.0 D=9.6 — no crossover in extreme zone\"","timestamp":"2026-06-03T00:00:19.889Z"}
{"level":"debug","message":"[AGG] SUI/USDC: strategy[2]=unknown → BUY conf=0.77 \"MFI 11.7 oversold ↑ volume reversal confirmed\"","timestamp":"2026-06-03T00:00:19.889Z"}
{"level":"debug","message":"[AGG] SUI/USDC: votes BUY=1.00 SELL=0.00 HOLD=2.00 total_weight=1.00 external=0","timestamp":"2026-06-03T00:00:19.889Z"}
{"level":"debug","message":"[AGG] SUI/USDC: decision=HOLD confidence=2.00 tie=false belowMin=false (minConf=0.7)","timestamp":"2026-06-03T00:00:19.889Z"}
{"level":"debug","message":"[CYCLE] PAXG/USDC: starting cycle, candles=735 lastClose=4466.88000000 lastTs=2026-06-03T00:00:00.000Z","timestamp":"2026-06-03T00:00:19.892Z"}
{"level":"debug","message":"[AGG] PAXG/USDC: strategy[0]=unknown → HOLD conf=0.20 \"MACD -11.2154 vs signal -15.6105 hist:4.3950\"","timestamp":"2026-06-03T00:00:19.895Z"}
{"level":"debug","message":"[AGG] PAXG/USDC: strategy[1]=unknown → HOLD conf=0.10 \"ADX 17.0 < 20 — ranging, skip\"","timestamp":"2026-06-03T00:00:19.895Z"}
{"level":"debug","message":"[AGG] PAXG/USDC: strategy[2]=unknown → HOLD conf=0.10 \"Supertrend downtrend continues (ST 4568.4891)\"","timestamp":"2026-06-03T00:00:19.895Z"}
{"level":"debug","message":"[AGG] PAXG/USDC: votes BUY=0.00 SELL=0.00 HOLD=3.00 total_weight=0.00 external=0","timestamp":"2026-06-03T00:00:19.895Z"}
{"level":"debug","message":"[AGG] PAXG/USDC: decision=HOLD confidence=0.00 tie=false belowMin=true (minConf=0.55)","timestamp":"2026-06-03T00:00:19.895Z"}
{"level":"debug","message":"[CYCLE] THETA/USDC: starting cycle, candles=735 lastClose=0.17900000 lastTs=2026-06-03T00:00:00.000Z","timestamp":"2026-06-03T00:00:19.899Z"}
{"level":"debug","message":"[AGG] THETA/USDC: strategy[0]=unknown → HOLD conf=0.20 \"RSI 45.3 neutral\"","timestamp":"2026-06-03T00:00:19.904Z"}
{"level":"debug","message":"[AGG] THETA/USDC: strategy[1]=unknown → HOLD conf=0.20 \"CCI -24.9 neutral\"","timestamp":"2026-06-03T00:00:19.904Z"}
{"level":"debug","message":"[AGG] THETA/USDC: strategy[2]=unknown → HOLD conf=0.20 \"OBV below EMA-20 — no cross\"","timestamp":"2026-06-03T00:00:19.904Z"}
{"level":"debug","message":"[AGG] THETA/USDC: votes BUY=0.00 SELL=0.00 HOLD=3.00 total_weight=0.00 external=0","timestamp":"2026-06-03T00:00:19.904Z"}
{"level":"debug","message":"[AGG] THETA/USDC: decision=HOLD confidence=0.00 tie=false belowMin=true (minConf=0.55)","timestamp":"2026-06-03T00:00:19.904Z"}
{"level":"debug","message":"[CYCLE] TIA/USDC: starting cycle, candles=735 lastClose=0.35970000 lastTs=2026-06-03T00:00:00.000Z","timestamp":"2026-06-03T00:00:19.924Z"}
{"level":"debug","message":"[AGG] TIA/USDC: strategy[0]=unknown → HOLD conf=0.20 \"CCI -93.6 neutral\"","timestamp":"2026-06-03T00:00:19.926Z"}
{"level":"debug","message":"[AGG] TIA/USDC: strategy[1]=unknown → HOLD conf=0.20 \"MACD -0.0081 vs signal -0.0040 hist:-0.0042\"","timestamp":"2026-06-03T00:00:19.926Z"}
{"level":"debug","message":"[AGG] TIA/USDC: strategy[2]=unknown → HOLD conf=0.20 \"HA flipped but prior streak too short (1 < 3)\"","timestamp":"2026-06-03T00:00:19.926Z"}
{"level":"debug","message":"[AGG] TIA/USDC: votes BUY=0.00 SELL=0.00 HOLD=3.00 total_weight=0.00 external=0","timestamp":"2026-06-03T00:00:19.926Z"}
{"level":"debug","message":"[AGG] TIA/USDC: decision=HOLD confidence=0.00 tie=false belowMin=true (minConf=0.55)","timestamp":"2026-06-03T00:00:19.926Z"}
{"level":"debug","message":"[CYCLE] VANRY/USDC: starting cycle, candles=735 lastClose=0.00419700 lastTs=2026-06-03T00:00:00.000Z","timestamp":"2026-06-03T00:00:19.945Z"}
{"level":"debug","message":"[AGG] VANRY/USDC: strategy[0]=unknown → HOLD conf=0.20 \"No EMA crossover (fast 0.0045 vs slow 0.0047)\"","timestamp":"2026-06-03T00:00:19.946Z"}
{"level":"debug","message":"[AGG] VANRY/USDC: strategy[1]=unknown → HOLD conf=0.20 \"MACD -0.0002 vs signal -0.0002 hist:0.0000\"","timestamp":"2026-06-03T00:00:19.946Z"}
{"level":"debug","message":"[AGG] VANRY/USDC: strategy[2]=unknown → SELL conf=0.63 \"ADX 27.7 downtrend (-DI 24.5 > +DI 13.0)\"","timestamp":"2026-06-03T00:00:19.946Z"}
{"level":"debug","message":"[AGG] VANRY/USDC: votes BUY=0.00 SELL=1.00 HOLD=2.00 total_weight=1.00 external=0","timestamp":"2026-06-03T00:00:19.946Z"}
{"level":"debug","message":"[AGG] VANRY/USDC: decision=HOLD confidence=2.00 tie=false belowMin=false (minConf=0.55)","timestamp":"2026-06-03T00:00:19.946Z"}
{"level":"debug","message":"[CYCLE] ADA/USDC: starting cycle, candles=735 lastClose=0.21280000 lastTs=2026-06-03T00:00:00.000Z","timestamp":"2026-06-03T00:00:19.974Z"}
{"level":"debug","message":"[AGG] ADA/USDC: strategy[0]=unknown → HOLD conf=0.52 \"RSI 28.2 oversold — still falling, wait\"","timestamp":"2026-06-03T00:00:19.979Z"}
{"level":"debug","message":"[AGG] ADA/USDC: strategy[1]=unknown → BUY conf=0.58 \"Price 0.2228 ≤ lower BB 0.2247 (bw 9.7%)\"","timestamp":"2026-06-03T00:00:19.979Z"}
{"level":"debug","message":"[AGG] ADA/USDC: strategy[2]=unknown → HOLD conf=0.90 \"CCI -201.8 oversold — still falling, wait\"","timestamp":"2026-06-03T00:00:19.979Z"}
{"level":"debug","message":"[AGG] ADA/USDC: votes BUY=1.00 SELL=0.00 HOLD=2.00 total_weight=1.00 external=0","timestamp":"2026-06-03T00:00:19.979Z"}
{"level":"debug","message":"[AGG] ADA/USDC: decision=HOLD confidence=2.00 tie=false belowMin=false (minConf=0.55)","timestamp":"2026-06-03T00:00:19.979Z"}
{"level":"debug","message":"[CYCLE] SOL/USDC: starting cycle, candles=735 lastClose=74.12000000 lastTs=2026-06-03T00:00:00.000Z","timestamp":"2026-06-03T00:00:19.981Z"}
{"level":"debug","message":"[AGG] SOL/USDC: strategy[0]=unknown → BUY conf=0.52 \"Price 78.8200 ≤ lower BB 78.9407 (bw 9.3%)\"","timestamp":"2026-06-03T00:00:19.987Z"}
{"level":"debug","message":"[AGG] SOL/USDC: strategy[1]=unknown → HOLD conf=0.60 \"%R -100.0 oversold — still falling, wait\"","timestamp":"2026-06-03T00:00:19.987Z"}
{"level":"debug","message":"[AGG] SOL/USDC: strategy[2]=unknown → HOLD conf=0.20 \"StochRSI K=0.0 D=23.3 — no extreme crossover\"","timestamp":"2026-06-03T00:00:19.988Z"}
{"level":"debug","message":"[AGG] SOL/USDC: votes BUY=1.00 SELL=0.00 HOLD=2.00 total_weight=1.00 external=0","timestamp":"2026-06-03T00:00:19.988Z"}
{"level":"debug","message":"[AGG] SOL/USDC: decision=HOLD confidence=2.00 tie=false belowMin=false (minConf=0.55)","timestamp":"2026-06-03T00:00:19.988Z"}
{"level":"debug","message":"[CYCLE] AVAX/USDC: starting cycle, candles=735 lastClose=8.17200000 lastTs=2026-06-03T00:00:00.000Z","timestamp":"2026-06-03T00:00:19.996Z"}
{"level":"debug","message":"[AGG] AVAX/USDC: strategy[0]=unknown → HOLD conf=0.20 \"RSI 37.3 neutral\"","timestamp":"2026-06-03T00:00:19.997Z"}
{"level":"debug","message":"[AGG] AVAX/USDC: strategy[1]=unknown → SELL conf=0.85 \"MACD crossed below signal (below zero) ↓ hist:-0.0087\"","timestamp":"2026-06-03T00:00:19.997Z"}
{"level":"debug","message":"[AGG] AVAX/USDC: strategy[2]=unknown → HOLD conf=0.10 \"PSAR downtrend continues (SAR 9.1037)\"","timestamp":"2026-06-03T00:00:19.997Z"}
{"level":"debug","message":"[AGG] AVAX/USDC: votes BUY=0.00 SELL=1.00 HOLD=2.00 total_weight=1.00 external=0","timestamp":"2026-06-03T00:00:19.997Z"}
{"level":"debug","message":"[AGG] AVAX/USDC: decision=HOLD confidence=2.00 tie=false belowMin=false (minConf=0.55)","timestamp":"2026-06-03T00:00:19.997Z"}
{"level":"debug","message":"[CYCLE] DOGE/USDC: starting cycle, candles=735 lastClose=0.09265000 lastTs=2026-06-03T00:00:00.000Z","timestamp":"2026-06-03T00:00:20.021Z"}
{"level":"debug","message":"[AGG] DOGE/USDC: strategy[0]=unknown → HOLD conf=0.20 \"No EMA crossover (fast 0.1002 vs slow 0.1016)\"","timestamp":"2026-06-03T00:00:20.022Z"}
{"level":"debug","message":"[AGG] DOGE/USDC: strategy[1]=unknown → HOLD conf=0.10 \"PSAR downtrend continues (SAR 0.1013)\"","timestamp":"2026-06-03T00:00:20.022Z"}
{"level":"debug","message":"[AGG] DOGE/USDC: strategy[2]=unknown → HOLD conf=0.20 \"HA flipped but prior streak too short (1 < 3)\"","timestamp":"2026-06-03T00:00:20.022Z"}
{"level":"debug","message":"[AGG] DOGE/USDC: votes BUY=0.00 SELL=0.00 HOLD=3.00 total_weight=0.00 external=0","timestamp":"2026-06-03T00:00:20.022Z"}
{"level":"debug","message":"[AGG] DOGE/USDC: decision=HOLD confidence=0.00 tie=false belowMin=true (minConf=0.55)","timestamp":"2026-06-03T00:00:20.022Z"}
{"level":"debug","message":"[CYCLE] INJ/USDC: starting cycle, candles=735 lastClose=6.58800000 lastTs=2026-06-03T00:00:00.000Z","timestamp":"2026-06-03T00:00:20.045Z"}
{"level":"debug","message":"[AGG] INJ/USDC: strategy[0]=unknown → BUY conf=0.95 \"ADX 54.9 uptrend (+DI 32.2 > -DI 7.5)\"","timestamp":"2026-06-03T00:00:20.047Z"}
{"level":"debug","message":"[AGG] INJ/USDC: strategy[1]=unknown → HOLD conf=0.20 \"OBV above EMA-20 — no cross\"","timestamp":"2026-06-03T00:00:20.047Z"}
{"level":"debug","message":"[AGG] INJ/USDC: strategy[2]=unknown → HOLD conf=0.20 \"StochRSI K=100.0 D=92.2 — no extreme crossover\"","timestamp":"2026-06-03T00:00:20.048Z"}
{"level":"debug","message":"[AGG] INJ/USDC: votes BUY=1.00 SELL=0.00 HOLD=2.00 total_weight=1.00 external=0","timestamp":"2026-06-03T00:00:20.048Z"}
{"level":"debug","message":"[AGG] INJ/USDC: decision=HOLD confidence=2.00 tie=false belowMin=false (minConf=0.55)","timestamp":"2026-06-03T00:00:20.048Z"}
{"level":"debug","message":"[CYCLE] ETH/USDC: starting cycle, candles=735 lastClose=1858.45000000 lastTs=2026-06-03T00:00:00.000Z","timestamp":"2026-06-03T00:00:20.063Z"}
{"level":"debug","message":"[AGG] ETH/USDC: strategy[0]=unknown → HOLD conf=0.10 \"Supertrend downtrend continues (ST 2088.1663)\"","timestamp":"2026-06-03T00:00:20.067Z"}
{"level":"debug","message":"[AGG] ETH/USDC: strategy[1]=unknown → HOLD conf=0.20 \"MFI 50.3 neutral\"","timestamp":"2026-06-03T00:00:20.067Z"}
{"level":"debug","message":"[AGG] ETH/USDC: strategy[2]=unknown → HOLD conf=0.10 \"No significant S/R zone nearby\"","timestamp":"2026-06-03T00:00:20.067Z"}
{"level":"debug","message":"[AGG] ETH/USDC: votes BUY=0.00 SELL=0.00 HOLD=3.00 total_weight=0.00 external=0","timestamp":"2026-06-03T00:00:20.067Z"}
{"level":"debug","message":"[AGG] ETH/USDC: decision=HOLD confidence=0.00 tie=false belowMin=true (minConf=0.55)","timestamp":"2026-06-03T00:00:20.067Z"}
{"level":"debug","message":"[CYCLE] WLD/USDC: starting cycle, candles=735 lastClose=0.38170000 lastTs=2026-06-03T00:00:00.000Z","timestamp":"2026-06-03T00:00:20.076Z"}
{"level":"debug","message":"[AGG] WLD/USDC: strategy[0]=unknown → HOLD conf=0.20 \"Price 0.4175 inside BB [0.2491–0.4298]\"","timestamp":"2026-06-03T00:00:20.080Z"}
{"level":"debug","message":"[AGG] WLD/USDC: strategy[1]=unknown → SELL conf=0.76 \"CCI 140.7 overbought ↓ reversal confirmed\"","timestamp":"2026-06-03T00:00:20.080Z"}
{"level":"debug","message":"[AGG] WLD/USDC: strategy[2]=unknown → BUY conf=0.78 \"ADX 37.8 uptrend (+DI 50.3 > -DI 17.4)\"","timestamp":"2026-06-03T00:00:20.080Z"}
{"level":"debug","message":"[AGG] WLD/USDC: votes BUY=1.00 SELL=1.00 HOLD=1.00 total_weight=2.00 external=0","timestamp":"2026-06-03T00:00:20.080Z"}
{"level":"debug","message":"[AGG] WLD/USDC: decision=HOLD confidence=0.50 tie=true belowMin=true (minConf=0.55)","timestamp":"2026-06-03T00:00:20.080Z"}
{"level":"debug","message":"[CYCLE] PEPE/USDC: starting cycle, candles=735 lastClose=0.00000312 lastTs=2026-06-03T00:00:00.000Z","timestamp":"2026-06-03T00:00:20.095Z"}
{"level":"debug","message":"[AGG] PEPE/USDC: strategy[0]=unknown → HOLD conf=0.20 \"No EMA crossover (fast 0.0000 vs slow 0.0000)\"","timestamp":"2026-06-03T00:00:20.095Z"}
{"level":"debug","message":"[AGG] PEPE/USDC: strategy[1]=unknown → HOLD conf=0.10 \"Supertrend downtrend continues (ST 0.0000)\"","timestamp":"2026-06-03T00:00:20.095Z"}
{"level":"debug","message":"[AGG] PEPE/USDC: strategy[2]=unknown → HOLD conf=0.20 \"OBV below EMA-20 — no cross\"","timestamp":"2026-06-03T00:00:20.095Z"}
{"level":"debug","message":"[AGG] PEPE/USDC: votes BUY=0.00 SELL=0.00 HOLD=3.00 total_weight=0.00 external=0","timestamp":"2026-06-03T00:00:20.095Z"}
{"level":"debug","message":"[AGG] PEPE/USDC: decision=HOLD confidence=0.00 tie=false belowMin=true (minConf=0.55)","timestamp":"2026-06-03T00:00:20.096Z"}
{"level":"debug","message":"[CYCLE] TON/USDC: starting cycle, candles=735 lastClose=1.97100000 lastTs=2026-06-03T00:00:00.000Z","timestamp":"2026-06-03T00:00:20.117Z"}
{"level":"debug","message":"[AGG] TON/USDC: strategy[0]=unknown → BUY conf=0.80 \"EMA12 crossed above EMA26 — both rising ↑\"","timestamp":"2026-06-03T00:00:20.119Z"}
{"level":"debug","message":"[AGG] TON/USDC: strategy[1]=unknown → HOLD conf=0.20 \"OBV above EMA-20 — no cross\"","timestamp":"2026-06-03T00:00:20.119Z"}
{"level":"debug","message":"[AGG] TON/USDC: strategy[2]=unknown → SELL conf=0.55 \"StochRSI K=76.7 crossed below D=85.6 in overbought ↓\"","timestamp":"2026-06-03T00:00:20.119Z"}
{"level":"debug","message":"[AGG] TON/USDC: votes BUY=1.00 SELL=1.00 HOLD=1.00 total_weight=2.00 external=0","timestamp":"2026-06-03T00:00:20.119Z"}
{"level":"debug","message":"[AGG] TON/USDC: decision=HOLD confidence=0.50 tie=true belowMin=true (minConf=0.55)","timestamp":"2026-06-03T00:00:20.119Z"}
{"level":"debug","message":"[CYCLE] RENDER/USDC: starting cycle, candles=735 lastClose=2.03200000 lastTs=2026-06-03T00:00:00.000Z","timestamp":"2026-06-03T00:00:20.136Z"}
{"level":"debug","message":"[AGG] RENDER/USDC: strategy[0]=unknown → HOLD conf=0.20 \"No EMA crossover (fast 2.0883 vs slow 2.0468)\"","timestamp":"2026-06-03T00:00:20.138Z"}
{"level":"debug","message":"[AGG] RENDER/USDC: strategy[1]=unknown → HOLD conf=0.20 \"OBV above EMA-20 — no cross\"","timestamp":"2026-06-03T00:00:20.139Z"}
{"level":"debug","message":"[AGG] RENDER/USDC: strategy[2]=unknown → HOLD conf=0.20 \"%R -31.7 neutral\"","timestamp":"2026-06-03T00:00:20.139Z"}
{"level":"debug","message":"[AGG] RENDER/USDC: votes BUY=0.00 SELL=0.00 HOLD=3.00 total_weight=0.00 external=0","timestamp":"2026-06-03T00:00:20.139Z"}
{"level":"debug","message":"[AGG] RENDER/USDC: decision=HOLD confidence=0.00 tie=false belowMin=true (minConf=0.55)","timestamp":"2026-06-03T00:00:20.139Z"}
{"level":"debug","message":"[CYCLE] ENA/USDC: starting cycle, candles=735 lastClose=0.09420000 lastTs=2026-06-03T00:00:00.000Z","timestamp":"2026-06-03T00:00:20.156Z"}
{"level":"debug","message":"[AGG] ENA/USDC: strategy[0]=unknown → HOLD conf=0.20 \"RSI 35.1 neutral\"","timestamp":"2026-06-03T00:00:20.161Z"}
{"level":"debug","message":"[AGG] ENA/USDC: strategy[1]=unknown → HOLD conf=0.20 \"Price 0.0862 inside BB [0.0804–0.1032]\"","timestamp":"2026-06-03T00:00:20.161Z"}
{"level":"debug","message":"[AGG] ENA/USDC: strategy[2]=unknown → HOLD conf=0.20 \"CCI -75.5 neutral\"","timestamp":"2026-06-03T00:00:20.161Z"}
{"level":"debug","message":"[AGG] ENA/USDC: votes BUY=0.00 SELL=0.00 HOLD=3.00 total_weight=0.00 external=0","timestamp":"2026-06-03T00:00:20.161Z"}
{"level":"debug","message":"[AGG] ENA/USDC: decision=HOLD confidence=0.00 tie=false belowMin=true (minConf=0.55)","timestamp":"2026-06-03T00:00:20.161Z"}
{"level":"debug","message":"[CYCLE] ICP/USDC: starting cycle, candles=735 lastClose=2.98500000 lastTs=2026-06-03T00:00:00.000Z","timestamp":"2026-06-03T00:00:20.177Z"}
{"level":"debug","message":"[AGG] ICP/USDC: strategy[0]=unknown → HOLD conf=0.20 \"RSI 66.2 neutral\"","timestamp":"2026-06-03T00:00:20.180Z"}
{"level":"debug","message":"[AGG] ICP/USDC: strategy[1]=unknown → SELL conf=0.73 \"Price 3.0910 ≥ upper BB 2.9783 (bw 18.1%)\"","timestamp":"2026-06-03T00:00:20.180Z"}
{"level":"debug","message":"[AGG] ICP/USDC: strategy[2]=unknown → HOLD conf=0.20 \"Stoch K=98.5 D=71.8 — no crossover in extreme zone\"","timestamp":"2026-06-03T00:00:20.180Z"}
{"level":"debug","message":"[AGG] ICP/USDC: votes BUY=0.00 SELL=1.00 HOLD=2.00 total_weight=1.00 external=0","timestamp":"2026-06-03T00:00:20.180Z"}
{"level":"debug","message":"[AGG] ICP/USDC: decision=HOLD confidence=2.00 tie=false belowMin=false (minConf=0.55)","timestamp":"2026-06-03T00:00:20.180Z"}
{"level":"debug","message":"[CYCLE] APT/USDC: starting cycle, candles=735 lastClose=0.82400000 lastTs=2026-06-03T00:00:00.000Z","timestamp":"2026-06-03T00:00:20.196Z"}
{"level":"debug","message":"[AGG] APT/USDC: strategy[0]=unknown → HOLD conf=0.20 \"Price 0.9020 inside BB [0.9004–0.9866]\"","timestamp":"2026-06-03T00:00:20.200Z"}
{"level":"debug","message":"[AGG] APT/USDC: strategy[1]=unknown → HOLD conf=0.20 \"Stoch K=12.1 D=28.3 — no crossover in extreme zone\"","timestamp":"2026-06-03T00:00:20.201Z"}
{"level":"debug","message":"[AGG] APT/USDC: strategy[2]=unknown → HOLD conf=0.20 \"MFI 40.5 neutral\"","timestamp":"2026-06-03T00:00:20.201Z"}
{"level":"debug","message":"[AGG] APT/USDC: votes BUY=0.00 SELL=0.00 HOLD=3.00 total_weight=0.00 external=0","timestamp":"2026-06-03T00:00:20.201Z"}
{"level":"debug","message":"[AGG] APT/USDC: decision=HOLD confidence=0.00 tie=false belowMin=true (minConf=0.55)","timestamp":"2026-06-03T00:00:20.201Z"}
{"level":"debug","message":"[CYCLE] ARB/USDC: starting cycle, candles=735 lastClose=0.09280000 lastTs=2026-06-03T00:00:00.000Z","timestamp":"2026-06-03T00:00:20.217Z"}
{"level":"debug","message":"[AGG] ARB/USDC: strategy[0]=unknown → HOLD conf=0.20 \"RSI 32.1 neutral\"","timestamp":"2026-06-03T00:00:20.218Z"}
{"level":"debug","message":"[AGG] ARB/USDC: strategy[1]=unknown → HOLD conf=0.60 \"%R -100.0 oversold — still falling, wait\"","timestamp":"2026-06-03T00:00:20.218Z"}
{"level":"debug","message":"[AGG] ARB/USDC: strategy[2]=unknown → HOLD conf=0.20 \"HA flipped but prior streak too short (1 < 3)\"","timestamp":"2026-06-03T00:00:20.218Z"}
{"level":"debug","message":"[AGG] ARB/USDC: votes BUY=0.00 SELL=0.00 HOLD=3.00 total_weight=0.00 external=0","timestamp":"2026-06-03T00:00:20.218Z"}
{"level":"debug","message":"[AGG] ARB/USDC: decision=HOLD confidence=0.00 tie=false belowMin=true (minConf=0.55)","timestamp":"2026-06-03T00:00:20.218Z"}
{"level":"debug","message":"[CYCLE] JUP/USDC: starting cycle, candles=735 lastClose=0.19390000 lastTs=2026-06-03T00:00:00.000Z","timestamp":"2026-06-03T00:00:20.239Z"}
{"level":"debug","message":"[AGG] JUP/USDC: strategy[0]=unknown → HOLD conf=0.20 \"Price 0.2052 inside BB [0.1724–0.2125]\"","timestamp":"2026-06-03T00:00:20.243Z"}
{"level":"debug","message":"[AGG] JUP/USDC: strategy[1]=unknown → HOLD conf=0.20 \"CCI 92.7 neutral\"","timestamp":"2026-06-03T00:00:20.243Z"}
{"level":"debug","message":"[AGG] JUP/USDC: strategy[2]=unknown → HOLD conf=0.20 \"OBV below EMA-20 — no cross\"","timestamp":"2026-06-03T00:00:20.243Z"}
{"level":"debug","message":"[AGG] JUP/USDC: votes BUY=0.00 SELL=0.00 HOLD=3.00 total_weight=0.00 external=0","timestamp":"2026-06-03T00:00:20.243Z"}
{"level":"debug","message":"[AGG] JUP/USDC: decision=HOLD confidence=0.00 tie=false belowMin=true (minConf=0.55)","timestamp":"2026-06-03T00:00:20.243Z"}
{"level":"debug","message":"[CYCLE] BTC/USDC: sizing positionPct=0.1042 (base=0.15 atr=0.033434650455927084 regime=on conf=0.00 macro=bear mtf=1.0)","timestamp":"2026-06-03T00:00:20.256Z"}
{"level":"info","message":"BTC/USDC: decision=HOLD confidence=0% price=66686.57000000 external_signals=0","timestamp":"2026-06-03T00:00:20.256Z"}
{"level":"info","message":"BTC/USDC: No EMA crossover (fast 72853.8940 vs slow 74418.4052) | PSAR downtrend continues (SAR 74548.7986) | HA bearish continuation","timestamp":"2026-06-03T00:00:20.256Z"}
{"level":"debug","message":"[CYCLE] XRP/USDC: sizing positionPct=0.1487 (base=0.15 atr=0.033434650455927084 regime=on conf=2.00 macro=bear mtf=1.0)","timestamp":"2026-06-03T00:00:20.457Z"}
{"level":"info","message":"XRP/USDC: decision=HOLD confidence=200% price=1.21090000 external_signals=0","timestamp":"2026-06-03T00:00:20.457Z"}
{"level":"info","message":"XRP/USDC: Price 1.2593 ≤ lower BB 1.2734 (bw 7.7%) | Stoch K=0.0 D=22.7 — no crossover in extreme zone | No EMA crossover (fast 1.3111 vs slow 1.3319)","timestamp":"2026-06-03T00:00:20.457Z"}
{"level":"debug","message":"[CYCLE] LINK/USDC: sizing positionPct=0.0675 (base=0.15 atr=0.033434650455927084 regime=on conf=0.00 macro=bear mtf=1.0)","timestamp":"2026-06-03T00:00:20.666Z"}
{"level":"info","message":"LINK/USDC: decision=HOLD confidence=0% price=8.36700000 external_signals=0","timestamp":"2026-06-03T00:00:20.666Z"}
{"level":"info","message":"LINK/USDC: Price 8.8080 inside BB [8.7109–9.6593] | Stoch K=7.4 D=22.4 — no crossover in extreme zone | Supertrend downtrend continues (ST 9.4899)","timestamp":"2026-06-03T00:00:20.666Z"}
{"level":"debug","message":"[CYCLE] BNB/USDC: sizing positionPct=0.0466 (base=0.15 atr=0.033434650455927084 regime=on conf=0.00 macro=bear mtf=1.0)","timestamp":"2026-06-03T00:00:20.867Z"}
{"level":"info","message":"BNB/USDC: decision=HOLD confidence=0% price=649.66000000 external_signals=0","timestamp":"2026-06-03T00:00:20.867Z"}
{"level":"info","message":"BNB/USDC: %R -57.6 neutral | HA bearish continuation | No significant S/R zone nearby","timestamp":"2026-06-03T00:00:20.868Z"}
{"level":"debug","message":"[CYCLE] LTC/USDC: sizing positionPct=0.2119 (base=0.15 atr=0.033434650455927084 regime=on conf=2.00 macro=bear mtf=1.0)","timestamp":"2026-06-03T00:00:21.061Z"}
{"level":"info","message":"LTC/USDC: decision=HOLD confidence=200% price=46.86000000 external_signals=0","timestamp":"2026-06-03T00:00:21.061Z"}
{"level":"info","message":"LTC/USDC: Price 49.3200 ≤ lower BB 50.0159 (bw 7.1%) | No EMA crossover (fast 51.3248 vs slow 52.2741) | %R -100.0 oversold — still falling, wait","timestamp":"2026-06-03T00:00:21.061Z"}
{"level":"debug","message":"[CYCLE] NEAR/USDC: sizing positionPct=0.0315 (base=0.15 atr=0.033434650455927084 regime=on conf=0.00 macro=bear mtf=1.0)","timestamp":"2026-06-03T00:00:21.265Z"}
{"level":"info","message":"NEAR/USDC: decision=HOLD confidence=0% price=2.62600000 external_signals=0","timestamp":"2026-06-03T00:00:21.266Z"}
{"level":"info","message":"NEAR/USDC: RSI 66.3 neutral | Price 2.6680 inside BB [2.1346–2.7847] | Stoch K=87.3 D=54.0 — no crossover in extreme zone | No significant S/R zone nearby","timestamp":"2026-06-03T00:00:21.266Z"}
{"level":"debug","message":"[CYCLE] TRX/USDC: sizing positionPct=0.0989 (base=0.15 atr=0.033434650455927084 regime=on conf=0.00 macro=bear mtf=1.0)","timestamp":"2026-06-03T00:00:21.460Z"}
{"level":"info","message":"TRX/USDC: decision=HOLD confidence=0% price=0.33250000 external_signals=0","timestamp":"2026-06-03T00:00:21.460Z"}
{"level":"info","message":"TRX/USDC: CCI -86.7 neutral | Stoch K=8.4 D=15.2 — no crossover in extreme zone | StochRSI K=8.8 D=13.6 — no extreme crossover","timestamp":"2026-06-03T00:00:21.461Z"}
{"level":"debug","message":"[CYCLE] BCH/USDC: sizing positionPct=0.0396 (base=0.15 atr=0.033434650455927084 regime=on conf=0.00 macro=bear mtf=1.0)","timestamp":"2026-06-03T00:00:21.657Z"}
{"level":"info","message":"BCH/USDC: decision=HOLD confidence=0% price=269.30000000 external_signals=0","timestamp":"2026-06-03T00:00:21.657Z"}
{"level":"info","message":"BCH/USDC: Price 283.1000 inside BB [265.9944–367.7356] | OBV below EMA-20 — no cross | %R -95.8 oversold — still falling, wait","timestamp":"2026-06-03T00:00:21.657Z"}
{"level":"debug","message":"[CYCLE] ACH/USDC: sizing positionPct=0.0588 (base=0.15 atr=0.033434650455927084 regime=on conf=0.00 macro=bear mtf=1.0)","timestamp":"2026-06-03T00:00:21.859Z"}
{"level":"info","message":"ACH/USDC: decision=HOLD confidence=0% price=0.00580000 external_signals=0","timestamp":"2026-06-03T00:00:21.859Z"}
{"level":"info","message":"ACH/USDC: RSI 38.0 neutral | Price 0.0062 inside BB [0.0060–0.0067] | CCI -82.8 neutral","timestamp":"2026-06-03T00:00:21.860Z"}
{"level":"debug","message":"[CYCLE] CRV/USDC: sizing positionPct=0.1344 (base=0.15 atr=0.033434650455927084 regime=on conf=2.00 macro=bear mtf=1.0)","timestamp":"2026-06-03T00:00:22.071Z"}
{"level":"info","message":"CRV/USDC: decision=HOLD confidence=200% price=0.20030000 external_signals=0","timestamp":"2026-06-03T00:00:22.071Z"}
{"level":"info","message":"CRV/USDC: ADX 28.6 downtrend (-DI 27.6 > +DI 13.5) | StochRSI K=40.7 D=68.6 — no extreme crossover | No significant S/R zone nearby","timestamp":"2026-06-03T00:00:22.071Z"}
{"level":"debug","message":"[CYCLE] ENS/USDC: sizing positionPct=0.0309 (base=0.15 atr=0.033434650455927084 regime=on conf=0.50 macro=bear mtf=1.0)","timestamp":"2026-06-03T00:00:22.266Z"}
{"level":"info","message":"ENS/USDC: decision=HOLD confidence=50% price=5.40000000 external_signals=0","timestamp":"2026-06-03T00:00:22.266Z"}
{"level":"info","message":"ENS/USDC: Price 5.6700 inside BB [5.5174–6.4436] | PSAR flipped bearish ↓ — SAR 6.2700 now above price 5.6700 | Support 5.5950 (2×)","timestamp":"2026-06-03T00:00:22.267Z"}
{"level":"debug","message":"[CYCLE] GMX/USDC: sizing positionPct=0.0418 (base=0.15 atr=0.033434650455927084 regime=on conf=0.00 macro=bear mtf=1.0)","timestamp":"2026-06-03T00:00:22.463Z"}
{"level":"info","message":"GMX/USDC: decision=HOLD confidence=0% price=6.17000000 external_signals=0","timestamp":"2026-06-03T00:00:22.464Z"}
{"level":"info","message":"GMX/USDC: RSI 49.9 neutral | Price 6.6400 inside BB [6.0921–6.9799] | CCI 33.9 neutral","timestamp":"2026-06-03T00:00:22.464Z"}
{"level":"debug","message":"[CYCLE] LDO/USDC: sizing positionPct=0.1011 (base=0.15 atr=0.033434650455927084 regime=on conf=2.00 macro=bear mtf=1.0)","timestamp":"2026-06-03T00:00:22.663Z"}
{"level":"info","message":"LDO/USDC: decision=HOLD confidence=200% price=0.30240000 external_signals=0","timestamp":"2026-06-03T00:00:22.663Z"}
{"level":"info","message":"LDO/USDC: MACD -0.0084 vs signal -0.0099 hist:0.0015 | ADX 26.2 downtrend (-DI 28.2 > +DI 18.0) | %R -60.5 neutral","timestamp":"2026-06-03T00:00:22.663Z"}
{"level":"debug","message":"[CYCLE] LSK/USDC: sizing positionPct=0.0456 (base=0.15 atr=0.033434650455927084 regime=on conf=0.00 macro=bear mtf=1.0)","timestamp":"2026-06-03T00:00:22.867Z"}
{"level":"info","message":"LSK/USDC: decision=HOLD confidence=0% price=0.10600000 external_signals=0","timestamp":"2026-06-03T00:00:22.867Z"}
{"level":"info","message":"LSK/USDC: MACD -0.0026 vs signal -0.0030 hist:0.0003 | MFI 45.9 neutral | PSAR uptrend continues (SAR 0.1082)","timestamp":"2026-06-03T00:00:22.867Z"}
{"level":"debug","message":"[CYCLE] JTO/USDC: sizing positionPct=0.0292 (base=0.15 atr=0.033434650455927084 regime=on conf=0.00 macro=bear mtf=1.0)","timestamp":"2026-06-03T00:00:23.057Z"}
{"level":"info","message":"JTO/USDC: decision=HOLD confidence=0% price=0.55860000 external_signals=0","timestamp":"2026-06-03T00:00:23.058Z"}
{"level":"info","message":"JTO/USDC: CCI 299.4 overbought — still rising, wait | PSAR uptrend continues (SAR 0.4643) | No significant S/R zone nearby","timestamp":"2026-06-03T00:00:23.058Z"}
{"level":"debug","message":"[CYCLE] MANTA/USDC: sizing positionPct=0.0312 (base=0.15 atr=0.033434650455927084 regime=on conf=0.00 macro=bear mtf=1.0)","timestamp":"2026-06-03T00:00:23.261Z"}
{"level":"info","message":"MANTA/USDC: decision=HOLD confidence=0% price=0.07345000 external_signals=0","timestamp":"2026-06-03T00:00:23.261Z"}
{"level":"info","message":"MANTA/USDC: RSI 47.4 neutral | Price 0.0761 inside BB [0.0734–0.0816] | CCI -60.4 neutral","timestamp":"2026-06-03T00:00:23.262Z"}
{"level":"debug","message":"[CYCLE] PIXEL/USDC: sizing positionPct=0.0338 (base=0.15 atr=0.033434650455927084 regime=on conf=0.00 macro=bear mtf=1.0)","timestamp":"2026-06-03T00:00:23.458Z"}
{"level":"info","message":"PIXEL/USDC: decision=HOLD confidence=0% price=0.00654000 external_signals=0","timestamp":"2026-06-03T00:00:23.458Z"}
{"level":"info","message":"PIXEL/USDC: No EMA crossover (fast 0.0069 vs slow 0.0070) | ADX 18.3 < 20 — ranging, skip | No significant S/R zone nearby","timestamp":"2026-06-03T00:00:23.458Z"}
{"level":"debug","message":"[CYCLE] SUI/USDC: sizing positionPct=0.1165 (base=0.15 atr=0.033434650455927084 regime=on conf=2.00 macro=bear mtf=1.0)","timestamp":"2026-06-03T00:00:23.658Z"}
{"level":"info","message":"SUI/USDC: decision=HOLD confidence=200% price=0.80770000 external_signals=0","timestamp":"2026-06-03T00:00:23.658Z"}
{"level":"info","message":"SUI/USDC: RSI 25.7 oversold — still falling, wait | Stoch K=0.0 D=9.6 — no crossover in extreme zone | MFI 11.7 oversold ↑ volume reversal confirmed","timestamp":"2026-06-03T00:00:23.659Z"}
{"level":"debug","message":"[CYCLE] PAXG/USDC: sizing positionPct=0.0900 (base=0.15 atr=0.033434650455927084 regime=on conf=0.00 macro=bear mtf=1.0)","timestamp":"2026-06-03T00:00:23.861Z"}
{"level":"info","message":"PAXG/USDC: decision=HOLD confidence=0% price=4466.88000000 external_signals=0","timestamp":"2026-06-03T00:00:23.861Z"}
{"level":"info","message":"PAXG/USDC: MACD -11.2154 vs signal -15.6105 hist:4.3950 | ADX 17.0 < 20 — ranging, skip | Supertrend downtrend continues (ST 4568.4891)","timestamp":"2026-06-03T00:00:23.861Z"}
{"level":"debug","message":"[CYCLE] THETA/USDC: sizing positionPct=0.0205 (base=0.15 atr=0.033434650455927084 regime=on conf=0.00 macro=bear mtf=1.0)","timestamp":"2026-06-03T00:00:24.061Z"}
{"level":"info","message":"THETA/USDC: decision=HOLD confidence=0% price=0.17900000 external_signals=0","timestamp":"2026-06-03T00:00:24.062Z"}
{"level":"info","message":"THETA/USDC: RSI 45.3 neutral | CCI -24.9 neutral | OBV below EMA-20 — no cross","timestamp":"2026-06-03T00:00:24.062Z"}
{"level":"debug","message":"[CYCLE] TIA/USDC: sizing positionPct=0.0138 (base=0.15 atr=0.033434650455927084 regime=on conf=0.00 macro=bear mtf=1.0)","timestamp":"2026-06-03T00:00:24.259Z"}
{"level":"info","message":"TIA/USDC: decision=HOLD confidence=0% price=0.35970000 external_signals=0","timestamp":"2026-06-03T00:00:24.259Z"}
{"level":"info","message":"TIA/USDC: CCI -93.6 neutral | MACD -0.0081 vs signal -0.0040 hist:-0.0042 | HA flipped but prior streak too short (1 < 3)","timestamp":"2026-06-03T00:00:24.259Z"}
{"level":"debug","message":"[CYCLE] VANRY/USDC: sizing positionPct=0.0986 (base=0.15 atr=0.033434650455927084 regime=on conf=2.00 macro=bear mtf=1.0)","timestamp":"2026-06-03T00:00:24.457Z"}
{"level":"info","message":"VANRY/USDC: decision=HOLD confidence=200% price=0.00419700 external_signals=0","timestamp":"2026-06-03T00:00:24.457Z"}
{"level":"info","message":"VANRY/USDC: No EMA crossover (fast 0.0045 vs slow 0.0047) | MACD -0.0002 vs signal -0.0002 hist:0.0000 | ADX 27.7 downtrend (-DI 24.5 > +DI 13.0)","timestamp":"2026-06-03T00:00:24.457Z"}
{"level":"debug","message":"[CYCLE] ADA/USDC: sizing positionPct=0.1724 (base=0.15 atr=0.033434650455927084 regime=on conf=2.00 macro=bear mtf=1.0)","timestamp":"2026-06-03T00:00:24.659Z"}
{"level":"info","message":"ADA/USDC: decision=HOLD confidence=200% price=0.21280000 external_signals=0","timestamp":"2026-06-03T00:00:24.660Z"}
{"level":"info","message":"ADA/USDC: RSI 28.2 oversold — still falling, wait | Price 0.2228 ≤ lower BB 0.2247 (bw 9.7%) | CCI -201.8 oversold — still falling, wait","timestamp":"2026-06-03T00:00:24.660Z"}
{"level":"debug","message":"[CYCLE] SOL/USDC: sizing positionPct=0.1865 (base=0.15 atr=0.033434650455927084 regime=on conf=2.00 macro=bear mtf=1.0)","timestamp":"2026-06-03T00:00:24.858Z"}
{"level":"info","message":"SOL/USDC: decision=HOLD confidence=200% price=74.12000000 external_signals=0","timestamp":"2026-06-03T00:00:24.858Z"}
{"level":"info","message":"SOL/USDC: Price 78.8200 ≤ lower BB 78.9407 (bw 9.3%) | %R -100.0 oversold — still falling, wait | StochRSI K=0.0 D=23.3 — no extreme crossover","timestamp":"2026-06-03T00:00:24.859Z"}
{"level":"debug","message":"[CYCLE] AVAX/USDC: sizing positionPct=0.1303 (base=0.15 atr=0.033434650455927084 regime=on conf=2.00 macro=bear mtf=1.0)","timestamp":"2026-06-03T00:00:25.058Z"}
{"level":"info","message":"AVAX/USDC: decision=HOLD confidence=200% price=8.17200000 external_signals=0","timestamp":"2026-06-03T00:00:25.058Z"}
{"level":"info","message":"AVAX/USDC: RSI 37.3 neutral | MACD crossed below signal (below zero) ↓ hist:-0.0087 | PSAR downtrend continues (SAR 9.1037)","timestamp":"2026-06-03T00:00:25.058Z"}
{"level":"debug","message":"[CYCLE] DOGE/USDC: sizing positionPct=0.0716 (base=0.15 atr=0.033434650455927084 regime=on conf=0.00 macro=bear mtf=1.0)","timestamp":"2026-06-03T00:00:25.260Z"}
{"level":"info","message":"DOGE/USDC: decision=HOLD confidence=0% price=0.09265000 external_signals=0","timestamp":"2026-06-03T00:00:25.260Z"}
{"level":"info","message":"DOGE/USDC: No EMA crossover (fast 0.1002 vs slow 0.1016) | PSAR downtrend continues (SAR 0.1013) | HA flipped but prior streak too short (1 < 3)","timestamp":"2026-06-03T00:00:25.260Z"}
{"level":"debug","message":"[CYCLE] INJ/USDC: sizing positionPct=0.0731 (base=0.15 atr=0.033434650455927084 regime=on conf=2.00 macro=bear mtf=1.0)","timestamp":"2026-06-03T00:00:25.459Z"}
{"level":"info","message":"INJ/USDC: decision=HOLD confidence=200% price=6.58800000 external_signals=0","timestamp":"2026-06-03T00:00:25.459Z"}
{"level":"info","message":"INJ/USDC: ADX 54.9 uptrend (+DI 32.2 > -DI 7.5) | OBV above EMA-20 — no cross | StochRSI K=100.0 D=92.2 — no extreme crossover","timestamp":"2026-06-03T00:00:25.459Z"}
{"level":"debug","message":"[CYCLE] ETH/USDC: sizing positionPct=0.0844 (base=0.15 atr=0.033434650455927084 regime=on conf=0.00 macro=bear mtf=1.0)","timestamp":"2026-06-03T00:00:25.657Z"}
{"level":"info","message":"ETH/USDC: decision=HOLD confidence=0% price=1858.45000000 external_signals=0","timestamp":"2026-06-03T00:00:25.657Z"}
{"level":"info","message":"ETH/USDC: Supertrend downtrend continues (ST 2088.1663) | MFI 50.3 neutral | No significant S/R zone nearby","timestamp":"2026-06-03T00:00:25.657Z"}
{"level":"debug","message":"[CYCLE] WLD/USDC: sizing positionPct=0.0443 (base=0.15 atr=0.033434650455927084 regime=on conf=0.50 macro=bear mtf=1.0)","timestamp":"2026-06-03T00:00:25.864Z"}
{"level":"info","message":"WLD/USDC: decision=HOLD confidence=50% price=0.38170000 external_signals=0","timestamp":"2026-06-03T00:00:25.864Z"}
{"level":"info","message":"WLD/USDC: Price 0.4175 inside BB [0.2491–0.4298] | CCI 140.7 overbought ↓ reversal confirmed | ADX 37.8 uptrend (+DI 50.3 > -DI 17.4)","timestamp":"2026-06-03T00:00:25.864Z"}
{"level":"debug","message":"[CYCLE] PEPE/USDC: sizing positionPct=0.0562 (base=0.15 atr=0.033434650455927084 regime=on conf=0.00 macro=bear mtf=1.0)","timestamp":"2026-06-03T00:00:26.063Z"}
{"level":"info","message":"PEPE/USDC: decision=HOLD confidence=0% price=0.00000312 external_signals=0","timestamp":"2026-06-03T00:00:26.064Z"}
{"level":"info","message":"PEPE/USDC: No EMA crossover (fast 0.0000 vs slow 0.0000) | Supertrend downtrend continues (ST 0.0000) | OBV below EMA-20 — no cross","timestamp":"2026-06-03T00:00:26.064Z"}
{"level":"debug","message":"[CYCLE] TON/USDC: sizing positionPct=0.0631 (base=0.15 atr=0.033434650455927084 regime=on conf=0.50 macro=bear mtf=1.0)","timestamp":"2026-06-03T00:00:26.461Z"}
{"level":"info","message":"TON/USDC: decision=HOLD confidence=50% price=1.97100000 external_signals=0","timestamp":"2026-06-03T00:00:26.461Z"}
{"level":"info","message":"TON/USDC: EMA12 crossed above EMA26 — both rising ↑ | OBV above EMA-20 — no cross | StochRSI K=76.7 crossed below D=85.6 in overbought ↓","timestamp":"2026-06-03T00:00:26.461Z"}
{"level":"debug","message":"[CYCLE] RENDER/USDC: sizing positionPct=0.0257 (base=0.15 atr=0.033434650455927084 regime=on conf=0.00 macro=bear mtf=1.0)","timestamp":"2026-06-03T00:00:26.662Z"}
{"level":"info","message":"RENDER/USDC: decision=HOLD confidence=0% price=2.03200000 external_signals=0","timestamp":"2026-06-03T00:00:26.662Z"}
{"level":"info","message":"RENDER/USDC: No EMA crossover (fast 2.0883 vs slow 2.0468) | OBV above EMA-20 — no cross | %R -31.7 neutral","timestamp":"2026-06-03T00:00:26.662Z"}
{"level":"debug","message":"[CYCLE] ENA/USDC: sizing positionPct=0.0426 (base=0.15 atr=0.033434650455927084 regime=on conf=0.00 macro=bear mtf=1.0)","timestamp":"2026-06-03T00:00:26.855Z"}
{"level":"info","message":"ENA/USDC: decision=HOLD confidence=0% price=0.09420000 external_signals=0","timestamp":"2026-06-03T00:00:26.856Z"}
{"level":"info","message":"ENA/USDC: RSI 35.1 neutral | Price 0.0862 inside BB [0.0804–0.1032] | CCI -75.5 neutral","timestamp":"2026-06-03T00:00:26.856Z"}
{"level":"debug","message":"[CYCLE] ICP/USDC: sizing positionPct=0.0728 (base=0.15 atr=0.033434650455927084 regime=on conf=2.00 macro=bear mtf=1.0)","timestamp":"2026-06-03T00:00:27.062Z"}
{"level":"info","message":"ICP/USDC: decision=HOLD confidence=200% price=2.98500000 external_signals=0","timestamp":"2026-06-03T00:00:27.062Z"}
{"level":"info","message":"ICP/USDC: RSI 66.2 neutral | Price 3.0910 ≥ upper BB 2.9783 (bw 18.1%) | Stoch K=98.5 D=71.8 — no crossover in extreme zone","timestamp":"2026-06-03T00:00:27.062Z"}
{"level":"debug","message":"[CYCLE] APT/USDC: sizing positionPct=0.0155 (base=0.15 atr=0.033434650455927084 regime=on conf=0.00 macro=bear mtf=1.0)","timestamp":"2026-06-03T00:00:27.259Z"}
{"level":"info","message":"APT/USDC: decision=HOLD confidence=0% price=0.82400000 external_signals=0","timestamp":"2026-06-03T00:00:27.259Z"}
{"level":"info","message":"APT/USDC: Price 0.9020 inside BB [0.9004–0.9866] | Stoch K=12.1 D=28.3 — no crossover in extreme zone | MFI 40.5 neutral","timestamp":"2026-06-03T00:00:27.259Z"}
{"level":"debug","message":"[CYCLE] ARB/USDC: sizing positionPct=0.0471 (base=0.15 atr=0.033434650455927084 regime=on conf=0.00 macro=bear mtf=1.0)","timestamp":"2026-06-03T00:00:27.462Z"}
{"level":"info","message":"ARB/USDC: decision=HOLD confidence=0% price=0.09280000 external_signals=0","timestamp":"2026-06-03T00:00:27.462Z"}
{"level":"info","message":"ARB/USDC: RSI 32.1 neutral | %R -100.0 oversold — still falling, wait | HA flipped but prior streak too short (1 < 3)","timestamp":"2026-06-03T00:00:27.462Z"}
{"level":"debug","message":"[CYCLE] JUP/USDC: sizing positionPct=0.0362 (base=0.15 atr=0.033434650455927084 regime=on conf=0.00 macro=bear mtf=1.0)","timestamp":"2026-06-03T00:00:27.657Z"}
{"level":"debug","message":"[LIVE] JUP/USDC: checkRisk price=0.19390000 SL=0.18897720 TP=0.22254800 HWM=0.18860000 entry=0.18860000","timestamp":"2026-06-03T00:00:27.657Z"}
{"level":"info","message":"JUP/USDC: decision=HOLD confidence=0% price=0.19390000 external_signals=0","timestamp":"2026-06-03T00:00:27.658Z"}
{"level":"info","message":"JUP/USDC: Price 0.2052 inside BB [0.1724–0.2125] | CCI 92.7 neutral | OBV below EMA-20 — no cross","timestamp":"2026-06-03T00:00:27.658Z"}
{"level":"info","message":"BTC/USDC: live balance=26.81 pnl=-0.69 open_positions=1 daily_pnl=0.00 blocked=false","timestamp":"2026-06-03T00:00:27.859Z"}
{"level":"info","message":"XRP/USDC: live balance=26.81 pnl=-0.69 open_positions=1 daily_pnl=0.00 blocked=false","timestamp":"2026-06-03T00:00:28.062Z"}
{"level":"info","message":"LINK/USDC: live balance=26.81 pnl=-0.69 open_positions=1 daily_pnl=0.00 blocked=false","timestamp":"2026-06-03T00:00:28.257Z"}
{"level":"info","message":"BNB/USDC: live balance=26.81 pnl=-0.69 open_positions=1 daily_pnl=0.00 blocked=false","timestamp":"2026-06-03T00:00:28.456Z"}
{"level":"info","message":"LTC/USDC: live balance=26.81 pnl=-0.69 open_positions=1 daily_pnl=0.00 blocked=false","timestamp":"2026-06-03T00:00:28.661Z"}
{"level":"info","message":"NEAR/USDC: live balance=26.81 pnl=-0.69 open_positions=1 daily_pnl=0.00 blocked=false","timestamp":"2026-06-03T00:00:28.867Z"}
{"level":"info","message":"TRX/USDC: live balance=26.81 pnl=-0.69 open_positions=1 daily_pnl=0.00 blocked=false","timestamp":"2026-06-03T00:00:29.063Z"}
{"level":"info","message":"BCH/USDC: live balance=26.81 pnl=-0.69 open_positions=1 daily_pnl=0.00 blocked=false","timestamp":"2026-06-03T00:00:29.265Z"}
{"level":"info","message":"ACH/USDC: live balance=26.81 pnl=-0.69 open_positions=1 daily_pnl=0.00 blocked=false","timestamp":"2026-06-03T00:00:29.457Z"}
{"level":"info","message":"CRV/USDC: live balance=26.81 pnl=-0.69 open_positions=1 daily_pnl=0.00 blocked=false","timestamp":"2026-06-03T00:00:29.667Z"}
{"level":"info","message":"ENS/USDC: live balance=26.81 pnl=-0.69 open_positions=1 daily_pnl=0.00 blocked=false","timestamp":"2026-06-03T00:00:29.863Z"}
{"level":"info","message":"GMX/USDC: live balance=26.81 pnl=-0.69 open_positions=1 daily_pnl=0.00 blocked=false","timestamp":"2026-06-03T00:00:30.060Z"}
{"level":"info","message":"LDO/USDC: live balance=26.81 pnl=-0.69 open_positions=1 daily_pnl=0.00 blocked=false","timestamp":"2026-06-03T00:00:30.258Z"}
{"level":"info","message":"LSK/USDC: live balance=26.81 pnl=-0.69 open_positions=1 daily_pnl=0.00 blocked=false","timestamp":"2026-06-03T00:00:30.472Z"}
{"level":"info","message":"JTO/USDC: live balance=26.81 pnl=-0.69 open_positions=1 daily_pnl=0.00 blocked=false","timestamp":"2026-06-03T00:00:30.662Z"}
{"level":"info","message":"MANTA/USDC: live balance=26.81 pnl=-0.69 open_positions=1 daily_pnl=0.00 blocked=false","timestamp":"2026-06-03T00:00:30.864Z"}
{"level":"info","message":"PIXEL/USDC: live balance=26.81 pnl=-0.69 open_positions=1 daily_pnl=0.00 blocked=false","timestamp":"2026-06-03T00:00:31.070Z"}
{"level":"info","message":"SUI/USDC: live balance=26.81 pnl=-0.69 open_positions=1 daily_pnl=0.00 blocked=false","timestamp":"2026-06-03T00:00:31.260Z"}
{"level":"info","message":"PAXG/USDC: live balance=26.81 pnl=-0.69 open_positions=1 daily_pnl=0.00 blocked=false","timestamp":"2026-06-03T00:00:31.456Z"}
{"level":"info","message":"THETA/USDC: live balance=26.81 pnl=-0.69 open_positions=1 daily_pnl=0.00 blocked=false","timestamp":"2026-06-03T00:00:31.662Z"}
{"level":"info","message":"TIA/USDC: live balance=26.81 pnl=-0.69 open_positions=1 daily_pnl=0.00 blocked=false","timestamp":"2026-06-03T00:00:31.862Z"}
{"level":"info","message":"VANRY/USDC: live balance=26.81 pnl=-0.69 open_positions=1 daily_pnl=0.00 blocked=false","timestamp":"2026-06-03T00:00:32.061Z"}
{"level":"info","message":"ADA/USDC: live balance=26.81 pnl=-0.69 open_positions=1 daily_pnl=0.00 blocked=false","timestamp":"2026-06-03T00:00:32.265Z"}
{"level":"info","message":"SOL/USDC: live balance=26.81 pnl=-0.69 open_positions=1 daily_pnl=0.00 blocked=false","timestamp":"2026-06-03T00:00:32.459Z"}
{"level":"info","message":"AVAX/USDC: live balance=26.81 pnl=-0.69 open_positions=1 daily_pnl=0.00 blocked=false","timestamp":"2026-06-03T00:00:32.669Z"}
{"level":"info","message":"DOGE/USDC: live balance=26.81 pnl=-0.69 open_positions=1 daily_pnl=0.00 blocked=false","timestamp":"2026-06-03T00:00:33.065Z"}
{"level":"info","message":"INJ/USDC: live balance=26.81 pnl=-0.69 open_positions=1 daily_pnl=0.00 blocked=false","timestamp":"2026-06-03T00:00:33.257Z"}
{"level":"info","message":"ETH/USDC: live balance=26.81 pnl=-0.69 open_positions=1 daily_pnl=0.00 blocked=false","timestamp":"2026-06-03T00:00:33.460Z"}
{"level":"info","message":"WLD/USDC: live balance=26.81 pnl=-0.69 open_positions=1 daily_pnl=0.00 blocked=false","timestamp":"2026-06-03T00:00:33.661Z"}
{"level":"info","message":"PEPE/USDC: live balance=26.81 pnl=-0.69 open_positions=1 daily_pnl=0.00 blocked=false","timestamp":"2026-06-03T00:00:33.865Z"}
{"level":"info","message":"TON/USDC: live balance=26.81 pnl=-0.69 open_positions=1 daily_pnl=0.00 blocked=false","timestamp":"2026-06-03T00:00:34.084Z"}
{"level":"info","message":"RENDER/USDC: live balance=26.81 pnl=-0.69 open_positions=1 daily_pnl=0.00 blocked=false","timestamp":"2026-06-03T00:00:34.276Z"}
{"level":"info","message":"ENA/USDC: live balance=26.81 pnl=-0.69 open_positions=1 daily_pnl=0.00 blocked=false","timestamp":"2026-06-03T00:00:34.491Z"}
{"level":"info","message":"ICP/USDC: live balance=26.81 pnl=-0.69 open_positions=1 daily_pnl=0.00 blocked=false","timestamp":"2026-06-03T00:00:34.677Z"}
{"level":"info","message":"APT/USDC: live balance=26.81 pnl=-0.69 open_positions=1 daily_pnl=0.00 blocked=false","timestamp":"2026-06-03T00:00:34.880Z"}
{"level":"info","message":"ARB/USDC: live balance=26.81 pnl=-0.69 open_positions=1 daily_pnl=0.00 blocked=false","timestamp":"2026-06-03T00:00:35.089Z"}
{"level":"info","message":"JUP/USDC: live balance=26.81 pnl=-0.69 open_positions=1 daily_pnl=0.00 blocked=false","timestamp":"2026-06-03T00:00:35.283Z"}
{"level":"debug","message":"[RISK-LOOP] checking 1 open position(s)","timestamp":"2026-06-03T00:00:40.234Z"}
{"level":"debug","message":"[LIVE] JUP/USDC: checkRisk price=0.19390000 SL=0.18897720 TP=0.22254800 HWM=0.18860000 entry=0.18860000","timestamp":"2026-06-03T00:00:40.740Z"}
{"level":"debug","message":"[RISK-LOOP] checking 1 open position(s)","timestamp":"2026-06-03T00:02:40.231Z"}
{"level":"debug","message":"[LIVE] JUP/USDC: checkRisk price=0.19400000 SL=0.18897720 TP=0.22254800 HWM=0.18860000 entry=0.18860000","timestamp":"2026-06-03T00:02:40.722Z"}
{"level":"info","message":"[MTF-CACHE] 15m refresh complete: 37/37 symbols","timestamp":"2026-06-03T00:02:59.220Z"}
{"level":"debug","message":"[RISK-LOOP] checking 1 open position(s)","timestamp":"2026-06-03T00:04:40.229Z"}
{"level":"debug","message":"[LIVE] JUP/USDC: checkRisk price=0.19430000 SL=0.18897720 TP=0.22254800 HWM=0.18860000 entry=0.18860000","timestamp":"2026-06-03T00:04:40.826Z"}
{"level":"debug","message":"[RISK-LOOP] checking 1 open position(s)","timestamp":"2026-06-03T00:06:40.240Z"}
{"level":"debug","message":"[LIVE] JUP/USDC: checkRisk price=0.19430000 SL=0.18897720 TP=0.22254800 HWM=0.18860000 entry=0.18860000","timestamp":"2026-06-03T00:06:40.682Z"}
{"level":"debug","message":"[RISK-LOOP] checking 1 open position(s)","timestamp":"2026-06-03T00:08:40.234Z"}
{"level":"debug","message":"[LIVE] JUP/USDC: checkRisk price=0.19480000 SL=0.18897720 TP=0.22254800 HWM=0.18860000 entry=0.18860000","timestamp":"2026-06-03T00:08:40.676Z"}
{"level":"debug","message":"[RISK-LOOP] checking 1 open position(s)","timestamp":"2026-06-03T00:10:40.243Z"}
{"level":"debug","message":"[LIVE] JUP/USDC: checkRisk price=0.19590000 SL=0.18897720 TP=0.22254800 HWM=0.18860000 entry=0.18860000","timestamp":"2026-06-03T00:10:40.684Z"}
{"level":"debug","message":"[RISK-LOOP] checking 1 open position(s)","timestamp":"2026-06-03T00:12:40.248Z"}
{"level":"debug","message":"[LIVE] JUP/USDC: checkRisk price=0.19620000 SL=0.18897720 TP=0.22254800 HWM=0.18860000 entry=0.18860000","timestamp":"2026-06-03T00:12:40.514Z"}
{"level":"debug","message":"[RISK-LOOP] checking 1 open position(s)","timestamp":"2026-06-03T00:14:40.253Z"}
{"level":"debug","message":"[LIVE] JUP/USDC: checkRisk price=0.19580000 SL=0.18897720 TP=0.22254800 HWM=0.18860000 entry=0.18860000","timestamp":"2026-06-03T00:14:40.697Z"}
{"level":"debug","message":"[RISK-LOOP] checking 1 open position(s)","timestamp":"2026-06-03T00:16:40.243Z"}
{"level":"debug","message":"[LIVE] JUP/USDC: checkRisk price=0.19540000 SL=0.18897720 TP=0.22254800 HWM=0.18860000 entry=0.18860000","timestamp":"2026-06-03T00:16:40.688Z"}
{"level":"info","message":"[MTF-CACHE] 15m refresh complete: 37/37 symbols","timestamp":"2026-06-03T00:17:59.211Z"}
{"level":"debug","message":"[RISK-LOOP] checking 1 open position(s)","timestamp":"2026-06-03T00:18:40.257Z"}
{"level":"debug","message":"[LIVE] JUP/USDC: checkRisk price=0.19680000 SL=0.18897720 TP=0.22254800 HWM=0.18860000 entry=0.18860000","timestamp":"2026-06-03T00:18:40.698Z"}
{"level":"debug","message":"[RISK-LOOP] checking 1 open position(s)","timestamp":"2026-06-03T00:20:40.254Z"}
{"level":"debug","message":"[LIVE] JUP/USDC: checkRisk price=0.19660000 SL=0.18897720 TP=0.22254800 HWM=0.18860000 entry=0.18860000","timestamp":"2026-06-03T00:20:40.695Z"}
{"level":"debug","message":"[RISK-LOOP] checking 1 open position(s)","timestamp":"2026-06-03T00:22:40.256Z"}
{"level":"debug","message":"[LIVE] JUP/USDC: checkRisk price=0.19600000 SL=0.18897720 TP=0.22254800 HWM=0.18860000 entry=0.18860000","timestamp":"2026-06-03T00:22:40.520Z"}
{"level":"debug","message":"[RISK-LOOP] checking 1 open position(s)","timestamp":"2026-06-03T00:24:40.260Z"}
{"level":"debug","message":"[LIVE] JUP/USDC: checkRisk price=0.19550000 SL=0.18897720 TP=0.22254800 HWM=0.18860000 entry=0.18860000","timestamp":"2026-06-03T00:24:40.702Z"}
{"level":"debug","message":"[RISK-LOOP] checking 1 open position(s)","timestamp":"2026-06-03T00:26:40.255Z"}
{"level":"debug","message":"[LIVE] JUP/USDC: checkRisk price=0.19590000 SL=0.18897720 TP=0.22254800 HWM=0.18860000 entry=0.18860000","timestamp":"2026-06-03T00:26:40.708Z"}
{"level":"debug","message":"[RISK-LOOP] checking 1 open position(s)","timestamp":"2026-06-03T00:28:40.259Z"}
{"level":"debug","message":"[LIVE] JUP/USDC: checkRisk price=0.19580000 SL=0.18897720 TP=0.22254800 HWM=0.18860000 entry=0.18860000","timestamp":"2026-06-03T00:28:40.701Z"}
{"level":"debug","message":"[RISK-LOOP] checking 1 open position(s)","timestamp":"2026-06-03T00:30:40.267Z"}
{"level":"debug","message":"[LIVE] JUP/USDC: checkRisk price=0.19520000 SL=0.18897720 TP=0.22254800 HWM=0.18860000 entry=0.18860000","timestamp":"2026-06-03T00:30:40.709Z"}
{"level":"debug","message":"[RISK-LOOP] checking 1 open position(s)","timestamp":"2026-06-03T00:32:40.309Z"}
{"level":"debug","message":"[LIVE] JUP/USDC: checkRisk price=0.19500000 SL=0.18897720 TP=0.22254800 HWM=0.18860000 entry=0.18860000","timestamp":"2026-06-03T00:32:40.573Z"}
{"level":"info","message":"[MTF-CACHE] 15m refresh complete: 37/37 symbols","timestamp":"2026-06-03T00:32:59.376Z"}
{"level":"debug","message":"[RISK-LOOP] checking 1 open position(s)","timestamp":"2026-06-03T00:34:40.266Z"}
{"level":"debug","message":"[LIVE] JUP/USDC: checkRisk price=0.19620000 SL=0.18897720 TP=0.22254800 HWM=0.18860000 entry=0.18860000","timestamp":"2026-06-03T00:34:40.706Z"}
{"level":"debug","message":"[RISK-LOOP] checking 1 open position(s)","timestamp":"2026-06-03T00:36:40.271Z"}
{"level":"debug","message":"[LIVE] JUP/USDC: checkRisk price=0.19620000 SL=0.18897720 TP=0.22254800 HWM=0.18860000 entry=0.18860000","timestamp":"2026-06-03T00:36:40.710Z"}
{"level":"debug","message":"[RISK-LOOP] checking 1 open position(s)","timestamp":"2026-06-03T00:38:40.272Z"}
{"level":"debug","message":"[LIVE] JUP/USDC: checkRisk price=0.19720000 SL=0.18897720 TP=0.22254800 HWM=0.18860000 entry=0.18860000","timestamp":"2026-06-03T00:38:40.714Z"}
{"level":"debug","message":"[RISK-LOOP] checking 1 open position(s)","timestamp":"2026-06-03T00:40:40.280Z"}
{"level":"debug","message":"[LIVE] JUP/USDC: checkRisk price=0.19660000 SL=0.18897720 TP=0.22254800 HWM=0.18860000 entry=0.18860000","timestamp":"2026-06-03T00:40:40.719Z"}
{"level":"debug","message":"[RISK-LOOP] checking 1 open position(s)","timestamp":"2026-06-03T00:42:40.323Z"}
{"level":"debug","message":"[LIVE] JUP/USDC: checkRisk price=0.19640000 SL=0.18897720 TP=0.22254800 HWM=0.18860000 entry=0.18860000","timestamp":"2026-06-03T00:42:40.586Z"}
{"level":"debug","message":"[RISK-LOOP] checking 1 open position(s)","timestamp":"2026-06-03T00:44:40.270Z"}
{"level":"debug","message":"[LIVE] JUP/USDC: checkRisk price=0.19640000 SL=0.18897720 TP=0.22254800 HWM=0.18860000 entry=0.18860000","timestamp":"2026-06-03T00:44:40.713Z"}
{"level":"debug","message":"[RISK-LOOP] checking 1 open position(s)","timestamp":"2026-06-03T00:46:40.284Z"}
{"level":"debug","message":"[LIVE] JUP/USDC: checkRisk price=0.19620000 SL=0.18897720 TP=0.22254800 HWM=0.18860000 entry=0.18860000","timestamp":"2026-06-03T00:46:40.723Z"}
{"level":"info","message":"[MTF-CACHE] 15m refresh complete: 37/37 symbols","timestamp":"2026-06-03T00:47:59.711Z"}
{"level":"debug","message":"[RISK-LOOP] checking 1 open position(s)","timestamp":"2026-06-03T00:48:40.274Z"}
{"level":"debug","message":"[LIVE] JUP/USDC: checkRisk price=0.19620000 SL=0.18897720 TP=0.22254800 HWM=0.18860000 entry=0.18860000","timestamp":"2026-06-03T00:48:40.716Z"}
{"level":"debug","message":"[RISK-LOOP] checking 1 open position(s)","timestamp":"2026-06-03T00:50:40.280Z"}
{"level":"debug","message":"[LIVE] JUP/USDC: checkRisk price=0.19620000 SL=0.18897720 TP=0.22254800 HWM=0.18860000 entry=0.18860000","timestamp":"2026-06-03T00:50:40.723Z"}
{"level":"debug","message":"[RISK-LOOP] checking 1 open position(s)","timestamp":"2026-06-03T00:52:40.331Z"}
{"level":"debug","message":"[LIVE] JUP/USDC: checkRisk price=0.19620000 SL=0.18897720 TP=0.22254800 HWM=0.18860000 entry=0.18860000","timestamp":"2026-06-03T00:52:40.592Z"}
{"level":"debug","message":"[RISK-LOOP] checking 1 open position(s)","timestamp":"2026-06-03T00:54:40.286Z"}
{"level":"debug","message":"[LIVE] JUP/USDC: checkRisk price=0.19620000 SL=0.18897720 TP=0.22254800 HWM=0.18860000 entry=0.18860000","timestamp":"2026-06-03T00:54:40.729Z"}
{"level":"debug","message":"[RISK-LOOP] checking 1 open position(s)","timestamp":"2026-06-03T00:56:40.295Z"}
{"level":"debug","message":"[LIVE] JUP/USDC: checkRisk price=0.19600000 SL=0.18897720 TP=0.22254800 HWM=0.18860000 entry=0.18860000","timestamp":"2026-06-03T00:56:40.739Z"}
{"level":"debug","message":"[RISK-LOOP] checking 1 open position(s)","timestamp":"2026-06-03T00:58:40.285Z"}
{"level":"debug","message":"[LIVE] JUP/USDC: checkRisk price=0.19560000 SL=0.18897720 TP=0.22254800 HWM=0.18860000 entry=0.18860000","timestamp":"2026-06-03T00:58:40.728Z"}
{"level":"debug","message":"[RISK-LOOP] checking 1 open position(s)","timestamp":"2026-06-03T01:00:40.290Z"}
{"level":"debug","message":"[LIVE] JUP/USDC: checkRisk price=0.19500000 SL=0.18897720 TP=0.22254800 HWM=0.18860000 entry=0.18860000","timestamp":"2026-06-03T01:00:40.732Z"}
{"level":"debug","message":"[RISK-LOOP] checking 1 open position(s)","timestamp":"2026-06-03T01:02:40.339Z"}
{"level":"debug","message":"[LIVE] JUP/USDC: checkRisk price=0.19470000 SL=0.18897720 TP=0.22254800 HWM=0.18860000 entry=0.18860000","timestamp":"2026-06-03T01:02:40.601Z"}
{"level":"info","message":"[MTF-CACHE] 15m refresh complete: 37/37 symbols","timestamp":"2026-06-03T01:02:59.237Z"}
{"level":"debug","message":"[RISK-LOOP] checking 1 open position(s)","timestamp":"2026-06-03T01:04:40.289Z"}
{"level":"debug","message":"[LIVE] JUP/USDC: checkRisk price=0.19470000 SL=0.18897720 TP=0.22254800 HWM=0.18860000 entry=0.18860000","timestamp":"2026-06-03T01:04:40.732Z"}
{"level":"debug","message":"[RISK-LOOP] checking 1 open position(s)","timestamp":"2026-06-03T01:06:40.302Z"}
{"level":"debug","message":"[LIVE] JUP/USDC: checkRisk price=0.19570000 SL=0.18897720 TP=0.22254800 HWM=0.18860000 entry=0.18860000","timestamp":"2026-06-03T01:06:40.744Z"}
{"level":"debug","message":"[RISK-LOOP] checking 1 open position(s)","timestamp":"2026-06-03T01:08:40.309Z"}
{"level":"debug","message":"[LIVE] JUP/USDC: checkRisk price=0.19550000 SL=0.18897720 TP=0.22254800 HWM=0.18860000 entry=0.18860000","timestamp":"2026-06-03T01:08:40.753Z"}
{"level":"debug","message":"[RISK-LOOP] checking 1 open position(s)","timestamp":"2026-06-03T01:10:40.295Z"}
{"level":"debug","message":"[LIVE] JUP/USDC: checkRisk price=0.19540000 SL=0.18897720 TP=0.22254800 HWM=0.18860000 entry=0.18860000","timestamp":"2026-06-03T01:10:40.737Z"}
{"level":"debug","message":"[RISK-LOOP] checking 1 open position(s)","timestamp":"2026-06-03T01:12:40.334Z"}
{"level":"debug","message":"[LIVE] JUP/USDC: checkRisk price=0.19500000 SL=0.18897720 TP=0.22254800 HWM=0.18860000 entry=0.18860000","timestamp":"2026-06-03T01:12:40.597Z"}
{"level":"debug","message":"[RISK-LOOP] checking 1 open position(s)","timestamp":"2026-06-03T01:14:40.296Z"}
{"level":"debug","message":"[LIVE] JUP/USDC: checkRisk price=0.19540000 SL=0.18897720 TP=0.22254800 HWM=0.18860000 entry=0.18860000","timestamp":"2026-06-03T01:14:40.739Z"}
{"level":"debug","message":"[RISK-LOOP] checking 1 open position(s)","timestamp":"2026-06-03T01:16:40.303Z"}
{"level":"debug","message":"[LIVE] JUP/USDC: checkRisk price=0.19600000 SL=0.18897720 TP=0.22254800 HWM=0.18860000 entry=0.18860000","timestamp":"2026-06-03T01:16:40.743Z"}
{"level":"info","message":"[MTF-CACHE] 15m refresh complete: 37/37 symbols","timestamp":"2026-06-03T01:17:59.213Z"}
{"level":"debug","message":"[RISK-LOOP] checking 1 open position(s)","timestamp":"2026-06-03T01:18:40.314Z"}
{"level":"debug","message":"[LIVE] JUP/USDC: checkRisk price=0.19600000 SL=0.18897720 TP=0.22254800 HWM=0.18860000 entry=0.18860000","timestamp":"2026-06-03T01:18:40.757Z"}
{"level":"debug","message":"[RISK-LOOP] checking 1 open position(s)","timestamp":"2026-06-03T01:20:40.311Z"}
{"level":"debug","message":"[LIVE] JUP/USDC: checkRisk price=0.19590000 SL=0.18897720 TP=0.22254800 HWM=0.18860000 entry=0.18860000","timestamp":"2026-06-03T01:20:40.755Z"}
{"level":"debug","message":"[RISK-LOOP] checking 1 open position(s)","timestamp":"2026-06-03T01:22:40.351Z"}
{"level":"debug","message":"[LIVE] JUP/USDC: checkRisk price=0.19630000 SL=0.18897720 TP=0.22254800 HWM=0.18860000 entry=0.18860000","timestamp":"2026-06-03T01:22:40.617Z"}
{"level":"debug","message":"[RISK-LOOP] checking 1 open position(s)","timestamp":"2026-06-03T01:24:40.312Z"}
{"level":"debug","message":"[LIVE] JUP/USDC: checkRisk price=0.19690000 SL=0.18897720 TP=0.22254800 HWM=0.18860000 entry=0.18860000","timestamp":"2026-06-03T01:24:40.756Z"}
{"level":"debug","message":"[RISK-LOOP] checking 1 open position(s)","timestamp":"2026-06-03T01:26:40.319Z"}
{"level":"debug","message":"[LIVE] JUP/USDC: checkRisk price=0.19690000 SL=0.18897720 TP=0.22254800 HWM=0.18860000 entry=0.18860000","timestamp":"2026-06-03T01:26:40.760Z"}
{"level":"debug","message":"[RISK-LOOP] checking 1 open position(s)","timestamp":"2026-06-03T01:28:40.321Z"}
{"level":"debug","message":"[LIVE] JUP/USDC: checkRisk price=0.19750000 SL=0.18897720 TP=0.22254800 HWM=0.18860000 entry=0.18860000","timestamp":"2026-06-03T01:28:40.763Z"}
{"level":"debug","message":"[RISK-LOOP] checking 1 open position(s)","timestamp":"2026-06-03T01:30:40.321Z"}
{"level":"debug","message":"[LIVE] JUP/USDC: checkRisk price=0.19750000 SL=0.18897720 TP=0.22254800 HWM=0.18860000 entry=0.18860000","timestamp":"2026-06-03T01:30:40.767Z"}
{"level":"debug","message":"[RISK-LOOP] checking 1 open position(s)","timestamp":"2026-06-03T01:32:40.350Z"}
{"level":"debug","message":"[LIVE] JUP/USDC: checkRisk price=0.19740000 SL=0.18897720 TP=0.22254800 HWM=0.18860000 entry=0.18860000","timestamp":"2026-06-03T01:32:40.613Z"}
{"level":"info","message":"[MTF-CACHE] 15m refresh complete: 37/37 symbols","timestamp":"2026-06-03T01:32:59.246Z"}
{"level":"debug","message":"[RISK-LOOP] checking 1 open position(s)","timestamp":"2026-06-03T01:34:40.321Z"}
{"level":"debug","message":"[LIVE] JUP/USDC: checkRisk price=0.19670000 SL=0.18897720 TP=0.22254800 HWM=0.18860000 entry=0.18860000","timestamp":"2026-06-03T01:34:40.763Z"}
{"level":"debug","message":"[RISK-LOOP] checking 1 open position(s)","timestamp":"2026-06-03T01:36:40.322Z"}
{"level":"debug","message":"[LIVE] JUP/USDC: checkRisk price=0.19680000 SL=0.18897720 TP=0.22254800 HWM=0.18860000 entry=0.18860000","timestamp":"2026-06-03T01:36:40.765Z"}
{"level":"debug","message":"[RISK-LOOP] checking 1 open position(s)","timestamp":"2026-06-03T01:38:40.330Z"}
{"level":"debug","message":"[LIVE] JUP/USDC: checkRisk price=0.19680000 SL=0.18897720 TP=0.22254800 HWM=0.18860000 entry=0.18860000","timestamp":"2026-06-03T01:38:40.770Z"}
{"level":"debug","message":"[RISK-LOOP] checking 1 open position(s)","timestamp":"2026-06-03T01:40:40.317Z"}
{"level":"debug","message":"[LIVE] JUP/USDC: checkRisk price=0.19610000 SL=0.18897720 TP=0.22254800 HWM=0.18860000 entry=0.18860000","timestamp":"2026-06-03T01:40:40.759Z"}
{"level":"debug","message":"[RISK-LOOP] checking 1 open position(s)","timestamp":"2026-06-03T01:42:40.368Z"}
{"level":"debug","message":"[LIVE] JUP/USDC: checkRisk price=0.19610000 SL=0.18897720 TP=0.22254800 HWM=0.18860000 entry=0.18860000","timestamp":"2026-06-03T01:42:40.633Z"}
{"level":"debug","message":"[RISK-LOOP] checking 1 open position(s)","timestamp":"2026-06-03T01:44:40.329Z"}
{"level":"debug","message":"[LIVE] JUP/USDC: checkRisk price=0.19600000 SL=0.18897720 TP=0.22254800 HWM=0.18860000 entry=0.18860000","timestamp":"2026-06-03T01:44:40.773Z"}
{"level":"debug","message":"[RISK-LOOP] checking 1 open position(s)","timestamp":"2026-06-03T01:46:40.327Z"}
{"level":"debug","message":"[LIVE] JUP/USDC: checkRisk price=0.19650000 SL=0.18897720 TP=0.22254800 HWM=0.18860000 entry=0.18860000","timestamp":"2026-06-03T01:46:40.770Z"}
{"level":"info","message":"[MTF-CACHE] 15m refresh complete: 37/37 symbols","timestamp":"2026-06-03T01:47:59.222Z"}
{"level":"debug","message":"[RISK-LOOP] checking 1 open position(s)","timestamp":"2026-06-03T01:48:40.329Z"}
{"level":"debug","message":"[LIVE] JUP/USDC: checkRisk price=0.19670000 SL=0.18897720 TP=0.22254800 HWM=0.18860000 entry=0.18860000","timestamp":"2026-06-03T01:48:40.770Z"}
{"level":"debug","message":"[RISK-LOOP] checking 1 open position(s)","timestamp":"2026-06-03T01:50:40.322Z"}
{"level":"debug","message":"[LIVE] JUP/USDC: checkRisk price=0.19670000 SL=0.18897720 TP=0.22254800 HWM=0.18860000 entry=0.18860000","timestamp":"2026-06-03T01:50:40.763Z"}
{"level":"debug","message":"[RISK-LOOP] checking 1 open position(s)","timestamp":"2026-06-03T01:52:40.373Z"}
{"level":"debug","message":"[LIVE] JUP/USDC: checkRisk price=0.19720000 SL=0.18897720 TP=0.22254800 HWM=0.18860000 entry=0.18860000","timestamp":"2026-06-03T01:52:40.634Z"}
{"level":"debug","message":"[RISK-LOOP] checking 1 open position(s)","timestamp":"2026-06-03T01:54:40.335Z"}
{"level":"debug","message":"[LIVE] JUP/USDC: checkRisk price=0.19890000 SL=0.18897720 TP=0.22254800 HWM=0.18860000 entry=0.18860000","timestamp":"2026-06-03T01:54:40.776Z"}
{"level":"debug","message":"[RISK-LOOP] checking 1 open position(s)","timestamp":"2026-06-03T01:56:40.329Z"}
{"level":"debug","message":"[LIVE] JUP/USDC: checkRisk price=0.19890000 SL=0.18897720 TP=0.22254800 HWM=0.18860000 entry=0.18860000","timestamp":"2026-06-03T01:56:40.772Z"}
{"level":"debug","message":"[RISK-LOOP] checking 1 open position(s)","timestamp":"2026-06-03T01:58:40.333Z"}
{"level":"debug","message":"[LIVE] JUP/USDC: checkRisk price=0.19880000 SL=0.18897720 TP=0.22254800 HWM=0.18860000 entry=0.18860000","timestamp":"2026-06-03T01:58:40.774Z"}
{"level":"debug","message":"[RISK-LOOP] checking 1 open position(s)","timestamp":"2026-06-03T02:00:40.334Z"}
{"level":"debug","message":"[LIVE] JUP/USDC: checkRisk price=0.19830000 SL=0.18897720 TP=0.22254800 HWM=0.18860000 entry=0.18860000","timestamp":"2026-06-03T02:00:40.781Z"}
{"level":"debug","message":"[RISK-LOOP] checking 1 open position(s)","timestamp":"2026-06-03T02:02:40.336Z"}
{"level":"debug","message":"[LIVE] JUP/USDC: checkRisk price=0.19830000 SL=0.18897720 TP=0.22254800 HWM=0.18860000 entry=0.18860000","timestamp":"2026-06-03T02:02:40.610Z"}
{"level":"info","message":"[MTF-CACHE] 15m refresh complete: 37/37 symbols","timestamp":"2026-06-03T02:02:59.731Z"}
{"level":"debug","message":"[RISK-LOOP] checking 1 open position(s)","timestamp":"2026-06-03T02:04:40.327Z"}
{"level":"debug","message":"[LIVE] JUP/USDC: checkRisk price=0.19850000 SL=0.18897720 TP=0.22254800 HWM=0.18860000 entry=0.18860000","timestamp":"2026-06-03T02:04:40.769Z"}
{"level":"debug","message":"[RISK-LOOP] checking 1 open position(s)","timestamp":"2026-06-03T02:06:40.339Z"}
{"level":"debug","message":"[LIVE] JUP/USDC: checkRisk price=0.19850000 SL=0.18897720 TP=0.22254800 HWM=0.18860000 entry=0.18860000","timestamp":"2026-06-03T02:06:40.786Z"}
{"level":"debug","message":"[RISK-LOOP] checking 1 open position(s)","timestamp":"2026-06-03T02:08:40.334Z"}
{"level":"debug","message":"[LIVE] JUP/USDC: checkRisk price=0.19800000 SL=0.18897720 TP=0.22254800 HWM=0.18860000 entry=0.18860000","timestamp":"2026-06-03T02:08:40.775Z"}
{"level":"debug","message":"[RISK-LOOP] checking 1 open position(s)","timestamp":"2026-06-03T02:10:40.346Z"}
{"level":"debug","message":"[LIVE] JUP/USDC: checkRisk price=0.19800000 SL=0.18897720 TP=0.22254800 HWM=0.18860000 entry=0.18860000","timestamp":"2026-06-03T02:10:40.788Z"}
{"level":"debug","message":"[RISK-LOOP] checking 1 open position(s)","timestamp":"2026-06-03T02:12:40.340Z"}
{"level":"debug","message":"[LIVE] JUP/USDC: checkRisk price=0.19820000 SL=0.18897720 TP=0.22254800 HWM=0.18860000 entry=0.18860000","timestamp":"2026-06-03T02:12:40.600Z"}
{"level":"debug","message":"[RISK-LOOP] checking 1 open position(s)","timestamp":"2026-06-03T02:14:40.341Z"}
{"level":"debug","message":"[LIVE] JUP/USDC: checkRisk price=0.19780000 SL=0.18897720 TP=0.22254800 HWM=0.18860000 entry=0.18860000","timestamp":"2026-06-03T02:14:40.781Z"}
{"level":"debug","message":"[RISK-LOOP] checking 1 open position(s)","timestamp":"2026-06-03T02:16:40.348Z"}
{"level":"debug","message":"[LIVE] JUP/USDC: checkRisk price=0.19790000 SL=0.18897720 TP=0.22254800 HWM=0.18860000 entry=0.18860000","timestamp":"2026-06-03T02:16:40.790Z"}
{"level":"info","message":"[MTF-CACHE] 15m refresh complete: 37/37 symbols","timestamp":"2026-06-03T02:17:59.297Z"}
{"level":"debug","message":"[RISK-LOOP] checking 1 open position(s)","timestamp":"2026-06-03T02:18:40.351Z"}
{"level":"debug","message":"[LIVE] JUP/USDC: checkRisk price=0.19810000 SL=0.18897720 TP=0.22254800 HWM=0.18860000 entry=0.18860000","timestamp":"2026-06-03T02:18:40.792Z"}
{"level":"debug","message":"[RISK-LOOP] checking 1 open position(s)","timestamp":"2026-06-03T02:20:40.343Z"}
{"level":"debug","message":"[LIVE] JUP/USDC: checkRisk price=0.19810000 SL=0.18897720 TP=0.22254800 HWM=0.18860000 entry=0.18860000","timestamp":"2026-06-03T02:20:40.787Z"}
{"level":"debug","message":"[RISK-LOOP] checking 1 open position(s)","timestamp":"2026-06-03T02:22:40.385Z"}
{"level":"debug","message":"[LIVE] JUP/USDC: checkRisk price=0.19770000 SL=0.18897720 TP=0.22254800 HWM=0.18860000 entry=0.18860000","timestamp":"2026-06-03T02:22:40.648Z"}
{"level":"debug","message":"[RISK-LOOP] checking 1 open position(s)","timestamp":"2026-06-03T02:24:40.346Z"}
{"level":"debug","message":"[LIVE] JUP/USDC: checkRisk price=0.19770000 SL=0.18897720 TP=0.22254800 HWM=0.18860000 entry=0.18860000","timestamp":"2026-06-03T02:24:40.790Z"}
{"level":"debug","message":"[RISK-LOOP] checking 1 open position(s)","timestamp":"2026-06-03T02:26:40.344Z"}
{"level":"debug","message":"[LIVE] JUP/USDC: checkRisk price=0.19760000 SL=0.18897720 TP=0.22254800 HWM=0.18860000 entry=0.18860000","timestamp":"2026-06-03T02:26:40.788Z"}
{"level":"debug","message":"[RISK-LOOP] checking 1 open position(s)","timestamp":"2026-06-03T02:28:40.345Z"}
{"level":"debug","message":"[LIVE] JUP/USDC: checkRisk price=0.19760000 SL=0.18897720 TP=0.22254800 HWM=0.18860000 entry=0.18860000","timestamp":"2026-06-03T02:28:40.788Z"}
{"level":"debug","message":"[RISK-LOOP] checking 1 open position(s)","timestamp":"2026-06-03T02:30:40.343Z"}
{"level":"debug","message":"[LIVE] JUP/USDC: checkRisk price=0.19790000 SL=0.18897720 TP=0.22254800 HWM=0.18860000 entry=0.18860000","timestamp":"2026-06-03T02:30:40.787Z"}
{"level":"debug","message":"[RISK-LOOP] checking 1 open position(s)","timestamp":"2026-06-03T02:32:40.357Z"}
{"level":"debug","message":"[LIVE] JUP/USDC: checkRisk price=0.19790000 SL=0.18897720 TP=0.22254800 HWM=0.18860000 entry=0.18860000","timestamp":"2026-06-03T02:32:40.623Z"}
{"level":"info","message":"[MTF-CACHE] 15m refresh complete: 37/37 symbols","timestamp":"2026-06-03T02:32:59.702Z"}
{"level":"debug","message":"[RISK-LOOP] checking 1 open position(s)","timestamp":"2026-06-03T02:34:40.342Z"}
{"level":"debug","message":"[LIVE] JUP/USDC: checkRisk price=0.19760000 SL=0.18897720 TP=0.22254800 HWM=0.18860000 entry=0.18860000","timestamp":"2026-06-03T02:34:40.787Z"}
{"level":"debug","message":"[RISK-LOOP] checking 1 open position(s)","timestamp":"2026-06-03T02:36:40.354Z"}
{"level":"debug","message":"[LIVE] JUP/USDC: checkRisk price=0.19760000 SL=0.18897720 TP=0.22254800 HWM=0.18860000 entry=0.18860000","timestamp":"2026-06-03T02:36:40.796Z"}
{"level":"debug","message":"[RISK-LOOP] checking 1 open position(s)","timestamp":"2026-06-03T02:38:40.354Z"}
{"level":"debug","message":"[LIVE] JUP/USDC: checkRisk price=0.19760000 SL=0.18897720 TP=0.22254800 HWM=0.18860000 entry=0.18860000","timestamp":"2026-06-03T02:38:40.795Z"}
{"level":"debug","message":"[RISK-LOOP] checking 1 open position(s)","timestamp":"2026-06-03T02:40:40.343Z"}
{"level":"debug","message":"[LIVE] JUP/USDC: checkRisk price=0.19850000 SL=0.18897720 TP=0.22254800 HWM=0.18860000 entry=0.18860000","timestamp":"2026-06-03T02:40:40.786Z"}
{"level":"debug","message":"[RISK-LOOP] checking 1 open position(s)","timestamp":"2026-06-03T02:42:40.346Z"}
{"level":"debug","message":"[LIVE] JUP/USDC: checkRisk price=0.19820000 SL=0.18897720 TP=0.22254800 HWM=0.18860000 entry=0.18860000","timestamp":"2026-06-03T02:42:40.745Z"}
{"level":"debug","message":"[RISK-LOOP] checking 1 open position(s)","timestamp":"2026-06-03T02:44:40.347Z"}
{"level":"debug","message":"[LIVE] JUP/USDC: checkRisk price=0.19780000 SL=0.18897720 TP=0.22254800 HWM=0.18860000 entry=0.18860000","timestamp":"2026-06-03T02:44:40.789Z"}
{"level":"debug","message":"[RISK-LOOP] checking 1 open position(s)","timestamp":"2026-06-03T02:46:40.355Z"}
{"level":"debug","message":"[LIVE] JUP/USDC: checkRisk price=0.19820000 SL=0.18897720 TP=0.22254800 HWM=0.18860000 entry=0.18860000","timestamp":"2026-06-03T02:46:40.796Z"}
{"level":"info","message":"[MTF-CACHE] 15m refresh complete: 37/37 symbols","timestamp":"2026-06-03T02:47:59.355Z"}
{"level":"debug","message":"[RISK-LOOP] checking 1 open position(s)","timestamp":"2026-06-03T02:48:40.346Z"}
{"level":"debug","message":"[LIVE] JUP/USDC: checkRisk price=0.19820000 SL=0.18897720 TP=0.22254800 HWM=0.18860000 entry=0.18860000","timestamp":"2026-06-03T02:48:40.788Z"}
{"level":"debug","message":"[RISK-LOOP] checking 1 open position(s)","timestamp":"2026-06-03T02:50:40.354Z"}
{"level":"debug","message":"[LIVE] JUP/USDC: checkRisk price=0.19820000 SL=0.18897720 TP=0.22254800 HWM=0.18860000 entry=0.18860000","timestamp":"2026-06-03T02:50:40.796Z"}
{"level":"debug","message":"[RISK-LOOP] checking 1 open position(s)","timestamp":"2026-06-03T02:52:40.361Z"}
{"level":"debug","message":"[LIVE] JUP/USDC: checkRisk price=0.19860000 SL=0.18897720 TP=0.22254800 HWM=0.18860000 entry=0.18860000","timestamp":"2026-06-03T02:52:40.625Z"}
{"level":"debug","message":"[RISK-LOOP] checking 1 open position(s)","timestamp":"2026-06-03T02:54:40.346Z"}
{"level":"debug","message":"[LIVE] JUP/USDC: checkRisk price=0.19860000 SL=0.18897720 TP=0.22254800 HWM=0.18860000 entry=0.18860000","timestamp":"2026-06-03T02:54:40.788Z"}
{"level":"debug","message":"[RISK-LOOP] checking 1 open position(s)","timestamp":"2026-06-03T02:56:40.355Z"}
{"level":"debug","message":"[LIVE] JUP/USDC: checkRisk price=0.19830000 SL=0.18897720 TP=0.22254800 HWM=0.18860000 entry=0.18860000","timestamp":"2026-06-03T02:56:40.797Z"}
{"level":"debug","message":"[RISK-LOOP] checking 1 open position(s)","timestamp":"2026-06-03T02:58:40.348Z"}
{"level":"debug","message":"[LIVE] JUP/USDC: checkRisk price=0.19880000 SL=0.18897720 TP=0.22254800 HWM=0.18860000 entry=0.18860000","timestamp":"2026-06-03T02:58:40.792Z"}
{"level":"debug","message":"[RISK-LOOP] checking 1 open position(s)","timestamp":"2026-06-03T03:00:40.418Z"}
{"level":"debug","message":"[LIVE] JUP/USDC: checkRisk price=0.19920000 SL=0.18897720 TP=0.22254800 HWM=0.18860000 entry=0.18860000","timestamp":"2026-06-03T03:00:40.863Z"}
{"level":"debug","message":"[RISK-LOOP] checking 1 open position(s)","timestamp":"2026-06-03T03:02:40.537Z"}
{"level":"debug","message":"[LIVE] JUP/USDC: checkRisk price=0.19910000 SL=0.18897720 TP=0.22254800 HWM=0.18860000 entry=0.18860000","timestamp":"2026-06-03T03:02:40.795Z"}
{"level":"info","message":"[MTF-CACHE] 15m refresh complete: 37/37 symbols","timestamp":"2026-06-03T03:03:01.576Z"}
{"level":"debug","message":"[RISK-LOOP] checking 1 open position(s)","timestamp":"2026-06-03T03:04:40.547Z"}
{"level":"debug","message":"[LIVE] JUP/USDC: checkRisk price=0.19910000 SL=0.18897720 TP=0.22254800 HWM=0.18860000 entry=0.18860000","timestamp":"2026-06-03T03:04:40.990Z"}
{"level":"debug","message":"[RISK-LOOP] checking 1 open position(s)","timestamp":"2026-06-03T03:06:40.536Z"}
{"level":"debug","message":"[LIVE] JUP/USDC: checkRisk price=0.19910000 SL=0.18897720 TP=0.22254800 HWM=0.18860000 entry=0.18860000","timestamp":"2026-06-03T03:06:40.797Z"}
{"level":"debug","message":"[RISK-LOOP] checking 1 open position(s)","timestamp":"2026-06-03T03:08:40.533Z"}
{"level":"debug","message":"[LIVE] JUP/USDC: checkRisk price=0.19910000 SL=0.18897720 TP=0.22254800 HWM=0.18860000 entry=0.18860000","timestamp":"2026-06-03T03:08:40.796Z"}
{"level":"debug","message":"[RISK-LOOP] checking 1 open position(s)","timestamp":"2026-06-03T03:10:40.533Z"}
{"level":"debug","message":"[LIVE] JUP/USDC: checkRisk price=0.19820000 SL=0.18897720 TP=0.22254800 HWM=0.18860000 entry=0.18860000","timestamp":"2026-06-03T03:10:40.795Z"}
{"level":"debug","message":"[RISK-LOOP] checking 1 open position(s)","timestamp":"2026-06-03T03:12:40.349Z"}
{"level":"debug","message":"[LIVE] JUP/USDC: checkRisk price=0.19820000 SL=0.18897720 TP=0.22254800 HWM=0.18860000 entry=0.18860000","timestamp":"2026-06-03T03:12:40.791Z"}
{"level":"debug","message":"[RISK-LOOP] checking 1 open position(s)","timestamp":"2026-06-03T03:14:40.359Z"}
{"level":"debug","message":"[LIVE] JUP/USDC: checkRisk price=0.19790000 SL=0.18897720 TP=0.22254800 HWM=0.18860000 entry=0.18860000","timestamp":"2026-06-03T03:14:40.828Z"}
{"level":"debug","message":"[RISK-LOOP] checking 1 open position(s)","timestamp":"2026-06-03T03:16:40.359Z"}
{"level":"debug","message":"[LIVE] JUP/USDC: checkRisk price=0.19790000 SL=0.18897720 TP=0.22254800 HWM=0.18860000 entry=0.18860000","timestamp":"2026-06-03T03:16:40.906Z"}
{"level":"info","message":"[MTF-CACHE] 15m refresh complete: 37/37 symbols","timestamp":"2026-06-03T03:17:59.515Z"}
{"level":"debug","message":"[RISK-LOOP] checking 1 open position(s)","timestamp":"2026-06-03T03:18:40.366Z"}
{"level":"debug","message":"[LIVE] JUP/USDC: checkRisk price=0.19850000 SL=0.18897720 TP=0.22254800 HWM=0.18860000 entry=0.18860000","timestamp":"2026-06-03T03:18:40.959Z"}
{"level":"debug","message":"[RISK-LOOP] checking 1 open position(s)","timestamp":"2026-06-03T03:20:40.366Z"}
{"level":"debug","message":"[LIVE] JUP/USDC: checkRisk price=0.19870000 SL=0.18897720 TP=0.22254800 HWM=0.18860000 entry=0.18860000","timestamp":"2026-06-03T03:20:40.810Z"}
{"level":"debug","message":"[RISK-LOOP] checking 1 open position(s)","timestamp":"2026-06-03T03:22:40.374Z"}
{"level":"debug","message":"[LIVE] JUP/USDC: checkRisk price=0.19870000 SL=0.18897720 TP=0.22254800 HWM=0.18860000 entry=0.18860000","timestamp":"2026-06-03T03:22:40.636Z"}
{"level":"debug","message":"[RISK-LOOP] checking 1 open position(s)","timestamp":"2026-06-03T03:24:40.371Z"}
{"level":"debug","message":"[LIVE] JUP/USDC: checkRisk price=0.19910000 SL=0.18897720 TP=0.22254800 HWM=0.18860000 entry=0.18860000","timestamp":"2026-06-03T03:24:40.814Z"}
{"level":"debug","message":"[RISK-LOOP] checking 1 open position(s)","timestamp":"2026-06-03T03:26:40.383Z"}
{"level":"debug","message":"[LIVE] JUP/USDC: checkRisk price=0.19830000 SL=0.18897720 TP=0.22254800 HWM=0.18860000 entry=0.18860000","timestamp":"2026-06-03T03:26:40.828Z"}
{"level":"debug","message":"[RISK-LOOP] checking 1 open position(s)","timestamp":"2026-06-03T03:28:40.383Z"}
{"level":"debug","message":"[LIVE] JUP/USDC: checkRisk price=0.19800000 SL=0.18897720 TP=0.22254800 HWM=0.18860000 entry=0.18860000","timestamp":"2026-06-03T03:28:40.824Z"}
{"level":"debug","message":"[RISK-LOOP] checking 1 open position(s)","timestamp":"2026-06-03T03:30:40.384Z"}
{"level":"debug","message":"[LIVE] JUP/USDC: checkRisk price=0.19860000 SL=0.18897720 TP=0.22254800 HWM=0.18860000 entry=0.18860000","timestamp":"2026-06-03T03:30:40.824Z"}
{"level":"debug","message":"[RISK-LOOP] checking 1 open position(s)","timestamp":"2026-06-03T03:32:40.381Z"}
{"level":"debug","message":"[LIVE] JUP/USDC: checkRisk price=0.19860000 SL=0.18897720 TP=0.22254800 HWM=0.18860000 entry=0.18860000","timestamp":"2026-06-03T03:32:40.644Z"}
{"level":"info","message":"[MTF-CACHE] 15m refresh complete: 37/37 symbols","timestamp":"2026-06-03T03:32:59.195Z"}
{"level":"info","message":"[MTF-CACHE] 4h refresh complete: 37/37 symbols","timestamp":"2026-06-03T03:33:00.224Z"}
{"level":"debug","message":"[RISK-LOOP] checking 1 open position(s)","timestamp":"2026-06-03T03:34:40.386Z"}
{"level":"debug","message":"[LIVE] JUP/USDC: checkRisk price=0.19820000 SL=0.18897720 TP=0.22254800 HWM=0.18860000 entry=0.18860000","timestamp":"2026-06-03T03:34:40.829Z"}
{"level":"debug","message":"[RISK-LOOP] checking 1 open position(s)","timestamp":"2026-06-03T03:36:40.381Z"}
{"level":"debug","message":"[LIVE] JUP/USDC: checkRisk price=0.19800000 SL=0.18897720 TP=0.22254800 HWM=0.18860000 entry=0.18860000","timestamp":"2026-06-03T03:36:40.823Z"}
{"level":"debug","message":"[RISK-LOOP] checking 1 open position(s)","timestamp":"2026-06-03T03:38:40.389Z"}
{"level":"debug","message":"[LIVE] JUP/USDC: checkRisk price=0.19710000 SL=0.18897720 TP=0.22254800 HWM=0.18860000 entry=0.18860000","timestamp":"2026-06-03T03:38:40.832Z"}
{"level":"debug","message":"[RISK-LOOP] checking 1 open position(s)","timestamp":"2026-06-03T03:40:40.384Z"}
{"level":"debug","message":"[LIVE] JUP/USDC: checkRisk price=0.19600000 SL=0.18897720 TP=0.22254800 HWM=0.18860000 entry=0.18860000","timestamp":"2026-06-03T03:40:40.827Z"}
{"level":"debug","message":"[RISK-LOOP] checking 1 open position(s)","timestamp":"2026-06-03T03:42:40.447Z"}
{"level":"debug","message":"[LIVE] JUP/USDC: checkRisk price=0.19580000 SL=0.18897720 TP=0.22254800 HWM=0.18860000 entry=0.18860000","timestamp":"2026-06-03T03:42:40.836Z"}
{"level":"debug","message":"[RISK-LOOP] checking 1 open position(s)","timestamp":"2026-06-03T03:44:40.397Z"}
{"level":"debug","message":"[LIVE] JUP/USDC: checkRisk price=0.19540000 SL=0.18897720 TP=0.22254800 HWM=0.18860000 entry=0.18860000","timestamp":"2026-06-03T03:44:40.841Z"}
{"level":"debug","message":"[RISK-LOOP] checking 1 open position(s)","timestamp":"2026-06-03T03:46:40.551Z"}
{"level":"debug","message":"[LIVE] JUP/USDC: checkRisk price=0.19590000 SL=0.18897720 TP=0.22254800 HWM=0.18860000 entry=0.18860000","timestamp":"2026-06-03T03:46:41.327Z"}
{"level":"info","message":"[MTF-CACHE] 15m refresh complete: 37/37 symbols","timestamp":"2026-06-03T03:47:59.375Z"}
{"level":"debug","message":"[RISK-LOOP] checking 1 open position(s)","timestamp":"2026-06-03T03:48:40.387Z"}
{"level":"debug","message":"[LIVE] JUP/USDC: checkRisk price=0.19590000 SL=0.18897720 TP=0.22254800 HWM=0.18860000 entry=0.18860000","timestamp":"2026-06-03T03:48:40.833Z"}
{"level":"debug","message":"[RISK-LOOP] checking 1 open position(s)","timestamp":"2026-06-03T03:50:40.391Z"}
{"level":"debug","message":"[LIVE] JUP/USDC: checkRisk price=0.19400000 SL=0.18897720 TP=0.22254800 HWM=0.18860000 entry=0.18860000","timestamp":"2026-06-03T03:50:40.831Z"}
{"level":"debug","message":"[RISK-LOOP] checking 1 open position(s)","timestamp":"2026-06-03T03:52:40.446Z"}
{"level":"debug","message":"[LIVE] JUP/USDC: checkRisk price=0.19490000 SL=0.18897720 TP=0.22254800 HWM=0.18860000 entry=0.18860000","timestamp":"2026-06-03T03:52:40.838Z"}
{"level":"debug","message":"[RISK-LOOP] checking 1 open position(s)","timestamp":"2026-06-03T03:54:40.401Z"}
{"level":"debug","message":"[LIVE] JUP/USDC: checkRisk price=0.19530000 SL=0.18897720 TP=0.22254800 HWM=0.18860000 entry=0.18860000","timestamp":"2026-06-03T03:54:40.840Z"}
{"level":"debug","message":"[RISK-LOOP] checking 1 open position(s)","timestamp":"2026-06-03T03:56:40.407Z"}
{"level":"debug","message":"[LIVE] JUP/USDC: checkRisk price=0.19610000 SL=0.18897720 TP=0.22254800 HWM=0.18860000 entry=0.18860000","timestamp":"2026-06-03T03:56:40.850Z"}
{"level":"debug","message":"[RISK-LOOP] checking 1 open position(s)","timestamp":"2026-06-03T03:58:40.395Z"}
{"level":"debug","message":"[LIVE] JUP/USDC: checkRisk price=0.19590000 SL=0.18897720 TP=0.22254800 HWM=0.18860000 entry=0.18860000","timestamp":"2026-06-03T03:58:40.840Z"}
{"level":"debug","message":"[RISK-LOOP] checking 1 open position(s)","timestamp":"2026-06-03T04:00:40.407Z"}
{"level":"debug","message":"[LIVE] JUP/USDC: checkRisk price=0.19530000 SL=0.18897720 TP=0.22254800 HWM=0.18860000 entry=0.18860000","timestamp":"2026-06-03T04:00:40.851Z"}
{"level":"debug","message":"[RISK-LOOP] checking 1 open position(s)","timestamp":"2026-06-03T04:02:40.461Z"}
{"level":"debug","message":"[LIVE] JUP/USDC: checkRisk price=0.19640000 SL=0.18897720 TP=0.22254800 HWM=0.18860000 entry=0.18860000","timestamp":"2026-06-03T04:02:40.842Z"}
{"level":"info","message":"[MTF-CACHE] 15m refresh complete: 37/37 symbols","timestamp":"2026-06-03T04:02:59.259Z"}
{"level":"debug","message":"[RISK-LOOP] checking 1 open position(s)","timestamp":"2026-06-03T04:04:40.403Z"}
{"level":"debug","message":"[LIVE] JUP/USDC: checkRisk price=0.19740000 SL=0.18897720 TP=0.22254800 HWM=0.18860000 entry=0.18860000","timestamp":"2026-06-03T04:04:40.845Z"}
{"level":"debug","message":"[RISK-LOOP] checking 1 open position(s)","timestamp":"2026-06-03T04:06:40.409Z"}
{"level":"debug","message":"[LIVE] JUP/USDC: checkRisk price=0.19970000 SL=0.18897720 TP=0.22254800 HWM=0.18860000 entry=0.18860000","timestamp":"2026-06-03T04:06:40.850Z"}
{"level":"debug","message":"[RISK-LOOP] checking 1 open position(s)","timestamp":"2026-06-03T04:08:40.408Z"}
{"level":"debug","message":"[LIVE] JUP/USDC: checkRisk price=0.19830000 SL=0.18897720 TP=0.22254800 HWM=0.18860000 entry=0.18860000","timestamp":"2026-06-03T04:08:40.850Z"}
{"level":"debug","message":"[RISK-LOOP] checking 1 open position(s)","timestamp":"2026-06-03T04:10:40.418Z"}
{"level":"debug","message":"[LIVE] JUP/USDC: checkRisk price=0.19820000 SL=0.18897720 TP=0.22254800 HWM=0.18860000 entry=0.18860000","timestamp":"2026-06-03T04:10:40.865Z"}
{"level":"debug","message":"[RISK-LOOP] checking 1 open position(s)","timestamp":"2026-06-03T04:12:40.465Z"}
{"level":"debug","message":"[LIVE] JUP/USDC: checkRisk price=0.19820000 SL=0.18897720 TP=0.22254800 HWM=0.18860000 entry=0.18860000","timestamp":"2026-06-03T04:12:40.848Z"}
{"level":"debug","message":"[RISK-LOOP] checking 1 open position(s)","timestamp":"2026-06-03T04:14:40.423Z"}
{"level":"debug","message":"[LIVE] JUP/USDC: checkRisk price=0.19780000 SL=0.18897720 TP=0.22254800 HWM=0.18860000 entry=0.18860000","timestamp":"2026-06-03T04:14:40.868Z"}
{"level":"debug","message":"[RISK-LOOP] checking 1 open position(s)","timestamp":"2026-06-03T04:16:40.425Z"}
{"level":"debug","message":"[LIVE] JUP/USDC: checkRisk price=0.19860000 SL=0.18897720 TP=0.22254800 HWM=0.18860000 entry=0.18860000","timestamp":"2026-06-03T04:16:40.869Z"}
{"level":"info","message":"[MTF-CACHE] 15m refresh complete: 37/37 symbols","timestamp":"2026-06-03T04:17:59.386Z"}
{"level":"debug","message":"[RISK-LOOP] checking 1 open position(s)","timestamp":"2026-06-03T04:18:40.418Z"}
{"level":"debug","message":"[LIVE] JUP/USDC: checkRisk price=0.19820000 SL=0.18897720 TP=0.22254800 HWM=0.18860000 entry=0.18860000","timestamp":"2026-06-03T04:18:40.857Z"}
{"level":"debug","message":"[RISK-LOOP] checking 1 open position(s)","timestamp":"2026-06-03T04:20:40.421Z"}
{"level":"debug","message":"[LIVE] JUP/USDC: checkRisk price=0.19850000 SL=0.18897720 TP=0.22254800 HWM=0.18860000 entry=0.18860000","timestamp":"2026-06-03T04:20:40.870Z"}
{"level":"debug","message":"[RISK-LOOP] checking 1 open position(s)","timestamp":"2026-06-03T04:22:40.470Z"}
{"level":"debug","message":"[LIVE] JUP/USDC: checkRisk price=0.19880000 SL=0.18897720 TP=0.22254800 HWM=0.18860000 entry=0.18860000","timestamp":"2026-06-03T04:22:40.857Z"}
{"level":"debug","message":"[RISK-LOOP] checking 1 open position(s)","timestamp":"2026-06-03T04:24:40.423Z"}
{"level":"debug","message":"[LIVE] JUP/USDC: checkRisk price=0.19970000 SL=0.18897720 TP=0.22254800 HWM=0.18860000 entry=0.18860000","timestamp":"2026-06-03T04:24:40.866Z"}
{"level":"debug","message":"[RISK-LOOP] checking 1 open position(s)","timestamp":"2026-06-03T04:26:40.425Z"}
{"level":"debug","message":"[LIVE] JUP/USDC: checkRisk price=0.20210000 SL=0.18897720 TP=0.22254800 HWM=0.18860000 entry=0.18860000","timestamp":"2026-06-03T04:26:40.867Z"}
{"level":"debug","message":"[RISK-LOOP] checking 1 open position(s)","timestamp":"2026-06-03T04:28:40.432Z"}
{"level":"debug","message":"[LIVE] JUP/USDC: checkRisk price=0.20180000 SL=0.18897720 TP=0.22254800 HWM=0.18860000 entry=0.18860000","timestamp":"2026-06-03T04:28:40.873Z"}
{"level":"debug","message":"[RISK-LOOP] checking 1 open position(s)","timestamp":"2026-06-03T04:30:40.429Z"}
{"level":"debug","message":"[LIVE] JUP/USDC: checkRisk price=0.20070000 SL=0.18897720 TP=0.22254800 HWM=0.18860000 entry=0.18860000","timestamp":"2026-06-03T04:30:40.873Z"}
{"level":"debug","message":"[RISK-LOOP] checking 1 open position(s)","timestamp":"2026-06-03T04:32:40.478Z"}
{"level":"debug","message":"[LIVE] JUP/USDC: checkRisk price=0.19990000 SL=0.18897720 TP=0.22254800 HWM=0.18860000 entry=0.18860000","timestamp":"2026-06-03T04:32:40.848Z"}
{"level":"info","message":"[MTF-CACHE] 15m refresh complete: 37/37 symbols","timestamp":"2026-06-03T04:32:59.230Z"}
{"level":"debug","message":"[RISK-LOOP] checking 1 open position(s)","timestamp":"2026-06-03T04:34:40.428Z"}
{"level":"debug","message":"[LIVE] JUP/USDC: checkRisk price=0.20070000 SL=0.18897720 TP=0.22254800 HWM=0.18860000 entry=0.18860000","timestamp":"2026-06-03T04:34:40.872Z"}
{"level":"debug","message":"[RISK-LOOP] checking 1 open position(s)","timestamp":"2026-06-03T04:36:40.436Z"}
{"level":"debug","message":"[LIVE] JUP/USDC: checkRisk price=0.20010000 SL=0.18897720 TP=0.22254800 HWM=0.18860000 entry=0.18860000","timestamp":"2026-06-03T04:36:40.878Z"}
{"level":"debug","message":"[RISK-LOOP] checking 1 open position(s)","timestamp":"2026-06-03T04:38:40.444Z"}
{"level":"debug","message":"[LIVE] JUP/USDC: checkRisk price=0.19960000 SL=0.18897720 TP=0.22254800 HWM=0.18860000 entry=0.18860000","timestamp":"2026-06-03T04:38:40.886Z"}
{"level":"debug","message":"[RISK-LOOP] checking 1 open position(s)","timestamp":"2026-06-03T04:40:40.447Z"}
{"level":"debug","message":"[LIVE] JUP/USDC: checkRisk price=0.19950000 SL=0.18897720 TP=0.22254800 HWM=0.18860000 entry=0.18860000","timestamp":"2026-06-03T04:40:40.890Z"}
{"level":"debug","message":"[RISK-LOOP] checking 1 open position(s)","timestamp":"2026-06-03T04:42:40.484Z"}
{"level":"debug","message":"[LIVE] JUP/USDC: checkRisk price=0.19990000 SL=0.18897720 TP=0.22254800 HWM=0.18860000 entry=0.18860000","timestamp":"2026-06-03T04:42:40.848Z"}
{"level":"debug","message":"[RISK-LOOP] checking 1 open position(s)","timestamp":"2026-06-03T04:44:40.440Z"}
{"level":"debug","message":"[LIVE] JUP/USDC: checkRisk price=0.20040000 SL=0.18897720 TP=0.22254800 HWM=0.18860000 entry=0.18860000","timestamp":"2026-06-03T04:44:40.888Z"}
{"level":"debug","message":"[RISK-LOOP] checking 1 open position(s)","timestamp":"2026-06-03T04:46:40.448Z"}
{"level":"debug","message":"[LIVE] JUP/USDC: checkRisk price=0.20040000 SL=0.18897720 TP=0.22254800 HWM=0.18860000 entry=0.18860000","timestamp":"2026-06-03T04:46:40.893Z"}
{"level":"info","message":"[MTF-CACHE] 15m refresh complete: 37/37 symbols","timestamp":"2026-06-03T04:47:59.729Z"}
{"level":"debug","message":"[RISK-LOOP] checking 1 open position(s)","timestamp":"2026-06-03T04:48:40.448Z"}
{"level":"debug","message":"[LIVE] JUP/USDC: checkRisk price=0.20080000 SL=0.18897720 TP=0.22254800 HWM=0.18860000 entry=0.18860000","timestamp":"2026-06-03T04:48:40.888Z"}
{"level":"debug","message":"[RISK-LOOP] checking 1 open position(s)","timestamp":"2026-06-03T04:50:40.447Z"}
{"level":"debug","message":"[LIVE] JUP/USDC: checkRisk price=0.20080000 SL=0.18897720 TP=0.22254800 HWM=0.18860000 entry=0.18860000","timestamp":"2026-06-03T04:50:40.890Z"}
{"level":"debug","message":"[RISK-LOOP] checking 1 open position(s)","timestamp":"2026-06-03T04:52:40.496Z"}
{"level":"debug","message":"[LIVE] JUP/USDC: checkRisk price=0.20030000 SL=0.18897720 TP=0.22254800 HWM=0.18860000 entry=0.18860000","timestamp":"2026-06-03T04:52:40.857Z"}
{"level":"debug","message":"[RISK-LOOP] checking 1 open position(s)","timestamp":"2026-06-03T04:54:40.452Z"}
{"level":"debug","message":"[LIVE] JUP/USDC: checkRisk price=0.20030000 SL=0.18897720 TP=0.22254800 HWM=0.18860000 entry=0.18860000","timestamp":"2026-06-03T04:54:40.896Z"}
{"level":"debug","message":"[RISK-LOOP] checking 1 open position(s)","timestamp":"2026-06-03T04:56:40.446Z"}
{"level":"debug","message":"[LIVE] JUP/USDC: checkRisk price=0.20110000 SL=0.18897720 TP=0.22254800 HWM=0.18860000 entry=0.18860000","timestamp":"2026-06-03T04:56:40.891Z"}
{"level":"debug","message":"[RISK-LOOP] checking 1 open position(s)","timestamp":"2026-06-03T04:58:40.449Z"}
{"level":"debug","message":"[LIVE] JUP/USDC: checkRisk price=0.20210000 SL=0.18897720 TP=0.22254800 HWM=0.18860000 entry=0.18860000","timestamp":"2026-06-03T04:58:40.889Z"}
{"level":"debug","message":"[RISK-LOOP] checking 1 open position(s)","timestamp":"2026-06-03T05:00:40.453Z"}
{"level":"debug","message":"[LIVE] JUP/USDC: checkRisk price=0.20240000 SL=0.18897720 TP=0.22254800 HWM=0.18860000 entry=0.18860000","timestamp":"2026-06-03T05:00:40.896Z"}
{"level":"debug","message":"[RISK-LOOP] checking 1 open position(s)","timestamp":"2026-06-03T05:02:40.490Z"}
{"level":"debug","message":"[LIVE] JUP/USDC: checkRisk price=0.20310000 SL=0.18897720 TP=0.22254800 HWM=0.18860000 entry=0.18860000","timestamp":"2026-06-03T05:02:40.858Z"}
{"level":"info","message":"[MTF-CACHE] 15m refresh complete: 37/37 symbols","timestamp":"2026-06-03T05:02:59.249Z"}
{"level":"debug","message":"[RISK-LOOP] checking 1 open position(s)","timestamp":"2026-06-03T05:04:40.462Z"}
{"level":"debug","message":"[LIVE] JUP/USDC: checkRisk price=0.20440000 SL=0.18897720 TP=0.22254800 HWM=0.18860000 entry=0.18860000","timestamp":"2026-06-03T05:04:40.906Z"}
{"level":"debug","message":"[RISK-LOOP] checking 1 open position(s)","timestamp":"2026-06-03T05:06:40.464Z"}
{"level":"debug","message":"[LIVE] JUP/USDC: checkRisk price=0.20450000 SL=0.18897720 TP=0.22254800 HWM=0.18860000 entry=0.18860000","timestamp":"2026-06-03T05:06:40.905Z"}
{"level":"debug","message":"[RISK-LOOP] checking 1 open position(s)","timestamp":"2026-06-03T05:08:40.462Z"}
{"level":"debug","message":"[LIVE] JUP/USDC: checkRisk price=0.20450000 SL=0.18897720 TP=0.22254800 HWM=0.18860000 entry=0.18860000","timestamp":"2026-06-03T05:08:40.906Z"}
{"level":"debug","message":"[RISK-LOOP] checking 1 open position(s)","timestamp":"2026-06-03T05:10:40.465Z"}
{"level":"debug","message":"[LIVE] JUP/USDC: checkRisk price=0.20470000 SL=0.18897720 TP=0.22254800 HWM=0.18860000 entry=0.18860000","timestamp":"2026-06-03T05:10:40.911Z"}
{"level":"debug","message":"[RISK-LOOP] checking 1 open position(s)","timestamp":"2026-06-03T05:12:40.515Z"}
{"level":"debug","message":"[LIVE] JUP/USDC: checkRisk price=0.20500000 SL=0.18897720 TP=0.22254800 HWM=0.18860000 entry=0.18860000","timestamp":"2026-06-03T05:12:40.875Z"}
{"level":"debug","message":"[RISK-LOOP] checking 1 open position(s)","timestamp":"2026-06-03T05:14:40.465Z"}
{"level":"debug","message":"[LIVE] JUP/USDC: checkRisk price=0.20500000 SL=0.18897720 TP=0.22254800 HWM=0.18860000 entry=0.18860000","timestamp":"2026-06-03T05:14:40.910Z"}
{"level":"debug","message":"[RISK-LOOP] checking 1 open position(s)","timestamp":"2026-06-03T05:16:40.469Z"}
{"level":"debug","message":"[LIVE] JUP/USDC: checkRisk price=0.20560000 SL=0.18897720 TP=0.22254800 HWM=0.18860000 entry=0.18860000","timestamp":"2026-06-03T05:16:40.912Z"}
{"level":"info","message":"[MTF-CACHE] 15m refresh complete: 37/37 symbols","timestamp":"2026-06-03T05:17:59.360Z"}
{"level":"debug","message":"[RISK-LOOP] checking 1 open position(s)","timestamp":"2026-06-03T05:18:40.470Z"}
{"level":"debug","message":"[LIVE] JUP/USDC: checkRisk price=0.20470000 SL=0.18897720 TP=0.22254800 HWM=0.18860000 entry=0.18860000","timestamp":"2026-06-03T05:18:40.914Z"}
{"level":"debug","message":"[RISK-LOOP] checking 1 open position(s)","timestamp":"2026-06-03T05:20:40.470Z"}
{"level":"debug","message":"[LIVE] JUP/USDC: checkRisk price=0.20460000 SL=0.18897720 TP=0.22254800 HWM=0.18860000 entry=0.18860000","timestamp":"2026-06-03T05:20:40.914Z"}
{"level":"debug","message":"[RISK-LOOP] checking 1 open position(s)","timestamp":"2026-06-03T05:22:40.516Z"}
{"level":"debug","message":"[LIVE] JUP/USDC: checkRisk price=0.20390000 SL=0.18897720 TP=0.22254800 HWM=0.18860000 entry=0.18860000","timestamp":"2026-06-03T05:22:40.871Z"}
{"level":"debug","message":"[RISK-LOOP] checking 1 open position(s)","timestamp":"2026-06-03T05:24:40.472Z"}
{"level":"debug","message":"[LIVE] JUP/USDC: checkRisk price=0.20320000 SL=0.18897720 TP=0.22254800 HWM=0.18860000 entry=0.18860000","timestamp":"2026-06-03T05:24:40.920Z"}
{"level":"debug","message":"[RISK-LOOP] checking 1 open position(s)","timestamp":"2026-06-03T05:26:40.470Z"}
{"level":"debug","message":"[LIVE] JUP/USDC: checkRisk price=0.20320000 SL=0.18897720 TP=0.22254800 HWM=0.18860000 entry=0.18860000","timestamp":"2026-06-03T05:26:40.916Z"}
{"level":"debug","message":"[RISK-LOOP] checking 1 open position(s)","timestamp":"2026-06-03T05:28:40.476Z"}
{"level":"debug","message":"[LIVE] JUP/USDC: checkRisk price=0.20280000 SL=0.18897720 TP=0.22254800 HWM=0.18860000 entry=0.18860000","timestamp":"2026-06-03T05:28:40.916Z"}
{"level":"debug","message":"[RISK-LOOP] checking 1 open position(s)","timestamp":"2026-06-03T05:30:40.464Z"}
{"level":"debug","message":"[LIVE] JUP/USDC: checkRisk price=0.20180000 SL=0.18897720 TP=0.22254800 HWM=0.18860000 entry=0.18860000","timestamp":"2026-06-03T05:30:40.905Z"}
{"level":"debug","message":"[RISK-LOOP] checking 1 open position(s)","timestamp":"2026-06-03T05:32:40.520Z"}
{"level":"debug","message":"[LIVE] JUP/USDC: checkRisk price=0.20110000 SL=0.18897720 TP=0.22254800 HWM=0.18860000 entry=0.18860000","timestamp":"2026-06-03T05:32:40.870Z"}
{"level":"info","message":"[MTF-CACHE] 15m refresh complete: 37/37 symbols","timestamp":"2026-06-03T05:32:59.311Z"}
{"level":"debug","message":"[RISK-LOOP] checking 1 open position(s)","timestamp":"2026-06-03T05:34:40.469Z"}
{"level":"debug","message":"[LIVE] JUP/USDC: checkRisk price=0.20160000 SL=0.18897720 TP=0.22254800 HWM=0.18860000 entry=0.18860000","timestamp":"2026-06-03T05:34:40.910Z"}
{"level":"debug","message":"[RISK-LOOP] checking 1 open position(s)","timestamp":"2026-06-03T05:36:40.465Z"}
{"level":"debug","message":"[LIVE] JUP/USDC: checkRisk price=0.20210000 SL=0.18897720 TP=0.22254800 HWM=0.18860000 entry=0.18860000","timestamp":"2026-06-03T05:36:40.910Z"}
{"level":"debug","message":"[RISK-LOOP] checking 1 open position(s)","timestamp":"2026-06-03T05:38:40.474Z"}
{"level":"debug","message":"[LIVE] JUP/USDC: checkRisk price=0.20160000 SL=0.18897720 TP=0.22254800 HWM=0.18860000 entry=0.18860000","timestamp":"2026-06-03T05:38:40.917Z"}
{"level":"debug","message":"[RISK-LOOP] checking 1 open position(s)","timestamp":"2026-06-03T05:40:40.464Z"}
{"level":"debug","message":"[LIVE] JUP/USDC: checkRisk price=0.20190000 SL=0.18897720 TP=0.22254800 HWM=0.18860000 entry=0.18860000","timestamp":"2026-06-03T05:40:40.908Z"}
{"level":"debug","message":"[RISK-LOOP] checking 1 open position(s)","timestamp":"2026-06-03T05:42:40.508Z"}
{"level":"debug","message":"[LIVE] JUP/USDC: checkRisk price=0.20210000 SL=0.18897720 TP=0.22254800 HWM=0.18860000 entry=0.18860000","timestamp":"2026-06-03T05:42:40.867Z"}
{"level":"debug","message":"[RISK-LOOP] checking 1 open position(s)","timestamp":"2026-06-03T05:44:40.473Z"}
{"level":"debug","message":"[LIVE] JUP/USDC: checkRisk price=0.20220000 SL=0.18897720 TP=0.22254800 HWM=0.18860000 entry=0.18860000","timestamp":"2026-06-03T05:44:40.918Z"}
{"level":"debug","message":"[RISK-LOOP] checking 1 open position(s)","timestamp":"2026-06-03T05:46:40.467Z"}
{"level":"debug","message":"[LIVE] JUP/USDC: checkRisk price=0.20180000 SL=0.18897720 TP=0.22254800 HWM=0.18860000 entry=0.18860000","timestamp":"2026-06-03T05:46:40.910Z"}
{"level":"info","message":"[MTF-CACHE] 15m refresh complete: 37/37 symbols","timestamp":"2026-06-03T05:47:59.406Z"}
{"level":"debug","message":"[RISK-LOOP] checking 1 open position(s)","timestamp":"2026-06-03T05:48:40.480Z"}
{"level":"debug","message":"[LIVE] JUP/USDC: checkRisk price=0.20230000 SL=0.18897720 TP=0.22254800 HWM=0.18860000 entry=0.18860000","timestamp":"2026-06-03T05:48:40.919Z"}
{"level":"debug","message":"[RISK-LOOP] checking 1 open position(s)","timestamp":"2026-06-03T05:50:40.466Z"}
{"level":"debug","message":"[LIVE] JUP/USDC: checkRisk price=0.20130000 SL=0.18897720 TP=0.22254800 HWM=0.18860000 entry=0.18860000","timestamp":"2026-06-03T05:50:40.908Z"}
{"level":"debug","message":"[RISK-LOOP] checking 1 open position(s)","timestamp":"2026-06-03T05:52:40.468Z"}
{"level":"debug","message":"[LIVE] JUP/USDC: checkRisk price=0.20190000 SL=0.18897720 TP=0.22254800 HWM=0.18860000 entry=0.18860000","timestamp":"2026-06-03T05:52:40.733Z"}
{"level":"debug","message":"[RISK-LOOP] checking 1 open position(s)","timestamp":"2026-06-03T05:54:40.469Z"}
{"level":"debug","message":"[LIVE] JUP/USDC: checkRisk price=0.20140000 SL=0.18897720 TP=0.22254800 HWM=0.18860000 entry=0.18860000","timestamp":"2026-06-03T05:54:40.908Z"}
{"level":"debug","message":"[RISK-LOOP] checking 1 open position(s)","timestamp":"2026-06-03T05:56:40.472Z"}
{"level":"debug","message":"[LIVE] JUP/USDC: checkRisk price=0.20140000 SL=0.18897720 TP=0.22254800 HWM=0.18860000 entry=0.18860000","timestamp":"2026-06-03T05:56:40.909Z"}
{"level":"debug","message":"[RISK-LOOP] checking 1 open position(s)","timestamp":"2026-06-03T05:58:40.485Z"}
{"level":"debug","message":"[LIVE] JUP/USDC: checkRisk price=0.20140000 SL=0.18897720 TP=0.22254800 HWM=0.18860000 entry=0.18860000","timestamp":"2026-06-03T05:58:40.930Z"}
{"level":"debug","message":"[RISK-LOOP] checking 1 open position(s)","timestamp":"2026-06-03T06:00:40.486Z"}
{"level":"debug","message":"[LIVE] JUP/USDC: checkRisk price=0.20140000 SL=0.18897720 TP=0.22254800 HWM=0.18860000 entry=0.18860000","timestamp":"2026-06-03T06:00:40.934Z"}
{"level":"debug","message":"[RISK-LOOP] checking 1 open position(s)","timestamp":"2026-06-03T06:02:40.474Z"}
{"level":"debug","message":"[LIVE] JUP/USDC: checkRisk price=0.20220000 SL=0.18897720 TP=0.22254800 HWM=0.18860000 entry=0.18860000","timestamp":"2026-06-03T06:02:40.861Z"}
{"level":"info","message":"[MTF-CACHE] 15m refresh complete: 37/37 symbols","timestamp":"2026-06-03T06:02:59.280Z"}
{"level":"debug","message":"[RISK-LOOP] checking 1 open position(s)","timestamp":"2026-06-03T06:04:40.481Z"}
{"level":"debug","message":"[LIVE] JUP/USDC: checkRisk price=0.20220000 SL=0.18897720 TP=0.22254800 HWM=0.18860000 entry=0.18860000","timestamp":"2026-06-03T06:04:40.924Z"}
{"level":"debug","message":"[RISK-LOOP] checking 1 open position(s)","timestamp":"2026-06-03T06:06:40.482Z"}
{"level":"debug","message":"[LIVE] JUP/USDC: checkRisk price=0.20230000 SL=0.18897720 TP=0.22254800 HWM=0.18860000 entry=0.18860000","timestamp":"2026-06-03T06:06:40.940Z"}
{"level":"debug","message":"[RISK-LOOP] checking 1 open position(s)","timestamp":"2026-06-03T06:08:40.478Z"}
{"level":"debug","message":"[LIVE] JUP/USDC: checkRisk price=0.20210000 SL=0.18897720 TP=0.22254800 HWM=0.18860000 entry=0.18860000","timestamp":"2026-06-03T06:08:40.920Z"}
{"level":"debug","message":"[RISK-LOOP] checking 1 open position(s)","timestamp":"2026-06-03T06:10:40.481Z"}
{"level":"debug","message":"[LIVE] JUP/USDC: checkRisk price=0.20210000 SL=0.18897720 TP=0.22254800 HWM=0.18860000 entry=0.18860000","timestamp":"2026-06-03T06:10:40.924Z"}
{"level":"debug","message":"[RISK-LOOP] checking 1 open position(s)","timestamp":"2026-06-03T06:12:40.479Z"}
{"level":"debug","message":"[LIVE] JUP/USDC: checkRisk price=0.20190000 SL=0.18897720 TP=0.22254800 HWM=0.18860000 entry=0.18860000","timestamp":"2026-06-03T06:12:40.743Z"}
{"level":"debug","message":"[RISK-LOOP] checking 1 open position(s)","timestamp":"2026-06-03T06:14:40.484Z"}
{"level":"debug","message":"[LIVE] JUP/USDC: checkRisk price=0.20180000 SL=0.18897720 TP=0.22254800 HWM=0.18860000 entry=0.18860000","timestamp":"2026-06-03T06:14:40.932Z"}
{"level":"debug","message":"[RISK-LOOP] checking 1 open position(s)","timestamp":"2026-06-03T06:16:40.479Z"}
{"level":"debug","message":"[LIVE] JUP/USDC: checkRisk price=0.20180000 SL=0.18897720 TP=0.22254800 HWM=0.18860000 entry=0.18860000","timestamp":"2026-06-03T06:16:40.923Z"}
{"level":"info","message":"[MTF-CACHE] 15m refresh complete: 37/37 symbols","timestamp":"2026-06-03T06:17:59.292Z"}
{"level":"debug","message":"[RISK-LOOP] checking 1 open position(s)","timestamp":"2026-06-03T06:18:40.494Z"}
{"level":"debug","message":"[LIVE] JUP/USDC: checkRisk price=0.20180000 SL=0.18897720 TP=0.22254800 HWM=0.18860000 entry=0.18860000","timestamp":"2026-06-03T06:18:40.941Z"}
{"level":"debug","message":"[RISK-LOOP] checking 1 open position(s)","timestamp":"2026-06-03T06:20:40.574Z"}
{"level":"debug","message":"[LIVE] JUP/USDC: checkRisk price=0.20180000 SL=0.18897720 TP=0.22254800 HWM=0.18860000 entry=0.18860000","timestamp":"2026-06-03T06:20:41.018Z"}
{"level":"debug","message":"[RISK-LOOP] checking 1 open position(s)","timestamp":"2026-06-03T06:22:40.717Z"}
{"level":"debug","message":"[LIVE] JUP/USDC: checkRisk price=0.20210000 SL=0.18897720 TP=0.22254800 HWM=0.18860000 entry=0.18860000","timestamp":"2026-06-03T06:22:41.067Z"}
{"level":"debug","message":"[RISK-LOOP] checking 1 open position(s)","timestamp":"2026-06-03T06:24:40.664Z"}
{"level":"debug","message":"[LIVE] JUP/USDC: checkRisk price=0.20240000 SL=0.18897720 TP=0.22254800 HWM=0.18860000 entry=0.18860000","timestamp":"2026-06-03T06:24:40.927Z"}
{"level":"debug","message":"[RISK-LOOP] checking 1 open position(s)","timestamp":"2026-06-03T06:26:40.672Z"}
{"level":"debug","message":"[LIVE] JUP/USDC: checkRisk price=0.20210000 SL=0.18897720 TP=0.22254800 HWM=0.18860000 entry=0.18860000","timestamp":"2026-06-03T06:26:40.937Z"}
{"level":"debug","message":"[RISK-LOOP] checking 1 open position(s)","timestamp":"2026-06-03T06:28:40.666Z"}
{"level":"debug","message":"[LIVE] JUP/USDC: checkRisk price=0.20210000 SL=0.18897720 TP=0.22254800 HWM=0.18860000 entry=0.18860000","timestamp":"2026-06-03T06:28:40.937Z"}
{"level":"debug","message":"[RISK-LOOP] checking 1 open position(s)","timestamp":"2026-06-03T06:30:40.684Z"}
{"level":"debug","message":"[LIVE] JUP/USDC: checkRisk price=0.20240000 SL=0.18897720 TP=0.22254800 HWM=0.18860000 entry=0.18860000","timestamp":"2026-06-03T06:30:40.947Z"}
{"level":"debug","message":"[RISK-LOOP] checking 1 open position(s)","timestamp":"2026-06-03T06:32:40.486Z"}
{"level":"debug","message":"[LIVE] JUP/USDC: checkRisk price=0.20200000 SL=0.18897720 TP=0.22254800 HWM=0.18860000 entry=0.18860000","timestamp":"2026-06-03T06:32:40.993Z"}
{"level":"info","message":"[MTF-CACHE] 15m refresh complete: 37/37 symbols","timestamp":"2026-06-03T06:32:59.750Z"}
{"level":"debug","message":"[RISK-LOOP] checking 1 open position(s)","timestamp":"2026-06-03T06:34:40.488Z"}
{"level":"debug","message":"[LIVE] JUP/USDC: checkRisk price=0.20200000 SL=0.18897720 TP=0.22254800 HWM=0.18860000 entry=0.18860000","timestamp":"2026-06-03T06:34:40.979Z"}
{"level":"debug","message":"[RISK-LOOP] checking 1 open position(s)","timestamp":"2026-06-03T06:36:40.492Z"}
{"level":"debug","message":"[LIVE] JUP/USDC: checkRisk price=0.20260000 SL=0.18897720 TP=0.22254800 HWM=0.18860000 entry=0.18860000","timestamp":"2026-06-03T06:36:41.067Z"}
{"level":"debug","message":"[RISK-LOOP] checking 1 open position(s)","timestamp":"2026-06-03T06:38:40.497Z"}
{"level":"debug","message":"[LIVE] JUP/USDC: checkRisk price=0.20230000 SL=0.18897720 TP=0.22254800 HWM=0.18860000 entry=0.18860000","timestamp":"2026-06-03T06:38:40.942Z"}
{"level":"debug","message":"[RISK-LOOP] checking 1 open position(s)","timestamp":"2026-06-03T06:40:40.500Z"}
{"level":"debug","message":"[LIVE] JUP/USDC: checkRisk price=0.20270000 SL=0.18897720 TP=0.22254800 HWM=0.18860000 entry=0.18860000","timestamp":"2026-06-03T06:40:40.943Z"}
{"level":"debug","message":"[RISK-LOOP] checking 1 open position(s)","timestamp":"2026-06-03T06:42:40.499Z"}
{"level":"debug","message":"[LIVE] JUP/USDC: checkRisk price=0.20250000 SL=0.18897720 TP=0.22254800 HWM=0.18860000 entry=0.18860000","timestamp":"2026-06-03T06:42:40.884Z"}
{"level":"debug","message":"[RISK-LOOP] checking 1 open position(s)","timestamp":"2026-06-03T06:44:40.501Z"}
{"level":"debug","message":"[LIVE] JUP/USDC: checkRisk price=0.20250000 SL=0.18897720 TP=0.22254800 HWM=0.18860000 entry=0.18860000","timestamp":"2026-06-03T06:44:40.941Z"}
{"level":"debug","message":"[RISK-LOOP] checking 1 open position(s)","timestamp":"2026-06-03T06:46:40.509Z"}
{"level":"debug","message":"[LIVE] JUP/USDC: checkRisk price=0.20190000 SL=0.18897720 TP=0.22254800 HWM=0.18860000 entry=0.18860000","timestamp":"2026-06-03T06:46:40.953Z"}
{"level":"info","message":"[MTF-CACHE] 15m refresh complete: 37/37 symbols","timestamp":"2026-06-03T06:47:59.359Z"}
{"level":"debug","message":"[RISK-LOOP] checking 1 open position(s)","timestamp":"2026-06-03T06:48:40.513Z"}
{"level":"debug","message":"[LIVE] JUP/USDC: checkRisk price=0.20190000 SL=0.18897720 TP=0.22254800 HWM=0.18860000 entry=0.18860000","timestamp":"2026-06-03T06:48:40.956Z"}
{"level":"debug","message":"[RISK-LOOP] checking 1 open position(s)","timestamp":"2026-06-03T06:50:40.512Z"}
{"level":"debug","message":"[LIVE] JUP/USDC: checkRisk price=0.20110000 SL=0.18897720 TP=0.22254800 HWM=0.18860000 entry=0.18860000","timestamp":"2026-06-03T06:50:40.955Z"}
{"level":"debug","message":"[RISK-LOOP] checking 1 open position(s)","timestamp":"2026-06-03T06:52:40.513Z"}
{"level":"debug","message":"[LIVE] JUP/USDC: checkRisk price=0.20120000 SL=0.18897720 TP=0.22254800 HWM=0.18860000 entry=0.18860000","timestamp":"2026-06-03T06:52:40.894Z"}
{"level":"debug","message":"[RISK-LOOP] checking 1 open position(s)","timestamp":"2026-06-03T06:54:40.518Z"}
{"level":"debug","message":"[LIVE] JUP/USDC: checkRisk price=0.20060000 SL=0.18897720 TP=0.22254800 HWM=0.18860000 entry=0.18860000","timestamp":"2026-06-03T06:54:40.962Z"}
{"level":"debug","message":"[RISK-LOOP] checking 1 open position(s)","timestamp":"2026-06-03T06:56:40.520Z"}
{"level":"debug","message":"[LIVE] JUP/USDC: checkRisk price=0.20060000 SL=0.18897720 TP=0.22254800 HWM=0.18860000 entry=0.18860000","timestamp":"2026-06-03T06:56:40.961Z"}
{"level":"debug","message":"[RISK-LOOP] checking 1 open position(s)","timestamp":"2026-06-03T06:58:40.522Z"}
{"level":"debug","message":"[LIVE] JUP/USDC: checkRisk price=0.20090000 SL=0.18897720 TP=0.22254800 HWM=0.18860000 entry=0.18860000","timestamp":"2026-06-03T06:58:40.969Z"}
{"level":"debug","message":"[RISK-LOOP] checking 1 open position(s)","timestamp":"2026-06-03T07:00:40.525Z"}
{"level":"debug","message":"[LIVE] JUP/USDC: checkRisk price=0.20090000 SL=0.18897720 TP=0.22254800 HWM=0.18860000 entry=0.18860000","timestamp":"2026-06-03T07:00:40.969Z"}
{"level":"debug","message":"[RISK-LOOP] checking 1 open position(s)","timestamp":"2026-06-03T07:02:40.557Z"}
{"level":"debug","message":"[LIVE] JUP/USDC: checkRisk price=0.20040000 SL=0.18897720 TP=0.22254800 HWM=0.18860000 entry=0.18860000","timestamp":"2026-06-03T07:02:40.889Z"}
{"level":"info","message":"[MTF-CACHE] 15m refresh complete: 37/37 symbols","timestamp":"2026-06-03T07:03:00.648Z"}
{"level":"debug","message":"[RISK-LOOP] checking 1 open position(s)","timestamp":"2026-06-03T07:04:40.524Z"}
{"level":"debug","message":"[LIVE] JUP/USDC: checkRisk price=0.20030000 SL=0.18897720 TP=0.22254800 HWM=0.18860000 entry=0.18860000","timestamp":"2026-06-03T07:04:40.967Z"}
{"level":"debug","message":"[RISK-LOOP] checking 1 open position(s)","timestamp":"2026-06-03T07:06:40.525Z"}
{"level":"debug","message":"[LIVE] JUP/USDC: checkRisk price=0.20060000 SL=0.18897720 TP=0.22254800 HWM=0.18860000 entry=0.18860000","timestamp":"2026-06-03T07:06:40.968Z"}
{"level":"debug","message":"[RISK-LOOP] checking 1 open position(s)","timestamp":"2026-06-03T07:08:40.528Z"}
{"level":"debug","message":"[LIVE] JUP/USDC: checkRisk price=0.20070000 SL=0.18897720 TP=0.22254800 HWM=0.18860000 entry=0.18860000","timestamp":"2026-06-03T07:08:40.972Z"}
{"level":"debug","message":"[RISK-LOOP] checking 1 open position(s)","timestamp":"2026-06-03T07:10:40.522Z"}
{"level":"debug","message":"[LIVE] JUP/USDC: checkRisk price=0.20130000 SL=0.18897720 TP=0.22254800 HWM=0.18860000 entry=0.18860000","timestamp":"2026-06-03T07:10:40.966Z"}
{"level":"debug","message":"[RISK-LOOP] checking 1 open position(s)","timestamp":"2026-06-03T07:12:40.576Z"}
{"level":"debug","message":"[LIVE] JUP/USDC: checkRisk price=0.20150000 SL=0.18897720 TP=0.22254800 HWM=0.18860000 entry=0.18860000","timestamp":"2026-06-03T07:12:40.905Z"}
{"level":"debug","message":"[RISK-LOOP] checking 1 open position(s)","timestamp":"2026-06-03T07:14:40.532Z"}
{"level":"debug","message":"[LIVE] JUP/USDC: checkRisk price=0.20140000 SL=0.18897720 TP=0.22254800 HWM=0.18860000 entry=0.18860000","timestamp":"2026-06-03T07:14:40.975Z"}
{"level":"debug","message":"[RISK-LOOP] checking 1 open position(s)","timestamp":"2026-06-03T07:16:40.532Z"}
{"level":"debug","message":"[LIVE] JUP/USDC: checkRisk price=0.20150000 SL=0.18897720 TP=0.22254800 HWM=0.18860000 entry=0.18860000","timestamp":"2026-06-03T07:16:40.974Z"}
{"level":"info","message":"[MTF-CACHE] 15m refresh complete: 37/37 symbols","timestamp":"2026-06-03T07:18:00.677Z"}
{"level":"debug","message":"[RISK-LOOP] checking 1 open position(s)","timestamp":"2026-06-03T07:18:40.540Z"}
{"level":"debug","message":"[LIVE] JUP/USDC: checkRisk price=0.20190000 SL=0.18897720 TP=0.22254800 HWM=0.18860000 entry=0.18860000","timestamp":"2026-06-03T07:18:40.986Z"}
{"level":"debug","message":"[RISK-LOOP] checking 1 open position(s)","timestamp":"2026-06-03T07:20:40.540Z"}
{"level":"debug","message":"[LIVE] JUP/USDC: checkRisk price=0.20150000 SL=0.18897720 TP=0.22254800 HWM=0.18860000 entry=0.18860000","timestamp":"2026-06-03T07:20:40.985Z"}
{"level":"debug","message":"[RISK-LOOP] checking 1 open position(s)","timestamp":"2026-06-03T07:22:40.590Z"}
{"level":"debug","message":"[LIVE] JUP/USDC: checkRisk price=0.20120000 SL=0.18897720 TP=0.22254800 HWM=0.18860000 entry=0.18860000","timestamp":"2026-06-03T07:22:40.908Z"}
{"level":"debug","message":"[RISK-LOOP] checking 1 open position(s)","timestamp":"2026-06-03T07:24:40.544Z"}
{"level":"debug","message":"[LIVE] JUP/USDC: checkRisk price=0.20110000 SL=0.18897720 TP=0.22254800 HWM=0.18860000 entry=0.18860000","timestamp":"2026-06-03T07:24:40.986Z"}
{"level":"debug","message":"[RISK-LOOP] checking 1 open position(s)","timestamp":"2026-06-03T07:26:40.545Z"}
{"level":"debug","message":"[LIVE] JUP/USDC: checkRisk price=0.20100000 SL=0.18897720 TP=0.22254800 HWM=0.18860000 entry=0.18860000","timestamp":"2026-06-03T07:26:40.989Z"}
{"level":"debug","message":"[RISK-LOOP] checking 1 open position(s)","timestamp":"2026-06-03T07:28:40.546Z"}
{"level":"debug","message":"[LIVE] JUP/USDC: checkRisk price=0.20120000 SL=0.18897720 TP=0.22254800 HWM=0.18860000 entry=0.18860000","timestamp":"2026-06-03T07:28:40.990Z"}
{"level":"debug","message":"[RISK-LOOP] checking 1 open position(s)","timestamp":"2026-06-03T07:30:40.549Z"}
{"level":"debug","message":"[LIVE] JUP/USDC: checkRisk price=0.20120000 SL=0.18897720 TP=0.22254800 HWM=0.18860000 entry=0.18860000","timestamp":"2026-06-03T07:30:40.993Z"}
{"level":"debug","message":"[RISK-LOOP] checking 1 open position(s)","timestamp":"2026-06-03T07:32:40.586Z"}
{"level":"debug","message":"[LIVE] JUP/USDC: checkRisk price=0.20100000 SL=0.18897720 TP=0.22254800 HWM=0.18860000 entry=0.18860000","timestamp":"2026-06-03T07:32:40.918Z"}
{"level":"info","message":"[MTF-CACHE] 15m refresh complete: 37/37 symbols","timestamp":"2026-06-03T07:32:59.240Z"}
{"level":"info","message":"[MTF-CACHE] 4h refresh complete: 37/37 symbols","timestamp":"2026-06-03T07:33:00.276Z"}
{"level":"debug","message":"[RISK-LOOP] checking 1 open position(s)","timestamp":"2026-06-03T07:34:40.542Z"}
{"level":"debug","message":"[LIVE] JUP/USDC: checkRisk price=0.20100000 SL=0.18897720 TP=0.22254800 HWM=0.18860000 entry=0.18860000","timestamp":"2026-06-03T07:34:40.984Z"}
{"level":"debug","message":"[RISK-LOOP] checking 1 open position(s)","timestamp":"2026-06-03T07:36:40.555Z"}
{"level":"debug","message":"[LIVE] JUP/USDC: checkRisk price=0.20090000 SL=0.18897720 TP=0.22254800 HWM=0.18860000 entry=0.18860000","timestamp":"2026-06-03T07:36:41.001Z"}
{"level":"debug","message":"[RISK-LOOP] checking 1 open position(s)","timestamp":"2026-06-03T07:38:40.557Z"}
{"level":"debug","message":"[LIVE] JUP/USDC: checkRisk price=0.20120000 SL=0.18897720 TP=0.22254800 HWM=0.18860000 entry=0.18860000","timestamp":"2026-06-03T07:38:41.003Z"}
{"level":"debug","message":"[RISK-LOOP] checking 1 open position(s)","timestamp":"2026-06-03T07:40:40.556Z"}
{"level":"debug","message":"[LIVE] JUP/USDC: checkRisk price=0.20130000 SL=0.18897720 TP=0.22254800 HWM=0.18860000 entry=0.18860000","timestamp":"2026-06-03T07:40:41.002Z"}
{"level":"debug","message":"[RISK-LOOP] checking 1 open position(s)","timestamp":"2026-06-03T07:42:40.606Z"}
{"level":"debug","message":"[LIVE] JUP/USDC: checkRisk price=0.20150000 SL=0.18897720 TP=0.22254800 HWM=0.18860000 entry=0.18860000","timestamp":"2026-06-03T07:42:40.913Z"}
{"level":"debug","message":"[RISK-LOOP] checking 1 open position(s)","timestamp":"2026-06-03T07:44:40.557Z"}
{"level":"debug","message":"[LIVE] JUP/USDC: checkRisk price=0.20300000 SL=0.18897720 TP=0.22254800 HWM=0.18860000 entry=0.18860000","timestamp":"2026-06-03T07:44:41.003Z"}
{"level":"debug","message":"[RISK-LOOP] checking 1 open position(s)","timestamp":"2026-06-03T07:46:40.563Z"}
{"level":"debug","message":"[LIVE] JUP/USDC: checkRisk price=0.20290000 SL=0.18897720 TP=0.22254800 HWM=0.18860000 entry=0.18860000","timestamp":"2026-06-03T07:46:41.009Z"}
{"level":"info","message":"[MTF-CACHE] 15m refresh complete: 37/37 symbols","timestamp":"2026-06-03T07:47:59.365Z"}
{"level":"debug","message":"[RISK-LOOP] checking 1 open position(s)","timestamp":"2026-06-03T07:48:40.561Z"}
{"level":"debug","message":"[LIVE] JUP/USDC: checkRisk price=0.20310000 SL=0.18897720 TP=0.22254800 HWM=0.18860000 entry=0.18860000","timestamp":"2026-06-03T07:48:41.004Z"}
{"level":"debug","message":"[RISK-LOOP] checking 1 open position(s)","timestamp":"2026-06-03T07:50:40.553Z"}
{"level":"debug","message":"[LIVE] JUP/USDC: checkRisk price=0.20330000 SL=0.18897720 TP=0.22254800 HWM=0.18860000 entry=0.18860000","timestamp":"2026-06-03T07:50:40.997Z"}
{"level":"debug","message":"[RISK-LOOP] checking 1 open position(s)","timestamp":"2026-06-03T07:52:40.608Z"}
{"level":"debug","message":"[LIVE] JUP/USDC: checkRisk price=0.20350000 SL=0.18897720 TP=0.22254800 HWM=0.18860000 entry=0.18860000","timestamp":"2026-06-03T07:52:40.917Z"}
{"level":"debug","message":"[RISK-LOOP] checking 1 open position(s)","timestamp":"2026-06-03T07:54:40.569Z"}
{"level":"debug","message":"[LIVE] JUP/USDC: checkRisk price=0.20340000 SL=0.18897720 TP=0.22254800 HWM=0.18860000 entry=0.18860000","timestamp":"2026-06-03T07:54:41.016Z"}
{"level":"debug","message":"[RISK-LOOP] checking 1 open position(s)","timestamp":"2026-06-03T07:56:40.567Z"}
{"level":"debug","message":"[LIVE] JUP/USDC: checkRisk price=0.20320000 SL=0.18897720 TP=0.22254800 HWM=0.18860000 entry=0.18860000","timestamp":"2026-06-03T07:56:41.013Z"}
{"level":"debug","message":"[RISK-LOOP] checking 1 open position(s)","timestamp":"2026-06-03T07:58:40.568Z"}
{"level":"debug","message":"[LIVE] JUP/USDC: checkRisk price=0.20340000 SL=0.18897720 TP=0.22254800 HWM=0.18860000 entry=0.18860000","timestamp":"2026-06-03T07:58:41.054Z"}
{"level":"debug","message":"[RISK-LOOP] checking 1 open position(s)","timestamp":"2026-06-03T08:00:40.561Z"}
{"level":"debug","message":"[LIVE] JUP/USDC: checkRisk price=0.20380000 SL=0.18897720 TP=0.22254800 HWM=0.18860000 entry=0.18860000","timestamp":"2026-06-03T08:00:41.024Z"}
{"level":"debug","message":"[RISK-LOOP] checking 1 open position(s)","timestamp":"2026-06-03T08:02:40.627Z"}
{"level":"debug","message":"[LIVE] JUP/USDC: checkRisk price=0.20330000 SL=0.18897720 TP=0.22254800 HWM=0.18860000 entry=0.18860000","timestamp":"2026-06-03T08:02:40.927Z"}
{"level":"info","message":"[MTF-CACHE] 15m refresh complete: 37/37 symbols","timestamp":"2026-06-03T08:02:59.344Z"}
{"level":"debug","message":"[RISK-LOOP] checking 1 open position(s)","timestamp":"2026-06-03T08:04:40.571Z"}
{"level":"debug","message":"[LIVE] JUP/USDC: checkRisk price=0.20360000 SL=0.18897720 TP=0.22254800 HWM=0.18860000 entry=0.18860000","timestamp":"2026-06-03T08:04:41.015Z"}
{"level":"debug","message":"[RISK-LOOP] checking 1 open position(s)","timestamp":"2026-06-03T08:06:40.571Z"}
{"level":"debug","message":"[LIVE] JUP/USDC: checkRisk price=0.20320000 SL=0.18897720 TP=0.22254800 HWM=0.18860000 entry=0.18860000","timestamp":"2026-06-03T08:06:41.016Z"}
{"level":"debug","message":"[RISK-LOOP] checking 1 open position(s)","timestamp":"2026-06-03T08:08:40.571Z"}
{"level":"debug","message":"[LIVE] JUP/USDC: checkRisk price=0.20270000 SL=0.18897720 TP=0.22254800 HWM=0.18860000 entry=0.18860000","timestamp":"2026-06-03T08:08:41.016Z"}
{"level":"debug","message":"[RISK-LOOP] checking 1 open position(s)","timestamp":"2026-06-03T08:10:40.574Z"}
{"level":"debug","message":"[LIVE] JUP/USDC: checkRisk price=0.20300000 SL=0.18897720 TP=0.22254800 HWM=0.18860000 entry=0.18860000","timestamp":"2026-06-03T08:10:41.016Z"}
{"level":"debug","message":"[RISK-LOOP] checking 1 open position(s)","timestamp":"2026-06-03T08:12:40.630Z"}
{"level":"debug","message":"[LIVE] JUP/USDC: checkRisk price=0.20270000 SL=0.18897720 TP=0.22254800 HWM=0.18860000 entry=0.18860000","timestamp":"2026-06-03T08:12:40.928Z"}
{"level":"debug","message":"[RISK-LOOP] checking 1 open position(s)","timestamp":"2026-06-03T08:14:40.576Z"}
{"level":"debug","message":"[LIVE] JUP/USDC: checkRisk price=0.20230000 SL=0.18897720 TP=0.22254800 HWM=0.18860000 entry=0.18860000","timestamp":"2026-06-03T08:14:41.021Z"}
{"level":"debug","message":"[RISK-LOOP] checking 1 open position(s)","timestamp":"2026-06-03T08:16:40.577Z"}
{"level":"debug","message":"[LIVE] JUP/USDC: checkRisk price=0.20270000 SL=0.18897720 TP=0.22254800 HWM=0.18860000 entry=0.18860000","timestamp":"2026-06-03T08:16:41.022Z"}
{"level":"info","message":"[MTF-CACHE] 15m refresh complete: 37/37 symbols","timestamp":"2026-06-03T08:17:59.366Z"}
{"level":"debug","message":"[RISK-LOOP] checking 1 open position(s)","timestamp":"2026-06-03T08:18:40.579Z"}
{"level":"debug","message":"[LIVE] JUP/USDC: checkRisk price=0.20260000 SL=0.18897720 TP=0.22254800 HWM=0.18860000 entry=0.18860000","timestamp":"2026-06-03T08:18:41.025Z"}
{"level":"debug","message":"[RISK-LOOP] checking 1 open position(s)","timestamp":"2026-06-03T08:20:40.579Z"}
{"level":"debug","message":"[LIVE] JUP/USDC: checkRisk price=0.20220000 SL=0.18897720 TP=0.22254800 HWM=0.18860000 entry=0.18860000","timestamp":"2026-06-03T08:20:41.022Z"}
{"level":"debug","message":"[RISK-LOOP] checking 1 open position(s)","timestamp":"2026-06-03T08:22:40.627Z"}
{"level":"debug","message":"[LIVE] JUP/USDC: checkRisk price=0.20190000 SL=0.18897720 TP=0.22254800 HWM=0.18860000 entry=0.18860000","timestamp":"2026-06-03T08:22:40.911Z"}
{"level":"debug","message":"[RISK-LOOP] checking 1 open position(s)","timestamp":"2026-06-03T08:24:40.578Z"}
{"level":"debug","message":"[LIVE] JUP/USDC: checkRisk price=0.20210000 SL=0.18897720 TP=0.22254800 HWM=0.18860000 entry=0.18860000","timestamp":"2026-06-03T08:24:41.023Z"}
{"level":"debug","message":"[RISK-LOOP] checking 1 open position(s)","timestamp":"2026-06-03T08:26:40.580Z"}
{"level":"debug","message":"[LIVE] JUP/USDC: checkRisk price=0.20170000 SL=0.18897720 TP=0.22254800 HWM=0.18860000 entry=0.18860000","timestamp":"2026-06-03T08:26:41.023Z"}
{"level":"debug","message":"[RISK-LOOP] checking 1 open position(s)","timestamp":"2026-06-03T08:28:40.582Z"}
{"level":"debug","message":"[LIVE] JUP/USDC: checkRisk price=0.20170000 SL=0.18897720 TP=0.22254800 HWM=0.18860000 entry=0.18860000","timestamp":"2026-06-03T08:28:41.026Z"}
{"level":"debug","message":"[RISK-LOOP] checking 1 open position(s)","timestamp":"2026-06-03T08:30:40.584Z"}
{"level":"debug","message":"[LIVE] JUP/USDC: checkRisk price=0.20190000 SL=0.18897720 TP=0.22254800 HWM=0.18860000 entry=0.18860000","timestamp":"2026-06-03T08:30:41.026Z"}
{"level":"debug","message":"[RISK-LOOP] checking 1 open position(s)","timestamp":"2026-06-03T08:32:40.586Z"}
{"level":"debug","message":"[LIVE] JUP/USDC: checkRisk price=0.20240000 SL=0.18897720 TP=0.22254800 HWM=0.18860000 entry=0.18860000","timestamp":"2026-06-03T08:32:40.946Z"}
{"level":"info","message":"[MTF-CACHE] 15m refresh complete: 37/37 symbols","timestamp":"2026-06-03T08:32:59.494Z"}
{"level":"debug","message":"[RISK-LOOP] checking 1 open position(s)","timestamp":"2026-06-03T08:34:40.583Z"}
{"level":"debug","message":"[LIVE] JUP/USDC: checkRisk price=0.20240000 SL=0.18897720 TP=0.22254800 HWM=0.18860000 entry=0.18860000","timestamp":"2026-06-03T08:34:41.026Z"}
{"level":"debug","message":"[RISK-LOOP] checking 1 open position(s)","timestamp":"2026-06-03T08:36:40.583Z"}
{"level":"debug","message":"[LIVE] JUP/USDC: checkRisk price=0.20250000 SL=0.18897720 TP=0.22254800 HWM=0.18860000 entry=0.18860000","timestamp":"2026-06-03T08:36:41.027Z"}
{"level":"debug","message":"[RISK-LOOP] checking 1 open position(s)","timestamp":"2026-06-03T08:38:40.580Z"}
{"level":"debug","message":"[LIVE] JUP/USDC: checkRisk price=0.20260000 SL=0.18897720 TP=0.22254800 HWM=0.18860000 entry=0.18860000","timestamp":"2026-06-03T08:38:41.026Z"}
{"level":"debug","message":"[RISK-LOOP] checking 1 open position(s)","timestamp":"2026-06-03T08:40:40.586Z"}
{"level":"debug","message":"[LIVE] JUP/USDC: checkRisk price=0.20280000 SL=0.18897720 TP=0.22254800 HWM=0.18860000 entry=0.18860000","timestamp":"2026-06-03T08:40:41.030Z"}
{"level":"debug","message":"[RISK-LOOP] checking 1 open position(s)","timestamp":"2026-06-03T08:42:40.589Z"}
{"level":"debug","message":"[LIVE] JUP/USDC: checkRisk price=0.20290000 SL=0.18897720 TP=0.22254800 HWM=0.18860000 entry=0.18860000","timestamp":"2026-06-03T08:42:40.931Z"}
{"level":"debug","message":"[RISK-LOOP] checking 1 open position(s)","timestamp":"2026-06-03T08:44:40.585Z"}
{"level":"debug","message":"[LIVE] JUP/USDC: checkRisk price=0.20300000 SL=0.18897720 TP=0.22254800 HWM=0.18860000 entry=0.18860000","timestamp":"2026-06-03T08:44:41.031Z"}
{"level":"debug","message":"[RISK-LOOP] checking 1 open position(s)","timestamp":"2026-06-03T08:46:40.587Z"}
{"level":"debug","message":"[LIVE] JUP/USDC: checkRisk price=0.20270000 SL=0.18897720 TP=0.22254800 HWM=0.18860000 entry=0.18860000","timestamp":"2026-06-03T08:46:41.033Z"}
{"level":"info","message":"[MTF-CACHE] 15m refresh complete: 37/37 symbols","timestamp":"2026-06-03T08:47:59.364Z"}
{"level":"debug","message":"[RISK-LOOP] checking 1 open position(s)","timestamp":"2026-06-03T08:48:40.588Z"}
{"level":"debug","message":"[LIVE] JUP/USDC: checkRisk price=0.20270000 SL=0.18897720 TP=0.22254800 HWM=0.18860000 entry=0.18860000","timestamp":"2026-06-03T08:48:41.030Z"}
{"level":"debug","message":"[RISK-LOOP] checking 1 open position(s)","timestamp":"2026-06-03T08:50:40.592Z"}
{"level":"debug","message":"[LIVE] JUP/USDC: checkRisk price=0.20320000 SL=0.18897720 TP=0.22254800 HWM=0.18860000 entry=0.18860000","timestamp":"2026-06-03T08:50:41.033Z"}
{"level":"debug","message":"[RISK-LOOP] checking 1 open position(s)","timestamp":"2026-06-03T08:52:40.586Z"}
{"level":"debug","message":"[LIVE] JUP/USDC: checkRisk price=0.20340000 SL=0.18897720 TP=0.22254800 HWM=0.18860000 entry=0.18860000","timestamp":"2026-06-03T08:52:40.852Z"}
{"level":"debug","message":"[RISK-LOOP] checking 1 open position(s)","timestamp":"2026-06-03T08:54:40.589Z"}
{"level":"debug","message":"[LIVE] JUP/USDC: checkRisk price=0.20280000 SL=0.18897720 TP=0.22254800 HWM=0.18860000 entry=0.18860000","timestamp":"2026-06-03T08:54:41.031Z"}
{"level":"debug","message":"[RISK-LOOP] checking 1 open position(s)","timestamp":"2026-06-03T08:56:40.589Z"}
{"level":"debug","message":"[LIVE] JUP/USDC: checkRisk price=0.20290000 SL=0.18897720 TP=0.22254800 HWM=0.18860000 entry=0.18860000","timestamp":"2026-06-03T08:56:41.035Z"}
{"level":"debug","message":"[RISK-LOOP] checking 1 open position(s)","timestamp":"2026-06-03T08:58:40.589Z"}
{"level":"debug","message":"[LIVE] JUP/USDC: checkRisk price=0.20290000 SL=0.18897720 TP=0.22254800 HWM=0.18860000 entry=0.18860000","timestamp":"2026-06-03T08:58:41.035Z"}
{"level":"debug","message":"[RISK-LOOP] checking 1 open position(s)","timestamp":"2026-06-03T09:00:40.663Z"}
{"level":"debug","message":"[LIVE] JUP/USDC: checkRisk price=0.20300000 SL=0.18897720 TP=0.22254800 HWM=0.18860000 entry=0.18860000","timestamp":"2026-06-03T09:00:41.109Z"}
{"level":"debug","message":"[RISK-LOOP] checking 1 open position(s)","timestamp":"2026-06-03T09:02:40.743Z"}
{"level":"debug","message":"[LIVE] JUP/USDC: checkRisk price=0.20280000 SL=0.18897720 TP=0.22254800 HWM=0.18860000 entry=0.18860000","timestamp":"2026-06-03T09:02:41.104Z"}
{"level":"info","message":"[MTF-CACHE] 15m refresh complete: 37/37 symbols","timestamp":"2026-06-03T09:02:59.336Z"}
{"level":"debug","message":"[RISK-LOOP] checking 1 open position(s)","timestamp":"2026-06-03T09:04:40.795Z"}
{"level":"debug","message":"[LIVE] JUP/USDC: checkRisk price=0.20280000 SL=0.18897720 TP=0.22254800 HWM=0.18860000 entry=0.18860000","timestamp":"2026-06-03T09:04:41.239Z"}
{"level":"debug","message":"[RISK-LOOP] checking 1 open position(s)","timestamp":"2026-06-03T09:06:40.776Z"}
{"level":"debug","message":"[LIVE] JUP/USDC: checkRisk price=0.20250000 SL=0.18897720 TP=0.22254800 HWM=0.18860000 entry=0.18860000","timestamp":"2026-06-03T09:06:41.042Z"}
{"level":"debug","message":"[RISK-LOOP] checking 1 open position(s)","timestamp":"2026-06-03T09:08:40.777Z"}
{"level":"debug","message":"[LIVE] JUP/USDC: checkRisk price=0.20270000 SL=0.18897720 TP=0.22254800 HWM=0.18860000 entry=0.18860000","timestamp":"2026-06-03T09:08:41.041Z"}
{"level":"debug","message":"[RISK-LOOP] checking 1 open position(s)","timestamp":"2026-06-03T09:10:40.781Z"}
{"level":"debug","message":"[LIVE] JUP/USDC: checkRisk price=0.20260000 SL=0.18897720 TP=0.22254800 HWM=0.18860000 entry=0.18860000","timestamp":"2026-06-03T09:10:41.044Z"}
{"level":"debug","message":"[RISK-LOOP] checking 1 open position(s)","timestamp":"2026-06-03T09:12:40.595Z"}
{"level":"debug","message":"[LIVE] JUP/USDC: checkRisk price=0.20250000 SL=0.18897720 TP=0.22254800 HWM=0.18860000 entry=0.18860000","timestamp":"2026-06-03T09:12:41.044Z"}
{"level":"debug","message":"[RISK-LOOP] checking 1 open position(s)","timestamp":"2026-06-03T09:14:40.602Z"}
{"level":"debug","message":"[LIVE] JUP/USDC: checkRisk price=0.20270000 SL=0.18897720 TP=0.22254800 HWM=0.18860000 entry=0.18860000","timestamp":"2026-06-03T09:14:41.049Z"}
{"level":"debug","message":"[RISK-LOOP] checking 1 open position(s)","timestamp":"2026-06-03T09:16:40.600Z"}
{"level":"debug","message":"[LIVE] JUP/USDC: checkRisk price=0.20270000 SL=0.18897720 TP=0.22254800 HWM=0.18860000 entry=0.18860000","timestamp":"2026-06-03T09:16:41.109Z"}
{"level":"info","message":"[MTF-CACHE] 15m refresh complete: 37/37 symbols","timestamp":"2026-06-03T09:17:59.323Z"}
{"level":"debug","message":"[RISK-LOOP] checking 1 open position(s)","timestamp":"2026-06-03T09:18:40.603Z"}
{"level":"debug","message":"[LIVE] JUP/USDC: checkRisk price=0.20320000 SL=0.18897720 TP=0.22254800 HWM=0.18860000 entry=0.18860000","timestamp":"2026-06-03T09:18:41.167Z"}
{"level":"debug","message":"[RISK-LOOP] checking 1 open position(s)","timestamp":"2026-06-03T09:20:40.602Z"}
{"level":"debug","message":"[LIVE] JUP/USDC: checkRisk price=0.20350000 SL=0.18897720 TP=0.22254800 HWM=0.18860000 entry=0.18860000","timestamp":"2026-06-03T09:20:41.043Z"}
{"level":"debug","message":"[RISK-LOOP] checking 1 open position(s)","timestamp":"2026-06-03T09:22:40.599Z"}
{"level":"debug","message":"[LIVE] JUP/USDC: checkRisk price=0.20350000 SL=0.18897720 TP=0.22254800 HWM=0.18860000 entry=0.18860000","timestamp":"2026-06-03T09:22:40.942Z"}
{"level":"debug","message":"[RISK-LOOP] checking 1 open position(s)","timestamp":"2026-06-03T09:24:40.595Z"}
{"level":"debug","message":"[LIVE] JUP/USDC: checkRisk price=0.20350000 SL=0.18897720 TP=0.22254800 HWM=0.18860000 entry=0.18860000","timestamp":"2026-06-03T09:24:41.035Z"}
{"level":"debug","message":"[RISK-LOOP] checking 1 open position(s)","timestamp":"2026-06-03T09:26:40.606Z"}
{"level":"debug","message":"[LIVE] JUP/USDC: checkRisk price=0.20330000 SL=0.18897720 TP=0.22254800 HWM=0.18860000 entry=0.18860000","timestamp":"2026-06-03T09:26:41.052Z"}
{"level":"debug","message":"[RISK-LOOP] checking 1 open position(s)","timestamp":"2026-06-03T09:28:40.602Z"}
{"level":"debug","message":"[LIVE] JUP/USDC: checkRisk price=0.20320000 SL=0.18897720 TP=0.22254800 HWM=0.18860000 entry=0.18860000","timestamp":"2026-06-03T09:28:41.048Z"}
{"level":"debug","message":"[RISK-LOOP] checking 1 open position(s)","timestamp":"2026-06-03T09:30:40.612Z"}
{"level":"debug","message":"[LIVE] JUP/USDC: checkRisk price=0.20270000 SL=0.18897720 TP=0.22254800 HWM=0.18860000 entry=0.18860000","timestamp":"2026-06-03T09:30:41.054Z"}
{"level":"debug","message":"[RISK-LOOP] checking 1 open position(s)","timestamp":"2026-06-03T09:32:40.612Z"}
{"level":"debug","message":"[LIVE] JUP/USDC: checkRisk price=0.20280000 SL=0.18897720 TP=0.22254800 HWM=0.18860000 entry=0.18860000","timestamp":"2026-06-03T09:32:40.939Z"}
{"level":"info","message":"[MTF-CACHE] 15m refresh complete: 37/37 symbols","timestamp":"2026-06-03T09:32:59.665Z"}
{"level":"debug","message":"[RISK-LOOP] checking 1 open position(s)","timestamp":"2026-06-03T09:34:40.611Z"}
{"level":"debug","message":"[LIVE] JUP/USDC: checkRisk price=0.20350000 SL=0.18897720 TP=0.22254800 HWM=0.18860000 entry=0.18860000","timestamp":"2026-06-03T09:34:41.057Z"}
{"level":"debug","message":"[RISK-LOOP] checking 1 open position(s)","timestamp":"2026-06-03T09:36:40.606Z"}
{"level":"debug","message":"[LIVE] JUP/USDC: checkRisk price=0.20340000 SL=0.18897720 TP=0.22254800 HWM=0.18860000 entry=0.18860000","timestamp":"2026-06-03T09:36:41.052Z"}
{"level":"debug","message":"[RISK-LOOP] checking 1 open position(s)","timestamp":"2026-06-03T09:38:40.620Z"}
{"level":"debug","message":"[LIVE] JUP/USDC: checkRisk price=0.20340000 SL=0.18897720 TP=0.22254800 HWM=0.18860000 entry=0.18860000","timestamp":"2026-06-03T09:38:41.066Z"}
{"level":"debug","message":"[RISK-LOOP] checking 1 open position(s)","timestamp":"2026-06-03T09:40:40.620Z"}
{"level":"debug","message":"[LIVE] JUP/USDC: checkRisk price=0.20290000 SL=0.18897720 TP=0.22254800 HWM=0.18860000 entry=0.18860000","timestamp":"2026-06-03T09:40:41.061Z"}
{"level":"debug","message":"[RISK-LOOP] checking 1 open position(s)","timestamp":"2026-06-03T09:42:40.665Z"}
{"level":"debug","message":"[LIVE] JUP/USDC: checkRisk price=0.20300000 SL=0.18897720 TP=0.22254800 HWM=0.18860000 entry=0.18860000","timestamp":"2026-06-03T09:42:40.946Z"}
{"level":"debug","message":"[RISK-LOOP] checking 1 open position(s)","timestamp":"2026-06-03T09:44:40.621Z"}
{"level":"debug","message":"[LIVE] JUP/USDC: checkRisk price=0.20310000 SL=0.18897720 TP=0.22254800 HWM=0.18860000 entry=0.18860000","timestamp":"2026-06-03T09:44:41.065Z"}
{"level":"debug","message":"[RISK-LOOP] checking 1 open position(s)","timestamp":"2026-06-03T09:46:40.623Z"}
{"level":"debug","message":"[LIVE] JUP/USDC: checkRisk price=0.20270000 SL=0.18897720 TP=0.22254800 HWM=0.18860000 entry=0.18860000","timestamp":"2026-06-03T09:46:41.069Z"}
{"level":"info","message":"[MTF-CACHE] 15m refresh complete: 37/37 symbols","timestamp":"2026-06-03T09:47:59.405Z"}
{"level":"debug","message":"[RISK-LOOP] checking 1 open position(s)","timestamp":"2026-06-03T09:48:40.633Z"}
{"level":"debug","message":"[LIVE] JUP/USDC: checkRisk price=0.20250000 SL=0.18897720 TP=0.22254800 HWM=0.18860000 entry=0.18860000","timestamp":"2026-06-03T09:48:41.078Z"}
{"level":"debug","message":"[RISK-LOOP] checking 1 open position(s)","timestamp":"2026-06-03T09:50:40.628Z"}
{"level":"debug","message":"[LIVE] JUP/USDC: checkRisk price=0.20330000 SL=0.18897720 TP=0.22254800 HWM=0.18860000 entry=0.18860000","timestamp":"2026-06-03T09:50:41.073Z"}
{"level":"debug","message":"[RISK-LOOP] checking 1 open position(s)","timestamp":"2026-06-03T09:52:40.671Z"}
{"level":"debug","message":"[LIVE] JUP/USDC: checkRisk price=0.20400000 SL=0.18897720 TP=0.22254800 HWM=0.18860000 entry=0.18860000","timestamp":"2026-06-03T09:52:40.953Z"}
{"level":"debug","message":"[RISK-LOOP] checking 1 open position(s)","timestamp":"2026-06-03T09:54:40.627Z"}
{"level":"debug","message":"[LIVE] JUP/USDC: checkRisk price=0.20370000 SL=0.18897720 TP=0.22254800 HWM=0.18860000 entry=0.18860000","timestamp":"2026-06-03T09:54:41.070Z"}
{"level":"debug","message":"[RISK-LOOP] checking 1 open position(s)","timestamp":"2026-06-03T09:56:40.631Z"}
{"level":"debug","message":"[LIVE] JUP/USDC: checkRisk price=0.20380000 SL=0.18897720 TP=0.22254800 HWM=0.18860000 entry=0.18860000","timestamp":"2026-06-03T09:56:41.076Z"}
{"level":"debug","message":"[RISK-LOOP] checking 1 open position(s)","timestamp":"2026-06-03T09:58:40.646Z"}
{"level":"debug","message":"[LIVE] JUP/USDC: checkRisk price=0.20390000 SL=0.18897720 TP=0.22254800 HWM=0.18860000 entry=0.18860000","timestamp":"2026-06-03T09:58:41.092Z"}
{"level":"debug","message":"[RISK-LOOP] checking 1 open position(s)","timestamp":"2026-06-03T10:00:40.636Z"}
{"level":"debug","message":"[LIVE] JUP/USDC: checkRisk price=0.20380000 SL=0.18897720 TP=0.22254800 HWM=0.18860000 entry=0.18860000","timestamp":"2026-06-03T10:00:41.082Z"}
{"level":"debug","message":"[RISK-LOOP] checking 1 open position(s)","timestamp":"2026-06-03T10:02:40.680Z"}
{"level":"debug","message":"[LIVE] JUP/USDC: checkRisk price=0.20370000 SL=0.18897720 TP=0.22254800 HWM=0.18860000 entry=0.18860000","timestamp":"2026-06-03T10:02:40.956Z"}
{"level":"info","message":"[MTF-CACHE] 15m refresh complete: 37/37 symbols","timestamp":"2026-06-03T10:03:00.559Z"}
{"level":"debug","message":"[RISK-LOOP] checking 1 open position(s)","timestamp":"2026-06-03T10:04:40.632Z"}
{"level":"debug","message":"[LIVE] JUP/USDC: checkRisk price=0.20410000 SL=0.18897720 TP=0.22254800 HWM=0.18860000 entry=0.18860000","timestamp":"2026-06-03T10:04:41.078Z"}
{"level":"debug","message":"[RISK-LOOP] checking 1 open position(s)","timestamp":"2026-06-03T10:06:40.639Z"}
{"level":"debug","message":"[LIVE] JUP/USDC: checkRisk price=0.20620000 SL=0.18897720 TP=0.22254800 HWM=0.18860000 entry=0.18860000","timestamp":"2026-06-03T10:06:41.083Z"}
{"level":"debug","message":"[RISK-LOOP] checking 1 open position(s)","timestamp":"2026-06-03T10:08:40.640Z"}
{"level":"debug","message":"[LIVE] JUP/USDC: checkRisk price=0.20670000 SL=0.18897720 TP=0.22254800 HWM=0.18860000 entry=0.18860000","timestamp":"2026-06-03T10:08:41.082Z"}
{"level":"debug","message":"[RISK-LOOP] checking 1 open position(s)","timestamp":"2026-06-03T10:10:40.640Z"}
{"level":"debug","message":"[LIVE] JUP/USDC: checkRisk price=0.20500000 SL=0.18897720 TP=0.22254800 HWM=0.18860000 entry=0.18860000","timestamp":"2026-06-03T10:10:41.088Z"}
{"level":"debug","message":"[RISK-LOOP] checking 1 open position(s)","timestamp":"2026-06-03T10:12:40.684Z"}
{"level":"debug","message":"[LIVE] JUP/USDC: checkRisk price=0.20500000 SL=0.18897720 TP=0.22254800 HWM=0.18860000 entry=0.18860000","timestamp":"2026-06-03T10:12:40.952Z"}
{"level":"debug","message":"[RISK-LOOP] checking 1 open position(s)","timestamp":"2026-06-03T10:14:40.643Z"}
{"level":"debug","message":"[LIVE] JUP/USDC: checkRisk price=0.20440000 SL=0.18897720 TP=0.22254800 HWM=0.18860000 entry=0.18860000","timestamp":"2026-06-03T10:14:41.089Z"}
{"level":"debug","message":"[RISK-LOOP] checking 1 open position(s)","timestamp":"2026-06-03T10:16:40.648Z"}
{"level":"debug","message":"[LIVE] JUP/USDC: checkRisk price=0.20410000 SL=0.18897720 TP=0.22254800 HWM=0.18860000 entry=0.18860000","timestamp":"2026-06-03T10:16:41.093Z"}
{"level":"info","message":"[MTF-CACHE] 15m refresh complete: 37/37 symbols","timestamp":"2026-06-03T10:17:59.361Z"}
{"level":"debug","message":"[RISK-LOOP] checking 1 open position(s)","timestamp":"2026-06-03T10:18:40.641Z"}
{"level":"debug","message":"[LIVE] JUP/USDC: checkRisk price=0.20350000 SL=0.18897720 TP=0.22254800 HWM=0.18860000 entry=0.18860000","timestamp":"2026-06-03T10:18:41.085Z"}
{"level":"debug","message":"[RISK-LOOP] checking 1 open position(s)","timestamp":"2026-06-03T10:20:40.650Z"}
{"level":"debug","message":"[LIVE] JUP/USDC: checkRisk price=0.20350000 SL=0.18897720 TP=0.22254800 HWM=0.18860000 entry=0.18860000","timestamp":"2026-06-03T10:20:41.096Z"}
{"level":"debug","message":"[RISK-LOOP] checking 1 open position(s)","timestamp":"2026-06-03T10:22:40.688Z"}
{"level":"debug","message":"[LIVE] JUP/USDC: checkRisk price=0.20360000 SL=0.18897720 TP=0.22254800 HWM=0.18860000 entry=0.18860000","timestamp":"2026-06-03T10:22:40.954Z"}
{"level":"debug","message":"[RISK-LOOP] checking 1 open position(s)","timestamp":"2026-06-03T10:24:40.650Z"}
{"level":"debug","message":"[LIVE] JUP/USDC: checkRisk price=0.20380000 SL=0.18897720 TP=0.22254800 HWM=0.18860000 entry=0.18860000","timestamp":"2026-06-03T10:24:41.093Z"}
{"level":"debug","message":"[RISK-LOOP] checking 1 open position(s)","timestamp":"2026-06-03T10:26:40.652Z"}
{"level":"debug","message":"[LIVE] JUP/USDC: checkRisk price=0.20410000 SL=0.18897720 TP=0.22254800 HWM=0.18860000 entry=0.18860000","timestamp":"2026-06-03T10:26:41.096Z"}
{"level":"debug","message":"[RISK-LOOP] checking 1 open position(s)","timestamp":"2026-06-03T10:28:40.653Z"}
{"level":"debug","message":"[LIVE] JUP/USDC: checkRisk price=0.20460000 SL=0.18897720 TP=0.22254800 HWM=0.18860000 entry=0.18860000","timestamp":"2026-06-03T10:28:41.096Z"}
{"level":"debug","message":"[RISK-LOOP] checking 1 open position(s)","timestamp":"2026-06-03T10:30:40.655Z"}
{"level":"debug","message":"[LIVE] JUP/USDC: checkRisk price=0.20550000 SL=0.18897720 TP=0.22254800 HWM=0.18860000 entry=0.18860000","timestamp":"2026-06-03T10:30:41.101Z"}
{"level":"debug","message":"[RISK-LOOP] checking 1 open position(s)","timestamp":"2026-06-03T10:32:40.699Z"}
{"level":"debug","message":"[LIVE] JUP/USDC: checkRisk price=0.20520000 SL=0.18897720 TP=0.22254800 HWM=0.18860000 entry=0.18860000","timestamp":"2026-06-03T10:32:40.959Z"}
{"level":"info","message":"[MTF-CACHE] 15m refresh complete: 37/37 symbols","timestamp":"2026-06-03T10:33:00.331Z"}
{"level":"debug","message":"[RISK-LOOP] checking 1 open position(s)","timestamp":"2026-06-03T10:34:40.643Z"}
{"level":"debug","message":"[LIVE] JUP/USDC: checkRisk price=0.20520000 SL=0.18897720 TP=0.22254800 HWM=0.18860000 entry=0.18860000","timestamp":"2026-06-03T10:34:41.087Z"}
{"level":"debug","message":"[RISK-LOOP] checking 1 open position(s)","timestamp":"2026-06-03T10:36:40.663Z"}
{"level":"debug","message":"[LIVE] JUP/USDC: checkRisk price=0.20520000 SL=0.18897720 TP=0.22254800 HWM=0.18860000 entry=0.18860000","timestamp":"2026-06-03T10:36:41.108Z"}
{"level":"debug","message":"[RISK-LOOP] checking 1 open position(s)","timestamp":"2026-06-03T10:38:40.658Z"}
{"level":"debug","message":"[LIVE] JUP/USDC: checkRisk price=0.20660000 SL=0.18897720 TP=0.22254800 HWM=0.18860000 entry=0.18860000","timestamp":"2026-06-03T10:38:41.104Z"}
{"level":"debug","message":"[RISK-LOOP] checking 1 open position(s)","timestamp":"2026-06-03T10:40:40.660Z"}
{"level":"debug","message":"[LIVE] JUP/USDC: checkRisk price=0.20620000 SL=0.18897720 TP=0.22254800 HWM=0.18860000 entry=0.18860000","timestamp":"2026-06-03T10:40:41.108Z"}
{"level":"debug","message":"[RISK-LOOP] checking 1 open position(s)","timestamp":"2026-06-03T10:42:40.711Z"}
{"level":"debug","message":"[LIVE] JUP/USDC: checkRisk price=0.20620000 SL=0.18897720 TP=0.22254800 HWM=0.18860000 entry=0.18860000","timestamp":"2026-06-03T10:42:40.959Z"}
{"level":"debug","message":"[RISK-LOOP] checking 1 open position(s)","timestamp":"2026-06-03T10:44:40.664Z"}
{"level":"debug","message":"[LIVE] JUP/USDC: checkRisk price=0.20630000 SL=0.18897720 TP=0.22254800 HWM=0.18860000 entry=0.18860000","timestamp":"2026-06-03T10:44:41.108Z"}
{"level":"debug","message":"[RISK-LOOP] checking 1 open position(s)","timestamp":"2026-06-03T10:46:40.667Z"}
{"level":"debug","message":"[LIVE] JUP/USDC: checkRisk price=0.20630000 SL=0.18897720 TP=0.22254800 HWM=0.18860000 entry=0.18860000","timestamp":"2026-06-03T10:46:41.117Z"}
{"level":"info","message":"[MTF-CACHE] 15m refresh complete: 37/37 symbols","timestamp":"2026-06-03T10:47:59.346Z"}
{"level":"debug","message":"[RISK-LOOP] checking 1 open position(s)","timestamp":"2026-06-03T10:48:40.664Z"}
{"level":"debug","message":"[LIVE] JUP/USDC: checkRisk price=0.20650000 SL=0.18897720 TP=0.22254800 HWM=0.18860000 entry=0.18860000","timestamp":"2026-06-03T10:48:41.107Z"}
{"level":"debug","message":"[RISK-LOOP] checking 1 open position(s)","timestamp":"2026-06-03T10:50:40.669Z"}
{"level":"debug","message":"[LIVE] JUP/USDC: checkRisk price=0.20730000 SL=0.18897720 TP=0.22254800 HWM=0.18860000 entry=0.18860000","timestamp":"2026-06-03T10:50:41.113Z"}
{"level":"debug","message":"[RISK-LOOP] checking 1 open position(s)","timestamp":"2026-06-03T10:52:40.704Z"}
{"level":"debug","message":"[LIVE] JUP/USDC: checkRisk price=0.20650000 SL=0.18897720 TP=0.22254800 HWM=0.18860000 entry=0.18860000","timestamp":"2026-06-03T10:52:40.960Z"}
{"level":"debug","message":"[RISK-LOOP] checking 1 open position(s)","timestamp":"2026-06-03T10:54:40.666Z"}
{"level":"debug","message":"[LIVE] JUP/USDC: checkRisk price=0.20610000 SL=0.18897720 TP=0.22254800 HWM=0.18860000 entry=0.18860000","timestamp":"2026-06-03T10:54:41.115Z"}
{"level":"debug","message":"[RISK-LOOP] checking 1 open position(s)","timestamp":"2026-06-03T10:56:40.665Z"}
{"level":"debug","message":"[LIVE] JUP/USDC: checkRisk price=0.20660000 SL=0.18897720 TP=0.22254800 HWM=0.18860000 entry=0.18860000","timestamp":"2026-06-03T10:56:41.109Z"}
{"level":"debug","message":"[RISK-LOOP] checking 1 open position(s)","timestamp":"2026-06-03T10:58:40.668Z"}
{"level":"debug","message":"[LIVE] JUP/USDC: checkRisk price=0.20750000 SL=0.18897720 TP=0.22254800 HWM=0.18860000 entry=0.18860000","timestamp":"2026-06-03T10:58:41.111Z"}
{"level":"debug","message":"[RISK-LOOP] checking 1 open position(s)","timestamp":"2026-06-03T11:00:40.672Z"}
{"level":"debug","message":"[LIVE] JUP/USDC: checkRisk price=0.20760000 SL=0.18897720 TP=0.22254800 HWM=0.18860000 entry=0.18860000","timestamp":"2026-06-03T11:00:41.119Z"}
{"level":"debug","message":"[RISK-LOOP] checking 1 open position(s)","timestamp":"2026-06-03T11:02:40.708Z"}
{"level":"debug","message":"[LIVE] JUP/USDC: checkRisk price=0.20770000 SL=0.18897720 TP=0.22254800 HWM=0.18860000 entry=0.18860000","timestamp":"2026-06-03T11:02:40.964Z"}
{"level":"info","message":"[MTF-CACHE] 15m refresh complete: 37/37 symbols","timestamp":"2026-06-03T11:02:59.492Z"}
{"level":"debug","message":"[RISK-LOOP] checking 1 open position(s)","timestamp":"2026-06-03T11:04:40.660Z"}
{"level":"debug","message":"[LIVE] JUP/USDC: checkRisk price=0.20680000 SL=0.18897720 TP=0.22254800 HWM=0.18860000 entry=0.18860000","timestamp":"2026-06-03T11:04:41.109Z"}
{"level":"debug","message":"[RISK-LOOP] checking 1 open position(s)","timestamp":"2026-06-03T11:06:40.669Z"}
{"level":"debug","message":"[LIVE] JUP/USDC: checkRisk price=0.20730000 SL=0.18897720 TP=0.22254800 HWM=0.18860000 entry=0.18860000","timestamp":"2026-06-03T11:06:41.112Z"}
{"level":"debug","message":"[RISK-LOOP] checking 1 open position(s)","timestamp":"2026-06-03T11:08:40.671Z"}
{"level":"debug","message":"[LIVE] JUP/USDC: checkRisk price=0.20730000 SL=0.18897720 TP=0.22254800 HWM=0.18860000 entry=0.18860000","timestamp":"2026-06-03T11:08:41.116Z"}
{"level":"debug","message":"[RISK-LOOP] checking 1 open position(s)","timestamp":"2026-06-03T11:10:40.665Z"}
{"level":"debug","message":"[LIVE] JUP/USDC: checkRisk price=0.20660000 SL=0.18897720 TP=0.22254800 HWM=0.18860000 entry=0.18860000","timestamp":"2026-06-03T11:10:41.109Z"}
{"level":"debug","message":"[RISK-LOOP] checking 1 open position(s)","timestamp":"2026-06-03T11:12:40.673Z"}
{"level":"debug","message":"[LIVE] JUP/USDC: checkRisk price=0.20650000 SL=0.18897720 TP=0.22254800 HWM=0.18860000 entry=0.18860000","timestamp":"2026-06-03T11:12:41.030Z"}
{"level":"debug","message":"[RISK-LOOP] checking 1 open position(s)","timestamp":"2026-06-03T11:14:40.674Z"}
{"level":"debug","message":"[LIVE] JUP/USDC: checkRisk price=0.20650000 SL=0.18897720 TP=0.22254800 HWM=0.18860000 entry=0.18860000","timestamp":"2026-06-03T11:14:41.120Z"}
{"level":"debug","message":"[RISK-LOOP] checking 1 open position(s)","timestamp":"2026-06-03T11:16:40.675Z"}
{"level":"debug","message":"[LIVE] JUP/USDC: checkRisk price=0.20640000 SL=0.18897720 TP=0.22254800 HWM=0.18860000 entry=0.18860000","timestamp":"2026-06-03T11:16:41.119Z"}
{"level":"info","message":"[MTF-CACHE] 15m refresh complete: 37/37 symbols","timestamp":"2026-06-03T11:17:59.993Z"}
{"level":"debug","message":"[RISK-LOOP] checking 1 open position(s)","timestamp":"2026-06-03T11:18:40.674Z"}
{"level":"debug","message":"[LIVE] JUP/USDC: checkRisk price=0.20590000 SL=0.18897720 TP=0.22254800 HWM=0.18860000 entry=0.18860000","timestamp":"2026-06-03T11:18:41.121Z"}
{"level":"debug","message":"[RISK-LOOP] checking 1 open position(s)","timestamp":"2026-06-03T11:20:40.673Z"}
{"level":"debug","message":"[LIVE] JUP/USDC: checkRisk price=0.20620000 SL=0.18897720 TP=0.22254800 HWM=0.18860000 entry=0.18860000","timestamp":"2026-06-03T11:20:41.120Z"}
{"level":"debug","message":"[RISK-LOOP] checking 1 open position(s)","timestamp":"2026-06-03T11:22:40.683Z"}
{"level":"debug","message":"[LIVE] JUP/USDC: checkRisk price=0.20620000 SL=0.18897720 TP=0.22254800 HWM=0.18860000 entry=0.18860000","timestamp":"2026-06-03T11:22:40.967Z"}
{"level":"debug","message":"[RISK-LOOP] checking 1 open position(s)","timestamp":"2026-06-03T11:24:40.676Z"}
{"level":"debug","message":"[LIVE] JUP/USDC: checkRisk price=0.20660000 SL=0.18897720 TP=0.22254800 HWM=0.18860000 entry=0.18860000","timestamp":"2026-06-03T11:24:41.120Z"}
{"level":"debug","message":"[RISK-LOOP] checking 1 open position(s)","timestamp":"2026-06-03T11:26:40.675Z"}
{"level":"debug","message":"[LIVE] JUP/USDC: checkRisk price=0.20680000 SL=0.18897720 TP=0.22254800 HWM=0.18860000 entry=0.18860000","timestamp":"2026-06-03T11:26:41.121Z"}
{"level":"debug","message":"[RISK-LOOP] checking 1 open position(s)","timestamp":"2026-06-03T11:28:40.678Z"}
{"level":"debug","message":"[LIVE] JUP/USDC: checkRisk price=0.20630000 SL=0.18897720 TP=0.22254800 HWM=0.18860000 entry=0.18860000","timestamp":"2026-06-03T11:28:41.127Z"}
{"level":"debug","message":"[RISK-LOOP] checking 1 open position(s)","timestamp":"2026-06-03T11:30:40.676Z"}
{"level":"debug","message":"[LIVE] JUP/USDC: checkRisk price=0.20620000 SL=0.18897720 TP=0.22254800 HWM=0.18860000 entry=0.18860000","timestamp":"2026-06-03T11:30:41.120Z"}
{"level":"debug","message":"[RISK-LOOP] checking 1 open position(s)","timestamp":"2026-06-03T11:32:40.675Z"}
{"level":"debug","message":"[LIVE] JUP/USDC: checkRisk price=0.20620000 SL=0.18897720 TP=0.22254800 HWM=0.18860000 entry=0.18860000","timestamp":"2026-06-03T11:32:41.083Z"}
{"level":"info","message":"[MTF-CACHE] 15m refresh complete: 37/37 symbols","timestamp":"2026-06-03T11:32:59.508Z"}
{"level":"info","message":"[MTF-CACHE] 4h refresh complete: 37/37 symbols","timestamp":"2026-06-03T11:33:00.189Z"}
{"level":"debug","message":"[RISK-LOOP] checking 1 open position(s)","timestamp":"2026-06-03T11:34:40.675Z"}
{"level":"debug","message":"[LIVE] JUP/USDC: checkRisk price=0.20540000 SL=0.18897720 TP=0.22254800 HWM=0.18860000 entry=0.18860000","timestamp":"2026-06-03T11:34:41.114Z"}
{"level":"debug","message":"[RISK-LOOP] checking 1 open position(s)","timestamp":"2026-06-03T11:36:40.677Z"}
{"level":"debug","message":"[LIVE] JUP/USDC: checkRisk price=0.20470000 SL=0.18897720 TP=0.22254800 HWM=0.18860000 entry=0.18860000","timestamp":"2026-06-03T11:36:41.121Z"}
{"level":"debug","message":"[RISK-LOOP] checking 1 open position(s)","timestamp":"2026-06-03T11:38:40.674Z"}
{"level":"debug","message":"[LIVE] JUP/USDC: checkRisk price=0.20470000 SL=0.18897720 TP=0.22254800 HWM=0.18860000 entry=0.18860000","timestamp":"2026-06-03T11:38:41.117Z"}
{"level":"debug","message":"[RISK-LOOP] checking 1 open position(s)","timestamp":"2026-06-03T11:40:40.690Z"}
{"level":"debug","message":"[LIVE] JUP/USDC: checkRisk price=0.20440000 SL=0.18897720 TP=0.22254800 HWM=0.18860000 entry=0.18860000","timestamp":"2026-06-03T11:40:41.133Z"}
{"level":"debug","message":"[RISK-LOOP] checking 1 open position(s)","timestamp":"2026-06-03T11:42:40.801Z"}
{"level":"debug","message":"[LIVE] JUP/USDC: checkRisk price=0.20450000 SL=0.18897720 TP=0.22254800 HWM=0.18860000 entry=0.18860000","timestamp":"2026-06-03T11:42:41.143Z"}
{"level":"debug","message":"[RISK-LOOP] checking 1 open position(s)","timestamp":"2026-06-03T11:44:40.805Z"}
{"level":"debug","message":"[LIVE] JUP/USDC: checkRisk price=0.20530000 SL=0.18897720 TP=0.22254800 HWM=0.18860000 entry=0.18860000","timestamp":"2026-06-03T11:44:41.252Z"}
{"level":"debug","message":"[RISK-LOOP] checking 1 open position(s)","timestamp":"2026-06-03T11:46:40.850Z"}
{"level":"debug","message":"[LIVE] JUP/USDC: checkRisk price=0.20420000 SL=0.18897720 TP=0.22254800 HWM=0.18860000 entry=0.18860000","timestamp":"2026-06-03T11:46:41.294Z"}
{"level":"info","message":"[MTF-CACHE] 15m refresh complete: 37/37 symbols","timestamp":"2026-06-03T11:47:59.377Z"}
{"level":"debug","message":"[RISK-LOOP] checking 1 open position(s)","timestamp":"2026-06-03T11:48:40.854Z"}
{"level":"debug","message":"[LIVE] JUP/USDC: checkRisk price=0.20420000 SL=0.18897720 TP=0.22254800 HWM=0.18860000 entry=0.18860000","timestamp":"2026-06-03T11:48:41.117Z"}
{"level":"debug","message":"[RISK-LOOP] checking 1 open position(s)","timestamp":"2026-06-03T11:50:40.856Z"}
{"level":"debug","message":"[LIVE] JUP/USDC: checkRisk price=0.20360000 SL=0.18897720 TP=0.22254800 HWM=0.18860000 entry=0.18860000","timestamp":"2026-06-03T11:50:41.124Z"}
{"level":"debug","message":"[RISK-LOOP] checking 1 open position(s)","timestamp":"2026-06-03T11:52:40.858Z"}
{"level":"debug","message":"[LIVE] JUP/USDC: checkRisk price=0.20350000 SL=0.18897720 TP=0.22254800 HWM=0.18860000 entry=0.18860000","timestamp":"2026-06-03T11:52:41.122Z"}
{"level":"debug","message":"[RISK-LOOP] checking 1 open position(s)","timestamp":"2026-06-03T11:54:40.853Z"}
{"level":"debug","message":"[LIVE] JUP/USDC: checkRisk price=0.20420000 SL=0.18897720 TP=0.22254800 HWM=0.18860000 entry=0.18860000","timestamp":"2026-06-03T11:54:41.111Z"}
{"level":"debug","message":"[RISK-LOOP] checking 1 open position(s)","timestamp":"2026-06-03T11:56:40.664Z"}
{"level":"debug","message":"[LIVE] JUP/USDC: checkRisk price=0.20470000 SL=0.18897720 TP=0.22254800 HWM=0.18860000 entry=0.18860000","timestamp":"2026-06-03T11:56:41.114Z"}
{"level":"debug","message":"[RISK-LOOP] checking 1 open position(s)","timestamp":"2026-06-03T11:58:40.676Z"}
{"level":"debug","message":"[LIVE] JUP/USDC: checkRisk price=0.20500000 SL=0.18897720 TP=0.22254800 HWM=0.18860000 entry=0.18860000","timestamp":"2026-06-03T11:58:41.148Z"}
{"level":"debug","message":"[CYCLE] ATR sizing: medianATRPct=3.68% (37 symbols)","timestamp":"2026-06-03T12:00:19.242Z"}
{"level":"debug","message":"[CYCLE] BTC macro: bull=false EMA200","timestamp":"2026-06-03T12:00:19.244Z"}
{"level":"debug","message":"[CYCLE] BTC/USDC: starting cycle, candles=736 lastClose=67003.90000000 lastTs=2026-06-03T12:00:00.000Z","timestamp":"2026-06-03T12:00:19.515Z"}
{"level":"debug","message":"[AGG] BTC/USDC: strategy[0]=unknown → HOLD conf=0.20 \"No EMA crossover (fast 71905.0749 vs slow 73845.6767)\"","timestamp":"2026-06-03T12:00:19.519Z"}
{"level":"debug","message":"[AGG] BTC/USDC: strategy[1]=unknown → HOLD conf=0.10 \"PSAR downtrend continues (SAR 73820.1954)\"","timestamp":"2026-06-03T12:00:19.519Z"}
{"level":"debug","message":"[AGG] BTC/USDC: strategy[2]=unknown → HOLD conf=0.15 \"HA bearish continuation\"","timestamp":"2026-06-03T12:00:19.519Z"}
{"level":"debug","message":"[AGG] BTC/USDC: votes BUY=0.00 SELL=0.00 HOLD=3.00 total_weight=0.00 external=0","timestamp":"2026-06-03T12:00:19.519Z"}
{"level":"debug","message":"[AGG] BTC/USDC: decision=HOLD confidence=0.00 tie=false belowMin=true (minConf=0.55)","timestamp":"2026-06-03T12:00:19.519Z"}
{"level":"debug","message":"[CYCLE] XRP/USDC: starting cycle, candles=736 lastClose=1.23570000 lastTs=2026-06-03T12:00:00.000Z","timestamp":"2026-06-03T12:00:19.537Z"}
{"level":"debug","message":"[AGG] XRP/USDC: strategy[0]=unknown → BUY conf=0.78 \"Price 1.2109 ≤ lower BB 1.2487 (bw 10.4%)\"","timestamp":"2026-06-03T12:00:19.564Z"}
{"level":"debug","message":"[AGG] XRP/USDC: strategy[1]=unknown → HOLD conf=0.20 \"Stoch K=0.2 D=9.9 — no crossover in extreme zone\"","timestamp":"2026-06-03T12:00:19.564Z"}
{"level":"debug","message":"[AGG] XRP/USDC: strategy[2]=unknown → HOLD conf=0.20 \"No EMA crossover (fast 1.2957 vs slow 1.3229)\"","timestamp":"2026-06-03T12:00:19.564Z"}
{"level":"debug","message":"[AGG] XRP/USDC: votes BUY=1.00 SELL=0.00 HOLD=2.00 total_weight=1.00 external=0","timestamp":"2026-06-03T12:00:19.564Z"}
{"level":"debug","message":"[AGG] XRP/USDC: decision=HOLD confidence=2.00 tie=false belowMin=false (minConf=0.55)","timestamp":"2026-06-03T12:00:19.564Z"}
{"level":"debug","message":"[CYCLE] LINK/USDC: starting cycle, candles=736 lastClose=8.52700000 lastTs=2026-06-03T12:00:00.000Z","timestamp":"2026-06-03T12:00:19.597Z"}
{"level":"debug","message":"[AGG] LINK/USDC: strategy[0]=unknown → BUY conf=0.68 \"Price 8.3670 ≤ lower BB 8.5660 (bw 12.2%)\"","timestamp":"2026-06-03T12:00:19.609Z"}
{"level":"debug","message":"[AGG] LINK/USDC: strategy[1]=unknown → HOLD conf=0.20 \"Stoch K=0.1 D=13.3 — no crossover in extreme zone\"","timestamp":"2026-06-03T12:00:19.609Z"}
{"level":"debug","message":"[AGG] LINK/USDC: strategy[2]=unknown → HOLD conf=0.10 \"Supertrend downtrend continues (ST 9.1128)\"","timestamp":"2026-06-03T12:00:19.609Z"}
{"level":"debug","message":"[AGG] LINK/USDC: votes BUY=1.00 SELL=0.00 HOLD=2.00 total_weight=1.00 external=0","timestamp":"2026-06-03T12:00:19.609Z"}
{"level":"debug","message":"[AGG] LINK/USDC: decision=HOLD confidence=2.00 tie=false belowMin=false (minConf=0.7)","timestamp":"2026-06-03T12:00:19.609Z"}
{"level":"debug","message":"[CYCLE] BNB/USDC: starting cycle, candles=736 lastClose=636.67000000 lastTs=2026-06-03T12:00:00.000Z","timestamp":"2026-06-03T12:00:19.612Z"}
{"level":"debug","message":"[AGG] BNB/USDC: strategy[0]=unknown → HOLD conf=0.51 \"%R -81.1 oversold — still falling, wait\"","timestamp":"2026-06-03T12:00:19.614Z"}
{"level":"debug","message":"[AGG] BNB/USDC: strategy[1]=unknown → HOLD conf=0.15 \"HA bearish continuation\"","timestamp":"2026-06-03T12:00:19.615Z"}
{"level":"debug","message":"[AGG] BNB/USDC: strategy[2]=unknown → SELL conf=0.62 \"Resistance 653.4000 (3×)\"","timestamp":"2026-06-03T12:00:19.615Z"}
{"level":"debug","message":"[AGG] BNB/USDC: votes BUY=0.00 SELL=1.00 HOLD=2.00 total_weight=1.00 external=0","timestamp":"2026-06-03T12:00:19.615Z"}
{"level":"debug","message":"[AGG] BNB/USDC: decision=HOLD confidence=2.00 tie=false belowMin=false (minConf=0.55)","timestamp":"2026-06-03T12:00:19.615Z"}
{"level":"debug","message":"[CYCLE] LTC/USDC: starting cycle, candles=736 lastClose=48.17000000 lastTs=2026-06-03T12:00:00.000Z","timestamp":"2026-06-03T12:00:19.624Z"}
{"level":"debug","message":"[AGG] LTC/USDC: strategy[0]=unknown → BUY conf=0.86 \"Price 46.8600 ≤ lower BB 48.8112 (bw 10.5%)\"","timestamp":"2026-06-03T12:00:19.631Z"}
{"level":"debug","message":"[AGG] LTC/USDC: strategy[1]=unknown → HOLD conf=0.20 \"No EMA crossover (fast 50.6379 vs slow 51.8731)\"","timestamp":"2026-06-03T12:00:19.631Z"}
{"level":"debug","message":"[AGG] LTC/USDC: strategy[2]=unknown → HOLD conf=0.60 \"%R -100.0 oversold — still falling, wait\"","timestamp":"2026-06-03T12:00:19.631Z"}
{"level":"debug","message":"[AGG] LTC/USDC: votes BUY=1.00 SELL=0.00 HOLD=2.00 total_weight=1.00 external=0","timestamp":"2026-06-03T12:00:19.631Z"}
{"level":"debug","message":"[AGG] LTC/USDC: decision=HOLD confidence=2.00 tie=false belowMin=false (minConf=0.55)","timestamp":"2026-06-03T12:00:19.632Z"}
{"level":"debug","message":"[CYCLE] NEAR/USDC: starting cycle, candles=736 lastClose=2.93000000 lastTs=2026-06-03T12:00:00.000Z","timestamp":"2026-06-03T12:00:19.647Z"}
{"level":"debug","message":"[AGG] NEAR/USDC: strategy[0]=unknown → HOLD conf=0.20 \"RSI 64.0 neutral\"","timestamp":"2026-06-03T12:00:19.654Z"}
{"level":"debug","message":"[AGG] NEAR/USDC: strategy[1]=unknown → HOLD conf=0.20 \"Price 2.6260 inside BB [2.1397–2.8026]\"","timestamp":"2026-06-03T12:00:19.655Z"}
{"level":"debug","message":"[AGG] NEAR/USDC: strategy[2]=unknown → HOLD conf=0.20 \"Stoch K=79.3 D=75.6 — no crossover in extreme zone\"","timestamp":"2026-06-03T12:00:19.655Z"}
{"level":"debug","message":"[AGG] NEAR/USDC: strategy[3]=unknown → HOLD conf=0.10 \"No significant S/R zone nearby\"","timestamp":"2026-06-03T12:00:19.655Z"}
{"level":"debug","message":"[AGG] NEAR/USDC: votes BUY=0.00 SELL=0.00 HOLD=4.00 total_weight=0.00 external=0","timestamp":"2026-06-03T12:00:19.655Z"}
{"level":"debug","message":"[AGG] NEAR/USDC: decision=HOLD confidence=0.00 tie=false belowMin=true (minConf=0.7)","timestamp":"2026-06-03T12:00:19.655Z"}
{"level":"debug","message":"[CYCLE] TRX/USDC: starting cycle, candles=736 lastClose=0.33180000 lastTs=2026-06-03T12:00:00.000Z","timestamp":"2026-06-03T12:00:19.663Z"}
{"level":"debug","message":"[AGG] TRX/USDC: strategy[0]=unknown → HOLD conf=0.64 \"CCI -135.0 oversold — still falling, wait\"","timestamp":"2026-06-03T12:00:19.679Z"}
{"level":"debug","message":"[AGG] TRX/USDC: strategy[1]=unknown → HOLD conf=0.20 \"Stoch K=0.2 D=6.2 — no crossover in extreme zone\"","timestamp":"2026-06-03T12:00:19.680Z"}
{"level":"debug","message":"[AGG] TRX/USDC: strategy[2]=unknown → HOLD conf=0.20 \"StochRSI K=0.0 D=6.0 — no extreme crossover\"","timestamp":"2026-06-03T12:00:19.680Z"}
{"level":"debug","message":"[AGG] TRX/USDC: votes BUY=0.00 SELL=0.00 HOLD=3.00 total_weight=0.00 external=0","timestamp":"2026-06-03T12:00:19.680Z"}
{"level":"debug","message":"[AGG] TRX/USDC: decision=HOLD confidence=0.00 tie=false belowMin=true (minConf=0.7)","timestamp":"2026-06-03T12:00:19.680Z"}
{"level":"debug","message":"[CYCLE] BCH/USDC: starting cycle, candles=736 lastClose=248.90000000 lastTs=2026-06-03T12:00:00.000Z","timestamp":"2026-06-03T12:00:19.692Z"}
{"level":"debug","message":"[AGG] BCH/USDC: strategy[0]=unknown → HOLD conf=0.20 \"Price 269.3000 inside BB [260.6948–364.6052]\"","timestamp":"2026-06-03T12:00:19.700Z"}
{"level":"debug","message":"[AGG] BCH/USDC: strategy[1]=unknown → HOLD conf=0.20 \"OBV below EMA-20 — no cross\"","timestamp":"2026-06-03T12:00:19.700Z"}
{"level":"debug","message":"[AGG] BCH/USDC: strategy[2]=unknown → HOLD conf=0.59 \"%R -99.0 oversold — still falling, wait\"","timestamp":"2026-06-03T12:00:19.700Z"}
{"level":"debug","message":"[AGG] BCH/USDC: votes BUY=0.00 SELL=0.00 HOLD=3.00 total_weight=0.00 external=0","timestamp":"2026-06-03T12:00:19.700Z"}
{"level":"debug","message":"[AGG] BCH/USDC: decision=HOLD confidence=0.00 tie=false belowMin=true (minConf=0.55)","timestamp":"2026-06-03T12:00:19.700Z"}
{"level":"debug","message":"[CYCLE] ACH/USDC: starting cycle, candles=736 lastClose=0.00605000 lastTs=2026-06-03T12:00:00.000Z","timestamp":"2026-06-03T12:00:19.705Z"}
{"level":"debug","message":"[AGG] ACH/USDC: strategy[0]=unknown → HOLD conf=0.51 \"RSI 29.4 oversold — still falling, wait\"","timestamp":"2026-06-03T12:00:19.721Z"}
{"level":"debug","message":"[AGG] ACH/USDC: strategy[1]=unknown → BUY conf=0.68 \"Price 0.0058 ≤ lower BB 0.0059 (bw 11.3%)\"","timestamp":"2026-06-03T12:00:19.721Z"}
{"level":"debug","message":"[AGG] ACH/USDC: strategy[2]=unknown → HOLD conf=0.90 \"CCI -255.4 oversold — still falling, wait\"","timestamp":"2026-06-03T12:00:19.721Z"}
{"level":"debug","message":"[AGG] ACH/USDC: votes BUY=1.00 SELL=0.00 HOLD=2.00 total_weight=1.00 external=0","timestamp":"2026-06-03T12:00:19.721Z"}
{"level":"debug","message":"[AGG] ACH/USDC: decision=HOLD confidence=2.00 tie=false belowMin=false (minConf=0.7)","timestamp":"2026-06-03T12:00:19.721Z"}
{"level":"debug","message":"[CYCLE] CRV/USDC: starting cycle, candles=736 lastClose=0.20850000 lastTs=2026-06-03T12:00:00.000Z","timestamp":"2026-06-03T12:00:19.736Z"}
{"level":"debug","message":"[AGG] CRV/USDC: strategy[0]=unknown → SELL conf=0.70 \"ADX 30.0 downtrend (-DI 34.9 > +DI 12.1)\"","timestamp":"2026-06-03T12:00:19.747Z"}
{"level":"debug","message":"[AGG] CRV/USDC: strategy[1]=unknown → HOLD conf=0.20 \"StochRSI K=0.0 D=46.9 — no extreme crossover\"","timestamp":"2026-06-03T12:00:19.747Z"}
{"level":"debug","message":"[AGG] CRV/USDC: strategy[2]=unknown → HOLD conf=0.10 \"No significant S/R zone nearby\"","timestamp":"2026-06-03T12:00:19.747Z"}
{"level":"debug","message":"[AGG] CRV/USDC: votes BUY=0.00 SELL=1.00 HOLD=2.00 total_weight=1.00 external=0","timestamp":"2026-06-03T12:00:19.747Z"}
{"level":"debug","message":"[AGG] CRV/USDC: decision=HOLD confidence=2.00 tie=false belowMin=false (minConf=0.55)","timestamp":"2026-06-03T12:00:19.747Z"}
{"level":"debug","message":"[CYCLE] ENS/USDC: starting cycle, candles=736 lastClose=5.59000000 lastTs=2026-06-03T12:00:00.000Z","timestamp":"2026-06-03T12:00:19.757Z"}
{"level":"debug","message":"[AGG] ENS/USDC: strategy[0]=unknown → BUY conf=0.53 \"Price 5.4000 ≤ lower BB 5.4342 (bw 16.9%)\"","timestamp":"2026-06-03T12:00:19.760Z"}
{"level":"debug","message":"[AGG] ENS/USDC: strategy[1]=unknown → HOLD conf=0.10 \"PSAR downtrend continues (SAR 6.2580)\"","timestamp":"2026-06-03T12:00:19.760Z"}
{"level":"debug","message":"[AGG] ENS/USDC: strategy[2]=unknown → BUY conf=0.62 \"Support 5.4067 (3×)\"","timestamp":"2026-06-03T12:00:19.760Z"}
{"level":"debug","message":"[AGG] ENS/USDC: votes BUY=2.00 SELL=0.00 HOLD=1.00 total_weight=2.00 external=0","timestamp":"2026-06-03T12:00:19.761Z"}
{"level":"debug","message":"[AGG] ENS/USDC: decision=BUY confidence=1.00 tie=false","timestamp":"2026-06-03T12:00:19.761Z"}
{"level":"debug","message":"[CYCLE] GMX/USDC: starting cycle, candles=736 lastClose=6.38000000 lastTs=2026-06-03T12:00:00.000Z","timestamp":"2026-06-03T12:00:19.768Z"}
{"level":"debug","message":"[AGG] GMX/USDC: strategy[0]=unknown → HOLD conf=0.20 \"RSI 39.0 neutral\"","timestamp":"2026-06-03T12:00:19.771Z"}
{"level":"debug","message":"[AGG] GMX/USDC: strategy[1]=unknown → HOLD conf=0.20 \"Price 6.1700 inside BB [6.0524–6.9546]\"","timestamp":"2026-06-03T12:00:19.772Z"}
{"level":"debug","message":"[AGG] GMX/USDC: strategy[2]=unknown → HOLD conf=0.57 \"CCI -118.0 oversold — still falling, wait\"","timestamp":"2026-06-03T12:00:19.772Z"}
{"level":"debug","message":"[AGG] GMX/USDC: votes BUY=0.00 SELL=0.00 HOLD=3.00 total_weight=0.00 external=0","timestamp":"2026-06-03T12:00:19.772Z"}
{"level":"debug","message":"[AGG] GMX/USDC: decision=HOLD confidence=0.00 tie=false belowMin=true (minConf=0.7)","timestamp":"2026-06-03T12:00:19.772Z"}
{"level":"debug","message":"[CYCLE] LDO/USDC: starting cycle, candles=736 lastClose=0.31170000 lastTs=2026-06-03T12:00:00.000Z","timestamp":"2026-06-03T12:00:19.776Z"}
{"level":"debug","message":"[AGG] LDO/USDC: strategy[0]=unknown → HOLD conf=0.20 \"MACD -0.0097 vs signal -0.0099 hist:0.0001\"","timestamp":"2026-06-03T12:00:19.781Z"}
{"level":"debug","message":"[AGG] LDO/USDC: strategy[1]=unknown → SELL conf=0.67 \"ADX 27.2 downtrend (-DI 37.1 > +DI 15.7)\"","timestamp":"2026-06-03T12:00:19.781Z"}
{"level":"debug","message":"[AGG] LDO/USDC: strategy[2]=unknown → HOLD conf=0.60 \"%R -100.0 oversold — still falling, wait\"","timestamp":"2026-06-03T12:00:19.781Z"}
{"level":"debug","message":"[AGG] LDO/USDC: votes BUY=0.00 SELL=1.00 HOLD=2.00 total_weight=1.00 external=0","timestamp":"2026-06-03T12:00:19.781Z"}
{"level":"debug","message":"[AGG] LDO/USDC: decision=HOLD confidence=2.00 tie=false belowMin=false (minConf=0.55)","timestamp":"2026-06-03T12:00:19.781Z"}
{"level":"debug","message":"[CYCLE] LSK/USDC: starting cycle, candles=396 lastClose=0.11000000 lastTs=2026-06-03T12:00:00.000Z","timestamp":"2026-06-03T12:00:19.814Z"}
{"level":"debug","message":"[AGG] LSK/USDC: strategy[0]=unknown → HOLD conf=0.20 \"MACD -0.0029 vs signal -0.0030 hist:0.0000\"","timestamp":"2026-06-03T12:00:19.818Z"}
{"level":"debug","message":"[AGG] LSK/USDC: strategy[1]=unknown → HOLD conf=0.20 \"MFI 49.0 neutral\"","timestamp":"2026-06-03T12:00:19.818Z"}
{"level":"debug","message":"[AGG] LSK/USDC: strategy[2]=unknown → SELL conf=0.85 \"PSAR flipped bearish ↓ — SAR 0.1190 now above price 0.1060\"","timestamp":"2026-06-03T12:00:19.818Z"}
{"level":"debug","message":"[AGG] LSK/USDC: votes BUY=0.00 SELL=1.00 HOLD=2.00 total_weight=1.00 external=0","timestamp":"2026-06-03T12:00:19.818Z"}
{"level":"debug","message":"[AGG] LSK/USDC: decision=HOLD confidence=2.00 tie=false belowMin=false (minConf=0.55)","timestamp":"2026-06-03T12:00:19.818Z"}
{"level":"debug","message":"[CYCLE] JTO/USDC: starting cycle, candles=736 lastClose=0.63570000 lastTs=2026-06-03T12:00:00.000Z","timestamp":"2026-06-03T12:00:19.819Z"}
{"level":"debug","message":"[AGG] JTO/USDC: strategy[0]=unknown → HOLD conf=0.20 \"CCI 83.7 neutral\"","timestamp":"2026-06-03T12:00:19.832Z"}
{"level":"debug","message":"[AGG] JTO/USDC: strategy[1]=unknown → HOLD conf=0.10 \"PSAR uptrend continues (SAR 0.4705)\"","timestamp":"2026-06-03T12:00:19.832Z"}
{"level":"debug","message":"[AGG] JTO/USDC: strategy[2]=unknown → HOLD conf=0.10 \"No significant S/R zone nearby\"","timestamp":"2026-06-03T12:00:19.832Z"}
{"level":"debug","message":"[AGG] JTO/USDC: votes BUY=0.00 SELL=0.00 HOLD=3.00 total_weight=0.00 external=0","timestamp":"2026-06-03T12:00:19.832Z"}
{"level":"debug","message":"[AGG] JTO/USDC: decision=HOLD confidence=0.00 tie=false belowMin=true (minConf=0.55)","timestamp":"2026-06-03T12:00:19.832Z"}
{"level":"debug","message":"[CYCLE] MANTA/USDC: starting cycle, candles=736 lastClose=0.07711000 lastTs=2026-06-03T12:00:00.000Z","timestamp":"2026-06-03T12:00:19.838Z"}
{"level":"debug","message":"[AGG] MANTA/USDC: strategy[0]=unknown → HOLD conf=0.20 \"RSI 42.6 neutral\"","timestamp":"2026-06-03T12:00:19.844Z"}
{"level":"debug","message":"[AGG] MANTA/USDC: strategy[1]=unknown → HOLD conf=0.20 \"Price 0.0735 inside BB [0.0729–0.0815]\"","timestamp":"2026-06-03T12:00:19.844Z"}
{"level":"debug","message":"[AGG] MANTA/USDC: strategy[2]=unknown → HOLD conf=0.65 \"CCI -138.2 oversold — still falling, wait\"","timestamp":"2026-06-03T12:00:19.844Z"}
{"level":"debug","message":"[AGG] MANTA/USDC: votes BUY=0.00 SELL=0.00 HOLD=3.00 total_weight=0.00 external=0","timestamp":"2026-06-03T12:00:19.844Z"}
{"level":"debug","message":"[AGG] MANTA/USDC: decision=HOLD confidence=0.00 tie=false belowMin=true (minConf=0.7)","timestamp":"2026-06-03T12:00:19.844Z"}
{"level":"debug","message":"[CYCLE] PIXEL/USDC: starting cycle, candles=736 lastClose=0.00689000 lastTs=2026-06-03T12:00:00.000Z","timestamp":"2026-06-03T12:00:19.857Z"}
{"level":"debug","message":"[AGG] PIXEL/USDC: strategy[0]=unknown → HOLD conf=0.20 \"No EMA crossover (fast 0.0069 vs slow 0.0069)\"","timestamp":"2026-06-03T12:00:19.862Z"}
{"level":"debug","message":"[AGG] PIXEL/USDC: strategy[1]=unknown → HOLD conf=0.10 \"ADX 17.9 < 20 — ranging, skip\"","timestamp":"2026-06-03T12:00:19.862Z"}
{"level":"debug","message":"[AGG] PIXEL/USDC: strategy[2]=unknown → HOLD conf=0.10 \"No significant S/R zone nearby\"","timestamp":"2026-06-03T12:00:19.863Z"}
{"level":"debug","message":"[AGG] PIXEL/USDC: votes BUY=0.00 SELL=0.00 HOLD=3.00 total_weight=0.00 external=0","timestamp":"2026-06-03T12:00:19.863Z"}
{"level":"debug","message":"[AGG] PIXEL/USDC: decision=HOLD confidence=0.00 tie=false belowMin=true (minConf=0.55)","timestamp":"2026-06-03T12:00:19.863Z"}
{"level":"debug","message":"[CYCLE] PAXG/USDC: starting cycle, candles=736 lastClose=4455.49000000 lastTs=2026-06-03T12:00:00.000Z","timestamp":"2026-06-03T12:00:19.871Z"}
{"level":"debug","message":"[AGG] PAXG/USDC: strategy[0]=unknown → HOLD conf=0.20 \"MACD -13.4156 vs signal -15.1715 hist:1.7559\"","timestamp":"2026-06-03T12:00:19.874Z"}
{"level":"debug","message":"[AGG] PAXG/USDC: strategy[1]=unknown → HOLD conf=0.10 \"ADX 17.1 < 20 — ranging, skip\"","timestamp":"2026-06-03T12:00:19.874Z"}
{"level":"debug","message":"[AGG] PAXG/USDC: strategy[2]=unknown → HOLD conf=0.10 \"Supertrend downtrend continues (ST 4568.4891)\"","timestamp":"2026-06-03T12:00:19.874Z"}
{"level":"debug","message":"[AGG] PAXG/USDC: votes BUY=0.00 SELL=0.00 HOLD=3.00 total_weight=0.00 external=0","timestamp":"2026-06-03T12:00:19.874Z"}
{"level":"debug","message":"[AGG] PAXG/USDC: decision=HOLD confidence=0.00 tie=false belowMin=true (minConf=0.55)","timestamp":"2026-06-03T12:00:19.874Z"}
{"level":"debug","message":"[CYCLE] SUI/USDC: starting cycle, candles=736 lastClose=0.82820000 lastTs=2026-06-03T12:00:00.000Z","timestamp":"2026-06-03T12:00:19.881Z"}
{"level":"debug","message":"[AGG] SUI/USDC: strategy[0]=unknown → HOLD conf=0.61 \"RSI 22.1 oversold — still falling, wait\"","timestamp":"2026-06-03T12:00:19.889Z"}
{"level":"debug","message":"[AGG] SUI/USDC: strategy[1]=unknown → HOLD conf=0.20 \"Stoch K=0.2 D=4.9 — no crossover in extreme zone\"","timestamp":"2026-06-03T12:00:19.889Z"}
{"level":"debug","message":"[AGG] SUI/USDC: strategy[2]=unknown → BUY conf=0.75 \"MFI 12.6 oversold ↑ volume reversal confirmed\"","timestamp":"2026-06-03T12:00:19.889Z"}
{"level":"debug","message":"[AGG] SUI/USDC: votes BUY=1.00 SELL=0.00 HOLD=2.00 total_weight=1.00 external=0","timestamp":"2026-06-03T12:00:19.889Z"}
{"level":"debug","message":"[AGG] SUI/USDC: decision=HOLD confidence=2.00 tie=false belowMin=false (minConf=0.7)","timestamp":"2026-06-03T12:00:19.889Z"}
{"level":"debug","message":"[CYCLE] THETA/USDC: starting cycle, candles=736 lastClose=0.18600000 lastTs=2026-06-03T12:00:00.000Z","timestamp":"2026-06-03T12:00:19.897Z"}
{"level":"debug","message":"[AGG] THETA/USDC: strategy[0]=unknown → HOLD conf=0.20 \"RSI 38.1 neutral\"","timestamp":"2026-06-03T12:00:19.900Z"}
{"level":"debug","message":"[AGG] THETA/USDC: strategy[1]=unknown → HOLD conf=0.76 \"CCI -164.7 oversold — still falling, wait\"","timestamp":"2026-06-03T12:00:19.900Z"}
{"level":"debug","message":"[AGG] THETA/USDC: strategy[2]=unknown → HOLD conf=0.20 \"OBV below EMA-20 — no cross\"","timestamp":"2026-06-03T12:00:19.900Z"}
{"level":"debug","message":"[AGG] THETA/USDC: votes BUY=0.00 SELL=0.00 HOLD=3.00 total_weight=0.00 external=0","timestamp":"2026-06-03T12:00:19.900Z"}
{"level":"debug","message":"[AGG] THETA/USDC: decision=HOLD confidence=0.00 tie=false belowMin=true (minConf=0.55)","timestamp":"2026-06-03T12:00:19.901Z"}
{"level":"debug","message":"[CYCLE] TIA/USDC: starting cycle, candles=736 lastClose=0.38240000 lastTs=2026-06-03T12:00:00.000Z","timestamp":"2026-06-03T12:00:19.929Z"}
{"level":"debug","message":"[AGG] TIA/USDC: strategy[0]=unknown → HOLD conf=0.77 \"CCI -168.6 oversold — still falling, wait\"","timestamp":"2026-06-03T12:00:19.931Z"}
{"level":"debug","message":"[AGG] TIA/USDC: strategy[1]=unknown → HOLD conf=0.20 \"MACD -0.0110 vs signal -0.0054 hist:-0.0056\"","timestamp":"2026-06-03T12:00:19.931Z"}
{"level":"debug","message":"[AGG] TIA/USDC: strategy[2]=unknown → HOLD conf=0.15 \"HA bearish continuation\"","timestamp":"2026-06-03T12:00:19.931Z"}
{"level":"debug","message":"[AGG] TIA/USDC: votes BUY=0.00 SELL=0.00 HOLD=3.00 total_weight=0.00 external=0","timestamp":"2026-06-03T12:00:19.931Z"}
{"level":"debug","message":"[AGG] TIA/USDC: decision=HOLD confidence=0.00 tie=false belowMin=true (minConf=0.55)","timestamp":"2026-06-03T12:00:19.931Z"}
{"level":"debug","message":"[CYCLE] VANRY/USDC: starting cycle, candles=736 lastClose=0.00435300 lastTs=2026-06-03T12:00:00.000Z","timestamp":"2026-06-03T12:00:19.937Z"}
{"level":"debug","message":"[AGG] VANRY/USDC: strategy[0]=unknown → HOLD conf=0.20 \"No EMA crossover (fast 0.0045 vs slow 0.0047)\"","timestamp":"2026-06-03T12:00:19.940Z"}
{"level":"debug","message":"[AGG] VANRY/USDC: strategy[1]=unknown → HOLD conf=0.20 \"MACD -0.0002 vs signal -0.0002 hist:0.0000\"","timestamp":"2026-06-03T12:00:19.940Z"}
{"level":"debug","message":"[AGG] VANRY/USDC: strategy[2]=unknown → SELL conf=0.70 \"ADX 28.8 downtrend (-DI 29.7 > +DI 12.0)\"","timestamp":"2026-06-03T12:00:19.940Z"}
{"level":"debug","message":"[AGG] VANRY/USDC: votes BUY=0.00 SELL=1.00 HOLD=2.00 total_weight=1.00 external=0","timestamp":"2026-06-03T12:00:19.940Z"}
{"level":"debug","message":"[AGG] VANRY/USDC: decision=HOLD confidence=2.00 tie=false belowMin=false (minConf=0.55)","timestamp":"2026-06-03T12:00:19.940Z"}
{"level":"debug","message":"[CYCLE] ADA/USDC: starting cycle, candles=736 lastClose=0.21590000 lastTs=2026-06-03T12:00:00.000Z","timestamp":"2026-06-03T12:00:19.977Z"}
{"level":"debug","message":"[AGG] ADA/USDC: strategy[0]=unknown → HOLD conf=0.60 \"RSI 22.1 oversold — still falling, wait\"","timestamp":"2026-06-03T12:00:19.983Z"}
{"level":"debug","message":"[AGG] ADA/USDC: strategy[1]=unknown → BUY conf=0.74 \"Price 0.2128 ≤ lower BB 0.2200 (bw 12.5%)\"","timestamp":"2026-06-03T12:00:19.983Z"}
{"level":"debug","message":"[AGG] ADA/USDC: strategy[2]=unknown → HOLD conf=0.90 \"CCI -287.8 oversold — still falling, wait\"","timestamp":"2026-06-03T12:00:19.983Z"}
{"level":"debug","message":"[AGG] ADA/USDC: votes BUY=1.00 SELL=0.00 HOLD=2.00 total_weight=1.00 external=0","timestamp":"2026-06-03T12:00:19.983Z"}
{"level":"debug","message":"[AGG] ADA/USDC: decision=HOLD confidence=2.00 tie=false belowMin=false (minConf=0.55)","timestamp":"2026-06-03T12:00:19.983Z"}
{"level":"debug","message":"[CYCLE] SOL/USDC: starting cycle, candles=736 lastClose=75.04000000 lastTs=2026-06-03T12:00:00.000Z","timestamp":"2026-06-03T12:00:19.992Z"}
{"level":"debug","message":"[AGG] SOL/USDC: strategy[0]=unknown → BUY conf=0.80 \"Price 74.1200 ≤ lower BB 77.1309 (bw 12.2%)\"","timestamp":"2026-06-03T12:00:19.996Z"}
{"level":"debug","message":"[AGG] SOL/USDC: strategy[1]=unknown → BUY conf=0.70 \"%R -99.9 oversold ↑ reversal confirmed\"","timestamp":"2026-06-03T12:00:19.996Z"}
{"level":"debug","message":"[AGG] SOL/USDC: strategy[2]=unknown → HOLD conf=0.20 \"StochRSI K=0.0 D=16.3 — no extreme crossover\"","timestamp":"2026-06-03T12:00:19.996Z"}
{"level":"debug","message":"[AGG] SOL/USDC: votes BUY=2.00 SELL=0.00 HOLD=1.00 total_weight=2.00 external=0","timestamp":"2026-06-03T12:00:19.996Z"}
{"level":"debug","message":"[AGG] SOL/USDC: decision=BUY confidence=1.00 tie=false","timestamp":"2026-06-03T12:00:19.996Z"}
{"level":"debug","message":"[CYCLE] AVAX/USDC: starting cycle, candles=736 lastClose=8.29200000 lastTs=2026-06-03T12:00:00.000Z","timestamp":"2026-06-03T12:00:20.001Z"}
{"level":"debug","message":"[AGG] AVAX/USDC: strategy[0]=unknown → HOLD conf=0.53 \"RSI 27.9 oversold — still falling, wait\"","timestamp":"2026-06-03T12:00:20.003Z"}
{"level":"debug","message":"[AGG] AVAX/USDC: strategy[1]=unknown → HOLD conf=0.20 \"MACD -0.1854 vs signal -0.1402 hist:-0.0452\"","timestamp":"2026-06-03T12:00:20.003Z"}
{"level":"debug","message":"[AGG] AVAX/USDC: strategy[2]=unknown → HOLD conf=0.10 \"PSAR downtrend continues (SAR 9.0765)\"","timestamp":"2026-06-03T12:00:20.003Z"}
{"level":"debug","message":"[AGG] AVAX/USDC: votes BUY=0.00 SELL=0.00 HOLD=3.00 total_weight=0.00 external=0","timestamp":"2026-06-03T12:00:20.003Z"}
{"level":"debug","message":"[AGG] AVAX/USDC: decision=HOLD confidence=0.00 tie=false belowMin=true (minConf=0.55)","timestamp":"2026-06-03T12:00:20.003Z"}
{"level":"debug","message":"[CYCLE] DOGE/USDC: starting cycle, candles=736 lastClose=0.09387000 lastTs=2026-06-03T12:00:00.000Z","timestamp":"2026-06-03T12:00:20.010Z"}
{"level":"debug","message":"[AGG] DOGE/USDC: strategy[0]=unknown → HOLD conf=0.20 \"No EMA crossover (fast 0.0990 vs slow 0.1009)\"","timestamp":"2026-06-03T12:00:20.011Z"}
{"level":"debug","message":"[AGG] DOGE/USDC: strategy[1]=unknown → HOLD conf=0.10 \"PSAR downtrend continues (SAR 0.1011)\"","timestamp":"2026-06-03T12:00:20.011Z"}
{"level":"debug","message":"[AGG] DOGE/USDC: strategy[2]=unknown → HOLD conf=0.15 \"HA bearish continuation\"","timestamp":"2026-06-03T12:00:20.011Z"}
{"level":"debug","message":"[AGG] DOGE/USDC: votes BUY=0.00 SELL=0.00 HOLD=3.00 total_weight=0.00 external=0","timestamp":"2026-06-03T12:00:20.011Z"}
{"level":"debug","message":"[AGG] DOGE/USDC: decision=HOLD confidence=0.00 tie=false belowMin=true (minConf=0.55)","timestamp":"2026-06-03T12:00:20.011Z"}
{"level":"debug","message":"[CYCLE] INJ/USDC: starting cycle, candles=736 lastClose=6.62800000 lastTs=2026-06-03T12:00:00.000Z","timestamp":"2026-06-03T12:00:20.032Z"}
{"level":"debug","message":"[AGG] INJ/USDC: strategy[0]=unknown → BUY conf=0.87 \"ADX 53.1 uptrend (+DI 29.3 > -DI 15.7)\"","timestamp":"2026-06-03T12:00:20.035Z"}
{"level":"debug","message":"[AGG] INJ/USDC: strategy[1]=unknown → HOLD conf=0.20 \"OBV above EMA-20 — no cross\"","timestamp":"2026-06-03T12:00:20.035Z"}
{"level":"debug","message":"[AGG] INJ/USDC: strategy[2]=unknown → HOLD conf=0.20 \"StochRSI K=36.4 D=78.3 — no extreme crossover\"","timestamp":"2026-06-03T12:00:20.035Z"}
{"level":"debug","message":"[AGG] INJ/USDC: votes BUY=1.00 SELL=0.00 HOLD=2.00 total_weight=1.00 external=0","timestamp":"2026-06-03T12:00:20.035Z"}
{"level":"debug","message":"[AGG] INJ/USDC: decision=HOLD confidence=2.00 tie=false belowMin=false (minConf=0.55)","timestamp":"2026-06-03T12:00:20.035Z"}
{"level":"debug","message":"[CYCLE] ETH/USDC: starting cycle, candles=736 lastClose=1876.19000000 lastTs=2026-06-03T12:00:00.000Z","timestamp":"2026-06-03T12:00:20.053Z"}
{"level":"debug","message":"[AGG] ETH/USDC: strategy[0]=unknown → HOLD conf=0.10 \"Supertrend downtrend continues (ST 1994.4706)\"","timestamp":"2026-06-03T12:00:20.060Z"}
{"level":"debug","message":"[AGG] ETH/USDC: strategy[1]=unknown → HOLD conf=0.20 \"MFI 54.2 neutral\"","timestamp":"2026-06-03T12:00:20.060Z"}
{"level":"debug","message":"[AGG] ETH/USDC: strategy[2]=unknown → HOLD conf=0.10 \"No significant S/R zone nearby\"","timestamp":"2026-06-03T12:00:20.060Z"}
{"level":"debug","message":"[AGG] ETH/USDC: votes BUY=0.00 SELL=0.00 HOLD=3.00 total_weight=0.00 external=0","timestamp":"2026-06-03T12:00:20.060Z"}
{"level":"debug","message":"[AGG] ETH/USDC: decision=HOLD confidence=0.00 tie=false belowMin=true (minConf=0.55)","timestamp":"2026-06-03T12:00:20.060Z"}
{"level":"debug","message":"[CYCLE] WLD/USDC: starting cycle, candles=736 lastClose=0.49850000 lastTs=2026-06-03T12:00:00.000Z","timestamp":"2026-06-03T12:00:20.079Z"}
{"level":"debug","message":"[AGG] WLD/USDC: strategy[0]=unknown → HOLD conf=0.20 \"Price 0.3817 inside BB [0.2531–0.4338]\"","timestamp":"2026-06-03T12:00:20.085Z"}
{"level":"debug","message":"[AGG] WLD/USDC: strategy[1]=unknown → HOLD conf=0.20 \"CCI 68.4 neutral\"","timestamp":"2026-06-03T12:00:20.085Z"}
{"level":"debug","message":"[AGG] WLD/USDC: strategy[2]=unknown → BUY conf=0.77 \"ADX 37.4 uptrend (+DI 46.4 > -DI 23.6)\"","timestamp":"2026-06-03T12:00:20.085Z"}
{"level":"debug","message":"[AGG] WLD/USDC: votes BUY=1.00 SELL=0.00 HOLD=2.00 total_weight=1.00 external=0","timestamp":"2026-06-03T12:00:20.085Z"}
{"level":"debug","message":"[AGG] WLD/USDC: decision=HOLD confidence=2.00 tie=false belowMin=false (minConf=0.55)","timestamp":"2026-06-03T12:00:20.085Z"}
{"level":"debug","message":"[CYCLE] PEPE/USDC: starting cycle, candles=736 lastClose=0.00000321 lastTs=2026-06-03T12:00:00.000Z","timestamp":"2026-06-03T12:00:20.095Z"}
{"level":"debug","message":"[AGG] PEPE/USDC: strategy[0]=unknown → HOLD conf=0.20 \"No EMA crossover (fast 0.0000 vs slow 0.0000)\"","timestamp":"2026-06-03T12:00:20.096Z"}
{"level":"debug","message":"[AGG] PEPE/USDC: strategy[1]=unknown → HOLD conf=0.10 \"Supertrend downtrend continues (ST 0.0000)\"","timestamp":"2026-06-03T12:00:20.096Z"}
{"level":"debug","message":"[AGG] PEPE/USDC: strategy[2]=unknown → HOLD conf=0.20 \"OBV below EMA-20 — no cross\"","timestamp":"2026-06-03T12:00:20.096Z"}
{"level":"debug","message":"[AGG] PEPE/USDC: votes BUY=0.00 SELL=0.00 HOLD=3.00 total_weight=0.00 external=0","timestamp":"2026-06-03T12:00:20.096Z"}
{"level":"debug","message":"[AGG] PEPE/USDC: decision=HOLD confidence=0.00 tie=false belowMin=true (minConf=0.55)","timestamp":"2026-06-03T12:00:20.096Z"}
{"level":"debug","message":"[CYCLE] TON/USDC: starting cycle, candles=736 lastClose=1.99900000 lastTs=2026-06-03T12:00:00.000Z","timestamp":"2026-06-03T12:00:20.115Z"}
{"level":"debug","message":"[AGG] TON/USDC: strategy[0]=unknown → HOLD conf=0.20 \"No EMA crossover (fast 1.9225 vs slow 1.9087)\"","timestamp":"2026-06-03T12:00:20.118Z"}
{"level":"debug","message":"[AGG] TON/USDC: strategy[1]=unknown → HOLD conf=0.20 \"OBV above EMA-20 — no cross\"","timestamp":"2026-06-03T12:00:20.118Z"}
{"level":"debug","message":"[AGG] TON/USDC: strategy[2]=unknown → HOLD conf=0.20 \"StochRSI K=62.3 D=79.7 — no extreme crossover\"","timestamp":"2026-06-03T12:00:20.118Z"}
{"level":"debug","message":"[AGG] TON/USDC: votes BUY=0.00 SELL=0.00 HOLD=3.00 total_weight=0.00 external=0","timestamp":"2026-06-03T12:00:20.119Z"}
{"level":"debug","message":"[AGG] TON/USDC: decision=HOLD confidence=0.00 tie=false belowMin=true (minConf=0.55)","timestamp":"2026-06-03T12:00:20.119Z"}
{"level":"debug","message":"[CYCLE] RENDER/USDC: starting cycle, candles=736 lastClose=2.22500000 lastTs=2026-06-03T12:00:00.000Z","timestamp":"2026-06-03T12:00:20.149Z"}
{"level":"debug","message":"[AGG] RENDER/USDC: strategy[0]=unknown → HOLD conf=0.20 \"No EMA crossover (fast 2.0796 vs slow 2.0457)\"","timestamp":"2026-06-03T12:00:20.153Z"}
{"level":"debug","message":"[AGG] RENDER/USDC: strategy[1]=unknown → HOLD conf=0.20 \"OBV above EMA-20 — no cross\"","timestamp":"2026-06-03T12:00:20.153Z"}
{"level":"debug","message":"[AGG] RENDER/USDC: strategy[2]=unknown → HOLD conf=0.20 \"%R -72.5 neutral\"","timestamp":"2026-06-03T12:00:20.153Z"}
{"level":"debug","message":"[AGG] RENDER/USDC: votes BUY=0.00 SELL=0.00 HOLD=3.00 total_weight=0.00 external=0","timestamp":"2026-06-03T12:00:20.153Z"}
{"level":"debug","message":"[AGG] RENDER/USDC: decision=HOLD confidence=0.00 tie=false belowMin=true (minConf=0.55)","timestamp":"2026-06-03T12:00:20.153Z"}
{"level":"debug","message":"[CYCLE] ENA/USDC: starting cycle, candles=736 lastClose=0.10350000 lastTs=2026-06-03T12:00:00.000Z","timestamp":"2026-06-03T12:00:20.161Z"}
{"level":"debug","message":"[AGG] ENA/USDC: strategy[0]=unknown → HOLD conf=0.20 \"RSI 50.3 neutral\"","timestamp":"2026-06-03T12:00:20.173Z"}
{"level":"debug","message":"[AGG] ENA/USDC: strategy[1]=unknown → HOLD conf=0.20 \"Price 0.0942 inside BB [0.0808–0.1021]\"","timestamp":"2026-06-03T12:00:20.173Z"}
{"level":"debug","message":"[AGG] ENA/USDC: strategy[2]=unknown → HOLD conf=0.20 \"CCI 32.7 neutral\"","timestamp":"2026-06-03T12:00:20.173Z"}
{"level":"debug","message":"[AGG] ENA/USDC: votes BUY=0.00 SELL=0.00 HOLD=3.00 total_weight=0.00 external=0","timestamp":"2026-06-03T12:00:20.173Z"}
{"level":"debug","message":"[AGG] ENA/USDC: decision=HOLD confidence=0.00 tie=false belowMin=true (minConf=0.55)","timestamp":"2026-06-03T12:00:20.173Z"}
{"level":"debug","message":"[CYCLE] ICP/USDC: starting cycle, candles=736 lastClose=3.02100000 lastTs=2026-06-03T12:00:00.000Z","timestamp":"2026-06-03T12:00:20.176Z"}
{"level":"debug","message":"[AGG] ICP/USDC: strategy[0]=unknown → HOLD conf=0.20 \"RSI 60.3 neutral\"","timestamp":"2026-06-03T12:00:20.179Z"}
{"level":"debug","message":"[AGG] ICP/USDC: strategy[1]=unknown → HOLD conf=0.20 \"Price 2.9850 inside BB [2.4861–3.0136]\"","timestamp":"2026-06-03T12:00:20.179Z"}
{"level":"debug","message":"[AGG] ICP/USDC: strategy[2]=unknown → SELL conf=0.55 \"Stoch K=78.2 crossed below D=83.3 in overbought zone\"","timestamp":"2026-06-03T12:00:20.179Z"}
{"level":"debug","message":"[AGG] ICP/USDC: votes BUY=0.00 SELL=1.00 HOLD=2.00 total_weight=1.00 external=0","timestamp":"2026-06-03T12:00:20.179Z"}
{"level":"debug","message":"[AGG] ICP/USDC: decision=HOLD confidence=2.00 tie=false belowMin=false (minConf=0.55)","timestamp":"2026-06-03T12:00:20.179Z"}
{"level":"debug","message":"[CYCLE] APT/USDC: starting cycle, candles=736 lastClose=0.85600000 lastTs=2026-06-03T12:00:00.000Z","timestamp":"2026-06-03T12:00:20.192Z"}
{"level":"debug","message":"[AGG] APT/USDC: strategy[0]=unknown → BUY conf=0.84 \"Price 0.8240 ≤ lower BB 0.8698 (bw 14.3%)\"","timestamp":"2026-06-03T12:00:20.195Z"}
{"level":"debug","message":"[AGG] APT/USDC: strategy[1]=unknown → HOLD conf=0.20 \"Stoch K=0.0 D=18.8 — no crossover in extreme zone\"","timestamp":"2026-06-03T12:00:20.195Z"}
{"level":"debug","message":"[AGG] APT/USDC: strategy[2]=unknown → HOLD conf=0.20 \"MFI 44.2 neutral\"","timestamp":"2026-06-03T12:00:20.195Z"}
{"level":"debug","message":"[AGG] APT/USDC: votes BUY=1.00 SELL=0.00 HOLD=2.00 total_weight=1.00 external=0","timestamp":"2026-06-03T12:00:20.195Z"}
{"level":"debug","message":"[AGG] APT/USDC: decision=HOLD confidence=2.00 tie=false belowMin=false (minConf=0.55)","timestamp":"2026-06-03T12:00:20.195Z"}
{"level":"debug","message":"[CYCLE] ARB/USDC: starting cycle, candles=736 lastClose=0.09630000 lastTs=2026-06-03T12:00:00.000Z","timestamp":"2026-06-03T12:00:20.212Z"}
{"level":"debug","message":"[AGG] ARB/USDC: strategy[0]=unknown → HOLD conf=0.55 \"RSI 26.5 oversold — still falling, wait\"","timestamp":"2026-06-03T12:00:20.213Z"}
{"level":"debug","message":"[AGG] ARB/USDC: strategy[1]=unknown → HOLD conf=0.60 \"%R -100.0 oversold — still falling, wait\"","timestamp":"2026-06-03T12:00:20.213Z"}
{"level":"debug","message":"[AGG] ARB/USDC: strategy[2]=unknown → HOLD conf=0.15 \"HA bearish continuation\"","timestamp":"2026-06-03T12:00:20.213Z"}
{"level":"debug","message":"[AGG] ARB/USDC: votes BUY=0.00 SELL=0.00 HOLD=3.00 total_weight=0.00 external=0","timestamp":"2026-06-03T12:00:20.213Z"}
{"level":"debug","message":"[AGG] ARB/USDC: decision=HOLD confidence=0.00 tie=false belowMin=true (minConf=0.55)","timestamp":"2026-06-03T12:00:20.213Z"}
{"level":"debug","message":"[CYCLE] JUP/USDC: starting cycle, candles=736 lastClose=0.20520000 lastTs=2026-06-03T12:00:00.000Z","timestamp":"2026-06-03T12:00:20.243Z"}
{"level":"debug","message":"[AGG] JUP/USDC: strategy[0]=unknown → HOLD conf=0.20 \"Price 0.1939 inside BB [0.1728–0.2109]\"","timestamp":"2026-06-03T12:00:20.248Z"}
{"level":"debug","message":"[AGG] JUP/USDC: strategy[1]=unknown → HOLD conf=0.20 \"CCI 13.8 neutral\"","timestamp":"2026-06-03T12:00:20.248Z"}
{"level":"debug","message":"[AGG] JUP/USDC: strategy[2]=unknown → HOLD conf=0.20 \"OBV below EMA-20 — no cross\"","timestamp":"2026-06-03T12:00:20.248Z"}
{"level":"debug","message":"[AGG] JUP/USDC: votes BUY=0.00 SELL=0.00 HOLD=3.00 total_weight=0.00 external=0","timestamp":"2026-06-03T12:00:20.248Z"}
{"level":"debug","message":"[AGG] JUP/USDC: decision=HOLD confidence=0.00 tie=false belowMin=true (minConf=0.55)","timestamp":"2026-06-03T12:00:20.248Z"}
{"level":"debug","message":"[CYCLE] BTC/USDC: sizing positionPct=0.1170 (base=0.15 atr=0.03677248677248674 regime=on conf=0.00 macro=bear mtf=1.0)","timestamp":"2026-06-03T12:00:20.263Z"}
{"level":"info","message":"BTC/USDC: decision=HOLD confidence=0% price=67003.90000000 external_signals=0","timestamp":"2026-06-03T12:00:20.263Z"}
{"level":"info","message":"BTC/USDC: No EMA crossover (fast 71905.0749 vs slow 73845.6767) | PSAR downtrend continues (SAR 73820.1954) | HA bearish continuation","timestamp":"2026-06-03T12:00:20.263Z"}
{"level":"debug","message":"[CYCLE] XRP/USDC: sizing positionPct=0.1728 (base=0.15 atr=0.03677248677248674 regime=on conf=2.00 macro=bear mtf=1.0)","timestamp":"2026-06-03T12:00:20.463Z"}
{"level":"info","message":"XRP/USDC: decision=HOLD confidence=200% price=1.23570000 external_signals=0","timestamp":"2026-06-03T12:00:20.464Z"}
{"level":"info","message":"XRP/USDC: Price 1.2109 ≤ lower BB 1.2487 (bw 10.4%) | Stoch K=0.2 D=9.9 — no crossover in extreme zone | No EMA crossover (fast 1.2957 vs slow 1.3229)","timestamp":"2026-06-03T12:00:20.464Z"}
{"level":"debug","message":"[CYCLE] LINK/USDC: sizing positionPct=0.2016 (base=0.15 atr=0.03677248677248674 regime=on conf=2.00 macro=bear mtf=1.0)","timestamp":"2026-06-03T12:00:20.663Z"}
{"level":"info","message":"LINK/USDC: decision=HOLD confidence=200% price=8.52700000 external_signals=0","timestamp":"2026-06-03T12:00:20.664Z"}
{"level":"info","message":"LINK/USDC: Price 8.3670 ≤ lower BB 8.5660 (bw 12.2%) | Stoch K=0.1 D=13.3 — no crossover in extreme zone | Supertrend downtrend continues (ST 9.1128)","timestamp":"2026-06-03T12:00:20.664Z"}
{"level":"debug","message":"[CYCLE] BNB/USDC: sizing positionPct=0.1255 (base=0.15 atr=0.03677248677248674 regime=on conf=2.00 macro=bear mtf=1.0)","timestamp":"2026-06-03T12:00:20.864Z"}
{"level":"info","message":"BNB/USDC: decision=HOLD confidence=200% price=636.67000000 external_signals=0","timestamp":"2026-06-03T12:00:20.865Z"}
{"level":"info","message":"BNB/USDC: %R -81.1 oversold — still falling, wait | HA bearish continuation | Resistance 653.4000 (3×)","timestamp":"2026-06-03T12:00:20.865Z"}
{"level":"debug","message":"[CYCLE] LTC/USDC: sizing positionPct=0.2380 (base=0.15 atr=0.03677248677248674 regime=on conf=2.00 macro=bear mtf=1.0)","timestamp":"2026-06-03T12:00:21.067Z"}
{"level":"info","message":"LTC/USDC: decision=HOLD confidence=200% price=48.17000000 external_signals=0","timestamp":"2026-06-03T12:00:21.067Z"}
{"level":"info","message":"LTC/USDC: Price 46.8600 ≤ lower BB 48.8112 (bw 10.5%) | No EMA crossover (fast 50.6379 vs slow 51.8731) | %R -100.0 oversold — still falling, wait","timestamp":"2026-06-03T12:00:21.067Z"}
{"level":"debug","message":"[CYCLE] NEAR/USDC: sizing positionPct=0.0377 (base=0.15 atr=0.03677248677248674 regime=on conf=0.00 macro=bear mtf=1.0)","timestamp":"2026-06-03T12:00:21.255Z"}
{"level":"info","message":"NEAR/USDC: decision=HOLD confidence=0% price=2.93000000 external_signals=0","timestamp":"2026-06-03T12:00:21.255Z"}
{"level":"info","message":"NEAR/USDC: RSI 64.0 neutral | Price 2.6260 inside BB [2.1397–2.8026] | Stoch K=79.3 D=75.6 — no crossover in extreme zone | No significant S/R zone nearby","timestamp":"2026-06-03T12:00:21.255Z"}
{"level":"debug","message":"[CYCLE] TRX/USDC: sizing positionPct=0.1161 (base=0.15 atr=0.03677248677248674 regime=on conf=0.00 macro=bear mtf=1.0)","timestamp":"2026-06-03T12:00:21.464Z"}
{"level":"info","message":"TRX/USDC: decision=HOLD confidence=0% price=0.33180000 external_signals=0","timestamp":"2026-06-03T12:00:21.464Z"}
{"level":"info","message":"TRX/USDC: CCI -135.0 oversold — still falling, wait | Stoch K=0.2 D=6.2 — no crossover in extreme zone | StochRSI K=0.0 D=6.0 — no extreme crossover","timestamp":"2026-06-03T12:00:21.465Z"}
{"level":"debug","message":"[CYCLE] BCH/USDC: sizing positionPct=0.0392 (base=0.15 atr=0.03677248677248674 regime=on conf=0.00 macro=bear mtf=1.0)","timestamp":"2026-06-03T12:00:21.658Z"}
{"level":"info","message":"BCH/USDC: decision=HOLD confidence=0% price=248.90000000 external_signals=0","timestamp":"2026-06-03T12:00:21.658Z"}
{"level":"info","message":"BCH/USDC: Price 269.3000 inside BB [260.6948–364.6052] | OBV below EMA-20 — no cross | %R -99.0 oversold — still falling, wait","timestamp":"2026-06-03T12:00:21.658Z"}
{"level":"debug","message":"[CYCLE] ACH/USDC: sizing positionPct=0.1779 (base=0.15 atr=0.03677248677248674 regime=on conf=2.00 macro=bear mtf=1.0)","timestamp":"2026-06-03T12:00:21.863Z"}
{"level":"info","message":"ACH/USDC: decision=HOLD confidence=200% price=0.00605000 external_signals=0","timestamp":"2026-06-03T12:00:21.863Z"}
{"level":"info","message":"ACH/USDC: RSI 29.4 oversold — still falling, wait | Price 0.0058 ≤ lower BB 0.0059 (bw 11.3%) | CCI -255.4 oversold — still falling, wait","timestamp":"2026-06-03T12:00:21.864Z"}
{"level":"debug","message":"[CYCLE] CRV/USDC: sizing positionPct=0.1576 (base=0.15 atr=0.03677248677248674 regime=on conf=2.00 macro=bear mtf=1.0)","timestamp":"2026-06-03T12:00:22.064Z"}
{"level":"info","message":"CRV/USDC: decision=HOLD confidence=200% price=0.20850000 external_signals=0","timestamp":"2026-06-03T12:00:22.065Z"}
{"level":"info","message":"CRV/USDC: ADX 30.0 downtrend (-DI 34.9 > +DI 12.1) | StochRSI K=0.0 D=46.9 — no extreme crossover | No significant S/R zone nearby","timestamp":"2026-06-03T12:00:22.065Z"}
{"level":"info","message":"ENS/USDC: BUY suppressed — MTF misaligned (15m: 36% green < 50% required)","timestamp":"2026-06-03T12:00:22.259Z"}
{"level":"debug","message":"[CYCLE] ENS/USDC: sizing positionPct=0.0600 (base=0.15 atr=0.03677248677248674 regime=on conf=1.00 macro=bear mtf=1.0)","timestamp":"2026-06-03T12:00:22.260Z"}
{"level":"info","message":"ENS/USDC: trade blocked - MTF misaligned (15m: 36% green < 50% required)","timestamp":"2026-06-03T12:00:22.260Z"}
{"level":"info","message":"ENS/USDC: decision=BUY confidence=100% price=5.59000000 external_signals=0","timestamp":"2026-06-03T12:00:22.260Z"}
{"level":"info","message":"ENS/USDC: Price 5.4000 ≤ lower BB 5.4342 (bw 16.9%) | PSAR downtrend continues (SAR 6.2580) | Support 5.4067 (3×)","timestamp":"2026-06-03T12:00:22.260Z"}
{"level":"debug","message":"[CYCLE] GMX/USDC: sizing positionPct=0.0612 (base=0.15 atr=0.03677248677248674 regime=on conf=0.00 macro=bear mtf=1.0)","timestamp":"2026-06-03T12:00:22.467Z"}
{"level":"info","message":"GMX/USDC: decision=HOLD confidence=0% price=6.38000000 external_signals=0","timestamp":"2026-06-03T12:00:22.467Z"}
{"level":"info","message":"GMX/USDC: RSI 39.0 neutral | Price 6.1700 inside BB [6.0524–6.9546] | CCI -118.0 oversold — still falling, wait","timestamp":"2026-06-03T12:00:22.467Z"}
{"level":"debug","message":"[CYCLE] LDO/USDC: sizing positionPct=0.1193 (base=0.15 atr=0.03677248677248674 regime=on conf=2.00 macro=bear mtf=1.0)","timestamp":"2026-06-03T12:00:22.667Z"}
{"level":"info","message":"LDO/USDC: decision=HOLD confidence=200% price=0.31170000 external_signals=0","timestamp":"2026-06-03T12:00:22.667Z"}
{"level":"info","message":"LDO/USDC: MACD -0.0097 vs signal -0.0099 hist:0.0001 | ADX 27.2 downtrend (-DI 37.1 > +DI 15.7) | %R -100.0 oversold — still falling, wait","timestamp":"2026-06-03T12:00:22.667Z"}
{"level":"debug","message":"[CYCLE] LSK/USDC: sizing positionPct=0.1355 (base=0.15 atr=0.03677248677248674 regime=on conf=2.00 macro=bear mtf=1.0)","timestamp":"2026-06-03T12:00:22.853Z"}
{"level":"info","message":"LSK/USDC: decision=HOLD confidence=200% price=0.11000000 external_signals=0","timestamp":"2026-06-03T12:00:22.853Z"}
{"level":"info","message":"LSK/USDC: MACD -0.0029 vs signal -0.0030 hist:0.0000 | MFI 49.0 neutral | PSAR flipped bearish ↓ — SAR 0.1190 now above price 0.1060","timestamp":"2026-06-03T12:00:22.854Z"}
{"level":"debug","message":"[CYCLE] JTO/USDC: sizing positionPct=0.0292 (base=0.15 atr=0.03677248677248674 regime=on conf=0.00 macro=bear mtf=1.0)","timestamp":"2026-06-03T12:00:23.062Z"}
{"level":"info","message":"JTO/USDC: decision=HOLD confidence=0% price=0.63570000 external_signals=0","timestamp":"2026-06-03T12:00:23.063Z"}
{"level":"info","message":"JTO/USDC: CCI 83.7 neutral | PSAR uptrend continues (SAR 0.4705) | No significant S/R zone nearby","timestamp":"2026-06-03T12:00:23.063Z"}
{"level":"debug","message":"[CYCLE] MANTA/USDC: sizing positionPct=0.0356 (base=0.15 atr=0.03677248677248674 regime=on conf=0.00 macro=bear mtf=1.0)","timestamp":"2026-06-03T12:00:23.266Z"}
{"level":"info","message":"MANTA/USDC: decision=HOLD confidence=0% price=0.07711000 external_signals=0","timestamp":"2026-06-03T12:00:23.267Z"}
{"level":"info","message":"MANTA/USDC: RSI 42.6 neutral | Price 0.0735 inside BB [0.0729–0.0815] | CCI -138.2 oversold — still falling, wait","timestamp":"2026-06-03T12:00:23.267Z"}
{"level":"debug","message":"[CYCLE] PIXEL/USDC: sizing positionPct=0.0384 (base=0.15 atr=0.03677248677248674 regime=on conf=0.00 macro=bear mtf=1.0)","timestamp":"2026-06-03T12:00:23.464Z"}
{"level":"info","message":"PIXEL/USDC: decision=HOLD confidence=0% price=0.00689000 external_signals=0","timestamp":"2026-06-03T12:00:23.464Z"}
{"level":"info","message":"PIXEL/USDC: No EMA crossover (fast 0.0069 vs slow 0.0069) | ADX 17.9 < 20 — ranging, skip | No significant S/R zone nearby","timestamp":"2026-06-03T12:00:23.464Z"}
{"level":"debug","message":"[CYCLE] PAXG/USDC: sizing positionPct=0.0900 (base=0.15 atr=0.03677248677248674 regime=on conf=0.00 macro=bear mtf=1.0)","timestamp":"2026-06-03T12:00:23.667Z"}
{"level":"info","message":"PAXG/USDC: decision=HOLD confidence=0% price=4455.49000000 external_signals=0","timestamp":"2026-06-03T12:00:23.668Z"}
{"level":"info","message":"PAXG/USDC: MACD -13.4156 vs signal -15.1715 hist:1.7559 | ADX 17.1 < 20 — ranging, skip | Supertrend downtrend continues (ST 4568.4891)","timestamp":"2026-06-03T12:00:23.668Z"}
{"level":"debug","message":"[CYCLE] SUI/USDC: sizing positionPct=0.1436 (base=0.15 atr=0.03677248677248674 regime=on conf=2.00 macro=bear mtf=1.0)","timestamp":"2026-06-03T12:00:23.863Z"}
{"level":"info","message":"SUI/USDC: decision=HOLD confidence=200% price=0.82820000 external_signals=0","timestamp":"2026-06-03T12:00:23.863Z"}
{"level":"info","message":"SUI/USDC: RSI 22.1 oversold — still falling, wait | Stoch K=0.2 D=4.9 — no crossover in extreme zone | MFI 12.6 oversold ↑ volume reversal confirmed","timestamp":"2026-06-03T12:00:23.864Z"}
{"level":"debug","message":"[CYCLE] THETA/USDC: sizing positionPct=0.0234 (base=0.15 atr=0.03677248677248674 regime=on conf=0.00 macro=bear mtf=1.0)","timestamp":"2026-06-03T12:00:24.063Z"}
{"level":"info","message":"THETA/USDC: decision=HOLD confidence=0% price=0.18600000 external_signals=0","timestamp":"2026-06-03T12:00:24.063Z"}
{"level":"info","message":"THETA/USDC: RSI 38.1 neutral | CCI -164.7 oversold — still falling, wait | OBV below EMA-20 — no cross","timestamp":"2026-06-03T12:00:24.064Z"}
{"level":"debug","message":"[CYCLE] TIA/USDC: sizing positionPct=0.0169 (base=0.15 atr=0.03677248677248674 regime=on conf=0.00 macro=bear mtf=1.0)","timestamp":"2026-06-03T12:00:24.265Z"}
{"level":"info","message":"TIA/USDC: decision=HOLD confidence=0% price=0.38240000 external_signals=0","timestamp":"2026-06-03T12:00:24.265Z"}
{"level":"info","message":"TIA/USDC: CCI -168.6 oversold — still falling, wait | MACD -0.0110 vs signal -0.0054 hist:-0.0056 | HA bearish continuation","timestamp":"2026-06-03T12:00:24.266Z"}
{"level":"debug","message":"[CYCLE] VANRY/USDC: sizing positionPct=0.0898 (base=0.15 atr=0.03677248677248674 regime=on conf=2.00 macro=bear mtf=1.0)","timestamp":"2026-06-03T12:00:24.463Z"}
{"level":"info","message":"VANRY/USDC: decision=HOLD confidence=200% price=0.00435300 external_signals=0","timestamp":"2026-06-03T12:00:24.463Z"}
{"level":"info","message":"VANRY/USDC: No EMA crossover (fast 0.0045 vs slow 0.0047) | MACD -0.0002 vs signal -0.0002 hist:0.0000 | ADX 28.8 downtrend (-DI 29.7 > +DI 12.0)","timestamp":"2026-06-03T12:00:24.463Z"}
{"level":"debug","message":"[CYCLE] ADA/USDC: sizing positionPct=0.2032 (base=0.15 atr=0.03677248677248674 regime=on conf=2.00 macro=bear mtf=1.0)","timestamp":"2026-06-03T12:00:24.665Z"}
{"level":"info","message":"ADA/USDC: decision=HOLD confidence=200% price=0.21590000 external_signals=0","timestamp":"2026-06-03T12:00:24.665Z"}
{"level":"info","message":"ADA/USDC: RSI 22.1 oversold — still falling, wait | Price 0.2128 ≤ lower BB 0.2200 (bw 12.5%) | CCI -287.8 oversold — still falling, wait","timestamp":"2026-06-03T12:00:24.665Z"}
{"level":"info","message":"SOL/USDC: BUY suppressed — MTF misaligned (15m: 40% green < 50% required)","timestamp":"2026-06-03T12:00:24.861Z"}
{"level":"debug","message":"[CYCLE] SOL/USDC: sizing positionPct=0.2220 (base=0.15 atr=0.03677248677248674 regime=on conf=1.00 macro=bear mtf=1.0)","timestamp":"2026-06-03T12:00:24.862Z"}
{"level":"info","message":"SOL/USDC: trade blocked - MTF misaligned (15m: 40% green < 50% required)","timestamp":"2026-06-03T12:00:24.862Z"}
{"level":"info","message":"SOL/USDC: decision=BUY confidence=100% price=75.04000000 external_signals=0","timestamp":"2026-06-03T12:00:24.862Z"}
{"level":"info","message":"SOL/USDC: Price 74.1200 ≤ lower BB 77.1309 (bw 12.2%) | %R -99.9 oversold ↑ reversal confirmed | StochRSI K=0.0 D=16.3 — no extreme crossover","timestamp":"2026-06-03T12:00:24.862Z"}
{"level":"debug","message":"[CYCLE] AVAX/USDC: sizing positionPct=0.0613 (base=0.15 atr=0.03677248677248674 regime=on conf=0.00 macro=bear mtf=1.0)","timestamp":"2026-06-03T12:00:25.064Z"}
{"level":"info","message":"AVAX/USDC: decision=HOLD confidence=0% price=8.29200000 external_signals=0","timestamp":"2026-06-03T12:00:25.064Z"}
{"level":"info","message":"AVAX/USDC: RSI 27.9 oversold — still falling, wait | MACD -0.1854 vs signal -0.1402 hist:-0.0452 | PSAR downtrend continues (SAR 9.0765)","timestamp":"2026-06-03T12:00:25.064Z"}
{"level":"debug","message":"[CYCLE] DOGE/USDC: sizing positionPct=0.0867 (base=0.15 atr=0.03677248677248674 regime=on conf=0.00 macro=bear mtf=1.0)","timestamp":"2026-06-03T12:00:25.264Z"}
{"level":"info","message":"DOGE/USDC: decision=HOLD confidence=0% price=0.09387000 external_signals=0","timestamp":"2026-06-03T12:00:25.264Z"}
{"level":"info","message":"DOGE/USDC: No EMA crossover (fast 0.0990 vs slow 0.1009) | PSAR downtrend continues (SAR 0.1011) | HA bearish continuation","timestamp":"2026-06-03T12:00:25.264Z"}
{"level":"debug","message":"[CYCLE] INJ/USDC: sizing positionPct=0.0859 (base=0.15 atr=0.03677248677248674 regime=on conf=2.00 macro=bear mtf=1.0)","timestamp":"2026-06-03T12:00:25.464Z"}
{"level":"info","message":"INJ/USDC: decision=HOLD confidence=200% price=6.62800000 external_signals=0","timestamp":"2026-06-03T12:00:25.465Z"}
{"level":"info","message":"INJ/USDC: ADX 53.1 uptrend (+DI 29.3 > -DI 15.7) | OBV above EMA-20 — no cross | StochRSI K=36.4 D=78.3 — no extreme crossover","timestamp":"2026-06-03T12:00:25.465Z"}
{"level":"debug","message":"[CYCLE] ETH/USDC: sizing positionPct=0.1046 (base=0.15 atr=0.03677248677248674 regime=on conf=0.00 macro=bear mtf=1.0)","timestamp":"2026-06-03T12:00:25.654Z"}
{"level":"info","message":"ETH/USDC: decision=HOLD confidence=0% price=1876.19000000 external_signals=0","timestamp":"2026-06-03T12:00:25.654Z"}
{"level":"info","message":"ETH/USDC: Supertrend downtrend continues (ST 1994.4706) | MFI 54.2 neutral | No significant S/R zone nearby","timestamp":"2026-06-03T12:00:25.654Z"}
{"level":"debug","message":"[CYCLE] WLD/USDC: sizing positionPct=0.0731 (base=0.15 atr=0.03677248677248674 regime=on conf=2.00 macro=bear mtf=1.0)","timestamp":"2026-06-03T12:00:25.857Z"}
{"level":"info","message":"WLD/USDC: decision=HOLD confidence=200% price=0.49850000 external_signals=0","timestamp":"2026-06-03T12:00:25.857Z"}
{"level":"info","message":"WLD/USDC: Price 0.3817 inside BB [0.2531–0.4338] | CCI 68.4 neutral | ADX 37.4 uptrend (+DI 46.4 > -DI 23.6)","timestamp":"2026-06-03T12:00:25.857Z"}
{"level":"debug","message":"[CYCLE] PEPE/USDC: sizing positionPct=0.0671 (base=0.15 atr=0.03677248677248674 regime=on conf=0.00 macro=bear mtf=1.0)","timestamp":"2026-06-03T12:00:26.063Z"}
{"level":"info","message":"PEPE/USDC: decision=HOLD confidence=0% price=0.00000321 external_signals=0","timestamp":"2026-06-03T12:00:26.064Z"}
{"level":"info","message":"PEPE/USDC: No EMA crossover (fast 0.0000 vs slow 0.0000) | Supertrend downtrend continues (ST 0.0000) | OBV below EMA-20 — no cross","timestamp":"2026-06-03T12:00:26.064Z"}
{"level":"debug","message":"[CYCLE] TON/USDC: sizing positionPct=0.0488 (base=0.15 atr=0.03677248677248674 regime=on conf=0.00 macro=bear mtf=1.0)","timestamp":"2026-06-03T12:00:26.265Z"}
{"level":"info","message":"TON/USDC: decision=HOLD confidence=0% price=1.99900000 external_signals=0","timestamp":"2026-06-03T12:00:26.265Z"}
{"level":"info","message":"TON/USDC: No EMA crossover (fast 1.9225 vs slow 1.9087) | OBV above EMA-20 — no cross | StochRSI K=62.3 D=79.7 — no extreme crossover","timestamp":"2026-06-03T12:00:26.265Z"}
{"level":"debug","message":"[CYCLE] RENDER/USDC: sizing positionPct=0.0309 (base=0.15 atr=0.03677248677248674 regime=on conf=0.00 macro=bear mtf=1.0)","timestamp":"2026-06-03T12:00:26.464Z"}
{"level":"info","message":"RENDER/USDC: decision=HOLD confidence=0% price=2.22500000 external_signals=0","timestamp":"2026-06-03T12:00:26.465Z"}
{"level":"info","message":"RENDER/USDC: No EMA crossover (fast 2.0796 vs slow 2.0457) | OBV above EMA-20 — no cross | %R -72.5 neutral","timestamp":"2026-06-03T12:00:26.465Z"}
{"level":"debug","message":"[CYCLE] ENA/USDC: sizing positionPct=0.0493 (base=0.15 atr=0.03677248677248674 regime=on conf=0.00 macro=bear mtf=1.0)","timestamp":"2026-06-03T12:00:26.664Z"}
{"level":"info","message":"ENA/USDC: decision=HOLD confidence=0% price=0.10350000 external_signals=0","timestamp":"2026-06-03T12:00:26.664Z"}
{"level":"info","message":"ENA/USDC: RSI 50.3 neutral | Price 0.0942 inside BB [0.0808–0.1021] | CCI 32.7 neutral","timestamp":"2026-06-03T12:00:26.664Z"}
{"level":"debug","message":"[CYCLE] ICP/USDC: sizing positionPct=0.0885 (base=0.15 atr=0.03677248677248674 regime=on conf=2.00 macro=bear mtf=1.0)","timestamp":"2026-06-03T12:00:26.865Z"}
{"level":"info","message":"ICP/USDC: decision=HOLD confidence=200% price=3.02100000 external_signals=0","timestamp":"2026-06-03T12:00:26.865Z"}
{"level":"info","message":"ICP/USDC: RSI 60.3 neutral | Price 2.9850 inside BB [2.4861–3.0136] | Stoch K=78.2 crossed below D=83.3 in overbought zone","timestamp":"2026-06-03T12:00:26.865Z"}
{"level":"debug","message":"[CYCLE] APT/USDC: sizing positionPct=0.0469 (base=0.15 atr=0.03677248677248674 regime=on conf=2.00 macro=bear mtf=1.0)","timestamp":"2026-06-03T12:00:27.064Z"}
{"level":"info","message":"APT/USDC: decision=HOLD confidence=200% price=0.85600000 external_signals=0","timestamp":"2026-06-03T12:00:27.064Z"}
{"level":"info","message":"APT/USDC: Price 0.8240 ≤ lower BB 0.8698 (bw 14.3%) | Stoch K=0.0 D=18.8 — no crossover in extreme zone | MFI 44.2 neutral","timestamp":"2026-06-03T12:00:27.065Z"}
{"level":"debug","message":"[CYCLE] ARB/USDC: sizing positionPct=0.0556 (base=0.15 atr=0.03677248677248674 regime=on conf=0.00 macro=bear mtf=1.0)","timestamp":"2026-06-03T12:00:27.263Z"}
{"level":"info","message":"ARB/USDC: decision=HOLD confidence=0% price=0.09630000 external_signals=0","timestamp":"2026-06-03T12:00:27.263Z"}
{"level":"info","message":"ARB/USDC: RSI 26.5 oversold — still falling, wait | %R -100.0 oversold — still falling, wait | HA bearish continuation","timestamp":"2026-06-03T12:00:27.263Z"}
{"level":"debug","message":"[CYCLE] JUP/USDC: sizing positionPct=0.0210 (base=0.15 atr=0.03677248677248674 regime=on conf=0.00 macro=bear mtf=1.0)","timestamp":"2026-06-03T12:00:27.464Z"}
{"level":"debug","message":"[LIVE] JUP/USDC: checkRisk price=0.20520000 SL=0.18897720 TP=0.22254800 HWM=0.18860000 entry=0.18860000","timestamp":"2026-06-03T12:00:27.464Z"}
{"level":"info","message":"JUP/USDC: decision=HOLD confidence=0% price=0.20520000 external_signals=0","timestamp":"2026-06-03T12:00:27.464Z"}
{"level":"info","message":"JUP/USDC: Price 0.1939 inside BB [0.1728–0.2109] | CCI 13.8 neutral | OBV below EMA-20 — no cross","timestamp":"2026-06-03T12:00:27.465Z"}
{"level":"info","message":"BTC/USDC: live balance=26.81 pnl=-0.69 open_positions=1 daily_pnl=0.00 blocked=false","timestamp":"2026-06-03T12:00:27.666Z"}
{"level":"info","message":"XRP/USDC: live balance=26.81 pnl=-0.69 open_positions=1 daily_pnl=0.00 blocked=false","timestamp":"2026-06-03T12:00:27.865Z"}
{"level":"info","message":"LINK/USDC: live balance=26.81 pnl=-0.69 open_positions=1 daily_pnl=0.00 blocked=false","timestamp":"2026-06-03T12:00:28.271Z"}
{"level":"info","message":"BNB/USDC: live balance=26.81 pnl=-0.69 open_positions=1 daily_pnl=0.00 blocked=false","timestamp":"2026-06-03T12:00:28.461Z"}
{"level":"info","message":"LTC/USDC: live balance=26.81 pnl=-0.69 open_positions=1 daily_pnl=0.00 blocked=false","timestamp":"2026-06-03T12:00:28.655Z"}
{"level":"info","message":"NEAR/USDC: live balance=26.81 pnl=-0.69 open_positions=1 daily_pnl=0.00 blocked=false","timestamp":"2026-06-03T12:00:28.856Z"}
{"level":"info","message":"TRX/USDC: live balance=26.81 pnl=-0.69 open_positions=1 daily_pnl=0.00 blocked=false","timestamp":"2026-06-03T12:00:29.057Z"}
{"level":"info","message":"BCH/USDC: live balance=26.81 pnl=-0.69 open_positions=1 daily_pnl=0.00 blocked=false","timestamp":"2026-06-03T12:00:29.267Z"}
{"level":"info","message":"ACH/USDC: live balance=26.81 pnl=-0.69 open_positions=1 daily_pnl=0.00 blocked=false","timestamp":"2026-06-03T12:00:29.464Z"}
{"level":"info","message":"CRV/USDC: live balance=26.81 pnl=-0.69 open_positions=1 daily_pnl=0.00 blocked=false","timestamp":"2026-06-03T12:00:29.666Z"}
{"level":"info","message":"ENS/USDC: live balance=26.81 pnl=-0.69 open_positions=1 daily_pnl=0.00 blocked=false","timestamp":"2026-06-03T12:00:29.865Z"}
{"level":"info","message":"GMX/USDC: live balance=26.81 pnl=-0.69 open_positions=1 daily_pnl=0.00 blocked=false","timestamp":"2026-06-03T12:00:30.066Z"}
{"level":"info","message":"LDO/USDC: live balance=26.81 pnl=-0.69 open_positions=1 daily_pnl=0.00 blocked=false","timestamp":"2026-06-03T12:00:30.258Z"}
{"level":"info","message":"LSK/USDC: live balance=26.81 pnl=-0.69 open_positions=1 daily_pnl=0.00 blocked=false","timestamp":"2026-06-03T12:00:30.465Z"}
{"level":"info","message":"JTO/USDC: live balance=26.81 pnl=-0.69 open_positions=1 daily_pnl=0.00 blocked=false","timestamp":"2026-06-03T12:00:30.663Z"}
{"level":"info","message":"MANTA/USDC: live balance=26.81 pnl=-0.69 open_positions=1 daily_pnl=0.00 blocked=false","timestamp":"2026-06-03T12:00:30.870Z"}
{"level":"info","message":"PIXEL/USDC: live balance=26.81 pnl=-0.69 open_positions=1 daily_pnl=0.00 blocked=false","timestamp":"2026-06-03T12:00:31.061Z"}
{"level":"info","message":"PAXG/USDC: live balance=26.81 pnl=-0.69 open_positions=1 daily_pnl=0.00 blocked=false","timestamp":"2026-06-03T12:00:31.268Z"}
{"level":"info","message":"SUI/USDC: live balance=26.81 pnl=-0.69 open_positions=1 daily_pnl=0.00 blocked=false","timestamp":"2026-06-03T12:00:31.464Z"}
{"level":"info","message":"THETA/USDC: live balance=26.81 pnl=-0.69 open_positions=1 daily_pnl=0.00 blocked=false","timestamp":"2026-06-03T12:00:31.657Z"}
{"level":"info","message":"TIA/USDC: live balance=26.81 pnl=-0.69 open_positions=1 daily_pnl=0.00 blocked=false","timestamp":"2026-06-03T12:00:31.861Z"}
{"level":"info","message":"VANRY/USDC: live balance=26.81 pnl=-0.69 open_positions=1 daily_pnl=0.00 blocked=false","timestamp":"2026-06-03T12:00:32.057Z"}
{"level":"info","message":"ADA/USDC: live balance=26.81 pnl=-0.69 open_positions=1 daily_pnl=0.00 blocked=false","timestamp":"2026-06-03T12:00:32.258Z"}
{"level":"info","message":"SOL/USDC: live balance=26.81 pnl=-0.69 open_positions=1 daily_pnl=0.00 blocked=false","timestamp":"2026-06-03T12:00:32.471Z"}
{"level":"info","message":"AVAX/USDC: live balance=26.81 pnl=-0.69 open_positions=1 daily_pnl=0.00 blocked=false","timestamp":"2026-06-03T12:00:32.664Z"}
{"level":"info","message":"DOGE/USDC: live balance=26.81 pnl=-0.69 open_positions=1 daily_pnl=0.00 blocked=false","timestamp":"2026-06-03T12:00:32.864Z"}
{"level":"info","message":"INJ/USDC: live balance=26.81 pnl=-0.69 open_positions=1 daily_pnl=0.00 blocked=false","timestamp":"2026-06-03T12:00:33.065Z"}
{"level":"info","message":"ETH/USDC: live balance=26.81 pnl=-0.69 open_positions=1 daily_pnl=0.00 blocked=false","timestamp":"2026-06-03T12:00:33.465Z"}
{"level":"info","message":"WLD/USDC: live balance=26.81 pnl=-0.69 open_positions=1 daily_pnl=0.00 blocked=false","timestamp":"2026-06-03T12:00:33.667Z"}
{"level":"info","message":"PEPE/USDC: live balance=26.81 pnl=-0.69 open_positions=1 daily_pnl=0.00 blocked=false","timestamp":"2026-06-03T12:00:33.857Z"}
{"level":"info","message":"TON/USDC: live balance=26.81 pnl=-0.69 open_positions=1 daily_pnl=0.00 blocked=false","timestamp":"2026-06-03T12:00:34.064Z"}
{"level":"info","message":"RENDER/USDC: live balance=26.81 pnl=-0.69 open_positions=1 daily_pnl=0.00 blocked=false","timestamp":"2026-06-03T12:00:34.264Z"}
{"level":"info","message":"ENA/USDC: live balance=26.81 pnl=-0.69 open_positions=1 daily_pnl=0.00 blocked=false","timestamp":"2026-06-03T12:00:34.462Z"}
{"level":"info","message":"ICP/USDC: live balance=26.81 pnl=-0.69 open_positions=1 daily_pnl=0.00 blocked=false","timestamp":"2026-06-03T12:00:34.666Z"}
{"level":"info","message":"APT/USDC: live balance=26.81 pnl=-0.69 open_positions=1 daily_pnl=0.00 blocked=false","timestamp":"2026-06-03T12:00:34.865Z"}
{"level":"info","message":"ARB/USDC: live balance=26.81 pnl=-0.69 open_positions=1 daily_pnl=0.00 blocked=false","timestamp":"2026-06-03T12:00:35.066Z"}
{"level":"info","message":"JUP/USDC: live balance=26.81 pnl=-0.69 open_positions=1 daily_pnl=0.00 blocked=false","timestamp":"2026-06-03T12:00:35.256Z"}
{"level":"debug","message":"[RISK-LOOP] checking 1 open position(s)","timestamp":"2026-06-03T12:00:40.679Z"}
{"level":"debug","message":"[LIVE] JUP/USDC: checkRisk price=0.20500000 SL=0.18897720 TP=0.22254800 HWM=0.18860000 entry=0.18860000","timestamp":"2026-06-03T12:00:41.206Z"}
{"level":"debug","message":"[RISK-LOOP] checking 1 open position(s)","timestamp":"2026-06-03T12:02:40.683Z"}
{"level":"debug","message":"[LIVE] JUP/USDC: checkRisk price=0.20420000 SL=0.18897720 TP=0.22254800 HWM=0.18860000 entry=0.18860000","timestamp":"2026-06-03T12:02:41.178Z"}
{"level":"info","message":"[MTF-CACHE] 15m refresh complete: 37/37 symbols","timestamp":"2026-06-03T12:02:59.380Z"}
{"level":"debug","message":"[RISK-LOOP] checking 1 open position(s)","timestamp":"2026-06-03T12:04:40.688Z"}
{"level":"debug","message":"[LIVE] JUP/USDC: checkRisk price=0.20420000 SL=0.18897720 TP=0.22254800 HWM=0.18860000 entry=0.18860000","timestamp":"2026-06-03T12:04:41.135Z"}
{"level":"debug","message":"[RISK-LOOP] checking 1 open position(s)","timestamp":"2026-06-03T12:06:40.687Z"}
{"level":"debug","message":"[LIVE] JUP/USDC: checkRisk price=0.20450000 SL=0.18897720 TP=0.22254800 HWM=0.18860000 entry=0.18860000","timestamp":"2026-06-03T12:06:41.135Z"}
{"level":"debug","message":"[RISK-LOOP] checking 1 open position(s)","timestamp":"2026-06-03T12:08:40.684Z"}
{"level":"debug","message":"[LIVE] JUP/USDC: checkRisk price=0.20450000 SL=0.18897720 TP=0.22254800 HWM=0.18860000 entry=0.18860000","timestamp":"2026-06-03T12:08:41.130Z"}
{"level":"debug","message":"[RISK-LOOP] checking 1 open position(s)","timestamp":"2026-06-03T12:10:40.687Z"}
{"level":"debug","message":"[LIVE] JUP/USDC: checkRisk price=0.20530000 SL=0.18897720 TP=0.22254800 HWM=0.18860000 entry=0.18860000","timestamp":"2026-06-03T12:10:41.131Z"}
{"level":"debug","message":"[RISK-LOOP] checking 1 open position(s)","timestamp":"2026-06-03T12:12:40.683Z"}
{"level":"debug","message":"[LIVE] JUP/USDC: checkRisk price=0.20550000 SL=0.18897720 TP=0.22254800 HWM=0.18860000 entry=0.18860000","timestamp":"2026-06-03T12:12:40.974Z"}
{"level":"debug","message":"[RISK-LOOP] checking 1 open position(s)","timestamp":"2026-06-03T12:14:40.679Z"}
{"level":"debug","message":"[LIVE] JUP/USDC: checkRisk price=0.20560000 SL=0.18897720 TP=0.22254800 HWM=0.18860000 entry=0.18860000","timestamp":"2026-06-03T12:14:41.125Z"}
{"level":"debug","message":"[RISK-LOOP] checking 1 open position(s)","timestamp":"2026-06-03T12:16:40.683Z"}
{"level":"debug","message":"[LIVE] JUP/USDC: checkRisk price=0.20540000 SL=0.18897720 TP=0.22254800 HWM=0.18860000 entry=0.18860000","timestamp":"2026-06-03T12:16:41.124Z"}
{"level":"info","message":"[MTF-CACHE] 15m refresh complete: 37/37 symbols","timestamp":"2026-06-03T12:17:59.374Z"}
{"level":"debug","message":"[RISK-LOOP] checking 1 open position(s)","timestamp":"2026-06-03T12:18:40.694Z"}
{"level":"debug","message":"[LIVE] JUP/USDC: checkRisk price=0.20500000 SL=0.18897720 TP=0.22254800 HWM=0.18860000 entry=0.18860000","timestamp":"2026-06-03T12:18:41.138Z"}
{"level":"debug","message":"[RISK-LOOP] checking 1 open position(s)","timestamp":"2026-06-03T12:20:40.693Z"}
{"level":"debug","message":"[LIVE] JUP/USDC: checkRisk price=0.20550000 SL=0.18897720 TP=0.22254800 HWM=0.18860000 entry=0.18860000","timestamp":"2026-06-03T12:20:41.139Z"}
{"level":"debug","message":"[RISK-LOOP] checking 1 open position(s)","timestamp":"2026-06-03T12:22:40.737Z"}
{"level":"debug","message":"[LIVE] JUP/USDC: checkRisk price=0.20590000 SL=0.18897720 TP=0.22254800 HWM=0.18860000 entry=0.18860000","timestamp":"2026-06-03T12:22:41.017Z"}
{"level":"debug","message":"[RISK-LOOP] checking 1 open position(s)","timestamp":"2026-06-03T12:24:40.696Z"}
{"level":"debug","message":"[LIVE] JUP/USDC: checkRisk price=0.20600000 SL=0.18897720 TP=0.22254800 HWM=0.18860000 entry=0.18860000","timestamp":"2026-06-03T12:24:41.140Z"}
{"level":"debug","message":"[RISK-LOOP] checking 1 open position(s)","timestamp":"2026-06-03T12:26:40.694Z"}
{"level":"debug","message":"[LIVE] JUP/USDC: checkRisk price=0.20730000 SL=0.18897720 TP=0.22254800 HWM=0.18860000 entry=0.18860000","timestamp":"2026-06-03T12:26:41.146Z"}
{"level":"debug","message":"[RISK-LOOP] checking 1 open position(s)","timestamp":"2026-06-03T12:28:40.703Z"}
{"level":"debug","message":"[LIVE] JUP/USDC: checkRisk price=0.20660000 SL=0.18897720 TP=0.22254800 HWM=0.18860000 entry=0.18860000","timestamp":"2026-06-03T12:28:41.150Z"}
{"level":"debug","message":"[RISK-LOOP] checking 1 open position(s)","timestamp":"2026-06-03T12:30:40.701Z"}
{"level":"debug","message":"[LIVE] JUP/USDC: checkRisk price=0.20650000 SL=0.18897720 TP=0.22254800 HWM=0.18860000 entry=0.18860000","timestamp":"2026-06-03T12:30:41.145Z"}
{"level":"debug","message":"[RISK-LOOP] checking 1 open position(s)","timestamp":"2026-06-03T12:32:40.739Z"}
{"level":"debug","message":"[LIVE] JUP/USDC: checkRisk price=0.20740000 SL=0.18897720 TP=0.22254800 HWM=0.18860000 entry=0.18860000","timestamp":"2026-06-03T12:32:41.003Z"}
{"level":"info","message":"[MTF-CACHE] 15m refresh complete: 37/37 symbols","timestamp":"2026-06-03T12:32:59.553Z"}
{"level":"debug","message":"[RISK-LOOP] checking 1 open position(s)","timestamp":"2026-06-03T12:34:40.702Z"}
{"level":"debug","message":"[LIVE] JUP/USDC: checkRisk price=0.20800000 SL=0.18897720 TP=0.22254800 HWM=0.18860000 entry=0.18860000","timestamp":"2026-06-03T12:34:41.145Z"}
{"level":"debug","message":"[RISK-LOOP] checking 1 open position(s)","timestamp":"2026-06-03T12:36:40.696Z"}
{"level":"debug","message":"[LIVE] JUP/USDC: checkRisk price=0.20830000 SL=0.18897720 TP=0.22254800 HWM=0.18860000 entry=0.18860000","timestamp":"2026-06-03T12:36:41.138Z"}
{"level":"debug","message":"[RISK-LOOP] checking 1 open position(s)","timestamp":"2026-06-03T12:38:40.704Z"}
{"level":"debug","message":"[LIVE] JUP/USDC: checkRisk price=0.20830000 SL=0.18897720 TP=0.22254800 HWM=0.18860000 entry=0.18860000","timestamp":"2026-06-03T12:38:41.149Z"}
{"level":"debug","message":"[RISK-LOOP] checking 1 open position(s)","timestamp":"2026-06-03T12:40:40.707Z"}
{"level":"debug","message":"[LIVE] JUP/USDC: checkRisk price=0.20760000 SL=0.18897720 TP=0.22254800 HWM=0.18860000 entry=0.18860000","timestamp":"2026-06-03T12:40:41.154Z"}
{"level":"debug","message":"[RISK-LOOP] checking 1 open position(s)","timestamp":"2026-06-03T12:42:40.744Z"}
{"level":"debug","message":"[LIVE] JUP/USDC: checkRisk price=0.20850000 SL=0.18897720 TP=0.22254800 HWM=0.18860000 entry=0.18860000","timestamp":"2026-06-03T12:42:41.008Z"}
{"level":"debug","message":"[RISK-LOOP] checking 1 open position(s)","timestamp":"2026-06-03T12:44:40.706Z"}
{"level":"debug","message":"[LIVE] JUP/USDC: checkRisk price=0.20840000 SL=0.18897720 TP=0.22254800 HWM=0.18860000 entry=0.18860000","timestamp":"2026-06-03T12:44:41.151Z"}
{"level":"debug","message":"[RISK-LOOP] checking 1 open position(s)","timestamp":"2026-06-03T12:46:40.697Z"}
{"level":"debug","message":"[LIVE] JUP/USDC: checkRisk price=0.20820000 SL=0.18897720 TP=0.22254800 HWM=0.18860000 entry=0.18860000","timestamp":"2026-06-03T12:46:41.138Z"}
{"level":"debug","message":"[deposits] saved 4 entries to /app/data/deposits.json","timestamp":"2026-06-03T12:46:57.406Z"}
{"level":"info","message":"Deposit recorded: +$154.42 on 2026-06-03 — Hive HBD Savings","timestamp":"2026-06-03T12:46:57.406Z"}
{"level":"info","message":"[MTF-CACHE] 15m refresh complete: 37/37 symbols","timestamp":"2026-06-03T12:47:59.418Z"}
{"level":"debug","message":"[RISK-LOOP] checking 1 open position(s)","timestamp":"2026-06-03T12:48:40.712Z"}
{"level":"debug","message":"[LIVE] JUP/USDC: checkRisk price=0.20750000 SL=0.18897720 TP=0.22254800 HWM=0.18860000 entry=0.18860000","timestamp":"2026-06-03T12:48:41.155Z"}
{"level":"debug","message":"[RISK-LOOP] checking 1 open position(s)","timestamp":"2026-06-03T12:50:40.698Z"}
{"level":"debug","message":"[LIVE] JUP/USDC: checkRisk price=0.20810000 SL=0.18897720 TP=0.22254800 HWM=0.18860000 entry=0.18860000","timestamp":"2026-06-03T12:50:41.141Z"}
{"level":"debug","message":"[RISK-LOOP] checking 1 open position(s)","timestamp":"2026-06-03T12:52:40.762Z"}
{"level":"debug","message":"[LIVE] JUP/USDC: checkRisk price=0.20870000 SL=0.18897720 TP=0.22254800 HWM=0.18860000 entry=0.18860000","timestamp":"2026-06-03T12:52:41.023Z"}
{"level":"debug","message":"[RISK-LOOP] checking 1 open position(s)","timestamp":"2026-06-03T12:54:40.717Z"}
{"level":"debug","message":"[LIVE] JUP/USDC: checkRisk price=0.20960000 SL=0.18897720 TP=0.22254800 HWM=0.18860000 entry=0.18860000","timestamp":"2026-06-03T12:54:41.160Z"}
{"level":"debug","message":"[RISK-LOOP] checking 1 open position(s)","timestamp":"2026-06-03T12:56:40.720Z"}
{"level":"debug","message":"[LIVE] JUP/USDC: checkRisk price=0.20900000 SL=0.18897720 TP=0.22254800 HWM=0.18860000 entry=0.18860000","timestamp":"2026-06-03T12:56:41.166Z"}
{"level":"debug","message":"[RISK-LOOP] checking 1 open position(s)","timestamp":"2026-06-03T12:58:40.717Z"}
{"level":"debug","message":"[LIVE] JUP/USDC: checkRisk price=0.20900000 SL=0.18897720 TP=0.22254800 HWM=0.18860000 entry=0.18860000","timestamp":"2026-06-03T12:58:41.163Z"}
{"level":"debug","message":"[RISK-LOOP] checking 1 open position(s)","timestamp":"2026-06-03T13:00:40.732Z"}
{"level":"debug","message":"[LIVE] JUP/USDC: checkRisk price=0.20990000 SL=0.18897720 TP=0.22254800 HWM=0.18860000 entry=0.18860000","timestamp":"2026-06-03T13:00:41.176Z"}
{"level":"debug","message":"[RISK-LOOP] checking 1 open position(s)","timestamp":"2026-06-03T13:02:40.768Z"}
{"level":"debug","message":"[LIVE] JUP/USDC: checkRisk price=0.20920000 SL=0.18897720 TP=0.22254800 HWM=0.18860000 entry=0.18860000","timestamp":"2026-06-03T13:02:41.032Z"}
{"level":"info","message":"[MTF-CACHE] 15m refresh complete: 37/37 symbols","timestamp":"2026-06-03T13:02:59.405Z"}
{"level":"debug","message":"[RISK-LOOP] checking 1 open position(s)","timestamp":"2026-06-03T13:04:40.718Z"}
{"level":"debug","message":"[LIVE] JUP/USDC: checkRisk price=0.20870000 SL=0.18897720 TP=0.22254800 HWM=0.18860000 entry=0.18860000","timestamp":"2026-06-03T13:04:41.159Z"}
{"level":"debug","message":"[RISK-LOOP] checking 1 open position(s)","timestamp":"2026-06-03T13:06:40.717Z"}
{"level":"debug","message":"[LIVE] JUP/USDC: checkRisk price=0.20880000 SL=0.18897720 TP=0.22254800 HWM=0.18860000 entry=0.18860000","timestamp":"2026-06-03T13:06:41.162Z"}
{"level":"debug","message":"[RISK-LOOP] checking 1 open position(s)","timestamp":"2026-06-03T13:08:40.732Z"}
{"level":"debug","message":"[LIVE] JUP/USDC: checkRisk price=0.20830000 SL=0.18897720 TP=0.22254800 HWM=0.18860000 entry=0.18860000","timestamp":"2026-06-03T13:08:41.173Z"}
{"level":"debug","message":"[RISK-LOOP] checking 1 open position(s)","timestamp":"2026-06-03T13:10:40.731Z"}
{"level":"debug","message":"[LIVE] JUP/USDC: checkRisk price=0.20920000 SL=0.18897720 TP=0.22254800 HWM=0.18860000 entry=0.18860000","timestamp":"2026-06-03T13:10:41.175Z"}
{"level":"debug","message":"[RISK-LOOP] checking 1 open position(s)","timestamp":"2026-06-03T13:12:40.772Z"}
{"level":"debug","message":"[LIVE] JUP/USDC: checkRisk price=0.20940000 SL=0.18897720 TP=0.22254800 HWM=0.18860000 entry=0.18860000","timestamp":"2026-06-03T13:12:41.037Z"}
{"level":"debug","message":"[RISK-LOOP] checking 1 open position(s)","timestamp":"2026-06-03T13:14:40.728Z"}
{"level":"debug","message":"[LIVE] JUP/USDC: checkRisk price=0.20820000 SL=0.18897720 TP=0.22254800 HWM=0.18860000 entry=0.18860000","timestamp":"2026-06-03T13:14:41.173Z"}
{"level":"debug","message":"[RISK-LOOP] checking 1 open position(s)","timestamp":"2026-06-03T13:16:40.722Z"}
{"level":"debug","message":"[LIVE] JUP/USDC: checkRisk price=0.20880000 SL=0.18897720 TP=0.22254800 HWM=0.18860000 entry=0.18860000","timestamp":"2026-06-03T13:16:41.166Z"}
{"level":"info","message":"[MTF-CACHE] 15m refresh complete: 37/37 symbols","timestamp":"2026-06-03T13:17:59.344Z"}
{"level":"debug","message":"[RISK-LOOP] checking 1 open position(s)","timestamp":"2026-06-03T13:18:40.739Z"}
{"level":"debug","message":"[LIVE] JUP/USDC: checkRisk price=0.20950000 SL=0.18897720 TP=0.22254800 HWM=0.18860000 entry=0.18860000","timestamp":"2026-06-03T13:18:41.182Z"}
{"level":"debug","message":"[RISK-LOOP] checking 1 open position(s)","timestamp":"2026-06-03T13:20:40.731Z"}
{"level":"debug","message":"[LIVE] JUP/USDC: checkRisk price=0.21050000 SL=0.18897720 TP=0.22254800 HWM=0.18860000 entry=0.18860000","timestamp":"2026-06-03T13:20:41.174Z"}
{"level":"debug","message":"[RISK-LOOP] checking 1 open position(s)","timestamp":"2026-06-03T13:22:40.767Z"}
{"level":"debug","message":"[LIVE] JUP/USDC: checkRisk price=0.21020000 SL=0.18897720 TP=0.22254800 HWM=0.18860000 entry=0.18860000","timestamp":"2026-06-03T13:22:41.034Z"}
{"level":"debug","message":"[RISK-LOOP] checking 1 open position(s)","timestamp":"2026-06-03T13:24:40.736Z"}
{"level":"debug","message":"[LIVE] JUP/USDC: checkRisk price=0.20980000 SL=0.18897720 TP=0.22254800 HWM=0.18860000 entry=0.18860000","timestamp":"2026-06-03T13:24:41.183Z"}
{"level":"debug","message":"[RISK-LOOP] checking 1 open position(s)","timestamp":"2026-06-03T13:26:40.743Z"}
{"level":"debug","message":"[LIVE] JUP/USDC: checkRisk price=0.20900000 SL=0.18897720 TP=0.22254800 HWM=0.18860000 entry=0.18860000","timestamp":"2026-06-03T13:26:41.189Z"}
{"level":"debug","message":"[RISK-LOOP] checking 1 open position(s)","timestamp":"2026-06-03T13:28:40.742Z"}
{"level":"debug","message":"[LIVE] JUP/USDC: checkRisk price=0.20960000 SL=0.18897720 TP=0.22254800 HWM=0.18860000 entry=0.18860000","timestamp":"2026-06-03T13:28:41.187Z"}
{"level":"debug","message":"[RISK-LOOP] checking 1 open position(s)","timestamp":"2026-06-03T13:30:40.743Z"}
{"level":"debug","message":"[LIVE] JUP/USDC: checkRisk price=0.20990000 SL=0.18897720 TP=0.22254800 HWM=0.18860000 entry=0.18860000","timestamp":"2026-06-03T13:30:41.188Z"}
{"level":"debug","message":"[RISK-LOOP] checking 1 open position(s)","timestamp":"2026-06-03T13:32:40.780Z"}
{"level":"debug","message":"[LIVE] JUP/USDC: checkRisk price=0.21150000 SL=0.18897720 TP=0.22254800 HWM=0.18860000 entry=0.18860000","timestamp":"2026-06-03T13:32:41.042Z"}
{"level":"info","message":"[MTF-CACHE] 15m refresh complete: 37/37 symbols","timestamp":"2026-06-03T13:32:59.690Z"}
{"level":"debug","message":"[RISK-LOOP] checking 1 open position(s)","timestamp":"2026-06-03T13:34:40.748Z"}
{"level":"debug","message":"[LIVE] JUP/USDC: checkRisk price=0.21040000 SL=0.18897720 TP=0.22254800 HWM=0.18860000 entry=0.18860000","timestamp":"2026-06-03T13:34:41.189Z"}
{"level":"debug","message":"[RISK-LOOP] checking 1 open position(s)","timestamp":"2026-06-03T13:36:40.736Z"}
{"level":"debug","message":"[LIVE] JUP/USDC: checkRisk price=0.21100000 SL=0.18897720 TP=0.22254800 HWM=0.18860000 entry=0.18860000","timestamp":"2026-06-03T13:36:41.183Z"}
{"level":"debug","message":"[RISK-LOOP] checking 1 open position(s)","timestamp":"2026-06-03T13:38:40.740Z"}
{"level":"debug","message":"[LIVE] JUP/USDC: checkRisk price=0.21070000 SL=0.18897720 TP=0.22254800 HWM=0.18860000 entry=0.18860000","timestamp":"2026-06-03T13:38:41.183Z"}
{"level":"debug","message":"[RISK-LOOP] checking 1 open position(s)","timestamp":"2026-06-03T13:40:40.754Z"}
{"level":"debug","message":"[LIVE] JUP/USDC: checkRisk price=0.21180000 SL=0.18897720 TP=0.22254800 HWM=0.18860000 entry=0.18860000","timestamp":"2026-06-03T13:40:41.198Z"}
{"level":"debug","message":"[RISK-LOOP] checking 1 open position(s)","timestamp":"2026-06-03T13:42:40.814Z"}
{"level":"debug","message":"[LIVE] JUP/USDC: checkRisk price=0.21140000 SL=0.18897720 TP=0.22254800 HWM=0.18860000 entry=0.18860000","timestamp":"2026-06-03T13:42:41.076Z"}
{"level":"debug","message":"[RISK-LOOP] checking 1 open position(s)","timestamp":"2026-06-03T13:44:40.756Z"}
{"level":"debug","message":"[LIVE] JUP/USDC: checkRisk price=0.21050000 SL=0.18897720 TP=0.22254800 HWM=0.18860000 entry=0.18860000","timestamp":"2026-06-03T13:44:41.204Z"}
{"level":"debug","message":"[RISK-LOOP] checking 1 open position(s)","timestamp":"2026-06-03T13:46:40.763Z"}
{"level":"debug","message":"[LIVE] JUP/USDC: checkRisk price=0.20950000 SL=0.18897720 TP=0.22254800 HWM=0.18860000 entry=0.18860000","timestamp":"2026-06-03T13:46:41.204Z"}
{"level":"info","message":"[MTF-CACHE] 15m refresh complete: 37/37 symbols","timestamp":"2026-06-03T13:47:59.375Z"}
{"level":"debug","message":"[RISK-LOOP] checking 1 open position(s)","timestamp":"2026-06-03T13:48:40.752Z"}
{"level":"debug","message":"[LIVE] JUP/USDC: checkRisk price=0.20970000 SL=0.18897720 TP=0.22254800 HWM=0.18860000 entry=0.18860000","timestamp":"2026-06-03T13:48:41.196Z"}
{"level":"debug","message":"[RISK-LOOP] checking 1 open position(s)","timestamp":"2026-06-03T13:50:40.762Z"}
{"level":"debug","message":"[LIVE] JUP/USDC: checkRisk price=0.21000000 SL=0.18897720 TP=0.22254800 HWM=0.18860000 entry=0.18860000","timestamp":"2026-06-03T13:50:41.206Z"}
{"level":"debug","message":"[RISK-LOOP] checking 1 open position(s)","timestamp":"2026-06-03T13:52:40.808Z"}
{"level":"debug","message":"[LIVE] JUP/USDC: checkRisk price=0.21110000 SL=0.18897720 TP=0.22254800 HWM=0.18860000 entry=0.18860000","timestamp":"2026-06-03T13:52:41.074Z"}
{"level":"debug","message":"[RISK-LOOP] checking 1 open position(s)","timestamp":"2026-06-03T13:54:40.767Z"}
{"level":"debug","message":"[LIVE] JUP/USDC: checkRisk price=0.21160000 SL=0.18897720 TP=0.22254800 HWM=0.18860000 entry=0.18860000","timestamp":"2026-06-03T13:54:41.219Z"}
{"level":"debug","message":"[RISK-LOOP] checking 1 open position(s)","timestamp":"2026-06-03T13:56:40.779Z"}
{"level":"debug","message":"[LIVE] JUP/USDC: checkRisk price=0.21100000 SL=0.18897720 TP=0.22254800 HWM=0.18860000 entry=0.18860000","timestamp":"2026-06-03T13:56:41.225Z"}
{"level":"debug","message":"[RISK-LOOP] checking 1 open position(s)","timestamp":"2026-06-03T13:58:40.770Z"}
{"level":"debug","message":"[LIVE] JUP/USDC: checkRisk price=0.21060000 SL=0.18897720 TP=0.22254800 HWM=0.18860000 entry=0.18860000","timestamp":"2026-06-03T13:58:41.217Z"}
{"level":"debug","message":"[RISK-LOOP] checking 1 open position(s)","timestamp":"2026-06-03T14:00:40.772Z"}
{"level":"debug","message":"[LIVE] JUP/USDC: checkRisk price=0.21080000 SL=0.18897720 TP=0.22254800 HWM=0.18860000 entry=0.18860000","timestamp":"2026-06-03T14:00:41.216Z"}
{"level":"debug","message":"[RISK-LOOP] checking 1 open position(s)","timestamp":"2026-06-03T14:02:40.815Z"}
{"level":"debug","message":"[LIVE] JUP/USDC: checkRisk price=0.20970000 SL=0.18897720 TP=0.22254800 HWM=0.18860000 entry=0.18860000","timestamp":"2026-06-03T14:02:41.081Z"}
{"level":"info","message":"[MTF-CACHE] 15m refresh complete: 37/37 symbols","timestamp":"2026-06-03T14:02:59.818Z"}
{"level":"debug","message":"[RISK-LOOP] checking 1 open position(s)","timestamp":"2026-06-03T14:04:40.773Z"}
{"level":"debug","message":"[LIVE] JUP/USDC: checkRisk price=0.20970000 SL=0.18897720 TP=0.22254800 HWM=0.18860000 entry=0.18860000","timestamp":"2026-06-03T14:04:41.222Z"}
{"level":"debug","message":"[RISK-LOOP] checking 1 open position(s)","timestamp":"2026-06-03T14:06:40.765Z"}
{"level":"debug","message":"[LIVE] JUP/USDC: checkRisk price=0.20920000 SL=0.18897720 TP=0.22254800 HWM=0.18860000 entry=0.18860000","timestamp":"2026-06-03T14:06:41.208Z"}
{"level":"debug","message":"[RISK-LOOP] checking 1 open position(s)","timestamp":"2026-06-03T14:08:40.762Z"}
{"level":"debug","message":"[LIVE] JUP/USDC: checkRisk price=0.20970000 SL=0.18897720 TP=0.22254800 HWM=0.18860000 entry=0.18860000","timestamp":"2026-06-03T14:08:41.206Z"}
{"level":"debug","message":"[RISK-LOOP] checking 1 open position(s)","timestamp":"2026-06-03T14:10:40.777Z"}
{"level":"debug","message":"[LIVE] JUP/USDC: checkRisk price=0.20980000 SL=0.18897720 TP=0.22254800 HWM=0.18860000 entry=0.18860000","timestamp":"2026-06-03T14:10:41.221Z"}
{"level":"debug","message":"[RISK-LOOP] checking 1 open position(s)","timestamp":"2026-06-03T14:12:40.819Z"}
{"level":"debug","message":"[LIVE] JUP/USDC: checkRisk price=0.21050000 SL=0.18897720 TP=0.22254800 HWM=0.18860000 entry=0.18860000","timestamp":"2026-06-03T14:12:41.084Z"}
{"level":"debug","message":"[RISK-LOOP] checking 1 open position(s)","timestamp":"2026-06-03T14:14:40.778Z"}
{"level":"debug","message":"[LIVE] JUP/USDC: checkRisk price=0.21080000 SL=0.18897720 TP=0.22254800 HWM=0.18860000 entry=0.18860000","timestamp":"2026-06-03T14:14:41.224Z"}
{"level":"debug","message":"[RISK-LOOP] checking 1 open position(s)","timestamp":"2026-06-03T14:16:40.772Z"}
{"level":"debug","message":"[LIVE] JUP/USDC: checkRisk price=0.21120000 SL=0.18897720 TP=0.22254800 HWM=0.18860000 entry=0.18860000","timestamp":"2026-06-03T14:16:41.213Z"}
{"level":"info","message":"[MTF-CACHE] 15m refresh complete: 37/37 symbols","timestamp":"2026-06-03T14:17:59.337Z"}
{"level":"debug","message":"[RISK-LOOP] checking 1 open position(s)","timestamp":"2026-06-03T14:18:40.780Z"}
{"level":"debug","message":"[LIVE] JUP/USDC: checkRisk price=0.21120000 SL=0.18897720 TP=0.22254800 HWM=0.18860000 entry=0.18860000","timestamp":"2026-06-03T14:18:41.224Z"}
{"level":"debug","message":"[RISK-LOOP] checking 1 open position(s)","timestamp":"2026-06-03T14:20:40.786Z"}
{"level":"debug","message":"[LIVE] JUP/USDC: checkRisk price=0.20960000 SL=0.18897720 TP=0.22254800 HWM=0.18860000 entry=0.18860000","timestamp":"2026-06-03T14:20:41.231Z"}
{"level":"debug","message":"[RISK-LOOP] checking 1 open position(s)","timestamp":"2026-06-03T14:22:40.825Z"}
{"level":"debug","message":"[LIVE] JUP/USDC: checkRisk price=0.20860000 SL=0.18897720 TP=0.22254800 HWM=0.18860000 entry=0.18860000","timestamp":"2026-06-03T14:22:41.089Z"}
{"level":"debug","message":"[RISK-LOOP] checking 1 open position(s)","timestamp":"2026-06-03T14:24:40.787Z"}
{"level":"debug","message":"[LIVE] JUP/USDC: checkRisk price=0.20810000 SL=0.18897720 TP=0.22254800 HWM=0.18860000 entry=0.18860000","timestamp":"2026-06-03T14:24:41.230Z"}
{"level":"debug","message":"[RISK-LOOP] checking 1 open position(s)","timestamp":"2026-06-03T14:26:40.784Z"}
{"level":"debug","message":"[LIVE] JUP/USDC: checkRisk price=0.20860000 SL=0.18897720 TP=0.22254800 HWM=0.18860000 entry=0.18860000","timestamp":"2026-06-03T14:26:41.225Z"}
{"level":"debug","message":"[RISK-LOOP] checking 1 open position(s)","timestamp":"2026-06-03T14:28:40.781Z"}
{"level":"debug","message":"[LIVE] JUP/USDC: checkRisk price=0.20860000 SL=0.18897720 TP=0.22254800 HWM=0.18860000 entry=0.18860000","timestamp":"2026-06-03T14:28:41.226Z"}
{"level":"debug","message":"[RISK-LOOP] checking 1 open position(s)","timestamp":"2026-06-03T14:30:40.797Z"}
{"level":"debug","message":"[LIVE] JUP/USDC: checkRisk price=0.20900000 SL=0.18897720 TP=0.22254800 HWM=0.18860000 entry=0.18860000","timestamp":"2026-06-03T14:30:41.245Z"}
{"level":"debug","message":"[RISK-LOOP] checking 1 open position(s)","timestamp":"2026-06-03T14:32:40.846Z"}
{"level":"debug","message":"[LIVE] JUP/USDC: checkRisk price=0.20890000 SL=0.18897720 TP=0.22254800 HWM=0.18860000 entry=0.18860000","timestamp":"2026-06-03T14:32:41.109Z"}
{"level":"info","message":"[MTF-CACHE] 15m refresh complete: 37/37 symbols","timestamp":"2026-06-03T14:32:59.362Z"}
{"level":"debug","message":"[RISK-LOOP] checking 1 open position(s)","timestamp":"2026-06-03T14:34:40.797Z"}
{"level":"debug","message":"[LIVE] JUP/USDC: checkRisk price=0.20780000 SL=0.18897720 TP=0.22254800 HWM=0.18860000 entry=0.18860000","timestamp":"2026-06-03T14:34:41.245Z"}
{"level":"debug","message":"[RISK-LOOP] checking 1 open position(s)","timestamp":"2026-06-03T14:36:40.793Z"}
{"level":"debug","message":"[LIVE] JUP/USDC: checkRisk price=0.20960000 SL=0.18897720 TP=0.22254800 HWM=0.18860000 entry=0.18860000","timestamp":"2026-06-03T14:36:41.240Z"}
{"level":"debug","message":"[RISK-LOOP] checking 1 open position(s)","timestamp":"2026-06-03T14:38:40.796Z"}
{"level":"debug","message":"[LIVE] JUP/USDC: checkRisk price=0.20960000 SL=0.18897720 TP=0.22254800 HWM=0.18860000 entry=0.18860000","timestamp":"2026-06-03T14:38:41.240Z"}
{"level":"debug","message":"[RISK-LOOP] checking 1 open position(s)","timestamp":"2026-06-03T14:40:40.789Z"}
{"level":"debug","message":"[LIVE] JUP/USDC: checkRisk price=0.21020000 SL=0.18897720 TP=0.22254800 HWM=0.18860000 entry=0.18860000","timestamp":"2026-06-03T14:40:41.235Z"}
{"level":"debug","message":"[RISK-LOOP] checking 1 open position(s)","timestamp":"2026-06-03T14:42:40.842Z"}
{"level":"debug","message":"[LIVE] JUP/USDC: checkRisk price=0.20990000 SL=0.18897720 TP=0.22254800 HWM=0.18860000 entry=0.18860000","timestamp":"2026-06-03T14:42:41.103Z"}
{"level":"debug","message":"[RISK-LOOP] checking 1 open position(s)","timestamp":"2026-06-03T14:44:40.798Z"}
{"level":"debug","message":"[LIVE] JUP/USDC: checkRisk price=0.20930000 SL=0.18897720 TP=0.22254800 HWM=0.18860000 entry=0.18860000","timestamp":"2026-06-03T14:44:41.241Z"}
{"level":"debug","message":"[RISK-LOOP] checking 1 open position(s)","timestamp":"2026-06-03T14:46:40.807Z"}
{"level":"debug","message":"[LIVE] JUP/USDC: checkRisk price=0.20990000 SL=0.18897720 TP=0.22254800 HWM=0.18860000 entry=0.18860000","timestamp":"2026-06-03T14:46:41.249Z"}
{"level":"info","message":"[MTF-CACHE] 15m refresh complete: 37/37 symbols","timestamp":"2026-06-03T14:47:59.368Z"}
{"level":"debug","message":"[RISK-LOOP] checking 1 open position(s)","timestamp":"2026-06-03T14:48:40.805Z"}
{"level":"debug","message":"[LIVE] JUP/USDC: checkRisk price=0.20870000 SL=0.18897720 TP=0.22254800 HWM=0.18860000 entry=0.18860000","timestamp":"2026-06-03T14:48:41.252Z"}
{"level":"debug","message":"[RISK-LOOP] checking 1 open position(s)","timestamp":"2026-06-03T14:50:40.809Z"}
{"level":"debug","message":"[LIVE] JUP/USDC: checkRisk price=0.20810000 SL=0.18897720 TP=0.22254800 HWM=0.18860000 entry=0.18860000","timestamp":"2026-06-03T14:50:41.255Z"}
{"level":"debug","message":"[RISK-LOOP] checking 1 open position(s)","timestamp":"2026-06-03T14:52:40.851Z"}
{"level":"debug","message":"[LIVE] JUP/USDC: checkRisk price=0.20810000 SL=0.18897720 TP=0.22254800 HWM=0.18860000 entry=0.18860000","timestamp":"2026-06-03T14:52:41.118Z"}
{"level":"debug","message":"[RISK-LOOP] checking 1 open position(s)","timestamp":"2026-06-03T14:54:40.810Z"}
{"level":"debug","message":"[LIVE] JUP/USDC: checkRisk price=0.20830000 SL=0.18897720 TP=0.22254800 HWM=0.18860000 entry=0.18860000","timestamp":"2026-06-03T14:54:41.256Z"}
{"level":"debug","message":"[RISK-LOOP] checking 1 open position(s)","timestamp":"2026-06-03T14:56:40.810Z"}
{"level":"debug","message":"[LIVE] JUP/USDC: checkRisk price=0.20770000 SL=0.18897720 TP=0.22254800 HWM=0.18860000 entry=0.18860000","timestamp":"2026-06-03T14:56:41.256Z"}
{"level":"debug","message":"[RISK-LOOP] checking 1 open position(s)","timestamp":"2026-06-03T14:58:40.803Z"}
{"level":"debug","message":"[LIVE] JUP/USDC: checkRisk price=0.21150000 SL=0.18897720 TP=0.22254800 HWM=0.18860000 entry=0.18860000","timestamp":"2026-06-03T14:58:41.247Z"}
{"level":"debug","message":"[RISK-LOOP] checking 1 open position(s)","timestamp":"2026-06-03T15:00:40.820Z"}
{"level":"debug","message":"[LIVE] JUP/USDC: checkRisk price=0.21510000 SL=0.18897720 TP=0.22254800 HWM=0.18860000 entry=0.18860000","timestamp":"2026-06-03T15:00:41.266Z"}
{"level":"debug","message":"[RISK-LOOP] checking 1 open position(s)","timestamp":"2026-06-03T15:02:40.854Z"}
{"level":"debug","message":"[LIVE] JUP/USDC: checkRisk price=0.21490000 SL=0.18897720 TP=0.22254800 HWM=0.18860000 entry=0.18860000","timestamp":"2026-06-03T15:02:41.118Z"}
{"level":"info","message":"[MTF-CACHE] 15m refresh complete: 37/37 symbols","timestamp":"2026-06-03T15:02:59.370Z"}
{"level":"debug","message":"[RISK-LOOP] checking 1 open position(s)","timestamp":"2026-06-03T15:04:40.850Z"}
{"level":"debug","message":"[LIVE] JUP/USDC: checkRisk price=0.21510000 SL=0.18897720 TP=0.22254800 HWM=0.18860000 entry=0.18860000","timestamp":"2026-06-03T15:04:41.294Z"}
{"level":"debug","message":"[RISK-LOOP] checking 1 open position(s)","timestamp":"2026-06-03T15:06:40.818Z"}
{"level":"debug","message":"[LIVE] JUP/USDC: checkRisk price=0.21390000 SL=0.18897720 TP=0.22254800 HWM=0.18860000 entry=0.18860000","timestamp":"2026-06-03T15:06:41.261Z"}
{"level":"debug","message":"[RISK-LOOP] checking 1 open position(s)","timestamp":"2026-06-03T15:08:40.820Z"}
{"level":"debug","message":"[LIVE] JUP/USDC: checkRisk price=0.21250000 SL=0.18897720 TP=0.22254800 HWM=0.18860000 entry=0.18860000","timestamp":"2026-06-03T15:08:41.265Z"}
{"level":"debug","message":"[RISK-LOOP] checking 1 open position(s)","timestamp":"2026-06-03T15:10:40.818Z"}
{"level":"debug","message":"[LIVE] JUP/USDC: checkRisk price=0.21330000 SL=0.18897720 TP=0.22254800 HWM=0.18860000 entry=0.18860000","timestamp":"2026-06-03T15:10:41.265Z"}
{"level":"debug","message":"[RISK-LOOP] checking 1 open position(s)","timestamp":"2026-06-03T15:12:40.811Z"}
{"level":"debug","message":"[LIVE] JUP/USDC: checkRisk price=0.21300000 SL=0.18897720 TP=0.22254800 HWM=0.18860000 entry=0.18860000","timestamp":"2026-06-03T15:12:41.074Z"}
{"level":"debug","message":"[RISK-LOOP] checking 1 open position(s)","timestamp":"2026-06-03T15:14:40.820Z"}
{"level":"debug","message":"[LIVE] JUP/USDC: checkRisk price=0.21310000 SL=0.18897720 TP=0.22254800 HWM=0.18860000 entry=0.18860000","timestamp":"2026-06-03T15:14:41.263Z"}
{"level":"debug","message":"[RISK-LOOP] checking 1 open position(s)","timestamp":"2026-06-03T15:16:40.813Z"}
{"level":"debug","message":"[LIVE] JUP/USDC: checkRisk price=0.21270000 SL=0.18897720 TP=0.22254800 HWM=0.18860000 entry=0.18860000","timestamp":"2026-06-03T15:16:41.260Z"}
{"level":"info","message":"[MTF-CACHE] 15m refresh complete: 37/37 symbols","timestamp":"2026-06-03T15:17:59.382Z"}
{"level":"debug","message":"[RISK-LOOP] checking 1 open position(s)","timestamp":"2026-06-03T15:18:40.814Z"}
{"level":"debug","message":"[LIVE] JUP/USDC: checkRisk price=0.21160000 SL=0.18897720 TP=0.22254800 HWM=0.18860000 entry=0.18860000","timestamp":"2026-06-03T15:18:41.258Z"}
{"level":"debug","message":"[RISK-LOOP] checking 1 open position(s)","timestamp":"2026-06-03T15:20:40.821Z"}
{"level":"debug","message":"[LIVE] JUP/USDC: checkRisk price=0.21140000 SL=0.18897720 TP=0.22254800 HWM=0.18860000 entry=0.18860000","timestamp":"2026-06-03T15:20:41.266Z"}
{"level":"debug","message":"[RISK-LOOP] checking 1 open position(s)","timestamp":"2026-06-03T15:22:40.858Z"}
{"level":"debug","message":"[LIVE] JUP/USDC: checkRisk price=0.21080000 SL=0.18897720 TP=0.22254800 HWM=0.18860000 entry=0.18860000","timestamp":"2026-06-03T15:22:41.125Z"}
{"level":"debug","message":"[RISK-LOOP] checking 1 open position(s)","timestamp":"2026-06-03T15:24:40.823Z"}
{"level":"debug","message":"[LIVE] JUP/USDC: checkRisk price=0.21170000 SL=0.18897720 TP=0.22254800 HWM=0.18860000 entry=0.18860000","timestamp":"2026-06-03T15:24:41.269Z"}
{"level":"debug","message":"[RISK-LOOP] checking 1 open position(s)","timestamp":"2026-06-03T15:26:40.821Z"}
{"level":"debug","message":"[LIVE] JUP/USDC: checkRisk price=0.21130000 SL=0.18897720 TP=0.22254800 HWM=0.18860000 entry=0.18860000","timestamp":"2026-06-03T15:26:41.267Z"}
{"level":"debug","message":"[RISK-LOOP] checking 1 open position(s)","timestamp":"2026-06-03T15:28:40.827Z"}
{"level":"debug","message":"[LIVE] JUP/USDC: checkRisk price=0.21210000 SL=0.18897720 TP=0.22254800 HWM=0.18860000 entry=0.18860000","timestamp":"2026-06-03T15:28:41.270Z"}
{"level":"debug","message":"[RISK-LOOP] checking 1 open position(s)","timestamp":"2026-06-03T15:30:40.830Z"}
{"level":"debug","message":"[LIVE] JUP/USDC: checkRisk price=0.21190000 SL=0.18897720 TP=0.22254800 HWM=0.18860000 entry=0.18860000","timestamp":"2026-06-03T15:30:41.276Z"}
{"level":"debug","message":"[RISK-LOOP] checking 1 open position(s)","timestamp":"2026-06-03T15:32:40.833Z"}
{"level":"debug","message":"[LIVE] JUP/USDC: checkRisk price=0.20860000 SL=0.18897720 TP=0.22254800 HWM=0.18860000 entry=0.18860000","timestamp":"2026-06-03T15:32:41.097Z"}
{"level":"info","message":"[MTF-CACHE] 15m refresh complete: 37/37 symbols","timestamp":"2026-06-03T15:32:59.492Z"}
{"level":"info","message":"[MTF-CACHE] 4h refresh complete: 37/37 symbols","timestamp":"2026-06-03T15:33:00.992Z"}
{"level":"debug","message":"[RISK-LOOP] checking 1 open position(s)","timestamp":"2026-06-03T15:34:40.822Z"}
{"level":"debug","message":"[LIVE] JUP/USDC: checkRisk price=0.20790000 SL=0.18897720 TP=0.22254800 HWM=0.18860000 entry=0.18860000","timestamp":"2026-06-03T15:34:41.268Z"}
{"level":"debug","message":"[RISK-LOOP] checking 1 open position(s)","timestamp":"2026-06-03T15:36:40.822Z"}
{"level":"debug","message":"[LIVE] JUP/USDC: checkRisk price=0.20970000 SL=0.18897720 TP=0.22254800 HWM=0.18860000 entry=0.18860000","timestamp":"2026-06-03T15:36:41.266Z"}
{"level":"debug","message":"[RISK-LOOP] checking 1 open position(s)","timestamp":"2026-06-03T15:38:40.830Z"}
{"level":"debug","message":"[LIVE] JUP/USDC: checkRisk price=0.20810000 SL=0.18897720 TP=0.22254800 HWM=0.18860000 entry=0.18860000","timestamp":"2026-06-03T15:38:41.273Z"}
{"level":"debug","message":"[RISK-LOOP] checking 1 open position(s)","timestamp":"2026-06-03T15:40:40.833Z"}
{"level":"debug","message":"[LIVE] JUP/USDC: checkRisk price=0.20850000 SL=0.18897720 TP=0.22254800 HWM=0.18860000 entry=0.18860000","timestamp":"2026-06-03T15:40:41.277Z"}
{"level":"debug","message":"[RISK-LOOP] checking 1 open position(s)","timestamp":"2026-06-03T15:42:40.831Z"}
{"level":"debug","message":"[LIVE] JUP/USDC: checkRisk price=0.20910000 SL=0.18897720 TP=0.22254800 HWM=0.18860000 entry=0.18860000","timestamp":"2026-06-03T15:42:41.094Z"}
{"level":"debug","message":"[RISK-LOOP] checking 1 open position(s)","timestamp":"2026-06-03T15:44:40.827Z"}
{"level":"debug","message":"[LIVE] JUP/USDC: checkRisk price=0.20960000 SL=0.18897720 TP=0.22254800 HWM=0.18860000 entry=0.18860000","timestamp":"2026-06-03T15:44:41.272Z"}
{"level":"debug","message":"[RISK-LOOP] checking 1 open position(s)","timestamp":"2026-06-03T15:46:40.834Z"}
{"level":"debug","message":"[LIVE] JUP/USDC: checkRisk price=0.20880000 SL=0.18897720 TP=0.22254800 HWM=0.18860000 entry=0.18860000","timestamp":"2026-06-03T15:46:41.279Z"}
{"level":"info","message":"[MTF-CACHE] 15m refresh complete: 37/37 symbols","timestamp":"2026-06-03T15:47:59.553Z"}
{"level":"debug","message":"[RISK-LOOP] checking 1 open position(s)","timestamp":"2026-06-03T15:48:40.839Z"}
{"level":"debug","message":"[LIVE] JUP/USDC: checkRisk price=0.20900000 SL=0.18897720 TP=0.22254800 HWM=0.18860000 entry=0.18860000","timestamp":"2026-06-03T15:48:41.283Z"}
{"level":"debug","message":"[RISK-LOOP] checking 1 open position(s)","timestamp":"2026-06-03T15:50:40.837Z"}
{"level":"debug","message":"[LIVE] JUP/USDC: checkRisk price=0.20910000 SL=0.18897720 TP=0.22254800 HWM=0.18860000 entry=0.18860000","timestamp":"2026-06-03T15:50:41.280Z"}
{"level":"debug","message":"[RISK-LOOP] checking 1 open position(s)","timestamp":"2026-06-03T15:52:40.830Z"}
{"level":"debug","message":"[LIVE] JUP/USDC: checkRisk price=0.21060000 SL=0.18897720 TP=0.22254800 HWM=0.18860000 entry=0.18860000","timestamp":"2026-06-03T15:52:41.093Z"}
{"level":"debug","message":"[RISK-LOOP] checking 1 open position(s)","timestamp":"2026-06-03T15:54:40.838Z"}
{"level":"debug","message":"[LIVE] JUP/USDC: checkRisk price=0.21070000 SL=0.18897720 TP=0.22254800 HWM=0.18860000 entry=0.18860000","timestamp":"2026-06-03T15:54:41.280Z"}
{"level":"debug","message":"[RISK-LOOP] checking 1 open position(s)","timestamp":"2026-06-03T15:56:40.831Z"}
{"level":"debug","message":"[LIVE] JUP/USDC: checkRisk price=0.21070000 SL=0.18897720 TP=0.22254800 HWM=0.18860000 entry=0.18860000","timestamp":"2026-06-03T15:56:41.272Z"}
{"level":"debug","message":"[RISK-LOOP] checking 1 open position(s)","timestamp":"2026-06-03T15:58:40.846Z"}
{"level":"debug","message":"[LIVE] JUP/USDC: checkRisk price=0.21050000 SL=0.18897720 TP=0.22254800 HWM=0.18860000 entry=0.18860000","timestamp":"2026-06-03T15:58:41.289Z"}
{"level":"debug","message":"[RISK-LOOP] checking 1 open position(s)","timestamp":"2026-06-03T16:00:40.843Z"}
{"level":"debug","message":"[LIVE] JUP/USDC: checkRisk price=0.21060000 SL=0.18897720 TP=0.22254800 HWM=0.18860000 entry=0.18860000","timestamp":"2026-06-03T16:00:41.289Z"}
{"level":"debug","message":"[RISK-LOOP] checking 1 open position(s)","timestamp":"2026-06-03T16:02:40.842Z"}
{"level":"debug","message":"[LIVE] JUP/USDC: checkRisk price=0.20950000 SL=0.18897720 TP=0.22254800 HWM=0.18860000 entry=0.18860000","timestamp":"2026-06-03T16:02:41.227Z"}
{"level":"info","message":"[MTF-CACHE] 15m refresh complete: 37/37 symbols","timestamp":"2026-06-03T16:02:59.854Z"}
{"level":"debug","message":"[RISK-LOOP] checking 1 open position(s)","timestamp":"2026-06-03T16:04:40.840Z"}
{"level":"debug","message":"[LIVE] JUP/USDC: checkRisk price=0.20960000 SL=0.18897720 TP=0.22254800 HWM=0.18860000 entry=0.18860000","timestamp":"2026-06-03T16:04:41.285Z"}
{"level":"debug","message":"[RISK-LOOP] checking 1 open position(s)","timestamp":"2026-06-03T16:06:40.840Z"}
{"level":"debug","message":"[LIVE] JUP/USDC: checkRisk price=0.21250000 SL=0.18897720 TP=0.22254800 HWM=0.18860000 entry=0.18860000","timestamp":"2026-06-03T16:06:41.285Z"}
{"level":"debug","message":"[RISK-LOOP] checking 1 open position(s)","timestamp":"2026-06-03T16:08:40.850Z"}
{"level":"debug","message":"[LIVE] JUP/USDC: checkRisk price=0.21020000 SL=0.18897720 TP=0.22254800 HWM=0.18860000 entry=0.18860000","timestamp":"2026-06-03T16:08:41.297Z"}
{"level":"debug","message":"[RISK-LOOP] checking 1 open position(s)","timestamp":"2026-06-03T16:10:40.840Z"}
{"level":"debug","message":"[LIVE] JUP/USDC: checkRisk price=0.21000000 SL=0.18897720 TP=0.22254800 HWM=0.18860000 entry=0.18860000","timestamp":"2026-06-03T16:10:41.284Z"}
{"level":"debug","message":"[RISK-LOOP] checking 1 open position(s)","timestamp":"2026-06-03T16:12:40.848Z"}
{"level":"debug","message":"[LIVE] JUP/USDC: checkRisk price=0.20940000 SL=0.18897720 TP=0.22254800 HWM=0.18860000 entry=0.18860000","timestamp":"2026-06-03T16:12:41.279Z"}
{"level":"debug","message":"[RISK-LOOP] checking 1 open position(s)","timestamp":"2026-06-03T16:14:40.836Z"}
{"level":"debug","message":"[LIVE] JUP/USDC: checkRisk price=0.20910000 SL=0.18897720 TP=0.22254800 HWM=0.18860000 entry=0.18860000","timestamp":"2026-06-03T16:14:41.281Z"}
{"level":"debug","message":"[RISK-LOOP] checking 1 open position(s)","timestamp":"2026-06-03T16:16:40.846Z"}
{"level":"debug","message":"[LIVE] JUP/USDC: checkRisk price=0.20990000 SL=0.18897720 TP=0.22254800 HWM=0.18860000 entry=0.18860000","timestamp":"2026-06-03T16:16:41.291Z"}
{"level":"info","message":"[MTF-CACHE] 15m refresh complete: 37/37 symbols","timestamp":"2026-06-03T16:18:00.010Z"}
{"level":"debug","message":"[RISK-LOOP] checking 1 open position(s)","timestamp":"2026-06-03T16:18:40.844Z"}
{"level":"debug","message":"[LIVE] JUP/USDC: checkRisk price=0.20910000 SL=0.18897720 TP=0.22254800 HWM=0.18860000 entry=0.18860000","timestamp":"2026-06-03T16:18:41.286Z"}
{"level":"debug","message":"[RISK-LOOP] checking 1 open position(s)","timestamp":"2026-06-03T16:20:40.844Z"}
{"level":"debug","message":"[LIVE] JUP/USDC: checkRisk price=0.20930000 SL=0.18897720 TP=0.22254800 HWM=0.18860000 entry=0.18860000","timestamp":"2026-06-03T16:20:41.286Z"}
{"level":"debug","message":"[RISK-LOOP] checking 1 open position(s)","timestamp":"2026-06-03T16:22:40.844Z"}
{"level":"debug","message":"[LIVE] JUP/USDC: checkRisk price=0.20800000 SL=0.18897720 TP=0.22254800 HWM=0.18860000 entry=0.18860000","timestamp":"2026-06-03T16:22:41.108Z"}
{"level":"debug","message":"[RISK-LOOP] checking 1 open position(s)","timestamp":"2026-06-03T16:24:40.846Z"}
{"level":"debug","message":"[LIVE] JUP/USDC: checkRisk price=0.20640000 SL=0.18897720 TP=0.22254800 HWM=0.18860000 entry=0.18860000","timestamp":"2026-06-03T16:24:41.288Z"}
{"level":"debug","message":"[RISK-LOOP] checking 1 open position(s)","timestamp":"2026-06-03T16:26:40.837Z"}
{"level":"debug","message":"[LIVE] JUP/USDC: checkRisk price=0.20340000 SL=0.18897720 TP=0.22254800 HWM=0.18860000 entry=0.18860000","timestamp":"2026-06-03T16:26:41.279Z"}
{"level":"debug","message":"[RISK-LOOP] checking 1 open position(s)","timestamp":"2026-06-03T16:28:40.853Z"}
{"level":"debug","message":"[LIVE] JUP/USDC: checkRisk price=0.20530000 SL=0.18897720 TP=0.22254800 HWM=0.18860000 entry=0.18860000","timestamp":"2026-06-03T16:28:41.299Z"}
{"level":"debug","message":"[RISK-LOOP] checking 1 open position(s)","timestamp":"2026-06-03T16:30:40.845Z"}
{"level":"debug","message":"[LIVE] JUP/USDC: checkRisk price=0.20400000 SL=0.18897720 TP=0.22254800 HWM=0.18860000 entry=0.18860000","timestamp":"2026-06-03T16:30:41.291Z"}
{"level":"debug","message":"[RISK-LOOP] checking 1 open position(s)","timestamp":"2026-06-03T16:32:40.841Z"}
{"level":"debug","message":"[LIVE] JUP/USDC: checkRisk price=0.20420000 SL=0.18897720 TP=0.22254800 HWM=0.18860000 entry=0.18860000","timestamp":"2026-06-03T16:32:41.171Z"}
{"level":"info","message":"[MTF-CACHE] 15m refresh complete: 37/37 symbols","timestamp":"2026-06-03T16:32:59.381Z"}
{"level":"debug","message":"[RISK-LOOP] checking 1 open position(s)","timestamp":"2026-06-03T16:34:40.836Z"}
{"level":"debug","message":"[LIVE] JUP/USDC: checkRisk price=0.20460000 SL=0.18897720 TP=0.22254800 HWM=0.18860000 entry=0.18860000","timestamp":"2026-06-03T16:34:41.281Z"}
{"level":"debug","message":"[RISK-LOOP] checking 1 open position(s)","timestamp":"2026-06-03T16:36:40.849Z"}
{"level":"debug","message":"[LIVE] JUP/USDC: checkRisk price=0.20430000 SL=0.18897720 TP=0.22254800 HWM=0.18860000 entry=0.18860000","timestamp":"2026-06-03T16:36:41.296Z"}
{"level":"debug","message":"[RISK-LOOP] checking 1 open position(s)","timestamp":"2026-06-03T16:38:40.846Z"}
{"level":"debug","message":"[LIVE] JUP/USDC: checkRisk price=0.20480000 SL=0.18897720 TP=0.22254800 HWM=0.18860000 entry=0.18860000","timestamp":"2026-06-03T16:38:41.292Z"}
{"level":"debug","message":"[RISK-LOOP] checking 1 open position(s)","timestamp":"2026-06-03T16:40:40.849Z"}
{"level":"debug","message":"[LIVE] JUP/USDC: checkRisk price=0.20490000 SL=0.18897720 TP=0.22254800 HWM=0.18860000 entry=0.18860000","timestamp":"2026-06-03T16:40:41.296Z"}
{"level":"debug","message":"[RISK-LOOP] checking 1 open position(s)","timestamp":"2026-06-03T16:42:40.896Z"}
{"level":"debug","message":"[LIVE] JUP/USDC: checkRisk price=0.20470000 SL=0.18897720 TP=0.22254800 HWM=0.18860000 entry=0.18860000","timestamp":"2026-06-03T16:42:41.220Z"}
{"level":"debug","message":"[RISK-LOOP] checking 1 open position(s)","timestamp":"2026-06-03T16:44:40.847Z"}
{"level":"debug","message":"[LIVE] JUP/USDC: checkRisk price=0.20490000 SL=0.18897720 TP=0.22254800 HWM=0.18860000 entry=0.18860000","timestamp":"2026-06-03T16:44:41.291Z"}
{"level":"debug","message":"[RISK-LOOP] checking 1 open position(s)","timestamp":"2026-06-03T16:46:40.841Z"}
{"level":"debug","message":"[LIVE] JUP/USDC: checkRisk price=0.20510000 SL=0.18897720 TP=0.22254800 HWM=0.18860000 entry=0.18860000","timestamp":"2026-06-03T16:46:41.291Z"}
{"level":"info","message":"[MTF-CACHE] 15m refresh complete: 37/37 symbols","timestamp":"2026-06-03T16:48:00.277Z"}
{"level":"debug","message":"[RISK-LOOP] checking 1 open position(s)","timestamp":"2026-06-03T16:48:40.849Z"}
{"level":"debug","message":"[LIVE] JUP/USDC: checkRisk price=0.20460000 SL=0.18897720 TP=0.22254800 HWM=0.18860000 entry=0.18860000","timestamp":"2026-06-03T16:48:41.297Z"}
{"level":"debug","message":"[RISK-LOOP] checking 1 open position(s)","timestamp":"2026-06-03T16:50:40.865Z"}
{"level":"debug","message":"[LIVE] JUP/USDC: checkRisk price=0.20440000 SL=0.18897720 TP=0.22254800 HWM=0.18860000 entry=0.18860000","timestamp":"2026-06-03T16:50:41.311Z"}
{"level":"debug","message":"[RISK-LOOP] checking 1 open position(s)","timestamp":"2026-06-03T16:52:40.894Z"}
{"level":"debug","message":"[LIVE] JUP/USDC: checkRisk price=0.20490000 SL=0.18897720 TP=0.22254800 HWM=0.18860000 entry=0.18860000","timestamp":"2026-06-03T16:52:41.217Z"}
{"level":"debug","message":"[RISK-LOOP] checking 1 open position(s)","timestamp":"2026-06-03T16:54:40.926Z"}
{"level":"debug","message":"[LIVE] JUP/USDC: checkRisk price=0.20510000 SL=0.18897720 TP=0.22254800 HWM=0.18860000 entry=0.18860000","timestamp":"2026-06-03T16:54:41.370Z"}
{"level":"debug","message":"[RISK-LOOP] checking 1 open position(s)","timestamp":"2026-06-03T16:56:40.947Z"}
{"level":"debug","message":"[LIVE] JUP/USDC: checkRisk price=0.20600000 SL=0.18897720 TP=0.22254800 HWM=0.18860000 entry=0.18860000","timestamp":"2026-06-03T16:56:41.391Z"}
{"level":"debug","message":"[RISK-LOOP] checking 1 open position(s)","timestamp":"2026-06-03T16:58:41.011Z"}
{"level":"debug","message":"[LIVE] JUP/USDC: checkRisk price=0.20580000 SL=0.18897720 TP=0.22254800 HWM=0.18860000 entry=0.18860000","timestamp":"2026-06-03T16:58:41.457Z"}
{"level":"debug","message":"[RISK-LOOP] checking 1 open position(s)","timestamp":"2026-06-03T17:00:41.044Z"}
{"level":"debug","message":"[LIVE] JUP/USDC: checkRisk price=0.20650000 SL=0.18897720 TP=0.22254800 HWM=0.18860000 entry=0.18860000","timestamp":"2026-06-03T17:00:41.491Z"}
{"level":"debug","message":"[RISK-LOOP] checking 1 open position(s)","timestamp":"2026-06-03T17:02:41.032Z"}
{"level":"debug","message":"[LIVE] JUP/USDC: checkRisk price=0.20570000 SL=0.18897720 TP=0.22254800 HWM=0.18860000 entry=0.18860000","timestamp":"2026-06-03T17:02:41.297Z"}
{"level":"info","message":"[MTF-CACHE] 15m refresh complete: 37/37 symbols","timestamp":"2026-06-03T17:02:59.850Z"}
{"level":"debug","message":"[RISK-LOOP] checking 1 open position(s)","timestamp":"2026-06-03T17:04:41.033Z"}
{"level":"debug","message":"[LIVE] JUP/USDC: checkRisk price=0.20430000 SL=0.18897720 TP=0.22254800 HWM=0.18860000 entry=0.18860000","timestamp":"2026-06-03T17:04:41.297Z"}
{"level":"debug","message":"[RISK-LOOP] checking 1 open position(s)","timestamp":"2026-06-03T17:06:41.023Z"}
{"level":"debug","message":"[LIVE] JUP/USDC: checkRisk price=0.20420000 SL=0.18897720 TP=0.22254800 HWM=0.18860000 entry=0.18860000","timestamp":"2026-06-03T17:06:41.284Z"}
{"level":"debug","message":"[RISK-LOOP] checking 1 open position(s)","timestamp":"2026-06-03T17:08:41.030Z"}
{"level":"debug","message":"[LIVE] JUP/USDC: checkRisk price=0.20420000 SL=0.18897720 TP=0.22254800 HWM=0.18860000 entry=0.18860000","timestamp":"2026-06-03T17:08:41.294Z"}
{"level":"debug","message":"[RISK-LOOP] checking 1 open position(s)","timestamp":"2026-06-03T17:10:41.029Z"}
{"level":"debug","message":"[LIVE] JUP/USDC: checkRisk price=0.20420000 SL=0.18897720 TP=0.22254800 HWM=0.18860000 entry=0.18860000","timestamp":"2026-06-03T17:10:41.293Z"}
{"level":"debug","message":"[RISK-LOOP] checking 1 open position(s)","timestamp":"2026-06-03T17:12:40.845Z"}
{"level":"debug","message":"[LIVE] JUP/USDC: checkRisk price=0.20520000 SL=0.18897720 TP=0.22254800 HWM=0.18860000 entry=0.18860000","timestamp":"2026-06-03T17:12:41.288Z"}
{"level":"debug","message":"[RISK-LOOP] checking 1 open position(s)","timestamp":"2026-06-03T17:14:40.848Z"}
{"level":"debug","message":"[LIVE] JUP/USDC: checkRisk price=0.20520000 SL=0.18897720 TP=0.22254800 HWM=0.18860000 entry=0.18860000","timestamp":"2026-06-03T17:14:41.295Z"}
{"level":"debug","message":"[RISK-LOOP] checking 1 open position(s)","timestamp":"2026-06-03T17:16:40.849Z"}
{"level":"debug","message":"[LIVE] JUP/USDC: checkRisk price=0.20550000 SL=0.18897720 TP=0.22254800 HWM=0.18860000 entry=0.18860000","timestamp":"2026-06-03T17:16:41.358Z"}
{"level":"info","message":"[MTF-CACHE] 15m refresh complete: 37/37 symbols","timestamp":"2026-06-03T17:17:59.945Z"}
{"level":"debug","message":"[RISK-LOOP] checking 1 open position(s)","timestamp":"2026-06-03T17:18:40.860Z"}
{"level":"debug","message":"[LIVE] JUP/USDC: checkRisk price=0.20610000 SL=0.18897720 TP=0.22254800 HWM=0.18860000 entry=0.18860000","timestamp":"2026-06-03T17:18:41.409Z"}
{"level":"debug","message":"[RISK-LOOP] checking 1 open position(s)","timestamp":"2026-06-03T17:20:40.861Z"}
{"level":"debug","message":"[LIVE] JUP/USDC: checkRisk price=0.20610000 SL=0.18897720 TP=0.22254800 HWM=0.18860000 entry=0.18860000","timestamp":"2026-06-03T17:20:41.475Z"}
{"level":"debug","message":"[RISK-LOOP] checking 1 open position(s)","timestamp":"2026-06-03T17:22:40.850Z"}
{"level":"debug","message":"[LIVE] JUP/USDC: checkRisk price=0.20690000 SL=0.18897720 TP=0.22254800 HWM=0.18860000 entry=0.18860000","timestamp":"2026-06-03T17:22:41.114Z"}
{"level":"debug","message":"[RISK-LOOP] checking 1 open position(s)","timestamp":"2026-06-03T17:24:40.854Z"}
{"level":"debug","message":"[LIVE] JUP/USDC: checkRisk price=0.20630000 SL=0.18897720 TP=0.22254800 HWM=0.18860000 entry=0.18860000","timestamp":"2026-06-03T17:24:41.298Z"}
{"level":"debug","message":"[RISK-LOOP] checking 1 open position(s)","timestamp":"2026-06-03T17:26:40.854Z"}
{"level":"debug","message":"[LIVE] JUP/USDC: checkRisk price=0.20740000 SL=0.18897720 TP=0.22254800 HWM=0.18860000 entry=0.18860000","timestamp":"2026-06-03T17:26:41.304Z"}
{"level":"debug","message":"[RISK-LOOP] checking 1 open position(s)","timestamp":"2026-06-03T17:28:40.856Z"}
{"level":"debug","message":"[LIVE] JUP/USDC: checkRisk price=0.20760000 SL=0.18897720 TP=0.22254800 HWM=0.18860000 entry=0.18860000","timestamp":"2026-06-03T17:28:41.300Z"}
{"level":"debug","message":"[RISK-LOOP] checking 1 open position(s)","timestamp":"2026-06-03T17:30:40.852Z"}
{"level":"debug","message":"[LIVE] JUP/USDC: checkRisk price=0.20820000 SL=0.18897720 TP=0.22254800 HWM=0.18860000 entry=0.18860000","timestamp":"2026-06-03T17:30:41.296Z"}
{"level":"debug","message":"[RISK-LOOP] checking 1 open position(s)","timestamp":"2026-06-03T17:32:40.865Z"}
{"level":"debug","message":"[LIVE] JUP/USDC: checkRisk price=0.20860000 SL=0.18897720 TP=0.22254800 HWM=0.18860000 entry=0.18860000","timestamp":"2026-06-03T17:32:41.131Z"}
{"level":"info","message":"[MTF-CACHE] 15m refresh complete: 37/37 symbols","timestamp":"2026-06-03T17:32:59.562Z"}
{"level":"debug","message":"[RISK-LOOP] checking 1 open position(s)","timestamp":"2026-06-03T17:34:40.853Z"}
{"level":"debug","message":"[LIVE] JUP/USDC: checkRisk price=0.20910000 SL=0.18897720 TP=0.22254800 HWM=0.18860000 entry=0.18860000","timestamp":"2026-06-03T17:34:41.296Z"}
{"level":"debug","message":"[RISK-LOOP] checking 1 open position(s)","timestamp":"2026-06-03T17:36:40.857Z"}
{"level":"debug","message":"[LIVE] JUP/USDC: checkRisk price=0.20870000 SL=0.18897720 TP=0.22254800 HWM=0.18860000 entry=0.18860000","timestamp":"2026-06-03T17:36:41.300Z"}
{"level":"debug","message":"[RISK-LOOP] checking 1 open position(s)","timestamp":"2026-06-03T17:38:40.858Z"}
{"level":"debug","message":"[LIVE] JUP/USDC: checkRisk price=0.20860000 SL=0.18897720 TP=0.22254800 HWM=0.18860000 entry=0.18860000","timestamp":"2026-06-03T17:38:41.304Z"}
{"level":"debug","message":"[RISK-LOOP] checking 1 open position(s)","timestamp":"2026-06-03T17:40:40.853Z"}
{"level":"debug","message":"[LIVE] JUP/USDC: checkRisk price=0.20820000 SL=0.18897720 TP=0.22254800 HWM=0.18860000 entry=0.18860000","timestamp":"2026-06-03T17:40:41.296Z"}
{"level":"debug","message":"[RISK-LOOP] checking 1 open position(s)","timestamp":"2026-06-03T17:42:40.864Z"}
{"level":"debug","message":"[LIVE] JUP/USDC: checkRisk price=0.20880000 SL=0.18897720 TP=0.22254800 HWM=0.18860000 entry=0.18860000","timestamp":"2026-06-03T17:42:41.137Z"}
{"level":"debug","message":"[RISK-LOOP] checking 1 open position(s)","timestamp":"2026-06-03T17:44:40.867Z"}
{"level":"debug","message":"[LIVE] JUP/USDC: checkRisk price=0.20820000 SL=0.18897720 TP=0.22254800 HWM=0.18860000 entry=0.18860000","timestamp":"2026-06-03T17:44:41.314Z"}
{"level":"debug","message":"[RISK-LOOP] checking 1 open position(s)","timestamp":"2026-06-03T17:46:40.866Z"}
{"level":"debug","message":"[LIVE] JUP/USDC: checkRisk price=0.20820000 SL=0.18897720 TP=0.22254800 HWM=0.18860000 entry=0.18860000","timestamp":"2026-06-03T17:46:41.310Z"}
{"level":"info","message":"[MTF-CACHE] 15m refresh complete: 37/37 symbols","timestamp":"2026-06-03T17:47:59.385Z"}
{"level":"debug","message":"[RISK-LOOP] checking 1 open position(s)","timestamp":"2026-06-03T17:48:40.863Z"}
{"level":"debug","message":"[LIVE] JUP/USDC: checkRisk price=0.20760000 SL=0.18897720 TP=0.22254800 HWM=0.18860000 entry=0.18860000","timestamp":"2026-06-03T17:48:41.308Z"}
{"level":"debug","message":"[RISK-LOOP] checking 1 open position(s)","timestamp":"2026-06-03T17:50:40.873Z"}
{"level":"debug","message":"[LIVE] JUP/USDC: checkRisk price=0.20600000 SL=0.18897720 TP=0.22254800 HWM=0.18860000 entry=0.18860000","timestamp":"2026-06-03T17:50:41.317Z"}
{"level":"debug","message":"[RISK-LOOP] checking 1 open position(s)","timestamp":"2026-06-03T17:52:40.921Z"}
{"level":"debug","message":"[LIVE] JUP/USDC: checkRisk price=0.20570000 SL=0.18897720 TP=0.22254800 HWM=0.18860000 entry=0.18860000","timestamp":"2026-06-03T17:52:41.312Z"}
{"level":"debug","message":"[RISK-LOOP] checking 1 open position(s)","timestamp":"2026-06-03T17:54:40.879Z"}
{"level":"debug","message":"[LIVE] JUP/USDC: checkRisk price=0.20500000 SL=0.18897720 TP=0.22254800 HWM=0.18860000 entry=0.18860000","timestamp":"2026-06-03T17:54:41.324Z"}
{"level":"debug","message":"[RISK-LOOP] checking 1 open position(s)","timestamp":"2026-06-03T17:56:40.869Z"}
{"level":"debug","message":"[LIVE] JUP/USDC: checkRisk price=0.20560000 SL=0.18897720 TP=0.22254800 HWM=0.18860000 entry=0.18860000","timestamp":"2026-06-03T17:56:41.311Z"}
{"level":"debug","message":"[RISK-LOOP] checking 1 open position(s)","timestamp":"2026-06-03T17:58:40.877Z"}
{"level":"debug","message":"[LIVE] JUP/USDC: checkRisk price=0.20560000 SL=0.18897720 TP=0.22254800 HWM=0.18860000 entry=0.18860000","timestamp":"2026-06-03T17:58:41.320Z"}
{"level":"debug","message":"[RISK-LOOP] checking 1 open position(s)","timestamp":"2026-06-03T18:00:40.878Z"}
{"level":"debug","message":"[LIVE] JUP/USDC: checkRisk price=0.20610000 SL=0.18897720 TP=0.22254800 HWM=0.18860000 entry=0.18860000","timestamp":"2026-06-03T18:00:41.322Z"}
{"level":"debug","message":"[RISK-LOOP] checking 1 open position(s)","timestamp":"2026-06-03T18:02:40.866Z"}
{"level":"debug","message":"[LIVE] JUP/USDC: checkRisk price=0.20670000 SL=0.18897720 TP=0.22254800 HWM=0.18860000 entry=0.18860000","timestamp":"2026-06-03T18:02:41.129Z"}
{"level":"info","message":"[MTF-CACHE] 15m refresh complete: 37/37 symbols","timestamp":"2026-06-03T18:02:59.855Z"}
{"level":"debug","message":"[RISK-LOOP] checking 1 open position(s)","timestamp":"2026-06-03T18:04:40.876Z"}
{"level":"debug","message":"[LIVE] JUP/USDC: checkRisk price=0.20620000 SL=0.18897720 TP=0.22254800 HWM=0.18860000 entry=0.18860000","timestamp":"2026-06-03T18:04:41.319Z"}
{"level":"debug","message":"[RISK-LOOP] checking 1 open position(s)","timestamp":"2026-06-03T18:06:40.868Z"}
{"level":"debug","message":"[LIVE] JUP/USDC: checkRisk price=0.20580000 SL=0.18897720 TP=0.22254800 HWM=0.18860000 entry=0.18860000","timestamp":"2026-06-03T18:06:41.312Z"}
{"level":"debug","message":"[RISK-LOOP] checking 1 open position(s)","timestamp":"2026-06-03T18:08:40.873Z"}
{"level":"debug","message":"[LIVE] JUP/USDC: checkRisk price=0.20600000 SL=0.18897720 TP=0.22254800 HWM=0.18860000 entry=0.18860000","timestamp":"2026-06-03T18:08:41.318Z"}
{"level":"debug","message":"[RISK-LOOP] checking 1 open position(s)","timestamp":"2026-06-03T18:10:40.887Z"}
{"level":"debug","message":"[LIVE] JUP/USDC: checkRisk price=0.20600000 SL=0.18897720 TP=0.22254800 HWM=0.18860000 entry=0.18860000","timestamp":"2026-06-03T18:10:41.332Z"}
{"level":"debug","message":"[RISK-LOOP] checking 1 open position(s)","timestamp":"2026-06-03T18:12:40.926Z"}
{"level":"debug","message":"[LIVE] JUP/USDC: checkRisk price=0.20520000 SL=0.18897720 TP=0.22254800 HWM=0.18860000 entry=0.18860000","timestamp":"2026-06-03T18:12:41.323Z"}
{"level":"debug","message":"[RISK-LOOP] checking 1 open position(s)","timestamp":"2026-06-03T18:14:40.878Z"}
{"level":"debug","message":"[LIVE] JUP/USDC: checkRisk price=0.20550000 SL=0.18897720 TP=0.22254800 HWM=0.18860000 entry=0.18860000","timestamp":"2026-06-03T18:14:41.323Z"}
{"level":"debug","message":"[RISK-LOOP] checking 1 open position(s)","timestamp":"2026-06-03T18:16:40.875Z"}
{"level":"debug","message":"[LIVE] JUP/USDC: checkRisk price=0.20450000 SL=0.18897720 TP=0.22254800 HWM=0.18860000 entry=0.18860000","timestamp":"2026-06-03T18:16:41.323Z"}
{"level":"info","message":"[MTF-CACHE] 15m refresh complete: 37/37 symbols","timestamp":"2026-06-03T18:18:00.772Z"}
{"level":"debug","message":"[RISK-LOOP] checking 1 open position(s)","timestamp":"2026-06-03T18:18:40.881Z"}
{"level":"debug","message":"[LIVE] JUP/USDC: checkRisk price=0.20500000 SL=0.18897720 TP=0.22254800 HWM=0.18860000 entry=0.18860000","timestamp":"2026-06-03T18:18:41.326Z"}
{"level":"debug","message":"[RISK-LOOP] checking 1 open position(s)","timestamp":"2026-06-03T18:20:40.884Z"}
{"level":"debug","message":"[LIVE] JUP/USDC: checkRisk price=0.20450000 SL=0.18897720 TP=0.22254800 HWM=0.18860000 entry=0.18860000","timestamp":"2026-06-03T18:20:41.337Z"}
{"level":"debug","message":"[RISK-LOOP] checking 1 open position(s)","timestamp":"2026-06-03T18:22:40.930Z"}
{"level":"debug","message":"[LIVE] JUP/USDC: checkRisk price=0.20480000 SL=0.18897720 TP=0.22254800 HWM=0.18860000 entry=0.18860000","timestamp":"2026-06-03T18:22:41.319Z"}
{"level":"debug","message":"[RISK-LOOP] checking 1 open position(s)","timestamp":"2026-06-03T18:24:40.886Z"}
{"level":"debug","message":"[LIVE] JUP/USDC: checkRisk price=0.20440000 SL=0.18897720 TP=0.22254800 HWM=0.18860000 entry=0.18860000","timestamp":"2026-06-03T18:24:41.326Z"}
{"level":"debug","message":"[RISK-LOOP] checking 1 open position(s)","timestamp":"2026-06-03T18:26:40.876Z"}
{"level":"debug","message":"[LIVE] JUP/USDC: checkRisk price=0.20370000 SL=0.18897720 TP=0.22254800 HWM=0.18860000 entry=0.18860000","timestamp":"2026-06-03T18:26:41.320Z"}
{"level":"debug","message":"[RISK-LOOP] checking 1 open position(s)","timestamp":"2026-06-03T18:28:40.879Z"}
{"level":"debug","message":"[LIVE] JUP/USDC: checkRisk price=0.20380000 SL=0.18897720 TP=0.22254800 HWM=0.18860000 entry=0.18860000","timestamp":"2026-06-03T18:28:41.325Z"}
{"level":"debug","message":"[RISK-LOOP] checking 1 open position(s)","timestamp":"2026-06-03T18:30:40.895Z"}
{"level":"debug","message":"[LIVE] JUP/USDC: checkRisk price=0.20370000 SL=0.18897720 TP=0.22254800 HWM=0.18860000 entry=0.18860000","timestamp":"2026-06-03T18:30:41.340Z"}
{"level":"debug","message":"[RISK-LOOP] checking 1 open position(s)","timestamp":"2026-06-03T18:32:40.919Z"}
{"level":"debug","message":"[LIVE] JUP/USDC: checkRisk price=0.20410000 SL=0.18897720 TP=0.22254800 HWM=0.18860000 entry=0.18860000","timestamp":"2026-06-03T18:32:41.315Z"}
{"level":"info","message":"[MTF-CACHE] 15m refresh complete: 37/37 symbols","timestamp":"2026-06-03T18:32:59.551Z"}
{"level":"debug","message":"[RISK-LOOP] checking 1 open position(s)","timestamp":"2026-06-03T18:34:40.877Z"}
{"level":"debug","message":"[LIVE] JUP/USDC: checkRisk price=0.20360000 SL=0.18897720 TP=0.22254800 HWM=0.18860000 entry=0.18860000","timestamp":"2026-06-03T18:34:41.320Z"}
{"level":"debug","message":"[RISK-LOOP] checking 1 open position(s)","timestamp":"2026-06-03T18:36:40.882Z"}
{"level":"debug","message":"[LIVE] JUP/USDC: checkRisk price=0.20330000 SL=0.18897720 TP=0.22254800 HWM=0.18860000 entry=0.18860000","timestamp":"2026-06-03T18:36:41.327Z"}
{"level":"debug","message":"[RISK-LOOP] checking 1 open position(s)","timestamp":"2026-06-03T18:38:40.883Z"}
{"level":"debug","message":"[LIVE] JUP/USDC: checkRisk price=0.20440000 SL=0.18897720 TP=0.22254800 HWM=0.18860000 entry=0.18860000","timestamp":"2026-06-03T18:38:41.329Z"}
{"level":"debug","message":"[RISK-LOOP] checking 1 open position(s)","timestamp":"2026-06-03T18:40:40.892Z"}
{"level":"debug","message":"[LIVE] JUP/USDC: checkRisk price=0.20450000 SL=0.18897720 TP=0.22254800 HWM=0.18860000 entry=0.18860000","timestamp":"2026-06-03T18:40:41.334Z"}
{"level":"debug","message":"[RISK-LOOP] checking 1 open position(s)","timestamp":"2026-06-03T18:42:40.940Z"}
{"level":"debug","message":"[LIVE] JUP/USDC: checkRisk price=0.20480000 SL=0.18897720 TP=0.22254800 HWM=0.18860000 entry=0.18860000","timestamp":"2026-06-03T18:42:41.336Z"}
{"level":"debug","message":"[RISK-LOOP] checking 1 open position(s)","timestamp":"2026-06-03T18:44:40.896Z"}
{"level":"debug","message":"[LIVE] JUP/USDC: checkRisk price=0.20480000 SL=0.18897720 TP=0.22254800 HWM=0.18860000 entry=0.18860000","timestamp":"2026-06-03T18:44:41.346Z"}
{"level":"debug","message":"[RISK-LOOP] checking 1 open position(s)","timestamp":"2026-06-03T18:46:40.890Z"}
{"level":"debug","message":"[LIVE] JUP/USDC: checkRisk price=0.20530000 SL=0.18897720 TP=0.22254800 HWM=0.18860000 entry=0.18860000","timestamp":"2026-06-03T18:46:41.333Z"}
{"level":"info","message":"[MTF-CACHE] 15m refresh complete: 37/37 symbols","timestamp":"2026-06-03T18:47:59.422Z"}
{"level":"debug","message":"[RISK-LOOP] checking 1 open position(s)","timestamp":"2026-06-03T18:48:40.895Z"}
{"level":"debug","message":"[LIVE] JUP/USDC: checkRisk price=0.20520000 SL=0.18897720 TP=0.22254800 HWM=0.18860000 entry=0.18860000","timestamp":"2026-06-03T18:48:41.340Z"}
{"level":"debug","message":"[RISK-LOOP] checking 1 open position(s)","timestamp":"2026-06-03T18:50:40.893Z"}
{"level":"debug","message":"[LIVE] JUP/USDC: checkRisk price=0.20520000 SL=0.18897720 TP=0.22254800 HWM=0.18860000 entry=0.18860000","timestamp":"2026-06-03T18:50:41.334Z"}
{"level":"debug","message":"[RISK-LOOP] checking 1 open position(s)","timestamp":"2026-06-03T18:52:40.936Z"}
{"level":"debug","message":"[LIVE] JUP/USDC: checkRisk price=0.20560000 SL=0.18897720 TP=0.22254800 HWM=0.18860000 entry=0.18860000","timestamp":"2026-06-03T18:52:41.323Z"}
{"level":"debug","message":"[RISK-LOOP] checking 1 open position(s)","timestamp":"2026-06-03T18:54:40.896Z"}
{"level":"debug","message":"[LIVE] JUP/USDC: checkRisk price=0.20610000 SL=0.18897720 TP=0.22254800 HWM=0.18860000 entry=0.18860000","timestamp":"2026-06-03T18:54:41.340Z"}
{"level":"debug","message":"[RISK-LOOP] checking 1 open position(s)","timestamp":"2026-06-03T18:56:40.895Z"}
{"level":"debug","message":"[LIVE] JUP/USDC: checkRisk price=0.20630000 SL=0.18897720 TP=0.22254800 HWM=0.18860000 entry=0.18860000","timestamp":"2026-06-03T18:56:41.339Z"}
{"level":"debug","message":"[RISK-LOOP] checking 1 open position(s)","timestamp":"2026-06-03T18:58:40.893Z"}
{"level":"debug","message":"[LIVE] JUP/USDC: checkRisk price=0.20630000 SL=0.18897720 TP=0.22254800 HWM=0.18860000 entry=0.18860000","timestamp":"2026-06-03T18:58:41.335Z"}
{"level":"debug","message":"[RISK-LOOP] checking 1 open position(s)","timestamp":"2026-06-03T19:00:40.894Z"}
{"level":"debug","message":"[LIVE] JUP/USDC: checkRisk price=0.20570000 SL=0.18897720 TP=0.22254800 HWM=0.18860000 entry=0.18860000","timestamp":"2026-06-03T19:00:41.339Z"}
{"level":"debug","message":"[RISK-LOOP] checking 1 open position(s)","timestamp":"2026-06-03T19:02:40.893Z"}
{"level":"debug","message":"[LIVE] JUP/USDC: checkRisk price=0.20600000 SL=0.18897720 TP=0.22254800 HWM=0.18860000 entry=0.18860000","timestamp":"2026-06-03T19:02:41.155Z"}
{"level":"info","message":"[MTF-CACHE] 15m refresh complete: 37/37 symbols","timestamp":"2026-06-03T19:03:00.007Z"}
{"level":"debug","message":"[RISK-LOOP] checking 1 open position(s)","timestamp":"2026-06-03T19:04:40.897Z"}
{"level":"debug","message":"[LIVE] JUP/USDC: checkRisk price=0.20610000 SL=0.18897720 TP=0.22254800 HWM=0.18860000 entry=0.18860000","timestamp":"2026-06-03T19:04:41.342Z"}
{"level":"debug","message":"[RISK-LOOP] checking 1 open position(s)","timestamp":"2026-06-03T19:06:40.900Z"}
{"level":"debug","message":"[LIVE] JUP/USDC: checkRisk price=0.20610000 SL=0.18897720 TP=0.22254800 HWM=0.18860000 entry=0.18860000","timestamp":"2026-06-03T19:06:41.342Z"}
{"level":"debug","message":"[RISK-LOOP] checking 1 open position(s)","timestamp":"2026-06-03T19:08:40.901Z"}
{"level":"debug","message":"[LIVE] JUP/USDC: checkRisk price=0.20610000 SL=0.18897720 TP=0.22254800 HWM=0.18860000 entry=0.18860000","timestamp":"2026-06-03T19:08:41.344Z"}
{"level":"debug","message":"[RISK-LOOP] checking 1 open position(s)","timestamp":"2026-06-03T19:10:40.909Z"}
{"level":"debug","message":"[LIVE] JUP/USDC: checkRisk price=0.20540000 SL=0.18897720 TP=0.22254800 HWM=0.18860000 entry=0.18860000","timestamp":"2026-06-03T19:10:41.353Z"}
{"level":"debug","message":"[RISK-LOOP] checking 1 open position(s)","timestamp":"2026-06-03T19:12:40.904Z"}
{"level":"debug","message":"[LIVE] JUP/USDC: checkRisk price=0.20580000 SL=0.18897720 TP=0.22254800 HWM=0.18860000 entry=0.18860000","timestamp":"2026-06-03T19:12:41.214Z"}
{"level":"debug","message":"[RISK-LOOP] checking 1 open position(s)","timestamp":"2026-06-03T19:14:40.904Z"}
{"level":"debug","message":"[LIVE] JUP/USDC: checkRisk price=0.20580000 SL=0.18897720 TP=0.22254800 HWM=0.18860000 entry=0.18860000","timestamp":"2026-06-03T19:14:41.349Z"}
{"level":"debug","message":"[RISK-LOOP] checking 1 open position(s)","timestamp":"2026-06-03T19:16:40.899Z"}
{"level":"debug","message":"[LIVE] JUP/USDC: checkRisk price=0.20640000 SL=0.18897720 TP=0.22254800 HWM=0.18860000 entry=0.18860000","timestamp":"2026-06-03T19:16:41.341Z"}
{"level":"info","message":"[MTF-CACHE] 15m refresh complete: 37/37 symbols","timestamp":"2026-06-03T19:17:59.388Z"}
{"level":"debug","message":"[RISK-LOOP] checking 1 open position(s)","timestamp":"2026-06-03T19:18:40.907Z"}
{"level":"debug","message":"[LIVE] JUP/USDC: checkRisk price=0.20580000 SL=0.18897720 TP=0.22254800 HWM=0.18860000 entry=0.18860000","timestamp":"2026-06-03T19:18:41.348Z"}
{"level":"debug","message":"[RISK-LOOP] checking 1 open position(s)","timestamp":"2026-06-03T19:20:40.914Z"}
{"level":"debug","message":"[LIVE] JUP/USDC: checkRisk price=0.20520000 SL=0.18897720 TP=0.22254800 HWM=0.18860000 entry=0.18860000","timestamp":"2026-06-03T19:20:41.363Z"}
{"level":"debug","message":"[RISK-LOOP] checking 1 open position(s)","timestamp":"2026-06-03T19:22:40.906Z"}
{"level":"debug","message":"[LIVE] JUP/USDC: checkRisk price=0.20470000 SL=0.18897720 TP=0.22254800 HWM=0.18860000 entry=0.18860000","timestamp":"2026-06-03T19:22:41.327Z"}
{"level":"debug","message":"[RISK-LOOP] checking 1 open position(s)","timestamp":"2026-06-03T19:24:40.905Z"}
{"level":"debug","message":"[LIVE] JUP/USDC: checkRisk price=0.20450000 SL=0.18897720 TP=0.22254800 HWM=0.18860000 entry=0.18860000","timestamp":"2026-06-03T19:24:41.348Z"}
{"level":"debug","message":"[RISK-LOOP] checking 1 open position(s)","timestamp":"2026-06-03T19:26:40.904Z"}
{"level":"debug","message":"[LIVE] JUP/USDC: checkRisk price=0.20420000 SL=0.18897720 TP=0.22254800 HWM=0.18860000 entry=0.18860000","timestamp":"2026-06-03T19:26:41.349Z"}
{"level":"debug","message":"[RISK-LOOP] checking 1 open position(s)","timestamp":"2026-06-03T19:28:40.904Z"}
{"level":"debug","message":"[LIVE] JUP/USDC: checkRisk price=0.20390000 SL=0.18897720 TP=0.22254800 HWM=0.18860000 entry=0.18860000","timestamp":"2026-06-03T19:28:41.346Z"}
{"level":"debug","message":"[RISK-LOOP] checking 1 open position(s)","timestamp":"2026-06-03T19:30:40.901Z"}
{"level":"debug","message":"[LIVE] JUP/USDC: checkRisk price=0.20380000 SL=0.18897720 TP=0.22254800 HWM=0.18860000 entry=0.18860000","timestamp":"2026-06-03T19:30:41.345Z"}
{"level":"debug","message":"[RISK-LOOP] checking 1 open position(s)","timestamp":"2026-06-03T19:32:40.905Z"}
{"level":"debug","message":"[LIVE] JUP/USDC: checkRisk price=0.20360000 SL=0.18897720 TP=0.22254800 HWM=0.18860000 entry=0.18860000","timestamp":"2026-06-03T19:32:41.189Z"}
{"level":"info","message":"[MTF-CACHE] 15m refresh complete: 37/37 symbols","timestamp":"2026-06-03T19:32:59.217Z"}
{"level":"info","message":"[MTF-CACHE] 4h refresh complete: 37/37 symbols","timestamp":"2026-06-03T19:33:00.895Z"}
{"level":"debug","message":"[RISK-LOOP] checking 1 open position(s)","timestamp":"2026-06-03T19:34:40.902Z"}
{"level":"debug","message":"[LIVE] JUP/USDC: checkRisk price=0.20360000 SL=0.18897720 TP=0.22254800 HWM=0.18860000 entry=0.18860000","timestamp":"2026-06-03T19:34:41.348Z"}
{"level":"debug","message":"[RISK-LOOP] checking 1 open position(s)","timestamp":"2026-06-03T19:36:40.900Z"}
{"level":"debug","message":"[LIVE] JUP/USDC: checkRisk price=0.20420000 SL=0.18897720 TP=0.22254800 HWM=0.18860000 entry=0.18860000","timestamp":"2026-06-03T19:36:41.344Z"}
{"level":"debug","message":"[RISK-LOOP] checking 1 open position(s)","timestamp":"2026-06-03T19:38:40.905Z"}
{"level":"debug","message":"[LIVE] JUP/USDC: checkRisk price=0.20420000 SL=0.18897720 TP=0.22254800 HWM=0.18860000 entry=0.18860000","timestamp":"2026-06-03T19:38:41.348Z"}
{"level":"debug","message":"[RISK-LOOP] checking 1 open position(s)","timestamp":"2026-06-03T19:40:40.908Z"}
{"level":"debug","message":"[LIVE] JUP/USDC: checkRisk price=0.20420000 SL=0.18897720 TP=0.22254800 HWM=0.18860000 entry=0.18860000","timestamp":"2026-06-03T19:40:41.352Z"}
{"level":"debug","message":"[RISK-LOOP] checking 1 open position(s)","timestamp":"2026-06-03T19:42:40.953Z"}
{"level":"debug","message":"[LIVE] JUP/USDC: checkRisk price=0.20610000 SL=0.18897720 TP=0.22254800 HWM=0.18860000 entry=0.18860000","timestamp":"2026-06-03T19:42:41.249Z"}
{"level":"debug","message":"[RISK-LOOP] checking 1 open position(s)","timestamp":"2026-06-03T19:44:40.906Z"}
{"level":"debug","message":"[LIVE] JUP/USDC: checkRisk price=0.20620000 SL=0.18897720 TP=0.22254800 HWM=0.18860000 entry=0.18860000","timestamp":"2026-06-03T19:44:41.350Z"}
{"level":"debug","message":"[RISK-LOOP] checking 1 open position(s)","timestamp":"2026-06-03T19:46:40.916Z"}
{"level":"debug","message":"[LIVE] JUP/USDC: checkRisk price=0.20620000 SL=0.18897720 TP=0.22254800 HWM=0.18860000 entry=0.18860000","timestamp":"2026-06-03T19:46:41.362Z"}
{"level":"info","message":"[MTF-CACHE] 15m refresh complete: 37/37 symbols","timestamp":"2026-06-03T19:47:59.370Z"}
{"level":"debug","message":"[RISK-LOOP] checking 1 open position(s)","timestamp":"2026-06-03T19:48:40.964Z"}
{"level":"debug","message":"[LIVE] JUP/USDC: checkRisk price=0.20580000 SL=0.18897720 TP=0.22254800 HWM=0.18860000 entry=0.18860000","timestamp":"2026-06-03T19:48:41.407Z"}
{"level":"debug","message":"[RISK-LOOP] checking 1 open position(s)","timestamp":"2026-06-03T19:50:41.023Z"}
{"level":"debug","message":"[LIVE] JUP/USDC: checkRisk price=0.20440000 SL=0.18897720 TP=0.22254800 HWM=0.18860000 entry=0.18860000","timestamp":"2026-06-03T19:50:41.481Z"}
{"level":"debug","message":"[RISK-LOOP] checking 1 open position(s)","timestamp":"2026-06-03T19:52:40.957Z"}
{"level":"debug","message":"[LIVE] JUP/USDC: checkRisk price=0.20380000 SL=0.18897720 TP=0.22254800 HWM=0.18860000 entry=0.18860000","timestamp":"2026-06-03T19:52:41.260Z"}
{"level":"debug","message":"[RISK-LOOP] checking 1 open position(s)","timestamp":"2026-06-03T19:54:41.082Z"}
{"level":"debug","message":"[LIVE] JUP/USDC: checkRisk price=0.20360000 SL=0.18897720 TP=0.22254800 HWM=0.18860000 entry=0.18860000","timestamp":"2026-06-03T19:54:41.350Z"}
{"level":"debug","message":"[RISK-LOOP] checking 1 open position(s)","timestamp":"2026-06-03T19:56:41.110Z"}
{"level":"debug","message":"[LIVE] JUP/USDC: checkRisk price=0.20300000 SL=0.18897720 TP=0.22254800 HWM=0.18860000 entry=0.18860000","timestamp":"2026-06-03T19:56:41.380Z"}
{"level":"debug","message":"[RISK-LOOP] checking 1 open position(s)","timestamp":"2026-06-03T19:58:41.093Z"}
{"level":"debug","message":"[LIVE] JUP/USDC: checkRisk price=0.20280000 SL=0.18897720 TP=0.22254800 HWM=0.18860000 entry=0.18860000","timestamp":"2026-06-03T19:58:41.358Z"}
{"level":"debug","message":"[RISK-LOOP] checking 1 open position(s)","timestamp":"2026-06-03T20:00:41.089Z"}
{"level":"debug","message":"[LIVE] JUP/USDC: checkRisk price=0.20200000 SL=0.18897720 TP=0.22254800 HWM=0.18860000 entry=0.18860000","timestamp":"2026-06-03T20:00:41.354Z"}
{"level":"debug","message":"[RISK-LOOP] checking 1 open position(s)","timestamp":"2026-06-03T20:02:40.908Z"}
{"level":"debug","message":"[LIVE] JUP/USDC: checkRisk price=0.20190000 SL=0.18897720 TP=0.22254800 HWM=0.18860000 entry=0.18860000","timestamp":"2026-06-03T20:02:41.329Z"}
{"level":"info","message":"[MTF-CACHE] 15m refresh complete: 37/37 symbols","timestamp":"2026-06-03T20:03:00.096Z"}
{"level":"debug","message":"[RISK-LOOP] checking 1 open position(s)","timestamp":"2026-06-03T20:04:40.908Z"}
{"level":"debug","message":"[LIVE] JUP/USDC: checkRisk price=0.20210000 SL=0.18897720 TP=0.22254800 HWM=0.18860000 entry=0.18860000","timestamp":"2026-06-03T20:04:41.355Z"}
{"level":"debug","message":"[RISK-LOOP] checking 1 open position(s)","timestamp":"2026-06-03T20:06:40.911Z"}
{"level":"debug","message":"[LIVE] JUP/USDC: checkRisk price=0.20340000 SL=0.18897720 TP=0.22254800 HWM=0.18860000 entry=0.18860000","timestamp":"2026-06-03T20:06:41.394Z"}
{"level":"debug","message":"[RISK-LOOP] checking 1 open position(s)","timestamp":"2026-06-03T20:08:40.911Z"}
{"level":"debug","message":"[LIVE] JUP/USDC: checkRisk price=0.20390000 SL=0.18897720 TP=0.22254800 HWM=0.18860000 entry=0.18860000","timestamp":"2026-06-03T20:08:41.446Z"}
{"level":"debug","message":"[RISK-LOOP] checking 1 open position(s)","timestamp":"2026-06-03T20:10:40.917Z"}
{"level":"debug","message":"[LIVE] JUP/USDC: checkRisk price=0.20350000 SL=0.18897720 TP=0.22254800 HWM=0.18860000 entry=0.18860000","timestamp":"2026-06-03T20:10:41.505Z"}
{"level":"debug","message":"[RISK-LOOP] checking 1 open position(s)","timestamp":"2026-06-03T20:12:40.922Z"}
{"level":"debug","message":"[LIVE] JUP/USDC: checkRisk price=0.20440000 SL=0.18897720 TP=0.22254800 HWM=0.18860000 entry=0.18860000","timestamp":"2026-06-03T20:12:41.334Z"}
{"level":"debug","message":"[RISK-LOOP] checking 1 open position(s)","timestamp":"2026-06-03T20:14:40.910Z"}
{"level":"debug","message":"[LIVE] JUP/USDC: checkRisk price=0.20510000 SL=0.18897720 TP=0.22254800 HWM=0.18860000 entry=0.18860000","timestamp":"2026-06-03T20:14:41.353Z"}
{"level":"debug","message":"[RISK-LOOP] checking 1 open position(s)","timestamp":"2026-06-03T20:16:40.915Z"}
{"level":"debug","message":"[LIVE] JUP/USDC: checkRisk price=0.20310000 SL=0.18897720 TP=0.22254800 HWM=0.18860000 entry=0.18860000","timestamp":"2026-06-03T20:16:41.362Z"}
{"level":"info","message":"[MTF-CACHE] 15m refresh complete: 37/37 symbols","timestamp":"2026-06-03T20:17:59.569Z"}
{"level":"debug","message":"[RISK-LOOP] checking 1 open position(s)","timestamp":"2026-06-03T20:18:40.916Z"}
{"level":"debug","message":"[LIVE] JUP/USDC: checkRisk price=0.20220000 SL=0.18897720 TP=0.22254800 HWM=0.18860000 entry=0.18860000","timestamp":"2026-06-03T20:18:41.368Z"}
{"level":"debug","message":"[RISK-LOOP] checking 1 open position(s)","timestamp":"2026-06-03T20:20:40.917Z"}
{"level":"debug","message":"[LIVE] JUP/USDC: checkRisk price=0.20270000 SL=0.18897720 TP=0.22254800 HWM=0.18860000 entry=0.18860000","timestamp":"2026-06-03T20:20:41.361Z"}
{"level":"debug","message":"[RISK-LOOP] checking 1 open position(s)","timestamp":"2026-06-03T20:22:40.916Z"}
{"level":"debug","message":"[LIVE] JUP/USDC: checkRisk price=0.20170000 SL=0.18897720 TP=0.22254800 HWM=0.18860000 entry=0.18860000","timestamp":"2026-06-03T20:22:41.396Z"}
{"level":"debug","message":"[RISK-LOOP] checking 1 open position(s)","timestamp":"2026-06-03T20:24:40.925Z"}
{"level":"debug","message":"[LIVE] JUP/USDC: checkRisk price=0.20200000 SL=0.18897720 TP=0.22254800 HWM=0.18860000 entry=0.18860000","timestamp":"2026-06-03T20:24:41.367Z"}
{"level":"debug","message":"[RISK-LOOP] checking 1 open position(s)","timestamp":"2026-06-03T20:26:40.918Z"}
{"level":"debug","message":"[LIVE] JUP/USDC: checkRisk price=0.20290000 SL=0.18897720 TP=0.22254800 HWM=0.18860000 entry=0.18860000","timestamp":"2026-06-03T20:26:41.360Z"}
{"level":"debug","message":"[RISK-LOOP] checking 1 open position(s)","timestamp":"2026-06-03T20:28:40.920Z"}
{"level":"debug","message":"[LIVE] JUP/USDC: checkRisk price=0.20290000 SL=0.18897720 TP=0.22254800 HWM=0.18860000 entry=0.18860000","timestamp":"2026-06-03T20:28:41.364Z"}
{"level":"debug","message":"[RISK-LOOP] checking 1 open position(s)","timestamp":"2026-06-03T20:30:40.926Z"}
{"level":"debug","message":"[LIVE] JUP/USDC: checkRisk price=0.20330000 SL=0.18897720 TP=0.22254800 HWM=0.18860000 entry=0.18860000","timestamp":"2026-06-03T20:30:41.369Z"}
{"level":"debug","message":"[RISK-LOOP] checking 1 open position(s)","timestamp":"2026-06-03T20:32:40.965Z"}
{"level":"debug","message":"[LIVE] JUP/USDC: checkRisk price=0.20280000 SL=0.18897720 TP=0.22254800 HWM=0.18860000 entry=0.18860000","timestamp":"2026-06-03T20:32:41.341Z"}
{"level":"info","message":"[MTF-CACHE] 15m refresh complete: 37/37 symbols","timestamp":"2026-06-03T20:32:59.387Z"}
{"level":"debug","message":"[RISK-LOOP] checking 1 open position(s)","timestamp":"2026-06-03T20:34:40.935Z"}
{"level":"debug","message":"[LIVE] JUP/USDC: checkRisk price=0.20210000 SL=0.18897720 TP=0.22254800 HWM=0.18860000 entry=0.18860000","timestamp":"2026-06-03T20:34:41.382Z"}
{"level":"debug","message":"[RISK-LOOP] checking 1 open position(s)","timestamp":"2026-06-03T20:36:40.926Z"}
{"level":"debug","message":"[LIVE] JUP/USDC: checkRisk price=0.20260000 SL=0.18897720 TP=0.22254800 HWM=0.18860000 entry=0.18860000","timestamp":"2026-06-03T20:36:41.370Z"}
{"level":"debug","message":"[RISK-LOOP] checking 1 open position(s)","timestamp":"2026-06-03T20:38:40.939Z"}
{"level":"debug","message":"[LIVE] JUP/USDC: checkRisk price=0.20160000 SL=0.18897720 TP=0.22254800 HWM=0.18860000 entry=0.18860000","timestamp":"2026-06-03T20:38:41.381Z"}
{"level":"debug","message":"[RISK-LOOP] checking 1 open position(s)","timestamp":"2026-06-03T20:40:40.938Z"}
{"level":"debug","message":"[LIVE] JUP/USDC: checkRisk price=0.20200000 SL=0.18897720 TP=0.22254800 HWM=0.18860000 entry=0.18860000","timestamp":"2026-06-03T20:40:41.380Z"}
{"level":"debug","message":"[RISK-LOOP] checking 1 open position(s)","timestamp":"2026-06-03T20:42:40.976Z"}
{"level":"debug","message":"[LIVE] JUP/USDC: checkRisk price=0.20190000 SL=0.18897720 TP=0.22254800 HWM=0.18860000 entry=0.18860000","timestamp":"2026-06-03T20:42:41.346Z"}
{"level":"debug","message":"[RISK-LOOP] checking 1 open position(s)","timestamp":"2026-06-03T20:44:40.932Z"}
{"level":"debug","message":"[LIVE] JUP/USDC: checkRisk price=0.20130000 SL=0.18897720 TP=0.22254800 HWM=0.18860000 entry=0.18860000","timestamp":"2026-06-03T20:44:41.377Z"}
{"level":"debug","message":"[RISK-LOOP] checking 1 open position(s)","timestamp":"2026-06-03T20:46:40.933Z"}
{"level":"debug","message":"[LIVE] JUP/USDC: checkRisk price=0.20090000 SL=0.18897720 TP=0.22254800 HWM=0.18860000 entry=0.18860000","timestamp":"2026-06-03T20:46:41.376Z"}
{"level":"info","message":"[MTF-CACHE] 15m refresh complete: 37/37 symbols","timestamp":"2026-06-03T20:47:59.374Z"}
{"level":"debug","message":"[RISK-LOOP] checking 1 open position(s)","timestamp":"2026-06-03T20:48:40.931Z"}
{"level":"debug","message":"[LIVE] JUP/USDC: checkRisk price=0.20090000 SL=0.18897720 TP=0.22254800 HWM=0.18860000 entry=0.18860000","timestamp":"2026-06-03T20:48:41.377Z"}
{"level":"debug","message":"[RISK-LOOP] checking 1 open position(s)","timestamp":"2026-06-03T20:50:40.941Z"}
{"level":"debug","message":"[LIVE] JUP/USDC: checkRisk price=0.20090000 SL=0.18897720 TP=0.22254800 HWM=0.18860000 entry=0.18860000","timestamp":"2026-06-03T20:50:41.385Z"}
{"level":"debug","message":"[RISK-LOOP] checking 1 open position(s)","timestamp":"2026-06-03T20:52:40.983Z"}
{"level":"debug","message":"[LIVE] JUP/USDC: checkRisk price=0.20110000 SL=0.18897720 TP=0.22254800 HWM=0.18860000 entry=0.18860000","timestamp":"2026-06-03T20:52:41.354Z"}
{"level":"debug","message":"[RISK-LOOP] checking 1 open position(s)","timestamp":"2026-06-03T20:54:40.942Z"}
{"level":"debug","message":"[LIVE] JUP/USDC: checkRisk price=0.20080000 SL=0.18897720 TP=0.22254800 HWM=0.18860000 entry=0.18860000","timestamp":"2026-06-03T20:54:41.394Z"}
{"level":"debug","message":"[RISK-LOOP] checking 1 open position(s)","timestamp":"2026-06-03T20:56:40.951Z"}
{"level":"debug","message":"[LIVE] JUP/USDC: checkRisk price=0.20090000 SL=0.18897720 TP=0.22254800 HWM=0.18860000 entry=0.18860000","timestamp":"2026-06-03T20:56:41.399Z"}
{"level":"debug","message":"[RISK-LOOP] checking 1 open position(s)","timestamp":"2026-06-03T20:58:40.946Z"}
{"level":"debug","message":"[LIVE] JUP/USDC: checkRisk price=0.19900000 SL=0.18897720 TP=0.22254800 HWM=0.18860000 entry=0.18860000","timestamp":"2026-06-03T20:58:41.391Z"}
{"level":"debug","message":"[RISK-LOOP] checking 1 open position(s)","timestamp":"2026-06-03T21:00:40.951Z"}
{"level":"debug","message":"[LIVE] JUP/USDC: checkRisk price=0.19980000 SL=0.18897720 TP=0.22254800 HWM=0.18860000 entry=0.18860000","timestamp":"2026-06-03T21:00:41.403Z"}
{"level":"debug","message":"[RISK-LOOP] checking 1 open position(s)","timestamp":"2026-06-03T21:02:41.001Z"}
{"level":"debug","message":"[LIVE] JUP/USDC: checkRisk price=0.20020000 SL=0.18897720 TP=0.22254800 HWM=0.18860000 entry=0.18860000","timestamp":"2026-06-03T21:02:41.345Z"}
{"level":"info","message":"[MTF-CACHE] 15m refresh complete: 37/37 symbols","timestamp":"2026-06-03T21:02:59.904Z"}
{"level":"debug","message":"[RISK-LOOP] checking 1 open position(s)","timestamp":"2026-06-03T21:04:40.945Z"}
{"level":"debug","message":"[LIVE] JUP/USDC: checkRisk price=0.20060000 SL=0.18897720 TP=0.22254800 HWM=0.18860000 entry=0.18860000","timestamp":"2026-06-03T21:04:41.389Z"}
{"level":"debug","message":"[RISK-LOOP] checking 1 open position(s)","timestamp":"2026-06-03T21:06:40.945Z"}
{"level":"debug","message":"[LIVE] JUP/USDC: checkRisk price=0.20140000 SL=0.18897720 TP=0.22254800 HWM=0.18860000 entry=0.18860000","timestamp":"2026-06-03T21:06:41.390Z"}
{"level":"debug","message":"[RISK-LOOP] checking 1 open position(s)","timestamp":"2026-06-03T21:08:40.941Z"}
{"level":"debug","message":"[LIVE] JUP/USDC: checkRisk price=0.20230000 SL=0.18897720 TP=0.22254800 HWM=0.18860000 entry=0.18860000","timestamp":"2026-06-03T21:08:41.385Z"}
{"level":"debug","message":"[RISK-LOOP] checking 1 open position(s)","timestamp":"2026-06-03T21:10:40.946Z"}
{"level":"debug","message":"[LIVE] JUP/USDC: checkRisk price=0.20090000 SL=0.18897720 TP=0.22254800 HWM=0.18860000 entry=0.18860000","timestamp":"2026-06-03T21:10:41.400Z"}
{"level":"debug","message":"[RISK-LOOP] checking 1 open position(s)","timestamp":"2026-06-03T21:12:40.976Z"}
{"level":"debug","message":"[LIVE] JUP/USDC: checkRisk price=0.20120000 SL=0.18897720 TP=0.22254800 HWM=0.18860000 entry=0.18860000","timestamp":"2026-06-03T21:12:41.341Z"}
{"level":"debug","message":"[RISK-LOOP] checking 1 open position(s)","timestamp":"2026-06-03T21:14:40.954Z"}
{"level":"debug","message":"[LIVE] JUP/USDC: checkRisk price=0.20090000 SL=0.18897720 TP=0.22254800 HWM=0.18860000 entry=0.18860000","timestamp":"2026-06-03T21:14:41.398Z"}
{"level":"debug","message":"[RISK-LOOP] checking 1 open position(s)","timestamp":"2026-06-03T21:16:40.954Z"}
{"level":"debug","message":"[LIVE] JUP/USDC: checkRisk price=0.20130000 SL=0.18897720 TP=0.22254800 HWM=0.18860000 entry=0.18860000","timestamp":"2026-06-03T21:16:41.398Z"}
{"level":"info","message":"[MTF-CACHE] 15m refresh complete: 37/37 symbols","timestamp":"2026-06-03T21:17:59.876Z"}
{"level":"debug","message":"[RISK-LOOP] checking 1 open position(s)","timestamp":"2026-06-03T21:18:40.952Z"}
{"level":"debug","message":"[LIVE] JUP/USDC: checkRisk price=0.20130000 SL=0.18897720 TP=0.22254800 HWM=0.18860000 entry=0.18860000","timestamp":"2026-06-03T21:18:41.395Z"}
{"level":"debug","message":"[RISK-LOOP] checking 1 open position(s)","timestamp":"2026-06-03T21:20:40.952Z"}
{"level":"debug","message":"[LIVE] JUP/USDC: checkRisk price=0.20220000 SL=0.18897720 TP=0.22254800 HWM=0.18860000 entry=0.18860000","timestamp":"2026-06-03T21:20:41.396Z"}
{"level":"debug","message":"[RISK-LOOP] checking 1 open position(s)","timestamp":"2026-06-03T21:22:40.990Z"}
{"level":"debug","message":"[LIVE] JUP/USDC: checkRisk price=0.20220000 SL=0.18897720 TP=0.22254800 HWM=0.18860000 entry=0.18860000","timestamp":"2026-06-03T21:22:41.348Z"}
{"level":"debug","message":"[RISK-LOOP] checking 1 open position(s)","timestamp":"2026-06-03T21:24:40.951Z"}
{"level":"debug","message":"[LIVE] JUP/USDC: checkRisk price=0.20230000 SL=0.18897720 TP=0.22254800 HWM=0.18860000 entry=0.18860000","timestamp":"2026-06-03T21:24:41.401Z"}
{"level":"debug","message":"[RISK-LOOP] checking 1 open position(s)","timestamp":"2026-06-03T21:26:40.954Z"}
{"level":"debug","message":"[LIVE] JUP/USDC: checkRisk price=0.20200000 SL=0.18897720 TP=0.22254800 HWM=0.18860000 entry=0.18860000","timestamp":"2026-06-03T21:26:41.398Z"}
{"level":"debug","message":"[RISK-LOOP] checking 1 open position(s)","timestamp":"2026-06-03T21:28:40.953Z"}
{"level":"debug","message":"[LIVE] JUP/USDC: checkRisk price=0.20210000 SL=0.18897720 TP=0.22254800 HWM=0.18860000 entry=0.18860000","timestamp":"2026-06-03T21:28:41.397Z"}
{"level":"debug","message":"[RISK-LOOP] checking 1 open position(s)","timestamp":"2026-06-03T21:30:40.955Z"}
{"level":"debug","message":"[LIVE] JUP/USDC: checkRisk price=0.20280000 SL=0.18897720 TP=0.22254800 HWM=0.18860000 entry=0.18860000","timestamp":"2026-06-03T21:30:41.398Z"}
{"level":"debug","message":"[RISK-LOOP] checking 1 open position(s)","timestamp":"2026-06-03T21:32:41.005Z"}
{"level":"debug","message":"[LIVE] JUP/USDC: checkRisk price=0.20340000 SL=0.18897720 TP=0.22254800 HWM=0.18860000 entry=0.18860000","timestamp":"2026-06-03T21:32:41.363Z"}
{"level":"info","message":"[MTF-CACHE] 15m refresh complete: 37/37 symbols","timestamp":"2026-06-03T21:32:59.353Z"}
{"level":"debug","message":"[RISK-LOOP] checking 1 open position(s)","timestamp":"2026-06-03T21:34:40.953Z"}
{"level":"debug","message":"[LIVE] JUP/USDC: checkRisk price=0.20380000 SL=0.18897720 TP=0.22254800 HWM=0.18860000 entry=0.18860000","timestamp":"2026-06-03T21:34:41.399Z"}
{"level":"debug","message":"[RISK-LOOP] checking 1 open position(s)","timestamp":"2026-06-03T21:36:40.960Z"}
{"level":"debug","message":"[LIVE] JUP/USDC: checkRisk price=0.20440000 SL=0.18897720 TP=0.22254800 HWM=0.18860000 entry=0.18860000","timestamp":"2026-06-03T21:36:41.405Z"}
{"level":"debug","message":"[RISK-LOOP] checking 1 open position(s)","timestamp":"2026-06-03T21:38:40.956Z"}
{"level":"debug","message":"[LIVE] JUP/USDC: checkRisk price=0.20420000 SL=0.18897720 TP=0.22254800 HWM=0.18860000 entry=0.18860000","timestamp":"2026-06-03T21:38:41.414Z"}
{"level":"debug","message":"[RISK-LOOP] checking 1 open position(s)","timestamp":"2026-06-03T21:40:40.960Z"}
{"level":"debug","message":"[LIVE] JUP/USDC: checkRisk price=0.20370000 SL=0.18897720 TP=0.22254800 HWM=0.18860000 entry=0.18860000","timestamp":"2026-06-03T21:40:41.403Z"}
{"level":"debug","message":"[RISK-LOOP] checking 1 open position(s)","timestamp":"2026-06-03T21:42:41.008Z"}
{"level":"debug","message":"[LIVE] JUP/USDC: checkRisk price=0.20290000 SL=0.18897720 TP=0.22254800 HWM=0.18860000 entry=0.18860000","timestamp":"2026-06-03T21:42:41.339Z"}
{"level":"debug","message":"[RISK-LOOP] checking 1 open position(s)","timestamp":"2026-06-03T21:44:40.960Z"}
{"level":"debug","message":"[LIVE] JUP/USDC: checkRisk price=0.20330000 SL=0.18897720 TP=0.22254800 HWM=0.18860000 entry=0.18860000","timestamp":"2026-06-03T21:44:41.402Z"}
{"level":"debug","message":"[RISK-LOOP] checking 1 open position(s)","timestamp":"2026-06-03T21:46:40.962Z"}
{"level":"debug","message":"[LIVE] JUP/USDC: checkRisk price=0.20410000 SL=0.18897720 TP=0.22254800 HWM=0.18860000 entry=0.18860000","timestamp":"2026-06-03T21:46:41.408Z"}
{"level":"info","message":"[MTF-CACHE] 15m refresh complete: 37/37 symbols","timestamp":"2026-06-03T21:47:59.541Z"}
{"level":"debug","message":"[RISK-LOOP] checking 1 open position(s)","timestamp":"2026-06-03T21:48:40.963Z"}
{"level":"debug","message":"[LIVE] JUP/USDC: checkRisk price=0.20500000 SL=0.18897720 TP=0.22254800 HWM=0.18860000 entry=0.18860000","timestamp":"2026-06-03T21:48:41.408Z"}
{"level":"debug","message":"[RISK-LOOP] checking 1 open position(s)","timestamp":"2026-06-03T21:50:40.966Z"}
{"level":"debug","message":"[LIVE] JUP/USDC: checkRisk price=0.20610000 SL=0.18897720 TP=0.22254800 HWM=0.18860000 entry=0.18860000","timestamp":"2026-06-03T21:50:41.411Z"}
{"level":"debug","message":"[RISK-LOOP] checking 1 open position(s)","timestamp":"2026-06-03T21:52:40.963Z"}
{"level":"debug","message":"[LIVE] JUP/USDC: checkRisk price=0.20620000 SL=0.18897720 TP=0.22254800 HWM=0.18860000 entry=0.18860000","timestamp":"2026-06-03T21:52:41.376Z"}
{"level":"debug","message":"[RISK-LOOP] checking 1 open position(s)","timestamp":"2026-06-03T21:54:40.966Z"}
{"level":"debug","message":"[LIVE] JUP/USDC: checkRisk price=0.20630000 SL=0.18897720 TP=0.22254800 HWM=0.18860000 entry=0.18860000","timestamp":"2026-06-03T21:54:41.409Z"}
{"level":"debug","message":"[RISK-LOOP] checking 1 open position(s)","timestamp":"2026-06-03T21:56:40.965Z"}
{"level":"debug","message":"[LIVE] JUP/USDC: checkRisk price=0.20630000 SL=0.18897720 TP=0.22254800 HWM=0.18860000 entry=0.18860000","timestamp":"2026-06-03T21:56:41.409Z"}
{"level":"debug","message":"[RISK-LOOP] checking 1 open position(s)","timestamp":"2026-06-03T21:58:40.967Z"}
{"level":"debug","message":"[LIVE] JUP/USDC: checkRisk price=0.20630000 SL=0.18897720 TP=0.22254800 HWM=0.18860000 entry=0.18860000","timestamp":"2026-06-03T21:58:41.413Z"}
{"level":"debug","message":"[RISK-LOOP] checking 1 open position(s)","timestamp":"2026-06-03T22:00:40.968Z"}
{"level":"debug","message":"[LIVE] JUP/USDC: checkRisk price=0.20670000 SL=0.18897720 TP=0.22254800 HWM=0.18860000 entry=0.18860000","timestamp":"2026-06-03T22:00:41.411Z"}
{"level":"debug","message":"[RISK-LOOP] checking 1 open position(s)","timestamp":"2026-06-03T22:02:40.970Z"}
{"level":"debug","message":"[LIVE] JUP/USDC: checkRisk price=0.20780000 SL=0.18897720 TP=0.22254800 HWM=0.18860000 entry=0.18860000","timestamp":"2026-06-03T22:02:41.301Z"}
{"level":"info","message":"[MTF-CACHE] 15m refresh complete: 37/37 symbols","timestamp":"2026-06-03T22:02:59.396Z"}
{"level":"debug","message":"[RISK-LOOP] checking 1 open position(s)","timestamp":"2026-06-03T22:04:40.978Z"}
{"level":"debug","message":"[LIVE] JUP/USDC: checkRisk price=0.20750000 SL=0.18897720 TP=0.22254800 HWM=0.18860000 entry=0.18860000","timestamp":"2026-06-03T22:04:41.421Z"}
{"level":"debug","message":"[RISK-LOOP] checking 1 open position(s)","timestamp":"2026-06-03T22:06:40.979Z"}
{"level":"debug","message":"[LIVE] JUP/USDC: checkRisk price=0.20690000 SL=0.18897720 TP=0.22254800 HWM=0.18860000 entry=0.18860000","timestamp":"2026-06-03T22:06:41.425Z"}
{"level":"debug","message":"[RISK-LOOP] checking 1 open position(s)","timestamp":"2026-06-03T22:08:40.975Z"}
{"level":"debug","message":"[LIVE] JUP/USDC: checkRisk price=0.20690000 SL=0.18897720 TP=0.22254800 HWM=0.18860000 entry=0.18860000","timestamp":"2026-06-03T22:08:41.418Z"}
{"level":"debug","message":"[RISK-LOOP] checking 1 open position(s)","timestamp":"2026-06-03T22:10:40.977Z"}
{"level":"debug","message":"[LIVE] JUP/USDC: checkRisk price=0.20690000 SL=0.18897720 TP=0.22254800 HWM=0.18860000 entry=0.18860000","timestamp":"2026-06-03T22:10:41.421Z"}
{"level":"debug","message":"[RISK-LOOP] checking 1 open position(s)","timestamp":"2026-06-03T22:12:40.978Z"}
{"level":"debug","message":"[LIVE] JUP/USDC: checkRisk price=0.20520000 SL=0.18897720 TP=0.22254800 HWM=0.18860000 entry=0.18860000","timestamp":"2026-06-03T22:12:41.344Z"}
{"level":"debug","message":"[RISK-LOOP] checking 1 open position(s)","timestamp":"2026-06-03T22:14:40.973Z"}
{"level":"debug","message":"[LIVE] JUP/USDC: checkRisk price=0.20580000 SL=0.18897720 TP=0.22254800 HWM=0.18860000 entry=0.18860000","timestamp":"2026-06-03T22:14:41.417Z"}
{"level":"debug","message":"[RISK-LOOP] checking 1 open position(s)","timestamp":"2026-06-03T22:16:41.209Z"}
{"level":"debug","message":"[LIVE] JUP/USDC: checkRisk price=0.20470000 SL=0.18897720 TP=0.22254800 HWM=0.18860000 entry=0.18860000","timestamp":"2026-06-03T22:16:41.655Z"}
{"level":"info","message":"[MTF-CACHE] 15m refresh complete: 37/37 symbols","timestamp":"2026-06-03T22:17:59.397Z"}
{"level":"debug","message":"[RISK-LOOP] checking 1 open position(s)","timestamp":"2026-06-03T22:18:40.977Z"}
{"level":"debug","message":"[LIVE] JUP/USDC: checkRisk price=0.20520000 SL=0.18897720 TP=0.22254800 HWM=0.18860000 entry=0.18860000","timestamp":"2026-06-03T22:18:41.423Z"}
{"level":"debug","message":"[RISK-LOOP] checking 1 open position(s)","timestamp":"2026-06-03T22:20:40.974Z"}
{"level":"debug","message":"[LIVE] JUP/USDC: checkRisk price=0.20520000 SL=0.18897720 TP=0.22254800 HWM=0.18860000 entry=0.18860000","timestamp":"2026-06-03T22:20:41.418Z"}
{"level":"debug","message":"[RISK-LOOP] checking 1 open position(s)","timestamp":"2026-06-03T22:22:40.978Z"}
{"level":"debug","message":"[LIVE] JUP/USDC: checkRisk price=0.20430000 SL=0.18897720 TP=0.22254800 HWM=0.18860000 entry=0.18860000","timestamp":"2026-06-03T22:22:41.355Z"}
{"level":"debug","message":"[RISK-LOOP] checking 1 open position(s)","timestamp":"2026-06-03T22:24:40.974Z"}
{"level":"debug","message":"[LIVE] JUP/USDC: checkRisk price=0.20500000 SL=0.18897720 TP=0.22254800 HWM=0.18860000 entry=0.18860000","timestamp":"2026-06-03T22:24:41.419Z"}
{"level":"debug","message":"[RISK-LOOP] checking 1 open position(s)","timestamp":"2026-06-03T22:26:40.975Z"}
{"level":"debug","message":"[LIVE] JUP/USDC: checkRisk price=0.20450000 SL=0.18897720 TP=0.22254800 HWM=0.18860000 entry=0.18860000","timestamp":"2026-06-03T22:26:41.418Z"}
{"level":"debug","message":"[RISK-LOOP] checking 1 open position(s)","timestamp":"2026-06-03T22:28:40.973Z"}
{"level":"debug","message":"[LIVE] JUP/USDC: checkRisk price=0.20440000 SL=0.18897720 TP=0.22254800 HWM=0.18860000 entry=0.18860000","timestamp":"2026-06-03T22:28:41.417Z"}
{"level":"debug","message":"[RISK-LOOP] checking 1 open position(s)","timestamp":"2026-06-03T22:30:40.987Z"}
{"level":"debug","message":"[LIVE] JUP/USDC: checkRisk price=0.20440000 SL=0.18897720 TP=0.22254800 HWM=0.18860000 entry=0.18860000","timestamp":"2026-06-03T22:30:41.429Z"}
{"level":"debug","message":"[RISK-LOOP] checking 1 open position(s)","timestamp":"2026-06-03T22:32:40.973Z"}
{"level":"debug","message":"[LIVE] JUP/USDC: checkRisk price=0.20520000 SL=0.18897720 TP=0.22254800 HWM=0.18860000 entry=0.18860000","timestamp":"2026-06-03T22:32:41.343Z"}
{"level":"info","message":"[MTF-CACHE] 15m refresh complete: 37/37 symbols","timestamp":"2026-06-03T22:32:59.564Z"}
{"level":"debug","message":"[RISK-LOOP] checking 1 open position(s)","timestamp":"2026-06-03T22:34:40.982Z"}
{"level":"debug","message":"[LIVE] JUP/USDC: checkRisk price=0.20500000 SL=0.18897720 TP=0.22254800 HWM=0.18860000 entry=0.18860000","timestamp":"2026-06-03T22:34:41.429Z"}
{"level":"debug","message":"[RISK-LOOP] checking 1 open position(s)","timestamp":"2026-06-03T22:36:40.978Z"}
{"level":"debug","message":"[LIVE] JUP/USDC: checkRisk price=0.20480000 SL=0.18897720 TP=0.22254800 HWM=0.18860000 entry=0.18860000","timestamp":"2026-06-03T22:36:41.425Z"}
{"level":"debug","message":"[RISK-LOOP] checking 1 open position(s)","timestamp":"2026-06-03T22:38:40.986Z"}
{"level":"debug","message":"[LIVE] JUP/USDC: checkRisk price=0.20400000 SL=0.18897720 TP=0.22254800 HWM=0.18860000 entry=0.18860000","timestamp":"2026-06-03T22:38:41.430Z"}
{"level":"debug","message":"[RISK-LOOP] checking 1 open position(s)","timestamp":"2026-06-03T22:40:40.984Z"}
{"level":"debug","message":"[LIVE] JUP/USDC: checkRisk price=0.20430000 SL=0.18897720 TP=0.22254800 HWM=0.18860000 entry=0.18860000","timestamp":"2026-06-03T22:40:41.426Z"}
{"level":"debug","message":"[RISK-LOOP] checking 1 open position(s)","timestamp":"2026-06-03T22:42:40.987Z"}
{"level":"debug","message":"[LIVE] JUP/USDC: checkRisk price=0.20450000 SL=0.18897720 TP=0.22254800 HWM=0.18860000 entry=0.18860000","timestamp":"2026-06-03T22:42:41.400Z"}
{"level":"debug","message":"[RISK-LOOP] checking 1 open position(s)","timestamp":"2026-06-03T22:44:40.988Z"}
{"level":"debug","message":"[LIVE] JUP/USDC: checkRisk price=0.20450000 SL=0.18897720 TP=0.22254800 HWM=0.18860000 entry=0.18860000","timestamp":"2026-06-03T22:44:41.435Z"}
{"level":"debug","message":"[RISK-LOOP] checking 1 open position(s)","timestamp":"2026-06-03T22:46:40.989Z"}
{"level":"debug","message":"[LIVE] JUP/USDC: checkRisk price=0.20410000 SL=0.18897720 TP=0.22254800 HWM=0.18860000 entry=0.18860000","timestamp":"2026-06-03T22:46:41.434Z"}
{"level":"info","message":"[MTF-CACHE] 15m refresh complete: 37/37 symbols","timestamp":"2026-06-03T22:47:59.376Z"}
{"level":"debug","message":"[RISK-LOOP] checking 1 open position(s)","timestamp":"2026-06-03T22:48:40.987Z"}
{"level":"debug","message":"[LIVE] JUP/USDC: checkRisk price=0.20360000 SL=0.18897720 TP=0.22254800 HWM=0.18860000 entry=0.18860000","timestamp":"2026-06-03T22:48:41.432Z"}
{"level":"debug","message":"[RISK-LOOP] checking 1 open position(s)","timestamp":"2026-06-03T22:50:40.987Z"}
{"level":"debug","message":"[LIVE] JUP/USDC: checkRisk price=0.20350000 SL=0.18897720 TP=0.22254800 HWM=0.18860000 entry=0.18860000","timestamp":"2026-06-03T22:50:41.429Z"}
{"level":"debug","message":"[RISK-LOOP] checking 1 open position(s)","timestamp":"2026-06-03T22:52:40.976Z"}
{"level":"debug","message":"[LIVE] JUP/USDC: checkRisk price=0.20320000 SL=0.18897720 TP=0.22254800 HWM=0.18860000 entry=0.18860000","timestamp":"2026-06-03T22:52:41.415Z"}
{"level":"debug","message":"[RISK-LOOP] checking 1 open position(s)","timestamp":"2026-06-03T22:54:40.991Z"}
{"level":"debug","message":"[LIVE] JUP/USDC: checkRisk price=0.20300000 SL=0.18897720 TP=0.22254800 HWM=0.18860000 entry=0.18860000","timestamp":"2026-06-03T22:54:41.434Z"}
{"level":"debug","message":"[RISK-LOOP] checking 1 open position(s)","timestamp":"2026-06-03T22:56:40.989Z"}
{"level":"debug","message":"[LIVE] JUP/USDC: checkRisk price=0.20290000 SL=0.18897720 TP=0.22254800 HWM=0.18860000 entry=0.18860000","timestamp":"2026-06-03T22:56:41.432Z"}
{"level":"debug","message":"[RISK-LOOP] checking 1 open position(s)","timestamp":"2026-06-03T22:58:40.991Z"}
{"level":"debug","message":"[LIVE] JUP/USDC: checkRisk price=0.20340000 SL=0.18897720 TP=0.22254800 HWM=0.18860000 entry=0.18860000","timestamp":"2026-06-03T22:58:41.436Z"}
{"level":"debug","message":"[RISK-LOOP] checking 1 open position(s)","timestamp":"2026-06-03T23:00:40.987Z"}
{"level":"debug","message":"[LIVE] JUP/USDC: checkRisk price=0.20310000 SL=0.18897720 TP=0.22254800 HWM=0.18860000 entry=0.18860000","timestamp":"2026-06-03T23:00:41.432Z"}
{"level":"debug","message":"[RISK-LOOP] checking 1 open position(s)","timestamp":"2026-06-03T23:02:40.985Z"}
{"level":"debug","message":"[LIVE] JUP/USDC: checkRisk price=0.20210000 SL=0.18897720 TP=0.22254800 HWM=0.18860000 entry=0.18860000","timestamp":"2026-06-03T23:02:41.363Z"}
{"level":"info","message":"[MTF-CACHE] 15m refresh complete: 37/37 symbols","timestamp":"2026-06-03T23:02:59.422Z"}
{"level":"debug","message":"[RISK-LOOP] checking 1 open position(s)","timestamp":"2026-06-03T23:04:40.995Z"}
{"level":"debug","message":"[LIVE] JUP/USDC: checkRisk price=0.20170000 SL=0.18897720 TP=0.22254800 HWM=0.18860000 entry=0.18860000","timestamp":"2026-06-03T23:04:41.443Z"}
{"level":"debug","message":"[RISK-LOOP] checking 1 open position(s)","timestamp":"2026-06-03T23:06:40.991Z"}
{"level":"debug","message":"[LIVE] JUP/USDC: checkRisk price=0.20200000 SL=0.18897720 TP=0.22254800 HWM=0.18860000 entry=0.18860000","timestamp":"2026-06-03T23:06:41.437Z"}
{"level":"debug","message":"[RISK-LOOP] checking 1 open position(s)","timestamp":"2026-06-03T23:08:41.000Z"}
{"level":"debug","message":"[LIVE] JUP/USDC: checkRisk price=0.20040000 SL=0.18897720 TP=0.22254800 HWM=0.18860000 entry=0.18860000","timestamp":"2026-06-03T23:08:41.442Z"}
{"level":"debug","message":"[RISK-LOOP] checking 1 open position(s)","timestamp":"2026-06-03T23:10:40.995Z"}
{"level":"debug","message":"[LIVE] JUP/USDC: checkRisk price=0.20100000 SL=0.18897720 TP=0.22254800 HWM=0.18860000 entry=0.18860000","timestamp":"2026-06-03T23:10:41.440Z"}
{"level":"debug","message":"[RISK-LOOP] checking 1 open position(s)","timestamp":"2026-06-03T23:12:40.991Z"}
{"level":"debug","message":"[LIVE] JUP/USDC: checkRisk price=0.20100000 SL=0.18897720 TP=0.22254800 HWM=0.18860000 entry=0.18860000","timestamp":"2026-06-03T23:12:41.255Z"}
{"level":"debug","message":"[RISK-LOOP] checking 1 open position(s)","timestamp":"2026-06-03T23:14:40.994Z"}
{"level":"debug","message":"[LIVE] JUP/USDC: checkRisk price=0.20160000 SL=0.18897720 TP=0.22254800 HWM=0.18860000 entry=0.18860000","timestamp":"2026-06-03T23:14:41.439Z"}
{"level":"debug","message":"[RISK-LOOP] checking 1 open position(s)","timestamp":"2026-06-03T23:16:40.998Z"}
{"level":"debug","message":"[LIVE] JUP/USDC: checkRisk price=0.20140000 SL=0.18897720 TP=0.22254800 HWM=0.18860000 entry=0.18860000","timestamp":"2026-06-03T23:16:41.443Z"}
{"level":"info","message":"[MTF-CACHE] 15m refresh complete: 37/37 symbols","timestamp":"2026-06-03T23:17:59.396Z"}
{"level":"debug","message":"[RISK-LOOP] checking 1 open position(s)","timestamp":"2026-06-03T23:18:40.996Z"}
{"level":"debug","message":"[LIVE] JUP/USDC: checkRisk price=0.20070000 SL=0.18897720 TP=0.22254800 HWM=0.18860000 entry=0.18860000","timestamp":"2026-06-03T23:18:41.897Z"}
{"level":"debug","message":"[RISK-LOOP] checking 1 open position(s)","timestamp":"2026-06-03T23:20:40.997Z"}
{"level":"debug","message":"[LIVE] JUP/USDC: checkRisk price=0.20070000 SL=0.18897720 TP=0.22254800 HWM=0.18860000 entry=0.18860000","timestamp":"2026-06-03T23:20:41.439Z"}
{"level":"debug","message":"[RISK-LOOP] checking 1 open position(s)","timestamp":"2026-06-03T23:22:40.991Z"}
{"level":"debug","message":"[LIVE] JUP/USDC: checkRisk price=0.20110000 SL=0.18897720 TP=0.22254800 HWM=0.18860000 entry=0.18860000","timestamp":"2026-06-03T23:22:41.269Z"}
{"level":"debug","message":"[RISK-LOOP] checking 1 open position(s)","timestamp":"2026-06-03T23:24:40.993Z"}
{"level":"debug","message":"[LIVE] JUP/USDC: checkRisk price=0.20110000 SL=0.18897720 TP=0.22254800 HWM=0.18860000 entry=0.18860000","timestamp":"2026-06-03T23:24:41.434Z"}
{"level":"debug","message":"[RISK-LOOP] checking 1 open position(s)","timestamp":"2026-06-03T23:26:40.996Z"}
{"level":"debug","message":"[LIVE] JUP/USDC: checkRisk price=0.20060000 SL=0.18897720 TP=0.22254800 HWM=0.18860000 entry=0.18860000","timestamp":"2026-06-03T23:26:41.441Z"}
{"level":"debug","message":"[RISK-LOOP] checking 1 open position(s)","timestamp":"2026-06-03T23:28:40.995Z"}
{"level":"debug","message":"[LIVE] JUP/USDC: checkRisk price=0.20100000 SL=0.18897720 TP=0.22254800 HWM=0.18860000 entry=0.18860000","timestamp":"2026-06-03T23:28:41.440Z"}
{"level":"debug","message":"[RISK-LOOP] checking 1 open position(s)","timestamp":"2026-06-03T23:30:40.986Z"}
{"level":"debug","message":"[LIVE] JUP/USDC: checkRisk price=0.20150000 SL=0.18897720 TP=0.22254800 HWM=0.18860000 entry=0.18860000","timestamp":"2026-06-03T23:30:41.429Z"}
{"level":"debug","message":"[RISK-LOOP] checking 1 open position(s)","timestamp":"2026-06-03T23:32:41.023Z"}
{"level":"debug","message":"[LIVE] JUP/USDC: checkRisk price=0.20190000 SL=0.18897720 TP=0.22254800 HWM=0.18860000 entry=0.18860000","timestamp":"2026-06-03T23:32:41.287Z"}
{"level":"info","message":"[MTF-CACHE] 15m refresh complete: 37/37 symbols","timestamp":"2026-06-03T23:32:59.803Z"}
{"level":"info","message":"[MTF-CACHE] 4h refresh complete: 37/37 symbols","timestamp":"2026-06-03T23:33:00.159Z"}
{"level":"debug","message":"[RISK-LOOP] checking 1 open position(s)","timestamp":"2026-06-03T23:34:40.997Z"}
{"level":"debug","message":"[LIVE] JUP/USDC: checkRisk price=0.20140000 SL=0.18897720 TP=0.22254800 HWM=0.18860000 entry=0.18860000","timestamp":"2026-06-03T23:34:41.441Z"}
{"level":"debug","message":"[RISK-LOOP] checking 1 open position(s)","timestamp":"2026-06-03T23:36:41.001Z"}
{"level":"debug","message":"[LIVE] JUP/USDC: checkRisk price=0.20110000 SL=0.18897720 TP=0.22254800 HWM=0.18860000 entry=0.18860000","timestamp":"2026-06-03T23:36:41.445Z"}
{"level":"debug","message":"[RISK-LOOP] checking 1 open position(s)","timestamp":"2026-06-03T23:38:40.995Z"}
{"level":"debug","message":"[LIVE] JUP/USDC: checkRisk price=0.20000000 SL=0.18897720 TP=0.22254800 HWM=0.18860000 entry=0.18860000","timestamp":"2026-06-03T23:38:41.441Z"}
{"level":"debug","message":"[RISK-LOOP] checking 1 open position(s)","timestamp":"2026-06-03T23:40:40.997Z"}
{"level":"debug","message":"[LIVE] JUP/USDC: checkRisk price=0.20060000 SL=0.18897720 TP=0.22254800 HWM=0.18860000 entry=0.18860000","timestamp":"2026-06-03T23:40:41.442Z"}
{"level":"debug","message":"[RISK-LOOP] checking 1 open position(s)","timestamp":"2026-06-03T23:42:41.028Z"}
{"level":"debug","message":"[LIVE] JUP/USDC: checkRisk price=0.20060000 SL=0.18897720 TP=0.22254800 HWM=0.18860000 entry=0.18860000","timestamp":"2026-06-03T23:42:41.283Z"}
{"level":"debug","message":"[RISK-LOOP] checking 1 open position(s)","timestamp":"2026-06-03T23:44:40.995Z"}
{"level":"debug","message":"[LIVE] JUP/USDC: checkRisk price=0.20040000 SL=0.18897720 TP=0.22254800 HWM=0.18860000 entry=0.18860000","timestamp":"2026-06-03T23:44:41.438Z"}
{"level":"debug","message":"[RISK-LOOP] checking 1 open position(s)","timestamp":"2026-06-03T23:46:40.997Z"}
{"level":"debug","message":"[LIVE] JUP/USDC: checkRisk price=0.20020000 SL=0.18897720 TP=0.22254800 HWM=0.18860000 entry=0.18860000","timestamp":"2026-06-03T23:46:41.440Z"}
{"level":"info","message":"[MTF-CACHE] 15m refresh complete: 37/37 symbols","timestamp":"2026-06-03T23:47:59.361Z"}
{"level":"debug","message":"[RISK-LOOP] checking 1 open position(s)","timestamp":"2026-06-03T23:48:41.000Z"}
{"level":"debug","message":"[LIVE] JUP/USDC: checkRisk price=0.20020000 SL=0.18897720 TP=0.22254800 HWM=0.18860000 entry=0.18860000","timestamp":"2026-06-03T23:48:41.444Z"}
{"level":"debug","message":"[RISK-LOOP] checking 1 open position(s)","timestamp":"2026-06-03T23:50:40.996Z"}
{"level":"debug","message":"[LIVE] JUP/USDC: checkRisk price=0.20020000 SL=0.18897720 TP=0.22254800 HWM=0.18860000 entry=0.18860000","timestamp":"2026-06-03T23:50:41.437Z"}
{"level":"debug","message":"[RISK-LOOP] checking 1 open position(s)","timestamp":"2026-06-03T23:52:41.048Z"}
{"level":"debug","message":"[LIVE] JUP/USDC: checkRisk price=0.20030000 SL=0.18897720 TP=0.22254800 HWM=0.18860000 entry=0.18860000","timestamp":"2026-06-03T23:52:41.310Z"}
{"level":"debug","message":"[RISK-LOOP] checking 1 open position(s)","timestamp":"2026-06-03T23:54:40.996Z"}
{"level":"debug","message":"[LIVE] JUP/USDC: checkRisk price=0.20030000 SL=0.18897720 TP=0.22254800 HWM=0.18860000 entry=0.18860000","timestamp":"2026-06-03T23:54:41.440Z"}
{"level":"debug","message":"[RISK-LOOP] checking 1 open position(s)","timestamp":"2026-06-03T23:56:40.996Z"}
{"level":"debug","message":"[LIVE] JUP/USDC: checkRisk price=0.19980000 SL=0.18897720 TP=0.22254800 HWM=0.18860000 entry=0.18860000","timestamp":"2026-06-03T23:56:41.438Z"}
{"level":"debug","message":"[RISK-LOOP] checking 1 open position(s)","timestamp":"2026-06-03T23:58:40.998Z"}
{"level":"debug","message":"[LIVE] JUP/USDC: checkRisk price=0.20000000 SL=0.18897720 TP=0.22254800 HWM=0.18860000 entry=0.18860000","timestamp":"2026-06-03T23:58:41.441Z"}
