{"level":"debug","message":"[CYCLE] Correlated pairs (r>0.85): BTC/XRP=0.85, BTC/ETH=0.85, XRP/ADA=0.85, SUI/ADA=0.86, THETA/ADA=0.86, ADA/DOGE=0.93, ADA/PEPE=0.90, DOGE/PEPE=0.90","timestamp":"2026-09-11T00:00:03.016Z"}
{"level":"debug","message":"[CYCLE] ATR sizing: medianATRPct=4.07% (37 symbols)","timestamp":"2026-09-11T00:00:03.025Z"}
{"level":"debug","message":"[CYCLE] BTC macro: bull=true EMA200","timestamp":"2026-09-11T00:00:03.026Z"}
{"level":"debug","message":"[REGIME] BULL_TREND  candidate=BULL_TREND streak=0  (ADX 34.78)","timestamp":"2026-09-11T00:00:03.029Z"}
{"level":"debug","message":"[DRIFT] only 5 live trades (< 10) — not enough to judge (n=5, WR 40%)","timestamp":"2026-09-11T00:00:03.302Z"}
{"level":"debug","message":"[CYCLE] XRP/USDC: starting cycle, candles=1535 lastClose=1.33400000 lastTs=2026-09-11T00:00:00.000Z","timestamp":"2026-09-11T00:00:04.431Z"}
{"level":"debug","message":"[AGG] XRP/USDC: strategy[0]=BollingerBands → HOLD conf=0.20 \"Price 1.3340 inside BB [1.3260–1.4624]\"","timestamp":"2026-09-11T00:00:04.463Z"}
{"level":"debug","message":"[AGG] XRP/USDC: strategy[1]=Stochastic → HOLD conf=0.20 \"Stoch K=3.7 D=16.3 — no crossover in extreme zone\"","timestamp":"2026-09-11T00:00:04.463Z"}
{"level":"debug","message":"[AGG] XRP/USDC: strategy[2]=EMA → HOLD conf=0.20 \"No EMA crossover (fast 1.3909 vs slow 1.3845)\"","timestamp":"2026-09-11T00:00:04.463Z"}
{"level":"debug","message":"[AGG] XRP/USDC: votes BUY=0.00 SELL=0.00 HOLD=0.60 total_voters=3 external=0","timestamp":"2026-09-11T00:00:04.463Z"}
{"level":"debug","message":"[AGG] XRP/USDC: decision=HOLD confidence=0.20 tie=false belowMin=true (minConf=0.35750000000000004)","timestamp":"2026-09-11T00:00:04.463Z"}
{"level":"debug","message":"[CYCLE] LINK/USDC: starting cycle, candles=1535 lastClose=11.45300000 lastTs=2026-09-11T00:00:00.000Z","timestamp":"2026-09-11T00:00:04.469Z"}
{"level":"debug","message":"[AGG] LINK/USDC: strategy[0]=BollingerBands → HOLD conf=0.20 \"Price 11.4530 inside BB [10.7020–13.2010]\"","timestamp":"2026-09-11T00:00:04.488Z"}
{"level":"debug","message":"[AGG] LINK/USDC: strategy[1]=Stochastic → HOLD conf=0.20 \"Stoch K=0.9 D=17.9 — no crossover in extreme zone\"","timestamp":"2026-09-11T00:00:04.488Z"}
{"level":"debug","message":"[AGG] LINK/USDC: strategy[2]=Supertrend → SELL conf=0.90 \"Supertrend flipped bearish ↓ (ST 13.1850)\"","timestamp":"2026-09-11T00:00:04.488Z"}
{"level":"debug","message":"[AGG] LINK/USDC: votes BUY=0.00 SELL=0.90 HOLD=0.40 total_voters=3 external=0","timestamp":"2026-09-11T00:00:04.488Z"}
{"level":"debug","message":"[AGG] LINK/USDC: decision=HOLD confidence=0.30 tie=false belowMin=true (minConf=0.45499999999999996)","timestamp":"2026-09-11T00:00:04.488Z"}
{"level":"debug","message":"[CYCLE] BTC/USDC: starting cycle, candles=1535 lastClose=76568.34000000 lastTs=2026-09-11T00:00:00.000Z","timestamp":"2026-09-11T00:00:04.491Z"}
{"level":"debug","message":"[AGG] BTC/USDC: strategy[0]=EMA → HOLD conf=0.20 \"No EMA crossover (fast 78476.2787 vs slow 78157.2150)\"","timestamp":"2026-09-11T00:00:04.492Z"}
{"level":"debug","message":"[AGG] BTC/USDC: strategy[1]=PSAR → SELL conf=0.85 \"PSAR flipped bearish ↓ — SAR 82300.0000 now above price 76558.3600\"","timestamp":"2026-09-11T00:00:04.492Z"}
{"level":"debug","message":"[AGG] BTC/USDC: strategy[2]=HeikinAshi → HOLD conf=0.15 \"HA bearish continuation\"","timestamp":"2026-09-11T00:00:04.493Z"}
{"level":"debug","message":"[AGG] BTC/USDC: votes BUY=0.00 SELL=0.85 HOLD=0.35 total_voters=3 external=0","timestamp":"2026-09-11T00:00:04.493Z"}
{"level":"debug","message":"[AGG] BTC/USDC: decision=HOLD confidence=0.28 tie=false belowMin=true (minConf=0.35750000000000004)","timestamp":"2026-09-11T00:00:04.493Z"}
{"level":"debug","message":"[CYCLE] BCH/USDC: starting cycle, candles=1535 lastClose=223.80000000 lastTs=2026-09-11T00:00:00.000Z","timestamp":"2026-09-11T00:00:04.581Z"}
{"level":"debug","message":"[AGG] BCH/USDC: strategy[0]=BollingerBands → BUY conf=0.83 \"Price 223.8000 ≤ lower BB 234.9857 (bw 13.4%)\"","timestamp":"2026-09-11T00:00:04.591Z"}
{"level":"debug","message":"[AGG] BCH/USDC: strategy[1]=OBV → SELL conf=0.57 \"OBV crossed below EMA-20 — volume sellers in control\"","timestamp":"2026-09-11T00:00:04.591Z"}
{"level":"debug","message":"[AGG] BCH/USDC: strategy[2]=WilliamsR → HOLD conf=0.59 \"%R -97.6 oversold — still falling, wait\"","timestamp":"2026-09-11T00:00:04.591Z"}
{"level":"debug","message":"[AGG] BCH/USDC: votes BUY=0.83 SELL=0.57 HOLD=0.59 total_voters=3 external=0","timestamp":"2026-09-11T00:00:04.591Z"}
{"level":"debug","message":"[AGG] BCH/USDC: decision=HOLD confidence=0.28 tie=false belowMin=true (minConf=0.35750000000000004)","timestamp":"2026-09-11T00:00:04.591Z"}
{"level":"debug","message":"[CYCLE] TRX/USDC: starting cycle, candles=1475 lastClose=0.33990000 lastTs=2026-09-11T00:00:00.000Z","timestamp":"2026-09-11T00:00:04.612Z"}
{"level":"debug","message":"[AGG] TRX/USDC: strategy[0]=CCI → HOLD conf=0.20 \"CCI 97.9 neutral\"","timestamp":"2026-09-11T00:00:04.630Z"}
{"level":"debug","message":"[AGG] TRX/USDC: strategy[1]=Stochastic → SELL conf=0.77 \"Stoch K=91.1 crossed below D=92.3 in overbought zone\"","timestamp":"2026-09-11T00:00:04.630Z"}
{"level":"debug","message":"[AGG] TRX/USDC: strategy[2]=StochRSI → SELL conf=0.82 \"StochRSI K=93.6 crossed below D=96.6 in overbought ↓\"","timestamp":"2026-09-11T00:00:04.630Z"}
{"level":"debug","message":"[AGG] TRX/USDC: votes BUY=0.00 SELL=1.59 HOLD=0.20 total_voters=3 external=0","timestamp":"2026-09-11T00:00:04.630Z"}
{"level":"debug","message":"[AGG] TRX/USDC: decision=HOLD (multi-bar confirmation) winner=SELL conf=0.53 < borderlineCeiling=0.55 prev=HOLD","timestamp":"2026-09-11T00:00:04.630Z"}
{"level":"warn","message":"GMX/USDC: candle series stale (newest bar 63.0d old) — skipping cycle","timestamp":"2026-09-11T00:00:04.648Z"}
{"level":"debug","message":"[CYCLE] LDO/USDC: starting cycle, candles=1535 lastClose=0.36940000 lastTs=2026-09-11T00:00:00.000Z","timestamp":"2026-09-11T00:00:04.689Z"}
{"level":"debug","message":"[AGG] LDO/USDC: strategy[0]=MACD → HOLD conf=0.20 \"MACD 0.0041 vs signal 0.0085 hist:-0.0044\"","timestamp":"2026-09-11T00:00:04.711Z"}
{"level":"debug","message":"[AGG] LDO/USDC: strategy[1]=ADX → BUY conf=0.59 \"ADX 36.2 uptrend (+DI 20.5 > -DI 17.9)\"","timestamp":"2026-09-11T00:00:04.711Z"}
{"level":"debug","message":"[AGG] LDO/USDC: strategy[2]=WilliamsR → BUY conf=0.65 \"%R -90.1 oversold ↑ reversal confirmed\"","timestamp":"2026-09-11T00:00:04.711Z"}
{"level":"debug","message":"[AGG] LDO/USDC: votes BUY=1.24 SELL=0.00 HOLD=0.20 total_voters=3 external=0","timestamp":"2026-09-11T00:00:04.711Z"}
{"level":"debug","message":"[AGG] LDO/USDC: decision=HOLD (multi-bar confirmation) winner=BUY conf=0.41 < borderlineCeiling=0.46 prev=HOLD","timestamp":"2026-09-11T00:00:04.711Z"}
{"level":"debug","message":"[CYCLE] PIXEL/USDC: starting cycle, candles=1535 lastClose=0.00458000 lastTs=2026-09-11T00:00:00.000Z","timestamp":"2026-09-11T00:00:04.774Z"}
{"level":"debug","message":"[AGG] PIXEL/USDC: strategy[0]=EMA → SELL conf=0.80 \"EMA12 crossed below EMA26 — both falling ↓\"","timestamp":"2026-09-11T00:00:04.780Z"}
{"level":"debug","message":"[AGG] PIXEL/USDC: strategy[1]=ADX → HOLD conf=0.10 \"ADX 19.3 < 20 — ranging, skip\"","timestamp":"2026-09-11T00:00:04.781Z"}
{"level":"debug","message":"[AGG] PIXEL/USDC: strategy[2]=SupportResistance → BUY conf=0.62 \"Support 0.0046 (3×)\"","timestamp":"2026-09-11T00:00:04.781Z"}
{"level":"debug","message":"[AGG] PIXEL/USDC: votes BUY=0.62 SELL=0.80 HOLD=0.10 total_voters=3 external=0","timestamp":"2026-09-11T00:00:04.781Z"}
{"level":"debug","message":"[AGG] PIXEL/USDC: decision=HOLD confidence=0.27 tie=false belowMin=true (minConf=0.35750000000000004)","timestamp":"2026-09-11T00:00:04.781Z"}
{"level":"warn","message":"VANRY/USDC: candle series stale (newest bar 25.0d old) — skipping cycle","timestamp":"2026-09-11T00:00:04.841Z"}
{"level":"info","message":"[RISK] Day rollover — resetting daily stats (prev: pnl=0.00 trades=0)","timestamp":"2026-09-11T00:00:04.854Z"}
{"level":"debug","message":"[CYCLE] XRP/USDC: sizing positionPct=0.2058 (base=0.15 atr=0.04072504708097929 regime=on conf=0.20 macro=bull mtf=1.0)","timestamp":"2026-09-11T00:00:04.855Z"}
{"level":"info","message":"XRP/USDC: decision=HOLD confidence=20% price=1.33400000 external_signals=0","timestamp":"2026-09-11T00:00:04.855Z"}
{"level":"info","message":"XRP/USDC: Price 1.3340 inside BB [1.3260–1.4624] | Stoch K=3.7 D=16.3 — no crossover in extreme zone | No EMA crossover (fast 1.3909 vs slow 1.3845)","timestamp":"2026-09-11T00:00:04.855Z"}
{"level":"debug","message":"[CYCLE] SOL/USDC: starting cycle, candles=1535 lastClose=98.65000000 lastTs=2026-09-11T00:00:00.000Z","timestamp":"2026-09-11T00:00:04.871Z"}
{"level":"debug","message":"[AGG] SOL/USDC: strategy[0]=BollingerBands → HOLD conf=0.20 \"Price 98.6500 inside BB [98.0387–107.0013]\"","timestamp":"2026-09-11T00:00:04.892Z"}
{"level":"debug","message":"[AGG] SOL/USDC: strategy[1]=WilliamsR → HOLD conf=0.59 \"%R -97.3 oversold — still falling, wait\"","timestamp":"2026-09-11T00:00:04.893Z"}
{"level":"debug","message":"[AGG] SOL/USDC: strategy[2]=StochRSI → HOLD conf=0.20 \"StochRSI K=0.0 D=0.0 — no extreme crossover\"","timestamp":"2026-09-11T00:00:04.893Z"}
{"level":"debug","message":"[AGG] SOL/USDC: votes BUY=0.00 SELL=0.00 HOLD=0.99 total_voters=3 external=0","timestamp":"2026-09-11T00:00:04.893Z"}
{"level":"debug","message":"[AGG] SOL/USDC: decision=HOLD confidence=0.33 tie=false belowMin=true (minConf=0.35750000000000004)","timestamp":"2026-09-11T00:00:04.893Z"}
{"level":"debug","message":"[CYCLE] AVAX/USDC: starting cycle, candles=1535 lastClose=7.42200000 lastTs=2026-09-11T00:00:00.000Z","timestamp":"2026-09-11T00:00:04.917Z"}
{"level":"debug","message":"[AGG] AVAX/USDC: strategy[0]=RSI → HOLD conf=0.20 \"RSI 44.8 neutral\"","timestamp":"2026-09-11T00:00:04.921Z"}
{"level":"debug","message":"[AGG] AVAX/USDC: strategy[1]=MACD → SELL conf=0.70 \"MACD crossed below signal ↓ hist:-0.0286\"","timestamp":"2026-09-11T00:00:04.921Z"}
{"level":"debug","message":"[AGG] AVAX/USDC: strategy[2]=PSAR → SELL conf=0.85 \"PSAR flipped bearish ↓ — SAR 8.1990 now above price 7.4220\"","timestamp":"2026-09-11T00:00:04.921Z"}
{"level":"debug","message":"[AGG] AVAX/USDC: votes BUY=0.00 SELL=1.55 HOLD=0.20 total_voters=3 external=0","timestamp":"2026-09-11T00:00:04.921Z"}
{"level":"debug","message":"[AGG] AVAX/USDC: decision=SELL confidence=0.52 tie=false","timestamp":"2026-09-11T00:00:04.921Z"}
{"level":"debug","message":"[CYCLE] DOGE/USDC: starting cycle, candles=1535 lastClose=0.08289000 lastTs=2026-09-11T00:00:00.000Z","timestamp":"2026-09-11T00:00:04.927Z"}
{"level":"debug","message":"[AGG] DOGE/USDC: strategy[0]=EMA → HOLD conf=0.20 \"No EMA crossover (fast 0.0871 vs slow 0.0864)\"","timestamp":"2026-09-11T00:00:04.930Z"}
{"level":"debug","message":"[AGG] DOGE/USDC: strategy[1]=PSAR → HOLD conf=0.10 \"PSAR downtrend continues (SAR 0.0948)\"","timestamp":"2026-09-11T00:00:04.930Z"}
{"level":"debug","message":"[AGG] DOGE/USDC: strategy[2]=HeikinAshi → HOLD conf=0.15 \"HA bearish continuation\"","timestamp":"2026-09-11T00:00:04.930Z"}
{"level":"debug","message":"[AGG] DOGE/USDC: votes BUY=0.00 SELL=0.00 HOLD=0.45 total_voters=3 external=0","timestamp":"2026-09-11T00:00:04.930Z"}
{"level":"debug","message":"[AGG] DOGE/USDC: decision=HOLD confidence=0.15 tie=false belowMin=true (minConf=0.35750000000000004)","timestamp":"2026-09-11T00:00:04.930Z"}
{"level":"debug","message":"[CYCLE] LINK/USDC: sizing positionPct=0.1037 (base=0.15 atr=0.04072504708097929 regime=on conf=0.30 macro=bull mtf=1.0)","timestamp":"2026-09-11T00:00:04.939Z"}
{"level":"info","message":"LINK/USDC: decision=HOLD confidence=30% price=11.45300000 external_signals=0","timestamp":"2026-09-11T00:00:04.939Z"}
{"level":"info","message":"LINK/USDC: Price 11.4530 inside BB [10.7020–13.2010] | Stoch K=0.9 D=17.9 — no crossover in extreme zone | Supertrend flipped bearish ↓ (ST 13.1850)","timestamp":"2026-09-11T00:00:04.939Z"}
{"level":"debug","message":"[CYCLE] BNB/USDC: starting cycle, candles=1535 lastClose=708.61000000 lastTs=2026-09-11T00:00:00.000Z","timestamp":"2026-09-11T00:00:04.998Z"}
{"level":"debug","message":"[AGG] BNB/USDC: strategy[0]=WilliamsR → HOLD conf=0.57 \"%R -93.4 oversold — still falling, wait\"","timestamp":"2026-09-11T00:00:05.000Z"}
{"level":"debug","message":"[AGG] BNB/USDC: strategy[1]=HeikinAshi → HOLD conf=0.15 \"HA bearish continuation\"","timestamp":"2026-09-11T00:00:05.000Z"}
{"level":"debug","message":"[AGG] BNB/USDC: strategy[2]=SupportResistance → SELL conf=0.50 \"Resistance 718.9950 (2×)\"","timestamp":"2026-09-11T00:00:05.000Z"}
{"level":"debug","message":"[AGG] BNB/USDC: votes BUY=0.00 SELL=0.50 HOLD=0.72 total_voters=3 external=0","timestamp":"2026-09-11T00:00:05.000Z"}
{"level":"debug","message":"[AGG] BNB/USDC: decision=HOLD confidence=0.24 tie=false belowMin=true (minConf=0.35750000000000004)","timestamp":"2026-09-11T00:00:05.000Z"}
{"level":"debug","message":"[CYCLE] LTC/USDC: starting cycle, candles=1535 lastClose=52.10000000 lastTs=2026-09-11T00:00:00.000Z","timestamp":"2026-09-11T00:00:05.003Z"}
{"level":"debug","message":"[AGG] LTC/USDC: strategy[0]=BollingerBands → HOLD conf=0.20 \"Price 52.1000 inside BB [48.1071–57.0489]\"","timestamp":"2026-09-11T00:00:05.014Z"}
{"level":"debug","message":"[AGG] LTC/USDC: strategy[1]=EMA → HOLD conf=0.20 \"No EMA crossover (fast 53.2262 vs slow 52.2288)\"","timestamp":"2026-09-11T00:00:05.014Z"}
{"level":"debug","message":"[AGG] LTC/USDC: strategy[2]=WilliamsR → HOLD conf=0.20 \"%R -76.1 neutral\"","timestamp":"2026-09-11T00:00:05.014Z"}
{"level":"debug","message":"[AGG] LTC/USDC: votes BUY=0.00 SELL=0.00 HOLD=0.60 total_voters=3 external=0","timestamp":"2026-09-11T00:00:05.014Z"}
{"level":"debug","message":"[AGG] LTC/USDC: decision=HOLD confidence=0.20 tie=false belowMin=true (minConf=0.35750000000000004)","timestamp":"2026-09-11T00:00:05.014Z"}
{"level":"debug","message":"[CYCLE] NEAR/USDC: starting cycle, candles=1535 lastClose=2.44400000 lastTs=2026-09-11T00:00:00.000Z","timestamp":"2026-09-11T00:00:05.033Z"}
{"level":"debug","message":"[AGG] NEAR/USDC: strategy[0]=RSI → HOLD conf=0.20 \"RSI 62.9 neutral\"","timestamp":"2026-09-11T00:00:05.040Z"}
{"level":"debug","message":"[AGG] NEAR/USDC: strategy[1]=BollingerBands → HOLD conf=0.20 \"Price 2.4440 inside BB [1.7523–2.6633]\"","timestamp":"2026-09-11T00:00:05.040Z"}
{"level":"debug","message":"[AGG] NEAR/USDC: strategy[2]=Stochastic → HOLD conf=0.20 \"Stoch K=72.2 D=73.1 — no crossover in extreme zone\"","timestamp":"2026-09-11T00:00:05.040Z"}
{"level":"debug","message":"[AGG] NEAR/USDC: strategy[3]=SupportResistance → HOLD conf=0.10 \"No significant S/R zone nearby\"","timestamp":"2026-09-11T00:00:05.040Z"}
{"level":"debug","message":"[AGG] NEAR/USDC: votes BUY=0.00 SELL=0.00 HOLD=0.70 total_voters=4 external=0","timestamp":"2026-09-11T00:00:05.040Z"}
{"level":"debug","message":"[AGG] NEAR/USDC: decision=HOLD confidence=0.17 tie=false belowMin=true (minConf=0.45499999999999996)","timestamp":"2026-09-11T00:00:05.040Z"}
{"level":"debug","message":"[CYCLE] MANTA/USDC: starting cycle, candles=1535 lastClose=0.05773000 lastTs=2026-09-11T00:00:00.000Z","timestamp":"2026-09-11T00:00:05.047Z"}
{"level":"debug","message":"[AGG] MANTA/USDC: strategy[0]=RSI → HOLD conf=0.20 \"RSI 40.8 neutral\"","timestamp":"2026-09-11T00:00:05.063Z"}
{"level":"debug","message":"[AGG] MANTA/USDC: strategy[1]=BollingerBands → HOLD conf=0.20 \"Price 0.0577 inside BB [0.0560–0.0637]\"","timestamp":"2026-09-11T00:00:05.064Z"}
{"level":"debug","message":"[AGG] MANTA/USDC: strategy[2]=CCI → HOLD conf=0.20 \"CCI -69.4 neutral\"","timestamp":"2026-09-11T00:00:05.064Z"}
{"level":"debug","message":"[AGG] MANTA/USDC: votes BUY=0.00 SELL=0.00 HOLD=0.60 total_voters=3 external=0","timestamp":"2026-09-11T00:00:05.064Z"}
{"level":"debug","message":"[AGG] MANTA/USDC: decision=HOLD confidence=0.20 tie=false belowMin=true (minConf=0.45499999999999996)","timestamp":"2026-09-11T00:00:05.064Z"}
{"level":"debug","message":"[CYCLE] ICP/USDC: starting cycle, candles=1535 lastClose=2.81100000 lastTs=2026-09-11T00:00:00.000Z","timestamp":"2026-09-11T00:00:05.073Z"}
{"level":"debug","message":"[AGG] ICP/USDC: strategy[0]=RSI → HOLD conf=0.20 \"RSI 59.9 neutral\"","timestamp":"2026-09-11T00:00:05.080Z"}
{"level":"debug","message":"[AGG] ICP/USDC: strategy[1]=BollingerBands → HOLD conf=0.20 \"Price 2.8110 inside BB [2.3090–3.0574]\"","timestamp":"2026-09-11T00:00:05.080Z"}
{"level":"debug","message":"[AGG] ICP/USDC: strategy[2]=Stochastic → HOLD conf=0.20 \"Stoch K=57.0 D=52.8 — no crossover in extreme zone\"","timestamp":"2026-09-11T00:00:05.080Z"}
{"level":"debug","message":"[AGG] ICP/USDC: votes BUY=0.00 SELL=0.00 HOLD=0.60 total_voters=3 external=0","timestamp":"2026-09-11T00:00:05.080Z"}
{"level":"debug","message":"[AGG] ICP/USDC: decision=HOLD confidence=0.20 tie=false belowMin=true (minConf=0.35750000000000004)","timestamp":"2026-09-11T00:00:05.080Z"}
{"level":"debug","message":"[CYCLE] ACH/USDC: starting cycle, candles=1015 lastClose=0.00483000 lastTs=2026-09-11T00:00:00.000Z","timestamp":"2026-09-11T00:00:05.088Z"}
{"level":"debug","message":"[AGG] ACH/USDC: strategy[0]=RSI → HOLD conf=0.20 \"RSI 38.6 neutral\"","timestamp":"2026-09-11T00:00:05.093Z"}
{"level":"debug","message":"[AGG] ACH/USDC: strategy[1]=BollingerBands → HOLD conf=0.20 \"Price 0.0048 inside BB [0.0048–0.0055]\"","timestamp":"2026-09-11T00:00:05.094Z"}
{"level":"debug","message":"[AGG] ACH/USDC: strategy[2]=CCI → HOLD conf=0.61 \"CCI -128.4 oversold — still falling, wait\"","timestamp":"2026-09-11T00:00:05.094Z"}
{"level":"debug","message":"[AGG] ACH/USDC: votes BUY=0.00 SELL=0.00 HOLD=1.01 total_voters=3 external=0","timestamp":"2026-09-11T00:00:05.094Z"}
{"level":"debug","message":"[AGG] ACH/USDC: decision=HOLD confidence=0.34 tie=false belowMin=true (minConf=0.45499999999999996)","timestamp":"2026-09-11T00:00:05.094Z"}
{"level":"debug","message":"[CYCLE] CRV/USDC: starting cycle, candles=1535 lastClose=0.33560000 lastTs=2026-09-11T00:00:00.000Z","timestamp":"2026-09-11T00:00:05.099Z"}
{"level":"debug","message":"[AGG] CRV/USDC: strategy[0]=ADX → BUY conf=0.54 \"ADX 31.2 uptrend (+DI 20.5 > -DI 17.7)\"","timestamp":"2026-09-11T00:00:05.104Z"}
{"level":"debug","message":"[AGG] CRV/USDC: strategy[1]=StochRSI → HOLD conf=0.20 \"StochRSI K=0.0 D=0.0 — no extreme crossover\"","timestamp":"2026-09-11T00:00:05.104Z"}
{"level":"debug","message":"[AGG] CRV/USDC: strategy[2]=SupportResistance → HOLD conf=0.10 \"No significant S/R zone nearby\"","timestamp":"2026-09-11T00:00:05.104Z"}
{"level":"debug","message":"[AGG] CRV/USDC: votes BUY=0.54 SELL=0.00 HOLD=0.30 total_voters=3 external=0","timestamp":"2026-09-11T00:00:05.104Z"}
{"level":"debug","message":"[AGG] CRV/USDC: decision=HOLD confidence=0.18 tie=false belowMin=true (minConf=0.35750000000000004)","timestamp":"2026-09-11T00:00:05.104Z"}
{"level":"debug","message":"[CYCLE] ARB/USDC: starting cycle, candles=1535 lastClose=0.13980000 lastTs=2026-09-11T00:00:00.000Z","timestamp":"2026-09-11T00:00:05.118Z"}
{"level":"debug","message":"[AGG] ARB/USDC: strategy[0]=RSI → HOLD conf=0.20 \"RSI 50.3 neutral\"","timestamp":"2026-09-11T00:00:05.121Z"}
{"level":"debug","message":"[AGG] ARB/USDC: strategy[1]=WilliamsR → HOLD conf=0.53 \"%R -85.3 oversold — still falling, wait\"","timestamp":"2026-09-11T00:00:05.121Z"}
{"level":"debug","message":"[AGG] ARB/USDC: strategy[2]=HeikinAshi → HOLD conf=0.15 \"HA bearish continuation\"","timestamp":"2026-09-11T00:00:05.121Z"}
{"level":"debug","message":"[AGG] ARB/USDC: votes BUY=0.00 SELL=0.00 HOLD=0.88 total_voters=3 external=0","timestamp":"2026-09-11T00:00:05.121Z"}
{"level":"debug","message":"[AGG] ARB/USDC: decision=HOLD confidence=0.29 tie=false belowMin=true (minConf=0.35750000000000004)","timestamp":"2026-09-11T00:00:05.121Z"}
{"level":"debug","message":"[CYCLE] BTC/USDC: sizing positionPct=0.3020 (base=0.15 atr=0.04072504708097929 regime=on conf=0.28 macro=bull mtf=1.0)","timestamp":"2026-09-11T00:00:05.144Z"}
{"level":"info","message":"BTC/USDC: decision=HOLD confidence=28% price=76568.34000000 external_signals=0","timestamp":"2026-09-11T00:00:05.144Z"}
{"level":"info","message":"BTC/USDC: No EMA crossover (fast 78476.2787 vs slow 78157.2150) | PSAR flipped bearish ↓ — SAR 82300.0000 now above price 76558.3600 | HA bearish continuation","timestamp":"2026-09-11T00:00:05.144Z"}
{"level":"debug","message":"[CYCLE] JUP/USDC: starting cycle, candles=1535 lastClose=0.22460000 lastTs=2026-09-11T00:00:00.000Z","timestamp":"2026-09-11T00:00:05.159Z"}
{"level":"debug","message":"[AGG] JUP/USDC: strategy[0]=BollingerBands → HOLD conf=0.20 \"Price 0.2246 inside BB [0.1980–0.2701]\"","timestamp":"2026-09-11T00:00:05.168Z"}
{"level":"debug","message":"[AGG] JUP/USDC: strategy[1]=CCI → HOLD conf=0.20 \"CCI -40.0 neutral\"","timestamp":"2026-09-11T00:00:05.169Z"}
{"level":"debug","message":"[AGG] JUP/USDC: strategy[2]=OBV → HOLD conf=0.20 \"OBV above EMA-20 — no cross\"","timestamp":"2026-09-11T00:00:05.169Z"}
{"level":"debug","message":"[AGG] JUP/USDC: votes BUY=0.00 SELL=0.00 HOLD=0.60 total_voters=3 external=0","timestamp":"2026-09-11T00:00:05.169Z"}
{"level":"debug","message":"[AGG] JUP/USDC: decision=HOLD confidence=0.20 tie=false belowMin=true (minConf=0.35750000000000004)","timestamp":"2026-09-11T00:00:05.169Z"}
{"level":"warn","message":"LSK/USDC: candle series stale (newest bar 91.0d old) — skipping cycle","timestamp":"2026-09-11T00:00:05.188Z"}
{"level":"debug","message":"[CYCLE] APT/USDC: starting cycle, candles=1535 lastClose=0.64100000 lastTs=2026-09-11T00:00:00.000Z","timestamp":"2026-09-11T00:00:05.250Z"}
{"level":"debug","message":"[AGG] APT/USDC: strategy[0]=BollingerBands → HOLD conf=0.20 \"Price 0.6410 inside BB [0.5475–0.6722]\"","timestamp":"2026-09-11T00:00:05.263Z"}
{"level":"debug","message":"[AGG] APT/USDC: strategy[1]=Stochastic → HOLD conf=0.20 \"Stoch K=62.1 D=52.6 — no crossover in extreme zone\"","timestamp":"2026-09-11T00:00:05.263Z"}
{"level":"debug","message":"[AGG] APT/USDC: strategy[2]=MFI → HOLD conf=0.20 \"MFI 53.6 neutral\"","timestamp":"2026-09-11T00:00:05.263Z"}
{"level":"debug","message":"[AGG] APT/USDC: votes BUY=0.00 SELL=0.00 HOLD=0.60 total_voters=3 external=0","timestamp":"2026-09-11T00:00:05.263Z"}
{"level":"debug","message":"[AGG] APT/USDC: decision=HOLD confidence=0.20 tie=false belowMin=true (minConf=0.35750000000000004)","timestamp":"2026-09-11T00:00:05.263Z"}
{"level":"debug","message":"[CYCLE] TIA/USDC: starting cycle, candles=1535 lastClose=0.36830000 lastTs=2026-09-11T00:00:00.000Z","timestamp":"2026-09-11T00:00:05.331Z"}
{"level":"debug","message":"[AGG] TIA/USDC: strategy[0]=CCI → HOLD conf=0.20 \"CCI -27.2 neutral\"","timestamp":"2026-09-11T00:00:05.341Z"}
{"level":"debug","message":"[AGG] TIA/USDC: strategy[1]=MACD → HOLD conf=0.20 \"MACD 0.0104 vs signal 0.0139 hist:-0.0035\"","timestamp":"2026-09-11T00:00:05.341Z"}
{"level":"debug","message":"[AGG] TIA/USDC: strategy[2]=HeikinAshi → HOLD conf=0.15 \"HA bearish continuation\"","timestamp":"2026-09-11T00:00:05.341Z"}
{"level":"debug","message":"[AGG] TIA/USDC: votes BUY=0.00 SELL=0.00 HOLD=0.55 total_voters=3 external=0","timestamp":"2026-09-11T00:00:05.341Z"}
{"level":"debug","message":"[AGG] TIA/USDC: decision=HOLD confidence=0.18 tie=false belowMin=true (minConf=0.35750000000000004)","timestamp":"2026-09-11T00:00:05.341Z"}
{"level":"debug","message":"[CYCLE] BCH/USDC: sizing positionPct=0.1342 (base=0.15 atr=0.04072504708097929 regime=on conf=0.28 macro=bull mtf=1.0)","timestamp":"2026-09-11T00:00:05.353Z"}
{"level":"info","message":"BCH/USDC: decision=HOLD confidence=28% price=223.80000000 external_signals=0","timestamp":"2026-09-11T00:00:05.353Z"}
{"level":"info","message":"BCH/USDC: Price 223.8000 ≤ lower BB 234.9857 (bw 13.4%) | OBV crossed below EMA-20 — volume sellers in control | %R -97.6 oversold — still falling, wait","timestamp":"2026-09-11T00:00:05.353Z"}
{"level":"debug","message":"[CYCLE] ADA/USDC: starting cycle, candles=1535 lastClose=0.20460000 lastTs=2026-09-11T00:00:00.000Z","timestamp":"2026-09-11T00:00:05.403Z"}
{"level":"debug","message":"[AGG] ADA/USDC: strategy[0]=RSI → HOLD conf=0.20 \"RSI 43.1 neutral\"","timestamp":"2026-09-11T00:00:05.414Z"}
{"level":"debug","message":"[AGG] ADA/USDC: strategy[1]=BollingerBands → HOLD conf=0.20 \"Price 0.2046 inside BB [0.1950–0.2306]\"","timestamp":"2026-09-11T00:00:05.414Z"}
{"level":"debug","message":"[AGG] ADA/USDC: strategy[2]=CCI → HOLD conf=0.20 \"CCI -48.1 neutral\"","timestamp":"2026-09-11T00:00:05.414Z"}
{"level":"debug","message":"[AGG] ADA/USDC: votes BUY=0.00 SELL=0.00 HOLD=0.60 total_voters=3 external=0","timestamp":"2026-09-11T00:00:05.414Z"}
{"level":"debug","message":"[AGG] ADA/USDC: decision=HOLD confidence=0.20 tie=false belowMin=true (minConf=0.35750000000000004)","timestamp":"2026-09-11T00:00:05.414Z"}
{"level":"debug","message":"[CYCLE] WLD/USDC: starting cycle, candles=1535 lastClose=0.39560000 lastTs=2026-09-11T00:00:00.000Z","timestamp":"2026-09-11T00:00:05.492Z"}
{"level":"debug","message":"[AGG] WLD/USDC: strategy[0]=BollingerBands → HOLD conf=0.20 \"Price 0.3956 inside BB [0.3393–0.4768]\"","timestamp":"2026-09-11T00:00:05.500Z"}
{"level":"debug","message":"[AGG] WLD/USDC: strategy[1]=CCI → HOLD conf=0.20 \"CCI -16.8 neutral\"","timestamp":"2026-09-11T00:00:05.500Z"}
{"level":"debug","message":"[AGG] WLD/USDC: strategy[2]=ADX → BUY conf=0.59 \"ADX 32.4 uptrend (+DI 26.9 > -DI 20.8)\"","timestamp":"2026-09-11T00:00:05.500Z"}
{"level":"debug","message":"[AGG] WLD/USDC: votes BUY=0.59 SELL=0.00 HOLD=0.40 total_voters=3 external=0","timestamp":"2026-09-11T00:00:05.500Z"}
{"level":"debug","message":"[AGG] WLD/USDC: decision=HOLD confidence=0.20 tie=false belowMin=true (minConf=0.35750000000000004)","timestamp":"2026-09-11T00:00:05.500Z"}
{"level":"debug","message":"[CYCLE] PEPE/USDC: starting cycle, candles=1535 lastClose=0.00000323 lastTs=2026-09-11T00:00:00.000Z","timestamp":"2026-09-11T00:00:05.502Z"}
{"level":"debug","message":"[AGG] PEPE/USDC: strategy[0]=EMA → SELL conf=0.80 \"EMA12 crossed below EMA26 — both falling ↓\"","timestamp":"2026-09-11T00:00:05.504Z"}
{"level":"debug","message":"[AGG] PEPE/USDC: strategy[1]=Supertrend → SELL conf=0.90 \"Supertrend flipped bearish ↓ (ST 0.0000)\"","timestamp":"2026-09-11T00:00:05.504Z"}
{"level":"debug","message":"[AGG] PEPE/USDC: strategy[2]=OBV → HOLD conf=0.20 \"OBV below EMA-20 — no cross\"","timestamp":"2026-09-11T00:00:05.504Z"}
{"level":"debug","message":"[AGG] PEPE/USDC: votes BUY=0.00 SELL=1.70 HOLD=0.20 total_voters=3 external=0","timestamp":"2026-09-11T00:00:05.504Z"}
{"level":"debug","message":"[AGG] PEPE/USDC: decision=SELL confidence=0.57 tie=false","timestamp":"2026-09-11T00:00:05.504Z"}
{"level":"debug","message":"[CYCLE] TRX/USDC: sizing positionPct=0.3612 (base=0.15 atr=0.04072504708097929 regime=on conf=0.53 macro=bull mtf=1.0)","timestamp":"2026-09-11T00:00:05.532Z"}
{"level":"info","message":"TRX/USDC: decision=HOLD confidence=53% price=0.33990000 external_signals=0","timestamp":"2026-09-11T00:00:05.532Z"}
{"level":"info","message":"TRX/USDC: CCI 97.9 neutral | Stoch K=91.1 crossed below D=92.3 in overbought zone | StochRSI K=93.6 crossed below D=96.6 in overbought ↓","timestamp":"2026-09-11T00:00:05.532Z"}
{"level":"warn","message":"TON/USDC: candle series stale (newest bar 73.0d old) — skipping cycle","timestamp":"2026-09-11T00:00:05.540Z"}
{"level":"debug","message":"[CYCLE] ETH/USDC: starting cycle, candles=1535 lastClose=2438.10000000 lastTs=2026-09-11T00:00:00.000Z","timestamp":"2026-09-11T00:00:05.601Z"}
{"level":"debug","message":"[AGG] ETH/USDC: strategy[0]=Supertrend → HOLD conf=0.10 \"Supertrend uptrend continues (ST 2329.1559)\"","timestamp":"2026-09-11T00:00:05.605Z"}
{"level":"debug","message":"[AGG] ETH/USDC: strategy[1]=MFI → HOLD conf=0.20 \"MFI 24.9 neutral\"","timestamp":"2026-09-11T00:00:05.605Z"}
{"level":"debug","message":"[AGG] ETH/USDC: strategy[2]=SupportResistance → SELL conf=0.53 \"Resistance 2466.7050 (2×)\"","timestamp":"2026-09-11T00:00:05.605Z"}
{"level":"debug","message":"[AGG] ETH/USDC: votes BUY=0.00 SELL=0.53 HOLD=0.30 total_voters=3 external=0","timestamp":"2026-09-11T00:00:05.606Z"}
{"level":"debug","message":"[AGG] ETH/USDC: decision=HOLD confidence=0.18 tie=false belowMin=true (minConf=0.35750000000000004)","timestamp":"2026-09-11T00:00:05.606Z"}
{"level":"debug","message":"[CYCLE] ENS/USDC: starting cycle, candles=1535 lastClose=5.51000000 lastTs=2026-09-11T00:00:00.000Z","timestamp":"2026-09-11T00:00:05.640Z"}
{"level":"debug","message":"[AGG] ENS/USDC: strategy[0]=BollingerBands → HOLD conf=0.20 \"Price 5.5100 inside BB [5.3482–6.3768]\"","timestamp":"2026-09-11T00:00:05.644Z"}
{"level":"debug","message":"[AGG] ENS/USDC: strategy[1]=PSAR → SELL conf=0.85 \"PSAR flipped bearish ↓ — SAR 6.5200 now above price 5.5100\"","timestamp":"2026-09-11T00:00:05.644Z"}
{"level":"debug","message":"[AGG] ENS/USDC: strategy[2]=SupportResistance → HOLD conf=0.10 \"No significant S/R zone nearby\"","timestamp":"2026-09-11T00:00:05.644Z"}
{"level":"debug","message":"[AGG] ENS/USDC: votes BUY=0.00 SELL=0.85 HOLD=0.30 total_voters=3 external=0","timestamp":"2026-09-11T00:00:05.644Z"}
{"level":"debug","message":"[AGG] ENS/USDC: decision=HOLD confidence=0.28 tie=false belowMin=true (minConf=0.35750000000000004)","timestamp":"2026-09-11T00:00:05.644Z"}
{"level":"debug","message":"[CYCLE] LDO/USDC: sizing positionPct=0.1366 (base=0.15 atr=0.04072504708097929 regime=on conf=0.41 macro=bull mtf=1.0)","timestamp":"2026-09-11T00:00:05.734Z"}
{"level":"info","message":"LDO/USDC: decision=HOLD confidence=41% price=0.36940000 external_signals=0","timestamp":"2026-09-11T00:00:05.734Z"}
{"level":"info","message":"LDO/USDC: MACD 0.0041 vs signal 0.0085 hist:-0.0044 | ADX 36.2 uptrend (+DI 20.5 > -DI 17.9) | %R -90.1 oversold ↑ reversal confirmed","timestamp":"2026-09-11T00:00:05.734Z"}
{"level":"debug","message":"[CYCLE] RENDER/USDC: starting cycle, candles=1535 lastClose=1.39400000 lastTs=2026-09-11T00:00:00.000Z","timestamp":"2026-09-11T00:00:05.752Z"}
{"level":"debug","message":"[AGG] RENDER/USDC: strategy[0]=EMA → HOLD conf=0.20 \"No EMA crossover (fast 1.4723 vs slow 1.4678)\"","timestamp":"2026-09-11T00:00:05.755Z"}
{"level":"debug","message":"[AGG] RENDER/USDC: strategy[1]=OBV → HOLD conf=0.20 \"OBV below EMA-20 — no cross\"","timestamp":"2026-09-11T00:00:05.755Z"}
{"level":"debug","message":"[AGG] RENDER/USDC: strategy[2]=WilliamsR → HOLD conf=0.57 \"%R -93.7 oversold — still falling, wait\"","timestamp":"2026-09-11T00:00:05.756Z"}
{"level":"debug","message":"[AGG] RENDER/USDC: votes BUY=0.00 SELL=0.00 HOLD=0.97 total_voters=3 external=0","timestamp":"2026-09-11T00:00:05.756Z"}
{"level":"debug","message":"[AGG] RENDER/USDC: decision=HOLD confidence=0.32 tie=false belowMin=true (minConf=0.35750000000000004)","timestamp":"2026-09-11T00:00:05.756Z"}
{"level":"debug","message":"[CYCLE] PIXEL/USDC: sizing positionPct=0.1290 (base=0.15 atr=0.04072504708097929 regime=on conf=0.27 macro=bull mtf=1.0)","timestamp":"2026-09-11T00:00:05.933Z"}
{"level":"info","message":"PIXEL/USDC: decision=HOLD confidence=27% price=0.00458000 external_signals=0","timestamp":"2026-09-11T00:00:05.934Z"}
{"level":"info","message":"PIXEL/USDC: EMA12 crossed below EMA26 — both falling ↓ | ADX 19.3 < 20 — ranging, skip | Support 0.0046 (3×)","timestamp":"2026-09-11T00:00:05.934Z"}
{"level":"debug","message":"[CYCLE] INJ/USDC: starting cycle, candles=1535 lastClose=5.94400000 lastTs=2026-09-11T00:00:00.000Z","timestamp":"2026-09-11T00:00:05.964Z"}
{"level":"debug","message":"[AGG] INJ/USDC: strategy[0]=ADX → BUY conf=0.65 \"ADX 30.4 uptrend (+DI 30.4 > -DI 16.3)\"","timestamp":"2026-09-11T00:00:05.969Z"}
{"level":"debug","message":"[AGG] INJ/USDC: strategy[1]=OBV → HOLD conf=0.20 \"OBV above EMA-20 — no cross\"","timestamp":"2026-09-11T00:00:05.969Z"}
{"level":"debug","message":"[AGG] INJ/USDC: strategy[2]=StochRSI → HOLD conf=0.20 \"StochRSI K=52.2 D=60.4 — no extreme crossover\"","timestamp":"2026-09-11T00:00:05.969Z"}
{"level":"debug","message":"[AGG] INJ/USDC: votes BUY=0.65 SELL=0.00 HOLD=0.40 total_voters=3 external=0","timestamp":"2026-09-11T00:00:05.969Z"}
{"level":"debug","message":"[AGG] INJ/USDC: decision=HOLD confidence=0.22 tie=false belowMin=true (minConf=0.35750000000000004)","timestamp":"2026-09-11T00:00:05.969Z"}
{"level":"debug","message":"[CYCLE] ENA/USDC: starting cycle, candles=1535 lastClose=0.14310000 lastTs=2026-09-11T00:00:00.000Z","timestamp":"2026-09-11T00:00:06.086Z"}
{"level":"debug","message":"[AGG] ENA/USDC: strategy[0]=RSI → HOLD conf=0.20 \"RSI 40.8 neutral\"","timestamp":"2026-09-11T00:00:06.094Z"}
{"level":"debug","message":"[AGG] ENA/USDC: strategy[1]=BollingerBands → BUY conf=0.51 \"Price 0.1429 ≤ lower BB 0.1433 (bw 22.5%)\"","timestamp":"2026-09-11T00:00:06.094Z"}
{"level":"debug","message":"[AGG] ENA/USDC: strategy[2]=CCI → HOLD conf=0.74 \"CCI -158.8 oversold — still falling, wait\"","timestamp":"2026-09-11T00:00:06.094Z"}
{"level":"debug","message":"[AGG] ENA/USDC: votes BUY=0.51 SELL=0.00 HOLD=0.94 total_voters=3 external=0","timestamp":"2026-09-11T00:00:06.094Z"}
{"level":"debug","message":"[AGG] ENA/USDC: decision=HOLD confidence=0.31 tie=false belowMin=true (minConf=0.35750000000000004)","timestamp":"2026-09-11T00:00:06.094Z"}
{"level":"info","message":"XRP/USDC: live balance=133.59 pnl=-0.87 open_positions=2 daily_pnl=0.00 blocked=false","timestamp":"2026-09-11T00:00:06.133Z"}
{"level":"debug","message":"[CYCLE] PAXG/USDC: starting cycle, candles=1029 lastClose=4319.29000000 lastTs=2026-09-11T00:00:00.000Z","timestamp":"2026-09-11T00:00:06.262Z"}
{"level":"debug","message":"[AGG] PAXG/USDC: strategy[0]=MACD → HOLD conf=0.20 \"MACD -28.2157 vs signal -22.1930 hist:-6.0227\"","timestamp":"2026-09-11T00:00:06.264Z"}
{"level":"debug","message":"[AGG] PAXG/USDC: strategy[1]=ADX → SELL conf=0.69 \"ADX 27.3 downtrend (-DI 32.6 > +DI 14.8)\"","timestamp":"2026-09-11T00:00:06.264Z"}
{"level":"debug","message":"[AGG] PAXG/USDC: strategy[2]=Supertrend → HOLD conf=0.10 \"Supertrend uptrend continues (ST 4313.8820)\"","timestamp":"2026-09-11T00:00:06.264Z"}
{"level":"debug","message":"[AGG] PAXG/USDC: votes BUY=0.00 SELL=0.69 HOLD=0.30 total_voters=3 external=0","timestamp":"2026-09-11T00:00:06.264Z"}
{"level":"debug","message":"[AGG] PAXG/USDC: decision=HOLD confidence=0.23 tie=false belowMin=true (minConf=0.35750000000000004)","timestamp":"2026-09-11T00:00:06.264Z"}
{"level":"debug","message":"[CYCLE] SUI/USDC: starting cycle, candles=1535 lastClose=0.72730000 lastTs=2026-09-11T00:00:00.000Z","timestamp":"2026-09-11T00:00:06.286Z"}
{"level":"debug","message":"[AGG] SUI/USDC: strategy[0]=RSI → HOLD conf=0.20 \"RSI 38.1 neutral\"","timestamp":"2026-09-11T00:00:06.292Z"}
{"level":"debug","message":"[AGG] SUI/USDC: strategy[1]=Stochastic → HOLD conf=0.20 \"Stoch K=4.1 D=18.5 — no crossover in extreme zone\"","timestamp":"2026-09-11T00:00:06.292Z"}
{"level":"debug","message":"[AGG] SUI/USDC: strategy[2]=MFI → HOLD conf=0.20 \"MFI 56.5 neutral\"","timestamp":"2026-09-11T00:00:06.292Z"}
{"level":"debug","message":"[AGG] SUI/USDC: votes BUY=0.00 SELL=0.00 HOLD=0.60 total_voters=3 external=0","timestamp":"2026-09-11T00:00:06.292Z"}
{"level":"debug","message":"[AGG] SUI/USDC: decision=HOLD confidence=0.20 tie=false belowMin=true (minConf=0.45499999999999996)","timestamp":"2026-09-11T00:00:06.292Z"}
{"level":"debug","message":"[CYCLE] SOL/USDC: sizing positionPct=0.2375 (base=0.15 atr=0.04072504708097929 regime=on conf=0.33 macro=bull mtf=1.0)","timestamp":"2026-09-11T00:00:06.332Z"}
{"level":"info","message":"SOL/USDC: decision=HOLD confidence=33% price=98.65000000 external_signals=0","timestamp":"2026-09-11T00:00:06.332Z"}
{"level":"info","message":"SOL/USDC: Price 98.6500 inside BB [98.0387–107.0013] | %R -97.3 oversold — still falling, wait | StochRSI K=0.0 D=0.0 — no extreme crossover","timestamp":"2026-09-11T00:00:06.332Z"}
{"level":"debug","message":"[CYCLE] THETA/USDC: starting cycle, candles=1053 lastClose=0.16920000 lastTs=2026-09-11T00:00:00.000Z","timestamp":"2026-09-11T00:00:06.335Z"}
{"level":"debug","message":"[AGG] THETA/USDC: strategy[0]=RSI → HOLD conf=0.20 \"RSI 42.4 neutral\"","timestamp":"2026-09-11T00:00:06.338Z"}
{"level":"debug","message":"[AGG] THETA/USDC: strategy[1]=CCI → HOLD conf=0.20 \"CCI -83.1 neutral\"","timestamp":"2026-09-11T00:00:06.338Z"}
{"level":"debug","message":"[AGG] THETA/USDC: strategy[2]=OBV → SELL conf=0.55 \"OBV crossed below EMA-20 — volume sellers in control\"","timestamp":"2026-09-11T00:00:06.338Z"}
{"level":"debug","message":"[AGG] THETA/USDC: votes BUY=0.00 SELL=0.55 HOLD=0.40 total_voters=3 external=0","timestamp":"2026-09-11T00:00:06.338Z"}
{"level":"debug","message":"[AGG] THETA/USDC: decision=HOLD confidence=0.18 tie=false belowMin=true (minConf=0.35750000000000004)","timestamp":"2026-09-11T00:00:06.338Z"}
{"level":"debug","message":"[RISK] AVAX/USDC: canTrade=true decision=SELL conf=0.52 positions=0/4 dailyPnL=0.00","timestamp":"2026-09-11T00:00:06.531Z"}
{"level":"debug","message":"[CYCLE] AVAX/USDC: sizing positionPct=0.2392 (base=0.15 atr=0.04072504708097929 regime=on conf=0.52 macro=bull mtf=1.0)","timestamp":"2026-09-11T00:00:06.532Z"}
{"level":"info","message":"[LIVE] AVAX/USDC: SELL skipped, no open position","timestamp":"2026-09-11T00:00:06.532Z"}
{"level":"info","message":"AVAX/USDC: decision=SELL confidence=52% price=7.42200000 external_signals=0","timestamp":"2026-09-11T00:00:06.532Z"}
{"level":"info","message":"AVAX/USDC: RSI 44.8 neutral | MACD crossed below signal ↓ hist:-0.0286 | PSAR flipped bearish ↓ — SAR 8.1990 now above price 7.4220","timestamp":"2026-09-11T00:00:06.532Z"}
{"level":"debug","message":"[CYCLE] JTO/USDC: starting cycle, candles=1535 lastClose=0.41000000 lastTs=2026-09-11T00:00:00.000Z","timestamp":"2026-09-11T00:00:06.713Z"}
{"level":"debug","message":"[AGG] JTO/USDC: strategy[0]=CCI → HOLD conf=0.57 \"CCI -118.4 oversold — still falling, wait\"","timestamp":"2026-09-11T00:00:06.716Z"}
{"level":"debug","message":"[AGG] JTO/USDC: strategy[1]=PSAR → SELL conf=0.85 \"PSAR flipped bearish ↓ — SAR 0.4837 now above price 0.4098\"","timestamp":"2026-09-11T00:00:06.716Z"}
{"level":"debug","message":"[AGG] JTO/USDC: strategy[2]=SupportResistance → HOLD conf=0.10 \"No significant S/R zone nearby\"","timestamp":"2026-09-11T00:00:06.716Z"}
{"level":"debug","message":"[AGG] JTO/USDC: votes BUY=0.00 SELL=0.85 HOLD=0.67 total_voters=3 external=0","timestamp":"2026-09-11T00:00:06.716Z"}
{"level":"debug","message":"[AGG] JTO/USDC: decision=HOLD confidence=0.28 tie=false belowMin=true (minConf=0.35750000000000004)","timestamp":"2026-09-11T00:00:06.716Z"}
{"level":"debug","message":"[CYCLE] DOGE/USDC: sizing positionPct=0.1317 (base=0.15 atr=0.04072504708097929 regime=on conf=0.15 macro=bull mtf=1.0)","timestamp":"2026-09-11T00:00:06.739Z"}
{"level":"info","message":"DOGE/USDC: decision=HOLD confidence=15% price=0.08289000 external_signals=0","timestamp":"2026-09-11T00:00:06.739Z"}
{"level":"info","message":"DOGE/USDC: No EMA crossover (fast 0.0871 vs slow 0.0864) | PSAR downtrend continues (SAR 0.0948) | HA bearish continuation","timestamp":"2026-09-11T00:00:06.739Z"}
{"level":"info","message":"LINK/USDC: live balance=133.59 pnl=-0.87 open_positions=2 daily_pnl=0.00 blocked=false","timestamp":"2026-09-11T00:00:06.934Z"}
{"level":"debug","message":"[CYCLE] BNB/USDC: sizing positionPct=0.2230 (base=0.15 atr=0.04072504708097929 regime=on conf=0.24 macro=bull mtf=1.0)","timestamp":"2026-09-11T00:00:07.134Z"}
{"level":"info","message":"BNB/USDC: decision=HOLD confidence=24% price=708.61000000 external_signals=0","timestamp":"2026-09-11T00:00:07.134Z"}
{"level":"info","message":"BNB/USDC: %R -93.4 oversold — still falling, wait | HA bearish continuation | Resistance 718.9950 (2×)","timestamp":"2026-09-11T00:00:07.134Z"}
{"level":"debug","message":"[CYCLE] LTC/USDC: sizing positionPct=0.1542 (base=0.15 atr=0.04072504708097929 regime=on conf=0.20 macro=bull mtf=1.0)","timestamp":"2026-09-11T00:00:07.333Z"}
{"level":"info","message":"LTC/USDC: decision=HOLD confidence=20% price=52.10000000 external_signals=0","timestamp":"2026-09-11T00:00:07.333Z"}
{"level":"info","message":"LTC/USDC: Price 52.1000 inside BB [48.1071–57.0489] | No EMA crossover (fast 53.2262 vs slow 52.2288) | %R -76.1 neutral","timestamp":"2026-09-11T00:00:07.333Z"}
{"level":"debug","message":"[CYCLE] NEAR/USDC: sizing positionPct=0.0769 (base=0.15 atr=0.04072504708097929 regime=on conf=0.17 macro=bull mtf=1.0)","timestamp":"2026-09-11T00:00:07.532Z"}
{"level":"info","message":"NEAR/USDC: decision=HOLD confidence=18% price=2.44400000 external_signals=0","timestamp":"2026-09-11T00:00:07.532Z"}
{"level":"info","message":"NEAR/USDC: RSI 62.9 neutral | Price 2.4440 inside BB [1.7523–2.6633] | Stoch K=72.2 D=73.1 — no crossover in extreme zone | No significant S/R zone nearby","timestamp":"2026-09-11T00:00:07.533Z"}
{"level":"debug","message":"[CYCLE] MANTA/USDC: sizing positionPct=0.1511 (base=0.15 atr=0.04072504708097929 regime=on conf=0.20 macro=bull mtf=1.0)","timestamp":"2026-09-11T00:00:07.731Z"}
{"level":"info","message":"MANTA/USDC: decision=HOLD confidence=20% price=0.05773000 external_signals=0","timestamp":"2026-09-11T00:00:07.732Z"}
{"level":"info","message":"MANTA/USDC: RSI 40.8 neutral | Price 0.0577 inside BB [0.0560–0.0637] | CCI -69.4 neutral","timestamp":"2026-09-11T00:00:07.732Z"}
{"level":"debug","message":"[CYCLE] ICP/USDC: sizing positionPct=0.0764 (base=0.15 atr=0.04072504708097929 regime=on conf=0.20 macro=bull mtf=1.0)","timestamp":"2026-09-11T00:00:07.935Z"}
{"level":"info","message":"ICP/USDC: decision=HOLD confidence=20% price=2.81100000 external_signals=0","timestamp":"2026-09-11T00:00:07.935Z"}
{"level":"info","message":"ICP/USDC: RSI 59.9 neutral | Price 2.8110 inside BB [2.3090–3.0574] | Stoch K=57.0 D=52.8 — no crossover in extreme zone","timestamp":"2026-09-11T00:00:07.935Z"}
{"level":"debug","message":"[CYCLE] ACH/USDC: sizing positionPct=0.1526 (base=0.15 atr=0.04072504708097929 regime=on conf=0.34 macro=bull mtf=1.0)","timestamp":"2026-09-11T00:00:08.133Z"}
{"level":"info","message":"ACH/USDC: decision=HOLD confidence=34% price=0.00483000 external_signals=0","timestamp":"2026-09-11T00:00:08.133Z"}
{"level":"info","message":"ACH/USDC: RSI 38.6 neutral | Price 0.0048 inside BB [0.0048–0.0055] | CCI -128.4 oversold — still falling, wait","timestamp":"2026-09-11T00:00:08.133Z"}
{"level":"debug","message":"[CYCLE] CRV/USDC: sizing positionPct=0.0971 (base=0.15 atr=0.04072504708097929 regime=on conf=0.18 macro=bull mtf=1.0)","timestamp":"2026-09-11T00:00:08.330Z"}
{"level":"info","message":"CRV/USDC: decision=HOLD confidence=18% price=0.33560000 external_signals=0","timestamp":"2026-09-11T00:00:08.330Z"}
{"level":"info","message":"CRV/USDC: ADX 31.2 uptrend (+DI 20.5 > -DI 17.7) | StochRSI K=0.0 D=0.0 — no extreme crossover | No significant S/R zone nearby","timestamp":"2026-09-11T00:00:08.330Z"}
{"level":"debug","message":"[CYCLE] ARB/USDC: sizing positionPct=0.0761 (base=0.15 atr=0.04072504708097929 regime=on conf=0.29 macro=bull mtf=1.0)","timestamp":"2026-09-11T00:00:08.536Z"}
{"level":"info","message":"ARB/USDC: decision=HOLD confidence=29% price=0.13980000 external_signals=0","timestamp":"2026-09-11T00:00:08.536Z"}
{"level":"info","message":"ARB/USDC: RSI 50.3 neutral | %R -85.3 oversold — still falling, wait | HA bearish continuation","timestamp":"2026-09-11T00:00:08.536Z"}
{"level":"info","message":"BTC/USDC: live balance=133.59 pnl=-0.87 open_positions=2 daily_pnl=0.00 blocked=false","timestamp":"2026-09-11T00:00:08.733Z"}
{"level":"debug","message":"[CYCLE] JUP/USDC: sizing positionPct=0.0719 (base=0.15 atr=0.04072504708097929 regime=on conf=0.20 macro=bull mtf=1.0)","timestamp":"2026-09-11T00:00:08.985Z"}
{"level":"info","message":"JUP/USDC: decision=HOLD confidence=20% price=0.22460000 external_signals=0","timestamp":"2026-09-11T00:00:08.985Z"}
{"level":"info","message":"JUP/USDC: Price 0.2246 inside BB [0.1980–0.2701] | CCI -40.0 neutral | OBV above EMA-20 — no cross","timestamp":"2026-09-11T00:00:08.985Z"}
{"level":"debug","message":"[CYCLE] APT/USDC: sizing positionPct=0.1212 (base=0.15 atr=0.04072504708097929 regime=on conf=0.20 macro=bull mtf=1.0)","timestamp":"2026-09-11T00:00:09.134Z"}
{"level":"info","message":"APT/USDC: decision=HOLD confidence=20% price=0.64100000 external_signals=0","timestamp":"2026-09-11T00:00:09.134Z"}
{"level":"info","message":"APT/USDC: Price 0.6410 inside BB [0.5475–0.6722] | Stoch K=62.1 D=52.6 — no crossover in extreme zone | MFI 53.6 neutral","timestamp":"2026-09-11T00:00:09.134Z"}
{"level":"debug","message":"[CYCLE] TIA/USDC: sizing positionPct=0.0853 (base=0.15 atr=0.04072504708097929 regime=on conf=0.18 macro=bull mtf=1.0)","timestamp":"2026-09-11T00:00:09.333Z"}
{"level":"info","message":"TIA/USDC: decision=HOLD confidence=18% price=0.36830000 external_signals=0","timestamp":"2026-09-11T00:00:09.333Z"}
{"level":"info","message":"TIA/USDC: CCI -27.2 neutral | MACD 0.0104 vs signal 0.0139 hist:-0.0035 | HA bearish continuation","timestamp":"2026-09-11T00:00:09.333Z"}
{"level":"info","message":"BCH/USDC: live balance=133.59 pnl=-0.87 open_positions=2 daily_pnl=0.00 blocked=false","timestamp":"2026-09-11T00:00:09.533Z"}
{"level":"debug","message":"[CYCLE] ADA/USDC: sizing positionPct=0.1349 (base=0.15 atr=0.04072504708097929 regime=on conf=0.20 macro=bull mtf=1.0)","timestamp":"2026-09-11T00:00:09.734Z"}
{"level":"info","message":"ADA/USDC: decision=HOLD confidence=20% price=0.20460000 external_signals=0","timestamp":"2026-09-11T00:00:09.734Z"}
{"level":"info","message":"ADA/USDC: RSI 43.1 neutral | Price 0.2046 inside BB [0.1950–0.2306] | CCI -48.1 neutral","timestamp":"2026-09-11T00:00:09.734Z"}
{"level":"debug","message":"[CYCLE] WLD/USDC: sizing positionPct=0.0817 (base=0.15 atr=0.04072504708097929 regime=on conf=0.20 macro=bull mtf=1.0)","timestamp":"2026-09-11T00:00:09.933Z"}
{"level":"info","message":"WLD/USDC: decision=HOLD confidence=20% price=0.39560000 external_signals=0","timestamp":"2026-09-11T00:00:09.933Z"}
{"level":"info","message":"WLD/USDC: Price 0.3956 inside BB [0.3393–0.4768] | CCI -16.8 neutral | ADX 32.4 uptrend (+DI 26.9 > -DI 20.8)","timestamp":"2026-09-11T00:00:09.933Z"}
{"level":"debug","message":"[RISK] PEPE/USDC: canTrade=true decision=SELL conf=0.57 positions=0/4 dailyPnL=0.00","timestamp":"2026-09-11T00:00:10.134Z"}
{"level":"debug","message":"[CYCLE] PEPE/USDC: sizing positionPct=0.1254 (base=0.15 atr=0.04072504708097929 regime=on conf=0.57 macro=bull mtf=1.0)","timestamp":"2026-09-11T00:00:10.134Z"}
{"level":"info","message":"[LIVE] PEPE/USDC: SELL skipped, no open position","timestamp":"2026-09-11T00:00:10.134Z"}
{"level":"info","message":"PEPE/USDC: decision=SELL confidence=57% price=0.00000323 external_signals=0","timestamp":"2026-09-11T00:00:10.134Z"}
{"level":"info","message":"PEPE/USDC: EMA12 crossed below EMA26 — both falling ↓ | Supertrend flipped bearish ↓ (ST 0.0000) | OBV below EMA-20 — no cross","timestamp":"2026-09-11T00:00:10.134Z"}
{"level":"info","message":"TRX/USDC: live balance=133.59 pnl=-0.87 open_positions=2 daily_pnl=0.00 blocked=false","timestamp":"2026-09-11T00:00:10.335Z"}
{"level":"debug","message":"[CYCLE] ETH/USDC: sizing positionPct=0.2703 (base=0.15 atr=0.04072504708097929 regime=on conf=0.18 macro=bull mtf=1.0)","timestamp":"2026-09-11T00:00:10.533Z"}
{"level":"info","message":"ETH/USDC: decision=HOLD confidence=18% price=2438.10000000 external_signals=0","timestamp":"2026-09-11T00:00:10.533Z"}
{"level":"info","message":"ETH/USDC: Supertrend uptrend continues (ST 2329.1559) | MFI 24.9 neutral | Resistance 2466.7050 (2×)","timestamp":"2026-09-11T00:00:10.533Z"}
{"level":"debug","message":"[CYCLE] ENS/USDC: sizing positionPct=0.1165 (base=0.15 atr=0.04072504708097929 regime=on conf=0.28 macro=bull mtf=1.0)","timestamp":"2026-09-11T00:00:10.733Z"}
{"level":"info","message":"ENS/USDC: decision=HOLD confidence=28% price=5.51000000 external_signals=0","timestamp":"2026-09-11T00:00:10.733Z"}
{"level":"info","message":"ENS/USDC: Price 5.5100 inside BB [5.3482–6.3768] | PSAR flipped bearish ↓ — SAR 6.5200 now above price 5.5100 | No significant S/R zone nearby","timestamp":"2026-09-11T00:00:10.733Z"}
{"level":"info","message":"LDO/USDC: live balance=133.59 pnl=-0.87 open_positions=2 daily_pnl=0.00 blocked=false","timestamp":"2026-09-11T00:00:10.931Z"}
{"level":"debug","message":"[CYCLE] RENDER/USDC: sizing positionPct=0.1367 (base=0.15 atr=0.04072504708097929 regime=on conf=0.32 macro=bull mtf=1.0)","timestamp":"2026-09-11T00:00:11.134Z"}
{"level":"info","message":"RENDER/USDC: decision=HOLD confidence=32% price=1.39400000 external_signals=0","timestamp":"2026-09-11T00:00:11.134Z"}
{"level":"info","message":"RENDER/USDC: No EMA crossover (fast 1.4723 vs slow 1.4678) | OBV below EMA-20 — no cross | %R -93.7 oversold — still falling, wait","timestamp":"2026-09-11T00:00:11.135Z"}
{"level":"info","message":"PIXEL/USDC: live balance=133.59 pnl=-0.87 open_positions=2 daily_pnl=0.00 blocked=false","timestamp":"2026-09-11T00:00:11.334Z"}
{"level":"debug","message":"[CYCLE] INJ/USDC: sizing positionPct=0.1062 (base=0.15 atr=0.04072504708097929 regime=on conf=0.22 macro=bull mtf=1.0)","timestamp":"2026-09-11T00:00:11.534Z"}
{"level":"info","message":"INJ/USDC: decision=HOLD confidence=22% price=5.94400000 external_signals=0","timestamp":"2026-09-11T00:00:11.534Z"}
{"level":"info","message":"INJ/USDC: ADX 30.4 uptrend (+DI 30.4 > -DI 16.3) | OBV above EMA-20 — no cross | StochRSI K=52.2 D=60.4 — no extreme crossover","timestamp":"2026-09-11T00:00:11.534Z"}
{"level":"debug","message":"[CYCLE] ENA/USDC: sizing positionPct=0.0973 (base=0.15 atr=0.04072504708097929 regime=on conf=0.31 macro=bull mtf=1.0)","timestamp":"2026-09-11T00:00:11.937Z"}
{"level":"info","message":"ENA/USDC: decision=HOLD confidence=31% price=0.14310000 external_signals=0","timestamp":"2026-09-11T00:00:11.937Z"}
{"level":"info","message":"ENA/USDC: RSI 40.8 neutral | Price 0.1429 ≤ lower BB 0.1433 (bw 22.5%) | CCI -158.8 oversold — still falling, wait","timestamp":"2026-09-11T00:00:11.937Z"}
{"level":"debug","message":"[CYCLE] PAXG/USDC: sizing positionPct=0.2892 (base=0.15 atr=0.04072504708097929 regime=on conf=0.23 macro=bull mtf=1.0)","timestamp":"2026-09-11T00:00:12.134Z"}
{"level":"info","message":"PAXG/USDC: decision=HOLD confidence=23% price=4319.29000000 external_signals=0","timestamp":"2026-09-11T00:00:12.134Z"}
{"level":"info","message":"PAXG/USDC: MACD -28.2157 vs signal -22.1930 hist:-6.0227 | ADX 27.3 downtrend (-DI 32.6 > +DI 14.8) | Supertrend uptrend continues (ST 4313.8820)","timestamp":"2026-09-11T00:00:12.134Z"}
{"level":"debug","message":"[CYCLE] SUI/USDC: sizing positionPct=0.0957 (base=0.15 atr=0.04072504708097929 regime=on conf=0.20 macro=bull mtf=1.0)","timestamp":"2026-09-11T00:00:12.336Z"}
{"level":"info","message":"SUI/USDC: decision=HOLD confidence=20% price=0.72730000 external_signals=0","timestamp":"2026-09-11T00:00:12.336Z"}
{"level":"info","message":"SUI/USDC: RSI 38.1 neutral | Stoch K=4.1 D=18.5 — no crossover in extreme zone | MFI 56.5 neutral","timestamp":"2026-09-11T00:00:12.336Z"}
{"level":"info","message":"SOL/USDC: live balance=133.59 pnl=-0.87 open_positions=2 daily_pnl=0.00 blocked=false","timestamp":"2026-09-11T00:00:12.531Z"}
{"level":"debug","message":"[CYCLE] THETA/USDC: sizing positionPct=0.1561 (base=0.15 atr=0.04072504708097929 regime=on conf=0.18 macro=bull mtf=1.0)","timestamp":"2026-09-11T00:00:12.734Z"}
{"level":"info","message":"THETA/USDC: decision=HOLD confidence=18% price=0.16920000 external_signals=0","timestamp":"2026-09-11T00:00:12.734Z"}
{"level":"info","message":"THETA/USDC: RSI 42.4 neutral | CCI -83.1 neutral | OBV crossed below EMA-20 — volume sellers in control","timestamp":"2026-09-11T00:00:12.734Z"}
{"level":"info","message":"AVAX/USDC: live balance=133.59 pnl=-0.87 open_positions=2 daily_pnl=0.00 blocked=false","timestamp":"2026-09-11T00:00:12.930Z"}
{"level":"debug","message":"[CYCLE] JTO/USDC: sizing positionPct=0.0733 (base=0.15 atr=0.04072504708097929 regime=on conf=0.28 macro=bull mtf=1.0)","timestamp":"2026-09-11T00:00:13.134Z"}
{"level":"info","message":"JTO/USDC: decision=HOLD confidence=28% price=0.41000000 external_signals=0","timestamp":"2026-09-11T00:00:13.134Z"}
{"level":"info","message":"JTO/USDC: CCI -118.4 oversold — still falling, wait | PSAR flipped bearish ↓ — SAR 0.4837 now above price 0.4098 | No significant S/R zone nearby","timestamp":"2026-09-11T00:00:13.134Z"}
{"level":"info","message":"DOGE/USDC: live balance=133.59 pnl=-0.87 open_positions=2 daily_pnl=0.00 blocked=false","timestamp":"2026-09-11T00:00:13.333Z"}
{"level":"info","message":"BNB/USDC: live balance=133.59 pnl=-0.87 open_positions=2 daily_pnl=0.00 blocked=false","timestamp":"2026-09-11T00:00:13.534Z"}
{"level":"info","message":"LTC/USDC: live balance=133.59 pnl=-0.87 open_positions=2 daily_pnl=0.00 blocked=false","timestamp":"2026-09-11T00:00:13.730Z"}
{"level":"info","message":"NEAR/USDC: live balance=133.59 pnl=-0.87 open_positions=2 daily_pnl=0.00 blocked=false","timestamp":"2026-09-11T00:00:13.932Z"}
{"level":"info","message":"MANTA/USDC: live balance=133.59 pnl=-0.87 open_positions=2 daily_pnl=0.00 blocked=false","timestamp":"2026-09-11T00:00:14.133Z"}
{"level":"info","message":"ICP/USDC: live balance=133.59 pnl=-0.87 open_positions=2 daily_pnl=0.00 blocked=false","timestamp":"2026-09-11T00:00:14.334Z"}
{"level":"info","message":"ACH/USDC: live balance=133.59 pnl=-0.87 open_positions=2 daily_pnl=0.00 blocked=false","timestamp":"2026-09-11T00:00:14.530Z"}
{"level":"info","message":"CRV/USDC: live balance=133.59 pnl=-0.87 open_positions=2 daily_pnl=0.00 blocked=false","timestamp":"2026-09-11T00:00:14.731Z"}
{"level":"info","message":"ARB/USDC: live balance=133.59 pnl=-0.87 open_positions=2 daily_pnl=0.00 blocked=false","timestamp":"2026-09-11T00:00:14.934Z"}
{"level":"info","message":"JUP/USDC: live balance=133.59 pnl=-0.87 open_positions=2 daily_pnl=0.00 blocked=false","timestamp":"2026-09-11T00:00:15.133Z"}
{"level":"info","message":"APT/USDC: live balance=133.59 pnl=-0.87 open_positions=2 daily_pnl=0.00 blocked=false","timestamp":"2026-09-11T00:00:15.333Z"}
{"level":"info","message":"TIA/USDC: live balance=133.59 pnl=-0.87 open_positions=2 daily_pnl=0.00 blocked=false","timestamp":"2026-09-11T00:00:15.534Z"}
{"level":"info","message":"ADA/USDC: live balance=133.59 pnl=-0.87 open_positions=2 daily_pnl=0.00 blocked=false","timestamp":"2026-09-11T00:00:15.732Z"}
{"level":"info","message":"WLD/USDC: live balance=133.59 pnl=-0.87 open_positions=2 daily_pnl=0.00 blocked=false","timestamp":"2026-09-11T00:00:15.936Z"}
{"level":"info","message":"PEPE/USDC: live balance=133.59 pnl=-0.87 open_positions=2 daily_pnl=0.00 blocked=false","timestamp":"2026-09-11T00:00:16.131Z"}
{"level":"info","message":"ETH/USDC: live balance=133.59 pnl=-0.87 open_positions=2 daily_pnl=0.00 blocked=false","timestamp":"2026-09-11T00:00:16.333Z"}
{"level":"info","message":"ENS/USDC: live balance=133.59 pnl=-0.87 open_positions=2 daily_pnl=0.00 blocked=false","timestamp":"2026-09-11T00:00:16.531Z"}
{"level":"info","message":"RENDER/USDC: live balance=133.59 pnl=-0.87 open_positions=2 daily_pnl=0.00 blocked=false","timestamp":"2026-09-11T00:00:16.935Z"}
{"level":"info","message":"INJ/USDC: live balance=133.59 pnl=-0.87 open_positions=2 daily_pnl=0.00 blocked=false","timestamp":"2026-09-11T00:00:17.133Z"}
{"level":"info","message":"ENA/USDC: live balance=133.59 pnl=-0.87 open_positions=2 daily_pnl=0.00 blocked=false","timestamp":"2026-09-11T00:00:17.372Z"}
{"level":"info","message":"PAXG/USDC: live balance=133.59 pnl=-0.87 open_positions=2 daily_pnl=0.00 blocked=false","timestamp":"2026-09-11T00:00:17.573Z"}
{"level":"info","message":"SUI/USDC: live balance=133.59 pnl=-0.87 open_positions=2 daily_pnl=0.00 blocked=false","timestamp":"2026-09-11T00:00:17.773Z"}
{"level":"info","message":"THETA/USDC: live balance=133.59 pnl=-0.87 open_positions=2 daily_pnl=0.00 blocked=false","timestamp":"2026-09-11T00:00:17.972Z"}
{"level":"info","message":"JTO/USDC: live balance=133.59 pnl=-0.87 open_positions=2 daily_pnl=0.00 blocked=false","timestamp":"2026-09-11T00:00:18.173Z"}
{"level":"info","message":"[TSM-CORE] rung 2@0.5 (HWM $243.85) · next de-risk at $320 HWM","timestamp":"2026-09-11T00:00:18.612Z"}
{"level":"info","message":"[TSM-CORE] BTC/USDC: votes 3/3 (enter ≥3, stay ≥2) · vol 43% → ×1.00 · macro risk-on","timestamp":"2026-09-11T00:00:18.625Z"}
{"level":"info","message":"[TSM-CORE] ETH/USDC: votes 3/3 (enter ≥3, stay ≥2) · vol 71% → ×0.84 · macro risk-on","timestamp":"2026-09-11T00:00:18.626Z"}
{"level":"info","message":"Next cycle aligned to candle close in 720 min (Fri, 11 Sep 2026 12:00:03 GMT)","timestamp":"2026-09-11T00:00:18.897Z"}
{"level":"debug","message":"[RISK-LOOP] checking 2 open position(s)","timestamp":"2026-09-11T00:01:30.387Z"}
{"level":"debug","message":"[RISK-LOOP] checking 2 open position(s)","timestamp":"2026-09-11T00:03:30.384Z"}
{"level":"debug","message":"[RISK-LOOP] checking 2 open position(s)","timestamp":"2026-09-11T00:05:30.387Z"}
{"level":"debug","message":"[RISK-LOOP] checking 2 open position(s)","timestamp":"2026-09-11T00:07:30.389Z"}
{"level":"info","message":"[MTF-CACHE] 15m refresh complete: 37/37 symbols","timestamp":"2026-09-11T00:08:49.322Z"}
{"level":"debug","message":"[RISK-LOOP] checking 2 open position(s)","timestamp":"2026-09-11T00:09:30.394Z"}
{"level":"debug","message":"[RISK-LOOP] checking 2 open position(s)","timestamp":"2026-09-11T00:11:30.395Z"}
{"level":"debug","message":"[RISK-LOOP] checking 2 open position(s)","timestamp":"2026-09-11T00:13:30.396Z"}
{"level":"debug","message":"[RISK-LOOP] checking 2 open position(s)","timestamp":"2026-09-11T00:15:30.398Z"}
{"level":"debug","message":"[RISK-LOOP] checking 2 open position(s)","timestamp":"2026-09-11T00:17:30.399Z"}
{"level":"debug","message":"[RISK-LOOP] checking 2 open position(s)","timestamp":"2026-09-11T00:19:30.402Z"}
{"level":"debug","message":"[RISK-LOOP] checking 2 open position(s)","timestamp":"2026-09-11T00:21:30.402Z"}
{"level":"debug","message":"[RISK-LOOP] checking 2 open position(s)","timestamp":"2026-09-11T00:23:30.404Z"}
{"level":"info","message":"[MTF-CACHE] 15m refresh complete: 37/37 symbols","timestamp":"2026-09-11T00:23:49.475Z"}
{"level":"debug","message":"[RISK-LOOP] checking 2 open position(s)","timestamp":"2026-09-11T00:25:30.402Z"}
{"level":"debug","message":"[RISK-LOOP] checking 2 open position(s)","timestamp":"2026-09-11T00:27:30.401Z"}
{"level":"debug","message":"[RISK-LOOP] checking 2 open position(s)","timestamp":"2026-09-11T00:29:30.406Z"}
{"level":"debug","message":"[RISK-LOOP] checking 2 open position(s)","timestamp":"2026-09-11T00:31:30.410Z"}
{"level":"debug","message":"[RISK-LOOP] checking 2 open position(s)","timestamp":"2026-09-11T00:33:30.410Z"}
{"level":"debug","message":"[RISK-LOOP] checking 2 open position(s)","timestamp":"2026-09-11T00:35:30.414Z"}
{"level":"debug","message":"[RISK-LOOP] checking 2 open position(s)","timestamp":"2026-09-11T00:37:30.414Z"}
{"level":"info","message":"[MTF-CACHE] 15m refresh complete: 37/37 symbols","timestamp":"2026-09-11T00:38:49.248Z"}
{"level":"debug","message":"[RISK-LOOP] checking 2 open position(s)","timestamp":"2026-09-11T00:39:30.414Z"}
{"level":"debug","message":"[RISK-LOOP] checking 2 open position(s)","timestamp":"2026-09-11T00:41:30.413Z"}
{"level":"debug","message":"[RISK-LOOP] checking 2 open position(s)","timestamp":"2026-09-11T00:43:30.414Z"}
{"level":"debug","message":"[RISK-LOOP] checking 2 open position(s)","timestamp":"2026-09-11T00:45:30.417Z"}
{"level":"debug","message":"[RISK-LOOP] checking 2 open position(s)","timestamp":"2026-09-11T00:47:30.419Z"}
{"level":"debug","message":"[RISK-LOOP] checking 2 open position(s)","timestamp":"2026-09-11T00:49:30.422Z"}
{"level":"debug","message":"[RISK-LOOP] checking 2 open position(s)","timestamp":"2026-09-11T00:51:30.419Z"}
{"level":"debug","message":"[RISK-LOOP] checking 2 open position(s)","timestamp":"2026-09-11T00:53:30.420Z"}
{"level":"info","message":"[MTF-CACHE] 15m refresh complete: 37/37 symbols","timestamp":"2026-09-11T00:53:49.239Z"}
{"level":"debug","message":"[RISK-LOOP] checking 2 open position(s)","timestamp":"2026-09-11T00:55:30.423Z"}
{"level":"debug","message":"[RISK-LOOP] checking 2 open position(s)","timestamp":"2026-09-11T00:57:30.424Z"}
{"level":"debug","message":"[RISK-LOOP] checking 2 open position(s)","timestamp":"2026-09-11T00:59:30.425Z"}
{"level":"debug","message":"[RISK-LOOP] checking 2 open position(s)","timestamp":"2026-09-11T01:01:30.426Z"}
{"level":"debug","message":"[RISK-LOOP] checking 2 open position(s)","timestamp":"2026-09-11T01:03:30.428Z"}
{"level":"debug","message":"[RISK-LOOP] checking 2 open position(s)","timestamp":"2026-09-11T01:05:30.429Z"}
{"level":"debug","message":"[RISK-LOOP] checking 2 open position(s)","timestamp":"2026-09-11T01:07:30.430Z"}
{"level":"info","message":"[MTF-CACHE] 15m refresh complete: 37/37 symbols","timestamp":"2026-09-11T01:08:49.370Z"}
{"level":"debug","message":"[RISK-LOOP] checking 2 open position(s)","timestamp":"2026-09-11T01:09:30.431Z"}
{"level":"debug","message":"[RISK-LOOP] checking 2 open position(s)","timestamp":"2026-09-11T01:11:30.435Z"}
{"level":"debug","message":"[RISK-LOOP] checking 2 open position(s)","timestamp":"2026-09-11T01:13:30.433Z"}
{"level":"debug","message":"[RISK-LOOP] checking 2 open position(s)","timestamp":"2026-09-11T01:15:30.436Z"}
{"level":"debug","message":"[RISK-LOOP] checking 2 open position(s)","timestamp":"2026-09-11T01:17:30.438Z"}
{"level":"debug","message":"[RISK-LOOP] checking 2 open position(s)","timestamp":"2026-09-11T01:19:30.436Z"}
{"level":"debug","message":"[RISK-LOOP] checking 2 open position(s)","timestamp":"2026-09-11T01:21:30.440Z"}
{"level":"debug","message":"[RISK-LOOP] checking 2 open position(s)","timestamp":"2026-09-11T01:23:30.438Z"}
{"level":"info","message":"[MTF-CACHE] 15m refresh complete: 37/37 symbols","timestamp":"2026-09-11T01:23:49.428Z"}
{"level":"debug","message":"[RISK-LOOP] checking 2 open position(s)","timestamp":"2026-09-11T01:25:30.441Z"}
{"level":"debug","message":"[RISK-LOOP] checking 2 open position(s)","timestamp":"2026-09-11T01:27:30.442Z"}
{"level":"debug","message":"[RISK-LOOP] checking 2 open position(s)","timestamp":"2026-09-11T01:29:30.444Z"}
{"level":"debug","message":"[RISK-LOOP] checking 2 open position(s)","timestamp":"2026-09-11T01:31:30.446Z"}
{"level":"debug","message":"[RISK-LOOP] checking 2 open position(s)","timestamp":"2026-09-11T01:33:30.445Z"}
{"level":"debug","message":"[RISK-LOOP] checking 2 open position(s)","timestamp":"2026-09-11T01:35:30.445Z"}
{"level":"debug","message":"[RISK-LOOP] checking 2 open position(s)","timestamp":"2026-09-11T01:37:30.443Z"}
{"level":"info","message":"[MTF-CACHE] 15m refresh complete: 37/37 symbols","timestamp":"2026-09-11T01:38:52.297Z"}
{"level":"debug","message":"[RISK-LOOP] checking 2 open position(s)","timestamp":"2026-09-11T01:39:30.445Z"}
{"level":"debug","message":"[RISK-LOOP] checking 2 open position(s)","timestamp":"2026-09-11T01:41:30.447Z"}
{"level":"debug","message":"[RISK-LOOP] checking 2 open position(s)","timestamp":"2026-09-11T01:43:30.445Z"}
{"level":"debug","message":"[RISK-LOOP] checking 2 open position(s)","timestamp":"2026-09-11T01:45:30.445Z"}
{"level":"debug","message":"[RISK-LOOP] checking 2 open position(s)","timestamp":"2026-09-11T01:47:30.446Z"}
{"level":"debug","message":"[RISK-LOOP] checking 2 open position(s)","timestamp":"2026-09-11T01:49:30.447Z"}
{"level":"debug","message":"[RISK-LOOP] checking 2 open position(s)","timestamp":"2026-09-11T01:51:30.446Z"}
{"level":"debug","message":"[RISK-LOOP] checking 2 open position(s)","timestamp":"2026-09-11T01:53:30.446Z"}
{"level":"info","message":"[MTF-CACHE] 15m refresh complete: 37/37 symbols","timestamp":"2026-09-11T01:53:49.311Z"}
{"level":"debug","message":"[RISK-LOOP] checking 2 open position(s)","timestamp":"2026-09-11T01:55:30.447Z"}
{"level":"debug","message":"[RISK-LOOP] checking 2 open position(s)","timestamp":"2026-09-11T01:57:30.445Z"}
{"level":"debug","message":"[RISK-LOOP] checking 2 open position(s)","timestamp":"2026-09-11T01:59:30.447Z"}
{"level":"debug","message":"[RISK-LOOP] checking 2 open position(s)","timestamp":"2026-09-11T02:01:30.489Z"}
{"level":"debug","message":"[RISK-LOOP] checking 2 open position(s)","timestamp":"2026-09-11T02:03:30.618Z"}
{"level":"debug","message":"[RISK-LOOP] checking 2 open position(s)","timestamp":"2026-09-11T02:05:30.621Z"}
{"level":"debug","message":"[RISK-LOOP] checking 2 open position(s)","timestamp":"2026-09-11T02:07:30.661Z"}
{"level":"info","message":"[MTF-CACHE] 15m refresh complete: 37/37 symbols","timestamp":"2026-09-11T02:08:51.436Z"}
{"level":"debug","message":"[RISK-LOOP] checking 2 open position(s)","timestamp":"2026-09-11T02:09:30.630Z"}
{"level":"debug","message":"[RISK-LOOP] checking 2 open position(s)","timestamp":"2026-09-11T02:11:30.630Z"}
{"level":"debug","message":"[RISK-LOOP] checking 2 open position(s)","timestamp":"2026-09-11T02:13:30.559Z"}
{"level":"debug","message":"[RISK-LOOP] checking 2 open position(s)","timestamp":"2026-09-11T02:15:30.629Z"}
{"level":"debug","message":"[RISK-LOOP] checking 2 open position(s)","timestamp":"2026-09-11T02:17:30.455Z"}
{"level":"debug","message":"[RISK-LOOP] checking 2 open position(s)","timestamp":"2026-09-11T02:19:30.460Z"}
{"level":"debug","message":"[RISK-LOOP] checking 2 open position(s)","timestamp":"2026-09-11T02:21:30.460Z"}
{"level":"debug","message":"[RISK-LOOP] checking 2 open position(s)","timestamp":"2026-09-11T02:23:30.462Z"}
{"level":"info","message":"[MTF-CACHE] 15m refresh complete: 37/37 symbols","timestamp":"2026-09-11T02:23:49.269Z"}
{"level":"debug","message":"[RISK-LOOP] checking 2 open position(s)","timestamp":"2026-09-11T02:25:30.469Z"}
{"level":"debug","message":"[RISK-LOOP] checking 2 open position(s)","timestamp":"2026-09-11T02:27:30.471Z"}
{"level":"debug","message":"[RISK-LOOP] checking 2 open position(s)","timestamp":"2026-09-11T02:29:30.474Z"}
{"level":"debug","message":"[RISK-LOOP] checking 2 open position(s)","timestamp":"2026-09-11T02:31:30.482Z"}
{"level":"debug","message":"[RISK-LOOP] checking 2 open position(s)","timestamp":"2026-09-11T02:33:30.483Z"}
{"level":"debug","message":"[RISK-LOOP] checking 2 open position(s)","timestamp":"2026-09-11T02:35:30.485Z"}
{"level":"debug","message":"[RISK-LOOP] checking 2 open position(s)","timestamp":"2026-09-11T02:37:30.489Z"}
{"level":"info","message":"[MTF-CACHE] 15m refresh complete: 37/37 symbols","timestamp":"2026-09-11T02:38:49.412Z"}
{"level":"debug","message":"[RISK-LOOP] checking 2 open position(s)","timestamp":"2026-09-11T02:39:30.493Z"}
{"level":"debug","message":"[RISK-LOOP] checking 2 open position(s)","timestamp":"2026-09-11T02:41:30.497Z"}
{"level":"debug","message":"[RISK-LOOP] checking 2 open position(s)","timestamp":"2026-09-11T02:43:30.497Z"}
{"level":"debug","message":"[RISK-LOOP] checking 2 open position(s)","timestamp":"2026-09-11T02:45:30.498Z"}
{"level":"debug","message":"[RISK-LOOP] checking 2 open position(s)","timestamp":"2026-09-11T02:47:30.499Z"}
{"level":"debug","message":"[RISK-LOOP] checking 2 open position(s)","timestamp":"2026-09-11T02:49:30.503Z"}
{"level":"debug","message":"[RISK-LOOP] checking 2 open position(s)","timestamp":"2026-09-11T02:51:30.623Z"}
{"level":"debug","message":"[RISK-LOOP] checking 2 open position(s)","timestamp":"2026-09-11T02:53:30.509Z"}
{"level":"info","message":"[MTF-CACHE] 15m refresh complete: 37/37 symbols","timestamp":"2026-09-11T02:53:49.281Z"}
{"level":"debug","message":"[RISK-LOOP] checking 2 open position(s)","timestamp":"2026-09-11T02:55:30.511Z"}
{"level":"debug","message":"[RISK-LOOP] checking 2 open position(s)","timestamp":"2026-09-11T02:57:30.512Z"}
{"level":"debug","message":"[RISK-LOOP] checking 2 open position(s)","timestamp":"2026-09-11T02:59:30.514Z"}
{"level":"debug","message":"[RISK-LOOP] checking 2 open position(s)","timestamp":"2026-09-11T03:01:30.514Z"}
{"level":"debug","message":"[RISK-LOOP] checking 2 open position(s)","timestamp":"2026-09-11T03:03:30.516Z"}
{"level":"debug","message":"[RISK-LOOP] checking 2 open position(s)","timestamp":"2026-09-11T03:05:30.518Z"}
{"level":"debug","message":"[RISK-LOOP] checking 2 open position(s)","timestamp":"2026-09-11T03:07:30.520Z"}
{"level":"info","message":"[MTF-CACHE] 15m refresh complete: 37/37 symbols","timestamp":"2026-09-11T03:08:49.710Z"}
{"level":"debug","message":"[RISK-LOOP] checking 2 open position(s)","timestamp":"2026-09-11T03:09:30.523Z"}
{"level":"debug","message":"[RISK-LOOP] checking 2 open position(s)","timestamp":"2026-09-11T03:11:30.526Z"}
{"level":"debug","message":"[RISK-LOOP] checking 2 open position(s)","timestamp":"2026-09-11T03:13:30.525Z"}
{"level":"debug","message":"[RISK-LOOP] checking 2 open position(s)","timestamp":"2026-09-11T03:15:30.530Z"}
{"level":"debug","message":"[RISK-LOOP] checking 2 open position(s)","timestamp":"2026-09-11T03:17:30.532Z"}
{"level":"debug","message":"[RISK-LOOP] checking 2 open position(s)","timestamp":"2026-09-11T03:19:30.532Z"}
{"level":"debug","message":"[RISK-LOOP] checking 2 open position(s)","timestamp":"2026-09-11T03:21:30.533Z"}
{"level":"debug","message":"[RISK-LOOP] checking 2 open position(s)","timestamp":"2026-09-11T03:23:30.536Z"}
{"level":"info","message":"[MTF-CACHE] 15m refresh complete: 37/37 symbols","timestamp":"2026-09-11T03:23:49.232Z"}
{"level":"info","message":"[MTF-CACHE] 4h refresh complete: 37/37 symbols","timestamp":"2026-09-11T03:23:51.090Z"}
{"level":"debug","message":"[RISK-LOOP] checking 2 open position(s)","timestamp":"2026-09-11T03:25:30.535Z"}
{"level":"debug","message":"[RISK-LOOP] checking 2 open position(s)","timestamp":"2026-09-11T03:27:30.536Z"}
{"level":"debug","message":"[RISK-LOOP] checking 2 open position(s)","timestamp":"2026-09-11T03:29:30.539Z"}
{"level":"debug","message":"[RISK-LOOP] checking 2 open position(s)","timestamp":"2026-09-11T03:31:30.542Z"}
{"level":"debug","message":"[RISK-LOOP] checking 2 open position(s)","timestamp":"2026-09-11T03:33:30.539Z"}
{"level":"debug","message":"[RISK-LOOP] checking 2 open position(s)","timestamp":"2026-09-11T03:35:30.543Z"}
{"level":"debug","message":"[RISK-LOOP] checking 2 open position(s)","timestamp":"2026-09-11T03:37:30.546Z"}
{"level":"info","message":"[MTF-CACHE] 15m refresh complete: 37/37 symbols","timestamp":"2026-09-11T03:38:49.259Z"}
{"level":"debug","message":"[RISK-LOOP] checking 2 open position(s)","timestamp":"2026-09-11T03:39:30.548Z"}
{"level":"debug","message":"[RISK-LOOP] checking 2 open position(s)","timestamp":"2026-09-11T03:41:30.547Z"}
{"level":"debug","message":"[RISK-LOOP] checking 2 open position(s)","timestamp":"2026-09-11T03:43:30.546Z"}
{"level":"debug","message":"[RISK-LOOP] checking 2 open position(s)","timestamp":"2026-09-11T03:45:30.593Z"}
{"level":"debug","message":"[RISK-LOOP] checking 2 open position(s)","timestamp":"2026-09-11T03:47:30.549Z"}
{"level":"debug","message":"[RISK-LOOP] checking 2 open position(s)","timestamp":"2026-09-11T03:49:30.550Z"}
{"level":"debug","message":"[RISK-LOOP] checking 2 open position(s)","timestamp":"2026-09-11T03:51:30.551Z"}
{"level":"debug","message":"[RISK-LOOP] checking 2 open position(s)","timestamp":"2026-09-11T03:53:30.553Z"}
{"level":"info","message":"[MTF-CACHE] 15m refresh complete: 37/37 symbols","timestamp":"2026-09-11T03:53:49.277Z"}
{"level":"debug","message":"[RISK-LOOP] checking 2 open position(s)","timestamp":"2026-09-11T03:55:30.552Z"}
{"level":"debug","message":"[RISK-LOOP] checking 2 open position(s)","timestamp":"2026-09-11T03:57:30.553Z"}
{"level":"debug","message":"[RISK-LOOP] checking 2 open position(s)","timestamp":"2026-09-11T03:59:30.553Z"}
{"level":"debug","message":"[RISK-LOOP] checking 2 open position(s)","timestamp":"2026-09-11T04:01:30.555Z"}
{"level":"debug","message":"[RISK-LOOP] checking 2 open position(s)","timestamp":"2026-09-11T04:03:30.557Z"}
{"level":"debug","message":"[RISK-LOOP] checking 2 open position(s)","timestamp":"2026-09-11T04:05:30.555Z"}
{"level":"debug","message":"[RISK-LOOP] checking 2 open position(s)","timestamp":"2026-09-11T04:07:30.560Z"}
{"level":"info","message":"[MTF-CACHE] 15m refresh complete: 37/37 symbols","timestamp":"2026-09-11T04:08:50.181Z"}
{"level":"debug","message":"[RISK-LOOP] checking 2 open position(s)","timestamp":"2026-09-11T04:09:30.560Z"}
{"level":"debug","message":"[RISK-LOOP] checking 2 open position(s)","timestamp":"2026-09-11T04:11:30.561Z"}
{"level":"debug","message":"[RISK-LOOP] checking 2 open position(s)","timestamp":"2026-09-11T04:13:30.562Z"}
{"level":"debug","message":"[RISK-LOOP] checking 2 open position(s)","timestamp":"2026-09-11T04:15:30.562Z"}
{"level":"debug","message":"[RISK-LOOP] checking 2 open position(s)","timestamp":"2026-09-11T04:17:30.566Z"}
{"level":"debug","message":"[RISK-LOOP] checking 2 open position(s)","timestamp":"2026-09-11T04:19:30.564Z"}
{"level":"debug","message":"[RISK-LOOP] checking 2 open position(s)","timestamp":"2026-09-11T04:21:30.567Z"}
{"level":"debug","message":"[RISK-LOOP] checking 2 open position(s)","timestamp":"2026-09-11T04:23:30.568Z"}
{"level":"info","message":"[MTF-CACHE] 15m refresh complete: 37/37 symbols","timestamp":"2026-09-11T04:23:49.269Z"}
{"level":"debug","message":"[RISK-LOOP] checking 2 open position(s)","timestamp":"2026-09-11T04:25:30.567Z"}
{"level":"debug","message":"[RISK-LOOP] checking 2 open position(s)","timestamp":"2026-09-11T04:27:30.568Z"}
{"level":"debug","message":"[RISK-LOOP] checking 2 open position(s)","timestamp":"2026-09-11T04:29:30.569Z"}
{"level":"debug","message":"[RISK-LOOP] checking 2 open position(s)","timestamp":"2026-09-11T04:31:30.571Z"}
{"level":"debug","message":"[RISK-LOOP] checking 2 open position(s)","timestamp":"2026-09-11T04:33:30.630Z"}
{"level":"debug","message":"[RISK-LOOP] checking 2 open position(s)","timestamp":"2026-09-11T04:35:30.578Z"}
{"level":"debug","message":"[RISK-LOOP] checking 2 open position(s)","timestamp":"2026-09-11T04:37:30.567Z"}
{"level":"info","message":"[MTF-CACHE] 15m refresh complete: 37/37 symbols","timestamp":"2026-09-11T04:38:49.372Z"}
{"level":"debug","message":"[RISK-LOOP] checking 2 open position(s)","timestamp":"2026-09-11T04:39:30.586Z"}
{"level":"debug","message":"[RISK-LOOP] checking 2 open position(s)","timestamp":"2026-09-11T04:41:30.644Z"}
{"level":"debug","message":"[RISK-LOOP] checking 2 open position(s)","timestamp":"2026-09-11T04:43:30.668Z"}
{"level":"debug","message":"[RISK-LOOP] checking 2 open position(s)","timestamp":"2026-09-11T04:45:30.763Z"}
{"level":"debug","message":"[RISK-LOOP] checking 2 open position(s)","timestamp":"2026-09-11T04:47:30.751Z"}
{"level":"debug","message":"[RISK-LOOP] checking 2 open position(s)","timestamp":"2026-09-11T04:49:30.749Z"}
{"level":"debug","message":"[RISK-LOOP] checking 2 open position(s)","timestamp":"2026-09-11T04:51:30.751Z"}
{"level":"debug","message":"[RISK-LOOP] checking 2 open position(s)","timestamp":"2026-09-11T04:53:30.750Z"}
{"level":"info","message":"[MTF-CACHE] 15m refresh complete: 37/37 symbols","timestamp":"2026-09-11T04:53:49.243Z"}
{"level":"debug","message":"[RISK-LOOP] checking 2 open position(s)","timestamp":"2026-09-11T04:55:30.570Z"}
{"level":"debug","message":"[RISK-LOOP] checking 2 open position(s)","timestamp":"2026-09-11T04:57:30.578Z"}
{"level":"debug","message":"[RISK-LOOP] checking 2 open position(s)","timestamp":"2026-09-11T04:59:30.583Z"}
{"level":"debug","message":"[RISK-LOOP] checking 2 open position(s)","timestamp":"2026-09-11T05:01:30.586Z"}
{"level":"debug","message":"[RISK-LOOP] checking 2 open position(s)","timestamp":"2026-09-11T05:03:30.583Z"}
{"level":"debug","message":"[RISK-LOOP] checking 2 open position(s)","timestamp":"2026-09-11T05:05:30.588Z"}
{"level":"debug","message":"[RISK-LOOP] checking 2 open position(s)","timestamp":"2026-09-11T05:07:30.588Z"}
{"level":"info","message":"[MTF-CACHE] 15m refresh complete: 37/37 symbols","timestamp":"2026-09-11T05:08:49.738Z"}
{"level":"debug","message":"[RISK-LOOP] checking 2 open position(s)","timestamp":"2026-09-11T05:09:30.590Z"}
{"level":"debug","message":"[RISK-LOOP] checking 2 open position(s)","timestamp":"2026-09-11T05:11:30.588Z"}
{"level":"debug","message":"[RISK-LOOP] checking 2 open position(s)","timestamp":"2026-09-11T05:13:30.590Z"}
{"level":"debug","message":"[RISK-LOOP] checking 2 open position(s)","timestamp":"2026-09-11T05:15:30.594Z"}
{"level":"debug","message":"[RISK-LOOP] checking 2 open position(s)","timestamp":"2026-09-11T05:17:30.594Z"}
{"level":"debug","message":"[RISK-LOOP] checking 2 open position(s)","timestamp":"2026-09-11T05:19:30.597Z"}
{"level":"debug","message":"[RISK-LOOP] checking 2 open position(s)","timestamp":"2026-09-11T05:21:30.600Z"}
{"level":"debug","message":"[RISK-LOOP] checking 2 open position(s)","timestamp":"2026-09-11T05:23:30.598Z"}
{"level":"info","message":"[MTF-CACHE] 15m refresh complete: 37/37 symbols","timestamp":"2026-09-11T05:23:49.240Z"}
{"level":"debug","message":"[RISK-LOOP] checking 2 open position(s)","timestamp":"2026-09-11T05:25:30.605Z"}
{"level":"debug","message":"[RISK-LOOP] checking 2 open position(s)","timestamp":"2026-09-11T05:27:30.607Z"}
{"level":"debug","message":"[RISK-LOOP] checking 2 open position(s)","timestamp":"2026-09-11T05:29:30.612Z"}
{"level":"debug","message":"[RISK-LOOP] checking 2 open position(s)","timestamp":"2026-09-11T05:31:30.614Z"}
{"level":"debug","message":"[RISK-LOOP] checking 2 open position(s)","timestamp":"2026-09-11T05:33:30.611Z"}
{"level":"debug","message":"[RISK-LOOP] checking 2 open position(s)","timestamp":"2026-09-11T05:35:30.615Z"}
{"level":"debug","message":"[RISK-LOOP] checking 2 open position(s)","timestamp":"2026-09-11T05:37:30.620Z"}
{"level":"info","message":"[MTF-CACHE] 15m refresh complete: 37/37 symbols","timestamp":"2026-09-11T05:38:49.810Z"}
{"level":"debug","message":"[RISK-LOOP] checking 2 open position(s)","timestamp":"2026-09-11T05:39:30.621Z"}
{"level":"debug","message":"[RISK-LOOP] checking 2 open position(s)","timestamp":"2026-09-11T05:41:30.625Z"}
{"level":"debug","message":"[RISK-LOOP] checking 2 open position(s)","timestamp":"2026-09-11T05:43:30.627Z"}
{"level":"debug","message":"[RISK-LOOP] checking 2 open position(s)","timestamp":"2026-09-11T05:45:30.628Z"}
{"level":"debug","message":"[RISK-LOOP] checking 2 open position(s)","timestamp":"2026-09-11T05:47:30.633Z"}
{"level":"debug","message":"[RISK-LOOP] checking 2 open position(s)","timestamp":"2026-09-11T05:49:30.632Z"}
{"level":"debug","message":"[RISK-LOOP] checking 2 open position(s)","timestamp":"2026-09-11T05:51:30.634Z"}
{"level":"debug","message":"[RISK-LOOP] checking 2 open position(s)","timestamp":"2026-09-11T05:53:30.637Z"}
{"level":"info","message":"[MTF-CACHE] 15m refresh complete: 37/37 symbols","timestamp":"2026-09-11T05:53:49.390Z"}
{"level":"debug","message":"[RISK-LOOP] checking 2 open position(s)","timestamp":"2026-09-11T05:55:30.641Z"}
{"level":"debug","message":"[RISK-LOOP] checking 2 open position(s)","timestamp":"2026-09-11T05:57:30.640Z"}
{"level":"debug","message":"[RISK-LOOP] checking 2 open position(s)","timestamp":"2026-09-11T05:59:30.645Z"}
{"level":"debug","message":"[RISK-LOOP] checking 2 open position(s)","timestamp":"2026-09-11T06:01:30.646Z"}
{"level":"debug","message":"[RISK-LOOP] checking 2 open position(s)","timestamp":"2026-09-11T06:03:30.648Z"}
{"level":"debug","message":"[RISK-LOOP] checking 2 open position(s)","timestamp":"2026-09-11T06:05:30.649Z"}
{"level":"debug","message":"[RISK-LOOP] checking 2 open position(s)","timestamp":"2026-09-11T06:07:30.651Z"}
{"level":"info","message":"[MTF-CACHE] 15m refresh complete: 37/37 symbols","timestamp":"2026-09-11T06:08:49.774Z"}
{"level":"debug","message":"[RISK-LOOP] checking 2 open position(s)","timestamp":"2026-09-11T06:09:30.652Z"}
{"level":"debug","message":"[RISK-LOOP] checking 2 open position(s)","timestamp":"2026-09-11T06:11:30.654Z"}
{"level":"debug","message":"[RISK-LOOP] checking 2 open position(s)","timestamp":"2026-09-11T06:13:30.655Z"}
{"level":"debug","message":"[RISK-LOOP] checking 2 open position(s)","timestamp":"2026-09-11T06:15:30.670Z"}
{"level":"debug","message":"[RISK-LOOP] checking 2 open position(s)","timestamp":"2026-09-11T06:17:30.661Z"}
{"level":"debug","message":"[RISK-LOOP] checking 2 open position(s)","timestamp":"2026-09-11T06:19:30.662Z"}
{"level":"debug","message":"[RISK-LOOP] checking 2 open position(s)","timestamp":"2026-09-11T06:21:30.666Z"}
{"level":"debug","message":"[RISK-LOOP] checking 2 open position(s)","timestamp":"2026-09-11T06:23:30.665Z"}
{"level":"info","message":"[MTF-CACHE] 15m refresh complete: 37/37 symbols","timestamp":"2026-09-11T06:23:50.893Z"}
{"level":"debug","message":"[RISK-LOOP] checking 2 open position(s)","timestamp":"2026-09-11T06:25:30.662Z"}
{"level":"debug","message":"[RISK-LOOP] checking 2 open position(s)","timestamp":"2026-09-11T06:27:30.667Z"}
{"level":"debug","message":"[RISK-LOOP] checking 2 open position(s)","timestamp":"2026-09-11T06:29:30.665Z"}
{"level":"debug","message":"[RISK-LOOP] checking 2 open position(s)","timestamp":"2026-09-11T06:31:30.667Z"}
{"level":"debug","message":"[RISK-LOOP] checking 2 open position(s)","timestamp":"2026-09-11T06:33:30.670Z"}
{"level":"debug","message":"[RISK-LOOP] checking 2 open position(s)","timestamp":"2026-09-11T06:35:30.669Z"}
{"level":"debug","message":"[RISK-LOOP] checking 2 open position(s)","timestamp":"2026-09-11T06:37:30.670Z"}
{"level":"info","message":"[MTF-CACHE] 15m refresh complete: 37/37 symbols","timestamp":"2026-09-11T06:38:50.289Z"}
{"level":"debug","message":"[RISK-LOOP] checking 2 open position(s)","timestamp":"2026-09-11T06:39:30.670Z"}
{"level":"debug","message":"[RISK-LOOP] checking 2 open position(s)","timestamp":"2026-09-11T06:41:30.672Z"}
{"level":"debug","message":"[RISK-LOOP] checking 2 open position(s)","timestamp":"2026-09-11T06:43:30.671Z"}
{"level":"debug","message":"[RISK-LOOP] checking 2 open position(s)","timestamp":"2026-09-11T06:45:30.670Z"}
{"level":"debug","message":"[RISK-LOOP] checking 2 open position(s)","timestamp":"2026-09-11T06:47:30.676Z"}
{"level":"debug","message":"[RISK-LOOP] checking 2 open position(s)","timestamp":"2026-09-11T06:49:30.675Z"}
{"level":"debug","message":"[RISK-LOOP] checking 2 open position(s)","timestamp":"2026-09-11T06:51:30.675Z"}
{"level":"debug","message":"[RISK-LOOP] checking 2 open position(s)","timestamp":"2026-09-11T06:53:30.683Z"}
{"level":"info","message":"[MTF-CACHE] 15m refresh complete: 37/37 symbols","timestamp":"2026-09-11T06:53:49.264Z"}
{"level":"debug","message":"[RISK-LOOP] checking 2 open position(s)","timestamp":"2026-09-11T06:55:30.677Z"}
{"level":"debug","message":"[RISK-LOOP] checking 2 open position(s)","timestamp":"2026-09-11T06:57:30.677Z"}
{"level":"debug","message":"[RISK-LOOP] checking 2 open position(s)","timestamp":"2026-09-11T06:59:30.685Z"}
{"level":"debug","message":"[RISK-LOOP] checking 2 open position(s)","timestamp":"2026-09-11T07:01:30.679Z"}
{"level":"debug","message":"[RISK-LOOP] checking 2 open position(s)","timestamp":"2026-09-11T07:03:30.678Z"}
{"level":"debug","message":"[RISK-LOOP] checking 2 open position(s)","timestamp":"2026-09-11T07:05:30.684Z"}
{"level":"debug","message":"[RISK-LOOP] checking 2 open position(s)","timestamp":"2026-09-11T07:07:30.682Z"}
{"level":"info","message":"[MTF-CACHE] 15m refresh complete: 37/37 symbols","timestamp":"2026-09-11T07:08:49.521Z"}
{"level":"debug","message":"[RISK-LOOP] checking 2 open position(s)","timestamp":"2026-09-11T07:09:30.680Z"}
{"level":"debug","message":"[RISK-LOOP] checking 2 open position(s)","timestamp":"2026-09-11T07:11:30.683Z"}
{"level":"debug","message":"[RISK-LOOP] checking 2 open position(s)","timestamp":"2026-09-11T07:13:30.727Z"}
{"level":"debug","message":"[RISK-LOOP] checking 2 open position(s)","timestamp":"2026-09-11T07:15:30.678Z"}
{"level":"debug","message":"[RISK-LOOP] checking 2 open position(s)","timestamp":"2026-09-11T07:17:30.729Z"}
{"level":"debug","message":"[RISK-LOOP] checking 2 open position(s)","timestamp":"2026-09-11T07:19:30.778Z"}
{"level":"debug","message":"[RISK-LOOP] checking 2 open position(s)","timestamp":"2026-09-11T07:21:30.826Z"}
{"level":"debug","message":"[RISK-LOOP] checking 2 open position(s)","timestamp":"2026-09-11T07:23:30.724Z"}
{"level":"info","message":"[MTF-CACHE] 15m refresh complete: 37/37 symbols","timestamp":"2026-09-11T07:23:50.335Z"}
{"level":"info","message":"[MTF-CACHE] 4h refresh complete: 37/37 symbols","timestamp":"2026-09-11T07:23:51.122Z"}
{"level":"debug","message":"[RISK-LOOP] checking 2 open position(s)","timestamp":"2026-09-11T07:25:30.906Z"}
{"level":"debug","message":"[RISK-LOOP] checking 2 open position(s)","timestamp":"2026-09-11T07:27:30.869Z"}
{"level":"debug","message":"[RISK-LOOP] checking 2 open position(s)","timestamp":"2026-09-11T07:29:30.870Z"}
{"level":"debug","message":"[RISK-LOOP] checking 2 open position(s)","timestamp":"2026-09-11T07:31:30.868Z"}
{"level":"debug","message":"[RISK-LOOP] checking 2 open position(s)","timestamp":"2026-09-11T07:33:30.870Z"}
{"level":"debug","message":"[RISK-LOOP] checking 2 open position(s)","timestamp":"2026-09-11T07:35:30.693Z"}
{"level":"debug","message":"[RISK-LOOP] checking 2 open position(s)","timestamp":"2026-09-11T07:37:30.699Z"}
{"level":"info","message":"[MTF-CACHE] 15m refresh complete: 37/37 symbols","timestamp":"2026-09-11T07:38:49.250Z"}
{"level":"debug","message":"[RISK-LOOP] checking 2 open position(s)","timestamp":"2026-09-11T07:39:30.704Z"}
{"level":"debug","message":"[RISK-LOOP] checking 2 open position(s)","timestamp":"2026-09-11T07:41:30.709Z"}
{"level":"debug","message":"[RISK-LOOP] checking 2 open position(s)","timestamp":"2026-09-11T07:43:30.705Z"}
{"level":"debug","message":"[RISK-LOOP] checking 2 open position(s)","timestamp":"2026-09-11T07:45:30.713Z"}
{"level":"debug","message":"[RISK-LOOP] checking 2 open position(s)","timestamp":"2026-09-11T07:47:30.721Z"}
{"level":"debug","message":"[RISK-LOOP] checking 2 open position(s)","timestamp":"2026-09-11T07:49:30.715Z"}
{"level":"debug","message":"[RISK-LOOP] checking 2 open position(s)","timestamp":"2026-09-11T07:51:30.716Z"}
{"level":"debug","message":"[RISK-LOOP] checking 2 open position(s)","timestamp":"2026-09-11T07:53:30.716Z"}
{"level":"info","message":"[MTF-CACHE] 15m refresh complete: 37/37 symbols","timestamp":"2026-09-11T07:53:49.315Z"}
{"level":"debug","message":"[RISK-LOOP] checking 2 open position(s)","timestamp":"2026-09-11T07:55:30.720Z"}
{"level":"debug","message":"[RISK-LOOP] checking 2 open position(s)","timestamp":"2026-09-11T07:57:30.726Z"}
{"level":"debug","message":"[RISK-LOOP] checking 2 open position(s)","timestamp":"2026-09-11T07:59:30.773Z"}
{"level":"debug","message":"[RISK-LOOP] checking 2 open position(s)","timestamp":"2026-09-11T08:01:30.735Z"}
{"level":"debug","message":"[RISK-LOOP] checking 2 open position(s)","timestamp":"2026-09-11T08:03:30.742Z"}
{"level":"debug","message":"[RISK-LOOP] checking 2 open position(s)","timestamp":"2026-09-11T08:05:30.734Z"}
{"level":"debug","message":"[RISK-LOOP] checking 2 open position(s)","timestamp":"2026-09-11T08:07:30.735Z"}
{"level":"info","message":"[MTF-CACHE] 15m refresh complete: 37/37 symbols","timestamp":"2026-09-11T08:08:49.536Z"}
{"level":"debug","message":"[RISK-LOOP] checking 2 open position(s)","timestamp":"2026-09-11T08:09:30.745Z"}
{"level":"debug","message":"[RISK-LOOP] checking 2 open position(s)","timestamp":"2026-09-11T08:11:30.739Z"}
{"level":"debug","message":"[RISK-LOOP] checking 2 open position(s)","timestamp":"2026-09-11T08:13:30.753Z"}
{"level":"debug","message":"[RISK-LOOP] checking 2 open position(s)","timestamp":"2026-09-11T08:15:30.738Z"}
{"level":"debug","message":"[RISK-LOOP] checking 2 open position(s)","timestamp":"2026-09-11T08:17:30.743Z"}
{"level":"debug","message":"[RISK-LOOP] checking 2 open position(s)","timestamp":"2026-09-11T08:19:30.751Z"}
{"level":"debug","message":"[RISK-LOOP] checking 2 open position(s)","timestamp":"2026-09-11T08:21:31.167Z"}
{"level":"debug","message":"[RISK-LOOP] checking 2 open position(s)","timestamp":"2026-09-11T08:23:30.755Z"}
{"level":"info","message":"[MTF-CACHE] 15m refresh complete: 37/37 symbols","timestamp":"2026-09-11T08:23:49.334Z"}
{"level":"debug","message":"[RISK-LOOP] checking 2 open position(s)","timestamp":"2026-09-11T08:25:30.950Z"}
{"level":"debug","message":"[RISK-LOOP] checking 2 open position(s)","timestamp":"2026-09-11T08:27:30.756Z"}
{"level":"debug","message":"[RISK-LOOP] checking 2 open position(s)","timestamp":"2026-09-11T08:29:30.762Z"}
{"level":"debug","message":"[RISK-LOOP] checking 2 open position(s)","timestamp":"2026-09-11T08:31:30.765Z"}
{"level":"debug","message":"[RISK-LOOP] checking 2 open position(s)","timestamp":"2026-09-11T08:33:30.764Z"}
{"level":"debug","message":"[RISK-LOOP] checking 2 open position(s)","timestamp":"2026-09-11T08:35:30.765Z"}
{"level":"debug","message":"[RISK-LOOP] checking 2 open position(s)","timestamp":"2026-09-11T08:37:30.767Z"}
{"level":"info","message":"[MTF-CACHE] 15m refresh complete: 37/37 symbols","timestamp":"2026-09-11T08:38:49.378Z"}
{"level":"debug","message":"[RISK-LOOP] checking 2 open position(s)","timestamp":"2026-09-11T08:39:30.774Z"}
{"level":"debug","message":"[RISK-LOOP] checking 2 open position(s)","timestamp":"2026-09-11T08:41:30.772Z"}
{"level":"debug","message":"[RISK-LOOP] checking 2 open position(s)","timestamp":"2026-09-11T08:43:30.775Z"}
{"level":"debug","message":"[RISK-LOOP] checking 2 open position(s)","timestamp":"2026-09-11T08:45:30.776Z"}
{"level":"debug","message":"[RISK-LOOP] checking 2 open position(s)","timestamp":"2026-09-11T08:47:30.782Z"}
{"level":"debug","message":"[RISK-LOOP] checking 2 open position(s)","timestamp":"2026-09-11T08:49:30.782Z"}
{"level":"debug","message":"[RISK-LOOP] checking 2 open position(s)","timestamp":"2026-09-11T08:51:30.785Z"}
{"level":"debug","message":"[RISK-LOOP] checking 2 open position(s)","timestamp":"2026-09-11T08:53:30.784Z"}
{"level":"info","message":"[MTF-CACHE] 15m refresh complete: 37/37 symbols","timestamp":"2026-09-11T08:53:49.515Z"}
{"level":"debug","message":"[RISK-LOOP] checking 2 open position(s)","timestamp":"2026-09-11T08:55:30.791Z"}
{"level":"debug","message":"[RISK-LOOP] checking 2 open position(s)","timestamp":"2026-09-11T08:57:30.793Z"}
{"level":"debug","message":"[RISK-LOOP] checking 2 open position(s)","timestamp":"2026-09-11T08:59:30.790Z"}
{"level":"debug","message":"[RISK-LOOP] checking 2 open position(s)","timestamp":"2026-09-11T09:01:30.793Z"}
{"level":"debug","message":"[RISK-LOOP] checking 2 open position(s)","timestamp":"2026-09-11T09:03:30.792Z"}
{"level":"debug","message":"[RISK-LOOP] checking 2 open position(s)","timestamp":"2026-09-11T09:05:30.793Z"}
{"level":"debug","message":"[RISK-LOOP] checking 2 open position(s)","timestamp":"2026-09-11T09:07:30.793Z"}
{"level":"info","message":"[MTF-CACHE] 15m refresh complete: 37/37 symbols","timestamp":"2026-09-11T09:08:53.509Z"}
{"level":"debug","message":"[RISK-LOOP] checking 2 open position(s)","timestamp":"2026-09-11T09:09:30.799Z"}
{"level":"debug","message":"[RISK-LOOP] checking 2 open position(s)","timestamp":"2026-09-11T09:11:30.798Z"}
{"level":"debug","message":"[RISK-LOOP] checking 2 open position(s)","timestamp":"2026-09-11T09:13:30.799Z"}
{"level":"debug","message":"[RISK-LOOP] checking 2 open position(s)","timestamp":"2026-09-11T09:15:30.798Z"}
{"level":"debug","message":"[RISK-LOOP] checking 2 open position(s)","timestamp":"2026-09-11T09:17:30.800Z"}
{"level":"debug","message":"[RISK-LOOP] checking 2 open position(s)","timestamp":"2026-09-11T09:19:30.801Z"}
{"level":"debug","message":"[RISK-LOOP] checking 2 open position(s)","timestamp":"2026-09-11T09:21:30.804Z"}
{"level":"debug","message":"[RISK-LOOP] checking 2 open position(s)","timestamp":"2026-09-11T09:23:30.806Z"}
{"level":"info","message":"[MTF-CACHE] 15m refresh complete: 37/37 symbols","timestamp":"2026-09-11T09:23:49.693Z"}
{"level":"debug","message":"[RISK-LOOP] checking 2 open position(s)","timestamp":"2026-09-11T09:25:30.803Z"}
{"level":"debug","message":"[RISK-LOOP] checking 2 open position(s)","timestamp":"2026-09-11T09:27:30.805Z"}
{"level":"debug","message":"[RISK-LOOP] checking 2 open position(s)","timestamp":"2026-09-11T09:29:30.803Z"}
{"level":"debug","message":"[RISK-LOOP] checking 2 open position(s)","timestamp":"2026-09-11T09:31:30.806Z"}
{"level":"debug","message":"[RISK-LOOP] checking 2 open position(s)","timestamp":"2026-09-11T09:33:30.803Z"}
{"level":"debug","message":"[RISK-LOOP] checking 2 open position(s)","timestamp":"2026-09-11T09:35:30.806Z"}
{"level":"debug","message":"[RISK-LOOP] checking 2 open position(s)","timestamp":"2026-09-11T09:37:30.807Z"}
{"level":"info","message":"[MTF-CACHE] 15m refresh complete: 37/37 symbols","timestamp":"2026-09-11T09:38:49.473Z"}
{"level":"debug","message":"[RISK-LOOP] checking 2 open position(s)","timestamp":"2026-09-11T09:39:30.807Z"}
{"level":"debug","message":"[RISK-LOOP] checking 2 open position(s)","timestamp":"2026-09-11T09:41:30.930Z"}
{"level":"debug","message":"[RISK-LOOP] checking 2 open position(s)","timestamp":"2026-09-11T09:43:30.806Z"}
{"level":"debug","message":"[RISK-LOOP] checking 2 open position(s)","timestamp":"2026-09-11T09:45:30.809Z"}
{"level":"debug","message":"[RISK-LOOP] checking 2 open position(s)","timestamp":"2026-09-11T09:47:30.803Z"}
{"level":"debug","message":"[RISK-LOOP] checking 2 open position(s)","timestamp":"2026-09-11T09:49:30.806Z"}
{"level":"debug","message":"[RISK-LOOP] checking 2 open position(s)","timestamp":"2026-09-11T09:51:30.807Z"}
{"level":"debug","message":"[RISK-LOOP] checking 2 open position(s)","timestamp":"2026-09-11T09:53:30.870Z"}
{"level":"info","message":"[MTF-CACHE] 15m refresh complete: 37/37 symbols","timestamp":"2026-09-11T09:53:49.335Z"}
{"level":"debug","message":"[RISK-LOOP] checking 2 open position(s)","timestamp":"2026-09-11T09:55:30.809Z"}
{"level":"debug","message":"[RISK-LOOP] checking 2 open position(s)","timestamp":"2026-09-11T09:57:30.868Z"}
{"level":"debug","message":"[RISK-LOOP] checking 2 open position(s)","timestamp":"2026-09-11T09:59:30.935Z"}
{"level":"debug","message":"[RISK-LOOP] checking 2 open position(s)","timestamp":"2026-09-11T10:01:31.011Z"}
{"level":"debug","message":"[RISK-LOOP] checking 2 open position(s)","timestamp":"2026-09-11T10:03:30.962Z"}
{"level":"debug","message":"[RISK-LOOP] checking 2 open position(s)","timestamp":"2026-09-11T10:05:30.986Z"}
{"level":"debug","message":"[RISK-LOOP] checking 2 open position(s)","timestamp":"2026-09-11T10:07:30.989Z"}
{"level":"info","message":"[MTF-CACHE] 15m refresh complete: 37/37 symbols","timestamp":"2026-09-11T10:08:49.413Z"}
{"level":"debug","message":"[RISK-LOOP] checking 2 open position(s)","timestamp":"2026-09-11T10:09:30.992Z"}
{"level":"debug","message":"[RISK-LOOP] checking 2 open position(s)","timestamp":"2026-09-11T10:11:30.989Z"}
{"level":"debug","message":"[RISK-LOOP] checking 2 open position(s)","timestamp":"2026-09-11T10:13:30.811Z"}
{"level":"debug","message":"[RISK-LOOP] checking 2 open position(s)","timestamp":"2026-09-11T10:15:30.814Z"}
{"level":"debug","message":"[RISK-LOOP] checking 2 open position(s)","timestamp":"2026-09-11T10:17:30.816Z"}
{"level":"debug","message":"[RISK-LOOP] checking 2 open position(s)","timestamp":"2026-09-11T10:19:30.823Z"}
{"level":"debug","message":"[RISK-LOOP] checking 2 open position(s)","timestamp":"2026-09-11T10:21:30.824Z"}
{"level":"debug","message":"[RISK-LOOP] checking 2 open position(s)","timestamp":"2026-09-11T10:23:30.824Z"}
{"level":"info","message":"[MTF-CACHE] 15m refresh complete: 37/37 symbols","timestamp":"2026-09-11T10:23:49.785Z"}
{"level":"debug","message":"[RISK-LOOP] checking 2 open position(s)","timestamp":"2026-09-11T10:25:30.828Z"}
{"level":"debug","message":"[RISK-LOOP] checking 2 open position(s)","timestamp":"2026-09-11T10:27:30.833Z"}
{"level":"debug","message":"[RISK-LOOP] checking 2 open position(s)","timestamp":"2026-09-11T10:29:30.837Z"}
{"level":"debug","message":"[RISK-LOOP] checking 2 open position(s)","timestamp":"2026-09-11T10:31:30.840Z"}
{"level":"debug","message":"[RISK-LOOP] checking 2 open position(s)","timestamp":"2026-09-11T10:33:30.841Z"}
{"level":"debug","message":"[RISK-LOOP] checking 2 open position(s)","timestamp":"2026-09-11T10:35:30.850Z"}
{"level":"debug","message":"[RISK-LOOP] checking 2 open position(s)","timestamp":"2026-09-11T10:37:30.854Z"}
{"level":"info","message":"[MTF-CACHE] 15m refresh complete: 37/37 symbols","timestamp":"2026-09-11T10:38:49.343Z"}
{"level":"debug","message":"[RISK-LOOP] checking 2 open position(s)","timestamp":"2026-09-11T10:39:30.853Z"}
{"level":"debug","message":"[RISK-LOOP] checking 2 open position(s)","timestamp":"2026-09-11T10:41:30.862Z"}
{"level":"debug","message":"[RISK-LOOP] checking 2 open position(s)","timestamp":"2026-09-11T10:43:30.851Z"}
{"level":"debug","message":"[RISK-LOOP] checking 2 open position(s)","timestamp":"2026-09-11T10:45:30.851Z"}
{"level":"debug","message":"[RISK-LOOP] checking 2 open position(s)","timestamp":"2026-09-11T10:47:30.852Z"}
{"level":"debug","message":"[RISK-LOOP] checking 2 open position(s)","timestamp":"2026-09-11T10:49:30.856Z"}
{"level":"debug","message":"[RISK-LOOP] checking 2 open position(s)","timestamp":"2026-09-11T10:51:30.856Z"}
{"level":"debug","message":"[RISK-LOOP] checking 2 open position(s)","timestamp":"2026-09-11T10:53:30.858Z"}
{"level":"info","message":"[MTF-CACHE] 15m refresh complete: 37/37 symbols","timestamp":"2026-09-11T10:53:51.045Z"}
{"level":"debug","message":"[RISK-LOOP] checking 2 open position(s)","timestamp":"2026-09-11T10:55:30.861Z"}
{"level":"debug","message":"[RISK-LOOP] checking 2 open position(s)","timestamp":"2026-09-11T10:57:30.875Z"}
{"level":"debug","message":"[RISK-LOOP] checking 2 open position(s)","timestamp":"2026-09-11T10:59:30.861Z"}
{"level":"debug","message":"[RISK-LOOP] checking 2 open position(s)","timestamp":"2026-09-11T11:01:30.865Z"}
{"level":"debug","message":"[RISK-LOOP] checking 2 open position(s)","timestamp":"2026-09-11T11:03:30.866Z"}
{"level":"debug","message":"[RISK-LOOP] checking 2 open position(s)","timestamp":"2026-09-11T11:05:30.868Z"}
{"level":"debug","message":"[RISK-LOOP] checking 2 open position(s)","timestamp":"2026-09-11T11:07:30.870Z"}
{"level":"info","message":"[MTF-CACHE] 15m refresh complete: 37/37 symbols","timestamp":"2026-09-11T11:08:49.401Z"}
{"level":"debug","message":"[RISK-LOOP] checking 2 open position(s)","timestamp":"2026-09-11T11:09:30.869Z"}
{"level":"debug","message":"[RISK-LOOP] checking 2 open position(s)","timestamp":"2026-09-11T11:11:30.871Z"}
{"level":"debug","message":"[RISK-LOOP] checking 2 open position(s)","timestamp":"2026-09-11T11:13:30.874Z"}
{"level":"debug","message":"[RISK-LOOP] checking 2 open position(s)","timestamp":"2026-09-11T11:15:30.877Z"}
{"level":"debug","message":"[RISK-LOOP] checking 2 open position(s)","timestamp":"2026-09-11T11:17:30.877Z"}
{"level":"debug","message":"[RISK-LOOP] checking 2 open position(s)","timestamp":"2026-09-11T11:19:30.884Z"}
{"level":"debug","message":"[RISK-LOOP] checking 2 open position(s)","timestamp":"2026-09-11T11:21:30.883Z"}
{"level":"debug","message":"[RISK-LOOP] checking 2 open position(s)","timestamp":"2026-09-11T11:23:30.884Z"}
{"level":"info","message":"[MTF-CACHE] 15m refresh complete: 37/37 symbols","timestamp":"2026-09-11T11:23:49.512Z"}
{"level":"info","message":"[MTF-CACHE] 4h refresh complete: 37/37 symbols","timestamp":"2026-09-11T11:23:51.224Z"}
{"level":"debug","message":"[RISK-LOOP] checking 2 open position(s)","timestamp":"2026-09-11T11:25:30.887Z"}
{"level":"debug","message":"[RISK-LOOP] checking 2 open position(s)","timestamp":"2026-09-11T11:27:30.888Z"}
{"level":"debug","message":"[RISK-LOOP] checking 2 open position(s)","timestamp":"2026-09-11T11:29:30.891Z"}
{"level":"debug","message":"[RISK-LOOP] checking 2 open position(s)","timestamp":"2026-09-11T11:31:30.896Z"}
{"level":"debug","message":"[RISK-LOOP] checking 2 open position(s)","timestamp":"2026-09-11T11:33:30.894Z"}
{"level":"debug","message":"[RISK-LOOP] checking 2 open position(s)","timestamp":"2026-09-11T11:35:30.895Z"}
{"level":"debug","message":"[RISK-LOOP] checking 2 open position(s)","timestamp":"2026-09-11T11:37:30.902Z"}
{"level":"info","message":"[MTF-CACHE] 15m refresh complete: 37/37 symbols","timestamp":"2026-09-11T11:38:50.095Z"}
{"level":"debug","message":"[RISK-LOOP] checking 2 open position(s)","timestamp":"2026-09-11T11:39:30.901Z"}
{"level":"debug","message":"[RISK-LOOP] checking 2 open position(s)","timestamp":"2026-09-11T11:41:30.904Z"}
{"level":"debug","message":"[RISK-LOOP] checking 2 open position(s)","timestamp":"2026-09-11T11:43:30.906Z"}
{"level":"debug","message":"[RISK-LOOP] checking 2 open position(s)","timestamp":"2026-09-11T11:45:30.904Z"}
{"level":"debug","message":"[RISK-LOOP] checking 2 open position(s)","timestamp":"2026-09-11T11:47:30.911Z"}
{"level":"debug","message":"[RISK-LOOP] checking 2 open position(s)","timestamp":"2026-09-11T11:49:30.908Z"}
{"level":"debug","message":"[RISK-LOOP] checking 2 open position(s)","timestamp":"2026-09-11T11:51:30.912Z"}
{"level":"debug","message":"[RISK-LOOP] checking 2 open position(s)","timestamp":"2026-09-11T11:53:30.909Z"}
{"level":"info","message":"[MTF-CACHE] 15m refresh complete: 37/37 symbols","timestamp":"2026-09-11T11:53:49.403Z"}
{"level":"debug","message":"[RISK-LOOP] checking 2 open position(s)","timestamp":"2026-09-11T11:55:30.912Z"}
{"level":"debug","message":"[RISK-LOOP] checking 2 open position(s)","timestamp":"2026-09-11T11:57:30.915Z"}
{"level":"debug","message":"[RISK-LOOP] checking 2 open position(s)","timestamp":"2026-09-11T11:59:30.916Z"}
{"level":"debug","message":"[CYCLE] Correlated pairs (r>0.85): BTC/XRP=0.86, XRP/ADA=0.86, SUI/ADA=0.87, THETA/ADA=0.86, ADA/DOGE=0.93, ADA/PEPE=0.90, DOGE/PEPE=0.90","timestamp":"2026-09-11T12:00:03.023Z"}
{"level":"debug","message":"[CYCLE] ATR sizing: medianATRPct=4.56% (37 symbols)","timestamp":"2026-09-11T12:00:03.030Z"}
{"level":"debug","message":"[CYCLE] BTC macro: bull=true EMA200","timestamp":"2026-09-11T12:00:03.031Z"}
{"level":"debug","message":"[REGIME] BULL_TREND  candidate=BULL_TREND streak=0  (ADX 32.84)","timestamp":"2026-09-11T12:00:03.034Z"}
{"level":"debug","message":"[DRIFT] only 4 live trades (< 10) — not enough to judge (n=4, WR 50%)","timestamp":"2026-09-11T12:00:03.524Z"}
{"level":"debug","message":"[CYCLE] XRP/USDC: starting cycle, candles=1536 lastClose=1.32870000 lastTs=2026-09-11T12:00:00.000Z","timestamp":"2026-09-11T12:00:04.642Z"}
{"level":"debug","message":"[AGG] XRP/USDC: strategy[0]=BollingerBands → HOLD conf=0.20 \"Price 1.3287 inside BB [1.3177–1.4654]\"","timestamp":"2026-09-11T12:00:04.679Z"}
{"level":"debug","message":"[AGG] XRP/USDC: strategy[1]=Stochastic → BUY conf=0.82 \"Stoch K=6.3 crossed above D=5.6 in oversold zone\"","timestamp":"2026-09-11T12:00:04.679Z"}
{"level":"debug","message":"[AGG] XRP/USDC: strategy[2]=EMA → HOLD conf=0.20 \"No EMA crossover (fast 1.3813 vs slow 1.3804)\"","timestamp":"2026-09-11T12:00:04.679Z"}
{"level":"debug","message":"[AGG] XRP/USDC: votes BUY=0.82 SELL=0.00 HOLD=0.40 total_voters=3 external=0","timestamp":"2026-09-11T12:00:04.679Z"}
{"level":"debug","message":"[AGG] XRP/USDC: decision=HOLD confidence=0.27 tie=false belowMin=true (minConf=0.35750000000000004)","timestamp":"2026-09-11T12:00:04.679Z"}
{"level":"debug","message":"[CYCLE] LINK/USDC: starting cycle, candles=1536 lastClose=11.39100000 lastTs=2026-09-11T12:00:00.000Z","timestamp":"2026-09-11T12:00:04.695Z"}
{"level":"debug","message":"[AGG] LINK/USDC: strategy[0]=BollingerBands → HOLD conf=0.20 \"Price 11.3950 inside BB [10.6929–13.2032]\"","timestamp":"2026-09-11T12:00:04.725Z"}
{"level":"debug","message":"[AGG] LINK/USDC: strategy[1]=Stochastic → HOLD conf=0.20 \"Stoch K=4.0 D=9.3 — no crossover in extreme zone\"","timestamp":"2026-09-11T12:00:04.726Z"}
{"level":"debug","message":"[AGG] LINK/USDC: strategy[2]=Supertrend → HOLD conf=0.10 \"Supertrend downtrend continues (ST 12.9304)\"","timestamp":"2026-09-11T12:00:04.726Z"}
{"level":"debug","message":"[AGG] LINK/USDC: votes BUY=0.00 SELL=0.00 HOLD=0.50 total_voters=3 external=0","timestamp":"2026-09-11T12:00:04.726Z"}
{"level":"debug","message":"[AGG] LINK/USDC: decision=HOLD confidence=0.17 tie=false belowMin=true (minConf=0.45499999999999996)","timestamp":"2026-09-11T12:00:04.726Z"}
{"level":"debug","message":"[CYCLE] BNB/USDC: starting cycle, candles=1536 lastClose=713.04000000 lastTs=2026-09-11T12:00:00.000Z","timestamp":"2026-09-11T12:00:04.733Z"}
{"level":"debug","message":"[AGG] BNB/USDC: strategy[0]=WilliamsR → BUY conf=0.64 \"%R -87.7 oversold ↑ reversal confirmed\"","timestamp":"2026-09-11T12:00:04.735Z"}
{"level":"debug","message":"[AGG] BNB/USDC: strategy[1]=HeikinAshi → HOLD conf=0.15 \"HA bearish continuation\"","timestamp":"2026-09-11T12:00:04.735Z"}
{"level":"debug","message":"[AGG] BNB/USDC: strategy[2]=SupportResistance → SELL conf=0.56 \"Resistance 718.9950 (2×)\"","timestamp":"2026-09-11T12:00:04.736Z"}
{"level":"debug","message":"[AGG] BNB/USDC: votes BUY=0.64 SELL=0.56 HOLD=0.15 total_voters=3 external=0","timestamp":"2026-09-11T12:00:04.736Z"}
{"level":"debug","message":"[AGG] BNB/USDC: decision=HOLD confidence=0.21 tie=false belowMin=true (minConf=0.35750000000000004)","timestamp":"2026-09-11T12:00:04.736Z"}
{"level":"debug","message":"[CYCLE] LTC/USDC: starting cycle, candles=1536 lastClose=52.37000000 lastTs=2026-09-11T12:00:00.000Z","timestamp":"2026-09-11T12:00:04.739Z"}
{"level":"debug","message":"[AGG] LTC/USDC: strategy[0]=BollingerBands → HOLD conf=0.20 \"Price 52.3700 inside BB [48.5639–56.9201]\"","timestamp":"2026-09-11T12:00:04.751Z"}
{"level":"debug","message":"[AGG] LTC/USDC: strategy[1]=EMA → HOLD conf=0.20 \"No EMA crossover (fast 53.0945 vs slow 52.2393)\"","timestamp":"2026-09-11T12:00:04.751Z"}
{"level":"debug","message":"[AGG] LTC/USDC: strategy[2]=WilliamsR → HOLD conf=0.20 \"%R -73.3 neutral\"","timestamp":"2026-09-11T12:00:04.751Z"}
{"level":"debug","message":"[AGG] LTC/USDC: votes BUY=0.00 SELL=0.00 HOLD=0.60 total_voters=3 external=0","timestamp":"2026-09-11T12:00:04.752Z"}
{"level":"debug","message":"[AGG] LTC/USDC: decision=HOLD confidence=0.20 tie=false belowMin=true (minConf=0.35750000000000004)","timestamp":"2026-09-11T12:00:04.752Z"}
{"level":"debug","message":"[CYCLE] NEAR/USDC: starting cycle, candles=1536 lastClose=2.45700000 lastTs=2026-09-11T12:00:00.000Z","timestamp":"2026-09-11T12:00:04.755Z"}
{"level":"debug","message":"[AGG] NEAR/USDC: strategy[0]=RSI → HOLD conf=0.20 \"RSI 63.4 neutral\"","timestamp":"2026-09-11T12:00:04.770Z"}
{"level":"debug","message":"[AGG] NEAR/USDC: strategy[1]=BollingerBands → HOLD conf=0.20 \"Price 2.4570 inside BB [1.7765–2.6869]\"","timestamp":"2026-09-11T12:00:04.770Z"}
{"level":"debug","message":"[AGG] NEAR/USDC: strategy[2]=Stochastic → HOLD conf=0.20 \"Stoch K=73.9 D=71.3 — no crossover in extreme zone\"","timestamp":"2026-09-11T12:00:04.770Z"}
{"level":"debug","message":"[AGG] NEAR/USDC: strategy[3]=SupportResistance → HOLD conf=0.10 \"No significant S/R zone nearby\"","timestamp":"2026-09-11T12:00:04.770Z"}
{"level":"debug","message":"[AGG] NEAR/USDC: votes BUY=0.00 SELL=0.00 HOLD=0.70 total_voters=4 external=0","timestamp":"2026-09-11T12:00:04.770Z"}
{"level":"debug","message":"[AGG] NEAR/USDC: decision=HOLD confidence=0.17 tie=false belowMin=true (minConf=0.45499999999999996)","timestamp":"2026-09-11T12:00:04.770Z"}
{"level":"debug","message":"[CYCLE] TRX/USDC: starting cycle, candles=1476 lastClose=0.33640000 lastTs=2026-09-11T12:00:00.000Z","timestamp":"2026-09-11T12:00:04.772Z"}
{"level":"debug","message":"[AGG] TRX/USDC: strategy[0]=CCI → HOLD conf=0.20 \"CCI 65.1 neutral\"","timestamp":"2026-09-11T12:00:04.793Z"}
{"level":"debug","message":"[AGG] TRX/USDC: strategy[1]=Stochastic → HOLD conf=0.20 \"Stoch K=65.2 D=84.4 — no crossover in extreme zone\"","timestamp":"2026-09-11T12:00:04.793Z"}
{"level":"debug","message":"[AGG] TRX/USDC: strategy[2]=StochRSI → HOLD conf=0.20 \"StochRSI K=28.9 D=74.2 — no extreme crossover\"","timestamp":"2026-09-11T12:00:04.793Z"}
{"level":"debug","message":"[AGG] TRX/USDC: votes BUY=0.00 SELL=0.00 HOLD=0.60 total_voters=3 external=0","timestamp":"2026-09-11T12:00:04.793Z"}
{"level":"debug","message":"[AGG] TRX/USDC: decision=HOLD confidence=0.20 tie=false belowMin=true (minConf=0.45499999999999996)","timestamp":"2026-09-11T12:00:04.793Z"}
{"level":"debug","message":"[CYCLE] BCH/USDC: starting cycle, candles=1536 lastClose=225.10000000 lastTs=2026-09-11T12:00:00.000Z","timestamp":"2026-09-11T12:00:04.801Z"}
{"level":"debug","message":"[AGG] BCH/USDC: strategy[0]=BollingerBands → BUY conf=0.62 \"Price 225.1000 ≤ lower BB 230.1487 (bw 16.4%)\"","timestamp":"2026-09-11T12:00:04.821Z"}
{"level":"debug","message":"[AGG] BCH/USDC: strategy[1]=OBV → HOLD conf=0.20 \"OBV below EMA-20 — no cross\"","timestamp":"2026-09-11T12:00:04.821Z"}
{"level":"debug","message":"[AGG] BCH/USDC: strategy[2]=WilliamsR → BUY conf=0.67 \"%R -94.9 oversold ↑ reversal confirmed\"","timestamp":"2026-09-11T12:00:04.821Z"}
{"level":"debug","message":"[AGG] BCH/USDC: votes BUY=1.29 SELL=0.00 HOLD=0.20 total_voters=3 external=0","timestamp":"2026-09-11T12:00:04.821Z"}
{"level":"debug","message":"[AGG] BCH/USDC: decision=HOLD (multi-bar confirmation) winner=BUY conf=0.43 < borderlineCeiling=0.46 prev=HOLD","timestamp":"2026-09-11T12:00:04.821Z"}
{"level":"debug","message":"[CYCLE] ACH/USDC: starting cycle, candles=1016 lastClose=0.00483000 lastTs=2026-09-11T12:00:00.000Z","timestamp":"2026-09-11T12:00:04.829Z"}
{"level":"debug","message":"[AGG] ACH/USDC: strategy[0]=RSI → HOLD conf=0.20 \"RSI 38.6 neutral\"","timestamp":"2026-09-11T12:00:04.869Z"}
{"level":"debug","message":"[AGG] ACH/USDC: strategy[1]=BollingerBands → HOLD conf=0.20 \"Price 0.0048 inside BB [0.0048–0.0056]\"","timestamp":"2026-09-11T12:00:04.869Z"}
{"level":"debug","message":"[AGG] ACH/USDC: strategy[2]=CCI → HOLD conf=0.68 \"CCI -143.9 oversold — still falling, wait\"","timestamp":"2026-09-11T12:00:04.869Z"}
{"level":"debug","message":"[AGG] ACH/USDC: votes BUY=0.00 SELL=0.00 HOLD=1.08 total_voters=3 external=0","timestamp":"2026-09-11T12:00:04.869Z"}
{"level":"debug","message":"[AGG] ACH/USDC: decision=HOLD confidence=0.36 tie=false belowMin=true (minConf=0.45499999999999996)","timestamp":"2026-09-11T12:00:04.869Z"}
{"level":"warn","message":"GMX/USDC: candle series stale (newest bar 63.5d old) — skipping cycle","timestamp":"2026-09-11T12:00:04.885Z"}
{"level":"debug","message":"[CYCLE] JTO/USDC: starting cycle, candles=1536 lastClose=0.41510000 lastTs=2026-09-11T12:00:00.000Z","timestamp":"2026-09-11T12:00:04.893Z"}
{"level":"debug","message":"[AGG] JTO/USDC: strategy[0]=CCI → HOLD conf=0.20 \"CCI -73.1 neutral\"","timestamp":"2026-09-11T12:00:04.908Z"}
{"level":"debug","message":"[AGG] JTO/USDC: strategy[1]=PSAR → HOLD conf=0.10 \"PSAR downtrend continues (SAR 0.4819)\"","timestamp":"2026-09-11T12:00:04.908Z"}
{"level":"debug","message":"[AGG] JTO/USDC: strategy[2]=SupportResistance → HOLD conf=0.10 \"No significant S/R zone nearby\"","timestamp":"2026-09-11T12:00:04.908Z"}
{"level":"debug","message":"[AGG] JTO/USDC: votes BUY=0.00 SELL=0.00 HOLD=0.40 total_voters=3 external=0","timestamp":"2026-09-11T12:00:04.908Z"}
{"level":"debug","message":"[AGG] JTO/USDC: decision=HOLD confidence=0.13 tie=false belowMin=true (minConf=0.35750000000000004)","timestamp":"2026-09-11T12:00:04.908Z"}
{"level":"debug","message":"[CYCLE] MANTA/USDC: starting cycle, candles=1536 lastClose=0.05796000 lastTs=2026-09-11T12:00:00.000Z","timestamp":"2026-09-11T12:00:04.938Z"}
{"level":"debug","message":"[AGG] MANTA/USDC: strategy[0]=RSI → HOLD conf=0.20 \"RSI 42.0 neutral\"","timestamp":"2026-09-11T12:00:04.946Z"}
{"level":"debug","message":"[AGG] MANTA/USDC: strategy[1]=BollingerBands → HOLD conf=0.20 \"Price 0.0580 inside BB [0.0560–0.0637]\"","timestamp":"2026-09-11T12:00:04.946Z"}
{"level":"debug","message":"[AGG] MANTA/USDC: strategy[2]=CCI → HOLD conf=0.20 \"CCI -69.2 neutral\"","timestamp":"2026-09-11T12:00:04.946Z"}
{"level":"debug","message":"[AGG] MANTA/USDC: votes BUY=0.00 SELL=0.00 HOLD=0.60 total_voters=3 external=0","timestamp":"2026-09-11T12:00:04.946Z"}
{"level":"debug","message":"[AGG] MANTA/USDC: decision=HOLD confidence=0.20 tie=false belowMin=true (minConf=0.45499999999999996)","timestamp":"2026-09-11T12:00:04.946Z"}
{"level":"debug","message":"[CYCLE] PAXG/USDC: starting cycle, candles=1030 lastClose=4336.60000000 lastTs=2026-09-11T12:00:00.000Z","timestamp":"2026-09-11T12:00:04.970Z"}
{"level":"debug","message":"[AGG] PAXG/USDC: strategy[0]=MACD → HOLD conf=0.20 \"MACD -30.5580 vs signal -23.8660 hist:-6.6920\"","timestamp":"2026-09-11T12:00:04.978Z"}
{"level":"debug","message":"[AGG] PAXG/USDC: strategy[1]=ADX → SELL conf=0.70 \"ADX 28.1 downtrend (-DI 31.3 > +DI 13.7)\"","timestamp":"2026-09-11T12:00:04.978Z"}
{"level":"debug","message":"[AGG] PAXG/USDC: strategy[2]=Supertrend → HOLD conf=0.10 \"Supertrend uptrend continues (ST 4313.8820)\"","timestamp":"2026-09-11T12:00:04.978Z"}
{"level":"debug","message":"[AGG] PAXG/USDC: votes BUY=0.00 SELL=0.70 HOLD=0.30 total_voters=3 external=0","timestamp":"2026-09-11T12:00:04.978Z"}
{"level":"debug","message":"[AGG] PAXG/USDC: decision=HOLD confidence=0.23 tie=false belowMin=true (minConf=0.35750000000000004)","timestamp":"2026-09-11T12:00:04.978Z"}
{"level":"debug","message":"[CYCLE] PIXEL/USDC: starting cycle, candles=1536 lastClose=0.00453000 lastTs=2026-09-11T12:00:00.000Z","timestamp":"2026-09-11T12:00:04.982Z"}
{"level":"debug","message":"[AGG] PIXEL/USDC: strategy[0]=EMA → HOLD conf=0.20 \"No EMA crossover (fast 0.0049 vs slow 0.0050)\"","timestamp":"2026-09-11T12:00:04.988Z"}
{"level":"debug","message":"[AGG] PIXEL/USDC: strategy[1]=ADX → SELL conf=0.60 \"ADX 20.3 downtrend (-DI 30.3 > +DI 15.2)\"","timestamp":"2026-09-11T12:00:04.988Z"}
{"level":"debug","message":"[AGG] PIXEL/USDC: strategy[2]=SupportResistance → BUY conf=0.60 \"Support 0.0045 (2×)\"","timestamp":"2026-09-11T12:00:04.989Z"}
{"level":"debug","message":"[AGG] PIXEL/USDC: votes BUY=0.60 SELL=0.60 HOLD=0.20 total_voters=3 external=0","timestamp":"2026-09-11T12:00:04.989Z"}
{"level":"debug","message":"[AGG] PIXEL/USDC: decision=HOLD confidence=0.20 tie=false belowMin=true (minConf=0.35750000000000004)","timestamp":"2026-09-11T12:00:04.989Z"}
{"level":"debug","message":"[CYCLE] TIA/USDC: starting cycle, candles=1536 lastClose=0.36250000 lastTs=2026-09-11T12:00:00.000Z","timestamp":"2026-09-11T12:00:05.054Z"}
{"level":"debug","message":"[AGG] TIA/USDC: strategy[0]=CCI → HOLD conf=0.20 \"CCI -50.2 neutral\"","timestamp":"2026-09-11T12:00:05.059Z"}
{"level":"debug","message":"[AGG] TIA/USDC: strategy[1]=MACD → HOLD conf=0.20 \"MACD 0.0075 vs signal 0.0126 hist:-0.0051\"","timestamp":"2026-09-11T12:00:05.059Z"}
{"level":"debug","message":"[AGG] TIA/USDC: strategy[2]=HeikinAshi → HOLD conf=0.15 \"HA bearish continuation\"","timestamp":"2026-09-11T12:00:05.059Z"}
{"level":"debug","message":"[AGG] TIA/USDC: votes BUY=0.00 SELL=0.00 HOLD=0.55 total_voters=3 external=0","timestamp":"2026-09-11T12:00:05.059Z"}
{"level":"debug","message":"[AGG] TIA/USDC: decision=HOLD confidence=0.18 tie=false belowMin=true (minConf=0.35750000000000004)","timestamp":"2026-09-11T12:00:05.059Z"}
{"level":"debug","message":"[CYCLE] SOL/USDC: starting cycle, candles=1536 lastClose=99.44000000 lastTs=2026-09-11T12:00:00.000Z","timestamp":"2026-09-11T12:00:05.091Z"}
{"level":"debug","message":"[AGG] SOL/USDC: strategy[0]=BollingerBands → HOLD conf=0.20 \"Price 99.4600 inside BB [97.7048–107.0562]\"","timestamp":"2026-09-11T12:00:05.106Z"}
{"level":"debug","message":"[AGG] SOL/USDC: strategy[1]=WilliamsR → BUY conf=0.64 \"%R -88.3 oversold ↑ reversal confirmed\"","timestamp":"2026-09-11T12:00:05.106Z"}
{"level":"debug","message":"[AGG] SOL/USDC: strategy[2]=StochRSI → BUY conf=0.74 \"StochRSI K=10.6 crossed above D=3.5 in oversold ↑\"","timestamp":"2026-09-11T12:00:05.106Z"}
{"level":"debug","message":"[AGG] SOL/USDC: votes BUY=1.38 SELL=0.00 HOLD=0.20 total_voters=3 external=0","timestamp":"2026-09-11T12:00:05.106Z"}
{"level":"debug","message":"[AGG] SOL/USDC: decision=BUY confidence=0.46 tie=false","timestamp":"2026-09-11T12:00:05.106Z"}
{"level":"debug","message":"[CYCLE] AVAX/USDC: starting cycle, candles=1536 lastClose=7.35700000 lastTs=2026-09-11T12:00:00.000Z","timestamp":"2026-09-11T12:00:05.115Z"}
{"level":"debug","message":"[AGG] AVAX/USDC: strategy[0]=RSI → HOLD conf=0.20 \"RSI 42.9 neutral\"","timestamp":"2026-09-11T12:00:05.118Z"}
{"level":"debug","message":"[AGG] AVAX/USDC: strategy[1]=MACD → HOLD conf=0.20 \"MACD 0.0970 vs signal 0.1513 hist:-0.0543\"","timestamp":"2026-09-11T12:00:05.119Z"}
{"level":"debug","message":"[AGG] AVAX/USDC: strategy[2]=PSAR → HOLD conf=0.10 \"PSAR downtrend continues (SAR 8.1834)\"","timestamp":"2026-09-11T12:00:05.119Z"}
{"level":"debug","message":"[AGG] AVAX/USDC: votes BUY=0.00 SELL=0.00 HOLD=0.50 total_voters=3 external=0","timestamp":"2026-09-11T12:00:05.119Z"}
{"level":"debug","message":"[AGG] AVAX/USDC: decision=HOLD confidence=0.17 tie=false belowMin=true (minConf=0.35750000000000004)","timestamp":"2026-09-11T12:00:05.119Z"}
{"level":"debug","message":"[CYCLE] ADA/USDC: starting cycle, candles=1536 lastClose=0.20230000 lastTs=2026-09-11T12:00:00.000Z","timestamp":"2026-09-11T12:00:05.121Z"}
{"level":"debug","message":"[AGG] ADA/USDC: strategy[0]=RSI → HOLD conf=0.20 \"RSI 41.4 neutral\"","timestamp":"2026-09-11T12:00:05.129Z"}
{"level":"debug","message":"[AGG] ADA/USDC: strategy[1]=BollingerBands → HOLD conf=0.20 \"Price 0.2024 inside BB [0.1955–0.2303]\"","timestamp":"2026-09-11T12:00:05.129Z"}
{"level":"debug","message":"[AGG] ADA/USDC: strategy[2]=CCI → HOLD conf=0.20 \"CCI -79.8 neutral\"","timestamp":"2026-09-11T12:00:05.129Z"}
{"level":"debug","message":"[AGG] ADA/USDC: votes BUY=0.00 SELL=0.00 HOLD=0.60 total_voters=3 external=0","timestamp":"2026-09-11T12:00:05.129Z"}
{"level":"debug","message":"[AGG] ADA/USDC: decision=HOLD confidence=0.20 tie=false belowMin=true (minConf=0.35750000000000004)","timestamp":"2026-09-11T12:00:05.129Z"}
{"level":"debug","message":"[CYCLE] BTC/USDC: starting cycle, candles=1536 lastClose=77003.98000000 lastTs=2026-09-11T12:00:00.000Z","timestamp":"2026-09-11T12:00:05.131Z"}
{"level":"debug","message":"[AGG] BTC/USDC: strategy[0]=EMA → HOLD conf=0.20 \"No EMA crossover (fast 78251.2420 vs slow 78072.4983)\"","timestamp":"2026-09-11T12:00:05.132Z"}
{"level":"debug","message":"[AGG] BTC/USDC: strategy[1]=PSAR → HOLD conf=0.10 \"PSAR downtrend continues (SAR 82182.7760)\"","timestamp":"2026-09-11T12:00:05.132Z"}
{"level":"debug","message":"[AGG] BTC/USDC: strategy[2]=HeikinAshi → HOLD conf=0.15 \"HA bearish continuation\"","timestamp":"2026-09-11T12:00:05.132Z"}
{"level":"debug","message":"[AGG] BTC/USDC: votes BUY=0.00 SELL=0.00 HOLD=0.45 total_voters=3 external=0","timestamp":"2026-09-11T12:00:05.132Z"}
{"level":"debug","message":"[AGG] BTC/USDC: decision=HOLD confidence=0.15 tie=false belowMin=true (minConf=0.35750000000000004)","timestamp":"2026-09-11T12:00:05.132Z"}
{"level":"debug","message":"[CYCLE] XRP/USDC: sizing positionPct=0.2602 (base=0.15 atr=0.04557640750670242 regime=on conf=0.27 macro=bull mtf=1.0)","timestamp":"2026-09-11T12:00:05.148Z"}
{"level":"info","message":"XRP/USDC: decision=HOLD confidence=27% price=1.32870000 external_signals=0","timestamp":"2026-09-11T12:00:05.148Z"}
{"level":"info","message":"XRP/USDC: Price 1.3287 inside BB [1.3177–1.4654] | Stoch K=6.3 crossed above D=5.6 in oversold zone | No EMA crossover (fast 1.3813 vs slow 1.3804)","timestamp":"2026-09-11T12:00:05.148Z"}
{"level":"debug","message":"[CYCLE] DOGE/USDC: starting cycle, candles=1536 lastClose=0.08366000 lastTs=2026-09-11T12:00:00.000Z","timestamp":"2026-09-11T12:00:05.151Z"}
{"level":"debug","message":"[AGG] DOGE/USDC: strategy[0]=EMA → HOLD conf=0.20 \"No EMA crossover (fast 0.0866 vs slow 0.0862)\"","timestamp":"2026-09-11T12:00:05.152Z"}
{"level":"debug","message":"[AGG] DOGE/USDC: strategy[1]=PSAR → HOLD conf=0.10 \"PSAR downtrend continues (SAR 0.0943)\"","timestamp":"2026-09-11T12:00:05.153Z"}
{"level":"debug","message":"[AGG] DOGE/USDC: strategy[2]=HeikinAshi → HOLD conf=0.15 \"HA bearish continuation\"","timestamp":"2026-09-11T12:00:05.153Z"}
{"level":"debug","message":"[AGG] DOGE/USDC: votes BUY=0.00 SELL=0.00 HOLD=0.45 total_voters=3 external=0","timestamp":"2026-09-11T12:00:05.153Z"}
{"level":"debug","message":"[AGG] DOGE/USDC: decision=HOLD confidence=0.15 tie=false belowMin=true (minConf=0.35750000000000004)","timestamp":"2026-09-11T12:00:05.153Z"}
{"level":"debug","message":"[CYCLE] INJ/USDC: starting cycle, candles=1536 lastClose=5.83100000 lastTs=2026-09-11T12:00:00.000Z","timestamp":"2026-09-11T12:00:05.158Z"}
{"level":"debug","message":"[AGG] INJ/USDC: strategy[0]=ADX → BUY conf=0.64 \"ADX 30.4 uptrend (+DI 28.8 > -DI 15.4)\"","timestamp":"2026-09-11T12:00:05.166Z"}
{"level":"debug","message":"[AGG] INJ/USDC: strategy[1]=OBV → SELL conf=0.56 \"OBV crossed below EMA-20 — volume sellers in control\"","timestamp":"2026-09-11T12:00:05.166Z"}
{"level":"debug","message":"[AGG] INJ/USDC: strategy[2]=StochRSI → HOLD conf=0.20 \"StochRSI K=41.7 D=50.7 — no extreme crossover\"","timestamp":"2026-09-11T12:00:05.166Z"}
{"level":"debug","message":"[AGG] INJ/USDC: votes BUY=0.64 SELL=0.56 HOLD=0.20 total_voters=3 external=0","timestamp":"2026-09-11T12:00:05.166Z"}
{"level":"debug","message":"[AGG] INJ/USDC: decision=HOLD confidence=0.21 tie=false belowMin=true (minConf=0.35750000000000004)","timestamp":"2026-09-11T12:00:05.166Z"}
{"level":"debug","message":"[CYCLE] WLD/USDC: starting cycle, candles=1536 lastClose=0.39660000 lastTs=2026-09-11T12:00:00.000Z","timestamp":"2026-09-11T12:00:05.193Z"}
{"level":"debug","message":"[AGG] WLD/USDC: strategy[0]=BollingerBands → HOLD conf=0.20 \"Price 0.3967 inside BB [0.3422–0.4763]\"","timestamp":"2026-09-11T12:00:05.209Z"}
{"level":"debug","message":"[AGG] WLD/USDC: strategy[1]=CCI → HOLD conf=0.20 \"CCI -28.5 neutral\"","timestamp":"2026-09-11T12:00:05.209Z"}
{"level":"debug","message":"[AGG] WLD/USDC: strategy[2]=ADX → BUY conf=0.55 \"ADX 30.8 uptrend (+DI 25.8 > -DI 21.2)\"","timestamp":"2026-09-11T12:00:05.209Z"}
{"level":"debug","message":"[AGG] WLD/USDC: votes BUY=0.55 SELL=0.00 HOLD=0.40 total_voters=3 external=0","timestamp":"2026-09-11T12:00:05.209Z"}
{"level":"debug","message":"[AGG] WLD/USDC: decision=HOLD confidence=0.18 tie=false belowMin=true (minConf=0.35750000000000004)","timestamp":"2026-09-11T12:00:05.209Z"}
{"level":"debug","message":"[CYCLE] PEPE/USDC: starting cycle, candles=1536 lastClose=0.00000325 lastTs=2026-09-11T12:00:00.000Z","timestamp":"2026-09-11T12:00:05.216Z"}
{"level":"debug","message":"[AGG] PEPE/USDC: strategy[0]=EMA → HOLD conf=0.20 \"No EMA crossover (fast 0.0000 vs slow 0.0000)\"","timestamp":"2026-09-11T12:00:05.219Z"}
{"level":"debug","message":"[AGG] PEPE/USDC: strategy[1]=Supertrend → HOLD conf=0.10 \"Supertrend downtrend continues (ST 0.0000)\"","timestamp":"2026-09-11T12:00:05.219Z"}
{"level":"debug","message":"[AGG] PEPE/USDC: strategy[2]=OBV → HOLD conf=0.20 \"OBV below EMA-20 — no cross\"","timestamp":"2026-09-11T12:00:05.219Z"}
{"level":"debug","message":"[AGG] PEPE/USDC: votes BUY=0.00 SELL=0.00 HOLD=0.50 total_voters=3 external=0","timestamp":"2026-09-11T12:00:05.219Z"}
{"level":"debug","message":"[AGG] PEPE/USDC: decision=HOLD confidence=0.17 tie=false belowMin=true (minConf=0.35750000000000004)","timestamp":"2026-09-11T12:00:05.219Z"}
{"level":"warn","message":"TON/USDC: candle series stale (newest bar 73.5d old) — skipping cycle","timestamp":"2026-09-11T12:00:05.256Z"}
{"level":"debug","message":"[CYCLE] ENA/USDC: starting cycle, candles=1536 lastClose=0.14280000 lastTs=2026-09-11T12:00:00.000Z","timestamp":"2026-09-11T12:00:05.273Z"}
{"level":"debug","message":"[AGG] ENA/USDC: strategy[0]=RSI → HOLD conf=0.20 \"RSI 40.7 neutral\"","timestamp":"2026-09-11T12:00:05.287Z"}
{"level":"debug","message":"[AGG] ENA/USDC: strategy[1]=BollingerBands → HOLD conf=0.20 \"Price 0.1428 inside BB [0.1405–0.1801]\"","timestamp":"2026-09-11T12:00:05.287Z"}
{"level":"debug","message":"[AGG] ENA/USDC: strategy[2]=CCI → BUY conf=0.78 \"CCI -145.9 oversold ↑ reversal confirmed\"","timestamp":"2026-09-11T12:00:05.287Z"}
{"level":"debug","message":"[AGG] ENA/USDC: votes BUY=0.78 SELL=0.00 HOLD=0.40 total_voters=3 external=0","timestamp":"2026-09-11T12:00:05.287Z"}
{"level":"debug","message":"[AGG] ENA/USDC: decision=HOLD confidence=0.26 tie=false belowMin=true (minConf=0.35750000000000004)","timestamp":"2026-09-11T12:00:05.287Z"}
{"level":"debug","message":"[CYCLE] APT/USDC: starting cycle, candles=1536 lastClose=0.60100000 lastTs=2026-09-11T12:00:00.000Z","timestamp":"2026-09-11T12:00:05.314Z"}
{"level":"debug","message":"[AGG] APT/USDC: strategy[0]=BollingerBands → HOLD conf=0.20 \"Price 0.6010 inside BB [0.5559–0.6688]\"","timestamp":"2026-09-11T12:00:05.331Z"}
{"level":"debug","message":"[AGG] APT/USDC: strategy[1]=Stochastic → HOLD conf=0.20 \"Stoch K=27.6 D=45.1 — no crossover in extreme zone\"","timestamp":"2026-09-11T12:00:05.331Z"}
{"level":"debug","message":"[AGG] APT/USDC: strategy[2]=MFI → HOLD conf=0.20 \"MFI 49.7 neutral\"","timestamp":"2026-09-11T12:00:05.331Z"}
{"level":"debug","message":"[AGG] APT/USDC: votes BUY=0.00 SELL=0.00 HOLD=0.60 total_voters=3 external=0","timestamp":"2026-09-11T12:00:05.331Z"}
{"level":"debug","message":"[AGG] APT/USDC: decision=HOLD confidence=0.20 tie=false belowMin=true (minConf=0.35750000000000004)","timestamp":"2026-09-11T12:00:05.331Z"}
{"level":"debug","message":"[CYCLE] LINK/USDC: sizing positionPct=0.1077 (base=0.15 atr=0.04557640750670242 regime=on conf=0.17 macro=bull mtf=1.0)","timestamp":"2026-09-11T12:00:05.356Z"}
{"level":"info","message":"LINK/USDC: decision=HOLD confidence=17% price=11.39100000 external_signals=0","timestamp":"2026-09-11T12:00:05.356Z"}
{"level":"info","message":"LINK/USDC: Price 11.3950 inside BB [10.6929–13.2032] | Stoch K=4.0 D=9.3 — no crossover in extreme zone | Supertrend downtrend continues (ST 12.9304)","timestamp":"2026-09-11T12:00:05.356Z"}
{"level":"debug","message":"[CYCLE] LDO/USDC: starting cycle, candles=1536 lastClose=0.36480000 lastTs=2026-09-11T12:00:00.000Z","timestamp":"2026-09-11T12:00:05.397Z"}
{"level":"debug","message":"[AGG] LDO/USDC: strategy[0]=MACD → HOLD conf=0.20 \"MACD 0.0024 vs signal 0.0073 hist:-0.0049\"","timestamp":"2026-09-11T12:00:05.403Z"}
{"level":"debug","message":"[AGG] LDO/USDC: strategy[1]=ADX → BUY conf=0.57 \"ADX 34.2 uptrend (+DI 19.7 > -DI 16.9)\"","timestamp":"2026-09-11T12:00:05.403Z"}
{"level":"debug","message":"[AGG] LDO/USDC: strategy[2]=WilliamsR → HOLD conf=0.58 \"%R -96.1 oversold — still falling, wait\"","timestamp":"2026-09-11T12:00:05.403Z"}
{"level":"debug","message":"[AGG] LDO/USDC: votes BUY=0.57 SELL=0.00 HOLD=0.78 total_voters=3 external=0","timestamp":"2026-09-11T12:00:05.403Z"}
{"level":"debug","message":"[AGG] LDO/USDC: decision=HOLD confidence=0.26 tie=false belowMin=true (minConf=0.35750000000000004)","timestamp":"2026-09-11T12:00:05.403Z"}
{"level":"warn","message":"LSK/USDC: candle series stale (newest bar 91.5d old) — skipping cycle","timestamp":"2026-09-11T12:00:05.416Z"}
{"level":"debug","message":"[CYCLE] BNB/USDC: sizing positionPct=0.2553 (base=0.15 atr=0.04557640750670242 regime=on conf=0.21 macro=bull mtf=1.0)","timestamp":"2026-09-11T12:00:05.541Z"}
{"level":"info","message":"BNB/USDC: decision=HOLD confidence=21% price=713.04000000 external_signals=0","timestamp":"2026-09-11T12:00:05.541Z"}
{"level":"info","message":"BNB/USDC: %R -87.7 oversold ↑ reversal confirmed | HA bearish continuation | Resistance 718.9950 (2×)","timestamp":"2026-09-11T12:00:05.541Z"}
{"level":"warn","message":"VANRY/USDC: candle series stale (newest bar 25.5d old) — skipping cycle","timestamp":"2026-09-11T12:00:05.580Z"}
{"level":"debug","message":"[CYCLE] JUP/USDC: starting cycle, candles=1536 lastClose=0.23220000 lastTs=2026-09-11T12:00:00.000Z","timestamp":"2026-09-11T12:00:05.621Z"}
{"level":"debug","message":"[AGG] JUP/USDC: strategy[0]=BollingerBands → HOLD conf=0.20 \"Price 0.2326 inside BB [0.1994–0.2701]\"","timestamp":"2026-09-11T12:00:05.645Z"}
{"level":"debug","message":"[AGG] JUP/USDC: strategy[1]=CCI → HOLD conf=0.20 \"CCI -12.7 neutral\"","timestamp":"2026-09-11T12:00:05.645Z"}
{"level":"debug","message":"[AGG] JUP/USDC: strategy[2]=OBV → HOLD conf=0.20 \"OBV above EMA-20 — no cross\"","timestamp":"2026-09-11T12:00:05.645Z"}
{"level":"debug","message":"[AGG] JUP/USDC: votes BUY=0.00 SELL=0.00 HOLD=0.60 total_voters=3 external=0","timestamp":"2026-09-11T12:00:05.645Z"}
{"level":"debug","message":"[AGG] JUP/USDC: decision=HOLD confidence=0.20 tie=false belowMin=true (minConf=0.35750000000000004)","timestamp":"2026-09-11T12:00:05.645Z"}
{"level":"debug","message":"[CYCLE] ENS/USDC: starting cycle, candles=1536 lastClose=5.52000000 lastTs=2026-09-11T12:00:00.000Z","timestamp":"2026-09-11T12:00:05.658Z"}
{"level":"debug","message":"[AGG] ENS/USDC: strategy[0]=BollingerBands → HOLD conf=0.20 \"Price 5.5200 inside BB [5.3081–6.3659]\"","timestamp":"2026-09-11T12:00:05.662Z"}
{"level":"debug","message":"[AGG] ENS/USDC: strategy[1]=PSAR → HOLD conf=0.10 \"PSAR downtrend continues (SAR 6.4996)\"","timestamp":"2026-09-11T12:00:05.662Z"}
{"level":"debug","message":"[AGG] ENS/USDC: strategy[2]=SupportResistance → HOLD conf=0.10 \"No significant S/R zone nearby\"","timestamp":"2026-09-11T12:00:05.662Z"}
{"level":"debug","message":"[AGG] ENS/USDC: votes BUY=0.00 SELL=0.00 HOLD=0.40 total_voters=3 external=0","timestamp":"2026-09-11T12:00:05.662Z"}
{"level":"debug","message":"[AGG] ENS/USDC: decision=HOLD confidence=0.13 tie=false belowMin=true (minConf=0.35750000000000004)","timestamp":"2026-09-11T12:00:05.662Z"}
{"level":"debug","message":"[CYCLE] ETH/USDC: starting cycle, candles=1536 lastClose=2456.49000000 lastTs=2026-09-11T12:00:00.000Z","timestamp":"2026-09-11T12:00:05.696Z"}
{"level":"debug","message":"[AGG] ETH/USDC: strategy[0]=Supertrend → HOLD conf=0.10 \"Supertrend uptrend continues (ST 2329.1559)\"","timestamp":"2026-09-11T12:00:05.700Z"}
{"level":"debug","message":"[AGG] ETH/USDC: strategy[1]=MFI → HOLD conf=0.20 \"MFI 23.1 neutral\"","timestamp":"2026-09-11T12:00:05.700Z"}
{"level":"debug","message":"[AGG] ETH/USDC: strategy[2]=SupportResistance → HOLD conf=0.10 \"No significant S/R zone nearby\"","timestamp":"2026-09-11T12:00:05.700Z"}
{"level":"debug","message":"[AGG] ETH/USDC: votes BUY=0.00 SELL=0.00 HOLD=0.40 total_voters=3 external=0","timestamp":"2026-09-11T12:00:05.700Z"}
{"level":"debug","message":"[AGG] ETH/USDC: decision=HOLD confidence=0.13 tie=false belowMin=true (minConf=0.35750000000000004)","timestamp":"2026-09-11T12:00:05.700Z"}
{"level":"debug","message":"[CYCLE] LTC/USDC: sizing positionPct=0.1749 (base=0.15 atr=0.04557640750670242 regime=on conf=0.20 macro=bull mtf=1.0)","timestamp":"2026-09-11T12:00:05.733Z"}
{"level":"info","message":"LTC/USDC: decision=HOLD confidence=20% price=52.37000000 external_signals=0","timestamp":"2026-09-11T12:00:05.733Z"}
{"level":"info","message":"LTC/USDC: Price 52.3700 inside BB [48.5639–56.9201] | No EMA crossover (fast 53.0945 vs slow 52.2393) | %R -73.3 neutral","timestamp":"2026-09-11T12:00:05.734Z"}
{"level":"debug","message":"[CYCLE] RENDER/USDC: starting cycle, candles=1536 lastClose=1.36800000 lastTs=2026-09-11T12:00:00.000Z","timestamp":"2026-09-11T12:00:05.737Z"}
{"level":"debug","message":"[AGG] RENDER/USDC: strategy[0]=EMA → SELL conf=0.80 \"EMA12 crossed below EMA26 — both falling ↓\"","timestamp":"2026-09-11T12:00:05.740Z"}
{"level":"debug","message":"[AGG] RENDER/USDC: strategy[1]=OBV → HOLD conf=0.20 \"OBV below EMA-20 — no cross\"","timestamp":"2026-09-11T12:00:05.740Z"}
{"level":"debug","message":"[AGG] RENDER/USDC: strategy[2]=WilliamsR → HOLD conf=0.58 \"%R -95.9 oversold — still falling, wait\"","timestamp":"2026-09-11T12:00:05.740Z"}
{"level":"debug","message":"[AGG] RENDER/USDC: votes BUY=0.00 SELL=0.80 HOLD=0.78 total_voters=3 external=0","timestamp":"2026-09-11T12:00:05.740Z"}
{"level":"debug","message":"[AGG] RENDER/USDC: decision=HOLD confidence=0.27 tie=false belowMin=true (minConf=0.35750000000000004)","timestamp":"2026-09-11T12:00:05.740Z"}
{"level":"debug","message":"[CYCLE] CRV/USDC: starting cycle, candles=1536 lastClose=0.33670000 lastTs=2026-09-11T12:00:00.000Z","timestamp":"2026-09-11T12:00:05.751Z"}
{"level":"debug","message":"[AGG] CRV/USDC: strategy[0]=ADX → BUY conf=0.51 \"ADX 29.4 uptrend (+DI 19.3 > -DI 17.4)\"","timestamp":"2026-09-11T12:00:05.757Z"}
{"level":"debug","message":"[AGG] CRV/USDC: strategy[1]=StochRSI → BUY conf=0.90 \"StochRSI K=2.5 crossed above D=0.8 in oversold ↑\"","timestamp":"2026-09-11T12:00:05.757Z"}
{"level":"debug","message":"[AGG] CRV/USDC: strategy[2]=SupportResistance → HOLD conf=0.10 \"No significant S/R zone nearby\"","timestamp":"2026-09-11T12:00:05.757Z"}
{"level":"debug","message":"[AGG] CRV/USDC: votes BUY=1.41 SELL=0.00 HOLD=0.10 total_voters=3 external=0","timestamp":"2026-09-11T12:00:05.757Z"}
{"level":"debug","message":"[AGG] CRV/USDC: decision=BUY confidence=0.47 tie=false","timestamp":"2026-09-11T12:00:05.757Z"}
{"level":"debug","message":"[CYCLE] ICP/USDC: starting cycle, candles=1536 lastClose=2.74900000 lastTs=2026-09-11T12:00:00.000Z","timestamp":"2026-09-11T12:00:05.777Z"}
{"level":"debug","message":"[AGG] ICP/USDC: strategy[0]=RSI → HOLD conf=0.20 \"RSI 55.2 neutral\"","timestamp":"2026-09-11T12:00:05.784Z"}
{"level":"debug","message":"[AGG] ICP/USDC: strategy[1]=BollingerBands → HOLD conf=0.20 \"Price 2.7470 inside BB [2.3449–3.0543]\"","timestamp":"2026-09-11T12:00:05.784Z"}
{"level":"debug","message":"[AGG] ICP/USDC: strategy[2]=Stochastic → HOLD conf=0.20 \"Stoch K=48.3 D=51.3 — no crossover in extreme zone\"","timestamp":"2026-09-11T12:00:05.784Z"}
{"level":"debug","message":"[AGG] ICP/USDC: votes BUY=0.00 SELL=0.00 HOLD=0.60 total_voters=3 external=0","timestamp":"2026-09-11T12:00:05.784Z"}
{"level":"debug","message":"[AGG] ICP/USDC: decision=HOLD confidence=0.20 tie=false belowMin=true (minConf=0.35750000000000004)","timestamp":"2026-09-11T12:00:05.784Z"}
{"level":"debug","message":"[CYCLE] SUI/USDC: starting cycle, candles=1536 lastClose=0.71840000 lastTs=2026-09-11T12:00:00.000Z","timestamp":"2026-09-11T12:00:05.797Z"}
{"level":"debug","message":"[AGG] SUI/USDC: strategy[0]=RSI → HOLD conf=0.20 \"RSI 36.5 neutral\"","timestamp":"2026-09-11T12:00:05.804Z"}
{"level":"debug","message":"[AGG] SUI/USDC: strategy[1]=Stochastic → HOLD conf=0.20 \"Stoch K=7.1 D=10.3 — no crossover in extreme zone\"","timestamp":"2026-09-11T12:00:05.804Z"}
{"level":"debug","message":"[AGG] SUI/USDC: strategy[2]=MFI → HOLD conf=0.20 \"MFI 57.1 neutral\"","timestamp":"2026-09-11T12:00:05.804Z"}
{"level":"debug","message":"[AGG] SUI/USDC: votes BUY=0.00 SELL=0.00 HOLD=0.60 total_voters=3 external=0","timestamp":"2026-09-11T12:00:05.804Z"}
{"level":"debug","message":"[AGG] SUI/USDC: decision=HOLD confidence=0.20 tie=false belowMin=true (minConf=0.45499999999999996)","timestamp":"2026-09-11T12:00:05.804Z"}
{"level":"debug","message":"[CYCLE] ARB/USDC: starting cycle, candles=1536 lastClose=0.14020000 lastTs=2026-09-11T12:00:00.000Z","timestamp":"2026-09-11T12:00:05.842Z"}
{"level":"debug","message":"[AGG] ARB/USDC: strategy[0]=RSI → HOLD conf=0.20 \"RSI 50.5 neutral\"","timestamp":"2026-09-11T12:00:05.845Z"}
{"level":"debug","message":"[AGG] ARB/USDC: strategy[1]=WilliamsR → BUY conf=0.62 \"%R -84.8 oversold ↑ reversal confirmed\"","timestamp":"2026-09-11T12:00:05.845Z"}
{"level":"debug","message":"[AGG] ARB/USDC: strategy[2]=HeikinAshi → HOLD conf=0.15 \"HA bearish continuation\"","timestamp":"2026-09-11T12:00:05.845Z"}
{"level":"debug","message":"[AGG] ARB/USDC: votes BUY=0.62 SELL=0.00 HOLD=0.35 total_voters=3 external=0","timestamp":"2026-09-11T12:00:05.845Z"}
{"level":"debug","message":"[AGG] ARB/USDC: decision=HOLD confidence=0.21 tie=false belowMin=true (minConf=0.35750000000000004)","timestamp":"2026-09-11T12:00:05.845Z"}
{"level":"debug","message":"[CYCLE] NEAR/USDC: sizing positionPct=0.0918 (base=0.15 atr=0.04557640750670242 regime=on conf=0.17 macro=bull mtf=1.0)","timestamp":"2026-09-11T12:00:05.933Z"}
{"level":"info","message":"NEAR/USDC: decision=HOLD confidence=18% price=2.45700000 external_signals=0","timestamp":"2026-09-11T12:00:05.933Z"}
{"level":"info","message":"NEAR/USDC: RSI 63.4 neutral | Price 2.4570 inside BB [1.7765–2.6869] | Stoch K=73.9 D=71.3 — no crossover in extreme zone | No significant S/R zone nearby","timestamp":"2026-09-11T12:00:05.933Z"}
{"level":"debug","message":"[CYCLE] TRX/USDC: sizing positionPct=0.2820 (base=0.15 atr=0.04557640750670242 regime=on conf=0.20 macro=bull mtf=1.0)","timestamp":"2026-09-11T12:00:06.132Z"}
{"level":"info","message":"TRX/USDC: decision=HOLD confidence=20% price=0.33640000 external_signals=0","timestamp":"2026-09-11T12:00:06.132Z"}
{"level":"info","message":"TRX/USDC: CCI 65.1 neutral | Stoch K=65.2 D=84.4 — no crossover in extreme zone | StochRSI K=28.9 D=74.2 — no extreme crossover","timestamp":"2026-09-11T12:00:06.133Z"}
{"level":"debug","message":"[CYCLE] THETA/USDC: starting cycle, candles=1054 lastClose=0.19260000 lastTs=2026-09-11T12:00:00.000Z","timestamp":"2026-09-11T12:00:06.136Z"}
{"level":"debug","message":"[AGG] THETA/USDC: strategy[0]=RSI → HOLD conf=0.20 \"RSI 62.9 neutral\"","timestamp":"2026-09-11T12:00:06.140Z"}
{"level":"debug","message":"[AGG] THETA/USDC: strategy[1]=CCI → HOLD conf=0.57 \"CCI 117.7 overbought — still rising, wait\"","timestamp":"2026-09-11T12:00:06.140Z"}
{"level":"debug","message":"[AGG] THETA/USDC: strategy[2]=OBV → BUY conf=0.58 \"OBV crossed above EMA-20 — volume buyers in control\"","timestamp":"2026-09-11T12:00:06.140Z"}
{"level":"debug","message":"[AGG] THETA/USDC: votes BUY=0.58 SELL=0.00 HOLD=0.77 total_voters=3 external=0","timestamp":"2026-09-11T12:00:06.140Z"}
{"level":"debug","message":"[AGG] THETA/USDC: decision=HOLD confidence=0.26 tie=false belowMin=true (minConf=0.35750000000000004)","timestamp":"2026-09-11T12:00:06.140Z"}
{"level":"debug","message":"[CYCLE] BCH/USDC: sizing positionPct=0.1806 (base=0.15 atr=0.04557640750670242 regime=on conf=0.43 macro=bull mtf=1.0)","timestamp":"2026-09-11T12:00:06.333Z"}
{"level":"info","message":"BCH/USDC: decision=HOLD confidence=43% price=225.10000000 external_signals=0","timestamp":"2026-09-11T12:00:06.333Z"}
{"level":"info","message":"BCH/USDC: Price 225.1000 ≤ lower BB 230.1487 (bw 16.4%) | OBV below EMA-20 — no cross | %R -94.9 oversold ↑ reversal confirmed","timestamp":"2026-09-11T12:00:06.333Z"}
{"level":"debug","message":"[CYCLE] ACH/USDC: sizing positionPct=0.1802 (base=0.15 atr=0.04557640750670242 regime=on conf=0.36 macro=bull mtf=1.0)","timestamp":"2026-09-11T12:00:06.532Z"}
{"level":"info","message":"ACH/USDC: decision=HOLD confidence=36% price=0.00483000 external_signals=0","timestamp":"2026-09-11T12:00:06.532Z"}
{"level":"info","message":"ACH/USDC: RSI 38.6 neutral | Price 0.0048 inside BB [0.0048–0.0056] | CCI -143.9 oversold — still falling, wait","timestamp":"2026-09-11T12:00:06.532Z"}
{"level":"debug","message":"[CYCLE] JTO/USDC: sizing positionPct=0.0782 (base=0.15 atr=0.04557640750670242 regime=on conf=0.13 macro=bull mtf=1.0)","timestamp":"2026-09-11T12:00:06.773Z"}
{"level":"info","message":"JTO/USDC: decision=HOLD confidence=13% price=0.41510000 external_signals=0","timestamp":"2026-09-11T12:00:06.774Z"}
{"level":"info","message":"JTO/USDC: CCI -73.1 neutral | PSAR downtrend continues (SAR 0.4819) | No significant S/R zone nearby","timestamp":"2026-09-11T12:00:06.774Z"}
{"level":"debug","message":"[CYCLE] MANTA/USDC: sizing positionPct=0.1921 (base=0.15 atr=0.04557640750670242 regime=on conf=0.20 macro=bull mtf=1.0)","timestamp":"2026-09-11T12:00:06.974Z"}
{"level":"info","message":"MANTA/USDC: decision=HOLD confidence=20% price=0.05796000 external_signals=0","timestamp":"2026-09-11T12:00:06.974Z"}
{"level":"info","message":"MANTA/USDC: RSI 42.0 neutral | Price 0.0580 inside BB [0.0560–0.0637] | CCI -69.2 neutral","timestamp":"2026-09-11T12:00:06.974Z"}
{"level":"debug","message":"[CYCLE] PAXG/USDC: sizing positionPct=0.2900 (base=0.15 atr=0.04557640750670242 regime=on conf=0.23 macro=bull mtf=1.0)","timestamp":"2026-09-11T12:00:07.174Z"}
{"level":"info","message":"PAXG/USDC: decision=HOLD confidence=23% price=4336.60000000 external_signals=0","timestamp":"2026-09-11T12:00:07.174Z"}
{"level":"info","message":"PAXG/USDC: MACD -30.5580 vs signal -23.8660 hist:-6.6920 | ADX 28.1 downtrend (-DI 31.3 > +DI 13.7) | Supertrend uptrend continues (ST 4313.8820)","timestamp":"2026-09-11T12:00:07.174Z"}
{"level":"debug","message":"[CYCLE] PIXEL/USDC: sizing positionPct=0.1319 (base=0.15 atr=0.04557640750670242 regime=on conf=0.20 macro=bull mtf=1.0)","timestamp":"2026-09-11T12:00:07.368Z"}
{"level":"info","message":"PIXEL/USDC: decision=HOLD confidence=20% price=0.00453000 external_signals=0","timestamp":"2026-09-11T12:00:07.369Z"}
{"level":"info","message":"PIXEL/USDC: No EMA crossover (fast 0.0049 vs slow 0.0050) | ADX 20.3 downtrend (-DI 30.3 > +DI 15.2) | Support 0.0045 (2×)","timestamp":"2026-09-11T12:00:07.369Z"}
{"level":"debug","message":"[CYCLE] TIA/USDC: sizing positionPct=0.0943 (base=0.15 atr=0.04557640750670242 regime=on conf=0.18 macro=bull mtf=1.0)","timestamp":"2026-09-11T12:00:07.575Z"}
{"level":"info","message":"TIA/USDC: decision=HOLD confidence=18% price=0.36250000 external_signals=0","timestamp":"2026-09-11T12:00:07.576Z"}
{"level":"info","message":"TIA/USDC: CCI -50.2 neutral | MACD 0.0075 vs signal 0.0126 hist:-0.0051 | HA bearish continuation","timestamp":"2026-09-11T12:00:07.576Z"}
{"level":"info","message":"SOL/USDC: BUY suppressed — 4h momentum bearish (score=35% < 45% required)","timestamp":"2026-09-11T12:00:07.772Z"}
{"level":"debug","message":"[CYCLE] SOL/USDC: sizing positionPct=0.3157 (base=0.15 atr=0.04557640750670242 regime=on conf=0.46 macro=bull mtf=1.0)","timestamp":"2026-09-11T12:00:07.775Z"}
{"level":"info","message":"SOL/USDC: trade blocked - 4h momentum bearish (score=35% < 45% required)","timestamp":"2026-09-11T12:00:07.775Z"}
{"level":"info","message":"SOL/USDC: decision=BUY confidence=46% price=99.44000000 external_signals=0","timestamp":"2026-09-11T12:00:07.775Z"}
{"level":"info","message":"SOL/USDC: Price 99.4600 inside BB [97.7048–107.0562] | %R -88.3 oversold ↑ reversal confirmed | StochRSI K=10.6 crossed above D=3.5 in oversold ↑","timestamp":"2026-09-11T12:00:07.775Z"}
{"level":"debug","message":"[CYCLE] AVAX/USDC: sizing positionPct=0.2026 (base=0.15 atr=0.04557640750670242 regime=on conf=0.17 macro=bull mtf=1.0)","timestamp":"2026-09-11T12:00:07.973Z"}
{"level":"info","message":"AVAX/USDC: decision=HOLD confidence=17% price=7.35700000 external_signals=0","timestamp":"2026-09-11T12:00:07.973Z"}
{"level":"info","message":"AVAX/USDC: RSI 42.9 neutral | MACD 0.0970 vs signal 0.1513 hist:-0.0543 | PSAR downtrend continues (SAR 8.1834)","timestamp":"2026-09-11T12:00:07.973Z"}
{"level":"debug","message":"[CYCLE] ADA/USDC: sizing positionPct=0.1531 (base=0.15 atr=0.04557640750670242 regime=on conf=0.20 macro=bull mtf=1.0)","timestamp":"2026-09-11T12:00:08.173Z"}
{"level":"info","message":"ADA/USDC: decision=HOLD confidence=20% price=0.20230000 external_signals=0","timestamp":"2026-09-11T12:00:08.174Z"}
{"level":"info","message":"ADA/USDC: RSI 41.4 neutral | Price 0.2024 inside BB [0.1955–0.2303] | CCI -79.8 neutral","timestamp":"2026-09-11T12:00:08.174Z"}
{"level":"debug","message":"[CYCLE] BTC/USDC: sizing positionPct=0.2700 (base=0.15 atr=0.04557640750670242 regime=on conf=0.15 macro=bull mtf=1.0)","timestamp":"2026-09-11T12:00:08.374Z"}
{"level":"info","message":"BTC/USDC: decision=HOLD confidence=15% price=77003.98000000 external_signals=0","timestamp":"2026-09-11T12:00:08.374Z"}
{"level":"info","message":"BTC/USDC: No EMA crossover (fast 78251.2420 vs slow 78072.4983) | PSAR downtrend continues (SAR 82182.7760) | HA bearish continuation","timestamp":"2026-09-11T12:00:08.374Z"}
{"level":"info","message":"XRP/USDC: live balance=133.59 pnl=-0.87 open_positions=2 daily_pnl=0.00 blocked=false","timestamp":"2026-09-11T12:00:08.573Z"}
{"level":"debug","message":"[CYCLE] DOGE/USDC: sizing positionPct=0.1583 (base=0.15 atr=0.04557640750670242 regime=on conf=0.15 macro=bull mtf=1.0)","timestamp":"2026-09-11T12:00:08.772Z"}
{"level":"info","message":"DOGE/USDC: decision=HOLD confidence=15% price=0.08366000 external_signals=0","timestamp":"2026-09-11T12:00:08.772Z"}
{"level":"info","message":"DOGE/USDC: No EMA crossover (fast 0.0866 vs slow 0.0862) | PSAR downtrend continues (SAR 0.0943) | HA bearish continuation","timestamp":"2026-09-11T12:00:08.772Z"}
{"level":"debug","message":"[CYCLE] INJ/USDC: sizing positionPct=0.1154 (base=0.15 atr=0.04557640750670242 regime=on conf=0.21 macro=bull mtf=1.0)","timestamp":"2026-09-11T12:00:08.974Z"}
{"level":"info","message":"INJ/USDC: decision=HOLD confidence=21% price=5.83100000 external_signals=0","timestamp":"2026-09-11T12:00:08.975Z"}
{"level":"info","message":"INJ/USDC: ADX 30.4 uptrend (+DI 28.8 > -DI 15.4) | OBV crossed below EMA-20 — volume sellers in control | StochRSI K=41.7 D=50.7 — no extreme crossover","timestamp":"2026-09-11T12:00:08.975Z"}
{"level":"debug","message":"[CYCLE] WLD/USDC: sizing positionPct=0.0922 (base=0.15 atr=0.04557640750670242 regime=on conf=0.18 macro=bull mtf=1.0)","timestamp":"2026-09-11T12:00:09.171Z"}
{"level":"info","message":"WLD/USDC: decision=HOLD confidence=18% price=0.39660000 external_signals=0","timestamp":"2026-09-11T12:00:09.172Z"}
{"level":"info","message":"WLD/USDC: Price 0.3967 inside BB [0.3422–0.4763] | CCI -28.5 neutral | ADX 30.8 uptrend (+DI 25.8 > -DI 21.2)","timestamp":"2026-09-11T12:00:09.172Z"}
{"level":"debug","message":"[CYCLE] PEPE/USDC: sizing positionPct=0.1121 (base=0.15 atr=0.04557640750670242 regime=on conf=0.17 macro=bull mtf=1.0)","timestamp":"2026-09-11T12:00:09.376Z"}
{"level":"info","message":"PEPE/USDC: decision=HOLD confidence=17% price=0.00000325 external_signals=0","timestamp":"2026-09-11T12:00:09.376Z"}
{"level":"info","message":"PEPE/USDC: No EMA crossover (fast 0.0000 vs slow 0.0000) | Supertrend downtrend continues (ST 0.0000) | OBV below EMA-20 — no cross","timestamp":"2026-09-11T12:00:09.376Z"}
{"level":"debug","message":"[CYCLE] ENA/USDC: sizing positionPct=0.1107 (base=0.15 atr=0.04557640750670242 regime=on conf=0.26 macro=bull mtf=1.0)","timestamp":"2026-09-11T12:00:09.572Z"}
{"level":"info","message":"ENA/USDC: decision=HOLD confidence=26% price=0.14280000 external_signals=0","timestamp":"2026-09-11T12:00:09.572Z"}
{"level":"info","message":"ENA/USDC: RSI 40.7 neutral | Price 0.1428 inside BB [0.1405–0.1801] | CCI -145.9 oversold ↑ reversal confirmed","timestamp":"2026-09-11T12:00:09.573Z"}
{"level":"debug","message":"[CYCLE] APT/USDC: sizing positionPct=0.1158 (base=0.15 atr=0.04557640750670242 regime=on conf=0.20 macro=bull mtf=1.0)","timestamp":"2026-09-11T12:00:09.776Z"}
{"level":"info","message":"APT/USDC: decision=HOLD confidence=20% price=0.60100000 external_signals=0","timestamp":"2026-09-11T12:00:09.776Z"}
{"level":"info","message":"APT/USDC: Price 0.6010 inside BB [0.5559–0.6688] | Stoch K=27.6 D=45.1 — no crossover in extreme zone | MFI 49.7 neutral","timestamp":"2026-09-11T12:00:09.777Z"}
{"level":"info","message":"LINK/USDC: live balance=133.59 pnl=-0.87 open_positions=2 daily_pnl=0.00 blocked=false","timestamp":"2026-09-11T12:00:09.973Z"}
{"level":"debug","message":"[CYCLE] LDO/USDC: sizing positionPct=0.1380 (base=0.15 atr=0.04557640750670242 regime=on conf=0.26 macro=bull mtf=1.0)","timestamp":"2026-09-11T12:00:10.171Z"}
{"level":"info","message":"LDO/USDC: decision=HOLD confidence=26% price=0.36480000 external_signals=0","timestamp":"2026-09-11T12:00:10.171Z"}
{"level":"info","message":"LDO/USDC: MACD 0.0024 vs signal 0.0073 hist:-0.0049 | ADX 34.2 uptrend (+DI 19.7 > -DI 16.9) | %R -96.1 oversold — still falling, wait","timestamp":"2026-09-11T12:00:10.171Z"}
{"level":"info","message":"BNB/USDC: live balance=133.59 pnl=-0.87 open_positions=2 daily_pnl=0.00 blocked=false","timestamp":"2026-09-11T12:00:10.372Z"}
{"level":"debug","message":"[CYCLE] JUP/USDC: sizing positionPct=0.0810 (base=0.15 atr=0.04557640750670242 regime=on conf=0.20 macro=bull mtf=1.0)","timestamp":"2026-09-11T12:00:10.573Z"}
{"level":"info","message":"JUP/USDC: decision=HOLD confidence=20% price=0.23220000 external_signals=0","timestamp":"2026-09-11T12:00:10.573Z"}
{"level":"info","message":"JUP/USDC: Price 0.2326 inside BB [0.1994–0.2701] | CCI -12.7 neutral | OBV above EMA-20 — no cross","timestamp":"2026-09-11T12:00:10.573Z"}
{"level":"debug","message":"[CYCLE] ENS/USDC: sizing positionPct=0.1207 (base=0.15 atr=0.04557640750670242 regime=on conf=0.13 macro=bull mtf=1.0)","timestamp":"2026-09-11T12:00:10.774Z"}
{"level":"info","message":"ENS/USDC: decision=HOLD confidence=13% price=5.52000000 external_signals=0","timestamp":"2026-09-11T12:00:10.774Z"}
{"level":"info","message":"ENS/USDC: Price 5.5200 inside BB [5.3081–6.3659] | PSAR downtrend continues (SAR 6.4996) | No significant S/R zone nearby","timestamp":"2026-09-11T12:00:10.774Z"}
{"level":"debug","message":"[CYCLE] ETH/USDC: sizing positionPct=0.2660 (base=0.15 atr=0.04557640750670242 regime=on conf=0.13 macro=bull mtf=1.0)","timestamp":"2026-09-11T12:00:10.973Z"}
{"level":"info","message":"ETH/USDC: decision=HOLD confidence=13% price=2456.49000000 external_signals=0","timestamp":"2026-09-11T12:00:10.973Z"}
{"level":"info","message":"ETH/USDC: Supertrend uptrend continues (ST 2329.1559) | MFI 23.1 neutral | No significant S/R zone nearby","timestamp":"2026-09-11T12:00:10.973Z"}
{"level":"info","message":"LTC/USDC: live balance=133.59 pnl=-0.87 open_positions=2 daily_pnl=0.00 blocked=false","timestamp":"2026-09-11T12:00:11.175Z"}
{"level":"debug","message":"[CYCLE] RENDER/USDC: sizing positionPct=0.1453 (base=0.15 atr=0.04557640750670242 regime=on conf=0.27 macro=bull mtf=1.0)","timestamp":"2026-09-11T12:00:11.377Z"}
{"level":"info","message":"RENDER/USDC: decision=HOLD confidence=27% price=1.36800000 external_signals=0","timestamp":"2026-09-11T12:00:11.377Z"}
{"level":"info","message":"RENDER/USDC: EMA12 crossed below EMA26 — both falling ↓ | OBV below EMA-20 — no cross | %R -95.9 oversold — still falling, wait","timestamp":"2026-09-11T12:00:11.377Z"}
{"level":"info","message":"CRV/USDC: BUY suppressed — 4h momentum bearish (score=32% < 45% required)","timestamp":"2026-09-11T12:00:11.572Z"}
{"level":"debug","message":"[CYCLE] CRV/USDC: sizing positionPct=0.1368 (base=0.15 atr=0.04557640750670242 regime=on conf=0.47 macro=bull mtf=1.0)","timestamp":"2026-09-11T12:00:11.574Z"}
{"level":"info","message":"CRV/USDC: trade blocked - 4h momentum bearish (score=32% < 45% required)","timestamp":"2026-09-11T12:00:11.574Z"}
{"level":"info","message":"CRV/USDC: decision=BUY confidence=47% price=0.33670000 external_signals=0","timestamp":"2026-09-11T12:00:11.574Z"}
{"level":"info","message":"CRV/USDC: ADX 29.4 uptrend (+DI 19.3 > -DI 17.4) | StochRSI K=2.5 crossed above D=0.8 in oversold ↑ | No significant S/R zone nearby","timestamp":"2026-09-11T12:00:11.574Z"}
{"level":"debug","message":"[CYCLE] ICP/USDC: sizing positionPct=0.0864 (base=0.15 atr=0.04557640750670242 regime=on conf=0.20 macro=bull mtf=1.0)","timestamp":"2026-09-11T12:00:11.777Z"}
{"level":"info","message":"ICP/USDC: decision=HOLD confidence=20% price=2.74900000 external_signals=0","timestamp":"2026-09-11T12:00:11.777Z"}
{"level":"info","message":"ICP/USDC: RSI 55.2 neutral | Price 2.7470 inside BB [2.3449–3.0543] | Stoch K=48.3 D=51.3 — no crossover in extreme zone","timestamp":"2026-09-11T12:00:11.777Z"}
{"level":"debug","message":"[CYCLE] SUI/USDC: sizing positionPct=0.1394 (base=0.15 atr=0.04557640750670242 regime=on conf=0.20 macro=bull mtf=1.0)","timestamp":"2026-09-11T12:00:11.972Z"}
{"level":"info","message":"SUI/USDC: decision=HOLD confidence=20% price=0.71840000 external_signals=0","timestamp":"2026-09-11T12:00:11.972Z"}
{"level":"info","message":"SUI/USDC: RSI 36.5 neutral | Stoch K=7.1 D=10.3 — no crossover in extreme zone | MFI 57.1 neutral","timestamp":"2026-09-11T12:00:11.972Z"}
{"level":"debug","message":"[CYCLE] ARB/USDC: sizing positionPct=0.0709 (base=0.15 atr=0.04557640750670242 regime=on conf=0.21 macro=bull mtf=1.0)","timestamp":"2026-09-11T12:00:12.175Z"}
{"level":"info","message":"ARB/USDC: decision=HOLD confidence=21% price=0.14020000 external_signals=0","timestamp":"2026-09-11T12:00:12.175Z"}
{"level":"info","message":"ARB/USDC: RSI 50.5 neutral | %R -84.8 oversold ↑ reversal confirmed | HA bearish continuation","timestamp":"2026-09-11T12:00:12.175Z"}
{"level":"info","message":"NEAR/USDC: live balance=133.59 pnl=-0.87 open_positions=2 daily_pnl=0.00 blocked=false","timestamp":"2026-09-11T12:00:12.376Z"}
{"level":"info","message":"TRX/USDC: live balance=133.59 pnl=-0.87 open_positions=2 daily_pnl=0.00 blocked=false","timestamp":"2026-09-11T12:00:12.575Z"}
{"level":"debug","message":"[CYCLE] THETA/USDC: sizing positionPct=0.1679 (base=0.15 atr=0.04557640750670242 regime=on conf=0.26 macro=bull mtf=1.0)","timestamp":"2026-09-11T12:00:12.773Z"}
{"level":"info","message":"THETA/USDC: decision=HOLD confidence=26% price=0.19260000 external_signals=0","timestamp":"2026-09-11T12:00:12.773Z"}
{"level":"info","message":"THETA/USDC: RSI 62.9 neutral | CCI 117.7 overbought — still rising, wait | OBV crossed above EMA-20 — volume buyers in control","timestamp":"2026-09-11T12:00:12.773Z"}
{"level":"info","message":"BCH/USDC: live balance=133.59 pnl=-0.87 open_positions=2 daily_pnl=0.00 blocked=false","timestamp":"2026-09-11T12:00:12.975Z"}
{"level":"info","message":"ACH/USDC: live balance=133.59 pnl=-0.87 open_positions=2 daily_pnl=0.00 blocked=false","timestamp":"2026-09-11T12:00:13.175Z"}
{"level":"info","message":"JTO/USDC: live balance=133.59 pnl=-0.87 open_positions=2 daily_pnl=0.00 blocked=false","timestamp":"2026-09-11T12:00:13.380Z"}
{"level":"info","message":"MANTA/USDC: live balance=133.59 pnl=-0.87 open_positions=2 daily_pnl=0.00 blocked=false","timestamp":"2026-09-11T12:00:13.575Z"}
{"level":"info","message":"PAXG/USDC: live balance=133.59 pnl=-0.87 open_positions=2 daily_pnl=0.00 blocked=false","timestamp":"2026-09-11T12:00:13.765Z"}
{"level":"info","message":"PIXEL/USDC: live balance=133.59 pnl=-0.87 open_positions=2 daily_pnl=0.00 blocked=false","timestamp":"2026-09-11T12:00:13.972Z"}
{"level":"info","message":"TIA/USDC: live balance=133.59 pnl=-0.87 open_positions=2 daily_pnl=0.00 blocked=false","timestamp":"2026-09-11T12:00:14.178Z"}
{"level":"info","message":"SOL/USDC: live balance=133.59 pnl=-0.87 open_positions=2 daily_pnl=0.00 blocked=false","timestamp":"2026-09-11T12:00:14.372Z"}
{"level":"info","message":"AVAX/USDC: live balance=133.59 pnl=-0.87 open_positions=2 daily_pnl=0.00 blocked=false","timestamp":"2026-09-11T12:00:14.573Z"}
{"level":"info","message":"ADA/USDC: live balance=133.59 pnl=-0.87 open_positions=2 daily_pnl=0.00 blocked=false","timestamp":"2026-09-11T12:00:14.774Z"}
{"level":"info","message":"BTC/USDC: live balance=133.59 pnl=-0.87 open_positions=2 daily_pnl=0.00 blocked=false","timestamp":"2026-09-11T12:00:14.972Z"}
{"level":"info","message":"DOGE/USDC: live balance=133.59 pnl=-0.87 open_positions=2 daily_pnl=0.00 blocked=false","timestamp":"2026-09-11T12:00:15.372Z"}
{"level":"info","message":"INJ/USDC: live balance=133.59 pnl=-0.87 open_positions=2 daily_pnl=0.00 blocked=false","timestamp":"2026-09-11T12:00:15.576Z"}
{"level":"info","message":"WLD/USDC: live balance=133.59 pnl=-0.87 open_positions=2 daily_pnl=0.00 blocked=false","timestamp":"2026-09-11T12:00:15.773Z"}
{"level":"info","message":"PEPE/USDC: live balance=133.59 pnl=-0.87 open_positions=2 daily_pnl=0.00 blocked=false","timestamp":"2026-09-11T12:00:15.972Z"}
{"level":"info","message":"ENA/USDC: live balance=133.59 pnl=-0.87 open_positions=2 daily_pnl=0.00 blocked=false","timestamp":"2026-09-11T12:00:16.171Z"}
{"level":"info","message":"APT/USDC: live balance=133.59 pnl=-0.87 open_positions=2 daily_pnl=0.00 blocked=false","timestamp":"2026-09-11T12:00:16.372Z"}
{"level":"info","message":"LDO/USDC: live balance=133.59 pnl=-0.87 open_positions=2 daily_pnl=0.00 blocked=false","timestamp":"2026-09-11T12:00:16.572Z"}
{"level":"info","message":"JUP/USDC: live balance=133.59 pnl=-0.87 open_positions=2 daily_pnl=0.00 blocked=false","timestamp":"2026-09-11T12:00:16.805Z"}
{"level":"info","message":"ENS/USDC: live balance=133.59 pnl=-0.87 open_positions=2 daily_pnl=0.00 blocked=false","timestamp":"2026-09-11T12:00:16.971Z"}
{"level":"info","message":"ETH/USDC: live balance=133.59 pnl=-0.87 open_positions=2 daily_pnl=0.00 blocked=false","timestamp":"2026-09-11T12:00:17.172Z"}
{"level":"info","message":"RENDER/USDC: live balance=133.59 pnl=-0.87 open_positions=2 daily_pnl=0.00 blocked=false","timestamp":"2026-09-11T12:00:17.372Z"}
{"level":"info","message":"CRV/USDC: live balance=133.59 pnl=-0.87 open_positions=2 daily_pnl=0.00 blocked=false","timestamp":"2026-09-11T12:00:17.571Z"}
{"level":"info","message":"ICP/USDC: live balance=133.59 pnl=-0.87 open_positions=2 daily_pnl=0.00 blocked=false","timestamp":"2026-09-11T12:00:17.772Z"}
{"level":"info","message":"SUI/USDC: live balance=133.59 pnl=-0.87 open_positions=2 daily_pnl=0.00 blocked=false","timestamp":"2026-09-11T12:00:17.977Z"}
{"level":"info","message":"ARB/USDC: live balance=133.59 pnl=-0.87 open_positions=2 daily_pnl=0.00 blocked=false","timestamp":"2026-09-11T12:00:18.171Z"}
{"level":"info","message":"THETA/USDC: live balance=133.59 pnl=-0.87 open_positions=2 daily_pnl=0.00 blocked=false","timestamp":"2026-09-11T12:00:18.410Z"}
{"level":"info","message":"[TSM-CORE] rung 2@0.5 (HWM $243.85) · next de-risk at $320 HWM","timestamp":"2026-09-11T12:00:18.814Z"}
{"level":"info","message":"[TSM-CORE] BTC/USDC: votes 3/3 (enter ≥3, stay ≥2) · vol 43% → ×1.00 · macro risk-on","timestamp":"2026-09-11T12:00:19.067Z"}
{"level":"info","message":"[TSM-CORE] ETH/USDC: votes 3/3 (enter ≥3, stay ≥2) · vol 71% → ×0.84 · macro risk-on","timestamp":"2026-09-11T12:00:19.068Z"}
{"level":"info","message":"Next cycle aligned to candle close in 720 min (Sat, 12 Sep 2026 00:00:03 GMT)","timestamp":"2026-09-11T12:00:19.517Z"}
{"level":"debug","message":"[RISK-LOOP] checking 2 open position(s)","timestamp":"2026-09-11T12:01:30.916Z"}
{"level":"debug","message":"[RISK-LOOP] checking 2 open position(s)","timestamp":"2026-09-11T12:03:30.917Z"}
{"level":"debug","message":"[RISK-LOOP] checking 2 open position(s)","timestamp":"2026-09-11T12:05:31.048Z"}
{"level":"debug","message":"[RISK-LOOP] checking 2 open position(s)","timestamp":"2026-09-11T12:07:30.919Z"}
{"level":"info","message":"[MTF-CACHE] 15m refresh complete: 37/37 symbols","timestamp":"2026-09-11T12:08:50.532Z"}
{"level":"debug","message":"[RISK-LOOP] checking 2 open position(s)","timestamp":"2026-09-11T12:09:30.920Z"}
{"level":"debug","message":"[RISK-LOOP] checking 2 open position(s)","timestamp":"2026-09-11T12:11:30.920Z"}
{"level":"debug","message":"[RISK-LOOP] checking 2 open position(s)","timestamp":"2026-09-11T12:13:30.919Z"}
{"level":"debug","message":"[RISK-LOOP] checking 2 open position(s)","timestamp":"2026-09-11T12:15:30.921Z"}
{"level":"debug","message":"[RISK-LOOP] checking 2 open position(s)","timestamp":"2026-09-11T12:17:30.921Z"}
{"level":"debug","message":"[RISK-LOOP] checking 2 open position(s)","timestamp":"2026-09-11T12:19:30.923Z"}
{"level":"debug","message":"[RISK-LOOP] checking 2 open position(s)","timestamp":"2026-09-11T12:21:30.927Z"}
{"level":"debug","message":"[RISK-LOOP] checking 2 open position(s)","timestamp":"2026-09-11T12:23:30.922Z"}
{"level":"info","message":"[MTF-CACHE] 15m refresh complete: 37/37 symbols","timestamp":"2026-09-11T12:23:49.561Z"}
{"level":"debug","message":"[RISK-LOOP] checking 2 open position(s)","timestamp":"2026-09-11T12:25:30.926Z"}
{"level":"debug","message":"[RISK-LOOP] checking 2 open position(s)","timestamp":"2026-09-11T12:27:30.926Z"}
{"level":"debug","message":"[RISK-LOOP] checking 2 open position(s)","timestamp":"2026-09-11T12:29:30.928Z"}
{"level":"debug","message":"[RISK-LOOP] checking 2 open position(s)","timestamp":"2026-09-11T12:31:30.926Z"}
{"level":"debug","message":"[RISK-LOOP] checking 2 open position(s)","timestamp":"2026-09-11T12:33:30.926Z"}
{"level":"debug","message":"[RISK-LOOP] checking 2 open position(s)","timestamp":"2026-09-11T12:35:30.926Z"}
{"level":"debug","message":"[RISK-LOOP] checking 2 open position(s)","timestamp":"2026-09-11T12:37:30.927Z"}
{"level":"info","message":"[MTF-CACHE] 15m refresh complete: 37/37 symbols","timestamp":"2026-09-11T12:38:49.557Z"}
{"level":"debug","message":"[RISK-LOOP] checking 2 open position(s)","timestamp":"2026-09-11T12:39:30.927Z"}
{"level":"debug","message":"[RISK-LOOP] checking 2 open position(s)","timestamp":"2026-09-11T12:41:30.922Z"}
{"level":"debug","message":"[RISK-LOOP] checking 2 open position(s)","timestamp":"2026-09-11T12:43:30.981Z"}
{"level":"debug","message":"[RISK-LOOP] checking 2 open position(s)","timestamp":"2026-09-11T12:45:30.934Z"}
{"level":"debug","message":"[RISK-LOOP] checking 2 open position(s)","timestamp":"2026-09-11T12:47:31.004Z"}
{"level":"debug","message":"[RISK-LOOP] checking 2 open position(s)","timestamp":"2026-09-11T12:49:31.075Z"}
{"level":"debug","message":"[RISK-LOOP] checking 2 open position(s)","timestamp":"2026-09-11T12:51:31.134Z"}
{"level":"debug","message":"[RISK-LOOP] checking 2 open position(s)","timestamp":"2026-09-11T12:53:31.019Z"}
{"level":"info","message":"[MTF-CACHE] 15m refresh complete: 37/37 symbols","timestamp":"2026-09-11T12:53:49.556Z"}
{"level":"debug","message":"[RISK-LOOP] checking 2 open position(s)","timestamp":"2026-09-11T12:55:31.109Z"}
{"level":"debug","message":"[RISK-LOOP] checking 2 open position(s)","timestamp":"2026-09-11T12:57:31.103Z"}
{"level":"debug","message":"[RISK-LOOP] checking 2 open position(s)","timestamp":"2026-09-11T12:59:31.121Z"}
{"level":"debug","message":"[RISK-LOOP] checking 2 open position(s)","timestamp":"2026-09-11T13:01:30.930Z"}
{"level":"debug","message":"[RISK-LOOP] checking 2 open position(s)","timestamp":"2026-09-11T13:03:30.931Z"}
{"level":"debug","message":"[RISK-LOOP] checking 2 open position(s)","timestamp":"2026-09-11T13:05:30.932Z"}
{"level":"debug","message":"[RISK-LOOP] checking 2 open position(s)","timestamp":"2026-09-11T13:07:30.937Z"}
{"level":"info","message":"[MTF-CACHE] 15m refresh complete: 37/37 symbols","timestamp":"2026-09-11T13:08:49.419Z"}
{"level":"debug","message":"[RISK-LOOP] checking 2 open position(s)","timestamp":"2026-09-11T13:09:30.944Z"}
{"level":"debug","message":"[RISK-LOOP] checking 2 open position(s)","timestamp":"2026-09-11T13:11:30.947Z"}
{"level":"debug","message":"[RISK-LOOP] checking 2 open position(s)","timestamp":"2026-09-11T13:13:30.947Z"}
{"level":"debug","message":"[RISK-LOOP] checking 2 open position(s)","timestamp":"2026-09-11T13:15:30.948Z"}
{"level":"debug","message":"[RISK-LOOP] checking 2 open position(s)","timestamp":"2026-09-11T13:17:30.952Z"}
{"level":"debug","message":"[RISK-LOOP] checking 2 open position(s)","timestamp":"2026-09-11T13:19:30.956Z"}
{"level":"debug","message":"[RISK-LOOP] checking 2 open position(s)","timestamp":"2026-09-11T13:21:30.959Z"}
{"level":"debug","message":"[RISK-LOOP] checking 2 open position(s)","timestamp":"2026-09-11T13:23:30.961Z"}
{"level":"info","message":"[MTF-CACHE] 15m refresh complete: 37/37 symbols","timestamp":"2026-09-11T13:23:49.338Z"}
{"level":"debug","message":"[RISK-LOOP] checking 2 open position(s)","timestamp":"2026-09-11T13:25:30.968Z"}
{"level":"debug","message":"[RISK-LOOP] checking 2 open position(s)","timestamp":"2026-09-11T13:27:30.970Z"}
{"level":"debug","message":"[RISK-LOOP] checking 2 open position(s)","timestamp":"2026-09-11T13:29:30.971Z"}
{"level":"debug","message":"[RISK-LOOP] checking 2 open position(s)","timestamp":"2026-09-11T13:31:30.976Z"}
{"level":"debug","message":"[RISK-LOOP] checking 2 open position(s)","timestamp":"2026-09-11T13:33:30.976Z"}
{"level":"debug","message":"[RISK-LOOP] checking 2 open position(s)","timestamp":"2026-09-11T13:35:30.976Z"}
{"level":"debug","message":"[RISK-LOOP] checking 2 open position(s)","timestamp":"2026-09-11T13:37:30.980Z"}
{"level":"info","message":"[MTF-CACHE] 15m refresh complete: 37/37 symbols","timestamp":"2026-09-11T13:38:49.393Z"}
{"level":"debug","message":"[RISK-LOOP] checking 2 open position(s)","timestamp":"2026-09-11T13:39:30.979Z"}
{"level":"debug","message":"[RISK-LOOP] checking 2 open position(s)","timestamp":"2026-09-11T13:41:30.983Z"}
{"level":"debug","message":"[RISK-LOOP] checking 2 open position(s)","timestamp":"2026-09-11T13:43:30.986Z"}
{"level":"debug","message":"[RISK-LOOP] checking 2 open position(s)","timestamp":"2026-09-11T13:45:30.982Z"}
{"level":"debug","message":"[RISK-LOOP] checking 2 open position(s)","timestamp":"2026-09-11T13:47:30.988Z"}
{"level":"debug","message":"[RISK-LOOP] checking 2 open position(s)","timestamp":"2026-09-11T13:49:30.990Z"}
{"level":"debug","message":"[RISK-LOOP] checking 2 open position(s)","timestamp":"2026-09-11T13:51:30.995Z"}
{"level":"debug","message":"[RISK-LOOP] checking 2 open position(s)","timestamp":"2026-09-11T13:53:30.993Z"}
{"level":"info","message":"[MTF-CACHE] 15m refresh complete: 37/37 symbols","timestamp":"2026-09-11T13:53:49.363Z"}
{"level":"debug","message":"[RISK-LOOP] checking 2 open position(s)","timestamp":"2026-09-11T13:55:30.995Z"}
{"level":"debug","message":"[RISK-LOOP] checking 2 open position(s)","timestamp":"2026-09-11T13:57:30.995Z"}
{"level":"debug","message":"[RISK-LOOP] checking 2 open position(s)","timestamp":"2026-09-11T13:59:30.998Z"}
{"level":"debug","message":"[RISK-LOOP] checking 2 open position(s)","timestamp":"2026-09-11T14:01:30.998Z"}
{"level":"debug","message":"[RISK-LOOP] checking 2 open position(s)","timestamp":"2026-09-11T14:03:30.999Z"}
{"level":"debug","message":"[RISK-LOOP] checking 2 open position(s)","timestamp":"2026-09-11T14:05:31.006Z"}
{"level":"debug","message":"[RISK-LOOP] checking 2 open position(s)","timestamp":"2026-09-11T14:07:31.009Z"}
{"level":"info","message":"[MTF-CACHE] 15m refresh complete: 37/37 symbols","timestamp":"2026-09-11T14:08:49.401Z"}
{"level":"debug","message":"[RISK-LOOP] checking 2 open position(s)","timestamp":"2026-09-11T14:09:31.009Z"}
{"level":"debug","message":"[RISK-LOOP] checking 2 open position(s)","timestamp":"2026-09-11T14:11:31.013Z"}
{"level":"debug","message":"[RISK-LOOP] checking 2 open position(s)","timestamp":"2026-09-11T14:13:31.011Z"}
{"level":"debug","message":"[RISK-LOOP] checking 2 open position(s)","timestamp":"2026-09-11T14:15:31.012Z"}
{"level":"debug","message":"[RISK-LOOP] checking 2 open position(s)","timestamp":"2026-09-11T14:17:31.014Z"}
{"level":"debug","message":"[RISK-LOOP] checking 2 open position(s)","timestamp":"2026-09-11T14:19:31.020Z"}
{"level":"debug","message":"[RISK-LOOP] checking 2 open position(s)","timestamp":"2026-09-11T14:21:31.017Z"}
{"level":"debug","message":"[RISK-LOOP] checking 2 open position(s)","timestamp":"2026-09-11T14:23:31.023Z"}
{"level":"info","message":"[MTF-CACHE] 15m refresh complete: 37/37 symbols","timestamp":"2026-09-11T14:23:49.436Z"}
{"level":"debug","message":"[RISK-LOOP] checking 2 open position(s)","timestamp":"2026-09-11T14:25:31.024Z"}
{"level":"debug","message":"[RISK-LOOP] checking 2 open position(s)","timestamp":"2026-09-11T14:27:31.026Z"}
{"level":"debug","message":"[RISK-LOOP] checking 2 open position(s)","timestamp":"2026-09-11T14:29:31.026Z"}
{"level":"debug","message":"[RISK-LOOP] checking 2 open position(s)","timestamp":"2026-09-11T14:31:31.028Z"}
{"level":"debug","message":"[RISK-LOOP] checking 2 open position(s)","timestamp":"2026-09-11T14:33:31.030Z"}
{"level":"debug","message":"[RISK-LOOP] checking 2 open position(s)","timestamp":"2026-09-11T14:35:31.036Z"}
{"level":"debug","message":"[RISK-LOOP] checking 2 open position(s)","timestamp":"2026-09-11T14:37:31.031Z"}
{"level":"info","message":"[MTF-CACHE] 15m refresh complete: 37/37 symbols","timestamp":"2026-09-11T14:38:49.344Z"}
{"level":"debug","message":"[RISK-LOOP] checking 2 open position(s)","timestamp":"2026-09-11T14:39:31.037Z"}
{"level":"debug","message":"[RISK-LOOP] checking 2 open position(s)","timestamp":"2026-09-11T14:41:31.035Z"}
{"level":"debug","message":"[RISK-LOOP] checking 2 open position(s)","timestamp":"2026-09-11T14:43:31.034Z"}
{"level":"debug","message":"[RISK-LOOP] checking 2 open position(s)","timestamp":"2026-09-11T14:45:31.037Z"}
{"level":"debug","message":"[RISK-LOOP] checking 2 open position(s)","timestamp":"2026-09-11T14:47:31.037Z"}
{"level":"debug","message":"[RISK-LOOP] checking 2 open position(s)","timestamp":"2026-09-11T14:49:31.039Z"}
{"level":"debug","message":"[RISK-LOOP] checking 2 open position(s)","timestamp":"2026-09-11T14:51:31.038Z"}
{"level":"debug","message":"[RISK-LOOP] checking 2 open position(s)","timestamp":"2026-09-11T14:53:31.039Z"}
{"level":"info","message":"[MTF-CACHE] 15m refresh complete: 37/37 symbols","timestamp":"2026-09-11T14:53:49.582Z"}
{"level":"debug","message":"[RISK-LOOP] checking 2 open position(s)","timestamp":"2026-09-11T14:55:31.040Z"}
{"level":"debug","message":"[RISK-LOOP] checking 2 open position(s)","timestamp":"2026-09-11T14:57:31.041Z"}
{"level":"debug","message":"[RISK-LOOP] checking 2 open position(s)","timestamp":"2026-09-11T14:59:31.044Z"}
{"level":"debug","message":"[RISK-LOOP] checking 2 open position(s)","timestamp":"2026-09-11T15:01:31.041Z"}
{"level":"debug","message":"[RISK-LOOP] checking 2 open position(s)","timestamp":"2026-09-11T15:03:31.043Z"}
{"level":"debug","message":"[RISK-LOOP] checking 2 open position(s)","timestamp":"2026-09-11T15:05:31.047Z"}
{"level":"debug","message":"[RISK-LOOP] checking 2 open position(s)","timestamp":"2026-09-11T15:07:31.049Z"}
{"level":"info","message":"[MTF-CACHE] 15m refresh complete: 37/37 symbols","timestamp":"2026-09-11T15:08:50.072Z"}
{"level":"debug","message":"[RISK-LOOP] checking 2 open position(s)","timestamp":"2026-09-11T15:09:31.048Z"}
{"level":"debug","message":"[RISK-LOOP] checking 2 open position(s)","timestamp":"2026-09-11T15:11:31.048Z"}
{"level":"debug","message":"[RISK-LOOP] checking 2 open position(s)","timestamp":"2026-09-11T15:13:31.046Z"}
{"level":"debug","message":"[RISK-LOOP] checking 2 open position(s)","timestamp":"2026-09-11T15:15:31.049Z"}
{"level":"debug","message":"[RISK-LOOP] checking 2 open position(s)","timestamp":"2026-09-11T15:17:31.049Z"}
{"level":"debug","message":"[RISK-LOOP] checking 2 open position(s)","timestamp":"2026-09-11T15:19:31.050Z"}
{"level":"debug","message":"[RISK-LOOP] checking 2 open position(s)","timestamp":"2026-09-11T15:21:31.049Z"}
{"level":"debug","message":"[RISK-LOOP] checking 2 open position(s)","timestamp":"2026-09-11T15:23:31.048Z"}
{"level":"info","message":"[MTF-CACHE] 15m refresh complete: 37/37 symbols","timestamp":"2026-09-11T15:23:52.157Z"}
{"level":"info","message":"[MTF-CACHE] 4h refresh complete: 37/37 symbols","timestamp":"2026-09-11T15:23:55.961Z"}
{"level":"debug","message":"[RISK-LOOP] checking 2 open position(s)","timestamp":"2026-09-11T15:25:31.049Z"}
{"level":"debug","message":"[RISK-LOOP] checking 2 open position(s)","timestamp":"2026-09-11T15:27:31.047Z"}
{"level":"debug","message":"[RISK-LOOP] checking 2 open position(s)","timestamp":"2026-09-11T15:29:31.048Z"}
{"level":"debug","message":"[RISK-LOOP] checking 2 open position(s)","timestamp":"2026-09-11T15:31:31.051Z"}
{"level":"debug","message":"[RISK-LOOP] checking 2 open position(s)","timestamp":"2026-09-11T15:33:31.063Z"}
{"level":"debug","message":"[RISK-LOOP] checking 2 open position(s)","timestamp":"2026-09-11T15:35:31.045Z"}
{"level":"debug","message":"[RISK-LOOP] checking 2 open position(s)","timestamp":"2026-09-11T15:37:31.049Z"}
{"level":"info","message":"[MTF-CACHE] 15m refresh complete: 37/37 symbols","timestamp":"2026-09-11T15:38:49.405Z"}
{"level":"debug","message":"[RISK-LOOP] checking 2 open position(s)","timestamp":"2026-09-11T15:39:31.049Z"}
{"level":"debug","message":"[RISK-LOOP] checking 2 open position(s)","timestamp":"2026-09-11T15:41:31.081Z"}
{"level":"debug","message":"[RISK-LOOP] checking 2 open position(s)","timestamp":"2026-09-11T15:43:31.164Z"}
{"level":"debug","message":"[RISK-LOOP] checking 2 open position(s)","timestamp":"2026-09-11T15:45:31.216Z"}
{"level":"debug","message":"[RISK-LOOP] checking 2 open position(s)","timestamp":"2026-09-11T15:47:31.235Z"}
{"level":"debug","message":"[RISK-LOOP] checking 2 open position(s)","timestamp":"2026-09-11T15:49:31.235Z"}
{"level":"debug","message":"[RISK-LOOP] checking 2 open position(s)","timestamp":"2026-09-11T15:51:31.235Z"}
{"level":"debug","message":"[RISK-LOOP] checking 2 open position(s)","timestamp":"2026-09-11T15:53:31.233Z"}
{"level":"info","message":"[MTF-CACHE] 15m refresh complete: 37/37 symbols","timestamp":"2026-09-11T15:53:49.336Z"}
{"level":"debug","message":"[RISK-LOOP] checking 2 open position(s)","timestamp":"2026-09-11T15:55:31.059Z"}
{"level":"debug","message":"[RISK-LOOP] checking 2 open position(s)","timestamp":"2026-09-11T15:57:31.059Z"}
{"level":"debug","message":"[RISK-LOOP] checking 2 open position(s)","timestamp":"2026-09-11T15:59:31.059Z"}
{"level":"debug","message":"[RISK-LOOP] checking 2 open position(s)","timestamp":"2026-09-11T16:01:31.068Z"}
{"level":"debug","message":"[RISK-LOOP] checking 2 open position(s)","timestamp":"2026-09-11T16:03:31.063Z"}
{"level":"debug","message":"[RISK-LOOP] checking 2 open position(s)","timestamp":"2026-09-11T16:05:31.083Z"}
{"level":"debug","message":"[RISK-LOOP] checking 2 open position(s)","timestamp":"2026-09-11T16:07:31.079Z"}
{"level":"info","message":"[MTF-CACHE] 15m refresh complete: 37/37 symbols","timestamp":"2026-09-11T16:08:49.352Z"}
{"level":"debug","message":"[RISK-LOOP] checking 2 open position(s)","timestamp":"2026-09-11T16:09:31.071Z"}
{"level":"debug","message":"[RISK-LOOP] checking 2 open position(s)","timestamp":"2026-09-11T16:11:31.071Z"}
{"level":"debug","message":"[RISK-LOOP] checking 2 open position(s)","timestamp":"2026-09-11T16:13:31.073Z"}
{"level":"debug","message":"[RISK-LOOP] checking 2 open position(s)","timestamp":"2026-09-11T16:15:31.094Z"}
{"level":"debug","message":"[RISK-LOOP] checking 2 open position(s)","timestamp":"2026-09-11T16:17:31.074Z"}
{"level":"debug","message":"[RISK-LOOP] checking 2 open position(s)","timestamp":"2026-09-11T16:19:31.079Z"}
{"level":"debug","message":"[RISK-LOOP] checking 2 open position(s)","timestamp":"2026-09-11T16:21:31.083Z"}
{"level":"debug","message":"[RISK-LOOP] checking 2 open position(s)","timestamp":"2026-09-11T16:23:31.080Z"}
{"level":"info","message":"[MTF-CACHE] 15m refresh complete: 37/37 symbols","timestamp":"2026-09-11T16:23:49.601Z"}
{"level":"debug","message":"[RISK-LOOP] checking 2 open position(s)","timestamp":"2026-09-11T16:25:31.082Z"}
{"level":"debug","message":"[RISK-LOOP] checking 2 open position(s)","timestamp":"2026-09-11T16:27:31.082Z"}
{"level":"debug","message":"[RISK-LOOP] checking 2 open position(s)","timestamp":"2026-09-11T16:29:31.084Z"}
{"level":"debug","message":"[RISK-LOOP] checking 2 open position(s)","timestamp":"2026-09-11T16:31:31.087Z"}
{"level":"debug","message":"[RISK-LOOP] checking 2 open position(s)","timestamp":"2026-09-11T16:33:31.089Z"}
{"level":"debug","message":"[RISK-LOOP] checking 2 open position(s)","timestamp":"2026-09-11T16:35:31.093Z"}
{"level":"debug","message":"[RISK-LOOP] checking 2 open position(s)","timestamp":"2026-09-11T16:37:31.095Z"}
{"level":"info","message":"[MTF-CACHE] 15m refresh complete: 37/37 symbols","timestamp":"2026-09-11T16:38:49.371Z"}
{"level":"debug","message":"[RISK-LOOP] checking 2 open position(s)","timestamp":"2026-09-11T16:39:31.101Z"}
{"level":"debug","message":"[RISK-LOOP] checking 2 open position(s)","timestamp":"2026-09-11T16:41:31.099Z"}
{"level":"debug","message":"[RISK-LOOP] checking 2 open position(s)","timestamp":"2026-09-11T16:43:31.101Z"}
{"level":"debug","message":"[RISK-LOOP] checking 2 open position(s)","timestamp":"2026-09-11T16:45:31.102Z"}
{"level":"debug","message":"[RISK-LOOP] checking 2 open position(s)","timestamp":"2026-09-11T16:47:31.101Z"}
{"level":"debug","message":"[RISK-LOOP] checking 2 open position(s)","timestamp":"2026-09-11T16:49:31.105Z"}
{"level":"debug","message":"[RISK-LOOP] checking 2 open position(s)","timestamp":"2026-09-11T16:51:31.116Z"}
{"level":"debug","message":"[RISK-LOOP] checking 2 open position(s)","timestamp":"2026-09-11T16:53:31.106Z"}
{"level":"info","message":"[MTF-CACHE] 15m refresh complete: 37/37 symbols","timestamp":"2026-09-11T16:53:49.955Z"}
{"level":"debug","message":"[RISK-LOOP] checking 2 open position(s)","timestamp":"2026-09-11T16:55:31.110Z"}
{"level":"debug","message":"[RISK-LOOP] checking 2 open position(s)","timestamp":"2026-09-11T16:57:31.112Z"}
{"level":"debug","message":"[RISK-LOOP] checking 2 open position(s)","timestamp":"2026-09-11T16:59:31.117Z"}
{"level":"debug","message":"[RISK-LOOP] checking 2 open position(s)","timestamp":"2026-09-11T17:01:31.117Z"}
{"level":"debug","message":"[RISK-LOOP] checking 2 open position(s)","timestamp":"2026-09-11T17:03:31.119Z"}
{"level":"debug","message":"[RISK-LOOP] checking 2 open position(s)","timestamp":"2026-09-11T17:05:31.120Z"}
{"level":"debug","message":"[RISK-LOOP] checking 2 open position(s)","timestamp":"2026-09-11T17:07:31.129Z"}
{"level":"info","message":"[MTF-CACHE] 15m refresh complete: 37/37 symbols","timestamp":"2026-09-11T17:08:49.788Z"}
{"level":"debug","message":"[RISK-LOOP] checking 2 open position(s)","timestamp":"2026-09-11T17:09:31.126Z"}
{"level":"debug","message":"[RISK-LOOP] checking 2 open position(s)","timestamp":"2026-09-11T17:11:31.129Z"}
{"level":"debug","message":"[RISK-LOOP] checking 2 open position(s)","timestamp":"2026-09-11T17:13:31.132Z"}
{"level":"debug","message":"[RISK-LOOP] checking 2 open position(s)","timestamp":"2026-09-11T17:15:31.131Z"}
{"level":"debug","message":"[RISK-LOOP] checking 2 open position(s)","timestamp":"2026-09-11T17:17:31.131Z"}
{"level":"debug","message":"[RISK-LOOP] checking 2 open position(s)","timestamp":"2026-09-11T17:19:31.135Z"}
{"level":"debug","message":"[RISK-LOOP] checking 2 open position(s)","timestamp":"2026-09-11T17:21:31.136Z"}
{"level":"debug","message":"[RISK-LOOP] checking 2 open position(s)","timestamp":"2026-09-11T17:23:31.136Z"}
{"level":"info","message":"[MTF-CACHE] 15m refresh complete: 37/37 symbols","timestamp":"2026-09-11T17:23:49.365Z"}
{"level":"debug","message":"[RISK-LOOP] checking 2 open position(s)","timestamp":"2026-09-11T17:25:31.136Z"}
{"level":"debug","message":"[RISK-LOOP] checking 2 open position(s)","timestamp":"2026-09-11T17:27:31.140Z"}
{"level":"debug","message":"[RISK-LOOP] checking 2 open position(s)","timestamp":"2026-09-11T17:29:31.142Z"}
{"level":"debug","message":"[RISK-LOOP] checking 2 open position(s)","timestamp":"2026-09-11T17:31:31.145Z"}
{"level":"debug","message":"[RISK-LOOP] checking 2 open position(s)","timestamp":"2026-09-11T17:33:31.143Z"}
{"level":"debug","message":"[RISK-LOOP] checking 2 open position(s)","timestamp":"2026-09-11T17:35:31.144Z"}
{"level":"debug","message":"[RISK-LOOP] checking 2 open position(s)","timestamp":"2026-09-11T17:37:31.144Z"}
{"level":"info","message":"[MTF-CACHE] 15m refresh complete: 37/37 symbols","timestamp":"2026-09-11T17:38:49.691Z"}
{"level":"debug","message":"[RISK-LOOP] checking 2 open position(s)","timestamp":"2026-09-11T17:39:31.147Z"}
{"level":"debug","message":"[RISK-LOOP] checking 2 open position(s)","timestamp":"2026-09-11T17:41:31.154Z"}
{"level":"debug","message":"[RISK-LOOP] checking 2 open position(s)","timestamp":"2026-09-11T17:43:31.148Z"}
{"level":"debug","message":"[RISK-LOOP] checking 2 open position(s)","timestamp":"2026-09-11T17:45:31.151Z"}
{"level":"debug","message":"[RISK-LOOP] checking 2 open position(s)","timestamp":"2026-09-11T17:47:31.153Z"}
{"level":"debug","message":"[RISK-LOOP] checking 2 open position(s)","timestamp":"2026-09-11T17:49:31.152Z"}
{"level":"debug","message":"[RISK-LOOP] checking 2 open position(s)","timestamp":"2026-09-11T17:51:31.160Z"}
{"level":"debug","message":"[RISK-LOOP] checking 2 open position(s)","timestamp":"2026-09-11T17:53:31.154Z"}
{"level":"info","message":"[MTF-CACHE] 15m refresh complete: 37/37 symbols","timestamp":"2026-09-11T17:53:49.381Z"}
{"level":"debug","message":"[RISK-LOOP] checking 2 open position(s)","timestamp":"2026-09-11T17:55:31.155Z"}
{"level":"debug","message":"[RISK-LOOP] checking 2 open position(s)","timestamp":"2026-09-11T17:57:31.155Z"}
{"level":"debug","message":"[RISK-LOOP] checking 2 open position(s)","timestamp":"2026-09-11T17:59:31.157Z"}
{"level":"debug","message":"[RISK-LOOP] checking 2 open position(s)","timestamp":"2026-09-11T18:01:31.158Z"}
{"level":"debug","message":"[RISK-LOOP] checking 2 open position(s)","timestamp":"2026-09-11T18:03:31.155Z"}
{"level":"debug","message":"[RISK-LOOP] checking 2 open position(s)","timestamp":"2026-09-11T18:05:31.158Z"}
{"level":"debug","message":"[RISK-LOOP] checking 2 open position(s)","timestamp":"2026-09-11T18:07:31.160Z"}
{"level":"info","message":"[MTF-CACHE] 15m refresh complete: 37/37 symbols","timestamp":"2026-09-11T18:08:50.268Z"}
{"level":"debug","message":"[RISK-LOOP] checking 2 open position(s)","timestamp":"2026-09-11T18:09:31.160Z"}
{"level":"debug","message":"[RISK-LOOP] checking 2 open position(s)","timestamp":"2026-09-11T18:11:31.163Z"}
{"level":"debug","message":"[RISK-LOOP] checking 2 open position(s)","timestamp":"2026-09-11T18:13:31.163Z"}
{"level":"debug","message":"[RISK-LOOP] checking 2 open position(s)","timestamp":"2026-09-11T18:15:31.159Z"}
{"level":"debug","message":"[RISK-LOOP] checking 2 open position(s)","timestamp":"2026-09-11T18:17:31.160Z"}
{"level":"debug","message":"[RISK-LOOP] checking 2 open position(s)","timestamp":"2026-09-11T18:19:31.159Z"}
{"level":"debug","message":"[RISK-LOOP] checking 2 open position(s)","timestamp":"2026-09-11T18:21:31.158Z"}
{"level":"debug","message":"[RISK-LOOP] checking 2 open position(s)","timestamp":"2026-09-11T18:23:31.162Z"}
{"level":"info","message":"[MTF-CACHE] 15m refresh complete: 37/37 symbols","timestamp":"2026-09-11T18:23:49.439Z"}
{"level":"debug","message":"[RISK-LOOP] checking 2 open position(s)","timestamp":"2026-09-11T18:25:31.161Z"}
{"level":"debug","message":"[RISK-LOOP] checking 2 open position(s)","timestamp":"2026-09-11T18:27:31.162Z"}
{"level":"debug","message":"[RISK-LOOP] checking 2 open position(s)","timestamp":"2026-09-11T18:29:31.161Z"}
{"level":"debug","message":"[RISK-LOOP] checking 2 open position(s)","timestamp":"2026-09-11T18:31:31.161Z"}
{"level":"debug","message":"[RISK-LOOP] checking 2 open position(s)","timestamp":"2026-09-11T18:33:31.216Z"}
{"level":"debug","message":"[RISK-LOOP] checking 2 open position(s)","timestamp":"2026-09-11T18:35:31.265Z"}
{"level":"debug","message":"[RISK-LOOP] checking 2 open position(s)","timestamp":"2026-09-11T18:37:31.314Z"}
{"level":"info","message":"[MTF-CACHE] 15m refresh complete: 37/37 symbols","timestamp":"2026-09-11T18:38:49.400Z"}
{"level":"debug","message":"[RISK-LOOP] checking 2 open position(s)","timestamp":"2026-09-11T18:39:31.378Z"}
{"level":"debug","message":"[RISK-LOOP] checking 2 open position(s)","timestamp":"2026-09-11T18:41:31.344Z"}
{"level":"debug","message":"[RISK-LOOP] checking 2 open position(s)","timestamp":"2026-09-11T18:43:31.348Z"}
{"level":"debug","message":"[RISK-LOOP] checking 2 open position(s)","timestamp":"2026-09-11T18:45:31.344Z"}
{"level":"debug","message":"[RISK-LOOP] checking 2 open position(s)","timestamp":"2026-09-11T18:47:31.347Z"}
{"level":"debug","message":"[RISK-LOOP] checking 2 open position(s)","timestamp":"2026-09-11T18:49:31.167Z"}
{"level":"debug","message":"[RISK-LOOP] checking 2 open position(s)","timestamp":"2026-09-11T18:51:31.171Z"}
{"level":"debug","message":"[RISK-LOOP] checking 2 open position(s)","timestamp":"2026-09-11T18:53:31.166Z"}
{"level":"info","message":"[MTF-CACHE] 15m refresh complete: 37/37 symbols","timestamp":"2026-09-11T18:53:49.597Z"}
{"level":"debug","message":"[RISK-LOOP] checking 2 open position(s)","timestamp":"2026-09-11T18:55:31.169Z"}
{"level":"debug","message":"[RISK-LOOP] checking 2 open position(s)","timestamp":"2026-09-11T18:57:31.172Z"}
{"level":"debug","message":"[RISK-LOOP] checking 2 open position(s)","timestamp":"2026-09-11T18:59:31.173Z"}
{"level":"debug","message":"[RISK-LOOP] checking 2 open position(s)","timestamp":"2026-09-11T19:01:31.175Z"}
{"level":"debug","message":"[RISK-LOOP] checking 2 open position(s)","timestamp":"2026-09-11T19:03:31.176Z"}
{"level":"debug","message":"[RISK-LOOP] checking 2 open position(s)","timestamp":"2026-09-11T19:05:31.181Z"}
{"level":"debug","message":"[RISK-LOOP] checking 2 open position(s)","timestamp":"2026-09-11T19:07:31.183Z"}
{"level":"info","message":"[MTF-CACHE] 15m refresh complete: 37/37 symbols","timestamp":"2026-09-11T19:08:49.604Z"}
{"level":"debug","message":"[RISK-LOOP] checking 2 open position(s)","timestamp":"2026-09-11T19:09:31.186Z"}
{"level":"debug","message":"[RISK-LOOP] checking 2 open position(s)","timestamp":"2026-09-11T19:11:31.188Z"}
{"level":"debug","message":"[RISK-LOOP] checking 2 open position(s)","timestamp":"2026-09-11T19:13:31.333Z"}
{"level":"debug","message":"[RISK-LOOP] checking 2 open position(s)","timestamp":"2026-09-11T19:15:31.189Z"}
{"level":"debug","message":"[RISK-LOOP] checking 2 open position(s)","timestamp":"2026-09-11T19:17:31.192Z"}
{"level":"debug","message":"[RISK-LOOP] checking 2 open position(s)","timestamp":"2026-09-11T19:19:31.192Z"}
{"level":"debug","message":"[RISK-LOOP] checking 2 open position(s)","timestamp":"2026-09-11T19:21:31.197Z"}
{"level":"debug","message":"[RISK-LOOP] checking 2 open position(s)","timestamp":"2026-09-11T19:23:31.214Z"}
{"level":"info","message":"[MTF-CACHE] 15m refresh complete: 37/37 symbols","timestamp":"2026-09-11T19:23:49.710Z"}
{"level":"info","message":"[MTF-CACHE] 4h refresh complete: 37/37 symbols","timestamp":"2026-09-11T19:23:51.346Z"}
{"level":"debug","message":"[RISK-LOOP] checking 2 open position(s)","timestamp":"2026-09-11T19:25:31.194Z"}
{"level":"debug","message":"[RISK-LOOP] checking 2 open position(s)","timestamp":"2026-09-11T19:27:31.199Z"}
{"level":"debug","message":"[RISK-LOOP] checking 2 open position(s)","timestamp":"2026-09-11T19:29:31.199Z"}
{"level":"debug","message":"[RISK-LOOP] checking 2 open position(s)","timestamp":"2026-09-11T19:31:31.209Z"}
{"level":"debug","message":"[RISK-LOOP] checking 2 open position(s)","timestamp":"2026-09-11T19:33:31.221Z"}
{"level":"debug","message":"[RISK-LOOP] checking 2 open position(s)","timestamp":"2026-09-11T19:35:31.205Z"}
{"level":"debug","message":"[RISK-LOOP] checking 2 open position(s)","timestamp":"2026-09-11T19:37:31.205Z"}
{"level":"info","message":"[MTF-CACHE] 15m refresh complete: 37/37 symbols","timestamp":"2026-09-11T19:38:51.258Z"}
{"level":"debug","message":"[RISK-LOOP] checking 2 open position(s)","timestamp":"2026-09-11T19:39:31.205Z"}
{"level":"debug","message":"[RISK-LOOP] checking 2 open position(s)","timestamp":"2026-09-11T19:41:31.207Z"}
{"level":"debug","message":"[RISK-LOOP] checking 2 open position(s)","timestamp":"2026-09-11T19:43:31.212Z"}
{"level":"debug","message":"[RISK-LOOP] checking 2 open position(s)","timestamp":"2026-09-11T19:45:31.211Z"}
{"level":"debug","message":"[RISK-LOOP] checking 2 open position(s)","timestamp":"2026-09-11T19:47:31.208Z"}
{"level":"debug","message":"[RISK-LOOP] checking 2 open position(s)","timestamp":"2026-09-11T19:49:31.312Z"}
{"level":"debug","message":"[RISK-LOOP] checking 2 open position(s)","timestamp":"2026-09-11T19:51:31.210Z"}
{"level":"debug","message":"[RISK-LOOP] checking 2 open position(s)","timestamp":"2026-09-11T19:53:31.212Z"}
{"level":"info","message":"[MTF-CACHE] 15m refresh complete: 37/37 symbols","timestamp":"2026-09-11T19:53:50.009Z"}
{"level":"debug","message":"[RISK-LOOP] checking 2 open position(s)","timestamp":"2026-09-11T19:55:31.215Z"}
{"level":"debug","message":"[RISK-LOOP] checking 2 open position(s)","timestamp":"2026-09-11T19:57:31.222Z"}
{"level":"debug","message":"[RISK-LOOP] checking 2 open position(s)","timestamp":"2026-09-11T19:59:31.222Z"}
{"level":"debug","message":"[RISK-LOOP] checking 2 open position(s)","timestamp":"2026-09-11T20:01:31.217Z"}
{"level":"debug","message":"[RISK-LOOP] checking 2 open position(s)","timestamp":"2026-09-11T20:03:31.222Z"}
{"level":"debug","message":"[RISK-LOOP] checking 2 open position(s)","timestamp":"2026-09-11T20:05:31.226Z"}
{"level":"debug","message":"[RISK-LOOP] checking 2 open position(s)","timestamp":"2026-09-11T20:07:31.223Z"}
{"level":"info","message":"[MTF-CACHE] 15m refresh complete: 37/37 symbols","timestamp":"2026-09-11T20:08:51.284Z"}
{"level":"debug","message":"[RISK-LOOP] checking 2 open position(s)","timestamp":"2026-09-11T20:09:31.226Z"}
{"level":"debug","message":"[RISK-LOOP] checking 2 open position(s)","timestamp":"2026-09-11T20:11:31.232Z"}
{"level":"debug","message":"[RISK-LOOP] checking 2 open position(s)","timestamp":"2026-09-11T20:13:31.233Z"}
{"level":"debug","message":"[RISK-LOOP] checking 2 open position(s)","timestamp":"2026-09-11T20:15:31.229Z"}
{"level":"debug","message":"[RISK-LOOP] checking 2 open position(s)","timestamp":"2026-09-11T20:17:31.233Z"}
{"level":"debug","message":"[RISK-LOOP] checking 2 open position(s)","timestamp":"2026-09-11T20:19:31.237Z"}
{"level":"debug","message":"[RISK-LOOP] checking 2 open position(s)","timestamp":"2026-09-11T20:21:31.239Z"}
{"level":"debug","message":"[RISK-LOOP] checking 2 open position(s)","timestamp":"2026-09-11T20:23:31.236Z"}
{"level":"info","message":"[MTF-CACHE] 15m refresh complete: 37/37 symbols","timestamp":"2026-09-11T20:23:50.538Z"}
{"level":"debug","message":"[RISK-LOOP] checking 2 open position(s)","timestamp":"2026-09-11T20:25:31.237Z"}
{"level":"debug","message":"[RISK-LOOP] checking 2 open position(s)","timestamp":"2026-09-11T20:27:31.253Z"}
{"level":"debug","message":"[RISK-LOOP] checking 2 open position(s)","timestamp":"2026-09-11T20:29:31.242Z"}
{"level":"debug","message":"[RISK-LOOP] checking 2 open position(s)","timestamp":"2026-09-11T20:31:31.241Z"}
{"level":"debug","message":"[RISK-LOOP] checking 2 open position(s)","timestamp":"2026-09-11T20:33:31.240Z"}
{"level":"debug","message":"[RISK-LOOP] checking 2 open position(s)","timestamp":"2026-09-11T20:35:31.244Z"}
{"level":"debug","message":"[RISK-LOOP] checking 2 open position(s)","timestamp":"2026-09-11T20:37:31.246Z"}
{"level":"info","message":"[MTF-CACHE] 15m refresh complete: 37/37 symbols","timestamp":"2026-09-11T20:38:49.482Z"}
{"level":"debug","message":"[RISK-LOOP] checking 2 open position(s)","timestamp":"2026-09-11T20:39:31.246Z"}
{"level":"debug","message":"[RISK-LOOP] checking 2 open position(s)","timestamp":"2026-09-11T20:41:31.247Z"}
{"level":"debug","message":"[RISK-LOOP] checking 2 open position(s)","timestamp":"2026-09-11T20:43:31.244Z"}
{"level":"debug","message":"[RISK-LOOP] checking 2 open position(s)","timestamp":"2026-09-11T20:45:31.353Z"}
{"level":"debug","message":"[RISK-LOOP] checking 2 open position(s)","timestamp":"2026-09-11T20:47:31.271Z"}
{"level":"debug","message":"[RISK-LOOP] checking 2 open position(s)","timestamp":"2026-09-11T20:49:31.317Z"}
{"level":"debug","message":"[RISK-LOOP] checking 2 open position(s)","timestamp":"2026-09-11T20:51:31.249Z"}
{"level":"debug","message":"[RISK-LOOP] checking 2 open position(s)","timestamp":"2026-09-11T20:53:31.250Z"}
{"level":"info","message":"[MTF-CACHE] 15m refresh complete: 37/37 symbols","timestamp":"2026-09-11T20:53:50.706Z"}
{"level":"debug","message":"[RISK-LOOP] checking 2 open position(s)","timestamp":"2026-09-11T20:55:31.254Z"}
{"level":"debug","message":"[RISK-LOOP] checking 2 open position(s)","timestamp":"2026-09-11T20:57:31.253Z"}
{"level":"debug","message":"[RISK-LOOP] checking 2 open position(s)","timestamp":"2026-09-11T20:59:31.252Z"}
{"level":"debug","message":"[RISK-LOOP] checking 2 open position(s)","timestamp":"2026-09-11T21:01:31.250Z"}
{"level":"debug","message":"[RISK-LOOP] checking 2 open position(s)","timestamp":"2026-09-11T21:03:31.375Z"}
{"level":"debug","message":"[RISK-LOOP] checking 2 open position(s)","timestamp":"2026-09-11T21:05:31.252Z"}
{"level":"debug","message":"[RISK-LOOP] checking 2 open position(s)","timestamp":"2026-09-11T21:07:31.250Z"}
{"level":"info","message":"[MTF-CACHE] 15m refresh complete: 37/37 symbols","timestamp":"2026-09-11T21:08:50.741Z"}
{"level":"debug","message":"[RISK-LOOP] checking 2 open position(s)","timestamp":"2026-09-11T21:09:31.251Z"}
{"level":"debug","message":"[RISK-LOOP] checking 2 open position(s)","timestamp":"2026-09-11T21:11:31.248Z"}
{"level":"debug","message":"[RISK-LOOP] checking 2 open position(s)","timestamp":"2026-09-11T21:13:31.253Z"}
{"level":"debug","message":"[RISK-LOOP] checking 2 open position(s)","timestamp":"2026-09-11T21:15:31.249Z"}
{"level":"debug","message":"[RISK-LOOP] checking 2 open position(s)","timestamp":"2026-09-11T21:17:31.250Z"}
{"level":"debug","message":"[RISK-LOOP] checking 2 open position(s)","timestamp":"2026-09-11T21:19:31.286Z"}
{"level":"debug","message":"[RISK-LOOP] checking 2 open position(s)","timestamp":"2026-09-11T21:21:31.342Z"}
{"level":"debug","message":"[RISK-LOOP] checking 2 open position(s)","timestamp":"2026-09-11T21:23:31.280Z"}
{"level":"info","message":"[MTF-CACHE] 15m refresh complete: 37/37 symbols","timestamp":"2026-09-11T21:23:49.388Z"}
{"level":"debug","message":"[RISK-LOOP] checking 2 open position(s)","timestamp":"2026-09-11T21:25:31.454Z"}
{"level":"debug","message":"[RISK-LOOP] checking 2 open position(s)","timestamp":"2026-09-11T21:27:31.434Z"}
{"level":"debug","message":"[RISK-LOOP] checking 2 open position(s)","timestamp":"2026-09-11T21:29:31.431Z"}
{"level":"debug","message":"[RISK-LOOP] checking 2 open position(s)","timestamp":"2026-09-11T21:31:31.433Z"}
{"level":"debug","message":"[RISK-LOOP] checking 2 open position(s)","timestamp":"2026-09-11T21:33:31.418Z"}
{"level":"debug","message":"[RISK-LOOP] checking 2 open position(s)","timestamp":"2026-09-11T21:35:31.254Z"}
{"level":"debug","message":"[RISK-LOOP] checking 2 open position(s)","timestamp":"2026-09-11T21:37:31.253Z"}
{"level":"info","message":"[MTF-CACHE] 15m refresh complete: 37/37 symbols","timestamp":"2026-09-11T21:38:49.434Z"}
{"level":"debug","message":"[RISK-LOOP] checking 2 open position(s)","timestamp":"2026-09-11T21:39:31.258Z"}
{"level":"debug","message":"[RISK-LOOP] checking 2 open position(s)","timestamp":"2026-09-11T21:41:31.253Z"}
{"level":"debug","message":"[RISK-LOOP] checking 2 open position(s)","timestamp":"2026-09-11T21:43:31.253Z"}
{"level":"debug","message":"[RISK-LOOP] checking 2 open position(s)","timestamp":"2026-09-11T21:45:31.258Z"}
{"level":"debug","message":"[RISK-LOOP] checking 2 open position(s)","timestamp":"2026-09-11T21:47:31.263Z"}
{"level":"debug","message":"[RISK-LOOP] checking 2 open position(s)","timestamp":"2026-09-11T21:49:31.261Z"}
{"level":"debug","message":"[RISK-LOOP] checking 2 open position(s)","timestamp":"2026-09-11T21:51:31.259Z"}
{"level":"debug","message":"[RISK-LOOP] checking 2 open position(s)","timestamp":"2026-09-11T21:53:31.259Z"}
{"level":"info","message":"[MTF-CACHE] 15m refresh complete: 37/37 symbols","timestamp":"2026-09-11T21:53:50.618Z"}
{"level":"debug","message":"[RISK-LOOP] checking 2 open position(s)","timestamp":"2026-09-11T21:55:31.262Z"}
{"level":"debug","message":"[RISK-LOOP] checking 2 open position(s)","timestamp":"2026-09-11T21:57:31.262Z"}
{"level":"debug","message":"[RISK-LOOP] checking 2 open position(s)","timestamp":"2026-09-11T21:59:31.263Z"}
{"level":"debug","message":"[RISK-LOOP] checking 2 open position(s)","timestamp":"2026-09-11T22:01:31.268Z"}
{"level":"debug","message":"[RISK-LOOP] checking 2 open position(s)","timestamp":"2026-09-11T22:03:31.262Z"}
{"level":"debug","message":"[RISK-LOOP] checking 2 open position(s)","timestamp":"2026-09-11T22:05:31.266Z"}
{"level":"debug","message":"[RISK-LOOP] checking 2 open position(s)","timestamp":"2026-09-11T22:07:31.268Z"}
{"level":"info","message":"[MTF-CACHE] 15m refresh complete: 37/37 symbols","timestamp":"2026-09-11T22:08:49.436Z"}
{"level":"debug","message":"[RISK-LOOP] checking 2 open position(s)","timestamp":"2026-09-11T22:09:31.268Z"}
{"level":"debug","message":"[RISK-LOOP] checking 2 open position(s)","timestamp":"2026-09-11T22:11:31.269Z"}
{"level":"debug","message":"[RISK-LOOP] checking 2 open position(s)","timestamp":"2026-09-11T22:13:31.270Z"}
{"level":"debug","message":"[RISK-LOOP] checking 2 open position(s)","timestamp":"2026-09-11T22:15:31.269Z"}
{"level":"debug","message":"[RISK-LOOP] checking 2 open position(s)","timestamp":"2026-09-11T22:17:31.271Z"}
{"level":"debug","message":"[RISK-LOOP] checking 2 open position(s)","timestamp":"2026-09-11T22:19:31.271Z"}
{"level":"debug","message":"[RISK-LOOP] checking 2 open position(s)","timestamp":"2026-09-11T22:21:31.273Z"}
{"level":"debug","message":"[RISK-LOOP] checking 2 open position(s)","timestamp":"2026-09-11T22:23:31.274Z"}
{"level":"info","message":"[MTF-CACHE] 15m refresh complete: 37/37 symbols","timestamp":"2026-09-11T22:23:49.534Z"}
{"level":"debug","message":"[RISK-LOOP] checking 2 open position(s)","timestamp":"2026-09-11T22:25:31.273Z"}
{"level":"debug","message":"[RISK-LOOP] checking 2 open position(s)","timestamp":"2026-09-11T22:27:31.275Z"}
{"level":"debug","message":"[RISK-LOOP] checking 2 open position(s)","timestamp":"2026-09-11T22:29:31.274Z"}
{"level":"debug","message":"[RISK-LOOP] checking 2 open position(s)","timestamp":"2026-09-11T22:31:31.277Z"}
{"level":"debug","message":"[RISK-LOOP] checking 2 open position(s)","timestamp":"2026-09-11T22:33:31.275Z"}
{"level":"debug","message":"[RISK-LOOP] checking 2 open position(s)","timestamp":"2026-09-11T22:35:31.280Z"}
{"level":"debug","message":"[RISK-LOOP] checking 2 open position(s)","timestamp":"2026-09-11T22:37:31.278Z"}
{"level":"info","message":"[MTF-CACHE] 15m refresh complete: 37/37 symbols","timestamp":"2026-09-11T22:38:49.475Z"}
{"level":"debug","message":"[RISK-LOOP] checking 2 open position(s)","timestamp":"2026-09-11T22:39:31.278Z"}
{"level":"debug","message":"[RISK-LOOP] checking 2 open position(s)","timestamp":"2026-09-11T22:41:31.282Z"}
{"level":"debug","message":"[RISK-LOOP] checking 2 open position(s)","timestamp":"2026-09-11T22:43:31.280Z"}
{"level":"debug","message":"[RISK-LOOP] checking 2 open position(s)","timestamp":"2026-09-11T22:45:31.283Z"}
{"level":"debug","message":"[RISK-LOOP] checking 2 open position(s)","timestamp":"2026-09-11T22:47:31.280Z"}
{"level":"debug","message":"[RISK-LOOP] checking 2 open position(s)","timestamp":"2026-09-11T22:49:31.280Z"}
{"level":"debug","message":"[RISK-LOOP] checking 2 open position(s)","timestamp":"2026-09-11T22:51:31.282Z"}
{"level":"debug","message":"[RISK-LOOP] checking 2 open position(s)","timestamp":"2026-09-11T22:53:31.280Z"}
{"level":"info","message":"[MTF-CACHE] 15m refresh complete: 37/37 symbols","timestamp":"2026-09-11T22:53:49.869Z"}
{"level":"debug","message":"[RISK-LOOP] checking 2 open position(s)","timestamp":"2026-09-11T22:55:31.285Z"}
{"level":"debug","message":"[RISK-LOOP] checking 2 open position(s)","timestamp":"2026-09-11T22:57:31.283Z"}
{"level":"debug","message":"[RISK-LOOP] checking 2 open position(s)","timestamp":"2026-09-11T22:59:31.282Z"}
{"level":"debug","message":"[RISK-LOOP] checking 2 open position(s)","timestamp":"2026-09-11T23:01:31.283Z"}
{"level":"debug","message":"[RISK-LOOP] checking 2 open position(s)","timestamp":"2026-09-11T23:03:31.285Z"}
{"level":"debug","message":"[RISK-LOOP] checking 2 open position(s)","timestamp":"2026-09-11T23:05:31.292Z"}
{"level":"debug","message":"[RISK-LOOP] checking 2 open position(s)","timestamp":"2026-09-11T23:07:31.284Z"}
{"level":"info","message":"[MTF-CACHE] 15m refresh complete: 37/37 symbols","timestamp":"2026-09-11T23:08:49.506Z"}
{"level":"debug","message":"[RISK-LOOP] checking 2 open position(s)","timestamp":"2026-09-11T23:09:31.288Z"}
{"level":"debug","message":"[RISK-LOOP] checking 2 open position(s)","timestamp":"2026-09-11T23:11:31.284Z"}
{"level":"debug","message":"[RISK-LOOP] checking 2 open position(s)","timestamp":"2026-09-11T23:13:31.286Z"}
{"level":"debug","message":"[RISK-LOOP] checking 2 open position(s)","timestamp":"2026-09-11T23:15:31.286Z"}
{"level":"debug","message":"[RISK-LOOP] checking 2 open position(s)","timestamp":"2026-09-11T23:17:31.287Z"}
{"level":"debug","message":"[RISK-LOOP] checking 2 open position(s)","timestamp":"2026-09-11T23:19:31.290Z"}
{"level":"debug","message":"[RISK-LOOP] checking 2 open position(s)","timestamp":"2026-09-11T23:21:31.288Z"}
{"level":"debug","message":"[RISK-LOOP] checking 2 open position(s)","timestamp":"2026-09-11T23:23:31.290Z"}
{"level":"info","message":"[MTF-CACHE] 15m refresh complete: 37/37 symbols","timestamp":"2026-09-11T23:23:49.287Z"}
{"level":"info","message":"[MTF-CACHE] 4h refresh complete: 37/37 symbols","timestamp":"2026-09-11T23:23:51.303Z"}
{"level":"debug","message":"[RISK-LOOP] checking 2 open position(s)","timestamp":"2026-09-11T23:25:31.288Z"}
{"level":"debug","message":"[RISK-LOOP] checking 2 open position(s)","timestamp":"2026-09-11T23:27:31.289Z"}
{"level":"debug","message":"[RISK-LOOP] checking 2 open position(s)","timestamp":"2026-09-11T23:29:31.402Z"}
{"level":"debug","message":"[RISK-LOOP] checking 2 open position(s)","timestamp":"2026-09-11T23:31:31.296Z"}
{"level":"debug","message":"[RISK-LOOP] checking 2 open position(s)","timestamp":"2026-09-11T23:33:31.290Z"}
{"level":"debug","message":"[RISK-LOOP] checking 2 open position(s)","timestamp":"2026-09-11T23:35:31.292Z"}
{"level":"debug","message":"[RISK-LOOP] checking 2 open position(s)","timestamp":"2026-09-11T23:37:31.294Z"}
{"level":"info","message":"[MTF-CACHE] 15m refresh complete: 37/37 symbols","timestamp":"2026-09-11T23:38:49.719Z"}
{"level":"debug","message":"[RISK-LOOP] checking 2 open position(s)","timestamp":"2026-09-11T23:39:31.295Z"}
{"level":"debug","message":"[RISK-LOOP] checking 2 open position(s)","timestamp":"2026-09-11T23:41:31.296Z"}
{"level":"debug","message":"[RISK-LOOP] checking 2 open position(s)","timestamp":"2026-09-11T23:43:31.292Z"}
{"level":"debug","message":"[RISK-LOOP] checking 2 open position(s)","timestamp":"2026-09-11T23:45:31.295Z"}
{"level":"debug","message":"[RISK-LOOP] checking 2 open position(s)","timestamp":"2026-09-11T23:47:31.296Z"}
{"level":"debug","message":"[RISK-LOOP] checking 2 open position(s)","timestamp":"2026-09-11T23:49:31.301Z"}
{"level":"debug","message":"[RISK-LOOP] checking 2 open position(s)","timestamp":"2026-09-11T23:51:31.291Z"}
{"level":"debug","message":"[RISK-LOOP] checking 2 open position(s)","timestamp":"2026-09-11T23:53:31.294Z"}
{"level":"info","message":"[MTF-CACHE] 15m refresh complete: 37/37 symbols","timestamp":"2026-09-11T23:53:49.454Z"}
{"level":"debug","message":"[RISK-LOOP] checking 2 open position(s)","timestamp":"2026-09-11T23:55:31.294Z"}
{"level":"debug","message":"[RISK-LOOP] checking 2 open position(s)","timestamp":"2026-09-11T23:57:31.294Z"}
{"level":"debug","message":"[RISK-LOOP] checking 2 open position(s)","timestamp":"2026-09-11T23:59:31.295Z"}
