{"level":"debug","message":"[CYCLE] Correlated pairs (r>0.85): SUI/ADA=0.88, ADA/AVAX=0.85, ADA/DOGE=0.92, ADA/ETH=0.86, ADA/PEPE=0.86, DOGE/PEPE=0.86","timestamp":"2026-09-19T00:00:03.019Z"}
{"level":"debug","message":"[CYCLE] ATR sizing: medianATRPct=3.49% (37 symbols)","timestamp":"2026-09-19T00:00:03.032Z"}
{"level":"debug","message":"[CYCLE] BTC macro: bull=true EMA200","timestamp":"2026-09-19T00:00:03.034Z"}
{"level":"warn","message":"[REGIME] BTC regime change: BULL_TREND → BULL_RANGE  (ADX 20.38 BTC 78004 vs EMA200 71506)","timestamp":"2026-09-19T00:00:03.037Z"}
{"level":"debug","message":"[DRIFT] only 4 live trades (< 10) — not enough to judge (n=4, WR 50%)","timestamp":"2026-09-19T00:00:03.320Z"}
{"level":"debug","message":"[CYCLE] BTC/USDC: starting cycle, candles=1551 lastClose=80888.39000000 lastTs=2026-09-19T00:00:00.000Z","timestamp":"2026-09-19T00:00:04.453Z"}
{"level":"debug","message":"[AGG] BTC/USDC: strategy[0]=EMA → BUY conf=0.80 \"EMA12 crossed above EMA26 — both rising ↑\"","timestamp":"2026-09-19T00:00:04.459Z"}
{"level":"debug","message":"[AGG] BTC/USDC: strategy[1]=PSAR → BUY conf=0.85 \"PSAR flipped bullish ↑ — SAR 74908.1600 now below price 80888.3900\"","timestamp":"2026-09-19T00:00:04.459Z"}
{"level":"debug","message":"[AGG] BTC/USDC: strategy[2]=HeikinAshi → HOLD conf=0.15 \"HA bullish continuation\"","timestamp":"2026-09-19T00:00:04.459Z"}
{"level":"debug","message":"[AGG] BTC/USDC: votes BUY=1.65 SELL=0.00 HOLD=0.15 total_voters=3 external=0","timestamp":"2026-09-19T00:00:04.459Z"}
{"level":"debug","message":"[AGG] BTC/USDC: decision=BUY confidence=0.55 tie=false","timestamp":"2026-09-19T00:00:04.459Z"}
{"level":"debug","message":"[CYCLE] LINK/USDC: starting cycle, candles=1551 lastClose=12.22500000 lastTs=2026-09-19T00:00:00.000Z","timestamp":"2026-09-19T00:00:04.488Z"}
{"level":"debug","message":"[AGG] LINK/USDC: strategy[0]=BollingerBands → SELL conf=0.54 \"Price 12.2250 ≥ upper BB 12.1699 (bw 12.2%)\"","timestamp":"2026-09-19T00:00:04.562Z"}
{"level":"debug","message":"[AGG] LINK/USDC: strategy[1]=Stochastic → HOLD conf=0.20 \"Stoch K=89.2 D=70.9 — no crossover in extreme zone\"","timestamp":"2026-09-19T00:00:04.562Z"}
{"level":"debug","message":"[AGG] LINK/USDC: strategy[2]=Supertrend → BUY conf=0.90 \"Supertrend flipped bullish ↑ (ST 10.7062)\"","timestamp":"2026-09-19T00:00:04.562Z"}
{"level":"debug","message":"[AGG] LINK/USDC: votes BUY=0.90 SELL=0.54 HOLD=0.20 total_voters=3 external=0","timestamp":"2026-09-19T00:00:04.562Z"}
{"level":"debug","message":"[AGG] LINK/USDC: decision=HOLD confidence=0.30 tie=false belowMin=true (minConf=0.45499999999999996)","timestamp":"2026-09-19T00:00:04.562Z"}
{"level":"debug","message":"[CYCLE] XRP/USDC: starting cycle, candles=1551 lastClose=1.39620000 lastTs=2026-09-19T00:00:00.000Z","timestamp":"2026-09-19T00:00:04.573Z"}
{"level":"debug","message":"[AGG] XRP/USDC: strategy[0]=BollingerBands → HOLD conf=0.20 \"Price 1.3962 inside BB [1.2640–1.4411]\"","timestamp":"2026-09-19T00:00:04.620Z"}
{"level":"debug","message":"[AGG] XRP/USDC: strategy[1]=Stochastic → HOLD conf=0.20 \"Stoch K=60.9 D=37.1 — no crossover in extreme zone\"","timestamp":"2026-09-19T00:00:04.620Z"}
{"level":"debug","message":"[AGG] XRP/USDC: strategy[2]=EMA → HOLD conf=0.20 \"No EMA crossover (fast 1.3411 vs slow 1.3535)\"","timestamp":"2026-09-19T00:00:04.620Z"}
{"level":"debug","message":"[AGG] XRP/USDC: votes BUY=0.00 SELL=0.00 HOLD=0.60 total_voters=3 external=0","timestamp":"2026-09-19T00:00:04.620Z"}
{"level":"debug","message":"[AGG] XRP/USDC: decision=HOLD confidence=0.20 tie=false belowMin=true (minConf=0.35750000000000004)","timestamp":"2026-09-19T00:00:04.620Z"}
{"level":"debug","message":"[CYCLE] BNB/USDC: starting cycle, candles=1551 lastClose=761.21000000 lastTs=2026-09-19T00:00:00.000Z","timestamp":"2026-09-19T00:00:04.635Z"}
{"level":"debug","message":"[AGG] BNB/USDC: strategy[0]=WilliamsR → HOLD conf=0.67 \"%R -11.7 overbought — still rising, wait\"","timestamp":"2026-09-19T00:00:04.641Z"}
{"level":"debug","message":"[AGG] BNB/USDC: strategy[1]=HeikinAshi → HOLD conf=0.15 \"HA bullish continuation\"","timestamp":"2026-09-19T00:00:04.641Z"}
{"level":"debug","message":"[AGG] BNB/USDC: strategy[2]=SupportResistance → HOLD conf=0.10 \"No significant S/R zone nearby\"","timestamp":"2026-09-19T00:00:04.641Z"}
{"level":"debug","message":"[AGG] BNB/USDC: votes BUY=0.00 SELL=0.00 HOLD=0.92 total_voters=3 external=0","timestamp":"2026-09-19T00:00:04.641Z"}
{"level":"debug","message":"[AGG] BNB/USDC: decision=HOLD confidence=0.31 tie=false belowMin=true (minConf=0.35750000000000004)","timestamp":"2026-09-19T00:00:04.641Z"}
{"level":"debug","message":"[CYCLE] LTC/USDC: starting cycle, candles=1551 lastClose=58.13000000 lastTs=2026-09-19T00:00:00.000Z","timestamp":"2026-09-19T00:00:04.643Z"}
{"level":"debug","message":"[AGG] LTC/USDC: strategy[0]=BollingerBands → SELL conf=0.79 \"Price 58.1300 ≥ upper BB 56.3357 (bw 11.5%)\"","timestamp":"2026-09-19T00:00:04.655Z"}
{"level":"debug","message":"[AGG] LTC/USDC: strategy[1]=EMA → HOLD conf=0.20 \"No EMA crossover (fast 53.8816 vs slow 53.1744)\"","timestamp":"2026-09-19T00:00:04.655Z"}
{"level":"debug","message":"[AGG] LTC/USDC: strategy[2]=WilliamsR → HOLD conf=0.89 \"%R -0.7 overbought — still rising, wait\"","timestamp":"2026-09-19T00:00:04.655Z"}
{"level":"debug","message":"[AGG] LTC/USDC: votes BUY=0.00 SELL=0.79 HOLD=1.09 total_voters=3 external=0","timestamp":"2026-09-19T00:00:04.655Z"}
{"level":"debug","message":"[AGG] LTC/USDC: decision=HOLD confidence=0.36 tie=false belowMin=false (minConf=0.35750000000000004)","timestamp":"2026-09-19T00:00:04.655Z"}
{"level":"debug","message":"[CYCLE] TRX/USDC: starting cycle, candles=1491 lastClose=0.33830000 lastTs=2026-09-19T00:00:00.000Z","timestamp":"2026-09-19T00:00:04.658Z"}
{"level":"debug","message":"[AGG] TRX/USDC: strategy[0]=CCI → HOLD conf=0.20 \"CCI 21.5 neutral\"","timestamp":"2026-09-19T00:00:04.678Z"}
{"level":"debug","message":"[AGG] TRX/USDC: strategy[1]=Stochastic → HOLD conf=0.20 \"Stoch K=53.2 D=41.3 — no crossover in extreme zone\"","timestamp":"2026-09-19T00:00:04.679Z"}
{"level":"debug","message":"[AGG] TRX/USDC: strategy[2]=StochRSI → HOLD conf=0.20 \"StochRSI K=66.4 D=49.3 — no extreme crossover\"","timestamp":"2026-09-19T00:00:04.679Z"}
{"level":"debug","message":"[AGG] TRX/USDC: votes BUY=0.00 SELL=0.00 HOLD=0.60 total_voters=3 external=0","timestamp":"2026-09-19T00:00:04.679Z"}
{"level":"debug","message":"[AGG] TRX/USDC: decision=HOLD confidence=0.20 tie=false belowMin=true (minConf=0.45499999999999996)","timestamp":"2026-09-19T00:00:04.679Z"}
{"level":"debug","message":"[CYCLE] NEAR/USDC: starting cycle, candles=1551 lastClose=3.76200000 lastTs=2026-09-19T00:00:00.000Z","timestamp":"2026-09-19T00:00:04.689Z"}
{"level":"debug","message":"[AGG] NEAR/USDC: strategy[0]=RSI → HOLD conf=0.70 \"RSI 85.1 overbought — still rising, wait\"","timestamp":"2026-09-19T00:00:04.697Z"}
{"level":"debug","message":"[AGG] NEAR/USDC: strategy[1]=BollingerBands → SELL conf=0.73 \"Price 3.7620 ≥ upper BB 3.3980 (bw 61.1%)\"","timestamp":"2026-09-19T00:00:04.697Z"}
{"level":"debug","message":"[AGG] NEAR/USDC: strategy[2]=Stochastic → HOLD conf=0.20 \"Stoch K=95.3 D=94.1 — no crossover in extreme zone\"","timestamp":"2026-09-19T00:00:04.697Z"}
{"level":"debug","message":"[AGG] NEAR/USDC: strategy[3]=SupportResistance → HOLD conf=0.10 \"No significant S/R zone nearby\"","timestamp":"2026-09-19T00:00:04.698Z"}
{"level":"debug","message":"[AGG] NEAR/USDC: votes BUY=0.00 SELL=0.73 HOLD=1.00 total_voters=4 external=0","timestamp":"2026-09-19T00:00:04.698Z"}
{"level":"debug","message":"[AGG] NEAR/USDC: decision=HOLD confidence=0.25 tie=false belowMin=true (minConf=0.45499999999999996)","timestamp":"2026-09-19T00:00:04.698Z"}
{"level":"debug","message":"[CYCLE] BCH/USDC: starting cycle, candles=1551 lastClose=255.40000000 lastTs=2026-09-19T00:00:00.000Z","timestamp":"2026-09-19T00:00:04.699Z"}
{"level":"debug","message":"[AGG] BCH/USDC: strategy[0]=BollingerBands → HOLD conf=0.20 \"Price 255.4000 inside BB [205.4611–256.5989]\"","timestamp":"2026-09-19T00:00:04.710Z"}
{"level":"debug","message":"[AGG] BCH/USDC: strategy[1]=OBV → HOLD conf=0.20 \"OBV above EMA-20 — no cross\"","timestamp":"2026-09-19T00:00:04.710Z"}
{"level":"debug","message":"[AGG] BCH/USDC: strategy[2]=WilliamsR → HOLD conf=0.20 \"%R -20.9 neutral\"","timestamp":"2026-09-19T00:00:04.710Z"}
{"level":"debug","message":"[AGG] BCH/USDC: votes BUY=0.00 SELL=0.00 HOLD=0.60 total_voters=3 external=0","timestamp":"2026-09-19T00:00:04.710Z"}
{"level":"debug","message":"[AGG] BCH/USDC: decision=HOLD confidence=0.20 tie=false belowMin=true (minConf=0.35750000000000004)","timestamp":"2026-09-19T00:00:04.710Z"}
{"level":"debug","message":"[CYCLE] CRV/USDC: starting cycle, candles=1551 lastClose=0.34420000 lastTs=2026-09-19T00:00:00.000Z","timestamp":"2026-09-19T00:00:04.716Z"}
{"level":"debug","message":"[AGG] CRV/USDC: strategy[0]=ADX → HOLD conf=0.10 \"ADX 19.6 < 25 — ranging, skip\"","timestamp":"2026-09-19T00:00:04.744Z"}
{"level":"debug","message":"[AGG] CRV/USDC: strategy[1]=StochRSI → HOLD conf=0.20 \"StochRSI K=100.0 D=78.6 — no extreme crossover\"","timestamp":"2026-09-19T00:00:04.744Z"}
{"level":"debug","message":"[AGG] CRV/USDC: strategy[2]=SupportResistance → HOLD conf=0.10 \"No significant S/R zone nearby\"","timestamp":"2026-09-19T00:00:04.744Z"}
{"level":"debug","message":"[AGG] CRV/USDC: votes BUY=0.00 SELL=0.00 HOLD=0.40 total_voters=3 external=0","timestamp":"2026-09-19T00:00:04.744Z"}
{"level":"debug","message":"[AGG] CRV/USDC: decision=HOLD confidence=0.13 tie=false belowMin=true (minConf=0.35750000000000004)","timestamp":"2026-09-19T00:00:04.744Z"}
{"level":"debug","message":"[CYCLE] ACH/USDC: starting cycle, candles=1031 lastClose=0.00584000 lastTs=2026-09-19T00:00:00.000Z","timestamp":"2026-09-19T00:00:04.746Z"}
{"level":"debug","message":"[AGG] ACH/USDC: strategy[0]=RSI → HOLD conf=0.52 \"RSI 71.7 overbought — still rising, wait\"","timestamp":"2026-09-19T00:00:04.752Z"}
{"level":"debug","message":"[AGG] ACH/USDC: strategy[1]=BollingerBands → SELL conf=0.86 \"Price 0.0058 ≥ upper BB 0.0055 (bw 16.2%)\"","timestamp":"2026-09-19T00:00:04.752Z"}
{"level":"debug","message":"[AGG] ACH/USDC: strategy[2]=CCI → HOLD conf=0.90 \"CCI 384.5 overbought — still rising, wait\"","timestamp":"2026-09-19T00:00:04.752Z"}
{"level":"debug","message":"[AGG] ACH/USDC: votes BUY=0.00 SELL=0.86 HOLD=1.42 total_voters=3 external=0","timestamp":"2026-09-19T00:00:04.752Z"}
{"level":"debug","message":"[AGG] ACH/USDC: decision=HOLD confidence=0.47 tie=false belowMin=false (minConf=0.45499999999999996)","timestamp":"2026-09-19T00:00:04.752Z"}
{"level":"debug","message":"[CYCLE] ENS/USDC: starting cycle, candles=1551 lastClose=6.26000000 lastTs=2026-09-19T00:00:00.000Z","timestamp":"2026-09-19T00:00:04.755Z"}
{"level":"debug","message":"[AGG] ENS/USDC: strategy[0]=BollingerBands → SELL conf=0.63 \"Price 6.2600 ≥ upper BB 6.1448 (bw 16.0%)\"","timestamp":"2026-09-19T00:00:04.771Z"}
{"level":"debug","message":"[AGG] ENS/USDC: strategy[1]=PSAR → HOLD conf=0.10 \"PSAR uptrend continues (SAR 5.2086)\"","timestamp":"2026-09-19T00:00:04.772Z"}
{"level":"debug","message":"[AGG] ENS/USDC: strategy[2]=SupportResistance → HOLD conf=0.10 \"No significant S/R zone nearby\"","timestamp":"2026-09-19T00:00:04.772Z"}
{"level":"debug","message":"[AGG] ENS/USDC: votes BUY=0.00 SELL=0.63 HOLD=0.20 total_voters=3 external=0","timestamp":"2026-09-19T00:00:04.772Z"}
{"level":"debug","message":"[AGG] ENS/USDC: decision=HOLD confidence=0.21 tie=false belowMin=true (minConf=0.35750000000000004)","timestamp":"2026-09-19T00:00:04.772Z"}
{"level":"debug","message":"[CYCLE] JTO/USDC: starting cycle, candles=1551 lastClose=0.46110000 lastTs=2026-09-19T00:00:00.000Z","timestamp":"2026-09-19T00:00:04.775Z"}
{"level":"debug","message":"[AGG] JTO/USDC: strategy[0]=CCI → HOLD conf=0.20 \"CCI 85.3 neutral\"","timestamp":"2026-09-19T00:00:04.779Z"}
{"level":"debug","message":"[AGG] JTO/USDC: strategy[1]=PSAR → HOLD conf=0.10 \"PSAR uptrend continues (SAR 0.3961)\"","timestamp":"2026-09-19T00:00:04.779Z"}
{"level":"debug","message":"[AGG] JTO/USDC: strategy[2]=SupportResistance → SELL conf=0.51 \"Resistance 0.4671 (2×)\"","timestamp":"2026-09-19T00:00:04.779Z"}
{"level":"debug","message":"[AGG] JTO/USDC: votes BUY=0.00 SELL=0.51 HOLD=0.30 total_voters=3 external=0","timestamp":"2026-09-19T00:00:04.779Z"}
{"level":"debug","message":"[AGG] JTO/USDC: decision=HOLD confidence=0.17 tie=false belowMin=true (minConf=0.35750000000000004)","timestamp":"2026-09-19T00:00:04.779Z"}
{"level":"debug","message":"[CYCLE] LDO/USDC: starting cycle, candles=1551 lastClose=0.39110000 lastTs=2026-09-19T00:00:00.000Z","timestamp":"2026-09-19T00:00:04.782Z"}
{"level":"debug","message":"[AGG] LDO/USDC: strategy[0]=MACD → HOLD conf=0.20 \"MACD -0.0015 vs signal -0.0039 hist:0.0024\"","timestamp":"2026-09-19T00:00:04.791Z"}
{"level":"debug","message":"[AGG] LDO/USDC: strategy[1]=ADX → HOLD conf=0.10 \"ADX 21.6 < 25 — ranging, skip\"","timestamp":"2026-09-19T00:00:04.791Z"}
{"level":"debug","message":"[AGG] LDO/USDC: strategy[2]=WilliamsR → HOLD conf=0.67 \"%R -11.7 overbought — still rising, wait\"","timestamp":"2026-09-19T00:00:04.791Z"}
{"level":"debug","message":"[AGG] LDO/USDC: votes BUY=0.00 SELL=0.00 HOLD=0.97 total_voters=3 external=0","timestamp":"2026-09-19T00:00:04.791Z"}
{"level":"debug","message":"[AGG] LDO/USDC: decision=HOLD confidence=0.32 tie=false belowMin=true (minConf=0.35750000000000004)","timestamp":"2026-09-19T00:00:04.791Z"}
{"level":"debug","message":"[CYCLE] PAXG/USDC: starting cycle, candles=1045 lastClose=4369.94000000 lastTs=2026-09-19T00:00:00.000Z","timestamp":"2026-09-19T00:00:04.793Z"}
{"level":"debug","message":"[AGG] PAXG/USDC: strategy[0]=MACD → HOLD conf=0.20 \"MACD -17.7017 vs signal -27.6303 hist:9.9286\"","timestamp":"2026-09-19T00:00:04.796Z"}
{"level":"debug","message":"[AGG] PAXG/USDC: strategy[1]=ADX → SELL conf=0.54 \"ADX 26.0 downtrend (-DI 18.8 > +DI 15.0)\"","timestamp":"2026-09-19T00:00:04.796Z"}
{"level":"debug","message":"[AGG] PAXG/USDC: strategy[2]=Supertrend → HOLD conf=0.10 \"Supertrend downtrend continues (ST 4428.7050)\"","timestamp":"2026-09-19T00:00:04.796Z"}
{"level":"debug","message":"[AGG] PAXG/USDC: votes BUY=0.00 SELL=0.54 HOLD=0.30 total_voters=3 external=0","timestamp":"2026-09-19T00:00:04.796Z"}
{"level":"debug","message":"[AGG] PAXG/USDC: decision=HOLD confidence=0.18 tie=false belowMin=true (minConf=0.35750000000000004)","timestamp":"2026-09-19T00:00:04.796Z"}
{"level":"debug","message":"[CYCLE] SUI/USDC: starting cycle, candles=1551 lastClose=0.81430000 lastTs=2026-09-19T00:00:00.000Z","timestamp":"2026-09-19T00:00:04.838Z"}
{"level":"debug","message":"[AGG] SUI/USDC: strategy[0]=RSI → HOLD conf=0.20 \"RSI 66.3 neutral\"","timestamp":"2026-09-19T00:00:04.851Z"}
{"level":"debug","message":"[AGG] SUI/USDC: strategy[1]=Stochastic → HOLD conf=0.20 \"Stoch K=94.5 D=86.5 — no crossover in extreme zone\"","timestamp":"2026-09-19T00:00:04.851Z"}
{"level":"debug","message":"[AGG] SUI/USDC: strategy[2]=MFI → HOLD conf=0.20 \"MFI 60.3 neutral\"","timestamp":"2026-09-19T00:00:04.851Z"}
{"level":"debug","message":"[AGG] SUI/USDC: votes BUY=0.00 SELL=0.00 HOLD=0.60 total_voters=3 external=0","timestamp":"2026-09-19T00:00:04.851Z"}
{"level":"debug","message":"[AGG] SUI/USDC: decision=HOLD confidence=0.20 tie=false belowMin=true (minConf=0.45499999999999996)","timestamp":"2026-09-19T00:00:04.851Z"}
{"level":"debug","message":"[CYCLE] SOL/USDC: starting cycle, candles=1551 lastClose=112.70000000 lastTs=2026-09-19T00:00:00.000Z","timestamp":"2026-09-19T00:00:04.875Z"}
{"level":"debug","message":"[AGG] SOL/USDC: strategy[0]=BollingerBands → SELL conf=0.85 \"Price 112.7000 ≥ upper BB 108.0259 (bw 13.0%)\"","timestamp":"2026-09-19T00:00:04.901Z"}
{"level":"debug","message":"[AGG] SOL/USDC: strategy[1]=WilliamsR → SELL conf=0.83 \"%R -8.7 overbought ↓ reversal confirmed\"","timestamp":"2026-09-19T00:00:04.901Z"}
{"level":"debug","message":"[AGG] SOL/USDC: strategy[2]=StochRSI → HOLD conf=0.20 \"StochRSI K=100.0 D=97.4 — no extreme crossover\"","timestamp":"2026-09-19T00:00:04.901Z"}
{"level":"debug","message":"[AGG] SOL/USDC: votes BUY=0.00 SELL=1.68 HOLD=0.20 total_voters=3 external=0","timestamp":"2026-09-19T00:00:04.901Z"}
{"level":"debug","message":"[AGG] SOL/USDC: decision=SELL confidence=0.56 tie=false","timestamp":"2026-09-19T00:00:04.901Z"}
{"level":"debug","message":"[CYCLE] TIA/USDC: starting cycle, candles=1551 lastClose=0.40710000 lastTs=2026-09-19T00:00:00.000Z","timestamp":"2026-09-19T00:00:04.905Z"}
{"level":"debug","message":"[AGG] TIA/USDC: strategy[0]=CCI → HOLD conf=0.77 \"CCI 168.4 overbought — still rising, wait\"","timestamp":"2026-09-19T00:00:04.913Z"}
{"level":"debug","message":"[AGG] TIA/USDC: strategy[1]=MACD → HOLD conf=0.20 \"MACD 0.0004 vs signal -0.0043 hist:0.0047\"","timestamp":"2026-09-19T00:00:04.913Z"}
{"level":"debug","message":"[AGG] TIA/USDC: strategy[2]=HeikinAshi → HOLD conf=0.15 \"HA bullish continuation\"","timestamp":"2026-09-19T00:00:04.913Z"}
{"level":"debug","message":"[AGG] TIA/USDC: votes BUY=0.00 SELL=0.00 HOLD=1.12 total_voters=3 external=0","timestamp":"2026-09-19T00:00:04.913Z"}
{"level":"debug","message":"[AGG] TIA/USDC: decision=HOLD confidence=0.37 tie=false belowMin=false (minConf=0.35750000000000004)","timestamp":"2026-09-19T00:00:04.913Z"}
{"level":"debug","message":"[CYCLE] ADA/USDC: starting cycle, candles=1551 lastClose=0.22450000 lastTs=2026-09-19T00:00:00.000Z","timestamp":"2026-09-19T00:00:04.916Z"}
{"level":"debug","message":"[AGG] ADA/USDC: strategy[0]=RSI → HOLD conf=0.20 \"RSI 64.5 neutral\"","timestamp":"2026-09-19T00:00:04.934Z"}
{"level":"debug","message":"[AGG] ADA/USDC: strategy[1]=BollingerBands → SELL conf=0.59 \"Price 0.2244 ≥ upper BB 0.2217 (bw 14.7%)\"","timestamp":"2026-09-19T00:00:04.934Z"}
{"level":"debug","message":"[AGG] ADA/USDC: strategy[2]=CCI → HOLD conf=0.83 \"CCI 181.7 overbought — still rising, wait\"","timestamp":"2026-09-19T00:00:04.934Z"}
{"level":"debug","message":"[AGG] ADA/USDC: votes BUY=0.00 SELL=0.59 HOLD=1.03 total_voters=3 external=0","timestamp":"2026-09-19T00:00:04.934Z"}
{"level":"debug","message":"[AGG] ADA/USDC: decision=HOLD confidence=0.34 tie=false belowMin=true (minConf=0.35750000000000004)","timestamp":"2026-09-19T00:00:04.934Z"}
{"level":"info","message":"[RISK] Day rollover — resetting daily stats (prev: pnl=0.00 trades=0)","timestamp":"2026-09-19T00:00:04.944Z"}
{"level":"debug","message":"[RISK] BTC/USDC: canTrade=true decision=BUY conf=0.55 positions=0/4 dailyPnL=0.00","timestamp":"2026-09-19T00:00:04.944Z"}
{"level":"debug","message":"[CYCLE] BTC/USDC: sizing positionPct=0.2739 (base=0.15 atr=0.03494176372712148 regime=on conf=0.55 macro=bull mtf=1.0)","timestamp":"2026-09-19T00:00:04.944Z"}
{"level":"debug","message":"[CYCLE] INJ/USDC: starting cycle, candles=1551 lastClose=6.67600000 lastTs=2026-09-19T00:00:00.000Z","timestamp":"2026-09-19T00:00:04.983Z"}
{"level":"debug","message":"[AGG] INJ/USDC: strategy[0]=ADX → HOLD conf=0.10 \"ADX 23.9 < 25 — ranging, skip\"","timestamp":"2026-09-19T00:00:04.989Z"}
{"level":"debug","message":"[AGG] INJ/USDC: strategy[1]=OBV → HOLD conf=0.20 \"OBV above EMA-20 — no cross\"","timestamp":"2026-09-19T00:00:04.989Z"}
{"level":"debug","message":"[AGG] INJ/USDC: strategy[2]=StochRSI → HOLD conf=0.20 \"StochRSI K=96.5 D=77.2 — no extreme crossover\"","timestamp":"2026-09-19T00:00:04.989Z"}
{"level":"debug","message":"[AGG] INJ/USDC: votes BUY=0.00 SELL=0.00 HOLD=0.50 total_voters=3 external=0","timestamp":"2026-09-19T00:00:04.989Z"}
{"level":"debug","message":"[AGG] INJ/USDC: decision=HOLD confidence=0.17 tie=false belowMin=true (minConf=0.35750000000000004)","timestamp":"2026-09-19T00:00:04.989Z"}
{"level":"debug","message":"[CYCLE] ETH/USDC: starting cycle, candles=1551 lastClose=2612.53000000 lastTs=2026-09-19T00:00:00.000Z","timestamp":"2026-09-19T00:00:04.996Z"}
{"level":"debug","message":"[AGG] ETH/USDC: strategy[0]=Supertrend → HOLD conf=0.10 \"Supertrend uptrend continues (ST 2337.2621)\"","timestamp":"2026-09-19T00:00:05.001Z"}
{"level":"debug","message":"[AGG] ETH/USDC: strategy[1]=MFI → HOLD conf=0.20 \"MFI 51.1 neutral\"","timestamp":"2026-09-19T00:00:05.001Z"}
{"level":"debug","message":"[AGG] ETH/USDC: strategy[2]=SupportResistance → BUY conf=0.62 \"Support 2613.4000 (3×)\"","timestamp":"2026-09-19T00:00:05.001Z"}
{"level":"debug","message":"[AGG] ETH/USDC: votes BUY=0.62 SELL=0.00 HOLD=0.30 total_voters=3 external=0","timestamp":"2026-09-19T00:00:05.001Z"}
{"level":"debug","message":"[AGG] ETH/USDC: decision=HOLD confidence=0.21 tie=false belowMin=true (minConf=0.35750000000000004)","timestamp":"2026-09-19T00:00:05.001Z"}
{"level":"debug","message":"[CYCLE] PEPE/USDC: starting cycle, candles=1551 lastClose=0.00000381 lastTs=2026-09-19T00:00:00.000Z","timestamp":"2026-09-19T00:00:05.022Z"}
{"level":"debug","message":"[AGG] PEPE/USDC: strategy[0]=EMA → HOLD conf=0.20 \"No EMA crossover (fast 0.0000 vs slow 0.0000)\"","timestamp":"2026-09-19T00:00:05.023Z"}
{"level":"debug","message":"[AGG] PEPE/USDC: strategy[1]=Supertrend → BUY conf=0.90 \"Supertrend flipped bullish ↑ (ST 0.0000)\"","timestamp":"2026-09-19T00:00:05.023Z"}
{"level":"debug","message":"[AGG] PEPE/USDC: strategy[2]=OBV → HOLD conf=0.20 \"OBV above EMA-20 — no cross\"","timestamp":"2026-09-19T00:00:05.023Z"}
{"level":"debug","message":"[AGG] PEPE/USDC: votes BUY=0.90 SELL=0.00 HOLD=0.40 total_voters=3 external=0","timestamp":"2026-09-19T00:00:05.023Z"}
{"level":"debug","message":"[AGG] PEPE/USDC: decision=HOLD confidence=0.30 tie=false belowMin=true (minConf=0.35750000000000004)","timestamp":"2026-09-19T00:00:05.023Z"}
{"level":"debug","message":"[CYCLE] WLD/USDC: starting cycle, candles=1551 lastClose=0.42430000 lastTs=2026-09-19T00:00:00.000Z","timestamp":"2026-09-19T00:00:05.029Z"}
{"level":"debug","message":"[AGG] WLD/USDC: strategy[0]=BollingerBands → HOLD conf=0.20 \"Price 0.4243 inside BB [0.3493–0.4419]\"","timestamp":"2026-09-19T00:00:05.039Z"}
{"level":"debug","message":"[AGG] WLD/USDC: strategy[1]=CCI → HOLD conf=0.55 \"CCI 113.5 overbought — still rising, wait\"","timestamp":"2026-09-19T00:00:05.039Z"}
{"level":"debug","message":"[AGG] WLD/USDC: strategy[2]=ADX → HOLD conf=0.10 \"ADX 20.3 < 25 — ranging, skip\"","timestamp":"2026-09-19T00:00:05.039Z"}
{"level":"debug","message":"[AGG] WLD/USDC: votes BUY=0.00 SELL=0.00 HOLD=0.85 total_voters=3 external=0","timestamp":"2026-09-19T00:00:05.039Z"}
{"level":"debug","message":"[AGG] WLD/USDC: decision=HOLD confidence=0.28 tie=false belowMin=true (minConf=0.35750000000000004)","timestamp":"2026-09-19T00:00:05.039Z"}
{"level":"debug","message":"[CYCLE] RENDER/USDC: starting cycle, candles=1551 lastClose=1.54900000 lastTs=2026-09-19T00:00:00.000Z","timestamp":"2026-09-19T00:00:05.078Z"}
{"level":"debug","message":"[AGG] RENDER/USDC: strategy[0]=EMA → BUY conf=0.80 \"EMA12 crossed above EMA26 — both rising ↑\"","timestamp":"2026-09-19T00:00:05.083Z"}
{"level":"debug","message":"[AGG] RENDER/USDC: strategy[1]=OBV → HOLD conf=0.20 \"OBV above EMA-20 — no cross\"","timestamp":"2026-09-19T00:00:05.083Z"}
{"level":"debug","message":"[AGG] RENDER/USDC: strategy[2]=WilliamsR → HOLD conf=0.82 \"%R -4.0 overbought — still rising, wait\"","timestamp":"2026-09-19T00:00:05.083Z"}
{"level":"debug","message":"[AGG] RENDER/USDC: votes BUY=0.80 SELL=0.00 HOLD=1.02 total_voters=3 external=0","timestamp":"2026-09-19T00:00:05.083Z"}
{"level":"debug","message":"[AGG] RENDER/USDC: decision=HOLD confidence=0.34 tie=false belowMin=true (minConf=0.35750000000000004)","timestamp":"2026-09-19T00:00:05.083Z"}
{"level":"debug","message":"[CYCLE] ICP/USDC: starting cycle, candles=1551 lastClose=2.86200000 lastTs=2026-09-19T00:00:00.000Z","timestamp":"2026-09-19T00:00:05.115Z"}
{"level":"debug","message":"[AGG] ICP/USDC: strategy[0]=RSI → HOLD conf=0.20 \"RSI 61.3 neutral\"","timestamp":"2026-09-19T00:00:05.123Z"}
{"level":"debug","message":"[AGG] ICP/USDC: strategy[1]=BollingerBands → HOLD conf=0.20 \"Price 2.8620 inside BB [2.4829–2.9199]\"","timestamp":"2026-09-19T00:00:05.124Z"}
{"level":"debug","message":"[AGG] ICP/USDC: strategy[2]=Stochastic → HOLD conf=0.20 \"Stoch K=94.9 D=70.7 — no crossover in extreme zone\"","timestamp":"2026-09-19T00:00:05.124Z"}
{"level":"debug","message":"[AGG] ICP/USDC: votes BUY=0.00 SELL=0.00 HOLD=0.60 total_voters=3 external=0","timestamp":"2026-09-19T00:00:05.124Z"}
{"level":"debug","message":"[AGG] ICP/USDC: decision=HOLD confidence=0.20 tie=false belowMin=true (minConf=0.35750000000000004)","timestamp":"2026-09-19T00:00:05.124Z"}
{"level":"debug","message":"[CYCLE] APT/USDC: starting cycle, candles=1551 lastClose=0.73100000 lastTs=2026-09-19T00:00:00.000Z","timestamp":"2026-09-19T00:00:05.127Z"}
{"level":"debug","message":"[AGG] APT/USDC: strategy[0]=BollingerBands → SELL conf=0.70 \"Price 0.7310 ≥ upper BB 0.6951 (bw 29.8%)\"","timestamp":"2026-09-19T00:00:05.142Z"}
{"level":"debug","message":"[AGG] APT/USDC: strategy[1]=Stochastic → HOLD conf=0.20 \"Stoch K=93.2 D=77.6 — no crossover in extreme zone\"","timestamp":"2026-09-19T00:00:05.142Z"}
{"level":"debug","message":"[AGG] APT/USDC: strategy[2]=MFI → HOLD conf=0.20 \"MFI 73.5 neutral\"","timestamp":"2026-09-19T00:00:05.142Z"}
{"level":"debug","message":"[AGG] APT/USDC: votes BUY=0.00 SELL=0.70 HOLD=0.40 total_voters=3 external=0","timestamp":"2026-09-19T00:00:05.142Z"}
{"level":"debug","message":"[AGG] APT/USDC: decision=HOLD confidence=0.23 tie=false belowMin=true (minConf=0.35750000000000004)","timestamp":"2026-09-19T00:00:05.142Z"}
{"level":"debug","message":"[CYCLE] ARB/USDC: starting cycle, candles=1551 lastClose=0.22110000 lastTs=2026-09-19T00:00:00.000Z","timestamp":"2026-09-19T00:00:05.146Z"}
{"level":"debug","message":"[AGG] ARB/USDC: strategy[0]=RSI → HOLD conf=0.62 \"RSI 79.3 overbought — still rising, wait\"","timestamp":"2026-09-19T00:00:05.148Z"}
{"level":"debug","message":"[AGG] ARB/USDC: strategy[1]=WilliamsR → HOLD conf=0.73 \"%R -8.3 overbought — still rising, wait\"","timestamp":"2026-09-19T00:00:05.149Z"}
{"level":"debug","message":"[AGG] ARB/USDC: strategy[2]=HeikinAshi → HOLD conf=0.15 \"HA bullish continuation\"","timestamp":"2026-09-19T00:00:05.149Z"}
{"level":"debug","message":"[AGG] ARB/USDC: votes BUY=0.00 SELL=0.00 HOLD=1.50 total_voters=3 external=0","timestamp":"2026-09-19T00:00:05.149Z"}
{"level":"debug","message":"[AGG] ARB/USDC: decision=HOLD confidence=0.50 tie=false belowMin=false (minConf=0.35750000000000004)","timestamp":"2026-09-19T00:00:05.149Z"}
{"level":"debug","message":"[CYCLE] LINK/USDC: sizing positionPct=0.1284 (base=0.15 atr=0.03494176372712148 regime=on conf=0.30 macro=bull mtf=1.0)","timestamp":"2026-09-19T00:00:05.157Z"}
{"level":"info","message":"LINK/USDC: decision=HOLD confidence=30% price=12.22500000 external_signals=0","timestamp":"2026-09-19T00:00:05.157Z"}
{"level":"info","message":"LINK/USDC: Price 12.2250 ≥ upper BB 12.1699 (bw 12.2%) | Stoch K=89.2 D=70.9 — no crossover in extreme zone | Supertrend flipped bullish ↑ (ST 10.7062)","timestamp":"2026-09-19T00:00:05.157Z"}
{"level":"warn","message":"GMX/USDC: candle series stale (newest bar 71.0d old) — skipping cycle","timestamp":"2026-09-19T00:00:05.169Z"}
{"level":"warn","message":"LSK/USDC: candle series stale (newest bar 99.0d old) — skipping cycle","timestamp":"2026-09-19T00:00:05.269Z"}
{"level":"debug","message":"[CYCLE] PIXEL/USDC: starting cycle, candles=1551 lastClose=0.00517000 lastTs=2026-09-19T00:00:00.000Z","timestamp":"2026-09-19T00:00:05.310Z"}
{"level":"debug","message":"[AGG] PIXEL/USDC: strategy[0]=EMA → HOLD conf=0.20 \"No EMA crossover (fast 0.0049 vs slow 0.0049)\"","timestamp":"2026-09-19T00:00:05.314Z"}
{"level":"debug","message":"[AGG] PIXEL/USDC: strategy[1]=ADX → HOLD conf=0.10 \"ADX 16.7 < 20 — ranging, skip\"","timestamp":"2026-09-19T00:00:05.314Z"}
{"level":"debug","message":"[AGG] PIXEL/USDC: strategy[2]=SupportResistance → HOLD conf=0.10 \"No significant S/R zone nearby\"","timestamp":"2026-09-19T00:00:05.314Z"}
{"level":"debug","message":"[AGG] PIXEL/USDC: votes BUY=0.00 SELL=0.00 HOLD=0.40 total_voters=3 external=0","timestamp":"2026-09-19T00:00:05.314Z"}
{"level":"debug","message":"[AGG] PIXEL/USDC: decision=HOLD confidence=0.13 tie=false belowMin=true (minConf=0.35750000000000004)","timestamp":"2026-09-19T00:00:05.314Z"}
{"level":"warn","message":"VANRY/USDC: candle series stale (newest bar 33.0d old) — skipping cycle","timestamp":"2026-09-19T00:00:05.365Z"}
{"level":"debug","message":"[CYCLE] DOGE/USDC: starting cycle, candles=1551 lastClose=0.08744000 lastTs=2026-09-19T00:00:00.000Z","timestamp":"2026-09-19T00:00:05.470Z"}
{"level":"debug","message":"[AGG] DOGE/USDC: strategy[0]=EMA → HOLD conf=0.20 \"No EMA crossover (fast 0.0835 vs slow 0.0841)\"","timestamp":"2026-09-19T00:00:05.471Z"}
{"level":"debug","message":"[AGG] DOGE/USDC: strategy[1]=PSAR → HOLD conf=0.10 \"PSAR uptrend continues (SAR 0.0785)\"","timestamp":"2026-09-19T00:00:05.471Z"}
{"level":"debug","message":"[AGG] DOGE/USDC: strategy[2]=HeikinAshi → HOLD conf=0.15 \"HA bullish continuation\"","timestamp":"2026-09-19T00:00:05.471Z"}
{"level":"debug","message":"[AGG] DOGE/USDC: votes BUY=0.00 SELL=0.00 HOLD=0.45 total_voters=3 external=0","timestamp":"2026-09-19T00:00:05.471Z"}
{"level":"debug","message":"[AGG] DOGE/USDC: decision=HOLD confidence=0.15 tie=false belowMin=true (minConf=0.35750000000000004)","timestamp":"2026-09-19T00:00:05.471Z"}
{"level":"debug","message":"[CYCLE] XRP/USDC: sizing positionPct=0.0460 (base=0.15 atr=0.03494176372712148 regime=on conf=0.20 macro=bull mtf=1.0)","timestamp":"2026-09-19T00:00:05.493Z"}
{"level":"info","message":"XRP/USDC: decision=HOLD confidence=20% price=1.39620000 external_signals=0","timestamp":"2026-09-19T00:00:05.493Z"}
{"level":"info","message":"XRP/USDC: Price 1.3962 inside BB [1.2640–1.4411] | Stoch K=60.9 D=37.1 — no crossover in extreme zone | No EMA crossover (fast 1.3411 vs slow 1.3535)","timestamp":"2026-09-19T00:00:05.493Z"}
{"level":"debug","message":"[CYCLE] BNB/USDC: sizing positionPct=0.2183 (base=0.15 atr=0.03494176372712148 regime=on conf=0.31 macro=bull mtf=1.0)","timestamp":"2026-09-19T00:00:05.554Z"}
{"level":"info","message":"BNB/USDC: decision=HOLD confidence=31% price=761.21000000 external_signals=0","timestamp":"2026-09-19T00:00:05.554Z"}
{"level":"info","message":"BNB/USDC: %R -11.7 overbought — still rising, wait | HA bullish continuation | No significant S/R zone nearby","timestamp":"2026-09-19T00:00:05.554Z"}
{"level":"warn","message":"TON/USDC: candle series stale (newest bar 81.0d old) — skipping cycle","timestamp":"2026-09-19T00:00:05.574Z"}
{"level":"debug","message":"[CYCLE] JUP/USDC: starting cycle, candles=1551 lastClose=0.26540000 lastTs=2026-09-19T00:00:00.000Z","timestamp":"2026-09-19T00:00:05.677Z"}
{"level":"debug","message":"[AGG] JUP/USDC: strategy[0]=BollingerBands → SELL conf=0.58 \"Price 0.2654 ≥ upper BB 0.2614 (bw 22.1%)\"","timestamp":"2026-09-19T00:00:05.690Z"}
{"level":"debug","message":"[AGG] JUP/USDC: strategy[1]=CCI → HOLD conf=0.90 \"CCI 201.3 overbought — still rising, wait\"","timestamp":"2026-09-19T00:00:05.691Z"}
{"level":"debug","message":"[AGG] JUP/USDC: strategy[2]=OBV → HOLD conf=0.20 \"OBV above EMA-20 — no cross\"","timestamp":"2026-09-19T00:00:05.691Z"}
{"level":"debug","message":"[AGG] JUP/USDC: votes BUY=0.00 SELL=0.58 HOLD=1.10 total_voters=3 external=0","timestamp":"2026-09-19T00:00:05.691Z"}
{"level":"debug","message":"[AGG] JUP/USDC: decision=HOLD confidence=0.37 tie=false belowMin=false (minConf=0.35750000000000004)","timestamp":"2026-09-19T00:00:05.691Z"}
{"level":"debug","message":"[CYCLE] LTC/USDC: sizing positionPct=0.2245 (base=0.15 atr=0.03494176372712148 regime=on conf=0.36 macro=bull mtf=1.0)","timestamp":"2026-09-19T00:00:05.758Z"}
{"level":"info","message":"LTC/USDC: decision=HOLD confidence=36% price=58.13000000 external_signals=0","timestamp":"2026-09-19T00:00:05.758Z"}
{"level":"info","message":"LTC/USDC: Price 58.1300 ≥ upper BB 56.3357 (bw 11.5%) | No EMA crossover (fast 53.8816 vs slow 53.1744) | %R -0.7 overbought — still rising, wait","timestamp":"2026-09-19T00:00:05.758Z"}
{"level":"debug","message":"[CYCLE] MANTA/USDC: starting cycle, candles=1551 lastClose=0.06243000 lastTs=2026-09-19T00:00:00.000Z","timestamp":"2026-09-19T00:00:05.772Z"}
{"level":"debug","message":"[AGG] MANTA/USDC: strategy[0]=RSI → HOLD conf=0.20 \"RSI 61.4 neutral\"","timestamp":"2026-09-19T00:00:05.811Z"}
{"level":"debug","message":"[AGG] MANTA/USDC: strategy[1]=BollingerBands → HOLD conf=0.20 \"Price 0.0624 inside BB [0.0557–0.0629]\"","timestamp":"2026-09-19T00:00:05.811Z"}
{"level":"debug","message":"[AGG] MANTA/USDC: strategy[2]=CCI → HOLD conf=0.56 \"CCI 114.5 overbought — still rising, wait\"","timestamp":"2026-09-19T00:00:05.811Z"}
{"level":"debug","message":"[AGG] MANTA/USDC: votes BUY=0.00 SELL=0.00 HOLD=0.96 total_voters=3 external=0","timestamp":"2026-09-19T00:00:05.811Z"}
{"level":"debug","message":"[AGG] MANTA/USDC: decision=HOLD confidence=0.32 tie=false belowMin=true (minConf=0.45499999999999996)","timestamp":"2026-09-19T00:00:05.811Z"}
{"level":"debug","message":"[CYCLE] AVAX/USDC: starting cycle, candles=1551 lastClose=8.20300000 lastTs=2026-09-19T00:00:00.000Z","timestamp":"2026-09-19T00:00:05.820Z"}
{"level":"debug","message":"[AGG] AVAX/USDC: strategy[0]=RSI → HOLD conf=0.20 \"RSI 69.1 neutral\"","timestamp":"2026-09-19T00:00:05.829Z"}
{"level":"debug","message":"[AGG] AVAX/USDC: strategy[1]=MACD → HOLD conf=0.20 \"MACD 0.0797 vs signal 0.0177 hist:0.0621\"","timestamp":"2026-09-19T00:00:05.829Z"}
{"level":"debug","message":"[AGG] AVAX/USDC: strategy[2]=PSAR → HOLD conf=0.10 \"PSAR uptrend continues (SAR 7.2133)\"","timestamp":"2026-09-19T00:00:05.829Z"}
{"level":"debug","message":"[AGG] AVAX/USDC: votes BUY=0.00 SELL=0.00 HOLD=0.50 total_voters=3 external=0","timestamp":"2026-09-19T00:00:05.829Z"}
{"level":"debug","message":"[AGG] AVAX/USDC: decision=HOLD confidence=0.17 tie=false belowMin=true (minConf=0.35750000000000004)","timestamp":"2026-09-19T00:00:05.829Z"}
{"level":"debug","message":"[CYCLE] THETA/USDC: starting cycle, candles=1069 lastClose=0.20880000 lastTs=2026-09-19T00:00:00.000Z","timestamp":"2026-09-19T00:00:05.849Z"}
{"level":"debug","message":"[AGG] THETA/USDC: strategy[0]=RSI → HOLD conf=0.20 \"RSI 64.8 neutral\"","timestamp":"2026-09-19T00:00:05.853Z"}
{"level":"debug","message":"[AGG] THETA/USDC: strategy[1]=CCI → HOLD conf=0.64 \"CCI 133.8 overbought — still rising, wait\"","timestamp":"2026-09-19T00:00:05.853Z"}
{"level":"debug","message":"[AGG] THETA/USDC: strategy[2]=OBV → HOLD conf=0.20 \"OBV above EMA-20 — no cross\"","timestamp":"2026-09-19T00:00:05.853Z"}
{"level":"debug","message":"[AGG] THETA/USDC: votes BUY=0.00 SELL=0.00 HOLD=1.04 total_voters=3 external=0","timestamp":"2026-09-19T00:00:05.853Z"}
{"level":"debug","message":"[AGG] THETA/USDC: decision=HOLD confidence=0.35 tie=false belowMin=true (minConf=0.35750000000000004)","timestamp":"2026-09-19T00:00:05.853Z"}
{"level":"debug","message":"[CYCLE] TRX/USDC: sizing positionPct=0.2169 (base=0.15 atr=0.03494176372712148 regime=on conf=0.20 macro=bull mtf=1.0)","timestamp":"2026-09-19T00:00:05.951Z"}
{"level":"info","message":"TRX/USDC: decision=HOLD confidence=20% price=0.33830000 external_signals=0","timestamp":"2026-09-19T00:00:05.951Z"}
{"level":"info","message":"TRX/USDC: CCI 21.5 neutral | Stoch K=53.2 D=41.3 — no crossover in extreme zone | StochRSI K=66.4 D=49.3 — no extreme crossover","timestamp":"2026-09-19T00:00:05.951Z"}
{"level":"debug","message":"[CYCLE] ENA/USDC: starting cycle, candles=1551 lastClose=0.16840000 lastTs=2026-09-19T00:00:00.000Z","timestamp":"2026-09-19T00:00:06.158Z"}
{"level":"debug","message":"[AGG] ENA/USDC: strategy[0]=RSI → HOLD conf=0.20 \"RSI 66.0 neutral\"","timestamp":"2026-09-19T00:00:06.170Z"}
{"level":"debug","message":"[AGG] ENA/USDC: strategy[1]=BollingerBands → SELL conf=0.59 \"Price 0.1683 ≥ upper BB 0.1650 (bw 24.1%)\"","timestamp":"2026-09-19T00:00:06.170Z"}
{"level":"debug","message":"[AGG] ENA/USDC: strategy[2]=CCI → HOLD conf=0.84 \"CCI 183.8 overbought — still rising, wait\"","timestamp":"2026-09-19T00:00:06.170Z"}
{"level":"debug","message":"[AGG] ENA/USDC: votes BUY=0.00 SELL=0.59 HOLD=1.04 total_voters=3 external=0","timestamp":"2026-09-19T00:00:06.170Z"}
{"level":"debug","message":"[AGG] ENA/USDC: decision=HOLD confidence=0.35 tie=false belowMin=true (minConf=0.35750000000000004)","timestamp":"2026-09-19T00:00:06.170Z"}
{"level":"debug","message":"[CYCLE] NEAR/USDC: sizing positionPct=0.0916 (base=0.15 atr=0.03494176372712148 regime=on conf=0.25 macro=bull mtf=1.0)","timestamp":"2026-09-19T00:00:06.181Z"}
{"level":"info","message":"NEAR/USDC: decision=HOLD confidence=25% price=3.76200000 external_signals=0","timestamp":"2026-09-19T00:00:06.181Z"}
{"level":"info","message":"NEAR/USDC: RSI 85.1 overbought — still rising, wait | Price 3.7620 ≥ upper BB 3.3980 (bw 61.1%) | Stoch K=95.3 D=94.1 — no crossover in extreme zone | No significant S/R zone nearby","timestamp":"2026-09-19T00:00:06.181Z"}
{"level":"debug","message":"[CYCLE] BCH/USDC: sizing positionPct=0.1088 (base=0.15 atr=0.03494176372712148 regime=on conf=0.20 macro=bull mtf=1.0)","timestamp":"2026-09-19T00:00:06.540Z"}
{"level":"info","message":"BCH/USDC: decision=HOLD confidence=20% price=255.40000000 external_signals=0","timestamp":"2026-09-19T00:00:06.540Z"}
{"level":"info","message":"BCH/USDC: Price 255.4000 inside BB [205.4611–256.5989] | OBV above EMA-20 — no cross | %R -20.9 neutral","timestamp":"2026-09-19T00:00:06.540Z"}
{"level":"debug","message":"[CYCLE] CRV/USDC: sizing positionPct=0.0692 (base=0.15 atr=0.03494176372712148 regime=on conf=0.13 macro=bull mtf=1.0)","timestamp":"2026-09-19T00:00:06.727Z"}
{"level":"info","message":"CRV/USDC: decision=HOLD confidence=13% price=0.34420000 external_signals=0","timestamp":"2026-09-19T00:00:06.727Z"}
{"level":"info","message":"CRV/USDC: ADX 19.6 < 25 — ranging, skip | StochRSI K=100.0 D=78.6 — no extreme crossover | No significant S/R zone nearby","timestamp":"2026-09-19T00:00:06.727Z"}
{"level":"debug","message":"[CYCLE] ACH/USDC: sizing positionPct=0.1094 (base=0.15 atr=0.03494176372712148 regime=on conf=0.47 macro=bull mtf=1.0)","timestamp":"2026-09-19T00:00:06.752Z"}
{"level":"info","message":"ACH/USDC: decision=HOLD confidence=47% price=0.00584000 external_signals=0","timestamp":"2026-09-19T00:00:06.752Z"}
{"level":"info","message":"ACH/USDC: RSI 71.7 overbought — still rising, wait | Price 0.0058 ≥ upper BB 0.0055 (bw 16.2%) | CCI 384.5 overbought — still rising, wait","timestamp":"2026-09-19T00:00:06.752Z"}
{"level":"debug","message":"[CYCLE] ENS/USDC: sizing positionPct=0.1077 (base=0.15 atr=0.03494176372712148 regime=on conf=0.21 macro=bull mtf=1.0)","timestamp":"2026-09-19T00:00:06.949Z"}
{"level":"info","message":"ENS/USDC: decision=HOLD confidence=21% price=6.26000000 external_signals=0","timestamp":"2026-09-19T00:00:06.949Z"}
{"level":"info","message":"ENS/USDC: Price 6.2600 ≥ upper BB 6.1448 (bw 16.0%) | PSAR uptrend continues (SAR 5.2086) | No significant S/R zone nearby","timestamp":"2026-09-19T00:00:06.949Z"}
{"level":"debug","message":"[CYCLE] JTO/USDC: sizing positionPct=0.0728 (base=0.15 atr=0.03494176372712148 regime=on conf=0.17 macro=bull mtf=1.0)","timestamp":"2026-09-19T00:00:07.152Z"}
{"level":"info","message":"JTO/USDC: decision=HOLD confidence=17% price=0.46110000 external_signals=0","timestamp":"2026-09-19T00:00:07.152Z"}
{"level":"info","message":"JTO/USDC: CCI 85.3 neutral | PSAR uptrend continues (SAR 0.3961) | Resistance 0.4671 (2×)","timestamp":"2026-09-19T00:00:07.152Z"}
{"level":"debug","message":"[CYCLE] LDO/USDC: sizing positionPct=0.1098 (base=0.15 atr=0.03494176372712148 regime=on conf=0.32 macro=bull mtf=1.0)","timestamp":"2026-09-19T00:00:07.351Z"}
{"level":"info","message":"LDO/USDC: decision=HOLD confidence=32% price=0.39110000 external_signals=0","timestamp":"2026-09-19T00:00:07.351Z"}
{"level":"info","message":"LDO/USDC: MACD -0.0015 vs signal -0.0039 hist:0.0024 | ADX 21.6 < 25 — ranging, skip | %R -11.7 overbought — still rising, wait","timestamp":"2026-09-19T00:00:07.351Z"}
{"level":"debug","message":"[CYCLE] PAXG/USDC: sizing positionPct=0.2772 (base=0.15 atr=0.03494176372712148 regime=on conf=0.18 macro=bull mtf=1.0)","timestamp":"2026-09-19T00:00:07.556Z"}
{"level":"info","message":"PAXG/USDC: decision=HOLD confidence=18% price=4369.94000000 external_signals=0","timestamp":"2026-09-19T00:00:07.556Z"}
{"level":"info","message":"PAXG/USDC: MACD -17.7017 vs signal -27.6303 hist:9.9286 | ADX 26.0 downtrend (-DI 18.8 > +DI 15.0) | Supertrend downtrend continues (ST 4428.7050)","timestamp":"2026-09-19T00:00:07.556Z"}
{"level":"debug","message":"[CYCLE] SUI/USDC: sizing positionPct=0.1094 (base=0.15 atr=0.03494176372712148 regime=on conf=0.20 macro=bull mtf=1.0)","timestamp":"2026-09-19T00:00:07.756Z"}
{"level":"info","message":"SUI/USDC: decision=HOLD confidence=20% price=0.81430000 external_signals=0","timestamp":"2026-09-19T00:00:07.757Z"}
{"level":"info","message":"SUI/USDC: RSI 66.3 neutral | Stoch K=94.5 D=86.5 — no crossover in extreme zone | MFI 60.3 neutral","timestamp":"2026-09-19T00:00:07.757Z"}
{"level":"debug","message":"[RISK] SOL/USDC: canTrade=true decision=SELL conf=0.56 positions=0/4 dailyPnL=0.00","timestamp":"2026-09-19T00:00:07.952Z"}
{"level":"debug","message":"[CYCLE] SOL/USDC: sizing positionPct=0.1673 (base=0.15 atr=0.03494176372712148 regime=on conf=0.56 macro=bull mtf=1.0)","timestamp":"2026-09-19T00:00:07.953Z"}
{"level":"info","message":"[LIVE] SOL/USDC: SELL skipped, no open position","timestamp":"2026-09-19T00:00:07.953Z"}
{"level":"info","message":"SOL/USDC: decision=SELL confidence=56% price=112.70000000 external_signals=0","timestamp":"2026-09-19T00:00:07.953Z"}
{"level":"info","message":"SOL/USDC: Price 112.7000 ≥ upper BB 108.0259 (bw 13.0%) | %R -8.7 overbought ↓ reversal confirmed | StochRSI K=100.0 D=97.4 — no extreme crossover","timestamp":"2026-09-19T00:00:07.953Z"}
{"level":"debug","message":"[CYCLE] TIA/USDC: sizing positionPct=0.1044 (base=0.15 atr=0.03494176372712148 regime=on conf=0.37 macro=bull mtf=1.0)","timestamp":"2026-09-19T00:00:08.153Z"}
{"level":"info","message":"TIA/USDC: decision=HOLD confidence=37% price=0.40710000 external_signals=0","timestamp":"2026-09-19T00:00:08.153Z"}
{"level":"info","message":"TIA/USDC: CCI 168.4 overbought — still rising, wait | MACD 0.0004 vs signal -0.0043 hist:0.0047 | HA bullish continuation","timestamp":"2026-09-19T00:00:08.153Z"}
{"level":"debug","message":"[CYCLE] ADA/USDC: sizing positionPct=0.1225 (base=0.15 atr=0.03494176372712148 regime=on conf=0.34 macro=bull mtf=1.0)","timestamp":"2026-09-19T00:00:08.355Z"}
{"level":"info","message":"ADA/USDC: decision=HOLD confidence=34% price=0.22450000 external_signals=0","timestamp":"2026-09-19T00:00:08.355Z"}
{"level":"info","message":"ADA/USDC: RSI 64.5 neutral | Price 0.2244 ≥ upper BB 0.2217 (bw 14.7%) | CCI 181.7 overbought — still rising, wait","timestamp":"2026-09-19T00:00:08.355Z"}
{"level":"debug","message":"[LIVE] BTC/USDC: sizing balance=133.50 maxPositionPct=0.2739 allocation=36.56 rawQty=0.00045198 qty=0.00045 notional=36.40 minNotional=11 minQty=0.00001","timestamp":"2026-09-19T00:00:08.551Z"}
{"level":"debug","message":"[CYCLE] INJ/USDC: sizing positionPct=0.0798 (base=0.15 atr=0.03494176372712148 regime=on conf=0.17 macro=bull mtf=1.0)","timestamp":"2026-09-19T00:00:08.751Z"}
{"level":"info","message":"INJ/USDC: decision=HOLD confidence=17% price=6.67600000 external_signals=0","timestamp":"2026-09-19T00:00:08.751Z"}
{"level":"info","message":"INJ/USDC: ADX 23.9 < 25 — ranging, skip | OBV above EMA-20 — no cross | StochRSI K=96.5 D=77.2 — no extreme crossover","timestamp":"2026-09-19T00:00:08.751Z"}
{"level":"debug","message":"[CYCLE] ETH/USDC: sizing positionPct=0.1435 (base=0.15 atr=0.03494176372712148 regime=on conf=0.21 macro=bull mtf=1.0)","timestamp":"2026-09-19T00:00:08.952Z"}
{"level":"info","message":"ETH/USDC: decision=HOLD confidence=21% price=2612.53000000 external_signals=0","timestamp":"2026-09-19T00:00:08.952Z"}
{"level":"info","message":"ETH/USDC: Supertrend uptrend continues (ST 2337.2621) | MFI 51.1 neutral | Support 2613.4000 (3×)","timestamp":"2026-09-19T00:00:08.952Z"}
{"level":"debug","message":"[CYCLE] PEPE/USDC: sizing positionPct=0.1167 (base=0.15 atr=0.03494176372712148 regime=on conf=0.30 macro=bull mtf=1.0)","timestamp":"2026-09-19T00:00:09.153Z"}
{"level":"info","message":"PEPE/USDC: decision=HOLD confidence=30% price=0.00000381 external_signals=0","timestamp":"2026-09-19T00:00:09.153Z"}
{"level":"info","message":"PEPE/USDC: No EMA crossover (fast 0.0000 vs slow 0.0000) | Supertrend flipped bullish ↑ (ST 0.0000) | OBV above EMA-20 — no cross","timestamp":"2026-09-19T00:00:09.153Z"}
{"level":"debug","message":"[CYCLE] WLD/USDC: sizing positionPct=0.0881 (base=0.15 atr=0.03494176372712148 regime=on conf=0.28 macro=bull mtf=1.0)","timestamp":"2026-09-19T00:00:09.378Z"}
{"level":"info","message":"WLD/USDC: decision=HOLD confidence=28% price=0.42430000 external_signals=0","timestamp":"2026-09-19T00:00:09.379Z"}
{"level":"info","message":"WLD/USDC: Price 0.4243 inside BB [0.3493–0.4419] | CCI 113.5 overbought — still rising, wait | ADX 20.3 < 25 — ranging, skip","timestamp":"2026-09-19T00:00:09.379Z"}
{"level":"debug","message":"[CYCLE] RENDER/USDC: sizing positionPct=0.1389 (base=0.15 atr=0.03494176372712148 regime=on conf=0.34 macro=bull mtf=1.0)","timestamp":"2026-09-19T00:00:09.552Z"}
{"level":"info","message":"RENDER/USDC: decision=HOLD confidence=34% price=1.54900000 external_signals=0","timestamp":"2026-09-19T00:00:09.552Z"}
{"level":"info","message":"RENDER/USDC: EMA12 crossed above EMA26 — both rising ↑ | OBV above EMA-20 — no cross | %R -4.0 overbought — still rising, wait","timestamp":"2026-09-19T00:00:09.552Z"}
{"level":"debug","message":"[CYCLE] ICP/USDC: sizing positionPct=0.0930 (base=0.15 atr=0.03494176372712148 regime=on conf=0.20 macro=bull mtf=1.0)","timestamp":"2026-09-19T00:00:09.757Z"}
{"level":"info","message":"ICP/USDC: decision=HOLD confidence=20% price=2.86200000 external_signals=0","timestamp":"2026-09-19T00:00:09.757Z"}
{"level":"info","message":"ICP/USDC: RSI 61.3 neutral | Price 2.8620 inside BB [2.4829–2.9199] | Stoch K=94.9 D=70.7 — no crossover in extreme zone","timestamp":"2026-09-19T00:00:09.757Z"}
{"level":"debug","message":"[CYCLE] APT/USDC: sizing positionPct=0.1076 (base=0.15 atr=0.03494176372712148 regime=on conf=0.23 macro=bull mtf=1.0)","timestamp":"2026-09-19T00:00:09.951Z"}
{"level":"info","message":"APT/USDC: decision=HOLD confidence=23% price=0.73100000 external_signals=0","timestamp":"2026-09-19T00:00:09.951Z"}
{"level":"info","message":"APT/USDC: Price 0.7310 ≥ upper BB 0.6951 (bw 29.8%) | Stoch K=93.2 D=77.6 — no crossover in extreme zone | MFI 73.5 neutral","timestamp":"2026-09-19T00:00:09.951Z"}
{"level":"debug","message":"[CYCLE] ARB/USDC: sizing positionPct=0.0885 (base=0.15 atr=0.03494176372712148 regime=on conf=0.50 macro=bull mtf=1.0)","timestamp":"2026-09-19T00:00:10.152Z"}
{"level":"info","message":"ARB/USDC: decision=HOLD confidence=50% price=0.22110000 external_signals=0","timestamp":"2026-09-19T00:00:10.152Z"}
{"level":"info","message":"ARB/USDC: RSI 79.3 overbought — still rising, wait | %R -8.3 overbought — still rising, wait | HA bullish continuation","timestamp":"2026-09-19T00:00:10.153Z"}
{"level":"info","message":"LINK/USDC: live balance=133.50 pnl=-0.95 open_positions=2 daily_pnl=0.00 blocked=false","timestamp":"2026-09-19T00:00:10.354Z"}
{"level":"debug","message":"[CYCLE] PIXEL/USDC: sizing positionPct=0.1232 (base=0.15 atr=0.03494176372712148 regime=on conf=0.13 macro=bull mtf=1.0)","timestamp":"2026-09-19T00:00:10.553Z"}
{"level":"info","message":"PIXEL/USDC: decision=HOLD confidence=13% price=0.00517000 external_signals=0","timestamp":"2026-09-19T00:00:10.553Z"}
{"level":"info","message":"PIXEL/USDC: No EMA crossover (fast 0.0049 vs slow 0.0049) | ADX 16.7 < 20 — ranging, skip | No significant S/R zone nearby","timestamp":"2026-09-19T00:00:10.553Z"}
{"level":"debug","message":"[CYCLE] DOGE/USDC: sizing positionPct=0.1151 (base=0.15 atr=0.03494176372712148 regime=on conf=0.15 macro=bull mtf=1.0)","timestamp":"2026-09-19T00:00:10.753Z"}
{"level":"info","message":"DOGE/USDC: decision=HOLD confidence=15% price=0.08744000 external_signals=0","timestamp":"2026-09-19T00:00:10.754Z"}
{"level":"info","message":"DOGE/USDC: No EMA crossover (fast 0.0835 vs slow 0.0841) | PSAR uptrend continues (SAR 0.0785) | HA bullish continuation","timestamp":"2026-09-19T00:00:10.754Z"}
{"level":"info","message":"XRP/USDC: live balance=133.50 pnl=-0.95 open_positions=2 daily_pnl=0.00 blocked=false","timestamp":"2026-09-19T00:00:10.952Z"}
{"level":"info","message":"BNB/USDC: live balance=133.50 pnl=-0.95 open_positions=2 daily_pnl=0.00 blocked=false","timestamp":"2026-09-19T00:00:11.149Z"}
{"level":"debug","message":"[CYCLE] JUP/USDC: sizing positionPct=0.0925 (base=0.15 atr=0.03494176372712148 regime=on conf=0.37 macro=bull mtf=1.0)","timestamp":"2026-09-19T00:00:11.354Z"}
{"level":"info","message":"JUP/USDC: decision=HOLD confidence=37% price=0.26540000 external_signals=0","timestamp":"2026-09-19T00:00:11.354Z"}
{"level":"info","message":"JUP/USDC: Price 0.2654 ≥ upper BB 0.2614 (bw 22.1%) | CCI 201.3 overbought — still rising, wait | OBV above EMA-20 — no cross","timestamp":"2026-09-19T00:00:11.354Z"}
{"level":"info","message":"LTC/USDC: live balance=133.50 pnl=-0.95 open_positions=2 daily_pnl=0.00 blocked=false","timestamp":"2026-09-19T00:00:11.553Z"}
{"level":"debug","message":"[CYCLE] MANTA/USDC: sizing positionPct=0.1571 (base=0.15 atr=0.03494176372712148 regime=on conf=0.32 macro=bull mtf=1.0)","timestamp":"2026-09-19T00:00:11.754Z"}
{"level":"info","message":"MANTA/USDC: decision=HOLD confidence=32% price=0.06243000 external_signals=0","timestamp":"2026-09-19T00:00:11.754Z"}
{"level":"info","message":"MANTA/USDC: RSI 61.4 neutral | Price 0.0624 inside BB [0.0557–0.0629] | CCI 114.5 overbought — still rising, wait","timestamp":"2026-09-19T00:00:11.754Z"}
{"level":"debug","message":"[CYCLE] AVAX/USDC: sizing positionPct=0.1302 (base=0.15 atr=0.03494176372712148 regime=on conf=0.17 macro=bull mtf=1.0)","timestamp":"2026-09-19T00:00:11.954Z"}
{"level":"info","message":"AVAX/USDC: decision=HOLD confidence=17% price=8.20300000 external_signals=0","timestamp":"2026-09-19T00:00:11.954Z"}
{"level":"info","message":"AVAX/USDC: RSI 69.1 neutral | MACD 0.0797 vs signal 0.0177 hist:0.0621 | PSAR uptrend continues (SAR 7.2133)","timestamp":"2026-09-19T00:00:11.955Z"}
{"level":"debug","message":"[CYCLE] THETA/USDC: sizing positionPct=0.1115 (base=0.15 atr=0.03494176372712148 regime=on conf=0.35 macro=bull mtf=1.0)","timestamp":"2026-09-19T00:00:12.152Z"}
{"level":"info","message":"THETA/USDC: decision=HOLD confidence=35% price=0.20880000 external_signals=0","timestamp":"2026-09-19T00:00:12.153Z"}
{"level":"info","message":"THETA/USDC: RSI 64.8 neutral | CCI 133.8 overbought — still rising, wait | OBV above EMA-20 — no cross","timestamp":"2026-09-19T00:00:12.153Z"}
{"level":"info","message":"TRX/USDC: live balance=133.50 pnl=-0.95 open_positions=2 daily_pnl=0.00 blocked=false","timestamp":"2026-09-19T00:00:12.349Z"}
{"level":"debug","message":"[CYCLE] ENA/USDC: sizing positionPct=0.1140 (base=0.15 atr=0.03494176372712148 regime=on conf=0.35 macro=bull mtf=1.0)","timestamp":"2026-09-19T00:00:12.556Z"}
{"level":"info","message":"ENA/USDC: decision=HOLD confidence=35% price=0.16840000 external_signals=0","timestamp":"2026-09-19T00:00:12.556Z"}
{"level":"info","message":"ENA/USDC: RSI 66.0 neutral | Price 0.1683 ≥ upper BB 0.1650 (bw 24.1%) | CCI 183.8 overbought — still rising, wait","timestamp":"2026-09-19T00:00:12.556Z"}
{"level":"info","message":"NEAR/USDC: live balance=133.50 pnl=-0.95 open_positions=2 daily_pnl=0.00 blocked=false","timestamp":"2026-09-19T00:00:12.757Z"}
{"level":"info","message":"BCH/USDC: live balance=133.50 pnl=-0.95 open_positions=2 daily_pnl=0.00 blocked=false","timestamp":"2026-09-19T00:00:12.953Z"}
{"level":"info","message":"CRV/USDC: live balance=133.50 pnl=-0.95 open_positions=2 daily_pnl=0.00 blocked=false","timestamp":"2026-09-19T00:00:13.151Z"}
{"level":"info","message":"ACH/USDC: live balance=133.50 pnl=-0.95 open_positions=2 daily_pnl=0.00 blocked=false","timestamp":"2026-09-19T00:00:13.351Z"}
{"level":"info","message":"ENS/USDC: live balance=133.50 pnl=-0.95 open_positions=2 daily_pnl=0.00 blocked=false","timestamp":"2026-09-19T00:00:13.551Z"}
{"level":"info","message":"JTO/USDC: live balance=133.50 pnl=-0.95 open_positions=2 daily_pnl=0.00 blocked=false","timestamp":"2026-09-19T00:00:13.756Z"}
{"level":"info","message":"LDO/USDC: live balance=133.50 pnl=-0.95 open_positions=2 daily_pnl=0.00 blocked=false","timestamp":"2026-09-19T00:00:13.952Z"}
{"level":"info","message":"PAXG/USDC: live balance=133.50 pnl=-0.95 open_positions=2 daily_pnl=0.00 blocked=false","timestamp":"2026-09-19T00:00:14.153Z"}
{"level":"info","message":"SUI/USDC: live balance=133.50 pnl=-0.95 open_positions=2 daily_pnl=0.00 blocked=false","timestamp":"2026-09-19T00:00:14.349Z"}
{"level":"info","message":"SOL/USDC: live balance=133.50 pnl=-0.95 open_positions=2 daily_pnl=0.00 blocked=false","timestamp":"2026-09-19T00:00:14.555Z"}
{"level":"info","message":"TIA/USDC: live balance=133.50 pnl=-0.95 open_positions=2 daily_pnl=0.00 blocked=false","timestamp":"2026-09-19T00:00:14.753Z"}
{"level":"info","message":"ADA/USDC: live balance=133.50 pnl=-0.95 open_positions=2 daily_pnl=0.00 blocked=false","timestamp":"2026-09-19T00:00:14.951Z"}
{"level":"debug","message":"[LIVE] BTC/USDC: BUY order response id=10351934488 status=closed filled=0.00045 avg=80909.4","timestamp":"2026-09-19T00:00:15.347Z"}
{"level":"info","message":"INJ/USDC: live balance=97.09 pnl=-0.95 open_positions=3 daily_pnl=0.00 blocked=false","timestamp":"2026-09-19T00:00:15.366Z"}
{"level":"info","message":"ETH/USDC: live balance=97.09 pnl=-0.95 open_positions=3 daily_pnl=0.00 blocked=false","timestamp":"2026-09-19T00:00:15.561Z"}
{"level":"info","message":"PEPE/USDC: live balance=97.09 pnl=-0.95 open_positions=3 daily_pnl=0.00 blocked=false","timestamp":"2026-09-19T00:00:15.763Z"}
{"level":"info","message":"WLD/USDC: live balance=97.09 pnl=-0.95 open_positions=3 daily_pnl=0.00 blocked=false","timestamp":"2026-09-19T00:00:15.962Z"}
{"level":"info","message":"RENDER/USDC: live balance=97.09 pnl=-0.95 open_positions=3 daily_pnl=0.00 blocked=false","timestamp":"2026-09-19T00:00:16.165Z"}
{"level":"info","message":"ICP/USDC: live balance=97.09 pnl=-0.95 open_positions=3 daily_pnl=0.00 blocked=false","timestamp":"2026-09-19T00:00:16.364Z"}
{"level":"info","message":"APT/USDC: live balance=97.09 pnl=-0.95 open_positions=3 daily_pnl=0.00 blocked=false","timestamp":"2026-09-19T00:00:16.566Z"}
{"level":"info","message":"ARB/USDC: live balance=97.09 pnl=-0.95 open_positions=3 daily_pnl=0.00 blocked=false","timestamp":"2026-09-19T00:00:16.765Z"}
{"level":"info","message":"PIXEL/USDC: live balance=97.09 pnl=-0.95 open_positions=3 daily_pnl=0.00 blocked=false","timestamp":"2026-09-19T00:00:16.963Z"}
{"level":"info","message":"DOGE/USDC: live balance=97.09 pnl=-0.95 open_positions=3 daily_pnl=0.00 blocked=false","timestamp":"2026-09-19T00:00:17.168Z"}
{"level":"info","message":"JUP/USDC: live balance=97.09 pnl=-0.95 open_positions=3 daily_pnl=0.00 blocked=false","timestamp":"2026-09-19T00:00:17.364Z"}
{"level":"info","message":"MANTA/USDC: live balance=97.09 pnl=-0.95 open_positions=3 daily_pnl=0.00 blocked=false","timestamp":"2026-09-19T00:00:17.564Z"}
{"level":"info","message":"AVAX/USDC: live balance=97.09 pnl=-0.95 open_positions=3 daily_pnl=0.00 blocked=false","timestamp":"2026-09-19T00:00:17.762Z"}
{"level":"info","message":"THETA/USDC: live balance=97.09 pnl=-0.95 open_positions=3 daily_pnl=0.00 blocked=false","timestamp":"2026-09-19T00:00:17.961Z"}
{"level":"info","message":"ENA/USDC: live balance=97.09 pnl=-0.95 open_positions=3 daily_pnl=0.00 blocked=false","timestamp":"2026-09-19T00:00:18.166Z"}
{"level":"info","message":"[LIVE] BUY BTC/USDC qty=0.00045000 price=80909.40000000 balance=97.09 orderId=10351934488","timestamp":"2026-09-19T00:00:18.597Z"}
{"level":"debug","message":"[LIVE] BTC/USDC: position opened SL=76863.93000000 TP=90618.52800000 trailingPct=off","timestamp":"2026-09-19T00:00:18.597Z"}
{"level":"info","message":"[CYCLE] BTC/USDC: TRADE EXECUTED → BUY qty=0.00045 price=80909.4","timestamp":"2026-09-19T00:00:18.597Z"}
{"level":"info","message":"BTC/USDC: decision=BUY confidence=55% price=80888.39000000 external_signals=0","timestamp":"2026-09-19T00:00:18.602Z"}
{"level":"info","message":"BTC/USDC: EMA12 crossed above EMA26 — both rising ↑ | PSAR flipped bullish ↑ — SAR 74908.1600 now below price 80888.3900 | HA bullish continuation","timestamp":"2026-09-19T00:00:18.602Z"}
{"level":"info","message":"BTC/USDC: live balance=97.09 pnl=-0.95 open_positions=3 daily_pnl=0.00 blocked=false","timestamp":"2026-09-19T00:00:19.076Z"}
{"level":"info","message":"[TSM-CORE] rung 2@0.5 (HWM $244.73) · next de-risk at $320 HWM","timestamp":"2026-09-19T00:00:19.390Z"}
{"level":"info","message":"[TSM-CORE] BTC/USDC: votes 3/3 (enter ≥3, stay ≥2) · vol 38% → ×1.00 · macro risk-on","timestamp":"2026-09-19T00:00:19.638Z"}
{"level":"info","message":"[TSM-CORE] ETH/USDC: votes 3/3 (enter ≥3, stay ≥2) · vol 45% → ×1.00 · macro risk-on","timestamp":"2026-09-19T00:00:19.638Z"}
{"level":"info","message":"Next cycle aligned to candle close in 720 min (Sat, 19 Sep 2026 12:00:03 GMT)","timestamp":"2026-09-19T00:00:20.091Z"}
{"level":"debug","message":"[RISK-LOOP] checking 3 open position(s)","timestamp":"2026-09-19T00:01:37.502Z"}
{"level":"debug","message":"[LIVE] BTC/USDC: checkRisk price=80914.51000000 SL=76863.93000000 TP=90618.52800000 HWM=80909.40000000 entry=80909.40000000","timestamp":"2026-09-19T00:01:38.475Z"}
{"level":"debug","message":"[RISK-LOOP] checking 3 open position(s)","timestamp":"2026-09-19T00:03:37.686Z"}
{"level":"debug","message":"[LIVE] BTC/USDC: checkRisk price=80853.10000000 SL=76863.93000000 TP=90618.52800000 HWM=80909.40000000 entry=80909.40000000","timestamp":"2026-09-19T00:03:38.658Z"}
{"level":"debug","message":"[RISK-LOOP] checking 3 open position(s)","timestamp":"2026-09-19T00:05:37.514Z"}
{"level":"debug","message":"[LIVE] BTC/USDC: checkRisk price=80882.97000000 SL=76863.93000000 TP=90618.52800000 HWM=80909.40000000 entry=80909.40000000","timestamp":"2026-09-19T00:05:38.493Z"}
{"level":"debug","message":"[RISK-LOOP] checking 3 open position(s)","timestamp":"2026-09-19T00:07:37.511Z"}
{"level":"debug","message":"[LIVE] BTC/USDC: checkRisk price=80932.01000000 SL=76863.93000000 TP=90618.52800000 HWM=80909.40000000 entry=80909.40000000","timestamp":"2026-09-19T00:07:38.485Z"}
{"level":"info","message":"[MTF-CACHE] 15m refresh complete: 37/37 symbols","timestamp":"2026-09-19T00:08:50.495Z"}
{"level":"debug","message":"[RISK-LOOP] checking 3 open position(s)","timestamp":"2026-09-19T00:09:37.513Z"}
{"level":"debug","message":"[LIVE] BTC/USDC: checkRisk price=80843.82000000 SL=76863.93000000 TP=90618.52800000 HWM=80909.40000000 entry=80909.40000000","timestamp":"2026-09-19T00:09:38.490Z"}
{"level":"debug","message":"[RISK-LOOP] checking 3 open position(s)","timestamp":"2026-09-19T00:11:37.516Z"}
{"level":"debug","message":"[LIVE] BTC/USDC: checkRisk price=80926.21000000 SL=76863.93000000 TP=90618.52800000 HWM=80909.40000000 entry=80909.40000000","timestamp":"2026-09-19T00:11:38.488Z"}
{"level":"debug","message":"[RISK-LOOP] checking 3 open position(s)","timestamp":"2026-09-19T00:13:37.697Z"}
{"level":"debug","message":"[LIVE] BTC/USDC: checkRisk price=80909.39000000 SL=76863.93000000 TP=90618.52800000 HWM=80909.40000000 entry=80909.40000000","timestamp":"2026-09-19T00:13:38.670Z"}
{"level":"debug","message":"[RISK-LOOP] checking 3 open position(s)","timestamp":"2026-09-19T00:15:37.520Z"}
{"level":"debug","message":"[LIVE] BTC/USDC: checkRisk price=80972.88000000 SL=76863.93000000 TP=90618.52800000 HWM=80909.40000000 entry=80909.40000000","timestamp":"2026-09-19T00:15:38.495Z"}
{"level":"debug","message":"[RISK-LOOP] checking 3 open position(s)","timestamp":"2026-09-19T00:17:37.526Z"}
{"level":"debug","message":"[LIVE] BTC/USDC: checkRisk price=81013.20000000 SL=76863.93000000 TP=90618.52800000 HWM=80909.40000000 entry=80909.40000000","timestamp":"2026-09-19T00:17:39.125Z"}
{"level":"debug","message":"[RISK-LOOP] checking 3 open position(s)","timestamp":"2026-09-19T00:19:37.989Z"}
{"level":"debug","message":"[LIVE] BTC/USDC: checkRisk price=81059.76000000 SL=76863.93000000 TP=90618.52800000 HWM=80909.40000000 entry=80909.40000000","timestamp":"2026-09-19T00:19:39.072Z"}
{"level":"debug","message":"[RISK-LOOP] checking 3 open position(s)","timestamp":"2026-09-19T00:21:37.526Z"}
{"level":"debug","message":"[LIVE] BTC/USDC: checkRisk price=81016.60000000 SL=76863.93000000 TP=90618.52800000 HWM=80909.40000000 entry=80909.40000000","timestamp":"2026-09-19T00:21:38.499Z"}
{"level":"debug","message":"[RISK-LOOP] checking 3 open position(s)","timestamp":"2026-09-19T00:23:37.710Z"}
{"level":"debug","message":"[LIVE] BTC/USDC: checkRisk price=81077.68000000 SL=76863.93000000 TP=90618.52800000 HWM=80909.40000000 entry=80909.40000000","timestamp":"2026-09-19T00:23:38.685Z"}
{"level":"info","message":"[MTF-CACHE] 15m refresh complete: 37/37 symbols","timestamp":"2026-09-19T00:23:50.353Z"}
{"level":"debug","message":"[RISK-LOOP] checking 3 open position(s)","timestamp":"2026-09-19T00:25:37.534Z"}
{"level":"debug","message":"[LIVE] BTC/USDC: checkRisk price=81060.03000000 SL=76863.93000000 TP=90618.52800000 HWM=80909.40000000 entry=80909.40000000","timestamp":"2026-09-19T00:25:38.506Z"}
{"level":"debug","message":"[RISK-LOOP] checking 3 open position(s)","timestamp":"2026-09-19T00:27:37.536Z"}
{"level":"debug","message":"[LIVE] BTC/USDC: checkRisk price=81074.76000000 SL=76863.93000000 TP=90618.52800000 HWM=80909.40000000 entry=80909.40000000","timestamp":"2026-09-19T00:27:38.512Z"}
{"level":"debug","message":"[RISK-LOOP] checking 3 open position(s)","timestamp":"2026-09-19T00:29:37.542Z"}
{"level":"debug","message":"[LIVE] BTC/USDC: checkRisk price=81095.42000000 SL=76863.93000000 TP=90618.52800000 HWM=80909.40000000 entry=80909.40000000","timestamp":"2026-09-19T00:29:38.513Z"}
{"level":"debug","message":"[RISK-LOOP] checking 3 open position(s)","timestamp":"2026-09-19T00:31:37.539Z"}
{"level":"debug","message":"[LIVE] BTC/USDC: checkRisk price=81157.06000000 SL=76863.93000000 TP=90618.52800000 HWM=80909.40000000 entry=80909.40000000","timestamp":"2026-09-19T00:31:38.510Z"}
{"level":"debug","message":"[RISK-LOOP] checking 3 open position(s)","timestamp":"2026-09-19T00:33:37.718Z"}
{"level":"debug","message":"[LIVE] BTC/USDC: checkRisk price=81188.47000000 SL=76863.93000000 TP=90618.52800000 HWM=80909.40000000 entry=80909.40000000","timestamp":"2026-09-19T00:33:38.695Z"}
{"level":"debug","message":"[RISK-LOOP] checking 3 open position(s)","timestamp":"2026-09-19T00:35:37.541Z"}
{"level":"debug","message":"[LIVE] BTC/USDC: checkRisk price=81265.04000000 SL=76863.93000000 TP=90618.52800000 HWM=80909.40000000 entry=80909.40000000","timestamp":"2026-09-19T00:35:38.512Z"}
{"level":"debug","message":"[RISK-LOOP] checking 3 open position(s)","timestamp":"2026-09-19T00:37:37.547Z"}
{"level":"debug","message":"[LIVE] BTC/USDC: checkRisk price=81244.50000000 SL=76863.93000000 TP=90618.52800000 HWM=80909.40000000 entry=80909.40000000","timestamp":"2026-09-19T00:37:38.697Z"}
{"level":"info","message":"[MTF-CACHE] 15m refresh complete: 37/37 symbols","timestamp":"2026-09-19T00:38:50.778Z"}
{"level":"debug","message":"[RISK-LOOP] checking 3 open position(s)","timestamp":"2026-09-19T00:39:37.545Z"}
{"level":"debug","message":"[LIVE] BTC/USDC: checkRisk price=81258.41000000 SL=76863.93000000 TP=90618.52800000 HWM=80909.40000000 entry=80909.40000000","timestamp":"2026-09-19T00:39:38.517Z"}
{"level":"debug","message":"[RISK-LOOP] checking 3 open position(s)","timestamp":"2026-09-19T00:41:37.552Z"}
{"level":"debug","message":"[LIVE] BTC/USDC: checkRisk price=81260.06000000 SL=76863.93000000 TP=90618.52800000 HWM=80909.40000000 entry=80909.40000000","timestamp":"2026-09-19T00:41:38.523Z"}
{"level":"debug","message":"[RISK-LOOP] checking 3 open position(s)","timestamp":"2026-09-19T00:43:37.730Z"}
{"level":"debug","message":"[LIVE] BTC/USDC: checkRisk price=81264.39000000 SL=76863.93000000 TP=90618.52800000 HWM=80909.40000000 entry=80909.40000000","timestamp":"2026-09-19T00:43:38.704Z"}
{"level":"debug","message":"[RISK-LOOP] checking 3 open position(s)","timestamp":"2026-09-19T00:45:37.554Z"}
{"level":"debug","message":"[LIVE] BTC/USDC: checkRisk price=81315.23000000 SL=76863.93000000 TP=90618.52800000 HWM=80909.40000000 entry=80909.40000000","timestamp":"2026-09-19T00:45:38.528Z"}
{"level":"debug","message":"[RISK-LOOP] checking 3 open position(s)","timestamp":"2026-09-19T00:47:37.556Z"}
{"level":"debug","message":"[LIVE] BTC/USDC: checkRisk price=81262.84000000 SL=76863.93000000 TP=90618.52800000 HWM=80909.40000000 entry=80909.40000000","timestamp":"2026-09-19T00:47:38.526Z"}
{"level":"debug","message":"[RISK-LOOP] checking 3 open position(s)","timestamp":"2026-09-19T00:49:37.567Z"}
{"level":"debug","message":"[LIVE] BTC/USDC: checkRisk price=81280.77000000 SL=76863.93000000 TP=90618.52800000 HWM=80909.40000000 entry=80909.40000000","timestamp":"2026-09-19T00:49:38.543Z"}
{"level":"debug","message":"[RISK-LOOP] checking 3 open position(s)","timestamp":"2026-09-19T00:51:37.563Z"}
{"level":"debug","message":"[LIVE] BTC/USDC: checkRisk price=81323.09000000 SL=76863.93000000 TP=90618.52800000 HWM=80909.40000000 entry=80909.40000000","timestamp":"2026-09-19T00:51:38.537Z"}
{"level":"debug","message":"[RISK-LOOP] checking 3 open position(s)","timestamp":"2026-09-19T00:53:37.560Z"}
{"level":"debug","message":"[LIVE] BTC/USDC: checkRisk price=81406.00000000 SL=76863.93000000 TP=90618.52800000 HWM=80909.40000000 entry=80909.40000000","timestamp":"2026-09-19T00:53:38.534Z"}
{"level":"info","message":"[MTF-CACHE] 15m refresh complete: 37/37 symbols","timestamp":"2026-09-19T00:53:53.059Z"}
{"level":"debug","message":"[RISK-LOOP] checking 3 open position(s)","timestamp":"2026-09-19T00:55:37.565Z"}
{"level":"debug","message":"[LIVE] BTC/USDC: checkRisk price=81473.17000000 SL=76863.93000000 TP=90618.52800000 HWM=80909.40000000 entry=80909.40000000","timestamp":"2026-09-19T00:55:38.543Z"}
{"level":"debug","message":"[RISK-LOOP] checking 3 open position(s)","timestamp":"2026-09-19T00:57:37.564Z"}
{"level":"debug","message":"[LIVE] BTC/USDC: checkRisk price=81504.72000000 SL=76863.93000000 TP=90618.52800000 HWM=80909.40000000 entry=80909.40000000","timestamp":"2026-09-19T00:57:38.542Z"}
{"level":"debug","message":"[RISK-LOOP] checking 3 open position(s)","timestamp":"2026-09-19T00:59:37.566Z"}
{"level":"debug","message":"[LIVE] BTC/USDC: checkRisk price=81658.53000000 SL=76863.93000000 TP=90618.52800000 HWM=80909.40000000 entry=80909.40000000","timestamp":"2026-09-19T00:59:38.538Z"}
{"level":"debug","message":"[RISK-LOOP] checking 3 open position(s)","timestamp":"2026-09-19T01:01:37.565Z"}
{"level":"debug","message":"[LIVE] BTC/USDC: checkRisk price=81680.85000000 SL=76863.93000000 TP=90618.52800000 HWM=80909.40000000 entry=80909.40000000","timestamp":"2026-09-19T01:01:38.538Z"}
{"level":"debug","message":"[RISK-LOOP] checking 3 open position(s)","timestamp":"2026-09-19T01:03:37.570Z"}
{"level":"debug","message":"[LIVE] BTC/USDC: checkRisk price=81570.34000000 SL=76863.93000000 TP=90618.52800000 HWM=80909.40000000 entry=80909.40000000","timestamp":"2026-09-19T01:03:38.707Z"}
{"level":"debug","message":"[RISK-LOOP] checking 3 open position(s)","timestamp":"2026-09-19T01:05:37.569Z"}
{"level":"debug","message":"[LIVE] BTC/USDC: checkRisk price=81466.15000000 SL=76863.93000000 TP=90618.52800000 HWM=80909.40000000 entry=80909.40000000","timestamp":"2026-09-19T01:05:38.539Z"}
{"level":"debug","message":"[RISK-LOOP] checking 3 open position(s)","timestamp":"2026-09-19T01:07:37.578Z"}
{"level":"debug","message":"[LIVE] BTC/USDC: checkRisk price=81478.42000000 SL=76863.93000000 TP=90618.52800000 HWM=80909.40000000 entry=80909.40000000","timestamp":"2026-09-19T01:07:38.876Z"}
{"level":"info","message":"[MTF-CACHE] 15m refresh complete: 37/37 symbols","timestamp":"2026-09-19T01:08:55.794Z"}
{"level":"debug","message":"[RISK-LOOP] checking 3 open position(s)","timestamp":"2026-09-19T01:09:37.573Z"}
{"level":"debug","message":"[LIVE] BTC/USDC: checkRisk price=81410.61000000 SL=76863.93000000 TP=90618.52800000 HWM=80909.40000000 entry=80909.40000000","timestamp":"2026-09-19T01:09:38.545Z"}
{"level":"debug","message":"[RISK-LOOP] checking 3 open position(s)","timestamp":"2026-09-19T01:11:37.573Z"}
{"level":"debug","message":"[LIVE] BTC/USDC: checkRisk price=81327.31000000 SL=76863.93000000 TP=90618.52800000 HWM=80909.40000000 entry=80909.40000000","timestamp":"2026-09-19T01:11:38.543Z"}
{"level":"debug","message":"[RISK-LOOP] checking 3 open position(s)","timestamp":"2026-09-19T01:13:37.572Z"}
{"level":"debug","message":"[LIVE] BTC/USDC: checkRisk price=81313.70000000 SL=76863.93000000 TP=90618.52800000 HWM=80909.40000000 entry=80909.40000000","timestamp":"2026-09-19T01:13:38.543Z"}
{"level":"debug","message":"[RISK-LOOP] checking 3 open position(s)","timestamp":"2026-09-19T01:15:37.577Z"}
{"level":"debug","message":"[LIVE] BTC/USDC: checkRisk price=81275.62000000 SL=76863.93000000 TP=90618.52800000 HWM=80909.40000000 entry=80909.40000000","timestamp":"2026-09-19T01:15:38.549Z"}
{"level":"debug","message":"[RISK-LOOP] checking 3 open position(s)","timestamp":"2026-09-19T01:17:37.576Z"}
{"level":"debug","message":"[LIVE] BTC/USDC: checkRisk price=81240.91000000 SL=76863.93000000 TP=90618.52800000 HWM=80909.40000000 entry=80909.40000000","timestamp":"2026-09-19T01:17:38.552Z"}
{"level":"debug","message":"[RISK-LOOP] checking 3 open position(s)","timestamp":"2026-09-19T01:19:37.581Z"}
{"level":"debug","message":"[LIVE] BTC/USDC: checkRisk price=81174.76000000 SL=76863.93000000 TP=90618.52800000 HWM=80909.40000000 entry=80909.40000000","timestamp":"2026-09-19T01:19:38.554Z"}
{"level":"debug","message":"[RISK-LOOP] checking 3 open position(s)","timestamp":"2026-09-19T01:21:37.578Z"}
{"level":"debug","message":"[LIVE] BTC/USDC: checkRisk price=81166.19000000 SL=76863.93000000 TP=90618.52800000 HWM=80909.40000000 entry=80909.40000000","timestamp":"2026-09-19T01:21:38.548Z"}
{"level":"debug","message":"[RISK-LOOP] checking 3 open position(s)","timestamp":"2026-09-19T01:23:37.579Z"}
{"level":"debug","message":"[LIVE] BTC/USDC: checkRisk price=81242.94000000 SL=76863.93000000 TP=90618.52800000 HWM=80909.40000000 entry=80909.40000000","timestamp":"2026-09-19T01:23:38.547Z"}
{"level":"info","message":"[MTF-CACHE] 15m refresh complete: 37/37 symbols","timestamp":"2026-09-19T01:23:51.856Z"}
{"level":"debug","message":"[RISK-LOOP] checking 3 open position(s)","timestamp":"2026-09-19T01:25:37.578Z"}
{"level":"debug","message":"[LIVE] BTC/USDC: checkRisk price=81297.59000000 SL=76863.93000000 TP=90618.52800000 HWM=80909.40000000 entry=80909.40000000","timestamp":"2026-09-19T01:25:38.546Z"}
{"level":"debug","message":"[RISK-LOOP] checking 3 open position(s)","timestamp":"2026-09-19T01:27:37.579Z"}
{"level":"debug","message":"[LIVE] BTC/USDC: checkRisk price=81310.83000000 SL=76863.93000000 TP=90618.52800000 HWM=80909.40000000 entry=80909.40000000","timestamp":"2026-09-19T01:27:38.552Z"}
{"level":"debug","message":"[RISK-LOOP] checking 3 open position(s)","timestamp":"2026-09-19T01:29:37.581Z"}
{"level":"debug","message":"[LIVE] BTC/USDC: checkRisk price=81246.46000000 SL=76863.93000000 TP=90618.52800000 HWM=80909.40000000 entry=80909.40000000","timestamp":"2026-09-19T01:29:38.551Z"}
{"level":"debug","message":"[RISK-LOOP] checking 3 open position(s)","timestamp":"2026-09-19T01:31:37.584Z"}
{"level":"debug","message":"[LIVE] BTC/USDC: checkRisk price=81189.88000000 SL=76863.93000000 TP=90618.52800000 HWM=80909.40000000 entry=80909.40000000","timestamp":"2026-09-19T01:31:38.561Z"}
{"level":"debug","message":"[RISK-LOOP] checking 3 open position(s)","timestamp":"2026-09-19T01:33:37.582Z"}
{"level":"debug","message":"[LIVE] BTC/USDC: checkRisk price=81153.73000000 SL=76863.93000000 TP=90618.52800000 HWM=80909.40000000 entry=80909.40000000","timestamp":"2026-09-19T01:33:38.556Z"}
{"level":"debug","message":"[RISK-LOOP] checking 3 open position(s)","timestamp":"2026-09-19T01:35:37.585Z"}
{"level":"debug","message":"[LIVE] BTC/USDC: checkRisk price=81088.42000000 SL=76863.93000000 TP=90618.52800000 HWM=80909.40000000 entry=80909.40000000","timestamp":"2026-09-19T01:35:38.559Z"}
{"level":"debug","message":"[RISK-LOOP] checking 3 open position(s)","timestamp":"2026-09-19T01:37:37.584Z"}
{"level":"debug","message":"[LIVE] BTC/USDC: checkRisk price=81122.17000000 SL=76863.93000000 TP=90618.52800000 HWM=80909.40000000 entry=80909.40000000","timestamp":"2026-09-19T01:37:38.556Z"}
{"level":"info","message":"[MTF-CACHE] 15m refresh complete: 37/37 symbols","timestamp":"2026-09-19T01:38:50.354Z"}
{"level":"debug","message":"[RISK-LOOP] checking 3 open position(s)","timestamp":"2026-09-19T01:39:37.587Z"}
{"level":"debug","message":"[LIVE] BTC/USDC: checkRisk price=81150.00000000 SL=76863.93000000 TP=90618.52800000 HWM=80909.40000000 entry=80909.40000000","timestamp":"2026-09-19T01:39:38.559Z"}
{"level":"debug","message":"[RISK-LOOP] checking 3 open position(s)","timestamp":"2026-09-19T01:41:37.585Z"}
{"level":"debug","message":"[LIVE] BTC/USDC: checkRisk price=81112.70000000 SL=76863.93000000 TP=90618.52800000 HWM=80909.40000000 entry=80909.40000000","timestamp":"2026-09-19T01:41:38.561Z"}
{"level":"debug","message":"[RISK-LOOP] checking 3 open position(s)","timestamp":"2026-09-19T01:43:37.588Z"}
{"level":"debug","message":"[LIVE] BTC/USDC: checkRisk price=81163.33000000 SL=76863.93000000 TP=90618.52800000 HWM=80909.40000000 entry=80909.40000000","timestamp":"2026-09-19T01:43:38.562Z"}
{"level":"debug","message":"[RISK-LOOP] checking 3 open position(s)","timestamp":"2026-09-19T01:45:37.586Z"}
{"level":"debug","message":"[LIVE] BTC/USDC: checkRisk price=81210.16000000 SL=76863.93000000 TP=90618.52800000 HWM=80909.40000000 entry=80909.40000000","timestamp":"2026-09-19T01:45:38.559Z"}
{"level":"debug","message":"[RISK-LOOP] checking 3 open position(s)","timestamp":"2026-09-19T01:47:37.587Z"}
{"level":"debug","message":"[LIVE] BTC/USDC: checkRisk price=81266.73000000 SL=76863.93000000 TP=90618.52800000 HWM=80909.40000000 entry=80909.40000000","timestamp":"2026-09-19T01:47:38.568Z"}
{"level":"debug","message":"[RISK-LOOP] checking 3 open position(s)","timestamp":"2026-09-19T01:49:37.587Z"}
{"level":"debug","message":"[LIVE] BTC/USDC: checkRisk price=81303.64000000 SL=76863.93000000 TP=90618.52800000 HWM=80909.40000000 entry=80909.40000000","timestamp":"2026-09-19T01:49:38.560Z"}
{"level":"debug","message":"[RISK-LOOP] checking 3 open position(s)","timestamp":"2026-09-19T01:51:37.591Z"}
{"level":"debug","message":"[LIVE] BTC/USDC: checkRisk price=81322.88000000 SL=76863.93000000 TP=90618.52800000 HWM=80909.40000000 entry=80909.40000000","timestamp":"2026-09-19T01:51:38.776Z"}
{"level":"debug","message":"[RISK-LOOP] checking 3 open position(s)","timestamp":"2026-09-19T01:53:37.627Z"}
{"level":"debug","message":"[LIVE] BTC/USDC: checkRisk price=81353.57000000 SL=76863.93000000 TP=90618.52800000 HWM=80909.40000000 entry=80909.40000000","timestamp":"2026-09-19T01:53:38.601Z"}
{"level":"info","message":"[MTF-CACHE] 15m refresh complete: 37/37 symbols","timestamp":"2026-09-19T01:53:50.422Z"}
{"level":"debug","message":"[RISK-LOOP] checking 3 open position(s)","timestamp":"2026-09-19T01:55:37.585Z"}
{"level":"debug","message":"[LIVE] BTC/USDC: checkRisk price=81266.47000000 SL=76863.93000000 TP=90618.52800000 HWM=80909.40000000 entry=80909.40000000","timestamp":"2026-09-19T01:55:38.561Z"}
{"level":"debug","message":"[RISK-LOOP] checking 3 open position(s)","timestamp":"2026-09-19T01:57:37.588Z"}
{"level":"debug","message":"[LIVE] BTC/USDC: checkRisk price=81306.45000000 SL=76863.93000000 TP=90618.52800000 HWM=80909.40000000 entry=80909.40000000","timestamp":"2026-09-19T01:57:38.559Z"}
{"level":"debug","message":"[RISK-LOOP] checking 3 open position(s)","timestamp":"2026-09-19T01:59:37.590Z"}
{"level":"debug","message":"[LIVE] BTC/USDC: checkRisk price=81259.35000000 SL=76863.93000000 TP=90618.52800000 HWM=80909.40000000 entry=80909.40000000","timestamp":"2026-09-19T01:59:38.566Z"}
{"level":"debug","message":"[RISK-LOOP] checking 3 open position(s)","timestamp":"2026-09-19T02:01:38.082Z"}
{"level":"debug","message":"[LIVE] BTC/USDC: checkRisk price=81270.22000000 SL=76863.93000000 TP=90618.52800000 HWM=80909.40000000 entry=80909.40000000","timestamp":"2026-09-19T02:01:39.060Z"}
{"level":"debug","message":"[RISK-LOOP] checking 3 open position(s)","timestamp":"2026-09-19T02:03:37.769Z"}
{"level":"debug","message":"[LIVE] BTC/USDC: checkRisk price=81253.90000000 SL=76863.93000000 TP=90618.52800000 HWM=80909.40000000 entry=80909.40000000","timestamp":"2026-09-19T02:03:38.563Z"}
{"level":"debug","message":"[RISK-LOOP] checking 3 open position(s)","timestamp":"2026-09-19T02:05:37.738Z"}
{"level":"debug","message":"[LIVE] BTC/USDC: checkRisk price=81269.86000000 SL=76863.93000000 TP=90618.52800000 HWM=80909.40000000 entry=80909.40000000","timestamp":"2026-09-19T02:05:38.710Z"}
{"level":"debug","message":"[RISK-LOOP] checking 3 open position(s)","timestamp":"2026-09-19T02:07:37.838Z"}
{"level":"debug","message":"[LIVE] BTC/USDC: checkRisk price=81239.61000000 SL=76863.93000000 TP=90618.52800000 HWM=80909.40000000 entry=80909.40000000","timestamp":"2026-09-19T02:07:38.814Z"}
{"level":"info","message":"[MTF-CACHE] 15m refresh complete: 37/37 symbols","timestamp":"2026-09-19T02:08:50.416Z"}
{"level":"debug","message":"[RISK-LOOP] checking 3 open position(s)","timestamp":"2026-09-19T02:09:37.770Z"}
{"level":"debug","message":"[LIVE] BTC/USDC: checkRisk price=81336.70000000 SL=76863.93000000 TP=90618.52800000 HWM=80909.40000000 entry=80909.40000000","timestamp":"2026-09-19T02:09:38.561Z"}
{"level":"debug","message":"[RISK-LOOP] checking 3 open position(s)","timestamp":"2026-09-19T02:11:37.767Z"}
{"level":"debug","message":"[LIVE] BTC/USDC: checkRisk price=81375.05000000 SL=76863.93000000 TP=90618.52800000 HWM=80909.40000000 entry=80909.40000000","timestamp":"2026-09-19T02:11:38.559Z"}
{"level":"debug","message":"[RISK-LOOP] checking 3 open position(s)","timestamp":"2026-09-19T02:13:37.850Z"}
{"level":"debug","message":"[LIVE] BTC/USDC: checkRisk price=81387.97000000 SL=76863.93000000 TP=90618.52800000 HWM=80909.40000000 entry=80909.40000000","timestamp":"2026-09-19T02:13:38.686Z"}
{"level":"debug","message":"[RISK-LOOP] checking 3 open position(s)","timestamp":"2026-09-19T02:15:37.769Z"}
{"level":"debug","message":"[LIVE] BTC/USDC: checkRisk price=81350.09000000 SL=76863.93000000 TP=90618.52800000 HWM=80909.40000000 entry=80909.40000000","timestamp":"2026-09-19T02:15:38.566Z"}
{"level":"debug","message":"[RISK-LOOP] checking 3 open position(s)","timestamp":"2026-09-19T02:17:37.589Z"}
{"level":"debug","message":"[LIVE] BTC/USDC: checkRisk price=81313.96000000 SL=76863.93000000 TP=90618.52800000 HWM=80909.40000000 entry=80909.40000000","timestamp":"2026-09-19T02:17:38.556Z"}
{"level":"debug","message":"[RISK-LOOP] checking 3 open position(s)","timestamp":"2026-09-19T02:19:37.592Z"}
{"level":"debug","message":"[LIVE] BTC/USDC: checkRisk price=81344.16000000 SL=76863.93000000 TP=90618.52800000 HWM=80909.40000000 entry=80909.40000000","timestamp":"2026-09-19T02:19:38.567Z"}
{"level":"debug","message":"[RISK-LOOP] checking 3 open position(s)","timestamp":"2026-09-19T02:21:37.591Z"}
{"level":"debug","message":"[LIVE] BTC/USDC: checkRisk price=81333.46000000 SL=76863.93000000 TP=90618.52800000 HWM=80909.40000000 entry=80909.40000000","timestamp":"2026-09-19T02:21:38.597Z"}
{"level":"debug","message":"[RISK-LOOP] checking 3 open position(s)","timestamp":"2026-09-19T02:23:37.773Z"}
{"level":"debug","message":"[LIVE] BTC/USDC: checkRisk price=81400.40000000 SL=76863.93000000 TP=90618.52800000 HWM=80909.40000000 entry=80909.40000000","timestamp":"2026-09-19T02:23:38.745Z"}
{"level":"info","message":"[MTF-CACHE] 15m refresh complete: 37/37 symbols","timestamp":"2026-09-19T02:23:50.507Z"}
{"level":"debug","message":"[RISK-LOOP] checking 3 open position(s)","timestamp":"2026-09-19T02:25:37.596Z"}
{"level":"debug","message":"[LIVE] BTC/USDC: checkRisk price=81365.76000000 SL=76863.93000000 TP=90618.52800000 HWM=80909.40000000 entry=80909.40000000","timestamp":"2026-09-19T02:25:38.691Z"}
{"level":"debug","message":"[RISK-LOOP] checking 3 open position(s)","timestamp":"2026-09-19T02:27:37.598Z"}
{"level":"debug","message":"[LIVE] BTC/USDC: checkRisk price=81367.22000000 SL=76863.93000000 TP=90618.52800000 HWM=80909.40000000 entry=80909.40000000","timestamp":"2026-09-19T02:27:38.753Z"}
{"level":"debug","message":"[RISK-LOOP] checking 3 open position(s)","timestamp":"2026-09-19T02:29:37.605Z"}
{"level":"debug","message":"[LIVE] BTC/USDC: checkRisk price=81341.50000000 SL=76863.93000000 TP=90618.52800000 HWM=80909.40000000 entry=80909.40000000","timestamp":"2026-09-19T02:29:38.757Z"}
{"level":"debug","message":"[RISK-LOOP] checking 3 open position(s)","timestamp":"2026-09-19T02:31:37.606Z"}
{"level":"debug","message":"[LIVE] BTC/USDC: checkRisk price=81350.99000000 SL=76863.93000000 TP=90618.52800000 HWM=80909.40000000 entry=80909.40000000","timestamp":"2026-09-19T02:31:38.760Z"}
{"level":"debug","message":"[RISK-LOOP] checking 3 open position(s)","timestamp":"2026-09-19T02:33:37.827Z"}
{"level":"debug","message":"[LIVE] BTC/USDC: checkRisk price=81387.47000000 SL=76863.93000000 TP=90618.52800000 HWM=80909.40000000 entry=80909.40000000","timestamp":"2026-09-19T02:33:38.942Z"}
{"level":"debug","message":"[RISK-LOOP] checking 3 open position(s)","timestamp":"2026-09-19T02:35:37.609Z"}
{"level":"debug","message":"[LIVE] BTC/USDC: checkRisk price=81318.42000000 SL=76863.93000000 TP=90618.52800000 HWM=80909.40000000 entry=80909.40000000","timestamp":"2026-09-19T02:35:38.763Z"}
{"level":"debug","message":"[RISK-LOOP] checking 3 open position(s)","timestamp":"2026-09-19T02:37:37.612Z"}
{"level":"debug","message":"[LIVE] BTC/USDC: checkRisk price=81382.83000000 SL=76863.93000000 TP=90618.52800000 HWM=80909.40000000 entry=80909.40000000","timestamp":"2026-09-19T02:37:38.763Z"}
{"level":"info","message":"[MTF-CACHE] 15m refresh complete: 37/37 symbols","timestamp":"2026-09-19T02:38:50.407Z"}
{"level":"debug","message":"[RISK-LOOP] checking 3 open position(s)","timestamp":"2026-09-19T02:39:37.614Z"}
{"level":"debug","message":"[LIVE] BTC/USDC: checkRisk price=81317.59000000 SL=76863.93000000 TP=90618.52800000 HWM=80909.40000000 entry=80909.40000000","timestamp":"2026-09-19T02:39:38.764Z"}
{"level":"debug","message":"[RISK-LOOP] checking 3 open position(s)","timestamp":"2026-09-19T02:41:37.616Z"}
{"level":"debug","message":"[LIVE] BTC/USDC: checkRisk price=81279.48000000 SL=76863.93000000 TP=90618.52800000 HWM=80909.40000000 entry=80909.40000000","timestamp":"2026-09-19T02:41:38.769Z"}
{"level":"debug","message":"[RISK-LOOP] checking 3 open position(s)","timestamp":"2026-09-19T02:43:37.801Z"}
{"level":"debug","message":"[LIVE] BTC/USDC: checkRisk price=81306.85000000 SL=76863.93000000 TP=90618.52800000 HWM=80909.40000000 entry=80909.40000000","timestamp":"2026-09-19T02:43:38.952Z"}
{"level":"debug","message":"[RISK-LOOP] checking 3 open position(s)","timestamp":"2026-09-19T02:45:37.624Z"}
{"level":"debug","message":"[LIVE] BTC/USDC: checkRisk price=81279.69000000 SL=76863.93000000 TP=90618.52800000 HWM=80909.40000000 entry=80909.40000000","timestamp":"2026-09-19T02:45:38.776Z"}
{"level":"debug","message":"[RISK-LOOP] checking 3 open position(s)","timestamp":"2026-09-19T02:47:37.625Z"}
{"level":"debug","message":"[LIVE] BTC/USDC: checkRisk price=81276.76000000 SL=76863.93000000 TP=90618.52800000 HWM=80909.40000000 entry=80909.40000000","timestamp":"2026-09-19T02:47:38.779Z"}
{"level":"debug","message":"[RISK-LOOP] checking 3 open position(s)","timestamp":"2026-09-19T02:49:37.628Z"}
{"level":"debug","message":"[LIVE] BTC/USDC: checkRisk price=81296.10000000 SL=76863.93000000 TP=90618.52800000 HWM=80909.40000000 entry=80909.40000000","timestamp":"2026-09-19T02:49:38.777Z"}
{"level":"debug","message":"[RISK-LOOP] checking 3 open position(s)","timestamp":"2026-09-19T02:51:37.630Z"}
{"level":"debug","message":"[LIVE] BTC/USDC: checkRisk price=81297.02000000 SL=76863.93000000 TP=90618.52800000 HWM=80909.40000000 entry=80909.40000000","timestamp":"2026-09-19T02:51:38.597Z"}
{"level":"debug","message":"[RISK-LOOP] checking 3 open position(s)","timestamp":"2026-09-19T02:53:37.814Z"}
{"level":"debug","message":"[LIVE] BTC/USDC: checkRisk price=81296.29000000 SL=76863.93000000 TP=90618.52800000 HWM=80909.40000000 entry=80909.40000000","timestamp":"2026-09-19T02:53:38.967Z"}
{"level":"info","message":"[MTF-CACHE] 15m refresh complete: 37/37 symbols","timestamp":"2026-09-19T02:53:50.325Z"}
{"level":"debug","message":"[RISK-LOOP] checking 3 open position(s)","timestamp":"2026-09-19T02:55:37.636Z"}
{"level":"debug","message":"[LIVE] BTC/USDC: checkRisk price=81279.73000000 SL=76863.93000000 TP=90618.52800000 HWM=80909.40000000 entry=80909.40000000","timestamp":"2026-09-19T02:55:38.608Z"}
{"level":"debug","message":"[RISK-LOOP] checking 3 open position(s)","timestamp":"2026-09-19T02:57:37.637Z"}
{"level":"debug","message":"[LIVE] BTC/USDC: checkRisk price=81253.48000000 SL=76863.93000000 TP=90618.52800000 HWM=80909.40000000 entry=80909.40000000","timestamp":"2026-09-19T02:57:38.616Z"}
{"level":"debug","message":"[RISK-LOOP] checking 3 open position(s)","timestamp":"2026-09-19T02:59:37.640Z"}
{"level":"debug","message":"[LIVE] BTC/USDC: checkRisk price=81276.21000000 SL=76863.93000000 TP=90618.52800000 HWM=80909.40000000 entry=80909.40000000","timestamp":"2026-09-19T02:59:38.612Z"}
{"level":"debug","message":"[RISK-LOOP] checking 3 open position(s)","timestamp":"2026-09-19T03:01:37.647Z"}
{"level":"debug","message":"[LIVE] BTC/USDC: checkRisk price=81317.64000000 SL=76863.93000000 TP=90618.52800000 HWM=80909.40000000 entry=80909.40000000","timestamp":"2026-09-19T03:01:38.618Z"}
{"level":"debug","message":"[RISK-LOOP] checking 3 open position(s)","timestamp":"2026-09-19T03:03:37.957Z"}
{"level":"debug","message":"[LIVE] BTC/USDC: checkRisk price=81285.56000000 SL=76863.93000000 TP=90618.52800000 HWM=80909.40000000 entry=80909.40000000","timestamp":"2026-09-19T03:03:38.928Z"}
{"level":"debug","message":"[RISK-LOOP] checking 3 open position(s)","timestamp":"2026-09-19T03:05:37.654Z"}
{"level":"debug","message":"[LIVE] BTC/USDC: checkRisk price=81340.72000000 SL=76863.93000000 TP=90618.52800000 HWM=80909.40000000 entry=80909.40000000","timestamp":"2026-09-19T03:05:38.630Z"}
{"level":"debug","message":"[RISK-LOOP] checking 3 open position(s)","timestamp":"2026-09-19T03:07:37.655Z"}
{"level":"debug","message":"[LIVE] BTC/USDC: checkRisk price=81308.37000000 SL=76863.93000000 TP=90618.52800000 HWM=80909.40000000 entry=80909.40000000","timestamp":"2026-09-19T03:07:38.627Z"}
{"level":"info","message":"[MTF-CACHE] 15m refresh complete: 37/37 symbols","timestamp":"2026-09-19T03:08:50.361Z"}
{"level":"debug","message":"[RISK-LOOP] checking 3 open position(s)","timestamp":"2026-09-19T03:09:37.657Z"}
{"level":"debug","message":"[LIVE] BTC/USDC: checkRisk price=81316.67000000 SL=76863.93000000 TP=90618.52800000 HWM=80909.40000000 entry=80909.40000000","timestamp":"2026-09-19T03:09:38.628Z"}
{"level":"debug","message":"[RISK-LOOP] checking 3 open position(s)","timestamp":"2026-09-19T03:11:37.659Z"}
{"level":"debug","message":"[LIVE] BTC/USDC: checkRisk price=81280.07000000 SL=76863.93000000 TP=90618.52800000 HWM=80909.40000000 entry=80909.40000000","timestamp":"2026-09-19T03:11:38.629Z"}
{"level":"debug","message":"[RISK-LOOP] checking 3 open position(s)","timestamp":"2026-09-19T03:13:37.844Z"}
{"level":"debug","message":"[LIVE] BTC/USDC: checkRisk price=81286.44000000 SL=76863.93000000 TP=90618.52800000 HWM=80909.40000000 entry=80909.40000000","timestamp":"2026-09-19T03:13:38.816Z"}
{"level":"debug","message":"[RISK-LOOP] checking 3 open position(s)","timestamp":"2026-09-19T03:15:37.665Z"}
{"level":"debug","message":"[LIVE] BTC/USDC: checkRisk price=81264.27000000 SL=76863.93000000 TP=90618.52800000 HWM=80909.40000000 entry=80909.40000000","timestamp":"2026-09-19T03:15:38.639Z"}
{"level":"debug","message":"[RISK-LOOP] checking 3 open position(s)","timestamp":"2026-09-19T03:17:37.666Z"}
{"level":"debug","message":"[LIVE] BTC/USDC: checkRisk price=81217.03000000 SL=76863.93000000 TP=90618.52800000 HWM=80909.40000000 entry=80909.40000000","timestamp":"2026-09-19T03:17:38.635Z"}
{"level":"debug","message":"[RISK-LOOP] checking 3 open position(s)","timestamp":"2026-09-19T03:19:37.670Z"}
{"level":"debug","message":"[LIVE] BTC/USDC: checkRisk price=81193.05000000 SL=76863.93000000 TP=90618.52800000 HWM=80909.40000000 entry=80909.40000000","timestamp":"2026-09-19T03:19:38.641Z"}
{"level":"debug","message":"[RISK-LOOP] checking 3 open position(s)","timestamp":"2026-09-19T03:21:37.674Z"}
{"level":"debug","message":"[LIVE] BTC/USDC: checkRisk price=81213.44000000 SL=76863.93000000 TP=90618.52800000 HWM=80909.40000000 entry=80909.40000000","timestamp":"2026-09-19T03:21:38.651Z"}
{"level":"debug","message":"[RISK-LOOP] checking 3 open position(s)","timestamp":"2026-09-19T03:23:37.858Z"}
{"level":"debug","message":"[LIVE] BTC/USDC: checkRisk price=81186.36000000 SL=76863.93000000 TP=90618.52800000 HWM=80909.40000000 entry=80909.40000000","timestamp":"2026-09-19T03:23:39.038Z"}
{"level":"info","message":"[MTF-CACHE] 15m refresh complete: 37/37 symbols","timestamp":"2026-09-19T03:23:50.173Z"}
{"level":"info","message":"[MTF-CACHE] 4h refresh complete: 37/37 symbols","timestamp":"2026-09-19T03:23:51.478Z"}
{"level":"debug","message":"[RISK-LOOP] checking 3 open position(s)","timestamp":"2026-09-19T03:25:37.676Z"}
{"level":"debug","message":"[LIVE] BTC/USDC: checkRisk price=81163.41000000 SL=76863.93000000 TP=90618.52800000 HWM=80909.40000000 entry=80909.40000000","timestamp":"2026-09-19T03:25:38.652Z"}
{"level":"debug","message":"[RISK-LOOP] checking 3 open position(s)","timestamp":"2026-09-19T03:27:37.678Z"}
{"level":"debug","message":"[LIVE] BTC/USDC: checkRisk price=81175.65000000 SL=76863.93000000 TP=90618.52800000 HWM=80909.40000000 entry=80909.40000000","timestamp":"2026-09-19T03:27:38.649Z"}
{"level":"debug","message":"[RISK-LOOP] checking 3 open position(s)","timestamp":"2026-09-19T03:29:37.685Z"}
{"level":"debug","message":"[LIVE] BTC/USDC: checkRisk price=81125.09000000 SL=76863.93000000 TP=90618.52800000 HWM=80909.40000000 entry=80909.40000000","timestamp":"2026-09-19T03:29:38.658Z"}
{"level":"debug","message":"[RISK-LOOP] checking 3 open position(s)","timestamp":"2026-09-19T03:31:37.682Z"}
{"level":"debug","message":"[LIVE] BTC/USDC: checkRisk price=81132.52000000 SL=76863.93000000 TP=90618.52800000 HWM=80909.40000000 entry=80909.40000000","timestamp":"2026-09-19T03:31:38.655Z"}
{"level":"debug","message":"[RISK-LOOP] checking 3 open position(s)","timestamp":"2026-09-19T03:33:37.864Z"}
{"level":"debug","message":"[LIVE] BTC/USDC: checkRisk price=81113.84000000 SL=76863.93000000 TP=90618.52800000 HWM=80909.40000000 entry=80909.40000000","timestamp":"2026-09-19T03:33:38.838Z"}
{"level":"debug","message":"[RISK-LOOP] checking 3 open position(s)","timestamp":"2026-09-19T03:35:37.689Z"}
{"level":"debug","message":"[LIVE] BTC/USDC: checkRisk price=81109.54000000 SL=76863.93000000 TP=90618.52800000 HWM=80909.40000000 entry=80909.40000000","timestamp":"2026-09-19T03:35:38.664Z"}
{"level":"debug","message":"[RISK-LOOP] checking 3 open position(s)","timestamp":"2026-09-19T03:37:37.689Z"}
{"level":"debug","message":"[LIVE] BTC/USDC: checkRisk price=81120.71000000 SL=76863.93000000 TP=90618.52800000 HWM=80909.40000000 entry=80909.40000000","timestamp":"2026-09-19T03:37:38.665Z"}
{"level":"info","message":"[MTF-CACHE] 15m refresh complete: 37/37 symbols","timestamp":"2026-09-19T03:38:50.475Z"}
{"level":"debug","message":"[RISK-LOOP] checking 3 open position(s)","timestamp":"2026-09-19T03:39:37.690Z"}
{"level":"debug","message":"[LIVE] BTC/USDC: checkRisk price=81116.11000000 SL=76863.93000000 TP=90618.52800000 HWM=80909.40000000 entry=80909.40000000","timestamp":"2026-09-19T03:39:38.662Z"}
{"level":"debug","message":"[RISK-LOOP] checking 3 open position(s)","timestamp":"2026-09-19T03:41:37.696Z"}
{"level":"debug","message":"[LIVE] BTC/USDC: checkRisk price=81123.63000000 SL=76863.93000000 TP=90618.52800000 HWM=80909.40000000 entry=80909.40000000","timestamp":"2026-09-19T03:41:38.670Z"}
{"level":"debug","message":"[RISK-LOOP] checking 3 open position(s)","timestamp":"2026-09-19T03:43:37.696Z"}
{"level":"debug","message":"[LIVE] BTC/USDC: checkRisk price=81164.86000000 SL=76863.93000000 TP=90618.52800000 HWM=80909.40000000 entry=80909.40000000","timestamp":"2026-09-19T03:43:38.673Z"}
{"level":"debug","message":"[RISK-LOOP] checking 3 open position(s)","timestamp":"2026-09-19T03:45:37.702Z"}
{"level":"debug","message":"[LIVE] BTC/USDC: checkRisk price=81162.38000000 SL=76863.93000000 TP=90618.52800000 HWM=80909.40000000 entry=80909.40000000","timestamp":"2026-09-19T03:45:38.674Z"}
{"level":"debug","message":"[RISK-LOOP] checking 3 open position(s)","timestamp":"2026-09-19T03:47:37.697Z"}
{"level":"debug","message":"[LIVE] BTC/USDC: checkRisk price=81169.76000000 SL=76863.93000000 TP=90618.52800000 HWM=80909.40000000 entry=80909.40000000","timestamp":"2026-09-19T03:47:38.661Z"}
{"level":"debug","message":"[RISK-LOOP] checking 3 open position(s)","timestamp":"2026-09-19T03:49:37.702Z"}
{"level":"debug","message":"[LIVE] BTC/USDC: checkRisk price=81172.48000000 SL=76863.93000000 TP=90618.52800000 HWM=80909.40000000 entry=80909.40000000","timestamp":"2026-09-19T03:49:38.672Z"}
{"level":"debug","message":"[RISK-LOOP] checking 3 open position(s)","timestamp":"2026-09-19T03:51:37.700Z"}
{"level":"debug","message":"[LIVE] BTC/USDC: checkRisk price=81153.55000000 SL=76863.93000000 TP=90618.52800000 HWM=80909.40000000 entry=80909.40000000","timestamp":"2026-09-19T03:51:38.671Z"}
{"level":"debug","message":"[RISK-LOOP] checking 3 open position(s)","timestamp":"2026-09-19T03:53:37.701Z"}
{"level":"debug","message":"[LIVE] BTC/USDC: checkRisk price=81160.29000000 SL=76863.93000000 TP=90618.52800000 HWM=80909.40000000 entry=80909.40000000","timestamp":"2026-09-19T03:53:38.677Z"}
{"level":"info","message":"[MTF-CACHE] 15m refresh complete: 37/37 symbols","timestamp":"2026-09-19T03:53:52.017Z"}
{"level":"debug","message":"[RISK-LOOP] checking 3 open position(s)","timestamp":"2026-09-19T03:55:37.702Z"}
{"level":"debug","message":"[LIVE] BTC/USDC: checkRisk price=81170.06000000 SL=76863.93000000 TP=90618.52800000 HWM=80909.40000000 entry=80909.40000000","timestamp":"2026-09-19T03:55:38.679Z"}
{"level":"debug","message":"[RISK-LOOP] checking 3 open position(s)","timestamp":"2026-09-19T03:57:37.830Z"}
{"level":"debug","message":"[LIVE] BTC/USDC: checkRisk price=81122.00000000 SL=76863.93000000 TP=90618.52800000 HWM=80909.40000000 entry=80909.40000000","timestamp":"2026-09-19T03:57:38.798Z"}
{"level":"debug","message":"[RISK-LOOP] checking 3 open position(s)","timestamp":"2026-09-19T03:59:37.707Z"}
{"level":"debug","message":"[LIVE] BTC/USDC: checkRisk price=81118.91000000 SL=76863.93000000 TP=90618.52800000 HWM=80909.40000000 entry=80909.40000000","timestamp":"2026-09-19T03:59:38.676Z"}
{"level":"debug","message":"[RISK-LOOP] checking 3 open position(s)","timestamp":"2026-09-19T04:01:37.708Z"}
{"level":"debug","message":"[LIVE] BTC/USDC: checkRisk price=81102.52000000 SL=76863.93000000 TP=90618.52800000 HWM=80909.40000000 entry=80909.40000000","timestamp":"2026-09-19T04:01:38.679Z"}
{"level":"debug","message":"[RISK-LOOP] checking 3 open position(s)","timestamp":"2026-09-19T04:03:37.708Z"}
{"level":"debug","message":"[LIVE] BTC/USDC: checkRisk price=81118.68000000 SL=76863.93000000 TP=90618.52800000 HWM=80909.40000000 entry=80909.40000000","timestamp":"2026-09-19T04:03:38.676Z"}
{"level":"debug","message":"[RISK-LOOP] checking 3 open position(s)","timestamp":"2026-09-19T04:05:37.707Z"}
{"level":"debug","message":"[LIVE] BTC/USDC: checkRisk price=81124.97000000 SL=76863.93000000 TP=90618.52800000 HWM=80909.40000000 entry=80909.40000000","timestamp":"2026-09-19T04:05:38.675Z"}
{"level":"debug","message":"[RISK-LOOP] checking 3 open position(s)","timestamp":"2026-09-19T04:07:37.710Z"}
{"level":"debug","message":"[LIVE] BTC/USDC: checkRisk price=81167.10000000 SL=76863.93000000 TP=90618.52800000 HWM=80909.40000000 entry=80909.40000000","timestamp":"2026-09-19T04:07:38.679Z"}
{"level":"info","message":"[MTF-CACHE] 15m refresh complete: 37/37 symbols","timestamp":"2026-09-19T04:08:50.396Z"}
{"level":"debug","message":"[RISK-LOOP] checking 3 open position(s)","timestamp":"2026-09-19T04:09:37.707Z"}
{"level":"debug","message":"[LIVE] BTC/USDC: checkRisk price=81188.76000000 SL=76863.93000000 TP=90618.52800000 HWM=80909.40000000 entry=80909.40000000","timestamp":"2026-09-19T04:09:38.682Z"}
{"level":"debug","message":"[RISK-LOOP] checking 3 open position(s)","timestamp":"2026-09-19T04:11:37.710Z"}
{"level":"debug","message":"[LIVE] BTC/USDC: checkRisk price=81185.91000000 SL=76863.93000000 TP=90618.52800000 HWM=80909.40000000 entry=80909.40000000","timestamp":"2026-09-19T04:11:38.681Z"}
{"level":"debug","message":"[RISK-LOOP] checking 3 open position(s)","timestamp":"2026-09-19T04:13:37.713Z"}
{"level":"debug","message":"[LIVE] BTC/USDC: checkRisk price=81185.91000000 SL=76863.93000000 TP=90618.52800000 HWM=80909.40000000 entry=80909.40000000","timestamp":"2026-09-19T04:13:38.929Z"}
{"level":"debug","message":"[RISK-LOOP] checking 3 open position(s)","timestamp":"2026-09-19T04:15:37.715Z"}
{"level":"debug","message":"[LIVE] BTC/USDC: checkRisk price=81211.34000000 SL=76863.93000000 TP=90618.52800000 HWM=80909.40000000 entry=80909.40000000","timestamp":"2026-09-19T04:15:38.687Z"}
{"level":"debug","message":"[RISK-LOOP] checking 3 open position(s)","timestamp":"2026-09-19T04:17:37.713Z"}
{"level":"debug","message":"[LIVE] BTC/USDC: checkRisk price=81171.07000000 SL=76863.93000000 TP=90618.52800000 HWM=80909.40000000 entry=80909.40000000","timestamp":"2026-09-19T04:17:38.684Z"}
{"level":"debug","message":"[RISK-LOOP] checking 3 open position(s)","timestamp":"2026-09-19T04:19:37.716Z"}
{"level":"debug","message":"[LIVE] BTC/USDC: checkRisk price=81129.67000000 SL=76863.93000000 TP=90618.52800000 HWM=80909.40000000 entry=80909.40000000","timestamp":"2026-09-19T04:19:38.689Z"}
{"level":"debug","message":"[RISK-LOOP] checking 3 open position(s)","timestamp":"2026-09-19T04:21:37.715Z"}
{"level":"debug","message":"[LIVE] BTC/USDC: checkRisk price=81180.80000000 SL=76863.93000000 TP=90618.52800000 HWM=80909.40000000 entry=80909.40000000","timestamp":"2026-09-19T04:21:38.692Z"}
{"level":"debug","message":"[RISK-LOOP] checking 3 open position(s)","timestamp":"2026-09-19T04:23:37.714Z"}
{"level":"debug","message":"[LIVE] BTC/USDC: checkRisk price=81110.94000000 SL=76863.93000000 TP=90618.52800000 HWM=80909.40000000 entry=80909.40000000","timestamp":"2026-09-19T04:23:38.684Z"}
{"level":"info","message":"[MTF-CACHE] 15m refresh complete: 37/37 symbols","timestamp":"2026-09-19T04:23:50.869Z"}
{"level":"debug","message":"[RISK-LOOP] checking 3 open position(s)","timestamp":"2026-09-19T04:25:37.714Z"}
{"level":"debug","message":"[LIVE] BTC/USDC: checkRisk price=81113.32000000 SL=76863.93000000 TP=90618.52800000 HWM=80909.40000000 entry=80909.40000000","timestamp":"2026-09-19T04:25:38.686Z"}
{"level":"debug","message":"[RISK-LOOP] checking 3 open position(s)","timestamp":"2026-09-19T04:27:37.716Z"}
{"level":"debug","message":"[LIVE] BTC/USDC: checkRisk price=81128.87000000 SL=76863.93000000 TP=90618.52800000 HWM=80909.40000000 entry=80909.40000000","timestamp":"2026-09-19T04:27:38.685Z"}
{"level":"debug","message":"[RISK-LOOP] checking 3 open position(s)","timestamp":"2026-09-19T04:29:37.714Z"}
{"level":"debug","message":"[LIVE] BTC/USDC: checkRisk price=81125.57000000 SL=76863.93000000 TP=90618.52800000 HWM=80909.40000000 entry=80909.40000000","timestamp":"2026-09-19T04:29:38.686Z"}
{"level":"debug","message":"[RISK-LOOP] checking 3 open position(s)","timestamp":"2026-09-19T04:31:37.714Z"}
{"level":"debug","message":"[LIVE] BTC/USDC: checkRisk price=81057.78000000 SL=76863.93000000 TP=90618.52800000 HWM=80909.40000000 entry=80909.40000000","timestamp":"2026-09-19T04:31:38.684Z"}
{"level":"debug","message":"[RISK-LOOP] checking 3 open position(s)","timestamp":"2026-09-19T04:33:37.716Z"}
{"level":"debug","message":"[LIVE] BTC/USDC: checkRisk price=81030.84000000 SL=76863.93000000 TP=90618.52800000 HWM=80909.40000000 entry=80909.40000000","timestamp":"2026-09-19T04:33:38.691Z"}
{"level":"debug","message":"[RISK-LOOP] checking 3 open position(s)","timestamp":"2026-09-19T04:35:37.719Z"}
{"level":"debug","message":"[LIVE] BTC/USDC: checkRisk price=81010.79000000 SL=76863.93000000 TP=90618.52800000 HWM=80909.40000000 entry=80909.40000000","timestamp":"2026-09-19T04:35:38.691Z"}
{"level":"debug","message":"[RISK-LOOP] checking 3 open position(s)","timestamp":"2026-09-19T04:37:37.716Z"}
{"level":"debug","message":"[LIVE] BTC/USDC: checkRisk price=80976.35000000 SL=76863.93000000 TP=90618.52800000 HWM=80909.40000000 entry=80909.40000000","timestamp":"2026-09-19T04:37:38.690Z"}
{"level":"info","message":"[MTF-CACHE] 15m refresh complete: 37/37 symbols","timestamp":"2026-09-19T04:38:51.394Z"}
{"level":"debug","message":"[RISK-LOOP] checking 3 open position(s)","timestamp":"2026-09-19T04:39:37.720Z"}
{"level":"debug","message":"[LIVE] BTC/USDC: checkRisk price=80927.12000000 SL=76863.93000000 TP=90618.52800000 HWM=80909.40000000 entry=80909.40000000","timestamp":"2026-09-19T04:39:38.694Z"}
{"level":"debug","message":"[RISK-LOOP] checking 3 open position(s)","timestamp":"2026-09-19T04:41:37.720Z"}
{"level":"debug","message":"[LIVE] BTC/USDC: checkRisk price=80961.49000000 SL=76863.93000000 TP=90618.52800000 HWM=80909.40000000 entry=80909.40000000","timestamp":"2026-09-19T04:41:38.694Z"}
{"level":"debug","message":"[RISK-LOOP] checking 3 open position(s)","timestamp":"2026-09-19T04:43:37.720Z"}
{"level":"debug","message":"[LIVE] BTC/USDC: checkRisk price=80961.74000000 SL=76863.93000000 TP=90618.52800000 HWM=80909.40000000 entry=80909.40000000","timestamp":"2026-09-19T04:43:38.695Z"}
{"level":"debug","message":"[RISK-LOOP] checking 3 open position(s)","timestamp":"2026-09-19T04:45:37.723Z"}
{"level":"debug","message":"[LIVE] BTC/USDC: checkRisk price=80937.13000000 SL=76863.93000000 TP=90618.52800000 HWM=80909.40000000 entry=80909.40000000","timestamp":"2026-09-19T04:45:38.697Z"}
{"level":"debug","message":"[RISK-LOOP] checking 3 open position(s)","timestamp":"2026-09-19T04:47:37.722Z"}
{"level":"debug","message":"[LIVE] BTC/USDC: checkRisk price=80940.37000000 SL=76863.93000000 TP=90618.52800000 HWM=80909.40000000 entry=80909.40000000","timestamp":"2026-09-19T04:47:38.691Z"}
{"level":"debug","message":"[RISK-LOOP] checking 3 open position(s)","timestamp":"2026-09-19T04:49:37.723Z"}
{"level":"debug","message":"[LIVE] BTC/USDC: checkRisk price=80956.56000000 SL=76863.93000000 TP=90618.52800000 HWM=80909.40000000 entry=80909.40000000","timestamp":"2026-09-19T04:49:38.690Z"}
{"level":"debug","message":"[RISK-LOOP] checking 3 open position(s)","timestamp":"2026-09-19T04:51:37.723Z"}
{"level":"debug","message":"[LIVE] BTC/USDC: checkRisk price=80968.30000000 SL=76863.93000000 TP=90618.52800000 HWM=80909.40000000 entry=80909.40000000","timestamp":"2026-09-19T04:51:38.694Z"}
{"level":"debug","message":"[RISK-LOOP] checking 3 open position(s)","timestamp":"2026-09-19T04:53:37.766Z"}
{"level":"debug","message":"[LIVE] BTC/USDC: checkRisk price=80981.36000000 SL=76863.93000000 TP=90618.52800000 HWM=80909.40000000 entry=80909.40000000","timestamp":"2026-09-19T04:53:39.200Z"}
{"level":"info","message":"[MTF-CACHE] 15m refresh complete: 37/37 symbols","timestamp":"2026-09-19T04:53:54.625Z"}
{"level":"debug","message":"[RISK-LOOP] checking 3 open position(s)","timestamp":"2026-09-19T04:55:37.722Z"}
{"level":"debug","message":"[LIVE] BTC/USDC: checkRisk price=80995.82000000 SL=76863.93000000 TP=90618.52800000 HWM=80909.40000000 entry=80909.40000000","timestamp":"2026-09-19T04:55:38.694Z"}
{"level":"debug","message":"[RISK-LOOP] checking 3 open position(s)","timestamp":"2026-09-19T04:57:37.723Z"}
{"level":"debug","message":"[LIVE] BTC/USDC: checkRisk price=81008.54000000 SL=76863.93000000 TP=90618.52800000 HWM=80909.40000000 entry=80909.40000000","timestamp":"2026-09-19T04:57:38.694Z"}
{"level":"debug","message":"[RISK-LOOP] checking 3 open position(s)","timestamp":"2026-09-19T04:59:37.724Z"}
{"level":"debug","message":"[LIVE] BTC/USDC: checkRisk price=81007.22000000 SL=76863.93000000 TP=90618.52800000 HWM=80909.40000000 entry=80909.40000000","timestamp":"2026-09-19T04:59:38.695Z"}
{"level":"debug","message":"[RISK-LOOP] checking 3 open position(s)","timestamp":"2026-09-19T05:01:37.727Z"}
{"level":"debug","message":"[LIVE] BTC/USDC: checkRisk price=81022.65000000 SL=76863.93000000 TP=90618.52800000 HWM=80909.40000000 entry=80909.40000000","timestamp":"2026-09-19T05:01:38.697Z"}
{"level":"debug","message":"[RISK-LOOP] checking 3 open position(s)","timestamp":"2026-09-19T05:03:37.866Z"}
{"level":"debug","message":"[LIVE] BTC/USDC: checkRisk price=81051.07000000 SL=76863.93000000 TP=90618.52800000 HWM=80909.40000000 entry=80909.40000000","timestamp":"2026-09-19T05:03:38.837Z"}
{"level":"debug","message":"[RISK-LOOP] checking 3 open position(s)","timestamp":"2026-09-19T05:05:37.746Z"}
{"level":"debug","message":"[LIVE] BTC/USDC: checkRisk price=81056.84000000 SL=76863.93000000 TP=90618.52800000 HWM=80909.40000000 entry=80909.40000000","timestamp":"2026-09-19T05:05:38.720Z"}
{"level":"debug","message":"[RISK-LOOP] checking 3 open position(s)","timestamp":"2026-09-19T05:07:37.804Z"}
{"level":"debug","message":"[LIVE] BTC/USDC: checkRisk price=81098.83000000 SL=76863.93000000 TP=90618.52800000 HWM=80909.40000000 entry=80909.40000000","timestamp":"2026-09-19T05:07:38.779Z"}
{"level":"info","message":"[MTF-CACHE] 15m refresh complete: 37/37 symbols","timestamp":"2026-09-19T05:08:50.737Z"}
{"level":"debug","message":"[RISK-LOOP] checking 3 open position(s)","timestamp":"2026-09-19T05:09:37.866Z"}
{"level":"debug","message":"[LIVE] BTC/USDC: checkRisk price=81105.26000000 SL=76863.93000000 TP=90618.52800000 HWM=80909.40000000 entry=80909.40000000","timestamp":"2026-09-19T05:09:38.837Z"}
{"level":"debug","message":"[RISK-LOOP] checking 3 open position(s)","timestamp":"2026-09-19T05:11:37.928Z"}
{"level":"debug","message":"[LIVE] BTC/USDC: checkRisk price=81070.77000000 SL=76863.93000000 TP=90618.52800000 HWM=80909.40000000 entry=80909.40000000","timestamp":"2026-09-19T05:11:38.897Z"}
{"level":"debug","message":"[RISK-LOOP] checking 3 open position(s)","timestamp":"2026-09-19T05:13:37.904Z"}
{"level":"debug","message":"[LIVE] BTC/USDC: checkRisk price=81056.26000000 SL=76863.93000000 TP=90618.52800000 HWM=80909.40000000 entry=80909.40000000","timestamp":"2026-09-19T05:13:38.695Z"}
{"level":"debug","message":"[RISK-LOOP] checking 3 open position(s)","timestamp":"2026-09-19T05:15:37.903Z"}
{"level":"debug","message":"[LIVE] BTC/USDC: checkRisk price=81032.39000000 SL=76863.93000000 TP=90618.52800000 HWM=80909.40000000 entry=80909.40000000","timestamp":"2026-09-19T05:15:38.693Z"}
{"level":"debug","message":"[RISK-LOOP] checking 3 open position(s)","timestamp":"2026-09-19T05:17:37.907Z"}
{"level":"debug","message":"[LIVE] BTC/USDC: checkRisk price=81036.84000000 SL=76863.93000000 TP=90618.52800000 HWM=80909.40000000 entry=80909.40000000","timestamp":"2026-09-19T05:17:38.700Z"}
{"level":"debug","message":"[RISK-LOOP] checking 3 open position(s)","timestamp":"2026-09-19T05:19:37.906Z"}
{"level":"debug","message":"[LIVE] BTC/USDC: checkRisk price=81073.35000000 SL=76863.93000000 TP=90618.52800000 HWM=80909.40000000 entry=80909.40000000","timestamp":"2026-09-19T05:19:38.697Z"}
{"level":"debug","message":"[RISK-LOOP] checking 3 open position(s)","timestamp":"2026-09-19T05:21:37.911Z"}
{"level":"debug","message":"[LIVE] BTC/USDC: checkRisk price=81008.37000000 SL=76863.93000000 TP=90618.52800000 HWM=80909.40000000 entry=80909.40000000","timestamp":"2026-09-19T05:21:38.709Z"}
{"level":"debug","message":"[RISK-LOOP] checking 3 open position(s)","timestamp":"2026-09-19T05:23:38.093Z"}
{"level":"debug","message":"[LIVE] BTC/USDC: checkRisk price=81049.67000000 SL=76863.93000000 TP=90618.52800000 HWM=80909.40000000 entry=80909.40000000","timestamp":"2026-09-19T05:23:38.923Z"}
{"level":"info","message":"[MTF-CACHE] 15m refresh complete: 37/37 symbols","timestamp":"2026-09-19T05:23:51.653Z"}
{"level":"debug","message":"[RISK-LOOP] checking 3 open position(s)","timestamp":"2026-09-19T05:25:37.733Z"}
{"level":"debug","message":"[LIVE] BTC/USDC: checkRisk price=81083.11000000 SL=76863.93000000 TP=90618.52800000 HWM=80909.40000000 entry=80909.40000000","timestamp":"2026-09-19T05:25:38.705Z"}
{"level":"debug","message":"[RISK-LOOP] checking 3 open position(s)","timestamp":"2026-09-19T05:27:37.737Z"}
{"level":"debug","message":"[LIVE] BTC/USDC: checkRisk price=81103.49000000 SL=76863.93000000 TP=90618.52800000 HWM=80909.40000000 entry=80909.40000000","timestamp":"2026-09-19T05:27:38.735Z"}
{"level":"debug","message":"[RISK-LOOP] checking 3 open position(s)","timestamp":"2026-09-19T05:29:37.737Z"}
{"level":"debug","message":"[LIVE] BTC/USDC: checkRisk price=81048.07000000 SL=76863.93000000 TP=90618.52800000 HWM=80909.40000000 entry=80909.40000000","timestamp":"2026-09-19T05:29:39.241Z"}
{"level":"debug","message":"[RISK-LOOP] checking 3 open position(s)","timestamp":"2026-09-19T05:31:37.737Z"}
{"level":"debug","message":"[LIVE] BTC/USDC: checkRisk price=81046.52000000 SL=76863.93000000 TP=90618.52800000 HWM=80909.40000000 entry=80909.40000000","timestamp":"2026-09-19T05:31:38.827Z"}
{"level":"debug","message":"[RISK-LOOP] checking 3 open position(s)","timestamp":"2026-09-19T05:33:38.379Z"}
{"level":"debug","message":"[LIVE] BTC/USDC: checkRisk price=81060.00000000 SL=76863.93000000 TP=90618.52800000 HWM=80909.40000000 entry=80909.40000000","timestamp":"2026-09-19T05:33:39.817Z"}
{"level":"debug","message":"[RISK-LOOP] checking 3 open position(s)","timestamp":"2026-09-19T05:35:37.739Z"}
{"level":"debug","message":"[LIVE] BTC/USDC: checkRisk price=81060.45000000 SL=76863.93000000 TP=90618.52800000 HWM=80909.40000000 entry=80909.40000000","timestamp":"2026-09-19T05:35:38.892Z"}
{"level":"debug","message":"[RISK-LOOP] checking 3 open position(s)","timestamp":"2026-09-19T05:37:37.740Z"}
{"level":"debug","message":"[LIVE] BTC/USDC: checkRisk price=81091.18000000 SL=76863.93000000 TP=90618.52800000 HWM=80909.40000000 entry=80909.40000000","timestamp":"2026-09-19T05:37:38.891Z"}
{"level":"info","message":"[MTF-CACHE] 15m refresh complete: 37/37 symbols","timestamp":"2026-09-19T05:38:50.821Z"}
{"level":"debug","message":"[RISK-LOOP] checking 3 open position(s)","timestamp":"2026-09-19T05:39:37.747Z"}
{"level":"debug","message":"[LIVE] BTC/USDC: checkRisk price=81096.23000000 SL=76863.93000000 TP=90618.52800000 HWM=80909.40000000 entry=80909.40000000","timestamp":"2026-09-19T05:39:38.900Z"}
{"level":"debug","message":"[RISK-LOOP] checking 3 open position(s)","timestamp":"2026-09-19T05:41:37.748Z"}
{"level":"debug","message":"[LIVE] BTC/USDC: checkRisk price=81058.24000000 SL=76863.93000000 TP=90618.52800000 HWM=80909.40000000 entry=80909.40000000","timestamp":"2026-09-19T05:41:38.899Z"}
{"level":"debug","message":"[RISK-LOOP] checking 3 open position(s)","timestamp":"2026-09-19T05:43:37.930Z"}
{"level":"debug","message":"[LIVE] BTC/USDC: checkRisk price=81015.03000000 SL=76863.93000000 TP=90618.52800000 HWM=80909.40000000 entry=80909.40000000","timestamp":"2026-09-19T05:43:39.081Z"}
{"level":"debug","message":"[RISK-LOOP] checking 3 open position(s)","timestamp":"2026-09-19T05:45:37.751Z"}
{"level":"debug","message":"[LIVE] BTC/USDC: checkRisk price=81025.99000000 SL=76863.93000000 TP=90618.52800000 HWM=80909.40000000 entry=80909.40000000","timestamp":"2026-09-19T05:45:38.905Z"}
{"level":"debug","message":"[RISK-LOOP] checking 3 open position(s)","timestamp":"2026-09-19T05:47:37.756Z"}
{"level":"debug","message":"[LIVE] BTC/USDC: checkRisk price=81005.06000000 SL=76863.93000000 TP=90618.52800000 HWM=80909.40000000 entry=80909.40000000","timestamp":"2026-09-19T05:47:38.913Z"}
{"level":"debug","message":"[RISK-LOOP] checking 3 open position(s)","timestamp":"2026-09-19T05:49:37.760Z"}
{"level":"debug","message":"[LIVE] BTC/USDC: checkRisk price=81015.78000000 SL=76863.93000000 TP=90618.52800000 HWM=80909.40000000 entry=80909.40000000","timestamp":"2026-09-19T05:49:38.914Z"}
{"level":"debug","message":"[RISK-LOOP] checking 3 open position(s)","timestamp":"2026-09-19T05:51:37.762Z"}
{"level":"debug","message":"[LIVE] BTC/USDC: checkRisk price=81039.17000000 SL=76863.93000000 TP=90618.52800000 HWM=80909.40000000 entry=80909.40000000","timestamp":"2026-09-19T05:51:38.916Z"}
{"level":"debug","message":"[RISK-LOOP] checking 3 open position(s)","timestamp":"2026-09-19T05:53:37.945Z"}
{"level":"debug","message":"[LIVE] BTC/USDC: checkRisk price=81046.55000000 SL=76863.93000000 TP=90618.52800000 HWM=80909.40000000 entry=80909.40000000","timestamp":"2026-09-19T05:53:39.095Z"}
{"level":"info","message":"[MTF-CACHE] 15m refresh complete: 37/37 symbols","timestamp":"2026-09-19T05:53:54.680Z"}
{"level":"debug","message":"[RISK-LOOP] checking 3 open position(s)","timestamp":"2026-09-19T05:55:37.771Z"}
{"level":"debug","message":"[LIVE] BTC/USDC: checkRisk price=81064.97000000 SL=76863.93000000 TP=90618.52800000 HWM=80909.40000000 entry=80909.40000000","timestamp":"2026-09-19T05:55:38.929Z"}
{"level":"debug","message":"[RISK-LOOP] checking 3 open position(s)","timestamp":"2026-09-19T05:57:37.775Z"}
{"level":"debug","message":"[LIVE] BTC/USDC: checkRisk price=81020.72000000 SL=76863.93000000 TP=90618.52800000 HWM=80909.40000000 entry=80909.40000000","timestamp":"2026-09-19T05:57:38.923Z"}
{"level":"debug","message":"[RISK-LOOP] checking 3 open position(s)","timestamp":"2026-09-19T05:59:37.777Z"}
{"level":"debug","message":"[LIVE] BTC/USDC: checkRisk price=81028.55000000 SL=76863.93000000 TP=90618.52800000 HWM=80909.40000000 entry=80909.40000000","timestamp":"2026-09-19T05:59:38.930Z"}
{"level":"debug","message":"[RISK-LOOP] checking 3 open position(s)","timestamp":"2026-09-19T06:01:37.778Z"}
{"level":"debug","message":"[LIVE] BTC/USDC: checkRisk price=81018.77000000 SL=76863.93000000 TP=90618.52800000 HWM=80909.40000000 entry=80909.40000000","timestamp":"2026-09-19T06:01:39.366Z"}
{"level":"debug","message":"[RISK-LOOP] checking 3 open position(s)","timestamp":"2026-09-19T06:03:37.964Z"}
{"level":"debug","message":"[LIVE] BTC/USDC: checkRisk price=81040.92000000 SL=76863.93000000 TP=90618.52800000 HWM=80909.40000000 entry=80909.40000000","timestamp":"2026-09-19T06:03:39.120Z"}
{"level":"debug","message":"[RISK-LOOP] checking 3 open position(s)","timestamp":"2026-09-19T06:05:37.787Z"}
{"level":"debug","message":"[LIVE] BTC/USDC: checkRisk price=81014.29000000 SL=76863.93000000 TP=90618.52800000 HWM=80909.40000000 entry=80909.40000000","timestamp":"2026-09-19T06:05:38.759Z"}
{"level":"debug","message":"[RISK-LOOP] checking 3 open position(s)","timestamp":"2026-09-19T06:07:37.790Z"}
{"level":"debug","message":"[LIVE] BTC/USDC: checkRisk price=81051.09000000 SL=76863.93000000 TP=90618.52800000 HWM=80909.40000000 entry=80909.40000000","timestamp":"2026-09-19T06:07:38.766Z"}
{"level":"info","message":"[MTF-CACHE] 15m refresh complete: 37/37 symbols","timestamp":"2026-09-19T06:08:50.356Z"}
{"level":"debug","message":"[RISK-LOOP] checking 3 open position(s)","timestamp":"2026-09-19T06:09:37.793Z"}
{"level":"debug","message":"[LIVE] BTC/USDC: checkRisk price=81030.01000000 SL=76863.93000000 TP=90618.52800000 HWM=80909.40000000 entry=80909.40000000","timestamp":"2026-09-19T06:09:38.762Z"}
{"level":"debug","message":"[RISK-LOOP] checking 3 open position(s)","timestamp":"2026-09-19T06:11:37.792Z"}
{"level":"debug","message":"[LIVE] BTC/USDC: checkRisk price=81006.67000000 SL=76863.93000000 TP=90618.52800000 HWM=80909.40000000 entry=80909.40000000","timestamp":"2026-09-19T06:11:38.764Z"}
{"level":"debug","message":"[RISK-LOOP] checking 3 open position(s)","timestamp":"2026-09-19T06:13:37.974Z"}
{"level":"debug","message":"[LIVE] BTC/USDC: checkRisk price=80992.43000000 SL=76863.93000000 TP=90618.52800000 HWM=80909.40000000 entry=80909.40000000","timestamp":"2026-09-19T06:13:38.941Z"}
{"level":"debug","message":"[RISK-LOOP] checking 3 open position(s)","timestamp":"2026-09-19T06:15:37.802Z"}
{"level":"debug","message":"[LIVE] BTC/USDC: checkRisk price=81012.22000000 SL=76863.93000000 TP=90618.52800000 HWM=80909.40000000 entry=80909.40000000","timestamp":"2026-09-19T06:15:38.775Z"}
{"level":"debug","message":"[RISK-LOOP] checking 3 open position(s)","timestamp":"2026-09-19T06:17:37.803Z"}
{"level":"debug","message":"[LIVE] BTC/USDC: checkRisk price=81025.96000000 SL=76863.93000000 TP=90618.52800000 HWM=80909.40000000 entry=80909.40000000","timestamp":"2026-09-19T06:17:38.782Z"}
{"level":"debug","message":"[RISK-LOOP] checking 3 open position(s)","timestamp":"2026-09-19T06:19:37.807Z"}
{"level":"debug","message":"[LIVE] BTC/USDC: checkRisk price=80975.79000000 SL=76863.93000000 TP=90618.52800000 HWM=80909.40000000 entry=80909.40000000","timestamp":"2026-09-19T06:19:38.777Z"}
{"level":"debug","message":"[RISK-LOOP] checking 3 open position(s)","timestamp":"2026-09-19T06:21:37.810Z"}
{"level":"debug","message":"[LIVE] BTC/USDC: checkRisk price=80970.10000000 SL=76863.93000000 TP=90618.52800000 HWM=80909.40000000 entry=80909.40000000","timestamp":"2026-09-19T06:21:38.782Z"}
{"level":"debug","message":"[RISK-LOOP] checking 3 open position(s)","timestamp":"2026-09-19T06:23:37.989Z"}
{"level":"debug","message":"[LIVE] BTC/USDC: checkRisk price=80969.64000000 SL=76863.93000000 TP=90618.52800000 HWM=80909.40000000 entry=80909.40000000","timestamp":"2026-09-19T06:23:38.977Z"}
{"level":"info","message":"[MTF-CACHE] 15m refresh complete: 37/37 symbols","timestamp":"2026-09-19T06:23:50.571Z"}
{"level":"debug","message":"[RISK-LOOP] checking 3 open position(s)","timestamp":"2026-09-19T06:25:37.814Z"}
{"level":"debug","message":"[LIVE] BTC/USDC: checkRisk price=80928.59000000 SL=76863.93000000 TP=90618.52800000 HWM=80909.40000000 entry=80909.40000000","timestamp":"2026-09-19T06:25:38.798Z"}
{"level":"debug","message":"[RISK-LOOP] checking 3 open position(s)","timestamp":"2026-09-19T06:27:37.815Z"}
{"level":"debug","message":"[LIVE] BTC/USDC: checkRisk price=80916.02000000 SL=76863.93000000 TP=90618.52800000 HWM=80909.40000000 entry=80909.40000000","timestamp":"2026-09-19T06:27:38.786Z"}
{"level":"debug","message":"[RISK-LOOP] checking 3 open position(s)","timestamp":"2026-09-19T06:29:37.819Z"}
{"level":"debug","message":"[LIVE] BTC/USDC: checkRisk price=80953.40000000 SL=76863.93000000 TP=90618.52800000 HWM=80909.40000000 entry=80909.40000000","timestamp":"2026-09-19T06:29:38.787Z"}
{"level":"debug","message":"[RISK-LOOP] checking 3 open position(s)","timestamp":"2026-09-19T06:31:37.820Z"}
{"level":"debug","message":"[LIVE] BTC/USDC: checkRisk price=80972.48000000 SL=76863.93000000 TP=90618.52800000 HWM=80909.40000000 entry=80909.40000000","timestamp":"2026-09-19T06:31:38.794Z"}
{"level":"debug","message":"[RISK-LOOP] checking 3 open position(s)","timestamp":"2026-09-19T06:33:38.001Z"}
{"level":"debug","message":"[LIVE] BTC/USDC: checkRisk price=81019.38000000 SL=76863.93000000 TP=90618.52800000 HWM=80909.40000000 entry=80909.40000000","timestamp":"2026-09-19T06:33:38.974Z"}
{"level":"debug","message":"[RISK-LOOP] checking 3 open position(s)","timestamp":"2026-09-19T06:35:37.825Z"}
{"level":"debug","message":"[LIVE] BTC/USDC: checkRisk price=81048.68000000 SL=76863.93000000 TP=90618.52800000 HWM=80909.40000000 entry=80909.40000000","timestamp":"2026-09-19T06:35:38.802Z"}
{"level":"debug","message":"[RISK-LOOP] checking 3 open position(s)","timestamp":"2026-09-19T06:37:37.824Z"}
{"level":"debug","message":"[LIVE] BTC/USDC: checkRisk price=81067.56000000 SL=76863.93000000 TP=90618.52800000 HWM=80909.40000000 entry=80909.40000000","timestamp":"2026-09-19T06:37:38.799Z"}
{"level":"info","message":"[MTF-CACHE] 15m refresh complete: 37/37 symbols","timestamp":"2026-09-19T06:38:50.744Z"}
{"level":"debug","message":"[RISK-LOOP] checking 3 open position(s)","timestamp":"2026-09-19T06:39:37.828Z"}
{"level":"debug","message":"[LIVE] BTC/USDC: checkRisk price=81067.27000000 SL=76863.93000000 TP=90618.52800000 HWM=80909.40000000 entry=80909.40000000","timestamp":"2026-09-19T06:39:38.800Z"}
{"level":"debug","message":"[RISK-LOOP] checking 3 open position(s)","timestamp":"2026-09-19T06:41:37.830Z"}
{"level":"debug","message":"[LIVE] BTC/USDC: checkRisk price=81074.35000000 SL=76863.93000000 TP=90618.52800000 HWM=80909.40000000 entry=80909.40000000","timestamp":"2026-09-19T06:41:38.801Z"}
{"level":"debug","message":"[RISK-LOOP] checking 3 open position(s)","timestamp":"2026-09-19T06:43:38.015Z"}
{"level":"debug","message":"[LIVE] BTC/USDC: checkRisk price=81064.97000000 SL=76863.93000000 TP=90618.52800000 HWM=80909.40000000 entry=80909.40000000","timestamp":"2026-09-19T06:43:38.986Z"}
{"level":"debug","message":"[RISK-LOOP] checking 3 open position(s)","timestamp":"2026-09-19T06:45:37.834Z"}
{"level":"debug","message":"[LIVE] BTC/USDC: checkRisk price=81047.30000000 SL=76863.93000000 TP=90618.52800000 HWM=80909.40000000 entry=80909.40000000","timestamp":"2026-09-19T06:45:38.808Z"}
{"level":"debug","message":"[RISK-LOOP] checking 3 open position(s)","timestamp":"2026-09-19T06:47:37.830Z"}
{"level":"debug","message":"[LIVE] BTC/USDC: checkRisk price=81090.33000000 SL=76863.93000000 TP=90618.52800000 HWM=80909.40000000 entry=80909.40000000","timestamp":"2026-09-19T06:47:38.805Z"}
{"level":"debug","message":"[RISK-LOOP] checking 3 open position(s)","timestamp":"2026-09-19T06:49:37.833Z"}
{"level":"debug","message":"[LIVE] BTC/USDC: checkRisk price=81062.56000000 SL=76863.93000000 TP=90618.52800000 HWM=80909.40000000 entry=80909.40000000","timestamp":"2026-09-19T06:49:38.804Z"}
{"level":"debug","message":"[RISK-LOOP] checking 3 open position(s)","timestamp":"2026-09-19T06:51:37.838Z"}
{"level":"debug","message":"[LIVE] BTC/USDC: checkRisk price=81054.53000000 SL=76863.93000000 TP=90618.52800000 HWM=80909.40000000 entry=80909.40000000","timestamp":"2026-09-19T06:51:38.812Z"}
{"level":"debug","message":"[RISK-LOOP] checking 3 open position(s)","timestamp":"2026-09-19T06:53:37.836Z"}
{"level":"debug","message":"[LIVE] BTC/USDC: checkRisk price=81037.14000000 SL=76863.93000000 TP=90618.52800000 HWM=80909.40000000 entry=80909.40000000","timestamp":"2026-09-19T06:53:38.807Z"}
{"level":"info","message":"[MTF-CACHE] 15m refresh complete: 37/37 symbols","timestamp":"2026-09-19T06:53:51.230Z"}
{"level":"debug","message":"[RISK-LOOP] checking 3 open position(s)","timestamp":"2026-09-19T06:55:37.841Z"}
{"level":"debug","message":"[LIVE] BTC/USDC: checkRisk price=81015.24000000 SL=76863.93000000 TP=90618.52800000 HWM=80909.40000000 entry=80909.40000000","timestamp":"2026-09-19T06:55:38.815Z"}
{"level":"debug","message":"[RISK-LOOP] checking 3 open position(s)","timestamp":"2026-09-19T06:57:37.842Z"}
{"level":"debug","message":"[LIVE] BTC/USDC: checkRisk price=81032.13000000 SL=76863.93000000 TP=90618.52800000 HWM=80909.40000000 entry=80909.40000000","timestamp":"2026-09-19T06:57:38.813Z"}
{"level":"debug","message":"[RISK-LOOP] checking 3 open position(s)","timestamp":"2026-09-19T06:59:37.842Z"}
{"level":"debug","message":"[LIVE] BTC/USDC: checkRisk price=81026.85000000 SL=76863.93000000 TP=90618.52800000 HWM=80909.40000000 entry=80909.40000000","timestamp":"2026-09-19T06:59:38.815Z"}
{"level":"debug","message":"[RISK-LOOP] checking 3 open position(s)","timestamp":"2026-09-19T07:01:37.846Z"}
{"level":"debug","message":"[LIVE] BTC/USDC: checkRisk price=81051.96000000 SL=76863.93000000 TP=90618.52800000 HWM=80909.40000000 entry=80909.40000000","timestamp":"2026-09-19T07:01:38.828Z"}
{"level":"debug","message":"[RISK-LOOP] checking 3 open position(s)","timestamp":"2026-09-19T07:03:37.847Z"}
{"level":"debug","message":"[LIVE] BTC/USDC: checkRisk price=81064.99000000 SL=76863.93000000 TP=90618.52800000 HWM=80909.40000000 entry=80909.40000000","timestamp":"2026-09-19T07:03:38.820Z"}
{"level":"debug","message":"[RISK-LOOP] checking 3 open position(s)","timestamp":"2026-09-19T07:05:37.845Z"}
{"level":"debug","message":"[LIVE] BTC/USDC: checkRisk price=81063.13000000 SL=76863.93000000 TP=90618.52800000 HWM=80909.40000000 entry=80909.40000000","timestamp":"2026-09-19T07:05:38.820Z"}
{"level":"debug","message":"[RISK-LOOP] checking 3 open position(s)","timestamp":"2026-09-19T07:07:37.845Z"}
{"level":"debug","message":"[LIVE] BTC/USDC: checkRisk price=81057.77000000 SL=76863.93000000 TP=90618.52800000 HWM=80909.40000000 entry=80909.40000000","timestamp":"2026-09-19T07:07:38.820Z"}
{"level":"info","message":"[MTF-CACHE] 15m refresh complete: 37/37 symbols","timestamp":"2026-09-19T07:08:50.472Z"}
{"level":"debug","message":"[RISK-LOOP] checking 3 open position(s)","timestamp":"2026-09-19T07:09:37.848Z"}
{"level":"debug","message":"[LIVE] BTC/USDC: checkRisk price=81096.76000000 SL=76863.93000000 TP=90618.52800000 HWM=80909.40000000 entry=80909.40000000","timestamp":"2026-09-19T07:09:38.931Z"}
{"level":"debug","message":"[RISK-LOOP] checking 3 open position(s)","timestamp":"2026-09-19T07:11:37.846Z"}
{"level":"debug","message":"[LIVE] BTC/USDC: checkRisk price=81095.42000000 SL=76863.93000000 TP=90618.52800000 HWM=80909.40000000 entry=80909.40000000","timestamp":"2026-09-19T07:11:38.821Z"}
{"level":"debug","message":"[RISK-LOOP] checking 3 open position(s)","timestamp":"2026-09-19T07:13:37.848Z"}
{"level":"debug","message":"[LIVE] BTC/USDC: checkRisk price=81116.06000000 SL=76863.93000000 TP=90618.52800000 HWM=80909.40000000 entry=80909.40000000","timestamp":"2026-09-19T07:13:38.882Z"}
{"level":"debug","message":"[RISK-LOOP] checking 3 open position(s)","timestamp":"2026-09-19T07:15:37.854Z"}
{"level":"debug","message":"[LIVE] BTC/USDC: checkRisk price=81135.01000000 SL=76863.93000000 TP=90618.52800000 HWM=80909.40000000 entry=80909.40000000","timestamp":"2026-09-19T07:15:38.823Z"}
{"level":"debug","message":"[RISK-LOOP] checking 3 open position(s)","timestamp":"2026-09-19T07:17:37.847Z"}
{"level":"debug","message":"[LIVE] BTC/USDC: checkRisk price=81196.23000000 SL=76863.93000000 TP=90618.52800000 HWM=80909.40000000 entry=80909.40000000","timestamp":"2026-09-19T07:17:38.816Z"}
{"level":"debug","message":"[RISK-LOOP] checking 3 open position(s)","timestamp":"2026-09-19T07:19:37.854Z"}
{"level":"debug","message":"[LIVE] BTC/USDC: checkRisk price=81215.99000000 SL=76863.93000000 TP=90618.52800000 HWM=80909.40000000 entry=80909.40000000","timestamp":"2026-09-19T07:19:38.827Z"}
{"level":"debug","message":"[RISK-LOOP] checking 3 open position(s)","timestamp":"2026-09-19T07:21:37.852Z"}
{"level":"debug","message":"[LIVE] BTC/USDC: checkRisk price=81161.22000000 SL=76863.93000000 TP=90618.52800000 HWM=80909.40000000 entry=80909.40000000","timestamp":"2026-09-19T07:21:38.823Z"}
{"level":"debug","message":"[RISK-LOOP] checking 3 open position(s)","timestamp":"2026-09-19T07:23:37.853Z"}
{"level":"debug","message":"[LIVE] BTC/USDC: checkRisk price=81113.84000000 SL=76863.93000000 TP=90618.52800000 HWM=80909.40000000 entry=80909.40000000","timestamp":"2026-09-19T07:23:38.826Z"}
{"level":"info","message":"[MTF-CACHE] 15m refresh complete: 37/37 symbols","timestamp":"2026-09-19T07:23:50.279Z"}
{"level":"info","message":"[MTF-CACHE] 4h refresh complete: 37/37 symbols","timestamp":"2026-09-19T07:23:51.506Z"}
{"level":"debug","message":"[RISK-LOOP] checking 3 open position(s)","timestamp":"2026-09-19T07:25:37.854Z"}
{"level":"debug","message":"[LIVE] BTC/USDC: checkRisk price=81106.55000000 SL=76863.93000000 TP=90618.52800000 HWM=80909.40000000 entry=80909.40000000","timestamp":"2026-09-19T07:25:38.832Z"}
{"level":"debug","message":"[RISK-LOOP] checking 3 open position(s)","timestamp":"2026-09-19T07:27:37.855Z"}
{"level":"debug","message":"[LIVE] BTC/USDC: checkRisk price=81066.60000000 SL=76863.93000000 TP=90618.52800000 HWM=80909.40000000 entry=80909.40000000","timestamp":"2026-09-19T07:27:38.830Z"}
{"level":"debug","message":"[RISK-LOOP] checking 3 open position(s)","timestamp":"2026-09-19T07:29:37.851Z"}
{"level":"debug","message":"[LIVE] BTC/USDC: checkRisk price=81086.98000000 SL=76863.93000000 TP=90618.52800000 HWM=80909.40000000 entry=80909.40000000","timestamp":"2026-09-19T07:29:38.824Z"}
{"level":"debug","message":"[RISK-LOOP] checking 3 open position(s)","timestamp":"2026-09-19T07:31:37.854Z"}
{"level":"debug","message":"[LIVE] BTC/USDC: checkRisk price=81082.50000000 SL=76863.93000000 TP=90618.52800000 HWM=80909.40000000 entry=80909.40000000","timestamp":"2026-09-19T07:31:38.828Z"}
{"level":"debug","message":"[RISK-LOOP] checking 3 open position(s)","timestamp":"2026-09-19T07:33:37.855Z"}
{"level":"debug","message":"[LIVE] BTC/USDC: checkRisk price=81079.92000000 SL=76863.93000000 TP=90618.52800000 HWM=80909.40000000 entry=80909.40000000","timestamp":"2026-09-19T07:33:38.828Z"}
{"level":"debug","message":"[RISK-LOOP] checking 3 open position(s)","timestamp":"2026-09-19T07:35:37.861Z"}
{"level":"debug","message":"[LIVE] BTC/USDC: checkRisk price=81070.19000000 SL=76863.93000000 TP=90618.52800000 HWM=80909.40000000 entry=80909.40000000","timestamp":"2026-09-19T07:35:38.840Z"}
{"level":"debug","message":"[RISK-LOOP] checking 3 open position(s)","timestamp":"2026-09-19T07:37:37.857Z"}
{"level":"debug","message":"[LIVE] BTC/USDC: checkRisk price=81049.39000000 SL=76863.93000000 TP=90618.52800000 HWM=80909.40000000 entry=80909.40000000","timestamp":"2026-09-19T07:37:38.829Z"}
{"level":"info","message":"[MTF-CACHE] 15m refresh complete: 37/37 symbols","timestamp":"2026-09-19T07:38:50.569Z"}
{"level":"debug","message":"[RISK-LOOP] checking 3 open position(s)","timestamp":"2026-09-19T07:39:37.859Z"}
{"level":"debug","message":"[LIVE] BTC/USDC: checkRisk price=81035.12000000 SL=76863.93000000 TP=90618.52800000 HWM=80909.40000000 entry=80909.40000000","timestamp":"2026-09-19T07:39:38.837Z"}
{"level":"debug","message":"[RISK-LOOP] checking 3 open position(s)","timestamp":"2026-09-19T07:41:37.858Z"}
{"level":"debug","message":"[LIVE] BTC/USDC: checkRisk price=81029.67000000 SL=76863.93000000 TP=90618.52800000 HWM=80909.40000000 entry=80909.40000000","timestamp":"2026-09-19T07:41:38.832Z"}
{"level":"debug","message":"[RISK-LOOP] checking 3 open position(s)","timestamp":"2026-09-19T07:43:37.857Z"}
{"level":"debug","message":"[LIVE] BTC/USDC: checkRisk price=81057.61000000 SL=76863.93000000 TP=90618.52800000 HWM=80909.40000000 entry=80909.40000000","timestamp":"2026-09-19T07:43:38.829Z"}
{"level":"debug","message":"[RISK-LOOP] checking 3 open position(s)","timestamp":"2026-09-19T07:45:37.874Z"}
{"level":"debug","message":"[LIVE] BTC/USDC: checkRisk price=81047.44000000 SL=76863.93000000 TP=90618.52800000 HWM=80909.40000000 entry=80909.40000000","timestamp":"2026-09-19T07:45:38.847Z"}
{"level":"debug","message":"[RISK-LOOP] checking 3 open position(s)","timestamp":"2026-09-19T07:47:37.867Z"}
{"level":"debug","message":"[LIVE] BTC/USDC: checkRisk price=81017.09000000 SL=76863.93000000 TP=90618.52800000 HWM=80909.40000000 entry=80909.40000000","timestamp":"2026-09-19T07:47:38.843Z"}
{"level":"debug","message":"[RISK-LOOP] checking 3 open position(s)","timestamp":"2026-09-19T07:49:37.860Z"}
{"level":"debug","message":"[LIVE] BTC/USDC: checkRisk price=81020.05000000 SL=76863.93000000 TP=90618.52800000 HWM=80909.40000000 entry=80909.40000000","timestamp":"2026-09-19T07:49:38.834Z"}
{"level":"debug","message":"[RISK-LOOP] checking 3 open position(s)","timestamp":"2026-09-19T07:51:37.863Z"}
{"level":"debug","message":"[LIVE] BTC/USDC: checkRisk price=81029.28000000 SL=76863.93000000 TP=90618.52800000 HWM=80909.40000000 entry=80909.40000000","timestamp":"2026-09-19T07:51:38.863Z"}
{"level":"debug","message":"[RISK-LOOP] checking 3 open position(s)","timestamp":"2026-09-19T07:53:37.912Z"}
{"level":"debug","message":"[LIVE] BTC/USDC: checkRisk price=81079.98000000 SL=76863.93000000 TP=90618.52800000 HWM=80909.40000000 entry=80909.40000000","timestamp":"2026-09-19T07:53:38.882Z"}
{"level":"info","message":"[MTF-CACHE] 15m refresh complete: 37/37 symbols","timestamp":"2026-09-19T07:53:50.610Z"}
{"level":"debug","message":"[RISK-LOOP] checking 3 open position(s)","timestamp":"2026-09-19T07:55:37.863Z"}
{"level":"debug","message":"[LIVE] BTC/USDC: checkRisk price=81141.98000000 SL=76863.93000000 TP=90618.52800000 HWM=80909.40000000 entry=80909.40000000","timestamp":"2026-09-19T07:55:38.835Z"}
{"level":"debug","message":"[RISK-LOOP] checking 3 open position(s)","timestamp":"2026-09-19T07:57:37.862Z"}
{"level":"debug","message":"[LIVE] BTC/USDC: checkRisk price=81114.73000000 SL=76863.93000000 TP=90618.52800000 HWM=80909.40000000 entry=80909.40000000","timestamp":"2026-09-19T07:57:38.835Z"}
{"level":"debug","message":"[RISK-LOOP] checking 3 open position(s)","timestamp":"2026-09-19T07:59:37.865Z"}
{"level":"debug","message":"[LIVE] BTC/USDC: checkRisk price=81104.82000000 SL=76863.93000000 TP=90618.52800000 HWM=80909.40000000 entry=80909.40000000","timestamp":"2026-09-19T07:59:38.839Z"}
{"level":"debug","message":"[RISK-LOOP] checking 3 open position(s)","timestamp":"2026-09-19T08:01:37.893Z"}
{"level":"debug","message":"[LIVE] BTC/USDC: checkRisk price=81064.69000000 SL=76863.93000000 TP=90618.52800000 HWM=80909.40000000 entry=80909.40000000","timestamp":"2026-09-19T08:01:38.866Z"}
{"level":"debug","message":"[RISK-LOOP] checking 3 open position(s)","timestamp":"2026-09-19T08:03:38.040Z"}
{"level":"debug","message":"[LIVE] BTC/USDC: checkRisk price=81055.84000000 SL=76863.93000000 TP=90618.52800000 HWM=80909.40000000 entry=80909.40000000","timestamp":"2026-09-19T08:03:38.832Z"}
{"level":"debug","message":"[RISK-LOOP] checking 3 open position(s)","timestamp":"2026-09-19T08:05:38.020Z"}
{"level":"debug","message":"[LIVE] BTC/USDC: checkRisk price=81085.87000000 SL=76863.93000000 TP=90618.52800000 HWM=80909.40000000 entry=80909.40000000","timestamp":"2026-09-19T08:05:39.915Z"}
{"level":"debug","message":"[RISK-LOOP] checking 3 open position(s)","timestamp":"2026-09-19T08:07:38.078Z"}
{"level":"debug","message":"[LIVE] BTC/USDC: checkRisk price=81136.37000000 SL=76863.93000000 TP=90618.52800000 HWM=80909.40000000 entry=80909.40000000","timestamp":"2026-09-19T08:07:39.054Z"}
{"level":"info","message":"[MTF-CACHE] 15m refresh complete: 37/37 symbols","timestamp":"2026-09-19T08:08:50.394Z"}
{"level":"debug","message":"[RISK-LOOP] checking 3 open position(s)","timestamp":"2026-09-19T08:09:38.043Z"}
{"level":"debug","message":"[LIVE] BTC/USDC: checkRisk price=81176.04000000 SL=76863.93000000 TP=90618.52800000 HWM=80909.40000000 entry=80909.40000000","timestamp":"2026-09-19T08:09:38.839Z"}
{"level":"debug","message":"[RISK-LOOP] checking 3 open position(s)","timestamp":"2026-09-19T08:11:38.040Z"}
{"level":"debug","message":"[LIVE] BTC/USDC: checkRisk price=81204.03000000 SL=76863.93000000 TP=90618.52800000 HWM=80909.40000000 entry=80909.40000000","timestamp":"2026-09-19T08:11:38.831Z"}
{"level":"debug","message":"[RISK-LOOP] checking 3 open position(s)","timestamp":"2026-09-19T08:13:38.097Z"}
{"level":"debug","message":"[LIVE] BTC/USDC: checkRisk price=81201.12000000 SL=76863.93000000 TP=90618.52800000 HWM=80909.40000000 entry=80909.40000000","timestamp":"2026-09-19T08:13:38.927Z"}
{"level":"debug","message":"[RISK-LOOP] checking 3 open position(s)","timestamp":"2026-09-19T08:15:38.043Z"}
{"level":"debug","message":"[LIVE] BTC/USDC: checkRisk price=81202.88000000 SL=76863.93000000 TP=90618.52800000 HWM=80909.40000000 entry=80909.40000000","timestamp":"2026-09-19T08:15:38.833Z"}
{"level":"debug","message":"[RISK-LOOP] checking 3 open position(s)","timestamp":"2026-09-19T08:17:38.044Z"}
{"level":"debug","message":"[LIVE] BTC/USDC: checkRisk price=81200.65000000 SL=76863.93000000 TP=90618.52800000 HWM=80909.40000000 entry=80909.40000000","timestamp":"2026-09-19T08:17:38.855Z"}
{"level":"debug","message":"[RISK-LOOP] checking 3 open position(s)","timestamp":"2026-09-19T08:19:37.868Z"}
{"level":"debug","message":"[LIVE] BTC/USDC: checkRisk price=81217.72000000 SL=76863.93000000 TP=90618.52800000 HWM=80909.40000000 entry=80909.40000000","timestamp":"2026-09-19T08:19:38.843Z"}
{"level":"debug","message":"[RISK-LOOP] checking 3 open position(s)","timestamp":"2026-09-19T08:21:37.869Z"}
{"level":"debug","message":"[LIVE] BTC/USDC: checkRisk price=81338.22000000 SL=76863.93000000 TP=90618.52800000 HWM=80909.40000000 entry=80909.40000000","timestamp":"2026-09-19T08:21:38.858Z"}
{"level":"debug","message":"[RISK-LOOP] checking 3 open position(s)","timestamp":"2026-09-19T08:23:38.048Z"}
{"level":"debug","message":"[LIVE] BTC/USDC: checkRisk price=81336.03000000 SL=76863.93000000 TP=90618.52800000 HWM=80909.40000000 entry=80909.40000000","timestamp":"2026-09-19T08:23:39.023Z"}
{"level":"info","message":"[MTF-CACHE] 15m refresh complete: 37/37 symbols","timestamp":"2026-09-19T08:23:50.854Z"}
{"level":"debug","message":"[RISK-LOOP] checking 3 open position(s)","timestamp":"2026-09-19T08:25:37.874Z"}
{"level":"debug","message":"[LIVE] BTC/USDC: checkRisk price=81251.14000000 SL=76863.93000000 TP=90618.52800000 HWM=80909.40000000 entry=80909.40000000","timestamp":"2026-09-19T08:25:38.956Z"}
{"level":"debug","message":"[RISK-LOOP] checking 3 open position(s)","timestamp":"2026-09-19T08:27:37.876Z"}
{"level":"debug","message":"[LIVE] BTC/USDC: checkRisk price=81258.28000000 SL=76863.93000000 TP=90618.52800000 HWM=80909.40000000 entry=80909.40000000","timestamp":"2026-09-19T08:27:39.022Z"}
{"level":"debug","message":"[RISK-LOOP] checking 3 open position(s)","timestamp":"2026-09-19T08:29:37.874Z"}
{"level":"debug","message":"[LIVE] BTC/USDC: checkRisk price=81258.82000000 SL=76863.93000000 TP=90618.52800000 HWM=80909.40000000 entry=80909.40000000","timestamp":"2026-09-19T08:29:39.115Z"}
{"level":"debug","message":"[RISK-LOOP] checking 3 open position(s)","timestamp":"2026-09-19T08:31:37.875Z"}
{"level":"debug","message":"[LIVE] BTC/USDC: checkRisk price=81287.09000000 SL=76863.93000000 TP=90618.52800000 HWM=80909.40000000 entry=80909.40000000","timestamp":"2026-09-19T08:31:39.031Z"}
{"level":"debug","message":"[RISK-LOOP] checking 3 open position(s)","timestamp":"2026-09-19T08:33:38.057Z"}
{"level":"debug","message":"[LIVE] BTC/USDC: checkRisk price=81288.42000000 SL=76863.93000000 TP=90618.52800000 HWM=80909.40000000 entry=80909.40000000","timestamp":"2026-09-19T08:33:39.200Z"}
{"level":"debug","message":"[RISK-LOOP] checking 3 open position(s)","timestamp":"2026-09-19T08:35:37.881Z"}
{"level":"debug","message":"[LIVE] BTC/USDC: checkRisk price=81346.49000000 SL=76863.93000000 TP=90618.52800000 HWM=80909.40000000 entry=80909.40000000","timestamp":"2026-09-19T08:35:39.032Z"}
{"level":"debug","message":"[RISK-LOOP] checking 3 open position(s)","timestamp":"2026-09-19T08:37:37.886Z"}
{"level":"debug","message":"[LIVE] BTC/USDC: checkRisk price=81282.74000000 SL=76863.93000000 TP=90618.52800000 HWM=80909.40000000 entry=80909.40000000","timestamp":"2026-09-19T08:37:39.043Z"}
{"level":"info","message":"[MTF-CACHE] 15m refresh complete: 37/37 symbols","timestamp":"2026-09-19T08:38:50.523Z"}
{"level":"debug","message":"[RISK-LOOP] checking 3 open position(s)","timestamp":"2026-09-19T08:39:37.889Z"}
{"level":"debug","message":"[LIVE] BTC/USDC: checkRisk price=81334.43000000 SL=76863.93000000 TP=90618.52800000 HWM=80909.40000000 entry=80909.40000000","timestamp":"2026-09-19T08:39:39.042Z"}
{"level":"debug","message":"[RISK-LOOP] checking 3 open position(s)","timestamp":"2026-09-19T08:41:37.889Z"}
{"level":"debug","message":"[LIVE] BTC/USDC: checkRisk price=81326.86000000 SL=76863.93000000 TP=90618.52800000 HWM=80909.40000000 entry=80909.40000000","timestamp":"2026-09-19T08:41:39.046Z"}
{"level":"debug","message":"[RISK-LOOP] checking 3 open position(s)","timestamp":"2026-09-19T08:43:38.073Z"}
{"level":"debug","message":"[LIVE] BTC/USDC: checkRisk price=81319.86000000 SL=76863.93000000 TP=90618.52800000 HWM=80909.40000000 entry=80909.40000000","timestamp":"2026-09-19T08:43:39.229Z"}
{"level":"debug","message":"[RISK-LOOP] checking 3 open position(s)","timestamp":"2026-09-19T08:45:37.898Z"}
{"level":"debug","message":"[LIVE] BTC/USDC: checkRisk price=81308.06000000 SL=76863.93000000 TP=90618.52800000 HWM=80909.40000000 entry=80909.40000000","timestamp":"2026-09-19T08:45:39.051Z"}
{"level":"debug","message":"[RISK-LOOP] checking 3 open position(s)","timestamp":"2026-09-19T08:47:37.903Z"}
{"level":"debug","message":"[LIVE] BTC/USDC: checkRisk price=81308.63000000 SL=76863.93000000 TP=90618.52800000 HWM=80909.40000000 entry=80909.40000000","timestamp":"2026-09-19T08:47:39.055Z"}
{"level":"debug","message":"[RISK-LOOP] checking 3 open position(s)","timestamp":"2026-09-19T08:49:37.908Z"}
{"level":"debug","message":"[LIVE] BTC/USDC: checkRisk price=81330.29000000 SL=76863.93000000 TP=90618.52800000 HWM=80909.40000000 entry=80909.40000000","timestamp":"2026-09-19T08:49:39.079Z"}
{"level":"debug","message":"[RISK-LOOP] checking 3 open position(s)","timestamp":"2026-09-19T08:51:37.911Z"}
{"level":"debug","message":"[LIVE] BTC/USDC: checkRisk price=81366.98000000 SL=76863.93000000 TP=90618.52800000 HWM=80909.40000000 entry=80909.40000000","timestamp":"2026-09-19T08:51:39.062Z"}
{"level":"debug","message":"[RISK-LOOP] checking 3 open position(s)","timestamp":"2026-09-19T08:53:38.092Z"}
{"level":"debug","message":"[LIVE] BTC/USDC: checkRisk price=81341.98000000 SL=76863.93000000 TP=90618.52800000 HWM=80909.40000000 entry=80909.40000000","timestamp":"2026-09-19T08:53:39.246Z"}
{"level":"info","message":"[MTF-CACHE] 15m refresh complete: 37/37 symbols","timestamp":"2026-09-19T08:53:51.338Z"}
{"level":"debug","message":"[RISK-LOOP] checking 3 open position(s)","timestamp":"2026-09-19T08:55:37.918Z"}
{"level":"debug","message":"[LIVE] BTC/USDC: checkRisk price=81279.99000000 SL=76863.93000000 TP=90618.52800000 HWM=80909.40000000 entry=80909.40000000","timestamp":"2026-09-19T08:55:38.890Z"}
{"level":"debug","message":"[RISK-LOOP] checking 3 open position(s)","timestamp":"2026-09-19T08:57:37.919Z"}
{"level":"debug","message":"[LIVE] BTC/USDC: checkRisk price=81291.60000000 SL=76863.93000000 TP=90618.52800000 HWM=80909.40000000 entry=80909.40000000","timestamp":"2026-09-19T08:57:38.911Z"}
{"level":"debug","message":"[RISK-LOOP] checking 3 open position(s)","timestamp":"2026-09-19T08:59:37.922Z"}
{"level":"debug","message":"[LIVE] BTC/USDC: checkRisk price=81294.32000000 SL=76863.93000000 TP=90618.52800000 HWM=80909.40000000 entry=80909.40000000","timestamp":"2026-09-19T08:59:38.891Z"}
{"level":"debug","message":"[RISK-LOOP] checking 3 open position(s)","timestamp":"2026-09-19T09:01:37.923Z"}
{"level":"debug","message":"[LIVE] BTC/USDC: checkRisk price=81288.90000000 SL=76863.93000000 TP=90618.52800000 HWM=80909.40000000 entry=80909.40000000","timestamp":"2026-09-19T09:01:38.901Z"}
{"level":"debug","message":"[RISK-LOOP] checking 3 open position(s)","timestamp":"2026-09-19T09:03:38.102Z"}
{"level":"debug","message":"[LIVE] BTC/USDC: checkRisk price=81320.49000000 SL=76863.93000000 TP=90618.52800000 HWM=80909.40000000 entry=80909.40000000","timestamp":"2026-09-19T09:03:39.072Z"}
{"level":"debug","message":"[RISK-LOOP] checking 3 open position(s)","timestamp":"2026-09-19T09:05:37.927Z"}
{"level":"debug","message":"[LIVE] BTC/USDC: checkRisk price=81337.57000000 SL=76863.93000000 TP=90618.52800000 HWM=80909.40000000 entry=80909.40000000","timestamp":"2026-09-19T09:05:38.906Z"}
{"level":"debug","message":"[RISK-LOOP] checking 3 open position(s)","timestamp":"2026-09-19T09:07:37.929Z"}
{"level":"debug","message":"[LIVE] BTC/USDC: checkRisk price=81362.75000000 SL=76863.93000000 TP=90618.52800000 HWM=80909.40000000 entry=80909.40000000","timestamp":"2026-09-19T09:07:38.903Z"}
{"level":"info","message":"[MTF-CACHE] 15m refresh complete: 37/37 symbols","timestamp":"2026-09-19T09:08:51.363Z"}
{"level":"debug","message":"[RISK-LOOP] checking 3 open position(s)","timestamp":"2026-09-19T09:09:37.933Z"}
{"level":"debug","message":"[LIVE] BTC/USDC: checkRisk price=81442.93000000 SL=76863.93000000 TP=90618.52800000 HWM=80909.40000000 entry=80909.40000000","timestamp":"2026-09-19T09:09:38.907Z"}
{"level":"debug","message":"[RISK-LOOP] checking 3 open position(s)","timestamp":"2026-09-19T09:11:37.934Z"}
{"level":"debug","message":"[LIVE] BTC/USDC: checkRisk price=81414.75000000 SL=76863.93000000 TP=90618.52800000 HWM=80909.40000000 entry=80909.40000000","timestamp":"2026-09-19T09:11:38.905Z"}
{"level":"debug","message":"[RISK-LOOP] checking 3 open position(s)","timestamp":"2026-09-19T09:13:38.120Z"}
{"level":"debug","message":"[LIVE] BTC/USDC: checkRisk price=81407.81000000 SL=76863.93000000 TP=90618.52800000 HWM=80909.40000000 entry=80909.40000000","timestamp":"2026-09-19T09:13:39.200Z"}
{"level":"debug","message":"[RISK-LOOP] checking 3 open position(s)","timestamp":"2026-09-19T09:15:37.945Z"}
{"level":"debug","message":"[LIVE] BTC/USDC: checkRisk price=81413.51000000 SL=76863.93000000 TP=90618.52800000 HWM=80909.40000000 entry=80909.40000000","timestamp":"2026-09-19T09:15:38.918Z"}
{"level":"debug","message":"[RISK-LOOP] checking 3 open position(s)","timestamp":"2026-09-19T09:17:37.945Z"}
{"level":"debug","message":"[LIVE] BTC/USDC: checkRisk price=81398.24000000 SL=76863.93000000 TP=90618.52800000 HWM=80909.40000000 entry=80909.40000000","timestamp":"2026-09-19T09:17:38.922Z"}
{"level":"debug","message":"[RISK-LOOP] checking 3 open position(s)","timestamp":"2026-09-19T09:19:37.947Z"}
{"level":"debug","message":"[LIVE] BTC/USDC: checkRisk price=81401.72000000 SL=76863.93000000 TP=90618.52800000 HWM=80909.40000000 entry=80909.40000000","timestamp":"2026-09-19T09:19:38.921Z"}
{"level":"debug","message":"[RISK-LOOP] checking 3 open position(s)","timestamp":"2026-09-19T09:21:37.950Z"}
{"level":"debug","message":"[LIVE] BTC/USDC: checkRisk price=81480.16000000 SL=76863.93000000 TP=90618.52800000 HWM=80909.40000000 entry=80909.40000000","timestamp":"2026-09-19T09:21:38.922Z"}
{"level":"debug","message":"[RISK-LOOP] checking 3 open position(s)","timestamp":"2026-09-19T09:23:38.134Z"}
{"level":"debug","message":"[LIVE] BTC/USDC: checkRisk price=81434.24000000 SL=76863.93000000 TP=90618.52800000 HWM=80909.40000000 entry=80909.40000000","timestamp":"2026-09-19T09:23:39.105Z"}
{"level":"info","message":"[MTF-CACHE] 15m refresh complete: 37/37 symbols","timestamp":"2026-09-19T09:23:50.845Z"}
{"level":"debug","message":"[RISK-LOOP] checking 3 open position(s)","timestamp":"2026-09-19T09:25:37.957Z"}
{"level":"debug","message":"[LIVE] BTC/USDC: checkRisk price=81442.86000000 SL=76863.93000000 TP=90618.52800000 HWM=80909.40000000 entry=80909.40000000","timestamp":"2026-09-19T09:25:39.396Z"}
{"level":"debug","message":"[RISK-LOOP] checking 3 open position(s)","timestamp":"2026-09-19T09:27:37.958Z"}
{"level":"debug","message":"[LIVE] BTC/USDC: checkRisk price=81441.89000000 SL=76863.93000000 TP=90618.52800000 HWM=80909.40000000 entry=80909.40000000","timestamp":"2026-09-19T09:27:38.928Z"}
{"level":"debug","message":"[RISK-LOOP] checking 3 open position(s)","timestamp":"2026-09-19T09:29:37.960Z"}
{"level":"debug","message":"[LIVE] BTC/USDC: checkRisk price=81395.16000000 SL=76863.93000000 TP=90618.52800000 HWM=80909.40000000 entry=80909.40000000","timestamp":"2026-09-19T09:29:38.931Z"}
{"level":"debug","message":"[RISK-LOOP] checking 3 open position(s)","timestamp":"2026-09-19T09:31:37.964Z"}
{"level":"debug","message":"[LIVE] BTC/USDC: checkRisk price=81375.34000000 SL=76863.93000000 TP=90618.52800000 HWM=80909.40000000 entry=80909.40000000","timestamp":"2026-09-19T09:31:38.941Z"}
{"level":"debug","message":"[RISK-LOOP] checking 3 open position(s)","timestamp":"2026-09-19T09:33:38.147Z"}
{"level":"debug","message":"[LIVE] BTC/USDC: checkRisk price=81313.20000000 SL=76863.93000000 TP=90618.52800000 HWM=80909.40000000 entry=80909.40000000","timestamp":"2026-09-19T09:33:39.120Z"}
{"level":"debug","message":"[RISK-LOOP] checking 3 open position(s)","timestamp":"2026-09-19T09:35:37.968Z"}
{"level":"debug","message":"[LIVE] BTC/USDC: checkRisk price=81251.23000000 SL=76863.93000000 TP=90618.52800000 HWM=80909.40000000 entry=80909.40000000","timestamp":"2026-09-19T09:35:38.943Z"}
{"level":"debug","message":"[RISK-LOOP] checking 3 open position(s)","timestamp":"2026-09-19T09:37:37.965Z"}
{"level":"debug","message":"[LIVE] BTC/USDC: checkRisk price=81283.33000000 SL=76863.93000000 TP=90618.52800000 HWM=80909.40000000 entry=80909.40000000","timestamp":"2026-09-19T09:37:38.936Z"}
{"level":"info","message":"[MTF-CACHE] 15m refresh complete: 37/37 symbols","timestamp":"2026-09-19T09:38:50.693Z"}
{"level":"debug","message":"[RISK-LOOP] checking 3 open position(s)","timestamp":"2026-09-19T09:39:37.969Z"}
{"level":"debug","message":"[LIVE] BTC/USDC: checkRisk price=81294.91000000 SL=76863.93000000 TP=90618.52800000 HWM=80909.40000000 entry=80909.40000000","timestamp":"2026-09-19T09:39:38.941Z"}
{"level":"debug","message":"[RISK-LOOP] checking 3 open position(s)","timestamp":"2026-09-19T09:41:37.968Z"}
{"level":"debug","message":"[LIVE] BTC/USDC: checkRisk price=81284.11000000 SL=76863.93000000 TP=90618.52800000 HWM=80909.40000000 entry=80909.40000000","timestamp":"2026-09-19T09:41:38.943Z"}
{"level":"debug","message":"[RISK-LOOP] checking 3 open position(s)","timestamp":"2026-09-19T09:43:37.973Z"}
{"level":"debug","message":"[LIVE] BTC/USDC: checkRisk price=81239.10000000 SL=76863.93000000 TP=90618.52800000 HWM=80909.40000000 entry=80909.40000000","timestamp":"2026-09-19T09:43:38.945Z"}
{"level":"debug","message":"[RISK-LOOP] checking 3 open position(s)","timestamp":"2026-09-19T09:45:37.972Z"}
{"level":"debug","message":"[LIVE] BTC/USDC: checkRisk price=81260.51000000 SL=76863.93000000 TP=90618.52800000 HWM=80909.40000000 entry=80909.40000000","timestamp":"2026-09-19T09:45:38.946Z"}
{"level":"debug","message":"[RISK-LOOP] checking 3 open position(s)","timestamp":"2026-09-19T09:47:37.975Z"}
{"level":"debug","message":"[LIVE] BTC/USDC: checkRisk price=81310.10000000 SL=76863.93000000 TP=90618.52800000 HWM=80909.40000000 entry=80909.40000000","timestamp":"2026-09-19T09:47:38.947Z"}
{"level":"debug","message":"[RISK-LOOP] checking 3 open position(s)","timestamp":"2026-09-19T09:49:37.976Z"}
{"level":"debug","message":"[LIVE] BTC/USDC: checkRisk price=81333.78000000 SL=76863.93000000 TP=90618.52800000 HWM=80909.40000000 entry=80909.40000000","timestamp":"2026-09-19T09:49:38.954Z"}
{"level":"debug","message":"[RISK-LOOP] checking 3 open position(s)","timestamp":"2026-09-19T09:51:37.975Z"}
{"level":"debug","message":"[LIVE] BTC/USDC: checkRisk price=81325.35000000 SL=76863.93000000 TP=90618.52800000 HWM=80909.40000000 entry=80909.40000000","timestamp":"2026-09-19T09:51:38.950Z"}
{"level":"debug","message":"[RISK-LOOP] checking 3 open position(s)","timestamp":"2026-09-19T09:53:37.979Z"}
{"level":"debug","message":"[LIVE] BTC/USDC: checkRisk price=81295.95000000 SL=76863.93000000 TP=90618.52800000 HWM=80909.40000000 entry=80909.40000000","timestamp":"2026-09-19T09:53:38.963Z"}
{"level":"info","message":"[MTF-CACHE] 15m refresh complete: 37/37 symbols","timestamp":"2026-09-19T09:53:50.518Z"}
{"level":"debug","message":"[RISK-LOOP] checking 3 open position(s)","timestamp":"2026-09-19T09:55:37.976Z"}
{"level":"debug","message":"[LIVE] BTC/USDC: checkRisk price=81316.66000000 SL=76863.93000000 TP=90618.52800000 HWM=80909.40000000 entry=80909.40000000","timestamp":"2026-09-19T09:55:38.949Z"}
{"level":"debug","message":"[RISK-LOOP] checking 3 open position(s)","timestamp":"2026-09-19T09:57:37.977Z"}
{"level":"debug","message":"[LIVE] BTC/USDC: checkRisk price=81325.55000000 SL=76863.93000000 TP=90618.52800000 HWM=80909.40000000 entry=80909.40000000","timestamp":"2026-09-19T09:57:38.948Z"}
{"level":"debug","message":"[RISK-LOOP] checking 3 open position(s)","timestamp":"2026-09-19T09:59:37.982Z"}
{"level":"debug","message":"[LIVE] BTC/USDC: checkRisk price=81314.66000000 SL=76863.93000000 TP=90618.52800000 HWM=80909.40000000 entry=80909.40000000","timestamp":"2026-09-19T09:59:38.956Z"}
{"level":"debug","message":"[RISK-LOOP] checking 3 open position(s)","timestamp":"2026-09-19T10:01:37.979Z"}
{"level":"debug","message":"[LIVE] BTC/USDC: checkRisk price=81314.82000000 SL=76863.93000000 TP=90618.52800000 HWM=80909.40000000 entry=80909.40000000","timestamp":"2026-09-19T10:01:38.950Z"}
{"level":"debug","message":"[RISK-LOOP] checking 3 open position(s)","timestamp":"2026-09-19T10:03:37.981Z"}
{"level":"debug","message":"[LIVE] BTC/USDC: checkRisk price=81306.76000000 SL=76863.93000000 TP=90618.52800000 HWM=80909.40000000 entry=80909.40000000","timestamp":"2026-09-19T10:03:38.956Z"}
{"level":"debug","message":"[RISK-LOOP] checking 3 open position(s)","timestamp":"2026-09-19T10:05:37.984Z"}
{"level":"debug","message":"[LIVE] BTC/USDC: checkRisk price=81261.20000000 SL=76863.93000000 TP=90618.52800000 HWM=80909.40000000 entry=80909.40000000","timestamp":"2026-09-19T10:05:38.960Z"}
{"level":"debug","message":"[RISK-LOOP] checking 3 open position(s)","timestamp":"2026-09-19T10:07:37.984Z"}
{"level":"debug","message":"[LIVE] BTC/USDC: checkRisk price=81244.53000000 SL=76863.93000000 TP=90618.52800000 HWM=80909.40000000 entry=80909.40000000","timestamp":"2026-09-19T10:07:38.959Z"}
{"level":"info","message":"[MTF-CACHE] 15m refresh complete: 37/37 symbols","timestamp":"2026-09-19T10:08:50.517Z"}
{"level":"debug","message":"[RISK-LOOP] checking 3 open position(s)","timestamp":"2026-09-19T10:09:37.989Z"}
{"level":"debug","message":"[LIVE] BTC/USDC: checkRisk price=81244.80000000 SL=76863.93000000 TP=90618.52800000 HWM=80909.40000000 entry=80909.40000000","timestamp":"2026-09-19T10:09:38.959Z"}
{"level":"debug","message":"[RISK-LOOP] checking 3 open position(s)","timestamp":"2026-09-19T10:11:37.986Z"}
{"level":"debug","message":"[LIVE] BTC/USDC: checkRisk price=81283.98000000 SL=76863.93000000 TP=90618.52800000 HWM=80909.40000000 entry=80909.40000000","timestamp":"2026-09-19T10:11:38.962Z"}
{"level":"debug","message":"[RISK-LOOP] checking 3 open position(s)","timestamp":"2026-09-19T10:13:37.991Z"}
{"level":"debug","message":"[LIVE] BTC/USDC: checkRisk price=81297.56000000 SL=76863.93000000 TP=90618.52800000 HWM=80909.40000000 entry=80909.40000000","timestamp":"2026-09-19T10:13:38.966Z"}
{"level":"debug","message":"[RISK-LOOP] checking 3 open position(s)","timestamp":"2026-09-19T10:15:37.991Z"}
{"level":"debug","message":"[LIVE] BTC/USDC: checkRisk price=81267.26000000 SL=76863.93000000 TP=90618.52800000 HWM=80909.40000000 entry=80909.40000000","timestamp":"2026-09-19T10:15:38.967Z"}
{"level":"debug","message":"[RISK-LOOP] checking 3 open position(s)","timestamp":"2026-09-19T10:17:37.997Z"}
{"level":"debug","message":"[LIVE] BTC/USDC: checkRisk price=81246.46000000 SL=76863.93000000 TP=90618.52800000 HWM=80909.40000000 entry=80909.40000000","timestamp":"2026-09-19T10:17:38.971Z"}
{"level":"debug","message":"[RISK-LOOP] checking 3 open position(s)","timestamp":"2026-09-19T10:19:37.988Z"}
{"level":"debug","message":"[LIVE] BTC/USDC: checkRisk price=81263.96000000 SL=76863.93000000 TP=90618.52800000 HWM=80909.40000000 entry=80909.40000000","timestamp":"2026-09-19T10:19:38.960Z"}
{"level":"debug","message":"[RISK-LOOP] checking 3 open position(s)","timestamp":"2026-09-19T10:21:37.990Z"}
{"level":"debug","message":"[LIVE] BTC/USDC: checkRisk price=81294.71000000 SL=76863.93000000 TP=90618.52800000 HWM=80909.40000000 entry=80909.40000000","timestamp":"2026-09-19T10:21:38.962Z"}
{"level":"debug","message":"[RISK-LOOP] checking 3 open position(s)","timestamp":"2026-09-19T10:23:37.991Z"}
{"level":"debug","message":"[LIVE] BTC/USDC: checkRisk price=81272.01000000 SL=76863.93000000 TP=90618.52800000 HWM=80909.40000000 entry=80909.40000000","timestamp":"2026-09-19T10:23:38.959Z"}
{"level":"info","message":"[MTF-CACHE] 15m refresh complete: 37/37 symbols","timestamp":"2026-09-19T10:23:52.355Z"}
{"level":"debug","message":"[RISK-LOOP] checking 3 open position(s)","timestamp":"2026-09-19T10:25:37.989Z"}
{"level":"debug","message":"[LIVE] BTC/USDC: checkRisk price=81271.92000000 SL=76863.93000000 TP=90618.52800000 HWM=80909.40000000 entry=80909.40000000","timestamp":"2026-09-19T10:25:38.961Z"}
{"level":"debug","message":"[RISK-LOOP] checking 3 open position(s)","timestamp":"2026-09-19T10:27:37.994Z"}
{"level":"debug","message":"[LIVE] BTC/USDC: checkRisk price=81270.31000000 SL=76863.93000000 TP=90618.52800000 HWM=80909.40000000 entry=80909.40000000","timestamp":"2026-09-19T10:27:38.967Z"}
{"level":"debug","message":"[RISK-LOOP] checking 3 open position(s)","timestamp":"2026-09-19T10:29:37.994Z"}
{"level":"debug","message":"[LIVE] BTC/USDC: checkRisk price=81276.29000000 SL=76863.93000000 TP=90618.52800000 HWM=80909.40000000 entry=80909.40000000","timestamp":"2026-09-19T10:29:38.967Z"}
{"level":"debug","message":"[RISK-LOOP] checking 3 open position(s)","timestamp":"2026-09-19T10:31:37.994Z"}
{"level":"debug","message":"[LIVE] BTC/USDC: checkRisk price=81287.95000000 SL=76863.93000000 TP=90618.52800000 HWM=80909.40000000 entry=80909.40000000","timestamp":"2026-09-19T10:31:38.975Z"}
{"level":"debug","message":"[RISK-LOOP] checking 3 open position(s)","timestamp":"2026-09-19T10:33:38.033Z"}
{"level":"debug","message":"[LIVE] BTC/USDC: checkRisk price=81251.08000000 SL=76863.93000000 TP=90618.52800000 HWM=80909.40000000 entry=80909.40000000","timestamp":"2026-09-19T10:33:39.011Z"}
{"level":"debug","message":"[RISK-LOOP] checking 3 open position(s)","timestamp":"2026-09-19T10:35:37.994Z"}
{"level":"debug","message":"[LIVE] BTC/USDC: checkRisk price=81227.31000000 SL=76863.93000000 TP=90618.52800000 HWM=80909.40000000 entry=80909.40000000","timestamp":"2026-09-19T10:35:38.968Z"}
{"level":"debug","message":"[RISK-LOOP] checking 3 open position(s)","timestamp":"2026-09-19T10:37:37.997Z"}
{"level":"debug","message":"[LIVE] BTC/USDC: checkRisk price=81215.57000000 SL=76863.93000000 TP=90618.52800000 HWM=80909.40000000 entry=80909.40000000","timestamp":"2026-09-19T10:37:38.969Z"}
{"level":"info","message":"[MTF-CACHE] 15m refresh complete: 37/37 symbols","timestamp":"2026-09-19T10:38:50.571Z"}
{"level":"debug","message":"[RISK-LOOP] checking 3 open position(s)","timestamp":"2026-09-19T10:39:37.991Z"}
{"level":"debug","message":"[LIVE] BTC/USDC: checkRisk price=81223.99000000 SL=76863.93000000 TP=90618.52800000 HWM=80909.40000000 entry=80909.40000000","timestamp":"2026-09-19T10:39:38.963Z"}
{"level":"debug","message":"[RISK-LOOP] checking 3 open position(s)","timestamp":"2026-09-19T10:41:37.993Z"}
{"level":"debug","message":"[LIVE] BTC/USDC: checkRisk price=81253.26000000 SL=76863.93000000 TP=90618.52800000 HWM=80909.40000000 entry=80909.40000000","timestamp":"2026-09-19T10:41:38.966Z"}
{"level":"debug","message":"[RISK-LOOP] checking 3 open position(s)","timestamp":"2026-09-19T10:43:38.164Z"}
{"level":"debug","message":"[LIVE] BTC/USDC: checkRisk price=81242.28000000 SL=76863.93000000 TP=90618.52800000 HWM=80909.40000000 entry=80909.40000000","timestamp":"2026-09-19T10:43:39.136Z"}
{"level":"debug","message":"[RISK-LOOP] checking 3 open position(s)","timestamp":"2026-09-19T10:45:38.053Z"}
{"level":"debug","message":"[LIVE] BTC/USDC: checkRisk price=81263.17000000 SL=76863.93000000 TP=90618.52800000 HWM=80909.40000000 entry=80909.40000000","timestamp":"2026-09-19T10:45:39.026Z"}
{"level":"debug","message":"[RISK-LOOP] checking 3 open position(s)","timestamp":"2026-09-19T10:47:38.121Z"}
{"level":"debug","message":"[LIVE] BTC/USDC: checkRisk price=81279.90000000 SL=76863.93000000 TP=90618.52800000 HWM=80909.40000000 entry=80909.40000000","timestamp":"2026-09-19T10:47:39.097Z"}
{"level":"debug","message":"[RISK-LOOP] checking 3 open position(s)","timestamp":"2026-09-19T10:49:38.174Z"}
{"level":"debug","message":"[LIVE] BTC/USDC: checkRisk price=81285.68000000 SL=76863.93000000 TP=90618.52800000 HWM=80909.40000000 entry=80909.40000000","timestamp":"2026-09-19T10:49:39.143Z"}
{"level":"debug","message":"[RISK-LOOP] checking 3 open position(s)","timestamp":"2026-09-19T10:51:38.228Z"}
{"level":"debug","message":"[LIVE] BTC/USDC: checkRisk price=81273.59000000 SL=76863.93000000 TP=90618.52800000 HWM=80909.40000000 entry=80909.40000000","timestamp":"2026-09-19T10:51:39.195Z"}
{"level":"debug","message":"[RISK-LOOP] checking 3 open position(s)","timestamp":"2026-09-19T10:53:38.171Z"}
{"level":"debug","message":"[LIVE] BTC/USDC: checkRisk price=81267.63000000 SL=76863.93000000 TP=90618.52800000 HWM=80909.40000000 entry=80909.40000000","timestamp":"2026-09-19T10:53:39.051Z"}
{"level":"info","message":"[MTF-CACHE] 15m refresh complete: 37/37 symbols","timestamp":"2026-09-19T10:53:50.606Z"}
{"level":"debug","message":"[RISK-LOOP] checking 3 open position(s)","timestamp":"2026-09-19T10:55:38.173Z"}
{"level":"debug","message":"[LIVE] BTC/USDC: checkRisk price=81314.40000000 SL=76863.93000000 TP=90618.52800000 HWM=80909.40000000 entry=80909.40000000","timestamp":"2026-09-19T10:55:38.965Z"}
{"level":"debug","message":"[RISK-LOOP] checking 3 open position(s)","timestamp":"2026-09-19T10:57:38.173Z"}
{"level":"debug","message":"[LIVE] BTC/USDC: checkRisk price=81281.11000000 SL=76863.93000000 TP=90618.52800000 HWM=80909.40000000 entry=80909.40000000","timestamp":"2026-09-19T10:57:38.965Z"}
{"level":"debug","message":"[RISK-LOOP] checking 3 open position(s)","timestamp":"2026-09-19T10:59:38.174Z"}
{"level":"debug","message":"[LIVE] BTC/USDC: checkRisk price=81192.58000000 SL=76863.93000000 TP=90618.52800000 HWM=80909.40000000 entry=80909.40000000","timestamp":"2026-09-19T10:59:38.969Z"}
{"level":"debug","message":"[RISK-LOOP] checking 3 open position(s)","timestamp":"2026-09-19T11:01:38.173Z"}
{"level":"debug","message":"[LIVE] BTC/USDC: checkRisk price=81217.71000000 SL=76863.93000000 TP=90618.52800000 HWM=80909.40000000 entry=80909.40000000","timestamp":"2026-09-19T11:01:38.988Z"}
{"level":"debug","message":"[RISK-LOOP] checking 3 open position(s)","timestamp":"2026-09-19T11:03:38.175Z"}
{"level":"debug","message":"[LIVE] BTC/USDC: checkRisk price=81280.80000000 SL=76863.93000000 TP=90618.52800000 HWM=80909.40000000 entry=80909.40000000","timestamp":"2026-09-19T11:03:39.273Z"}
{"level":"debug","message":"[RISK-LOOP] checking 3 open position(s)","timestamp":"2026-09-19T11:05:38.000Z"}
{"level":"debug","message":"[LIVE] BTC/USDC: checkRisk price=81282.59000000 SL=76863.93000000 TP=90618.52800000 HWM=80909.40000000 entry=80909.40000000","timestamp":"2026-09-19T11:05:38.977Z"}
{"level":"debug","message":"[RISK-LOOP] checking 3 open position(s)","timestamp":"2026-09-19T11:07:37.999Z"}
{"level":"debug","message":"[LIVE] BTC/USDC: checkRisk price=81281.69000000 SL=76863.93000000 TP=90618.52800000 HWM=80909.40000000 entry=80909.40000000","timestamp":"2026-09-19T11:07:39.042Z"}
{"level":"info","message":"[MTF-CACHE] 15m refresh complete: 37/37 symbols","timestamp":"2026-09-19T11:08:50.397Z"}
{"level":"debug","message":"[RISK-LOOP] checking 3 open position(s)","timestamp":"2026-09-19T11:09:38.003Z"}
{"level":"debug","message":"[LIVE] BTC/USDC: checkRisk price=81329.60000000 SL=76863.93000000 TP=90618.52800000 HWM=80909.40000000 entry=80909.40000000","timestamp":"2026-09-19T11:09:39.081Z"}
{"level":"debug","message":"[RISK-LOOP] checking 3 open position(s)","timestamp":"2026-09-19T11:11:38.003Z"}
{"level":"debug","message":"[LIVE] BTC/USDC: checkRisk price=81305.10000000 SL=76863.93000000 TP=90618.52800000 HWM=80909.40000000 entry=80909.40000000","timestamp":"2026-09-19T11:11:39.141Z"}
{"level":"debug","message":"[RISK-LOOP] checking 3 open position(s)","timestamp":"2026-09-19T11:13:38.184Z"}
{"level":"debug","message":"[LIVE] BTC/USDC: checkRisk price=81290.14000000 SL=76863.93000000 TP=90618.52800000 HWM=80909.40000000 entry=80909.40000000","timestamp":"2026-09-19T11:13:39.196Z"}
{"level":"debug","message":"[RISK-LOOP] checking 3 open position(s)","timestamp":"2026-09-19T11:15:38.009Z"}
{"level":"debug","message":"[LIVE] BTC/USDC: checkRisk price=81292.83000000 SL=76863.93000000 TP=90618.52800000 HWM=80909.40000000 entry=80909.40000000","timestamp":"2026-09-19T11:15:39.161Z"}
{"level":"debug","message":"[RISK-LOOP] checking 3 open position(s)","timestamp":"2026-09-19T11:17:38.007Z"}
{"level":"debug","message":"[LIVE] BTC/USDC: checkRisk price=81329.92000000 SL=76863.93000000 TP=90618.52800000 HWM=80909.40000000 entry=80909.40000000","timestamp":"2026-09-19T11:17:39.158Z"}
{"level":"debug","message":"[RISK-LOOP] checking 3 open position(s)","timestamp":"2026-09-19T11:19:38.012Z"}
{"level":"debug","message":"[LIVE] BTC/USDC: checkRisk price=81342.35000000 SL=76863.93000000 TP=90618.52800000 HWM=80909.40000000 entry=80909.40000000","timestamp":"2026-09-19T11:19:39.163Z"}
{"level":"debug","message":"[RISK-LOOP] checking 3 open position(s)","timestamp":"2026-09-19T11:21:38.016Z"}
{"level":"debug","message":"[LIVE] BTC/USDC: checkRisk price=81339.26000000 SL=76863.93000000 TP=90618.52800000 HWM=80909.40000000 entry=80909.40000000","timestamp":"2026-09-19T11:21:39.169Z"}
{"level":"debug","message":"[RISK-LOOP] checking 3 open position(s)","timestamp":"2026-09-19T11:23:38.200Z"}
{"level":"debug","message":"[LIVE] BTC/USDC: checkRisk price=81340.20000000 SL=76863.93000000 TP=90618.52800000 HWM=80909.40000000 entry=80909.40000000","timestamp":"2026-09-19T11:23:39.354Z"}
{"level":"info","message":"[MTF-CACHE] 15m refresh complete: 37/37 symbols","timestamp":"2026-09-19T11:23:50.400Z"}
{"level":"info","message":"[MTF-CACHE] 4h refresh complete: 37/37 symbols","timestamp":"2026-09-19T11:23:51.222Z"}
{"level":"debug","message":"[RISK-LOOP] checking 3 open position(s)","timestamp":"2026-09-19T11:25:38.023Z"}
{"level":"debug","message":"[LIVE] BTC/USDC: checkRisk price=81288.58000000 SL=76863.93000000 TP=90618.52800000 HWM=80909.40000000 entry=80909.40000000","timestamp":"2026-09-19T11:25:39.176Z"}
{"level":"debug","message":"[RISK-LOOP] checking 3 open position(s)","timestamp":"2026-09-19T11:27:38.025Z"}
{"level":"debug","message":"[LIVE] BTC/USDC: checkRisk price=81274.52000000 SL=76863.93000000 TP=90618.52800000 HWM=80909.40000000 entry=80909.40000000","timestamp":"2026-09-19T11:27:39.180Z"}
{"level":"debug","message":"[RISK-LOOP] checking 3 open position(s)","timestamp":"2026-09-19T11:29:38.029Z"}
{"level":"debug","message":"[LIVE] BTC/USDC: checkRisk price=81256.59000000 SL=76863.93000000 TP=90618.52800000 HWM=80909.40000000 entry=80909.40000000","timestamp":"2026-09-19T11:29:39.179Z"}
{"level":"debug","message":"[RISK-LOOP] checking 3 open position(s)","timestamp":"2026-09-19T11:31:38.032Z"}
{"level":"debug","message":"[LIVE] BTC/USDC: checkRisk price=81274.03000000 SL=76863.93000000 TP=90618.52800000 HWM=80909.40000000 entry=80909.40000000","timestamp":"2026-09-19T11:31:39.187Z"}
{"level":"debug","message":"[RISK-LOOP] checking 3 open position(s)","timestamp":"2026-09-19T11:33:38.214Z"}
{"level":"debug","message":"[LIVE] BTC/USDC: checkRisk price=81227.71000000 SL=76863.93000000 TP=90618.52800000 HWM=80909.40000000 entry=80909.40000000","timestamp":"2026-09-19T11:33:39.364Z"}
{"level":"debug","message":"[RISK-LOOP] checking 3 open position(s)","timestamp":"2026-09-19T11:35:38.033Z"}
{"level":"debug","message":"[LIVE] BTC/USDC: checkRisk price=81234.89000000 SL=76863.93000000 TP=90618.52800000 HWM=80909.40000000 entry=80909.40000000","timestamp":"2026-09-19T11:35:39.189Z"}
{"level":"debug","message":"[RISK-LOOP] checking 3 open position(s)","timestamp":"2026-09-19T11:37:38.039Z"}
{"level":"debug","message":"[LIVE] BTC/USDC: checkRisk price=81256.59000000 SL=76863.93000000 TP=90618.52800000 HWM=80909.40000000 entry=80909.40000000","timestamp":"2026-09-19T11:37:39.193Z"}
{"level":"info","message":"[MTF-CACHE] 15m refresh complete: 37/37 symbols","timestamp":"2026-09-19T11:38:50.440Z"}
{"level":"debug","message":"[RISK-LOOP] checking 3 open position(s)","timestamp":"2026-09-19T11:39:38.047Z"}
{"level":"debug","message":"[LIVE] BTC/USDC: checkRisk price=81256.59000000 SL=76863.93000000 TP=90618.52800000 HWM=80909.40000000 entry=80909.40000000","timestamp":"2026-09-19T11:39:39.203Z"}
{"level":"debug","message":"[RISK-LOOP] checking 3 open position(s)","timestamp":"2026-09-19T11:41:38.048Z"}
{"level":"debug","message":"[LIVE] BTC/USDC: checkRisk price=81252.37000000 SL=76863.93000000 TP=90618.52800000 HWM=80909.40000000 entry=80909.40000000","timestamp":"2026-09-19T11:41:39.022Z"}
{"level":"debug","message":"[RISK-LOOP] checking 3 open position(s)","timestamp":"2026-09-19T11:43:38.224Z"}
{"level":"debug","message":"[LIVE] BTC/USDC: checkRisk price=81257.97000000 SL=76863.93000000 TP=90618.52800000 HWM=80909.40000000 entry=80909.40000000","timestamp":"2026-09-19T11:43:39.377Z"}
{"level":"debug","message":"[RISK-LOOP] checking 3 open position(s)","timestamp":"2026-09-19T11:45:38.049Z"}
{"level":"debug","message":"[LIVE] BTC/USDC: checkRisk price=81280.12000000 SL=76863.93000000 TP=90618.52800000 HWM=80909.40000000 entry=80909.40000000","timestamp":"2026-09-19T11:45:39.024Z"}
{"level":"debug","message":"[RISK-LOOP] checking 3 open position(s)","timestamp":"2026-09-19T11:47:38.051Z"}
{"level":"debug","message":"[LIVE] BTC/USDC: checkRisk price=81269.46000000 SL=76863.93000000 TP=90618.52800000 HWM=80909.40000000 entry=80909.40000000","timestamp":"2026-09-19T11:47:39.020Z"}
{"level":"debug","message":"[RISK-LOOP] checking 3 open position(s)","timestamp":"2026-09-19T11:49:38.053Z"}
{"level":"debug","message":"[LIVE] BTC/USDC: checkRisk price=81289.74000000 SL=76863.93000000 TP=90618.52800000 HWM=80909.40000000 entry=80909.40000000","timestamp":"2026-09-19T11:49:39.023Z"}
{"level":"debug","message":"[RISK-LOOP] checking 3 open position(s)","timestamp":"2026-09-19T11:51:38.056Z"}
{"level":"debug","message":"[LIVE] BTC/USDC: checkRisk price=81289.75000000 SL=76863.93000000 TP=90618.52800000 HWM=80909.40000000 entry=80909.40000000","timestamp":"2026-09-19T11:51:39.035Z"}
{"level":"debug","message":"[RISK-LOOP] checking 3 open position(s)","timestamp":"2026-09-19T11:53:38.240Z"}
{"level":"debug","message":"[LIVE] BTC/USDC: checkRisk price=81287.28000000 SL=76863.93000000 TP=90618.52800000 HWM=80909.40000000 entry=80909.40000000","timestamp":"2026-09-19T11:53:39.212Z"}
{"level":"info","message":"[MTF-CACHE] 15m refresh complete: 37/37 symbols","timestamp":"2026-09-19T11:53:50.386Z"}
{"level":"debug","message":"[RISK-LOOP] checking 3 open position(s)","timestamp":"2026-09-19T11:55:38.066Z"}
{"level":"debug","message":"[LIVE] BTC/USDC: checkRisk price=81303.87000000 SL=76863.93000000 TP=90618.52800000 HWM=80909.40000000 entry=80909.40000000","timestamp":"2026-09-19T11:55:39.042Z"}
{"level":"debug","message":"[RISK-LOOP] checking 3 open position(s)","timestamp":"2026-09-19T11:57:38.068Z"}
{"level":"debug","message":"[LIVE] BTC/USDC: checkRisk price=81285.51000000 SL=76863.93000000 TP=90618.52800000 HWM=80909.40000000 entry=80909.40000000","timestamp":"2026-09-19T11:57:39.053Z"}
{"level":"debug","message":"[RISK-LOOP] checking 3 open position(s)","timestamp":"2026-09-19T11:59:38.068Z"}
{"level":"debug","message":"[LIVE] BTC/USDC: checkRisk price=81299.70000000 SL=76863.93000000 TP=90618.52800000 HWM=80909.40000000 entry=80909.40000000","timestamp":"2026-09-19T11:59:39.049Z"}
{"level":"debug","message":"[CYCLE] Correlated pairs (r>0.85): SUI/ADA=0.88, ADA/AVAX=0.86, ADA/DOGE=0.92, ADA/ETH=0.86, ADA/PEPE=0.86, DOGE/PEPE=0.87","timestamp":"2026-09-19T12:00:03.013Z"}
{"level":"debug","message":"[CYCLE] ATR sizing: medianATRPct=3.55% (37 symbols)","timestamp":"2026-09-19T12:00:03.020Z"}
{"level":"debug","message":"[CYCLE] BTC macro: bull=true EMA200","timestamp":"2026-09-19T12:00:03.022Z"}
{"level":"debug","message":"[REGIME] BULL_RANGE  candidate=BULL_RANGE streak=0  (ADX 20.29)","timestamp":"2026-09-19T12:00:03.024Z"}
{"level":"debug","message":"[DRIFT] only 4 live trades (< 10) — not enough to judge (n=4, WR 50%)","timestamp":"2026-09-19T12:00:03.376Z"}
{"level":"debug","message":"[CYCLE] LINK/USDC: starting cycle, candles=1552 lastClose=12.52100000 lastTs=2026-09-19T12:00:00.000Z","timestamp":"2026-09-19T12:00:04.588Z"}
{"level":"debug","message":"[AGG] LINK/USDC: strategy[0]=BollingerBands → SELL conf=0.65 \"Price 12.5200 ≥ upper BB 12.2824 (bw 13.8%)\"","timestamp":"2026-09-19T12:00:04.617Z"}
{"level":"debug","message":"[AGG] LINK/USDC: strategy[1]=Stochastic → HOLD conf=0.20 \"Stoch K=94.6 D=86.5 — no crossover in extreme zone\"","timestamp":"2026-09-19T12:00:04.617Z"}
{"level":"debug","message":"[AGG] LINK/USDC: strategy[2]=Supertrend → HOLD conf=0.10 \"Supertrend uptrend continues (ST 11.0488)\"","timestamp":"2026-09-19T12:00:04.617Z"}
{"level":"debug","message":"[AGG] LINK/USDC: votes BUY=0.00 SELL=0.65 HOLD=0.30 total_voters=3 external=0","timestamp":"2026-09-19T12:00:04.617Z"}
{"level":"debug","message":"[AGG] LINK/USDC: decision=HOLD confidence=0.22 tie=false belowMin=true (minConf=0.45499999999999996)","timestamp":"2026-09-19T12:00:04.617Z"}
{"level":"debug","message":"[CYCLE] NEAR/USDC: starting cycle, candles=1552 lastClose=3.68300000 lastTs=2026-09-19T12:00:00.000Z","timestamp":"2026-09-19T12:00:04.634Z"}
{"level":"debug","message":"[AGG] NEAR/USDC: strategy[0]=RSI → SELL conf=0.75 \"RSI 81.3 overbought ↓ reversal confirmed\"","timestamp":"2026-09-19T12:00:04.695Z"}
{"level":"debug","message":"[AGG] NEAR/USDC: strategy[1]=BollingerBands → SELL conf=0.56 \"Price 3.6830 ≥ upper BB 3.5813 (bw 69.5%)\"","timestamp":"2026-09-19T12:00:04.695Z"}
{"level":"debug","message":"[AGG] NEAR/USDC: strategy[2]=Stochastic → SELL conf=0.67 \"Stoch K=86.0 crossed below D=91.5 in overbought zone\"","timestamp":"2026-09-19T12:00:04.695Z"}
{"level":"debug","message":"[AGG] NEAR/USDC: strategy[3]=SupportResistance → HOLD conf=0.10 \"No significant S/R zone nearby\"","timestamp":"2026-09-19T12:00:04.695Z"}
{"level":"debug","message":"[AGG] NEAR/USDC: votes BUY=0.00 SELL=1.98 HOLD=0.10 total_voters=4 external=0","timestamp":"2026-09-19T12:00:04.695Z"}
{"level":"debug","message":"[AGG] NEAR/USDC: decision=HOLD (multi-bar confirmation) winner=SELL conf=0.49 < borderlineCeiling=0.55 prev=HOLD","timestamp":"2026-09-19T12:00:04.695Z"}
{"level":"debug","message":"[CYCLE] ACH/USDC: starting cycle, candles=1032 lastClose=0.00606000 lastTs=2026-09-19T12:00:00.000Z","timestamp":"2026-09-19T12:00:04.704Z"}
{"level":"debug","message":"[AGG] ACH/USDC: strategy[0]=RSI → HOLD conf=0.57 \"RSI 75.2 overbought — still rising, wait\"","timestamp":"2026-09-19T12:00:04.733Z"}
{"level":"debug","message":"[AGG] ACH/USDC: strategy[1]=BollingerBands → SELL conf=0.77 \"Price 0.0061 ≥ upper BB 0.0057 (bw 22.5%)\"","timestamp":"2026-09-19T12:00:04.733Z"}
{"level":"debug","message":"[AGG] ACH/USDC: strategy[2]=CCI → SELL conf=1.00 \"CCI 324.8 overbought ↓ reversal confirmed\"","timestamp":"2026-09-19T12:00:04.733Z"}
{"level":"debug","message":"[AGG] ACH/USDC: votes BUY=0.00 SELL=1.77 HOLD=0.57 total_voters=3 external=0","timestamp":"2026-09-19T12:00:04.733Z"}
{"level":"debug","message":"[AGG] ACH/USDC: decision=SELL confidence=0.59 tie=false","timestamp":"2026-09-19T12:00:04.733Z"}
{"level":"debug","message":"[CYCLE] CRV/USDC: starting cycle, candles=1552 lastClose=0.34240000 lastTs=2026-09-19T12:00:00.000Z","timestamp":"2026-09-19T12:00:04.742Z"}
{"level":"debug","message":"[AGG] CRV/USDC: strategy[0]=ADX → HOLD conf=0.10 \"ADX 19.0 < 25 — ranging, skip\"","timestamp":"2026-09-19T12:00:04.755Z"}
{"level":"debug","message":"[AGG] CRV/USDC: strategy[1]=StochRSI → HOLD conf=0.20 \"StochRSI K=94.9 D=90.9 — no extreme crossover\"","timestamp":"2026-09-19T12:00:04.755Z"}
{"level":"debug","message":"[AGG] CRV/USDC: strategy[2]=SupportResistance → HOLD conf=0.10 \"No significant S/R zone nearby\"","timestamp":"2026-09-19T12:00:04.755Z"}
{"level":"debug","message":"[AGG] CRV/USDC: votes BUY=0.00 SELL=0.00 HOLD=0.40 total_voters=3 external=0","timestamp":"2026-09-19T12:00:04.755Z"}
{"level":"debug","message":"[AGG] CRV/USDC: decision=HOLD confidence=0.13 tie=false belowMin=true (minConf=0.35750000000000004)","timestamp":"2026-09-19T12:00:04.755Z"}
{"level":"debug","message":"[CYCLE] TRX/USDC: starting cycle, candles=1492 lastClose=0.33790000 lastTs=2026-09-19T12:00:00.000Z","timestamp":"2026-09-19T12:00:04.758Z"}
{"level":"debug","message":"[AGG] TRX/USDC: strategy[0]=CCI → HOLD conf=0.20 \"CCI 2.0 neutral\"","timestamp":"2026-09-19T12:00:04.770Z"}
{"level":"debug","message":"[AGG] TRX/USDC: strategy[1]=Stochastic → HOLD conf=0.20 \"Stoch K=60.0 D=53.3 — no crossover in extreme zone\"","timestamp":"2026-09-19T12:00:04.770Z"}
{"level":"debug","message":"[AGG] TRX/USDC: strategy[2]=StochRSI → HOLD conf=0.20 \"StochRSI K=64.3 D=62.8 — no extreme crossover\"","timestamp":"2026-09-19T12:00:04.770Z"}
{"level":"debug","message":"[AGG] TRX/USDC: votes BUY=0.00 SELL=0.00 HOLD=0.60 total_voters=3 external=0","timestamp":"2026-09-19T12:00:04.770Z"}
{"level":"debug","message":"[AGG] TRX/USDC: decision=HOLD confidence=0.20 tie=false belowMin=true (minConf=0.45499999999999996)","timestamp":"2026-09-19T12:00:04.770Z"}
{"level":"debug","message":"[CYCLE] XRP/USDC: starting cycle, candles=1552 lastClose=1.43390000 lastTs=2026-09-19T12:00:00.000Z","timestamp":"2026-09-19T12:00:04.776Z"}
{"level":"debug","message":"[AGG] XRP/USDC: strategy[0]=BollingerBands → HOLD conf=0.20 \"Price 1.4339 inside BB [1.2631–1.4426]\"","timestamp":"2026-09-19T12:00:04.783Z"}
{"level":"debug","message":"[AGG] XRP/USDC: strategy[1]=Stochastic → HOLD conf=0.20 \"Stoch K=76.2 D=56.0 — no crossover in extreme zone\"","timestamp":"2026-09-19T12:00:04.784Z"}
{"level":"debug","message":"[AGG] XRP/USDC: strategy[2]=EMA → HOLD conf=0.20 \"No EMA crossover (fast 1.3554 vs slow 1.3594)\"","timestamp":"2026-09-19T12:00:04.784Z"}
{"level":"debug","message":"[AGG] XRP/USDC: votes BUY=0.00 SELL=0.00 HOLD=0.60 total_voters=3 external=0","timestamp":"2026-09-19T12:00:04.784Z"}
{"level":"debug","message":"[AGG] XRP/USDC: decision=HOLD confidence=0.20 tie=false belowMin=true (minConf=0.35750000000000004)","timestamp":"2026-09-19T12:00:04.784Z"}
{"level":"warn","message":"GMX/USDC: candle series stale (newest bar 71.5d old) — skipping cycle","timestamp":"2026-09-19T12:00:04.787Z"}
{"level":"debug","message":"[CYCLE] JTO/USDC: starting cycle, candles=1552 lastClose=0.45690000 lastTs=2026-09-19T12:00:00.000Z","timestamp":"2026-09-19T12:00:04.789Z"}
{"level":"debug","message":"[AGG] JTO/USDC: strategy[0]=CCI → HOLD conf=0.64 \"CCI 136.0 overbought — still rising, wait\"","timestamp":"2026-09-19T12:00:04.797Z"}
{"level":"debug","message":"[AGG] JTO/USDC: strategy[1]=PSAR → HOLD conf=0.10 \"PSAR uptrend continues (SAR 0.3988)\"","timestamp":"2026-09-19T12:00:04.797Z"}
{"level":"debug","message":"[AGG] JTO/USDC: strategy[2]=SupportResistance → HOLD conf=0.10 \"No significant S/R zone nearby\"","timestamp":"2026-09-19T12:00:04.797Z"}
{"level":"debug","message":"[AGG] JTO/USDC: votes BUY=0.00 SELL=0.00 HOLD=0.84 total_voters=3 external=0","timestamp":"2026-09-19T12:00:04.797Z"}
{"level":"debug","message":"[AGG] JTO/USDC: decision=HOLD confidence=0.28 tie=false belowMin=true (minConf=0.35750000000000004)","timestamp":"2026-09-19T12:00:04.797Z"}
{"level":"warn","message":"LSK/USDC: candle series stale (newest bar 99.5d old) — skipping cycle","timestamp":"2026-09-19T12:00:04.800Z"}
{"level":"debug","message":"[CYCLE] PAXG/USDC: starting cycle, candles=1046 lastClose=4366.77000000 lastTs=2026-09-19T12:00:00.000Z","timestamp":"2026-09-19T12:00:04.809Z"}
{"level":"debug","message":"[AGG] PAXG/USDC: strategy[0]=MACD → HOLD conf=0.20 \"MACD -14.3104 vs signal -24.9664 hist:10.6559\"","timestamp":"2026-09-19T12:00:04.816Z"}
{"level":"debug","message":"[AGG] PAXG/USDC: strategy[1]=ADX → SELL conf=0.53 \"ADX 24.9 downtrend (-DI 18.7 > +DI 14.8)\"","timestamp":"2026-09-19T12:00:04.816Z"}
{"level":"debug","message":"[AGG] PAXG/USDC: strategy[2]=Supertrend → HOLD conf=0.10 \"Supertrend downtrend continues (ST 4428.7050)\"","timestamp":"2026-09-19T12:00:04.816Z"}
{"level":"debug","message":"[AGG] PAXG/USDC: votes BUY=0.00 SELL=0.53 HOLD=0.30 total_voters=3 external=0","timestamp":"2026-09-19T12:00:04.816Z"}
{"level":"debug","message":"[AGG] PAXG/USDC: decision=HOLD confidence=0.18 tie=false belowMin=true (minConf=0.35750000000000004)","timestamp":"2026-09-19T12:00:04.816Z"}
{"level":"debug","message":"[CYCLE] MANTA/USDC: starting cycle, candles=1552 lastClose=0.06533000 lastTs=2026-09-19T12:00:00.000Z","timestamp":"2026-09-19T12:00:04.824Z"}
{"level":"debug","message":"[AGG] MANTA/USDC: strategy[0]=RSI → HOLD conf=0.20 \"RSI 68.3 neutral\"","timestamp":"2026-09-19T12:00:04.832Z"}
{"level":"debug","message":"[AGG] MANTA/USDC: strategy[1]=BollingerBands → SELL conf=0.67 \"Price 0.0653 ≥ upper BB 0.0639 (bw 14.6%)\"","timestamp":"2026-09-19T12:00:04.832Z"}
{"level":"debug","message":"[AGG] MANTA/USDC: strategy[2]=CCI → HOLD conf=0.90 \"CCI 200.9 overbought — still rising, wait\"","timestamp":"2026-09-19T12:00:04.832Z"}
{"level":"debug","message":"[AGG] MANTA/USDC: votes BUY=0.00 SELL=0.67 HOLD=1.10 total_voters=3 external=0","timestamp":"2026-09-19T12:00:04.832Z"}
{"level":"debug","message":"[AGG] MANTA/USDC: decision=HOLD confidence=0.37 tie=false belowMin=true (minConf=0.45499999999999996)","timestamp":"2026-09-19T12:00:04.832Z"}
{"level":"debug","message":"[CYCLE] SUI/USDC: starting cycle, candles=1552 lastClose=0.86260000 lastTs=2026-09-19T12:00:00.000Z","timestamp":"2026-09-19T12:00:04.861Z"}
{"level":"debug","message":"[AGG] SUI/USDC: strategy[0]=RSI → HOLD conf=0.54 \"RSI 72.6 overbought — still rising, wait\"","timestamp":"2026-09-19T12:00:04.875Z"}
{"level":"debug","message":"[AGG] SUI/USDC: strategy[1]=Stochastic → HOLD conf=0.20 \"Stoch K=96.7 D=94.4 — no crossover in extreme zone\"","timestamp":"2026-09-19T12:00:04.875Z"}
{"level":"debug","message":"[AGG] SUI/USDC: strategy[2]=MFI → HOLD conf=0.20 \"MFI 67.4 neutral\"","timestamp":"2026-09-19T12:00:04.875Z"}
{"level":"debug","message":"[AGG] SUI/USDC: votes BUY=0.00 SELL=0.00 HOLD=0.94 total_voters=3 external=0","timestamp":"2026-09-19T12:00:04.875Z"}
{"level":"debug","message":"[AGG] SUI/USDC: decision=HOLD confidence=0.31 tie=false belowMin=true (minConf=0.45499999999999996)","timestamp":"2026-09-19T12:00:04.875Z"}
{"level":"debug","message":"[CYCLE] PIXEL/USDC: starting cycle, candles=1552 lastClose=0.00525000 lastTs=2026-09-19T12:00:00.000Z","timestamp":"2026-09-19T12:00:04.893Z"}
{"level":"debug","message":"[AGG] PIXEL/USDC: strategy[0]=EMA → BUY conf=0.80 \"EMA12 crossed above EMA26 — both rising ↑\"","timestamp":"2026-09-19T12:00:04.899Z"}
{"level":"debug","message":"[AGG] PIXEL/USDC: strategy[1]=ADX → HOLD conf=0.10 \"ADX 17.2 < 20 — ranging, skip\"","timestamp":"2026-09-19T12:00:04.900Z"}
{"level":"debug","message":"[AGG] PIXEL/USDC: strategy[2]=SupportResistance → HOLD conf=0.10 \"No significant S/R zone nearby\"","timestamp":"2026-09-19T12:00:04.900Z"}
{"level":"debug","message":"[AGG] PIXEL/USDC: votes BUY=0.80 SELL=0.00 HOLD=0.20 total_voters=3 external=0","timestamp":"2026-09-19T12:00:04.900Z"}
{"level":"debug","message":"[AGG] PIXEL/USDC: decision=HOLD confidence=0.27 tie=false belowMin=true (minConf=0.35750000000000004)","timestamp":"2026-09-19T12:00:04.900Z"}
{"level":"debug","message":"[CYCLE] TIA/USDC: starting cycle, candles=1552 lastClose=0.41200000 lastTs=2026-09-19T12:00:00.000Z","timestamp":"2026-09-19T12:00:04.903Z"}
{"level":"debug","message":"[AGG] TIA/USDC: strategy[0]=CCI → HOLD conf=0.85 \"CCI 187.4 overbought — still rising, wait\"","timestamp":"2026-09-19T12:00:04.914Z"}
{"level":"debug","message":"[AGG] TIA/USDC: strategy[1]=MACD → HOLD conf=0.20 \"MACD 0.0042 vs signal -0.0026 hist:0.0068\"","timestamp":"2026-09-19T12:00:04.914Z"}
{"level":"debug","message":"[AGG] TIA/USDC: strategy[2]=HeikinAshi → HOLD conf=0.15 \"HA bullish continuation\"","timestamp":"2026-09-19T12:00:04.914Z"}
{"level":"debug","message":"[AGG] TIA/USDC: votes BUY=0.00 SELL=0.00 HOLD=1.20 total_voters=3 external=0","timestamp":"2026-09-19T12:00:04.914Z"}
{"level":"debug","message":"[AGG] TIA/USDC: decision=HOLD confidence=0.40 tie=false belowMin=false (minConf=0.35750000000000004)","timestamp":"2026-09-19T12:00:04.914Z"}
{"level":"warn","message":"VANRY/USDC: candle series stale (newest bar 33.5d old) — skipping cycle","timestamp":"2026-09-19T12:00:04.933Z"}
{"level":"debug","message":"[CYCLE] SOL/USDC: starting cycle, candles=1552 lastClose=111.87000000 lastTs=2026-09-19T12:00:00.000Z","timestamp":"2026-09-19T12:00:04.949Z"}
{"level":"debug","message":"[AGG] SOL/USDC: strategy[0]=BollingerBands → SELL conf=0.63 \"Price 111.8800 ≥ upper BB 109.7622 (bw 15.6%)\"","timestamp":"2026-09-19T12:00:04.961Z"}
{"level":"debug","message":"[AGG] SOL/USDC: strategy[1]=WilliamsR → SELL conf=0.74 \"%R -13.1 overbought ↓ reversal confirmed\"","timestamp":"2026-09-19T12:00:04.961Z"}
{"level":"debug","message":"[AGG] SOL/USDC: strategy[2]=StochRSI → SELL conf=0.81 \"StochRSI K=93.1 crossed below D=97.7 in overbought ↓\"","timestamp":"2026-09-19T12:00:04.961Z"}
{"level":"debug","message":"[AGG] SOL/USDC: votes BUY=0.00 SELL=2.18 HOLD=0.00 total_voters=3 external=0","timestamp":"2026-09-19T12:00:04.961Z"}
{"level":"debug","message":"[AGG] SOL/USDC: decision=SELL confidence=0.73 tie=false","timestamp":"2026-09-19T12:00:04.961Z"}
{"level":"debug","message":"[CYCLE] BTC/USDC: starting cycle, candles=1552 lastClose=81295.48000000 lastTs=2026-09-19T12:00:00.000Z","timestamp":"2026-09-19T12:00:04.977Z"}
{"level":"debug","message":"[AGG] BTC/USDC: strategy[0]=EMA → HOLD conf=0.20 \"No EMA crossover (fast 78152.6929 vs slow 77827.3029)\"","timestamp":"2026-09-19T12:00:04.979Z"}
{"level":"debug","message":"[AGG] BTC/USDC: strategy[1]=PSAR → HOLD conf=0.10 \"PSAR uptrend continues (SAR 75037.7442)\"","timestamp":"2026-09-19T12:00:04.979Z"}
{"level":"debug","message":"[AGG] BTC/USDC: strategy[2]=HeikinAshi → HOLD conf=0.15 \"HA bullish continuation\"","timestamp":"2026-09-19T12:00:04.979Z"}
{"level":"debug","message":"[AGG] BTC/USDC: votes BUY=0.00 SELL=0.00 HOLD=0.45 total_voters=3 external=0","timestamp":"2026-09-19T12:00:04.979Z"}
{"level":"debug","message":"[AGG] BTC/USDC: decision=HOLD confidence=0.15 tie=false belowMin=true (minConf=0.35750000000000004)","timestamp":"2026-09-19T12:00:04.979Z"}
{"level":"debug","message":"[CYCLE] AVAX/USDC: starting cycle, candles=1552 lastClose=9.32600000 lastTs=2026-09-19T12:00:00.000Z","timestamp":"2026-09-19T12:00:04.985Z"}
{"level":"debug","message":"[AGG] AVAX/USDC: strategy[0]=RSI → HOLD conf=0.65 \"RSI 81.6 overbought — still rising, wait\"","timestamp":"2026-09-19T12:00:04.989Z"}
{"level":"debug","message":"[AGG] AVAX/USDC: strategy[1]=MACD → HOLD conf=0.20 \"MACD 0.2069 vs signal 0.0555 hist:0.1514\"","timestamp":"2026-09-19T12:00:04.989Z"}
{"level":"debug","message":"[AGG] AVAX/USDC: strategy[2]=PSAR → HOLD conf=0.10 \"PSAR uptrend continues (SAR 7.2808)\"","timestamp":"2026-09-19T12:00:04.989Z"}
{"level":"debug","message":"[AGG] AVAX/USDC: votes BUY=0.00 SELL=0.00 HOLD=0.95 total_voters=3 external=0","timestamp":"2026-09-19T12:00:04.989Z"}
{"level":"debug","message":"[AGG] AVAX/USDC: decision=HOLD confidence=0.32 tie=false belowMin=true (minConf=0.35750000000000004)","timestamp":"2026-09-19T12:00:04.989Z"}
{"level":"debug","message":"[CYCLE] DOGE/USDC: starting cycle, candles=1552 lastClose=0.08836000 lastTs=2026-09-19T12:00:00.000Z","timestamp":"2026-09-19T12:00:04.995Z"}
{"level":"debug","message":"[AGG] DOGE/USDC: strategy[0]=EMA → HOLD conf=0.20 \"No EMA crossover (fast 0.0843 vs slow 0.0844)\"","timestamp":"2026-09-19T12:00:04.996Z"}
{"level":"debug","message":"[AGG] DOGE/USDC: strategy[1]=PSAR → HOLD conf=0.10 \"PSAR uptrend continues (SAR 0.0790)\"","timestamp":"2026-09-19T12:00:04.996Z"}
{"level":"debug","message":"[AGG] DOGE/USDC: strategy[2]=HeikinAshi → HOLD conf=0.15 \"HA bullish continuation\"","timestamp":"2026-09-19T12:00:04.996Z"}
{"level":"debug","message":"[AGG] DOGE/USDC: votes BUY=0.00 SELL=0.00 HOLD=0.45 total_voters=3 external=0","timestamp":"2026-09-19T12:00:04.996Z"}
{"level":"debug","message":"[AGG] DOGE/USDC: decision=HOLD confidence=0.15 tie=false belowMin=true (minConf=0.35750000000000004)","timestamp":"2026-09-19T12:00:04.996Z"}
{"level":"debug","message":"[CYCLE] INJ/USDC: starting cycle, candles=1552 lastClose=7.71700000 lastTs=2026-09-19T12:00:00.000Z","timestamp":"2026-09-19T12:00:05.019Z"}
{"level":"debug","message":"[AGG] INJ/USDC: strategy[0]=ADX → BUY conf=0.66 \"ADX 26.2 uptrend (+DI 45.7 > -DI 12.5)\"","timestamp":"2026-09-19T12:00:05.024Z"}
{"level":"debug","message":"[AGG] INJ/USDC: strategy[1]=OBV → HOLD conf=0.20 \"OBV above EMA-20 — no cross\"","timestamp":"2026-09-19T12:00:05.024Z"}
{"level":"debug","message":"[AGG] INJ/USDC: strategy[2]=StochRSI → HOLD conf=0.20 \"StochRSI K=100.0 D=98.8 — no extreme crossover\"","timestamp":"2026-09-19T12:00:05.024Z"}
{"level":"debug","message":"[AGG] INJ/USDC: votes BUY=0.66 SELL=0.00 HOLD=0.40 total_voters=3 external=0","timestamp":"2026-09-19T12:00:05.024Z"}
{"level":"debug","message":"[AGG] INJ/USDC: decision=HOLD confidence=0.22 tie=false belowMin=true (minConf=0.35750000000000004)","timestamp":"2026-09-19T12:00:05.024Z"}
{"level":"debug","message":"[CYCLE] ETH/USDC: starting cycle, candles=1552 lastClose=2639.52000000 lastTs=2026-09-19T12:00:00.000Z","timestamp":"2026-09-19T12:00:05.043Z"}
{"level":"debug","message":"[AGG] ETH/USDC: strategy[0]=Supertrend → HOLD conf=0.10 \"Supertrend uptrend continues (ST 2405.5249)\"","timestamp":"2026-09-19T12:00:05.048Z"}
{"level":"debug","message":"[AGG] ETH/USDC: strategy[1]=MFI → HOLD conf=0.20 \"MFI 55.2 neutral\"","timestamp":"2026-09-19T12:00:05.048Z"}
{"level":"debug","message":"[AGG] ETH/USDC: strategy[2]=SupportResistance → BUY conf=0.60 \"Support 2613.4000 (3×)\"","timestamp":"2026-09-19T12:00:05.048Z"}
{"level":"debug","message":"[AGG] ETH/USDC: votes BUY=0.60 SELL=0.00 HOLD=0.30 total_voters=3 external=0","timestamp":"2026-09-19T12:00:05.048Z"}
{"level":"debug","message":"[AGG] ETH/USDC: decision=HOLD confidence=0.20 tie=false belowMin=true (minConf=0.35750000000000004)","timestamp":"2026-09-19T12:00:05.048Z"}
{"level":"debug","message":"[CYCLE] LINK/USDC: sizing positionPct=0.1193 (base=0.15 atr=0.03548607941579189 regime=on conf=0.22 macro=bull mtf=1.0)","timestamp":"2026-09-19T12:00:05.074Z"}
{"level":"info","message":"LINK/USDC: decision=HOLD confidence=22% price=12.52100000 external_signals=0","timestamp":"2026-09-19T12:00:05.074Z"}
{"level":"info","message":"LINK/USDC: Price 12.5200 ≥ upper BB 12.2824 (bw 13.8%) | Stoch K=94.6 D=86.5 — no crossover in extreme zone | Supertrend uptrend continues (ST 11.0488)","timestamp":"2026-09-19T12:00:05.074Z"}
{"level":"debug","message":"[CYCLE] PEPE/USDC: starting cycle, candles=1552 lastClose=0.00000382 lastTs=2026-09-19T12:00:00.000Z","timestamp":"2026-09-19T12:00:05.081Z"}
{"level":"debug","message":"[AGG] PEPE/USDC: strategy[0]=EMA → HOLD conf=0.20 \"No EMA crossover (fast 0.0000 vs slow 0.0000)\"","timestamp":"2026-09-19T12:00:05.083Z"}
{"level":"debug","message":"[AGG] PEPE/USDC: strategy[1]=Supertrend → HOLD conf=0.10 \"Supertrend uptrend continues (ST 0.0000)\"","timestamp":"2026-09-19T12:00:05.083Z"}
{"level":"debug","message":"[AGG] PEPE/USDC: strategy[2]=OBV → HOLD conf=0.20 \"OBV above EMA-20 — no cross\"","timestamp":"2026-09-19T12:00:05.083Z"}
{"level":"debug","message":"[AGG] PEPE/USDC: votes BUY=0.00 SELL=0.00 HOLD=0.50 total_voters=3 external=0","timestamp":"2026-09-19T12:00:05.083Z"}
{"level":"debug","message":"[AGG] PEPE/USDC: decision=HOLD confidence=0.17 tie=false belowMin=true (minConf=0.35750000000000004)","timestamp":"2026-09-19T12:00:05.083Z"}
{"level":"debug","message":"[CYCLE] LTC/USDC: starting cycle, candles=1552 lastClose=58.04000000 lastTs=2026-09-19T12:00:00.000Z","timestamp":"2026-09-19T12:00:05.092Z"}
{"level":"debug","message":"[AGG] LTC/USDC: strategy[0]=BollingerBands → SELL conf=0.62 \"Price 57.9900 ≥ upper BB 57.1284 (bw 13.7%)\"","timestamp":"2026-09-19T12:00:05.099Z"}
{"level":"debug","message":"[AGG] LTC/USDC: strategy[1]=EMA → HOLD conf=0.20 \"No EMA crossover (fast 54.5137 vs slow 53.5311)\"","timestamp":"2026-09-19T12:00:05.099Z"}
{"level":"debug","message":"[AGG] LTC/USDC: strategy[2]=WilliamsR → SELL conf=0.73 \"%R -13.3 overbought ↓ reversal confirmed\"","timestamp":"2026-09-19T12:00:05.099Z"}
{"level":"debug","message":"[AGG] LTC/USDC: votes BUY=0.00 SELL=1.35 HOLD=0.20 total_voters=3 external=0","timestamp":"2026-09-19T12:00:05.099Z"}
{"level":"debug","message":"[AGG] LTC/USDC: decision=HOLD (multi-bar confirmation) winner=SELL conf=0.45 < borderlineCeiling=0.46 prev=HOLD","timestamp":"2026-09-19T12:00:05.099Z"}
{"level":"warn","message":"TON/USDC: candle series stale (newest bar 81.5d old) — skipping cycle","timestamp":"2026-09-19T12:00:05.108Z"}
{"level":"debug","message":"[CYCLE] BNB/USDC: starting cycle, candles=1552 lastClose=767.90000000 lastTs=2026-09-19T12:00:00.000Z","timestamp":"2026-09-19T12:00:05.112Z"}
{"level":"debug","message":"[AGG] BNB/USDC: strategy[0]=WilliamsR → HOLD conf=0.84 \"%R -3.2 overbought — still rising, wait\"","timestamp":"2026-09-19T12:00:05.114Z"}
{"level":"debug","message":"[AGG] BNB/USDC: strategy[1]=HeikinAshi → HOLD conf=0.15 \"HA bullish continuation\"","timestamp":"2026-09-19T12:00:05.114Z"}
{"level":"debug","message":"[AGG] BNB/USDC: strategy[2]=SupportResistance → HOLD conf=0.10 \"No significant S/R zone nearby\"","timestamp":"2026-09-19T12:00:05.114Z"}
{"level":"debug","message":"[AGG] BNB/USDC: votes BUY=0.00 SELL=0.00 HOLD=1.09 total_voters=3 external=0","timestamp":"2026-09-19T12:00:05.114Z"}
{"level":"debug","message":"[AGG] BNB/USDC: decision=HOLD confidence=0.36 tie=false belowMin=false (minConf=0.35750000000000004)","timestamp":"2026-09-19T12:00:05.114Z"}
{"level":"debug","message":"[CYCLE] ENS/USDC: starting cycle, candles=1552 lastClose=6.35000000 lastTs=2026-09-19T12:00:00.000Z","timestamp":"2026-09-19T12:00:05.191Z"}
{"level":"debug","message":"[AGG] ENS/USDC: strategy[0]=BollingerBands → SELL conf=0.62 \"Price 6.3500 ≥ upper BB 6.2219 (bw 18.1%)\"","timestamp":"2026-09-19T12:00:05.196Z"}
{"level":"debug","message":"[AGG] ENS/USDC: strategy[1]=PSAR → HOLD conf=0.10 \"PSAR uptrend continues (SAR 5.2523)\"","timestamp":"2026-09-19T12:00:05.196Z"}
{"level":"debug","message":"[AGG] ENS/USDC: strategy[2]=SupportResistance → BUY conf=0.70 \"Support 6.3050 (2×) +pin\"","timestamp":"2026-09-19T12:00:05.196Z"}
{"level":"debug","message":"[AGG] ENS/USDC: votes BUY=0.70 SELL=0.62 HOLD=0.10 total_voters=3 external=0","timestamp":"2026-09-19T12:00:05.196Z"}
{"level":"debug","message":"[AGG] ENS/USDC: decision=HOLD confidence=0.23 tie=false belowMin=true (minConf=0.35750000000000004)","timestamp":"2026-09-19T12:00:05.196Z"}
{"level":"debug","message":"[CYCLE] ARB/USDC: starting cycle, candles=1552 lastClose=0.21140000 lastTs=2026-09-19T12:00:00.000Z","timestamp":"2026-09-19T12:00:05.198Z"}
{"level":"debug","message":"[AGG] ARB/USDC: strategy[0]=RSI → SELL conf=0.64 \"RSI 73.1 overbought ↓ reversal confirmed\"","timestamp":"2026-09-19T12:00:05.201Z"}
{"level":"debug","message":"[AGG] ARB/USDC: strategy[1]=WilliamsR → SELL conf=0.63 \"%R -18.7 overbought ↓ reversal confirmed\"","timestamp":"2026-09-19T12:00:05.201Z"}
{"level":"debug","message":"[AGG] ARB/USDC: strategy[2]=HeikinAshi → HOLD conf=0.15 \"HA bullish continuation\"","timestamp":"2026-09-19T12:00:05.201Z"}
{"level":"debug","message":"[AGG] ARB/USDC: votes BUY=0.00 SELL=1.27 HOLD=0.15 total_voters=3 external=0","timestamp":"2026-09-19T12:00:05.201Z"}
{"level":"debug","message":"[AGG] ARB/USDC: decision=HOLD (multi-bar confirmation) winner=SELL conf=0.42 < borderlineCeiling=0.46 prev=HOLD","timestamp":"2026-09-19T12:00:05.201Z"}
{"level":"debug","message":"[CYCLE] ENA/USDC: starting cycle, candles=1552 lastClose=0.19110000 lastTs=2026-09-19T12:00:00.000Z","timestamp":"2026-09-19T12:00:05.209Z"}
{"level":"debug","message":"[AGG] ENA/USDC: strategy[0]=RSI → HOLD conf=0.58 \"RSI 76.1 overbought — still rising, wait\"","timestamp":"2026-09-19T12:00:05.217Z"}
{"level":"debug","message":"[AGG] ENA/USDC: strategy[1]=BollingerBands → SELL conf=0.84 \"Price 0.1911 ≥ upper BB 0.1738 (bw 33.8%)\"","timestamp":"2026-09-19T12:00:05.217Z"}
{"level":"debug","message":"[AGG] ENA/USDC: strategy[2]=CCI → HOLD conf=0.90 \"CCI 287.1 overbought — still rising, wait\"","timestamp":"2026-09-19T12:00:05.217Z"}
{"level":"debug","message":"[AGG] ENA/USDC: votes BUY=0.00 SELL=0.84 HOLD=1.48 total_voters=3 external=0","timestamp":"2026-09-19T12:00:05.217Z"}
{"level":"debug","message":"[AGG] ENA/USDC: decision=HOLD confidence=0.49 tie=false belowMin=false (minConf=0.35750000000000004)","timestamp":"2026-09-19T12:00:05.217Z"}
{"level":"debug","message":"[CYCLE] JUP/USDC: starting cycle, candles=1552 lastClose=0.27930000 lastTs=2026-09-19T12:00:00.000Z","timestamp":"2026-09-19T12:00:05.230Z"}
{"level":"debug","message":"[AGG] JUP/USDC: strategy[0]=BollingerBands → SELL conf=0.67 \"Price 0.2793 ≥ upper BB 0.2684 (bw 26.7%)\"","timestamp":"2026-09-19T12:00:05.242Z"}
{"level":"debug","message":"[AGG] JUP/USDC: strategy[1]=CCI → HOLD conf=0.90 \"CCI 243.9 overbought — still rising, wait\"","timestamp":"2026-09-19T12:00:05.242Z"}
{"level":"debug","message":"[AGG] JUP/USDC: strategy[2]=OBV → HOLD conf=0.20 \"OBV above EMA-20 — no cross\"","timestamp":"2026-09-19T12:00:05.242Z"}
{"level":"debug","message":"[AGG] JUP/USDC: votes BUY=0.00 SELL=0.67 HOLD=1.10 total_voters=3 external=0","timestamp":"2026-09-19T12:00:05.242Z"}
{"level":"debug","message":"[AGG] JUP/USDC: decision=HOLD confidence=0.37 tie=false belowMin=false (minConf=0.35750000000000004)","timestamp":"2026-09-19T12:00:05.242Z"}
{"level":"debug","message":"[CYCLE] NEAR/USDC: sizing positionPct=0.1025 (base=0.15 atr=0.03548607941579189 regime=on conf=0.49 macro=bull mtf=1.0)","timestamp":"2026-09-19T12:00:05.334Z"}
{"level":"info","message":"NEAR/USDC: decision=HOLD confidence=50% price=3.68300000 external_signals=0","timestamp":"2026-09-19T12:00:05.334Z"}
{"level":"info","message":"NEAR/USDC: RSI 81.3 overbought ↓ reversal confirmed | Price 3.6830 ≥ upper BB 3.5813 (bw 69.5%) | Stoch K=86.0 crossed below D=91.5 in overbought zone | No significant S/R zone nearby","timestamp":"2026-09-19T12:00:05.334Z"}
{"level":"debug","message":"[CYCLE] ADA/USDC: starting cycle, candles=1552 lastClose=0.22700000 lastTs=2026-09-19T12:00:00.000Z","timestamp":"2026-09-19T12:00:05.463Z"}
{"level":"debug","message":"[AGG] ADA/USDC: strategy[0]=RSI → HOLD conf=0.20 \"RSI 66.0 neutral\"","timestamp":"2026-09-19T12:00:05.477Z"}
{"level":"debug","message":"[AGG] ADA/USDC: strategy[1]=BollingerBands → SELL conf=0.61 \"Price 0.2270 ≥ upper BB 0.2235 (bw 16.0%)\"","timestamp":"2026-09-19T12:00:05.478Z"}
{"level":"debug","message":"[AGG] ADA/USDC: strategy[2]=CCI → HOLD conf=0.90 \"CCI 237.5 overbought — still rising, wait\"","timestamp":"2026-09-19T12:00:05.478Z"}
{"level":"debug","message":"[AGG] ADA/USDC: votes BUY=0.00 SELL=0.61 HOLD=1.10 total_voters=3 external=0","timestamp":"2026-09-19T12:00:05.478Z"}
{"level":"debug","message":"[AGG] ADA/USDC: decision=HOLD confidence=0.37 tie=false belowMin=false (minConf=0.35750000000000004)","timestamp":"2026-09-19T12:00:05.478Z"}
{"level":"debug","message":"[RISK] ACH/USDC: canTrade=true decision=SELL conf=0.59 positions=1/4 dailyPnL=0.00","timestamp":"2026-09-19T12:00:05.533Z"}
{"level":"debug","message":"[CYCLE] ACH/USDC: sizing positionPct=0.1115 (base=0.15 atr=0.03548607941579189 regime=on conf=0.59 macro=bull mtf=1.0)","timestamp":"2026-09-19T12:00:05.534Z"}
{"level":"info","message":"[LIVE] ACH/USDC: SELL skipped, no open position","timestamp":"2026-09-19T12:00:05.534Z"}
{"level":"info","message":"ACH/USDC: decision=SELL confidence=59% price=0.00606000 external_signals=0","timestamp":"2026-09-19T12:00:05.534Z"}
{"level":"info","message":"ACH/USDC: RSI 75.2 overbought — still rising, wait | Price 0.0061 ≥ upper BB 0.0057 (bw 22.5%) | CCI 324.8 overbought ↓ reversal confirmed","timestamp":"2026-09-19T12:00:05.534Z"}
{"level":"debug","message":"[CYCLE] ICP/USDC: starting cycle, candles=1552 lastClose=2.87800000 lastTs=2026-09-19T12:00:00.000Z","timestamp":"2026-09-19T12:00:05.658Z"}
{"level":"debug","message":"[AGG] ICP/USDC: strategy[0]=RSI → HOLD conf=0.20 \"RSI 62.0 neutral\"","timestamp":"2026-09-19T12:00:05.665Z"}
{"level":"debug","message":"[AGG] ICP/USDC: strategy[1]=BollingerBands → HOLD conf=0.20 \"Price 2.8780 inside BB [2.4825–2.9207]\"","timestamp":"2026-09-19T12:00:05.665Z"}
{"level":"debug","message":"[AGG] ICP/USDC: strategy[2]=Stochastic → HOLD conf=0.20 \"Stoch K=94.5 D=87.0 — no crossover in extreme zone\"","timestamp":"2026-09-19T12:00:05.665Z"}
{"level":"debug","message":"[AGG] ICP/USDC: votes BUY=0.00 SELL=0.00 HOLD=0.60 total_voters=3 external=0","timestamp":"2026-09-19T12:00:05.665Z"}
{"level":"debug","message":"[AGG] ICP/USDC: decision=HOLD confidence=0.20 tie=false belowMin=true (minConf=0.35750000000000004)","timestamp":"2026-09-19T12:00:05.665Z"}
{"level":"debug","message":"[CYCLE] CRV/USDC: sizing positionPct=0.0685 (base=0.15 atr=0.03548607941579189 regime=on conf=0.13 macro=bull mtf=1.0)","timestamp":"2026-09-19T12:00:05.731Z"}
{"level":"info","message":"CRV/USDC: decision=HOLD confidence=13% price=0.34240000 external_signals=0","timestamp":"2026-09-19T12:00:05.731Z"}
{"level":"info","message":"CRV/USDC: ADX 19.0 < 25 — ranging, skip | StochRSI K=94.9 D=90.9 — no extreme crossover | No significant S/R zone nearby","timestamp":"2026-09-19T12:00:05.731Z"}
{"level":"debug","message":"[CYCLE] TRX/USDC: sizing positionPct=0.1085 (base=0.15 atr=0.03548607941579189 regime=on conf=0.20 macro=bull mtf=1.0)","timestamp":"2026-09-19T12:00:05.931Z"}
{"level":"info","message":"TRX/USDC: decision=HOLD confidence=20% price=0.33790000 external_signals=0","timestamp":"2026-09-19T12:00:05.931Z"}
{"level":"info","message":"TRX/USDC: CCI 2.0 neutral | Stoch K=60.0 D=53.3 — no crossover in extreme zone | StochRSI K=64.3 D=62.8 — no extreme crossover","timestamp":"2026-09-19T12:00:05.931Z"}
{"level":"debug","message":"[CYCLE] WLD/USDC: starting cycle, candles=1552 lastClose=0.42800000 lastTs=2026-09-19T12:00:00.000Z","timestamp":"2026-09-19T12:00:06.053Z"}
{"level":"debug","message":"[AGG] WLD/USDC: strategy[0]=BollingerBands → HOLD conf=0.20 \"Price 0.4282 inside BB [0.3529–0.4360]\"","timestamp":"2026-09-19T12:00:06.061Z"}
{"level":"debug","message":"[AGG] WLD/USDC: strategy[1]=CCI → HOLD conf=0.58 \"CCI 118.8 overbought — still rising, wait\"","timestamp":"2026-09-19T12:00:06.061Z"}
{"level":"debug","message":"[AGG] WLD/USDC: strategy[2]=ADX → HOLD conf=0.10 \"ADX 21.7 < 25 — ranging, skip\"","timestamp":"2026-09-19T12:00:06.061Z"}
{"level":"debug","message":"[AGG] WLD/USDC: votes BUY=0.00 SELL=0.00 HOLD=0.88 total_voters=3 external=0","timestamp":"2026-09-19T12:00:06.062Z"}
{"level":"debug","message":"[AGG] WLD/USDC: decision=HOLD confidence=0.29 tie=false belowMin=true (minConf=0.35750000000000004)","timestamp":"2026-09-19T12:00:06.062Z"}
{"level":"debug","message":"[CYCLE] RENDER/USDC: starting cycle, candles=1552 lastClose=1.59700000 lastTs=2026-09-19T12:00:00.000Z","timestamp":"2026-09-19T12:00:06.128Z"}
{"level":"debug","message":"[AGG] RENDER/USDC: strategy[0]=EMA → HOLD conf=0.20 \"No EMA crossover (fast 1.4525 vs slow 1.4365)\"","timestamp":"2026-09-19T12:00:06.130Z"}
{"level":"debug","message":"[AGG] RENDER/USDC: strategy[1]=OBV → HOLD conf=0.20 \"OBV above EMA-20 — no cross\"","timestamp":"2026-09-19T12:00:06.130Z"}
{"level":"debug","message":"[AGG] RENDER/USDC: strategy[2]=WilliamsR → HOLD conf=0.89 \"%R -0.3 overbought — still rising, wait\"","timestamp":"2026-09-19T12:00:06.130Z"}
{"level":"debug","message":"[AGG] RENDER/USDC: votes BUY=0.00 SELL=0.00 HOLD=1.29 total_voters=3 external=0","timestamp":"2026-09-19T12:00:06.130Z"}
{"level":"debug","message":"[AGG] RENDER/USDC: decision=HOLD confidence=0.43 tie=false belowMin=false (minConf=0.35750000000000004)","timestamp":"2026-09-19T12:00:06.130Z"}
{"level":"debug","message":"[CYCLE] XRP/USDC: sizing positionPct=0.0461 (base=0.15 atr=0.03548607941579189 regime=on conf=0.20 macro=bull mtf=1.0)","timestamp":"2026-09-19T12:00:06.138Z"}
{"level":"info","message":"XRP/USDC: decision=HOLD confidence=20% price=1.43390000 external_signals=0","timestamp":"2026-09-19T12:00:06.138Z"}
{"level":"info","message":"XRP/USDC: Price 1.4339 inside BB [1.2631–1.4426] | Stoch K=76.2 D=56.0 — no crossover in extreme zone | No EMA crossover (fast 1.3554 vs slow 1.3594)","timestamp":"2026-09-19T12:00:06.138Z"}
{"level":"debug","message":"[CYCLE] BCH/USDC: starting cycle, candles=1552 lastClose=251.70000000 lastTs=2026-09-19T12:00:00.000Z","timestamp":"2026-09-19T12:00:06.141Z"}
{"level":"debug","message":"[AGG] BCH/USDC: strategy[0]=BollingerBands → HOLD conf=0.20 \"Price 251.7000 inside BB [206.4268–254.9632]\"","timestamp":"2026-09-19T12:00:06.146Z"}
{"level":"debug","message":"[AGG] BCH/USDC: strategy[1]=OBV → HOLD conf=0.20 \"OBV above EMA-20 — no cross\"","timestamp":"2026-09-19T12:00:06.146Z"}
{"level":"debug","message":"[AGG] BCH/USDC: strategy[2]=WilliamsR → HOLD conf=0.20 \"%R -27.7 neutral\"","timestamp":"2026-09-19T12:00:06.146Z"}
{"level":"debug","message":"[AGG] BCH/USDC: votes BUY=0.00 SELL=0.00 HOLD=0.60 total_voters=3 external=0","timestamp":"2026-09-19T12:00:06.146Z"}
{"level":"debug","message":"[AGG] BCH/USDC: decision=HOLD confidence=0.20 tie=false belowMin=true (minConf=0.35750000000000004)","timestamp":"2026-09-19T12:00:06.146Z"}
{"level":"debug","message":"[CYCLE] APT/USDC: starting cycle, candles=1552 lastClose=0.74900000 lastTs=2026-09-19T12:00:00.000Z","timestamp":"2026-09-19T12:00:06.190Z"}
{"level":"debug","message":"[AGG] APT/USDC: strategy[0]=BollingerBands → SELL conf=0.64 \"Price 0.7500 ≥ upper BB 0.7187 (bw 35.6%)\"","timestamp":"2026-09-19T12:00:06.202Z"}
{"level":"debug","message":"[AGG] APT/USDC: strategy[1]=Stochastic → SELL conf=0.70 \"Stoch K=87.3 crossed below D=88.6 in overbought zone\"","timestamp":"2026-09-19T12:00:06.202Z"}
{"level":"debug","message":"[AGG] APT/USDC: strategy[2]=MFI → HOLD conf=0.20 \"MFI 79.5 neutral\"","timestamp":"2026-09-19T12:00:06.202Z"}
{"level":"debug","message":"[AGG] APT/USDC: votes BUY=0.00 SELL=1.34 HOLD=0.20 total_voters=3 external=0","timestamp":"2026-09-19T12:00:06.202Z"}
{"level":"debug","message":"[AGG] APT/USDC: decision=HOLD (multi-bar confirmation) winner=SELL conf=0.45 < borderlineCeiling=0.46 prev=HOLD","timestamp":"2026-09-19T12:00:06.202Z"}
{"level":"debug","message":"[CYCLE] JTO/USDC: sizing positionPct=0.0388 (base=0.15 atr=0.03548607941579189 regime=on conf=0.28 macro=bull mtf=1.0)","timestamp":"2026-09-19T12:00:06.332Z"}
{"level":"info","message":"JTO/USDC: decision=HOLD confidence=28% price=0.45690000 external_signals=0","timestamp":"2026-09-19T12:00:06.333Z"}
{"level":"info","message":"JTO/USDC: CCI 136.0 overbought — still rising, wait | PSAR uptrend continues (SAR 0.3988) | No significant S/R zone nearby","timestamp":"2026-09-19T12:00:06.333Z"}
{"level":"debug","message":"[CYCLE] PAXG/USDC: sizing positionPct=0.2764 (base=0.15 atr=0.03548607941579189 regime=on conf=0.18 macro=bull mtf=1.0)","timestamp":"2026-09-19T12:00:06.541Z"}
{"level":"info","message":"PAXG/USDC: decision=HOLD confidence=18% price=4366.77000000 external_signals=0","timestamp":"2026-09-19T12:00:06.541Z"}
{"level":"info","message":"PAXG/USDC: MACD -14.3104 vs signal -24.9664 hist:10.6559 | ADX 24.9 downtrend (-DI 18.7 > +DI 14.8) | Supertrend downtrend continues (ST 4428.7050)","timestamp":"2026-09-19T12:00:06.541Z"}
{"level":"debug","message":"[CYCLE] LDO/USDC: starting cycle, candles=1552 lastClose=0.40610000 lastTs=2026-09-19T12:00:00.000Z","timestamp":"2026-09-19T12:00:06.675Z"}
{"level":"debug","message":"[AGG] LDO/USDC: strategy[0]=MACD → HOLD conf=0.20 \"MACD 0.0017 vs signal -0.0028 hist:0.0045\"","timestamp":"2026-09-19T12:00:06.686Z"}
{"level":"debug","message":"[AGG] LDO/USDC: strategy[1]=ADX → HOLD conf=0.10 \"ADX 22.8 < 25 — ranging, skip\"","timestamp":"2026-09-19T12:00:06.686Z"}
{"level":"debug","message":"[AGG] LDO/USDC: strategy[2]=WilliamsR → HOLD conf=0.87 \"%R -1.6 overbought — still rising, wait\"","timestamp":"2026-09-19T12:00:06.686Z"}
{"level":"debug","message":"[AGG] LDO/USDC: votes BUY=0.00 SELL=0.00 HOLD=1.17 total_voters=3 external=0","timestamp":"2026-09-19T12:00:06.687Z"}
{"level":"debug","message":"[AGG] LDO/USDC: decision=HOLD confidence=0.39 tie=false belowMin=false (minConf=0.35750000000000004)","timestamp":"2026-09-19T12:00:06.687Z"}
{"level":"debug","message":"[CYCLE] MANTA/USDC: sizing positionPct=0.1589 (base=0.15 atr=0.03548607941579189 regime=on conf=0.37 macro=bull mtf=1.0)","timestamp":"2026-09-19T12:00:06.732Z"}
{"level":"info","message":"MANTA/USDC: decision=HOLD confidence=37% price=0.06533000 external_signals=0","timestamp":"2026-09-19T12:00:06.732Z"}
{"level":"info","message":"MANTA/USDC: RSI 68.3 neutral | Price 0.0653 ≥ upper BB 0.0639 (bw 14.6%) | CCI 200.9 overbought — still rising, wait","timestamp":"2026-09-19T12:00:06.732Z"}
{"level":"debug","message":"[CYCLE] THETA/USDC: starting cycle, candles=1070 lastClose=0.22000000 lastTs=2026-09-19T12:00:00.000Z","timestamp":"2026-09-19T12:00:06.844Z"}
{"level":"debug","message":"[AGG] THETA/USDC: strategy[0]=RSI → HOLD conf=0.20 \"RSI 69.5 neutral\"","timestamp":"2026-09-19T12:00:06.856Z"}
{"level":"debug","message":"[AGG] THETA/USDC: strategy[1]=CCI → HOLD conf=0.83 \"CCI 182.0 overbought — still rising, wait\"","timestamp":"2026-09-19T12:00:06.856Z"}
{"level":"debug","message":"[AGG] THETA/USDC: strategy[2]=OBV → HOLD conf=0.20 \"OBV above EMA-20 — no cross\"","timestamp":"2026-09-19T12:00:06.856Z"}
{"level":"debug","message":"[AGG] THETA/USDC: votes BUY=0.00 SELL=0.00 HOLD=1.23 total_voters=3 external=0","timestamp":"2026-09-19T12:00:06.856Z"}
{"level":"debug","message":"[AGG] THETA/USDC: decision=HOLD confidence=0.41 tie=false belowMin=false (minConf=0.35750000000000004)","timestamp":"2026-09-19T12:00:06.856Z"}
{"level":"debug","message":"[CYCLE] SUI/USDC: sizing positionPct=0.1140 (base=0.15 atr=0.03548607941579189 regime=on conf=0.31 macro=bull mtf=1.0)","timestamp":"2026-09-19T12:00:06.939Z"}
{"level":"info","message":"SUI/USDC: decision=HOLD confidence=31% price=0.86260000 external_signals=0","timestamp":"2026-09-19T12:00:06.939Z"}
{"level":"info","message":"SUI/USDC: RSI 72.6 overbought — still rising, wait | Stoch K=96.7 D=94.4 — no crossover in extreme zone | MFI 67.4 neutral","timestamp":"2026-09-19T12:00:06.939Z"}
{"level":"debug","message":"[CYCLE] PIXEL/USDC: sizing positionPct=0.1390 (base=0.15 atr=0.03548607941579189 regime=on conf=0.27 macro=bull mtf=1.0)","timestamp":"2026-09-19T12:00:07.134Z"}
{"level":"info","message":"PIXEL/USDC: decision=HOLD confidence=27% price=0.00525000 external_signals=0","timestamp":"2026-09-19T12:00:07.134Z"}
{"level":"info","message":"PIXEL/USDC: EMA12 crossed above EMA26 — both rising ↑ | ADX 17.2 < 20 — ranging, skip | No significant S/R zone nearby","timestamp":"2026-09-19T12:00:07.134Z"}
{"level":"debug","message":"[CYCLE] TIA/USDC: sizing positionPct=0.1096 (base=0.15 atr=0.03548607941579189 regime=on conf=0.40 macro=bull mtf=1.0)","timestamp":"2026-09-19T12:00:07.329Z"}
{"level":"info","message":"TIA/USDC: decision=HOLD confidence=40% price=0.41200000 external_signals=0","timestamp":"2026-09-19T12:00:07.329Z"}
{"level":"info","message":"TIA/USDC: CCI 187.4 overbought — still rising, wait | MACD 0.0042 vs signal -0.0026 hist:0.0068 | HA bullish continuation","timestamp":"2026-09-19T12:00:07.329Z"}
{"level":"debug","message":"[RISK] SOL/USDC: canTrade=true decision=SELL conf=0.73 positions=1/4 dailyPnL=0.00","timestamp":"2026-09-19T12:00:07.533Z"}
{"level":"debug","message":"[CYCLE] SOL/USDC: sizing positionPct=0.1909 (base=0.15 atr=0.03548607941579189 regime=on conf=0.73 macro=bull mtf=1.0)","timestamp":"2026-09-19T12:00:07.533Z"}
{"level":"info","message":"[LIVE] SOL/USDC: SELL skipped, no open position","timestamp":"2026-09-19T12:00:07.533Z"}
{"level":"info","message":"SOL/USDC: decision=SELL confidence=73% price=111.87000000 external_signals=0","timestamp":"2026-09-19T12:00:07.533Z"}
{"level":"info","message":"SOL/USDC: Price 111.8800 ≥ upper BB 109.7622 (bw 15.6%) | %R -13.1 overbought ↓ reversal confirmed | StochRSI K=93.1 crossed below D=97.7 in overbought ↓","timestamp":"2026-09-19T12:00:07.533Z"}
{"level":"debug","message":"[CYCLE] BTC/USDC: sizing positionPct=0.2016 (base=0.15 atr=0.03548607941579189 regime=on conf=0.15 macro=bull mtf=1.0)","timestamp":"2026-09-19T12:00:07.729Z"}
{"level":"debug","message":"[LIVE] BTC/USDC: checkRisk price=81295.48000000 SL=76863.93000000 TP=90618.52800000 HWM=80909.40000000 entry=80909.40000000","timestamp":"2026-09-19T12:00:07.729Z"}
{"level":"info","message":"BTC/USDC: decision=HOLD confidence=15% price=81295.48000000 external_signals=0","timestamp":"2026-09-19T12:00:07.729Z"}
{"level":"info","message":"BTC/USDC: No EMA crossover (fast 78152.6929 vs slow 77827.3029) | PSAR uptrend continues (SAR 75037.7442) | HA bullish continuation","timestamp":"2026-09-19T12:00:07.729Z"}
{"level":"debug","message":"[CYCLE] AVAX/USDC: sizing positionPct=0.1276 (base=0.15 atr=0.03548607941579189 regime=on conf=0.32 macro=bull mtf=1.0)","timestamp":"2026-09-19T12:00:07.931Z"}
{"level":"info","message":"AVAX/USDC: decision=HOLD confidence=32% price=9.32600000 external_signals=0","timestamp":"2026-09-19T12:00:07.931Z"}
{"level":"info","message":"AVAX/USDC: RSI 81.6 overbought — still rising, wait | MACD 0.2069 vs signal 0.0555 hist:0.1514 | PSAR uptrend continues (SAR 7.2808)","timestamp":"2026-09-19T12:00:07.931Z"}
{"level":"debug","message":"[CYCLE] DOGE/USDC: sizing positionPct=0.1132 (base=0.15 atr=0.03548607941579189 regime=on conf=0.15 macro=bull mtf=1.0)","timestamp":"2026-09-19T12:00:08.129Z"}
{"level":"info","message":"DOGE/USDC: decision=HOLD confidence=15% price=0.08836000 external_signals=0","timestamp":"2026-09-19T12:00:08.129Z"}
{"level":"info","message":"DOGE/USDC: No EMA crossover (fast 0.0843 vs slow 0.0844) | PSAR uptrend continues (SAR 0.0790) | HA bullish continuation","timestamp":"2026-09-19T12:00:08.129Z"}
{"level":"debug","message":"[CYCLE] INJ/USDC: sizing positionPct=0.0848 (base=0.15 atr=0.03548607941579189 regime=on conf=0.22 macro=bull mtf=1.0)","timestamp":"2026-09-19T12:00:08.330Z"}
{"level":"info","message":"INJ/USDC: decision=HOLD confidence=22% price=7.71700000 external_signals=0","timestamp":"2026-09-19T12:00:08.330Z"}
{"level":"info","message":"INJ/USDC: ADX 26.2 uptrend (+DI 45.7 > -DI 12.5) | OBV above EMA-20 — no cross | StochRSI K=100.0 D=98.8 — no extreme crossover","timestamp":"2026-09-19T12:00:08.330Z"}
{"level":"debug","message":"[CYCLE] ETH/USDC: sizing positionPct=0.1425 (base=0.15 atr=0.03548607941579189 regime=on conf=0.20 macro=bull mtf=1.0)","timestamp":"2026-09-19T12:00:08.531Z"}
{"level":"info","message":"ETH/USDC: decision=HOLD confidence=20% price=2639.52000000 external_signals=0","timestamp":"2026-09-19T12:00:08.531Z"}
{"level":"info","message":"ETH/USDC: Supertrend uptrend continues (ST 2405.5249) | MFI 55.2 neutral | Support 2613.4000 (3×)","timestamp":"2026-09-19T12:00:08.531Z"}
{"level":"info","message":"LINK/USDC: live balance=97.09 pnl=-0.95 open_positions=3 daily_pnl=0.00 blocked=false","timestamp":"2026-09-19T12:00:08.729Z"}
{"level":"debug","message":"[CYCLE] PEPE/USDC: sizing positionPct=0.1020 (base=0.15 atr=0.03548607941579189 regime=on conf=0.17 macro=bull mtf=1.0)","timestamp":"2026-09-19T12:00:08.929Z"}
{"level":"info","message":"PEPE/USDC: decision=HOLD confidence=17% price=0.00000382 external_signals=0","timestamp":"2026-09-19T12:00:08.929Z"}
{"level":"info","message":"PEPE/USDC: No EMA crossover (fast 0.0000 vs slow 0.0000) | Supertrend uptrend continues (ST 0.0000) | OBV above EMA-20 — no cross","timestamp":"2026-09-19T12:00:08.929Z"}
{"level":"debug","message":"[CYCLE] LTC/USDC: sizing positionPct=0.2233 (base=0.15 atr=0.03548607941579189 regime=on conf=0.45 macro=bull mtf=1.0)","timestamp":"2026-09-19T12:00:09.131Z"}
{"level":"info","message":"LTC/USDC: decision=HOLD confidence=45% price=58.04000000 external_signals=0","timestamp":"2026-09-19T12:00:09.131Z"}
{"level":"info","message":"LTC/USDC: Price 57.9900 ≥ upper BB 57.1284 (bw 13.7%) | No EMA crossover (fast 54.5137 vs slow 53.5311) | %R -13.3 overbought ↓ reversal confirmed","timestamp":"2026-09-19T12:00:09.131Z"}
{"level":"debug","message":"[CYCLE] BNB/USDC: sizing positionPct=0.2346 (base=0.15 atr=0.03548607941579189 regime=on conf=0.36 macro=bull mtf=1.0)","timestamp":"2026-09-19T12:00:09.330Z"}
{"level":"info","message":"BNB/USDC: decision=HOLD confidence=36% price=767.90000000 external_signals=0","timestamp":"2026-09-19T12:00:09.330Z"}
{"level":"info","message":"BNB/USDC: %R -3.2 overbought — still rising, wait | HA bullish continuation | No significant S/R zone nearby","timestamp":"2026-09-19T12:00:09.331Z"}
{"level":"debug","message":"[CYCLE] ENS/USDC: sizing positionPct=0.1052 (base=0.15 atr=0.03548607941579189 regime=on conf=0.23 macro=bull mtf=1.0)","timestamp":"2026-09-19T12:00:09.530Z"}
{"level":"info","message":"ENS/USDC: decision=HOLD confidence=23% price=6.35000000 external_signals=0","timestamp":"2026-09-19T12:00:09.530Z"}
{"level":"info","message":"ENS/USDC: Price 6.3500 ≥ upper BB 6.2219 (bw 18.1%) | PSAR uptrend continues (SAR 5.2523) | Support 6.3050 (2×) +pin","timestamp":"2026-09-19T12:00:09.530Z"}
{"level":"debug","message":"[CYCLE] ARB/USDC: sizing positionPct=0.0839 (base=0.15 atr=0.03548607941579189 regime=on conf=0.42 macro=bull mtf=1.0)","timestamp":"2026-09-19T12:00:09.729Z"}
{"level":"info","message":"ARB/USDC: decision=HOLD confidence=42% price=0.21140000 external_signals=0","timestamp":"2026-09-19T12:00:09.729Z"}
{"level":"info","message":"ARB/USDC: RSI 73.1 overbought ↓ reversal confirmed | %R -18.7 overbought ↓ reversal confirmed | HA bullish continuation","timestamp":"2026-09-19T12:00:09.729Z"}
{"level":"debug","message":"[CYCLE] ENA/USDC: sizing positionPct=0.1199 (base=0.15 atr=0.03548607941579189 regime=on conf=0.49 macro=bull mtf=1.0)","timestamp":"2026-09-19T12:00:09.930Z"}
{"level":"info","message":"ENA/USDC: decision=HOLD confidence=49% price=0.19110000 external_signals=0","timestamp":"2026-09-19T12:00:09.930Z"}
{"level":"info","message":"ENA/USDC: RSI 76.1 overbought — still rising, wait | Price 0.1911 ≥ upper BB 0.1738 (bw 33.8%) | CCI 287.1 overbought — still rising, wait","timestamp":"2026-09-19T12:00:09.930Z"}
{"level":"debug","message":"[CYCLE] JUP/USDC: sizing positionPct=0.0903 (base=0.15 atr=0.03548607941579189 regime=on conf=0.37 macro=bull mtf=1.0)","timestamp":"2026-09-19T12:00:10.131Z"}
{"level":"info","message":"JUP/USDC: decision=HOLD confidence=37% price=0.27930000 external_signals=0","timestamp":"2026-09-19T12:00:10.131Z"}
{"level":"info","message":"JUP/USDC: Price 0.2793 ≥ upper BB 0.2684 (bw 26.7%) | CCI 243.9 overbought — still rising, wait | OBV above EMA-20 — no cross","timestamp":"2026-09-19T12:00:10.131Z"}
{"level":"info","message":"NEAR/USDC: live balance=97.09 pnl=-0.95 open_positions=3 daily_pnl=0.00 blocked=false","timestamp":"2026-09-19T12:00:10.329Z"}
{"level":"debug","message":"[CYCLE] ADA/USDC: sizing positionPct=0.1161 (base=0.15 atr=0.03548607941579189 regime=on conf=0.37 macro=bull mtf=1.0)","timestamp":"2026-09-19T12:00:10.530Z"}
{"level":"info","message":"ADA/USDC: decision=HOLD confidence=37% price=0.22700000 external_signals=0","timestamp":"2026-09-19T12:00:10.530Z"}
{"level":"info","message":"ADA/USDC: RSI 66.0 neutral | Price 0.2270 ≥ upper BB 0.2235 (bw 16.0%) | CCI 237.5 overbought — still rising, wait","timestamp":"2026-09-19T12:00:10.530Z"}
{"level":"info","message":"ACH/USDC: live balance=97.09 pnl=-0.95 open_positions=3 daily_pnl=0.00 blocked=false","timestamp":"2026-09-19T12:00:10.728Z"}
{"level":"debug","message":"[CYCLE] ICP/USDC: sizing positionPct=0.0932 (base=0.15 atr=0.03548607941579189 regime=on conf=0.20 macro=bull mtf=1.0)","timestamp":"2026-09-19T12:00:10.930Z"}
{"level":"info","message":"ICP/USDC: decision=HOLD confidence=20% price=2.87800000 external_signals=0","timestamp":"2026-09-19T12:00:10.931Z"}
{"level":"info","message":"ICP/USDC: RSI 62.0 neutral | Price 2.8780 inside BB [2.4825–2.9207] | Stoch K=94.5 D=87.0 — no crossover in extreme zone","timestamp":"2026-09-19T12:00:10.931Z"}
{"level":"info","message":"CRV/USDC: live balance=97.09 pnl=-0.95 open_positions=3 daily_pnl=0.00 blocked=false","timestamp":"2026-09-19T12:00:11.126Z"}
{"level":"info","message":"TRX/USDC: live balance=97.09 pnl=-0.95 open_positions=3 daily_pnl=0.00 blocked=false","timestamp":"2026-09-19T12:00:11.329Z"}
{"level":"debug","message":"[CYCLE] WLD/USDC: sizing positionPct=0.0889 (base=0.15 atr=0.03548607941579189 regime=on conf=0.29 macro=bull mtf=1.0)","timestamp":"2026-09-19T12:00:11.533Z"}
{"level":"info","message":"WLD/USDC: decision=HOLD confidence=29% price=0.42800000 external_signals=0","timestamp":"2026-09-19T12:00:11.533Z"}
{"level":"info","message":"WLD/USDC: Price 0.4282 inside BB [0.3529–0.4360] | CCI 118.8 overbought — still rising, wait | ADX 21.7 < 25 — ranging, skip","timestamp":"2026-09-19T12:00:11.533Z"}
{"level":"debug","message":"[CYCLE] RENDER/USDC: sizing positionPct=0.1468 (base=0.15 atr=0.03548607941579189 regime=on conf=0.43 macro=bull mtf=1.0)","timestamp":"2026-09-19T12:00:11.732Z"}
{"level":"info","message":"RENDER/USDC: decision=HOLD confidence=43% price=1.59700000 external_signals=0","timestamp":"2026-09-19T12:00:11.732Z"}
{"level":"info","message":"RENDER/USDC: No EMA crossover (fast 1.4525 vs slow 1.4365) | OBV above EMA-20 — no cross | %R -0.3 overbought — still rising, wait","timestamp":"2026-09-19T12:00:11.732Z"}
{"level":"info","message":"XRP/USDC: live balance=97.09 pnl=-0.95 open_positions=3 daily_pnl=0.00 blocked=false","timestamp":"2026-09-19T12:00:11.931Z"}
{"level":"debug","message":"[CYCLE] BCH/USDC: sizing positionPct=0.1037 (base=0.15 atr=0.03548607941579189 regime=on conf=0.20 macro=bull mtf=1.0)","timestamp":"2026-09-19T12:00:12.132Z"}
{"level":"info","message":"BCH/USDC: decision=HOLD confidence=20% price=251.70000000 external_signals=0","timestamp":"2026-09-19T12:00:12.132Z"}
{"level":"info","message":"BCH/USDC: Price 251.7000 inside BB [206.4268–254.9632] | OBV above EMA-20 — no cross | %R -27.7 neutral","timestamp":"2026-09-19T12:00:12.132Z"}
{"level":"debug","message":"[CYCLE] APT/USDC: sizing positionPct=0.1156 (base=0.15 atr=0.03548607941579189 regime=on conf=0.45 macro=bull mtf=1.0)","timestamp":"2026-09-19T12:00:12.328Z"}
{"level":"info","message":"APT/USDC: decision=HOLD confidence=45% price=0.74900000 external_signals=0","timestamp":"2026-09-19T12:00:12.329Z"}
{"level":"info","message":"APT/USDC: Price 0.7500 ≥ upper BB 0.7187 (bw 35.6%) | Stoch K=87.3 crossed below D=88.6 in overbought zone | MFI 79.5 neutral","timestamp":"2026-09-19T12:00:12.329Z"}
{"level":"info","message":"JTO/USDC: live balance=97.09 pnl=-0.95 open_positions=3 daily_pnl=0.00 blocked=false","timestamp":"2026-09-19T12:00:12.533Z"}
{"level":"info","message":"PAXG/USDC: live balance=97.09 pnl=-0.95 open_positions=3 daily_pnl=0.00 blocked=false","timestamp":"2026-09-19T12:00:12.729Z"}
{"level":"debug","message":"[CYCLE] LDO/USDC: sizing positionPct=0.1169 (base=0.15 atr=0.03548607941579189 regime=on conf=0.39 macro=bull mtf=1.0)","timestamp":"2026-09-19T12:00:12.930Z"}
{"level":"info","message":"LDO/USDC: decision=HOLD confidence=39% price=0.40610000 external_signals=0","timestamp":"2026-09-19T12:00:12.930Z"}
{"level":"info","message":"LDO/USDC: MACD 0.0017 vs signal -0.0028 hist:0.0045 | ADX 22.8 < 25 — ranging, skip | %R -1.6 overbought — still rising, wait","timestamp":"2026-09-19T12:00:12.930Z"}
{"level":"info","message":"MANTA/USDC: live balance=97.09 pnl=-0.95 open_positions=3 daily_pnl=0.00 blocked=false","timestamp":"2026-09-19T12:00:13.129Z"}
{"level":"debug","message":"[CYCLE] THETA/USDC: sizing positionPct=0.1177 (base=0.15 atr=0.03548607941579189 regime=on conf=0.41 macro=bull mtf=1.0)","timestamp":"2026-09-19T12:00:13.330Z"}
{"level":"info","message":"THETA/USDC: decision=HOLD confidence=41% price=0.22000000 external_signals=0","timestamp":"2026-09-19T12:00:13.330Z"}
{"level":"info","message":"THETA/USDC: RSI 69.5 neutral | CCI 182.0 overbought — still rising, wait | OBV above EMA-20 — no cross","timestamp":"2026-09-19T12:00:13.330Z"}
{"level":"info","message":"SUI/USDC: live balance=97.09 pnl=-0.95 open_positions=3 daily_pnl=0.00 blocked=false","timestamp":"2026-09-19T12:00:13.536Z"}
{"level":"info","message":"PIXEL/USDC: live balance=97.09 pnl=-0.95 open_positions=3 daily_pnl=0.00 blocked=false","timestamp":"2026-09-19T12:00:13.731Z"}
{"level":"info","message":"TIA/USDC: live balance=97.09 pnl=-0.95 open_positions=3 daily_pnl=0.00 blocked=false","timestamp":"2026-09-19T12:00:13.930Z"}
{"level":"info","message":"SOL/USDC: live balance=97.09 pnl=-0.95 open_positions=3 daily_pnl=0.00 blocked=false","timestamp":"2026-09-19T12:00:14.129Z"}
{"level":"info","message":"BTC/USDC: live balance=97.09 pnl=-0.95 open_positions=3 daily_pnl=0.00 blocked=false","timestamp":"2026-09-19T12:00:14.330Z"}
{"level":"info","message":"AVAX/USDC: live balance=97.09 pnl=-0.95 open_positions=3 daily_pnl=0.00 blocked=false","timestamp":"2026-09-19T12:00:14.535Z"}
{"level":"info","message":"DOGE/USDC: live balance=97.09 pnl=-0.95 open_positions=3 daily_pnl=0.00 blocked=false","timestamp":"2026-09-19T12:00:14.733Z"}
{"level":"info","message":"INJ/USDC: live balance=97.09 pnl=-0.95 open_positions=3 daily_pnl=0.00 blocked=false","timestamp":"2026-09-19T12:00:14.932Z"}
{"level":"info","message":"ETH/USDC: live balance=97.09 pnl=-0.95 open_positions=3 daily_pnl=0.00 blocked=false","timestamp":"2026-09-19T12:00:15.130Z"}
{"level":"info","message":"PEPE/USDC: live balance=97.09 pnl=-0.95 open_positions=3 daily_pnl=0.00 blocked=false","timestamp":"2026-09-19T12:00:15.330Z"}
{"level":"info","message":"LTC/USDC: live balance=97.09 pnl=-0.95 open_positions=3 daily_pnl=0.00 blocked=false","timestamp":"2026-09-19T12:00:15.529Z"}
{"level":"info","message":"BNB/USDC: live balance=97.09 pnl=-0.95 open_positions=3 daily_pnl=0.00 blocked=false","timestamp":"2026-09-19T12:00:15.931Z"}
{"level":"info","message":"ENS/USDC: live balance=97.09 pnl=-0.95 open_positions=3 daily_pnl=0.00 blocked=false","timestamp":"2026-09-19T12:00:16.127Z"}
{"level":"info","message":"ARB/USDC: live balance=97.09 pnl=-0.95 open_positions=3 daily_pnl=0.00 blocked=false","timestamp":"2026-09-19T12:00:16.331Z"}
{"level":"info","message":"ENA/USDC: live balance=97.09 pnl=-0.95 open_positions=3 daily_pnl=0.00 blocked=false","timestamp":"2026-09-19T12:00:16.532Z"}
{"level":"info","message":"JUP/USDC: live balance=97.09 pnl=-0.95 open_positions=3 daily_pnl=0.00 blocked=false","timestamp":"2026-09-19T12:00:16.734Z"}
{"level":"info","message":"ADA/USDC: live balance=97.09 pnl=-0.95 open_positions=3 daily_pnl=0.00 blocked=false","timestamp":"2026-09-19T12:00:16.929Z"}
{"level":"info","message":"ICP/USDC: live balance=97.09 pnl=-0.95 open_positions=3 daily_pnl=0.00 blocked=false","timestamp":"2026-09-19T12:00:17.129Z"}
{"level":"info","message":"WLD/USDC: live balance=97.09 pnl=-0.95 open_positions=3 daily_pnl=0.00 blocked=false","timestamp":"2026-09-19T12:00:17.330Z"}
{"level":"info","message":"RENDER/USDC: live balance=97.09 pnl=-0.95 open_positions=3 daily_pnl=0.00 blocked=false","timestamp":"2026-09-19T12:00:17.527Z"}
{"level":"info","message":"BCH/USDC: live balance=97.09 pnl=-0.95 open_positions=3 daily_pnl=0.00 blocked=false","timestamp":"2026-09-19T12:00:17.730Z"}
{"level":"info","message":"APT/USDC: live balance=97.09 pnl=-0.95 open_positions=3 daily_pnl=0.00 blocked=false","timestamp":"2026-09-19T12:00:17.932Z"}
{"level":"info","message":"LDO/USDC: live balance=97.09 pnl=-0.95 open_positions=3 daily_pnl=0.00 blocked=false","timestamp":"2026-09-19T12:00:18.131Z"}
{"level":"info","message":"THETA/USDC: live balance=97.09 pnl=-0.95 open_positions=3 daily_pnl=0.00 blocked=false","timestamp":"2026-09-19T12:00:18.330Z"}
{"level":"info","message":"[TSM-CORE] rung 2@0.5 (HWM $245.71) · next de-risk at $320 HWM","timestamp":"2026-09-19T12:00:18.790Z"}
{"level":"info","message":"[TSM-CORE] BTC/USDC: votes 3/3 (enter ≥3, stay ≥2) · vol 36% → ×1.00 · macro risk-on","timestamp":"2026-09-19T12:00:18.803Z"}
{"level":"info","message":"[TSM-CORE] ETH/USDC: votes 3/3 (enter ≥3, stay ≥2) · vol 45% → ×1.00 · macro risk-on","timestamp":"2026-09-19T12:00:18.804Z"}
{"level":"info","message":"Next cycle aligned to candle close in 720 min (Sun, 20 Sep 2026 00:00:03 GMT)","timestamp":"2026-09-19T12:00:19.078Z"}
{"level":"debug","message":"[RISK-LOOP] checking 3 open position(s)","timestamp":"2026-09-19T12:01:38.071Z"}
{"level":"debug","message":"[LIVE] BTC/USDC: checkRisk price=81280.74000000 SL=76863.93000000 TP=90618.52800000 HWM=80909.40000000 entry=80909.40000000","timestamp":"2026-09-19T12:01:39.043Z"}
{"level":"debug","message":"[RISK-LOOP] checking 3 open position(s)","timestamp":"2026-09-19T12:03:38.253Z"}
{"level":"debug","message":"[LIVE] BTC/USDC: checkRisk price=81286.79000000 SL=76863.93000000 TP=90618.52800000 HWM=80909.40000000 entry=80909.40000000","timestamp":"2026-09-19T12:03:39.227Z"}
{"level":"debug","message":"[RISK-LOOP] checking 3 open position(s)","timestamp":"2026-09-19T12:05:38.075Z"}
{"level":"debug","message":"[LIVE] BTC/USDC: checkRisk price=81298.67000000 SL=76863.93000000 TP=90618.52800000 HWM=80909.40000000 entry=80909.40000000","timestamp":"2026-09-19T12:05:39.051Z"}
{"level":"debug","message":"[RISK-LOOP] checking 3 open position(s)","timestamp":"2026-09-19T12:07:38.078Z"}
{"level":"debug","message":"[LIVE] BTC/USDC: checkRisk price=81325.17000000 SL=76863.93000000 TP=90618.52800000 HWM=80909.40000000 entry=80909.40000000","timestamp":"2026-09-19T12:07:39.050Z"}
{"level":"info","message":"[MTF-CACHE] 15m refresh complete: 37/37 symbols","timestamp":"2026-09-19T12:08:51.084Z"}
{"level":"debug","message":"[RISK-LOOP] checking 3 open position(s)","timestamp":"2026-09-19T12:09:38.079Z"}
{"level":"debug","message":"[LIVE] BTC/USDC: checkRisk price=81330.61000000 SL=76863.93000000 TP=90618.52800000 HWM=80909.40000000 entry=80909.40000000","timestamp":"2026-09-19T12:09:39.053Z"}
{"level":"debug","message":"[RISK-LOOP] checking 3 open position(s)","timestamp":"2026-09-19T12:11:38.080Z"}
{"level":"debug","message":"[LIVE] BTC/USDC: checkRisk price=81340.23000000 SL=76863.93000000 TP=90618.52800000 HWM=80909.40000000 entry=80909.40000000","timestamp":"2026-09-19T12:11:39.052Z"}
{"level":"debug","message":"[RISK-LOOP] checking 3 open position(s)","timestamp":"2026-09-19T12:13:38.262Z"}
{"level":"debug","message":"[LIVE] BTC/USDC: checkRisk price=81321.32000000 SL=76863.93000000 TP=90618.52800000 HWM=80909.40000000 entry=80909.40000000","timestamp":"2026-09-19T12:13:39.233Z"}
{"level":"debug","message":"[RISK-LOOP] checking 3 open position(s)","timestamp":"2026-09-19T12:15:38.085Z"}
{"level":"debug","message":"[LIVE] BTC/USDC: checkRisk price=81322.89000000 SL=76863.93000000 TP=90618.52800000 HWM=80909.40000000 entry=80909.40000000","timestamp":"2026-09-19T12:15:39.058Z"}
{"level":"debug","message":"[RISK-LOOP] checking 3 open position(s)","timestamp":"2026-09-19T12:17:38.089Z"}
{"level":"debug","message":"[LIVE] BTC/USDC: checkRisk price=81350.87000000 SL=76863.93000000 TP=90618.52800000 HWM=80909.40000000 entry=80909.40000000","timestamp":"2026-09-19T12:17:39.072Z"}
{"level":"debug","message":"[RISK-LOOP] checking 3 open position(s)","timestamp":"2026-09-19T12:19:38.091Z"}
{"level":"debug","message":"[LIVE] BTC/USDC: checkRisk price=81310.49000000 SL=76863.93000000 TP=90618.52800000 HWM=80909.40000000 entry=80909.40000000","timestamp":"2026-09-19T12:19:39.065Z"}
{"level":"debug","message":"[RISK-LOOP] checking 3 open position(s)","timestamp":"2026-09-19T12:21:38.091Z"}
{"level":"debug","message":"[LIVE] BTC/USDC: checkRisk price=81286.07000000 SL=76863.93000000 TP=90618.52800000 HWM=80909.40000000 entry=80909.40000000","timestamp":"2026-09-19T12:21:39.058Z"}
{"level":"debug","message":"[RISK-LOOP] checking 3 open position(s)","timestamp":"2026-09-19T12:23:38.093Z"}
{"level":"debug","message":"[LIVE] BTC/USDC: checkRisk price=81259.58000000 SL=76863.93000000 TP=90618.52800000 HWM=80909.40000000 entry=80909.40000000","timestamp":"2026-09-19T12:23:39.065Z"}
{"level":"info","message":"[MTF-CACHE] 15m refresh complete: 37/37 symbols","timestamp":"2026-09-19T12:23:50.574Z"}
{"level":"debug","message":"[RISK-LOOP] checking 3 open position(s)","timestamp":"2026-09-19T12:25:38.093Z"}
{"level":"debug","message":"[LIVE] BTC/USDC: checkRisk price=81219.63000000 SL=76863.93000000 TP=90618.52800000 HWM=80909.40000000 entry=80909.40000000","timestamp":"2026-09-19T12:25:39.063Z"}
{"level":"debug","message":"[RISK-LOOP] checking 3 open position(s)","timestamp":"2026-09-19T12:27:38.092Z"}
{"level":"debug","message":"[LIVE] BTC/USDC: checkRisk price=81262.33000000 SL=76863.93000000 TP=90618.52800000 HWM=80909.40000000 entry=80909.40000000","timestamp":"2026-09-19T12:27:39.063Z"}
{"level":"debug","message":"[RISK-LOOP] checking 3 open position(s)","timestamp":"2026-09-19T12:29:38.093Z"}
{"level":"debug","message":"[LIVE] BTC/USDC: checkRisk price=81220.70000000 SL=76863.93000000 TP=90618.52800000 HWM=80909.40000000 entry=80909.40000000","timestamp":"2026-09-19T12:29:39.069Z"}
{"level":"debug","message":"[RISK-LOOP] checking 3 open position(s)","timestamp":"2026-09-19T12:31:38.096Z"}
{"level":"debug","message":"[LIVE] BTC/USDC: checkRisk price=81224.46000000 SL=76863.93000000 TP=90618.52800000 HWM=80909.40000000 entry=80909.40000000","timestamp":"2026-09-19T12:31:39.064Z"}
{"level":"debug","message":"[RISK-LOOP] checking 3 open position(s)","timestamp":"2026-09-19T12:33:38.096Z"}
{"level":"debug","message":"[LIVE] BTC/USDC: checkRisk price=81244.20000000 SL=76863.93000000 TP=90618.52800000 HWM=80909.40000000 entry=80909.40000000","timestamp":"2026-09-19T12:33:39.071Z"}
{"level":"debug","message":"[RISK-LOOP] checking 3 open position(s)","timestamp":"2026-09-19T12:35:38.100Z"}
{"level":"debug","message":"[LIVE] BTC/USDC: checkRisk price=81269.40000000 SL=76863.93000000 TP=90618.52800000 HWM=80909.40000000 entry=80909.40000000","timestamp":"2026-09-19T12:35:39.081Z"}
{"level":"debug","message":"[RISK-LOOP] checking 3 open position(s)","timestamp":"2026-09-19T12:37:38.105Z"}
{"level":"debug","message":"[LIVE] BTC/USDC: checkRisk price=81258.27000000 SL=76863.93000000 TP=90618.52800000 HWM=80909.40000000 entry=80909.40000000","timestamp":"2026-09-19T12:37:39.083Z"}
{"level":"info","message":"[MTF-CACHE] 15m refresh complete: 37/37 symbols","timestamp":"2026-09-19T12:38:50.405Z"}
{"level":"debug","message":"[RISK-LOOP] checking 3 open position(s)","timestamp":"2026-09-19T12:39:38.104Z"}
{"level":"debug","message":"[LIVE] BTC/USDC: checkRisk price=81247.94000000 SL=76863.93000000 TP=90618.52800000 HWM=80909.40000000 entry=80909.40000000","timestamp":"2026-09-19T12:39:39.080Z"}
{"level":"debug","message":"[RISK-LOOP] checking 3 open position(s)","timestamp":"2026-09-19T12:41:38.104Z"}
{"level":"debug","message":"[LIVE] BTC/USDC: checkRisk price=81276.53000000 SL=76863.93000000 TP=90618.52800000 HWM=80909.40000000 entry=80909.40000000","timestamp":"2026-09-19T12:41:39.077Z"}
{"level":"debug","message":"[RISK-LOOP] checking 3 open position(s)","timestamp":"2026-09-19T12:43:38.103Z"}
{"level":"debug","message":"[LIVE] BTC/USDC: checkRisk price=81259.27000000 SL=76863.93000000 TP=90618.52800000 HWM=80909.40000000 entry=80909.40000000","timestamp":"2026-09-19T12:43:39.082Z"}
{"level":"debug","message":"[RISK-LOOP] checking 3 open position(s)","timestamp":"2026-09-19T12:45:38.102Z"}
{"level":"debug","message":"[LIVE] BTC/USDC: checkRisk price=81271.34000000 SL=76863.93000000 TP=90618.52800000 HWM=80909.40000000 entry=80909.40000000","timestamp":"2026-09-19T12:45:39.076Z"}
{"level":"debug","message":"[RISK-LOOP] checking 3 open position(s)","timestamp":"2026-09-19T12:47:38.104Z"}
{"level":"debug","message":"[LIVE] BTC/USDC: checkRisk price=81261.95000000 SL=76863.93000000 TP=90618.52800000 HWM=80909.40000000 entry=80909.40000000","timestamp":"2026-09-19T12:47:39.078Z"}
{"level":"debug","message":"[RISK-LOOP] checking 3 open position(s)","timestamp":"2026-09-19T12:49:38.107Z"}
{"level":"debug","message":"[LIVE] BTC/USDC: checkRisk price=81259.22000000 SL=76863.93000000 TP=90618.52800000 HWM=80909.40000000 entry=80909.40000000","timestamp":"2026-09-19T12:49:39.080Z"}
{"level":"debug","message":"[RISK-LOOP] checking 3 open position(s)","timestamp":"2026-09-19T12:51:38.108Z"}
{"level":"debug","message":"[LIVE] BTC/USDC: checkRisk price=81288.21000000 SL=76863.93000000 TP=90618.52800000 HWM=80909.40000000 entry=80909.40000000","timestamp":"2026-09-19T12:51:39.080Z"}
{"level":"debug","message":"[RISK-LOOP] checking 3 open position(s)","timestamp":"2026-09-19T12:53:38.111Z"}
{"level":"debug","message":"[LIVE] BTC/USDC: checkRisk price=81309.55000000 SL=76863.93000000 TP=90618.52800000 HWM=80909.40000000 entry=80909.40000000","timestamp":"2026-09-19T12:53:39.086Z"}
{"level":"info","message":"[MTF-CACHE] 15m refresh complete: 37/37 symbols","timestamp":"2026-09-19T12:53:50.873Z"}
{"level":"debug","message":"[RISK-LOOP] checking 3 open position(s)","timestamp":"2026-09-19T12:55:38.110Z"}
{"level":"debug","message":"[LIVE] BTC/USDC: checkRisk price=81319.96000000 SL=76863.93000000 TP=90618.52800000 HWM=80909.40000000 entry=80909.40000000","timestamp":"2026-09-19T12:55:39.083Z"}
{"level":"debug","message":"[RISK-LOOP] checking 3 open position(s)","timestamp":"2026-09-19T12:57:38.111Z"}
{"level":"debug","message":"[LIVE] BTC/USDC: checkRisk price=81310.00000000 SL=76863.93000000 TP=90618.52800000 HWM=80909.40000000 entry=80909.40000000","timestamp":"2026-09-19T12:57:39.084Z"}
{"level":"debug","message":"[RISK-LOOP] checking 3 open position(s)","timestamp":"2026-09-19T12:59:38.110Z"}
{"level":"debug","message":"[LIVE] BTC/USDC: checkRisk price=81316.01000000 SL=76863.93000000 TP=90618.52800000 HWM=80909.40000000 entry=80909.40000000","timestamp":"2026-09-19T12:59:39.087Z"}
{"level":"debug","message":"[RISK-LOOP] checking 3 open position(s)","timestamp":"2026-09-19T13:01:38.112Z"}
{"level":"debug","message":"[LIVE] BTC/USDC: checkRisk price=81288.92000000 SL=76863.93000000 TP=90618.52800000 HWM=80909.40000000 entry=80909.40000000","timestamp":"2026-09-19T13:01:39.086Z"}
{"level":"debug","message":"[RISK-LOOP] checking 3 open position(s)","timestamp":"2026-09-19T13:03:38.113Z"}
{"level":"debug","message":"[LIVE] BTC/USDC: checkRisk price=81323.54000000 SL=76863.93000000 TP=90618.52800000 HWM=80909.40000000 entry=80909.40000000","timestamp":"2026-09-19T13:03:39.082Z"}
{"level":"debug","message":"[RISK-LOOP] checking 3 open position(s)","timestamp":"2026-09-19T13:05:38.113Z"}
{"level":"debug","message":"[LIVE] BTC/USDC: checkRisk price=81314.82000000 SL=76863.93000000 TP=90618.52800000 HWM=80909.40000000 entry=80909.40000000","timestamp":"2026-09-19T13:05:39.092Z"}
{"level":"debug","message":"[RISK-LOOP] checking 3 open position(s)","timestamp":"2026-09-19T13:07:38.117Z"}
{"level":"debug","message":"[LIVE] BTC/USDC: checkRisk price=81253.14000000 SL=76863.93000000 TP=90618.52800000 HWM=80909.40000000 entry=80909.40000000","timestamp":"2026-09-19T13:07:39.088Z"}
{"level":"info","message":"[MTF-CACHE] 15m refresh complete: 37/37 symbols","timestamp":"2026-09-19T13:08:51.286Z"}
{"level":"debug","message":"[RISK-LOOP] checking 3 open position(s)","timestamp":"2026-09-19T13:09:38.113Z"}
{"level":"debug","message":"[LIVE] BTC/USDC: checkRisk price=81227.86000000 SL=76863.93000000 TP=90618.52800000 HWM=80909.40000000 entry=80909.40000000","timestamp":"2026-09-19T13:09:39.089Z"}
{"level":"debug","message":"[RISK-LOOP] checking 3 open position(s)","timestamp":"2026-09-19T13:11:38.119Z"}
{"level":"debug","message":"[LIVE] BTC/USDC: checkRisk price=81215.29000000 SL=76863.93000000 TP=90618.52800000 HWM=80909.40000000 entry=80909.40000000","timestamp":"2026-09-19T13:11:39.091Z"}
{"level":"debug","message":"[RISK-LOOP] checking 3 open position(s)","timestamp":"2026-09-19T13:13:38.118Z"}
{"level":"debug","message":"[LIVE] BTC/USDC: checkRisk price=81242.35000000 SL=76863.93000000 TP=90618.52800000 HWM=80909.40000000 entry=80909.40000000","timestamp":"2026-09-19T13:13:39.099Z"}
{"level":"debug","message":"[RISK-LOOP] checking 3 open position(s)","timestamp":"2026-09-19T13:15:38.117Z"}
{"level":"debug","message":"[LIVE] BTC/USDC: checkRisk price=81248.36000000 SL=76863.93000000 TP=90618.52800000 HWM=80909.40000000 entry=80909.40000000","timestamp":"2026-09-19T13:15:39.089Z"}
{"level":"debug","message":"[RISK-LOOP] checking 3 open position(s)","timestamp":"2026-09-19T13:17:38.117Z"}
{"level":"debug","message":"[LIVE] BTC/USDC: checkRisk price=81280.16000000 SL=76863.93000000 TP=90618.52800000 HWM=80909.40000000 entry=80909.40000000","timestamp":"2026-09-19T13:17:39.089Z"}
{"level":"debug","message":"[RISK-LOOP] checking 3 open position(s)","timestamp":"2026-09-19T13:19:38.120Z"}
{"level":"debug","message":"[LIVE] BTC/USDC: checkRisk price=81326.81000000 SL=76863.93000000 TP=90618.52800000 HWM=80909.40000000 entry=80909.40000000","timestamp":"2026-09-19T13:19:39.090Z"}
{"level":"debug","message":"[RISK-LOOP] checking 3 open position(s)","timestamp":"2026-09-19T13:21:38.120Z"}
{"level":"debug","message":"[LIVE] BTC/USDC: checkRisk price=81254.24000000 SL=76863.93000000 TP=90618.52800000 HWM=80909.40000000 entry=80909.40000000","timestamp":"2026-09-19T13:21:39.092Z"}
{"level":"debug","message":"[RISK-LOOP] checking 3 open position(s)","timestamp":"2026-09-19T13:23:38.169Z"}
{"level":"debug","message":"[LIVE] BTC/USDC: checkRisk price=81247.78000000 SL=76863.93000000 TP=90618.52800000 HWM=80909.40000000 entry=80909.40000000","timestamp":"2026-09-19T13:23:39.143Z"}
{"level":"info","message":"[MTF-CACHE] 15m refresh complete: 37/37 symbols","timestamp":"2026-09-19T13:23:50.415Z"}
{"level":"debug","message":"[RISK-LOOP] checking 3 open position(s)","timestamp":"2026-09-19T13:25:38.118Z"}
{"level":"debug","message":"[LIVE] BTC/USDC: checkRisk price=81251.38000000 SL=76863.93000000 TP=90618.52800000 HWM=80909.40000000 entry=80909.40000000","timestamp":"2026-09-19T13:25:39.092Z"}
{"level":"debug","message":"[RISK-LOOP] checking 3 open position(s)","timestamp":"2026-09-19T13:27:38.123Z"}
{"level":"debug","message":"[LIVE] BTC/USDC: checkRisk price=81258.88000000 SL=76863.93000000 TP=90618.52800000 HWM=80909.40000000 entry=80909.40000000","timestamp":"2026-09-19T13:27:39.110Z"}
{"level":"debug","message":"[RISK-LOOP] checking 3 open position(s)","timestamp":"2026-09-19T13:29:38.158Z"}
{"level":"debug","message":"[LIVE] BTC/USDC: checkRisk price=81214.65000000 SL=76863.93000000 TP=90618.52800000 HWM=80909.40000000 entry=80909.40000000","timestamp":"2026-09-19T13:29:39.139Z"}
{"level":"debug","message":"[RISK-LOOP] checking 3 open position(s)","timestamp":"2026-09-19T13:31:38.241Z"}
{"level":"debug","message":"[LIVE] BTC/USDC: checkRisk price=81236.99000000 SL=76863.93000000 TP=90618.52800000 HWM=80909.40000000 entry=80909.40000000","timestamp":"2026-09-19T13:31:39.214Z"}
{"level":"debug","message":"[RISK-LOOP] checking 3 open position(s)","timestamp":"2026-09-19T13:33:38.302Z"}
{"level":"debug","message":"[LIVE] BTC/USDC: checkRisk price=81244.10000000 SL=76863.93000000 TP=90618.52800000 HWM=80909.40000000 entry=80909.40000000","timestamp":"2026-09-19T13:33:39.096Z"}
{"level":"debug","message":"[RISK-LOOP] checking 3 open position(s)","timestamp":"2026-09-19T13:35:38.301Z"}
{"level":"debug","message":"[LIVE] BTC/USDC: checkRisk price=81253.33000000 SL=76863.93000000 TP=90618.52800000 HWM=80909.40000000 entry=80909.40000000","timestamp":"2026-09-19T13:35:39.093Z"}
{"level":"debug","message":"[RISK-LOOP] checking 3 open position(s)","timestamp":"2026-09-19T13:37:38.301Z"}
{"level":"debug","message":"[LIVE] BTC/USDC: checkRisk price=81246.09000000 SL=76863.93000000 TP=90618.52800000 HWM=80909.40000000 entry=80909.40000000","timestamp":"2026-09-19T13:37:39.098Z"}
{"level":"info","message":"[MTF-CACHE] 15m refresh complete: 37/37 symbols","timestamp":"2026-09-19T13:38:50.407Z"}
{"level":"debug","message":"[RISK-LOOP] checking 3 open position(s)","timestamp":"2026-09-19T13:39:38.301Z"}
{"level":"debug","message":"[LIVE] BTC/USDC: checkRisk price=81254.93000000 SL=76863.93000000 TP=90618.52800000 HWM=80909.40000000 entry=80909.40000000","timestamp":"2026-09-19T13:39:39.111Z"}
{"level":"debug","message":"[RISK-LOOP] checking 3 open position(s)","timestamp":"2026-09-19T13:41:38.300Z"}
{"level":"debug","message":"[LIVE] BTC/USDC: checkRisk price=81245.10000000 SL=76863.93000000 TP=90618.52800000 HWM=80909.40000000 entry=80909.40000000","timestamp":"2026-09-19T13:41:39.107Z"}
{"level":"debug","message":"[RISK-LOOP] checking 3 open position(s)","timestamp":"2026-09-19T13:43:38.493Z"}
{"level":"debug","message":"[LIVE] BTC/USDC: checkRisk price=81231.12000000 SL=76863.93000000 TP=90618.52800000 HWM=80909.40000000 entry=80909.40000000","timestamp":"2026-09-19T13:43:39.323Z"}
{"level":"debug","message":"[RISK-LOOP] checking 3 open position(s)","timestamp":"2026-09-19T13:45:38.123Z"}
{"level":"debug","message":"[LIVE] BTC/USDC: checkRisk price=81249.31000000 SL=76863.93000000 TP=90618.52800000 HWM=80909.40000000 entry=80909.40000000","timestamp":"2026-09-19T13:45:39.095Z"}
{"level":"debug","message":"[RISK-LOOP] checking 3 open position(s)","timestamp":"2026-09-19T13:47:38.126Z"}
{"level":"debug","message":"[LIVE] BTC/USDC: checkRisk price=81242.33000000 SL=76863.93000000 TP=90618.52800000 HWM=80909.40000000 entry=80909.40000000","timestamp":"2026-09-19T13:47:39.131Z"}
{"level":"debug","message":"[RISK-LOOP] checking 3 open position(s)","timestamp":"2026-09-19T13:49:38.123Z"}
{"level":"debug","message":"[LIVE] BTC/USDC: checkRisk price=81259.83000000 SL=76863.93000000 TP=90618.52800000 HWM=80909.40000000 entry=80909.40000000","timestamp":"2026-09-19T13:49:39.182Z"}
{"level":"debug","message":"[RISK-LOOP] checking 3 open position(s)","timestamp":"2026-09-19T13:51:38.128Z"}
{"level":"debug","message":"[LIVE] BTC/USDC: checkRisk price=81223.39000000 SL=76863.93000000 TP=90618.52800000 HWM=80909.40000000 entry=80909.40000000","timestamp":"2026-09-19T13:51:39.234Z"}
{"level":"debug","message":"[RISK-LOOP] checking 3 open position(s)","timestamp":"2026-09-19T13:53:38.309Z"}
{"level":"debug","message":"[LIVE] BTC/USDC: checkRisk price=81274.51000000 SL=76863.93000000 TP=90618.52800000 HWM=80909.40000000 entry=80909.40000000","timestamp":"2026-09-19T13:53:39.279Z"}
{"level":"info","message":"[MTF-CACHE] 15m refresh complete: 37/37 symbols","timestamp":"2026-09-19T13:53:50.556Z"}
{"level":"debug","message":"[RISK-LOOP] checking 3 open position(s)","timestamp":"2026-09-19T13:55:38.134Z"}
{"level":"debug","message":"[LIVE] BTC/USDC: checkRisk price=81282.42000000 SL=76863.93000000 TP=90618.52800000 HWM=80909.40000000 entry=80909.40000000","timestamp":"2026-09-19T13:55:39.286Z"}
{"level":"debug","message":"[RISK-LOOP] checking 3 open position(s)","timestamp":"2026-09-19T13:57:38.138Z"}
{"level":"debug","message":"[LIVE] BTC/USDC: checkRisk price=81327.08000000 SL=76863.93000000 TP=90618.52800000 HWM=80909.40000000 entry=80909.40000000","timestamp":"2026-09-19T13:57:39.291Z"}
{"level":"debug","message":"[RISK-LOOP] checking 3 open position(s)","timestamp":"2026-09-19T13:59:38.141Z"}
{"level":"debug","message":"[LIVE] BTC/USDC: checkRisk price=81343.79000000 SL=76863.93000000 TP=90618.52800000 HWM=80909.40000000 entry=80909.40000000","timestamp":"2026-09-19T13:59:39.299Z"}
{"level":"debug","message":"[RISK-LOOP] checking 3 open position(s)","timestamp":"2026-09-19T14:01:38.144Z"}
{"level":"debug","message":"[LIVE] BTC/USDC: checkRisk price=81324.44000000 SL=76863.93000000 TP=90618.52800000 HWM=80909.40000000 entry=80909.40000000","timestamp":"2026-09-19T14:01:39.302Z"}
{"level":"debug","message":"[RISK-LOOP] checking 3 open position(s)","timestamp":"2026-09-19T14:03:38.323Z"}
{"level":"debug","message":"[LIVE] BTC/USDC: checkRisk price=81341.10000000 SL=76863.93000000 TP=90618.52800000 HWM=80909.40000000 entry=80909.40000000","timestamp":"2026-09-19T14:03:39.478Z"}
{"level":"debug","message":"[RISK-LOOP] checking 3 open position(s)","timestamp":"2026-09-19T14:05:38.151Z"}
{"level":"debug","message":"[LIVE] BTC/USDC: checkRisk price=81392.77000000 SL=76863.93000000 TP=90618.52800000 HWM=80909.40000000 entry=80909.40000000","timestamp":"2026-09-19T14:05:39.306Z"}
{"level":"debug","message":"[RISK-LOOP] checking 3 open position(s)","timestamp":"2026-09-19T14:07:38.148Z"}
{"level":"debug","message":"[LIVE] BTC/USDC: checkRisk price=81427.49000000 SL=76863.93000000 TP=90618.52800000 HWM=80909.40000000 entry=80909.40000000","timestamp":"2026-09-19T14:07:39.305Z"}
{"level":"info","message":"[MTF-CACHE] 15m refresh complete: 37/37 symbols","timestamp":"2026-09-19T14:08:50.513Z"}
{"level":"debug","message":"[RISK-LOOP] checking 3 open position(s)","timestamp":"2026-09-19T14:09:38.148Z"}
{"level":"debug","message":"[LIVE] BTC/USDC: checkRisk price=81392.09000000 SL=76863.93000000 TP=90618.52800000 HWM=80909.40000000 entry=80909.40000000","timestamp":"2026-09-19T14:09:39.300Z"}
{"level":"debug","message":"[RISK-LOOP] checking 3 open position(s)","timestamp":"2026-09-19T14:11:38.148Z"}
{"level":"debug","message":"[LIVE] BTC/USDC: checkRisk price=81392.17000000 SL=76863.93000000 TP=90618.52800000 HWM=80909.40000000 entry=80909.40000000","timestamp":"2026-09-19T14:11:39.300Z"}
{"level":"debug","message":"[RISK-LOOP] checking 3 open position(s)","timestamp":"2026-09-19T14:13:38.331Z"}
{"level":"debug","message":"[LIVE] BTC/USDC: checkRisk price=81365.36000000 SL=76863.93000000 TP=90618.52800000 HWM=80909.40000000 entry=80909.40000000","timestamp":"2026-09-19T14:13:39.487Z"}
{"level":"debug","message":"[RISK-LOOP] checking 3 open position(s)","timestamp":"2026-09-19T14:15:38.157Z"}
{"level":"debug","message":"[LIVE] BTC/USDC: checkRisk price=81384.94000000 SL=76863.93000000 TP=90618.52800000 HWM=80909.40000000 entry=80909.40000000","timestamp":"2026-09-19T14:15:39.308Z"}
{"level":"debug","message":"[RISK-LOOP] checking 3 open position(s)","timestamp":"2026-09-19T14:17:38.150Z"}
{"level":"debug","message":"[LIVE] BTC/USDC: checkRisk price=81437.67000000 SL=76863.93000000 TP=90618.52800000 HWM=80909.40000000 entry=80909.40000000","timestamp":"2026-09-19T14:17:39.302Z"}
{"level":"debug","message":"[RISK-LOOP] checking 3 open position(s)","timestamp":"2026-09-19T14:19:38.160Z"}
{"level":"debug","message":"[LIVE] BTC/USDC: checkRisk price=81434.70000000 SL=76863.93000000 TP=90618.52800000 HWM=80909.40000000 entry=80909.40000000","timestamp":"2026-09-19T14:19:39.322Z"}
{"level":"debug","message":"[RISK-LOOP] checking 3 open position(s)","timestamp":"2026-09-19T14:21:38.161Z"}
{"level":"debug","message":"[LIVE] BTC/USDC: checkRisk price=81535.05000000 SL=76863.93000000 TP=90618.52800000 HWM=80909.40000000 entry=80909.40000000","timestamp":"2026-09-19T14:21:39.326Z"}
{"level":"debug","message":"[RISK-LOOP] checking 3 open position(s)","timestamp":"2026-09-19T14:23:38.341Z"}
{"level":"debug","message":"[LIVE] BTC/USDC: checkRisk price=81465.73000000 SL=76863.93000000 TP=90618.52800000 HWM=80909.40000000 entry=80909.40000000","timestamp":"2026-09-19T14:23:39.494Z"}
{"level":"info","message":"[MTF-CACHE] 15m refresh complete: 37/37 symbols","timestamp":"2026-09-19T14:23:50.715Z"}
{"level":"debug","message":"[RISK-LOOP] checking 3 open position(s)","timestamp":"2026-09-19T14:25:38.168Z"}
{"level":"debug","message":"[LIVE] BTC/USDC: checkRisk price=81499.93000000 SL=76863.93000000 TP=90618.52800000 HWM=80909.40000000 entry=80909.40000000","timestamp":"2026-09-19T14:25:39.153Z"}
{"level":"debug","message":"[RISK-LOOP] checking 3 open position(s)","timestamp":"2026-09-19T14:27:38.171Z"}
{"level":"debug","message":"[LIVE] BTC/USDC: checkRisk price=81507.14000000 SL=76863.93000000 TP=90618.52800000 HWM=80909.40000000 entry=80909.40000000","timestamp":"2026-09-19T14:27:39.148Z"}
{"level":"debug","message":"[RISK-LOOP] checking 3 open position(s)","timestamp":"2026-09-19T14:29:38.173Z"}
{"level":"debug","message":"[LIVE] BTC/USDC: checkRisk price=81533.39000000 SL=76863.93000000 TP=90618.52800000 HWM=80909.40000000 entry=80909.40000000","timestamp":"2026-09-19T14:29:39.153Z"}
{"level":"debug","message":"[RISK-LOOP] checking 3 open position(s)","timestamp":"2026-09-19T14:31:38.175Z"}
{"level":"debug","message":"[LIVE] BTC/USDC: checkRisk price=81541.43000000 SL=76863.93000000 TP=90618.52800000 HWM=80909.40000000 entry=80909.40000000","timestamp":"2026-09-19T14:31:39.150Z"}
{"level":"debug","message":"[RISK-LOOP] checking 3 open position(s)","timestamp":"2026-09-19T14:33:38.360Z"}
{"level":"debug","message":"[LIVE] BTC/USDC: checkRisk price=81561.81000000 SL=76863.93000000 TP=90618.52800000 HWM=80909.40000000 entry=80909.40000000","timestamp":"2026-09-19T14:33:39.338Z"}
{"level":"debug","message":"[RISK-LOOP] checking 3 open position(s)","timestamp":"2026-09-19T14:35:38.182Z"}
{"level":"debug","message":"[LIVE] BTC/USDC: checkRisk price=81529.14000000 SL=76863.93000000 TP=90618.52800000 HWM=80909.40000000 entry=80909.40000000","timestamp":"2026-09-19T14:35:39.157Z"}
{"level":"debug","message":"[RISK-LOOP] checking 3 open position(s)","timestamp":"2026-09-19T14:37:38.189Z"}
{"level":"debug","message":"[LIVE] BTC/USDC: checkRisk price=81507.33000000 SL=76863.93000000 TP=90618.52800000 HWM=80909.40000000 entry=80909.40000000","timestamp":"2026-09-19T14:37:39.165Z"}
{"level":"info","message":"[MTF-CACHE] 15m refresh complete: 37/37 symbols","timestamp":"2026-09-19T14:38:50.458Z"}
{"level":"debug","message":"[RISK-LOOP] checking 3 open position(s)","timestamp":"2026-09-19T14:39:38.188Z"}
{"level":"debug","message":"[LIVE] BTC/USDC: checkRisk price=81487.25000000 SL=76863.93000000 TP=90618.52800000 HWM=80909.40000000 entry=80909.40000000","timestamp":"2026-09-19T14:39:39.160Z"}
{"level":"debug","message":"[RISK-LOOP] checking 3 open position(s)","timestamp":"2026-09-19T14:41:38.194Z"}
{"level":"debug","message":"[LIVE] BTC/USDC: checkRisk price=81479.47000000 SL=76863.93000000 TP=90618.52800000 HWM=80909.40000000 entry=80909.40000000","timestamp":"2026-09-19T14:41:39.167Z"}
{"level":"debug","message":"[RISK-LOOP] checking 3 open position(s)","timestamp":"2026-09-19T14:43:38.375Z"}
{"level":"debug","message":"[LIVE] BTC/USDC: checkRisk price=81540.62000000 SL=76863.93000000 TP=90618.52800000 HWM=80909.40000000 entry=80909.40000000","timestamp":"2026-09-19T14:43:39.347Z"}
{"level":"debug","message":"[RISK-LOOP] checking 3 open position(s)","timestamp":"2026-09-19T14:45:38.196Z"}
{"level":"debug","message":"[LIVE] BTC/USDC: checkRisk price=81601.80000000 SL=76863.93000000 TP=90618.52800000 HWM=80909.40000000 entry=80909.40000000","timestamp":"2026-09-19T14:45:39.168Z"}
{"level":"debug","message":"[RISK-LOOP] checking 3 open position(s)","timestamp":"2026-09-19T14:47:38.199Z"}
{"level":"debug","message":"[LIVE] BTC/USDC: checkRisk price=81516.28000000 SL=76863.93000000 TP=90618.52800000 HWM=80909.40000000 entry=80909.40000000","timestamp":"2026-09-19T14:47:39.170Z"}
{"level":"debug","message":"[RISK-LOOP] checking 3 open position(s)","timestamp":"2026-09-19T14:49:38.204Z"}
{"level":"debug","message":"[LIVE] BTC/USDC: checkRisk price=81500.04000000 SL=76863.93000000 TP=90618.52800000 HWM=80909.40000000 entry=80909.40000000","timestamp":"2026-09-19T14:49:39.182Z"}
{"level":"debug","message":"[RISK-LOOP] checking 3 open position(s)","timestamp":"2026-09-19T14:51:38.208Z"}
{"level":"debug","message":"[LIVE] BTC/USDC: checkRisk price=81480.25000000 SL=76863.93000000 TP=90618.52800000 HWM=80909.40000000 entry=80909.40000000","timestamp":"2026-09-19T14:51:39.197Z"}
{"level":"debug","message":"[RISK-LOOP] checking 3 open position(s)","timestamp":"2026-09-19T14:53:38.388Z"}
{"level":"debug","message":"[LIVE] BTC/USDC: checkRisk price=81504.43000000 SL=76863.93000000 TP=90618.52800000 HWM=80909.40000000 entry=80909.40000000","timestamp":"2026-09-19T14:53:39.364Z"}
{"level":"info","message":"[MTF-CACHE] 15m refresh complete: 37/37 symbols","timestamp":"2026-09-19T14:53:50.465Z"}
{"level":"debug","message":"[RISK-LOOP] checking 3 open position(s)","timestamp":"2026-09-19T14:55:38.212Z"}
{"level":"debug","message":"[LIVE] BTC/USDC: checkRisk price=81521.50000000 SL=76863.93000000 TP=90618.52800000 HWM=80909.40000000 entry=80909.40000000","timestamp":"2026-09-19T14:55:39.188Z"}
{"level":"debug","message":"[RISK-LOOP] checking 3 open position(s)","timestamp":"2026-09-19T14:57:38.212Z"}
{"level":"debug","message":"[LIVE] BTC/USDC: checkRisk price=81525.60000000 SL=76863.93000000 TP=90618.52800000 HWM=80909.40000000 entry=80909.40000000","timestamp":"2026-09-19T14:57:39.185Z"}
{"level":"debug","message":"[RISK-LOOP] checking 3 open position(s)","timestamp":"2026-09-19T14:59:38.219Z"}
{"level":"debug","message":"[LIVE] BTC/USDC: checkRisk price=81567.20000000 SL=76863.93000000 TP=90618.52800000 HWM=80909.40000000 entry=80909.40000000","timestamp":"2026-09-19T14:59:39.194Z"}
{"level":"debug","message":"[RISK-LOOP] checking 3 open position(s)","timestamp":"2026-09-19T15:01:38.220Z"}
{"level":"debug","message":"[LIVE] BTC/USDC: checkRisk price=81595.80000000 SL=76863.93000000 TP=90618.52800000 HWM=80909.40000000 entry=80909.40000000","timestamp":"2026-09-19T15:01:39.193Z"}
{"level":"debug","message":"[RISK-LOOP] checking 3 open position(s)","timestamp":"2026-09-19T15:03:38.218Z"}
{"level":"debug","message":"[LIVE] BTC/USDC: checkRisk price=81624.62000000 SL=76863.93000000 TP=90618.52800000 HWM=80909.40000000 entry=80909.40000000","timestamp":"2026-09-19T15:03:39.192Z"}
{"level":"debug","message":"[RISK-LOOP] checking 3 open position(s)","timestamp":"2026-09-19T15:05:38.221Z"}
{"level":"debug","message":"[LIVE] BTC/USDC: checkRisk price=81700.00000000 SL=76863.93000000 TP=90618.52800000 HWM=80909.40000000 entry=80909.40000000","timestamp":"2026-09-19T15:05:39.220Z"}
{"level":"debug","message":"[RISK-LOOP] checking 3 open position(s)","timestamp":"2026-09-19T15:07:38.222Z"}
{"level":"debug","message":"[LIVE] BTC/USDC: checkRisk price=81692.23000000 SL=76863.93000000 TP=90618.52800000 HWM=80909.40000000 entry=80909.40000000","timestamp":"2026-09-19T15:07:39.194Z"}
{"level":"info","message":"[MTF-CACHE] 15m refresh complete: 37/37 symbols","timestamp":"2026-09-19T15:08:50.766Z"}
{"level":"debug","message":"[RISK-LOOP] checking 3 open position(s)","timestamp":"2026-09-19T15:09:38.224Z"}
{"level":"debug","message":"[LIVE] BTC/USDC: checkRisk price=81699.98000000 SL=76863.93000000 TP=90618.52800000 HWM=80909.40000000 entry=80909.40000000","timestamp":"2026-09-19T15:09:39.203Z"}
{"level":"debug","message":"[RISK-LOOP] checking 3 open position(s)","timestamp":"2026-09-19T15:11:38.226Z"}
{"level":"debug","message":"[LIVE] BTC/USDC: checkRisk price=81653.97000000 SL=76863.93000000 TP=90618.52800000 HWM=80909.40000000 entry=80909.40000000","timestamp":"2026-09-19T15:11:39.202Z"}
{"level":"debug","message":"[RISK-LOOP] checking 3 open position(s)","timestamp":"2026-09-19T15:13:38.230Z"}
{"level":"debug","message":"[LIVE] BTC/USDC: checkRisk price=81720.95000000 SL=76863.93000000 TP=90618.52800000 HWM=80909.40000000 entry=80909.40000000","timestamp":"2026-09-19T15:13:39.206Z"}
{"level":"debug","message":"[RISK-LOOP] checking 3 open position(s)","timestamp":"2026-09-19T15:15:38.232Z"}
{"level":"debug","message":"[LIVE] BTC/USDC: checkRisk price=81715.00000000 SL=76863.93000000 TP=90618.52800000 HWM=80909.40000000 entry=80909.40000000","timestamp":"2026-09-19T15:15:39.206Z"}
{"level":"debug","message":"[RISK-LOOP] checking 3 open position(s)","timestamp":"2026-09-19T15:17:38.233Z"}
{"level":"debug","message":"[LIVE] BTC/USDC: checkRisk price=81694.57000000 SL=76863.93000000 TP=90618.52800000 HWM=80909.40000000 entry=80909.40000000","timestamp":"2026-09-19T15:17:39.209Z"}
{"level":"debug","message":"[RISK-LOOP] checking 3 open position(s)","timestamp":"2026-09-19T15:19:38.234Z"}
{"level":"debug","message":"[LIVE] BTC/USDC: checkRisk price=81654.78000000 SL=76863.93000000 TP=90618.52800000 HWM=80909.40000000 entry=80909.40000000","timestamp":"2026-09-19T15:19:39.205Z"}
{"level":"debug","message":"[RISK-LOOP] checking 3 open position(s)","timestamp":"2026-09-19T15:21:38.232Z"}
{"level":"debug","message":"[LIVE] BTC/USDC: checkRisk price=81627.19000000 SL=76863.93000000 TP=90618.52800000 HWM=80909.40000000 entry=80909.40000000","timestamp":"2026-09-19T15:21:39.207Z"}
{"level":"debug","message":"[RISK-LOOP] checking 3 open position(s)","timestamp":"2026-09-19T15:23:38.233Z"}
{"level":"debug","message":"[LIVE] BTC/USDC: checkRisk price=81645.71000000 SL=76863.93000000 TP=90618.52800000 HWM=80909.40000000 entry=80909.40000000","timestamp":"2026-09-19T15:23:39.206Z"}
{"level":"info","message":"[MTF-CACHE] 15m refresh complete: 37/37 symbols","timestamp":"2026-09-19T15:23:50.476Z"}
{"level":"info","message":"[MTF-CACHE] 4h refresh complete: 37/37 symbols","timestamp":"2026-09-19T15:23:51.428Z"}
{"level":"debug","message":"[RISK-LOOP] checking 3 open position(s)","timestamp":"2026-09-19T15:25:38.233Z"}
{"level":"debug","message":"[LIVE] BTC/USDC: checkRisk price=81638.50000000 SL=76863.93000000 TP=90618.52800000 HWM=80909.40000000 entry=80909.40000000","timestamp":"2026-09-19T15:25:39.208Z"}
{"level":"debug","message":"[RISK-LOOP] checking 3 open position(s)","timestamp":"2026-09-19T15:27:38.238Z"}
{"level":"debug","message":"[LIVE] BTC/USDC: checkRisk price=81627.38000000 SL=76863.93000000 TP=90618.52800000 HWM=80909.40000000 entry=80909.40000000","timestamp":"2026-09-19T15:27:39.212Z"}
{"level":"debug","message":"[RISK-LOOP] checking 3 open position(s)","timestamp":"2026-09-19T15:29:38.239Z"}
{"level":"debug","message":"[LIVE] BTC/USDC: checkRisk price=81558.65000000 SL=76863.93000000 TP=90618.52800000 HWM=80909.40000000 entry=80909.40000000","timestamp":"2026-09-19T15:29:39.216Z"}
{"level":"debug","message":"[RISK-LOOP] checking 3 open position(s)","timestamp":"2026-09-19T15:31:38.241Z"}
{"level":"debug","message":"[LIVE] BTC/USDC: checkRisk price=81591.29000000 SL=76863.93000000 TP=90618.52800000 HWM=80909.40000000 entry=80909.40000000","timestamp":"2026-09-19T15:31:39.211Z"}
{"level":"debug","message":"[RISK-LOOP] checking 3 open position(s)","timestamp":"2026-09-19T15:33:38.240Z"}
{"level":"debug","message":"[LIVE] BTC/USDC: checkRisk price=81618.77000000 SL=76863.93000000 TP=90618.52800000 HWM=80909.40000000 entry=80909.40000000","timestamp":"2026-09-19T15:33:39.218Z"}
{"level":"debug","message":"[RISK-LOOP] checking 3 open position(s)","timestamp":"2026-09-19T15:35:38.242Z"}
{"level":"debug","message":"[LIVE] BTC/USDC: checkRisk price=81639.02000000 SL=76863.93000000 TP=90618.52800000 HWM=80909.40000000 entry=80909.40000000","timestamp":"2026-09-19T15:35:39.218Z"}
{"level":"debug","message":"[RISK-LOOP] checking 3 open position(s)","timestamp":"2026-09-19T15:37:38.243Z"}
{"level":"debug","message":"[LIVE] BTC/USDC: checkRisk price=81651.08000000 SL=76863.93000000 TP=90618.52800000 HWM=80909.40000000 entry=80909.40000000","timestamp":"2026-09-19T15:37:39.219Z"}
{"level":"info","message":"[MTF-CACHE] 15m refresh complete: 37/37 symbols","timestamp":"2026-09-19T15:38:50.414Z"}
{"level":"debug","message":"[RISK-LOOP] checking 3 open position(s)","timestamp":"2026-09-19T15:39:38.245Z"}
{"level":"debug","message":"[LIVE] BTC/USDC: checkRisk price=81651.52000000 SL=76863.93000000 TP=90618.52800000 HWM=80909.40000000 entry=80909.40000000","timestamp":"2026-09-19T15:39:39.214Z"}
{"level":"debug","message":"[RISK-LOOP] checking 3 open position(s)","timestamp":"2026-09-19T15:41:38.246Z"}
{"level":"debug","message":"[LIVE] BTC/USDC: checkRisk price=81745.21000000 SL=76863.93000000 TP=90618.52800000 HWM=80909.40000000 entry=80909.40000000","timestamp":"2026-09-19T15:41:39.219Z"}
{"level":"debug","message":"[RISK-LOOP] checking 3 open position(s)","timestamp":"2026-09-19T15:43:38.243Z"}
{"level":"debug","message":"[LIVE] BTC/USDC: checkRisk price=81916.21000000 SL=76863.93000000 TP=90618.52800000 HWM=80909.40000000 entry=80909.40000000","timestamp":"2026-09-19T15:43:39.217Z"}
{"level":"debug","message":"[RISK-LOOP] checking 3 open position(s)","timestamp":"2026-09-19T15:45:38.247Z"}
{"level":"debug","message":"[LIVE] BTC/USDC: checkRisk price=81795.49000000 SL=76863.93000000 TP=90618.52800000 HWM=80909.40000000 entry=80909.40000000","timestamp":"2026-09-19T15:45:39.223Z"}
{"level":"debug","message":"[RISK-LOOP] checking 3 open position(s)","timestamp":"2026-09-19T15:47:38.247Z"}
{"level":"debug","message":"[LIVE] BTC/USDC: checkRisk price=81751.52000000 SL=76863.93000000 TP=90618.52800000 HWM=80909.40000000 entry=80909.40000000","timestamp":"2026-09-19T15:47:39.218Z"}
{"level":"debug","message":"[RISK-LOOP] checking 3 open position(s)","timestamp":"2026-09-19T15:49:38.249Z"}
{"level":"debug","message":"[LIVE] BTC/USDC: checkRisk price=81703.80000000 SL=76863.93000000 TP=90618.52800000 HWM=80909.40000000 entry=80909.40000000","timestamp":"2026-09-19T15:49:39.223Z"}
{"level":"debug","message":"[RISK-LOOP] checking 3 open position(s)","timestamp":"2026-09-19T15:51:38.252Z"}
{"level":"debug","message":"[LIVE] BTC/USDC: checkRisk price=81714.01000000 SL=76863.93000000 TP=90618.52800000 HWM=80909.40000000 entry=80909.40000000","timestamp":"2026-09-19T15:51:39.225Z"}
{"level":"debug","message":"[RISK-LOOP] checking 3 open position(s)","timestamp":"2026-09-19T15:53:38.257Z"}
{"level":"debug","message":"[LIVE] BTC/USDC: checkRisk price=81724.48000000 SL=76863.93000000 TP=90618.52800000 HWM=80909.40000000 entry=80909.40000000","timestamp":"2026-09-19T15:53:39.236Z"}
{"level":"info","message":"[MTF-CACHE] 15m refresh complete: 37/37 symbols","timestamp":"2026-09-19T15:53:50.428Z"}
{"level":"debug","message":"[RISK-LOOP] checking 3 open position(s)","timestamp":"2026-09-19T15:55:38.249Z"}
{"level":"debug","message":"[LIVE] BTC/USDC: checkRisk price=81653.37000000 SL=76863.93000000 TP=90618.52800000 HWM=80909.40000000 entry=80909.40000000","timestamp":"2026-09-19T15:55:39.224Z"}
{"level":"debug","message":"[RISK-LOOP] checking 3 open position(s)","timestamp":"2026-09-19T15:57:38.247Z"}
{"level":"debug","message":"[LIVE] BTC/USDC: checkRisk price=81613.30000000 SL=76863.93000000 TP=90618.52800000 HWM=80909.40000000 entry=80909.40000000","timestamp":"2026-09-19T15:57:39.217Z"}
{"level":"debug","message":"[RISK-LOOP] checking 3 open position(s)","timestamp":"2026-09-19T15:59:38.250Z"}
{"level":"debug","message":"[LIVE] BTC/USDC: checkRisk price=81611.99000000 SL=76863.93000000 TP=90618.52800000 HWM=80909.40000000 entry=80909.40000000","timestamp":"2026-09-19T15:59:39.225Z"}
{"level":"debug","message":"[RISK-LOOP] checking 3 open position(s)","timestamp":"2026-09-19T16:01:38.248Z"}
{"level":"debug","message":"[LIVE] BTC/USDC: checkRisk price=81604.60000000 SL=76863.93000000 TP=90618.52800000 HWM=80909.40000000 entry=80909.40000000","timestamp":"2026-09-19T16:01:39.219Z"}
{"level":"debug","message":"[RISK-LOOP] checking 3 open position(s)","timestamp":"2026-09-19T16:03:38.293Z"}
{"level":"debug","message":"[LIVE] BTC/USDC: checkRisk price=81549.78000000 SL=76863.93000000 TP=90618.52800000 HWM=80909.40000000 entry=80909.40000000","timestamp":"2026-09-19T16:03:39.264Z"}
{"level":"debug","message":"[RISK-LOOP] checking 3 open position(s)","timestamp":"2026-09-19T16:05:38.251Z"}
{"level":"debug","message":"[LIVE] BTC/USDC: checkRisk price=81503.99000000 SL=76863.93000000 TP=90618.52800000 HWM=80909.40000000 entry=80909.40000000","timestamp":"2026-09-19T16:05:39.228Z"}
{"level":"debug","message":"[RISK-LOOP] checking 3 open position(s)","timestamp":"2026-09-19T16:07:38.253Z"}
{"level":"debug","message":"[LIVE] BTC/USDC: checkRisk price=81628.64000000 SL=76863.93000000 TP=90618.52800000 HWM=80909.40000000 entry=80909.40000000","timestamp":"2026-09-19T16:07:39.232Z"}
{"level":"info","message":"[MTF-CACHE] 15m refresh complete: 37/37 symbols","timestamp":"2026-09-19T16:08:50.592Z"}
{"level":"debug","message":"[RISK-LOOP] checking 3 open position(s)","timestamp":"2026-09-19T16:09:38.250Z"}
{"level":"debug","message":"[LIVE] BTC/USDC: checkRisk price=81593.09000000 SL=76863.93000000 TP=90618.52800000 HWM=80909.40000000 entry=80909.40000000","timestamp":"2026-09-19T16:09:39.228Z"}
{"level":"debug","message":"[RISK-LOOP] checking 3 open position(s)","timestamp":"2026-09-19T16:11:38.267Z"}
{"level":"debug","message":"[LIVE] BTC/USDC: checkRisk price=81746.09000000 SL=76863.93000000 TP=90618.52800000 HWM=80909.40000000 entry=80909.40000000","timestamp":"2026-09-19T16:11:39.242Z"}
{"level":"debug","message":"[RISK-LOOP] checking 3 open position(s)","timestamp":"2026-09-19T16:13:38.430Z"}
{"level":"debug","message":"[LIVE] BTC/USDC: checkRisk price=81737.75000000 SL=76863.93000000 TP=90618.52800000 HWM=80909.40000000 entry=80909.40000000","timestamp":"2026-09-19T16:13:39.402Z"}
{"level":"debug","message":"[RISK-LOOP] checking 3 open position(s)","timestamp":"2026-09-19T16:15:38.543Z"}
{"level":"debug","message":"[LIVE] BTC/USDC: checkRisk price=81768.90000000 SL=76863.93000000 TP=90618.52800000 HWM=80909.40000000 entry=80909.40000000","timestamp":"2026-09-19T16:15:39.513Z"}
{"level":"debug","message":"[RISK-LOOP] checking 3 open position(s)","timestamp":"2026-09-19T16:17:38.405Z"}
{"level":"debug","message":"[LIVE] BTC/USDC: checkRisk price=81747.00000000 SL=76863.93000000 TP=90618.52800000 HWM=80909.40000000 entry=80909.40000000","timestamp":"2026-09-19T16:17:39.382Z"}
{"level":"debug","message":"[RISK-LOOP] checking 3 open position(s)","timestamp":"2026-09-19T16:19:38.474Z"}
{"level":"debug","message":"[LIVE] BTC/USDC: checkRisk price=81806.38000000 SL=76863.93000000 TP=90618.52800000 HWM=80909.40000000 entry=80909.40000000","timestamp":"2026-09-19T16:19:39.451Z"}
{"level":"debug","message":"[RISK-LOOP] checking 3 open position(s)","timestamp":"2026-09-19T16:21:38.437Z"}
{"level":"debug","message":"[LIVE] BTC/USDC: checkRisk price=81798.79000000 SL=76863.93000000 TP=90618.52800000 HWM=80909.40000000 entry=80909.40000000","timestamp":"2026-09-19T16:21:39.234Z"}
{"level":"debug","message":"[RISK-LOOP] checking 3 open position(s)","timestamp":"2026-09-19T16:23:38.488Z"}
{"level":"debug","message":"[LIVE] BTC/USDC: checkRisk price=81800.10000000 SL=76863.93000000 TP=90618.52800000 HWM=80909.40000000 entry=80909.40000000","timestamp":"2026-09-19T16:23:39.324Z"}
{"level":"info","message":"[MTF-CACHE] 15m refresh complete: 37/37 symbols","timestamp":"2026-09-19T16:23:50.452Z"}
{"level":"debug","message":"[RISK-LOOP] checking 3 open position(s)","timestamp":"2026-09-19T16:25:38.436Z"}
{"level":"debug","message":"[LIVE] BTC/USDC: checkRisk price=81866.03000000 SL=76863.93000000 TP=90618.52800000 HWM=80909.40000000 entry=80909.40000000","timestamp":"2026-09-19T16:25:39.233Z"}
{"level":"debug","message":"[RISK-LOOP] checking 3 open position(s)","timestamp":"2026-09-19T16:27:38.262Z"}
{"level":"debug","message":"[LIVE] BTC/USDC: checkRisk price=81854.69000000 SL=76863.93000000 TP=90618.52800000 HWM=80909.40000000 entry=80909.40000000","timestamp":"2026-09-19T16:27:39.237Z"}
{"level":"debug","message":"[RISK-LOOP] checking 3 open position(s)","timestamp":"2026-09-19T16:29:38.259Z"}
{"level":"debug","message":"[LIVE] BTC/USDC: checkRisk price=81834.34000000 SL=76863.93000000 TP=90618.52800000 HWM=80909.40000000 entry=80909.40000000","timestamp":"2026-09-19T16:29:39.243Z"}
{"level":"debug","message":"[RISK-LOOP] checking 3 open position(s)","timestamp":"2026-09-19T16:31:38.275Z"}
{"level":"debug","message":"[LIVE] BTC/USDC: checkRisk price=81858.14000000 SL=76863.93000000 TP=90618.52800000 HWM=80909.40000000 entry=80909.40000000","timestamp":"2026-09-19T16:31:39.315Z"}
{"level":"debug","message":"[RISK-LOOP] checking 3 open position(s)","timestamp":"2026-09-19T16:33:38.448Z"}
{"level":"debug","message":"[LIVE] BTC/USDC: checkRisk price=81855.36000000 SL=76863.93000000 TP=90618.52800000 HWM=80909.40000000 entry=80909.40000000","timestamp":"2026-09-19T16:33:39.424Z"}
{"level":"debug","message":"[RISK-LOOP] checking 3 open position(s)","timestamp":"2026-09-19T16:35:38.271Z"}
{"level":"debug","message":"[LIVE] BTC/USDC: checkRisk price=81860.25000000 SL=76863.93000000 TP=90618.52800000 HWM=80909.40000000 entry=80909.40000000","timestamp":"2026-09-19T16:35:39.427Z"}
{"level":"debug","message":"[RISK-LOOP] checking 3 open position(s)","timestamp":"2026-09-19T16:37:38.273Z"}
{"level":"debug","message":"[LIVE] BTC/USDC: checkRisk price=81815.16000000 SL=76863.93000000 TP=90618.52800000 HWM=80909.40000000 entry=80909.40000000","timestamp":"2026-09-19T16:37:39.422Z"}
{"level":"info","message":"[MTF-CACHE] 15m refresh complete: 37/37 symbols","timestamp":"2026-09-19T16:38:50.469Z"}
{"level":"debug","message":"[RISK-LOOP] checking 3 open position(s)","timestamp":"2026-09-19T16:39:38.276Z"}
{"level":"debug","message":"[LIVE] BTC/USDC: checkRisk price=81798.91000000 SL=76863.93000000 TP=90618.52800000 HWM=80909.40000000 entry=80909.40000000","timestamp":"2026-09-19T16:39:39.447Z"}
{"level":"debug","message":"[RISK-LOOP] checking 3 open position(s)","timestamp":"2026-09-19T16:41:38.280Z"}
{"level":"debug","message":"[LIVE] BTC/USDC: checkRisk price=81865.06000000 SL=76863.93000000 TP=90618.52800000 HWM=80909.40000000 entry=80909.40000000","timestamp":"2026-09-19T16:41:39.432Z"}
{"level":"debug","message":"[RISK-LOOP] checking 3 open position(s)","timestamp":"2026-09-19T16:43:38.465Z"}
{"level":"debug","message":"[LIVE] BTC/USDC: checkRisk price=81856.56000000 SL=76863.93000000 TP=90618.52800000 HWM=80909.40000000 entry=80909.40000000","timestamp":"2026-09-19T16:43:39.619Z"}
{"level":"debug","message":"[RISK-LOOP] checking 3 open position(s)","timestamp":"2026-09-19T16:45:38.287Z"}
{"level":"debug","message":"[LIVE] BTC/USDC: checkRisk price=81836.95000000 SL=76863.93000000 TP=90618.52800000 HWM=80909.40000000 entry=80909.40000000","timestamp":"2026-09-19T16:45:39.452Z"}
{"level":"debug","message":"[RISK-LOOP] checking 3 open position(s)","timestamp":"2026-09-19T16:47:38.289Z"}
{"level":"debug","message":"[LIVE] BTC/USDC: checkRisk price=81827.96000000 SL=76863.93000000 TP=90618.52800000 HWM=80909.40000000 entry=80909.40000000","timestamp":"2026-09-19T16:47:39.444Z"}
{"level":"debug","message":"[RISK-LOOP] checking 3 open position(s)","timestamp":"2026-09-19T16:49:38.290Z"}
{"level":"debug","message":"[LIVE] BTC/USDC: checkRisk price=81839.93000000 SL=76863.93000000 TP=90618.52800000 HWM=80909.40000000 entry=80909.40000000","timestamp":"2026-09-19T16:49:39.445Z"}
{"level":"debug","message":"[RISK-LOOP] checking 3 open position(s)","timestamp":"2026-09-19T16:51:38.290Z"}
{"level":"debug","message":"[LIVE] BTC/USDC: checkRisk price=81813.65000000 SL=76863.93000000 TP=90618.52800000 HWM=80909.40000000 entry=80909.40000000","timestamp":"2026-09-19T16:51:39.452Z"}
{"level":"debug","message":"[RISK-LOOP] checking 3 open position(s)","timestamp":"2026-09-19T16:53:38.473Z"}
{"level":"debug","message":"[LIVE] BTC/USDC: checkRisk price=81823.49000000 SL=76863.93000000 TP=90618.52800000 HWM=80909.40000000 entry=80909.40000000","timestamp":"2026-09-19T16:53:39.626Z"}
{"level":"info","message":"[MTF-CACHE] 15m refresh complete: 37/37 symbols","timestamp":"2026-09-19T16:53:50.582Z"}
{"level":"debug","message":"[RISK-LOOP] checking 3 open position(s)","timestamp":"2026-09-19T16:55:38.295Z"}
{"level":"debug","message":"[LIVE] BTC/USDC: checkRisk price=81844.40000000 SL=76863.93000000 TP=90618.52800000 HWM=80909.40000000 entry=80909.40000000","timestamp":"2026-09-19T16:55:39.467Z"}
{"level":"debug","message":"[RISK-LOOP] checking 3 open position(s)","timestamp":"2026-09-19T16:57:38.519Z"}
{"level":"debug","message":"[LIVE] BTC/USDC: checkRisk price=81840.73000000 SL=76863.93000000 TP=90618.52800000 HWM=80909.40000000 entry=80909.40000000","timestamp":"2026-09-19T16:57:39.676Z"}
{"level":"debug","message":"[RISK-LOOP] checking 3 open position(s)","timestamp":"2026-09-19T16:59:38.301Z"}
{"level":"debug","message":"[LIVE] BTC/USDC: checkRisk price=81820.99000000 SL=76863.93000000 TP=90618.52800000 HWM=80909.40000000 entry=80909.40000000","timestamp":"2026-09-19T16:59:39.453Z"}
{"level":"debug","message":"[RISK-LOOP] checking 3 open position(s)","timestamp":"2026-09-19T17:01:38.307Z"}
{"level":"debug","message":"[LIVE] BTC/USDC: checkRisk price=81784.80000000 SL=76863.93000000 TP=90618.52800000 HWM=80909.40000000 entry=80909.40000000","timestamp":"2026-09-19T17:01:39.460Z"}
{"level":"debug","message":"[RISK-LOOP] checking 3 open position(s)","timestamp":"2026-09-19T17:03:38.487Z"}
{"level":"debug","message":"[LIVE] BTC/USDC: checkRisk price=81762.73000000 SL=76863.93000000 TP=90618.52800000 HWM=80909.40000000 entry=80909.40000000","timestamp":"2026-09-19T17:03:39.643Z"}
{"level":"debug","message":"[RISK-LOOP] checking 3 open position(s)","timestamp":"2026-09-19T17:05:38.307Z"}
{"level":"debug","message":"[LIVE] BTC/USDC: checkRisk price=81785.75000000 SL=76863.93000000 TP=90618.52800000 HWM=80909.40000000 entry=80909.40000000","timestamp":"2026-09-19T17:05:39.466Z"}
{"level":"debug","message":"[RISK-LOOP] checking 3 open position(s)","timestamp":"2026-09-19T17:07:38.309Z"}
{"level":"debug","message":"[LIVE] BTC/USDC: checkRisk price=81834.61000000 SL=76863.93000000 TP=90618.52800000 HWM=80909.40000000 entry=80909.40000000","timestamp":"2026-09-19T17:07:39.288Z"}
{"level":"info","message":"[MTF-CACHE] 15m refresh complete: 37/37 symbols","timestamp":"2026-09-19T17:08:53.823Z"}
{"level":"debug","message":"[RISK-LOOP] checking 3 open position(s)","timestamp":"2026-09-19T17:09:38.307Z"}
{"level":"debug","message":"[LIVE] BTC/USDC: checkRisk price=81805.49000000 SL=76863.93000000 TP=90618.52800000 HWM=80909.40000000 entry=80909.40000000","timestamp":"2026-09-19T17:09:39.281Z"}
{"level":"debug","message":"[RISK-LOOP] checking 3 open position(s)","timestamp":"2026-09-19T17:11:38.308Z"}
{"level":"debug","message":"[LIVE] BTC/USDC: checkRisk price=81779.94000000 SL=76863.93000000 TP=90618.52800000 HWM=80909.40000000 entry=80909.40000000","timestamp":"2026-09-19T17:11:39.281Z"}
{"level":"debug","message":"[RISK-LOOP] checking 3 open position(s)","timestamp":"2026-09-19T17:13:38.490Z"}
{"level":"debug","message":"[LIVE] BTC/USDC: checkRisk price=81740.05000000 SL=76863.93000000 TP=90618.52800000 HWM=80909.40000000 entry=80909.40000000","timestamp":"2026-09-19T17:13:39.646Z"}
{"level":"debug","message":"[RISK-LOOP] checking 3 open position(s)","timestamp":"2026-09-19T17:15:38.314Z"}
{"level":"debug","message":"[LIVE] BTC/USDC: checkRisk price=81693.20000000 SL=76863.93000000 TP=90618.52800000 HWM=80909.40000000 entry=80909.40000000","timestamp":"2026-09-19T17:15:39.287Z"}
{"level":"debug","message":"[RISK-LOOP] checking 3 open position(s)","timestamp":"2026-09-19T17:17:38.312Z"}
{"level":"debug","message":"[LIVE] BTC/USDC: checkRisk price=81701.85000000 SL=76863.93000000 TP=90618.52800000 HWM=80909.40000000 entry=80909.40000000","timestamp":"2026-09-19T17:17:39.287Z"}
{"level":"debug","message":"[RISK-LOOP] checking 3 open position(s)","timestamp":"2026-09-19T17:19:38.318Z"}
{"level":"debug","message":"[LIVE] BTC/USDC: checkRisk price=81693.01000000 SL=76863.93000000 TP=90618.52800000 HWM=80909.40000000 entry=80909.40000000","timestamp":"2026-09-19T17:19:39.287Z"}
{"level":"debug","message":"[RISK-LOOP] checking 3 open position(s)","timestamp":"2026-09-19T17:21:38.318Z"}
{"level":"debug","message":"[LIVE] BTC/USDC: checkRisk price=81696.25000000 SL=76863.93000000 TP=90618.52800000 HWM=80909.40000000 entry=80909.40000000","timestamp":"2026-09-19T17:21:39.296Z"}
{"level":"debug","message":"[RISK-LOOP] checking 3 open position(s)","timestamp":"2026-09-19T17:23:38.497Z"}
{"level":"debug","message":"[LIVE] BTC/USDC: checkRisk price=81582.08000000 SL=76863.93000000 TP=90618.52800000 HWM=80909.40000000 entry=80909.40000000","timestamp":"2026-09-19T17:23:39.470Z"}
{"level":"info","message":"[MTF-CACHE] 15m refresh complete: 37/37 symbols","timestamp":"2026-09-19T17:23:51.959Z"}
{"level":"debug","message":"[RISK-LOOP] checking 3 open position(s)","timestamp":"2026-09-19T17:25:38.317Z"}
{"level":"debug","message":"[LIVE] BTC/USDC: checkRisk price=81566.10000000 SL=76863.93000000 TP=90618.52800000 HWM=80909.40000000 entry=80909.40000000","timestamp":"2026-09-19T17:25:39.292Z"}
{"level":"debug","message":"[RISK-LOOP] checking 3 open position(s)","timestamp":"2026-09-19T17:27:38.319Z"}
{"level":"debug","message":"[LIVE] BTC/USDC: checkRisk price=81449.32000000 SL=76863.93000000 TP=90618.52800000 HWM=80909.40000000 entry=80909.40000000","timestamp":"2026-09-19T17:27:39.292Z"}
{"level":"debug","message":"[RISK-LOOP] checking 3 open position(s)","timestamp":"2026-09-19T17:29:38.321Z"}
{"level":"debug","message":"[LIVE] BTC/USDC: checkRisk price=81514.71000000 SL=76863.93000000 TP=90618.52800000 HWM=80909.40000000 entry=80909.40000000","timestamp":"2026-09-19T17:29:39.299Z"}
{"level":"debug","message":"[RISK-LOOP] checking 3 open position(s)","timestamp":"2026-09-19T17:31:38.322Z"}
{"level":"debug","message":"[LIVE] BTC/USDC: checkRisk price=81540.90000000 SL=76863.93000000 TP=90618.52800000 HWM=80909.40000000 entry=80909.40000000","timestamp":"2026-09-19T17:31:39.474Z"}
{"level":"debug","message":"[RISK-LOOP] checking 3 open position(s)","timestamp":"2026-09-19T17:33:38.506Z"}
{"level":"debug","message":"[LIVE] BTC/USDC: checkRisk price=81541.60000000 SL=76863.93000000 TP=90618.52800000 HWM=80909.40000000 entry=80909.40000000","timestamp":"2026-09-19T17:33:39.475Z"}
{"level":"debug","message":"[RISK-LOOP] checking 3 open position(s)","timestamp":"2026-09-19T17:35:38.325Z"}
{"level":"debug","message":"[LIVE] BTC/USDC: checkRisk price=81506.95000000 SL=76863.93000000 TP=90618.52800000 HWM=80909.40000000 entry=80909.40000000","timestamp":"2026-09-19T17:35:39.294Z"}
{"level":"debug","message":"[RISK-LOOP] checking 3 open position(s)","timestamp":"2026-09-19T17:37:38.331Z"}
{"level":"debug","message":"[LIVE] BTC/USDC: checkRisk price=81470.99000000 SL=76863.93000000 TP=90618.52800000 HWM=80909.40000000 entry=80909.40000000","timestamp":"2026-09-19T17:37:39.310Z"}
{"level":"info","message":"[MTF-CACHE] 15m refresh complete: 37/37 symbols","timestamp":"2026-09-19T17:38:51.535Z"}
{"level":"debug","message":"[RISK-LOOP] checking 3 open position(s)","timestamp":"2026-09-19T17:39:38.333Z"}
{"level":"debug","message":"[LIVE] BTC/USDC: checkRisk price=81452.88000000 SL=76863.93000000 TP=90618.52800000 HWM=80909.40000000 entry=80909.40000000","timestamp":"2026-09-19T17:39:39.311Z"}
{"level":"debug","message":"[RISK-LOOP] checking 3 open position(s)","timestamp":"2026-09-19T17:41:38.337Z"}
{"level":"debug","message":"[LIVE] BTC/USDC: checkRisk price=81449.16000000 SL=76863.93000000 TP=90618.52800000 HWM=80909.40000000 entry=80909.40000000","timestamp":"2026-09-19T17:41:39.313Z"}
{"level":"debug","message":"[RISK-LOOP] checking 3 open position(s)","timestamp":"2026-09-19T17:43:38.519Z"}
{"level":"debug","message":"[LIVE] BTC/USDC: checkRisk price=81473.49000000 SL=76863.93000000 TP=90618.52800000 HWM=80909.40000000 entry=80909.40000000","timestamp":"2026-09-19T17:43:39.494Z"}
{"level":"debug","message":"[RISK-LOOP] checking 3 open position(s)","timestamp":"2026-09-19T17:45:38.338Z"}
{"level":"debug","message":"[LIVE] BTC/USDC: checkRisk price=81510.67000000 SL=76863.93000000 TP=90618.52800000 HWM=80909.40000000 entry=80909.40000000","timestamp":"2026-09-19T17:45:39.310Z"}
{"level":"debug","message":"[RISK-LOOP] checking 3 open position(s)","timestamp":"2026-09-19T17:47:38.341Z"}
{"level":"debug","message":"[LIVE] BTC/USDC: checkRisk price=81489.68000000 SL=76863.93000000 TP=90618.52800000 HWM=80909.40000000 entry=80909.40000000","timestamp":"2026-09-19T17:47:39.311Z"}
{"level":"debug","message":"[RISK-LOOP] checking 3 open position(s)","timestamp":"2026-09-19T17:49:38.347Z"}
{"level":"debug","message":"[LIVE] BTC/USDC: checkRisk price=81509.57000000 SL=76863.93000000 TP=90618.52800000 HWM=80909.40000000 entry=80909.40000000","timestamp":"2026-09-19T17:49:39.778Z"}
{"level":"debug","message":"[RISK-LOOP] checking 3 open position(s)","timestamp":"2026-09-19T17:51:38.354Z"}
{"level":"debug","message":"[LIVE] BTC/USDC: checkRisk price=81460.06000000 SL=76863.93000000 TP=90618.52800000 HWM=80909.40000000 entry=80909.40000000","timestamp":"2026-09-19T17:51:39.331Z"}
{"level":"debug","message":"[RISK-LOOP] checking 3 open position(s)","timestamp":"2026-09-19T17:53:38.350Z"}
{"level":"debug","message":"[LIVE] BTC/USDC: checkRisk price=81457.38000000 SL=76863.93000000 TP=90618.52800000 HWM=80909.40000000 entry=80909.40000000","timestamp":"2026-09-19T17:53:39.327Z"}
{"level":"info","message":"[MTF-CACHE] 15m refresh complete: 37/37 symbols","timestamp":"2026-09-19T17:53:52.498Z"}
{"level":"debug","message":"[RISK-LOOP] checking 3 open position(s)","timestamp":"2026-09-19T17:55:38.354Z"}
{"level":"debug","message":"[LIVE] BTC/USDC: checkRisk price=81441.71000000 SL=76863.93000000 TP=90618.52800000 HWM=80909.40000000 entry=80909.40000000","timestamp":"2026-09-19T17:55:39.333Z"}
{"level":"debug","message":"[RISK-LOOP] checking 3 open position(s)","timestamp":"2026-09-19T17:57:38.354Z"}
{"level":"debug","message":"[LIVE] BTC/USDC: checkRisk price=81465.93000000 SL=76863.93000000 TP=90618.52800000 HWM=80909.40000000 entry=80909.40000000","timestamp":"2026-09-19T17:57:39.325Z"}
{"level":"debug","message":"[RISK-LOOP] checking 3 open position(s)","timestamp":"2026-09-19T17:59:38.360Z"}
{"level":"debug","message":"[LIVE] BTC/USDC: checkRisk price=81467.75000000 SL=76863.93000000 TP=90618.52800000 HWM=80909.40000000 entry=80909.40000000","timestamp":"2026-09-19T17:59:39.337Z"}
{"level":"debug","message":"[RISK-LOOP] checking 3 open position(s)","timestamp":"2026-09-19T18:01:38.360Z"}
{"level":"debug","message":"[LIVE] BTC/USDC: checkRisk price=81494.97000000 SL=76863.93000000 TP=90618.52800000 HWM=80909.40000000 entry=80909.40000000","timestamp":"2026-09-19T18:01:39.349Z"}
{"level":"debug","message":"[RISK-LOOP] checking 3 open position(s)","timestamp":"2026-09-19T18:03:38.362Z"}
{"level":"debug","message":"[LIVE] BTC/USDC: checkRisk price=81493.40000000 SL=76863.93000000 TP=90618.52800000 HWM=80909.40000000 entry=80909.40000000","timestamp":"2026-09-19T18:03:39.342Z"}
{"level":"debug","message":"[RISK-LOOP] checking 3 open position(s)","timestamp":"2026-09-19T18:05:38.359Z"}
{"level":"debug","message":"[LIVE] BTC/USDC: checkRisk price=81504.89000000 SL=76863.93000000 TP=90618.52800000 HWM=80909.40000000 entry=80909.40000000","timestamp":"2026-09-19T18:05:39.338Z"}
{"level":"debug","message":"[RISK-LOOP] checking 3 open position(s)","timestamp":"2026-09-19T18:07:38.365Z"}
{"level":"debug","message":"[LIVE] BTC/USDC: checkRisk price=81485.12000000 SL=76863.93000000 TP=90618.52800000 HWM=80909.40000000 entry=80909.40000000","timestamp":"2026-09-19T18:07:39.340Z"}
{"level":"info","message":"[MTF-CACHE] 15m refresh complete: 37/37 symbols","timestamp":"2026-09-19T18:08:50.443Z"}
{"level":"debug","message":"[RISK-LOOP] checking 3 open position(s)","timestamp":"2026-09-19T18:09:38.365Z"}
{"level":"debug","message":"[LIVE] BTC/USDC: checkRisk price=81440.40000000 SL=76863.93000000 TP=90618.52800000 HWM=80909.40000000 entry=80909.40000000","timestamp":"2026-09-19T18:09:39.337Z"}
{"level":"debug","message":"[RISK-LOOP] checking 3 open position(s)","timestamp":"2026-09-19T18:11:38.364Z"}
{"level":"debug","message":"[LIVE] BTC/USDC: checkRisk price=81418.50000000 SL=76863.93000000 TP=90618.52800000 HWM=80909.40000000 entry=80909.40000000","timestamp":"2026-09-19T18:11:39.343Z"}
{"level":"debug","message":"[RISK-LOOP] checking 3 open position(s)","timestamp":"2026-09-19T18:13:38.364Z"}
{"level":"debug","message":"[LIVE] BTC/USDC: checkRisk price=81341.23000000 SL=76863.93000000 TP=90618.52800000 HWM=80909.40000000 entry=80909.40000000","timestamp":"2026-09-19T18:13:39.339Z"}
{"level":"debug","message":"[RISK-LOOP] checking 3 open position(s)","timestamp":"2026-09-19T18:15:38.369Z"}
{"level":"debug","message":"[LIVE] BTC/USDC: checkRisk price=81326.70000000 SL=76863.93000000 TP=90618.52800000 HWM=80909.40000000 entry=80909.40000000","timestamp":"2026-09-19T18:15:39.345Z"}
{"level":"debug","message":"[RISK-LOOP] checking 3 open position(s)","timestamp":"2026-09-19T18:17:38.371Z"}
{"level":"debug","message":"[LIVE] BTC/USDC: checkRisk price=81398.77000000 SL=76863.93000000 TP=90618.52800000 HWM=80909.40000000 entry=80909.40000000","timestamp":"2026-09-19T18:17:39.350Z"}
{"level":"debug","message":"[RISK-LOOP] checking 3 open position(s)","timestamp":"2026-09-19T18:19:38.371Z"}
{"level":"debug","message":"[LIVE] BTC/USDC: checkRisk price=81387.30000000 SL=76863.93000000 TP=90618.52800000 HWM=80909.40000000 entry=80909.40000000","timestamp":"2026-09-19T18:19:39.354Z"}
{"level":"debug","message":"[RISK-LOOP] checking 3 open position(s)","timestamp":"2026-09-19T18:21:38.379Z"}
{"level":"debug","message":"[LIVE] BTC/USDC: checkRisk price=81472.48000000 SL=76863.93000000 TP=90618.52800000 HWM=80909.40000000 entry=80909.40000000","timestamp":"2026-09-19T18:21:39.354Z"}
{"level":"debug","message":"[RISK-LOOP] checking 3 open position(s)","timestamp":"2026-09-19T18:23:38.371Z"}
{"level":"debug","message":"[LIVE] BTC/USDC: checkRisk price=81450.81000000 SL=76863.93000000 TP=90618.52800000 HWM=80909.40000000 entry=80909.40000000","timestamp":"2026-09-19T18:23:39.346Z"}
{"level":"info","message":"[MTF-CACHE] 15m refresh complete: 37/37 symbols","timestamp":"2026-09-19T18:23:53.237Z"}
{"level":"debug","message":"[RISK-LOOP] checking 3 open position(s)","timestamp":"2026-09-19T18:25:38.373Z"}
{"level":"debug","message":"[LIVE] BTC/USDC: checkRisk price=81457.16000000 SL=76863.93000000 TP=90618.52800000 HWM=80909.40000000 entry=80909.40000000","timestamp":"2026-09-19T18:25:39.348Z"}
{"level":"debug","message":"[RISK-LOOP] checking 3 open position(s)","timestamp":"2026-09-19T18:27:38.374Z"}
{"level":"debug","message":"[LIVE] BTC/USDC: checkRisk price=81439.55000000 SL=76863.93000000 TP=90618.52800000 HWM=80909.40000000 entry=80909.40000000","timestamp":"2026-09-19T18:27:39.353Z"}
{"level":"debug","message":"[RISK-LOOP] checking 3 open position(s)","timestamp":"2026-09-19T18:29:38.375Z"}
{"level":"debug","message":"[LIVE] BTC/USDC: checkRisk price=81441.07000000 SL=76863.93000000 TP=90618.52800000 HWM=80909.40000000 entry=80909.40000000","timestamp":"2026-09-19T18:29:39.347Z"}
{"level":"debug","message":"[RISK-LOOP] checking 3 open position(s)","timestamp":"2026-09-19T18:31:38.375Z"}
{"level":"debug","message":"[LIVE] BTC/USDC: checkRisk price=81425.52000000 SL=76863.93000000 TP=90618.52800000 HWM=80909.40000000 entry=80909.40000000","timestamp":"2026-09-19T18:31:39.350Z"}
{"level":"debug","message":"[RISK-LOOP] checking 3 open position(s)","timestamp":"2026-09-19T18:33:38.373Z"}
{"level":"debug","message":"[LIVE] BTC/USDC: checkRisk price=81411.24000000 SL=76863.93000000 TP=90618.52800000 HWM=80909.40000000 entry=80909.40000000","timestamp":"2026-09-19T18:33:39.349Z"}
{"level":"debug","message":"[RISK-LOOP] checking 3 open position(s)","timestamp":"2026-09-19T18:35:38.377Z"}
{"level":"debug","message":"[LIVE] BTC/USDC: checkRisk price=81456.30000000 SL=76863.93000000 TP=90618.52800000 HWM=80909.40000000 entry=80909.40000000","timestamp":"2026-09-19T18:35:39.355Z"}
{"level":"debug","message":"[RISK-LOOP] checking 3 open position(s)","timestamp":"2026-09-19T18:37:38.391Z"}
{"level":"debug","message":"[LIVE] BTC/USDC: checkRisk price=81497.70000000 SL=76863.93000000 TP=90618.52800000 HWM=80909.40000000 entry=80909.40000000","timestamp":"2026-09-19T18:37:39.377Z"}
{"level":"info","message":"[MTF-CACHE] 15m refresh complete: 37/37 symbols","timestamp":"2026-09-19T18:38:50.535Z"}
{"level":"debug","message":"[RISK-LOOP] checking 3 open position(s)","timestamp":"2026-09-19T18:39:38.378Z"}
{"level":"debug","message":"[LIVE] BTC/USDC: checkRisk price=81512.09000000 SL=76863.93000000 TP=90618.52800000 HWM=80909.40000000 entry=80909.40000000","timestamp":"2026-09-19T18:39:39.352Z"}
{"level":"debug","message":"[RISK-LOOP] checking 3 open position(s)","timestamp":"2026-09-19T18:41:38.378Z"}
{"level":"debug","message":"[LIVE] BTC/USDC: checkRisk price=81466.78000000 SL=76863.93000000 TP=90618.52800000 HWM=80909.40000000 entry=80909.40000000","timestamp":"2026-09-19T18:41:39.352Z"}
{"level":"debug","message":"[RISK-LOOP] checking 3 open position(s)","timestamp":"2026-09-19T18:43:38.381Z"}
{"level":"debug","message":"[LIVE] BTC/USDC: checkRisk price=81502.23000000 SL=76863.93000000 TP=90618.52800000 HWM=80909.40000000 entry=80909.40000000","timestamp":"2026-09-19T18:43:39.354Z"}
{"level":"debug","message":"[RISK-LOOP] checking 3 open position(s)","timestamp":"2026-09-19T18:45:38.384Z"}
{"level":"debug","message":"[LIVE] BTC/USDC: checkRisk price=81477.16000000 SL=76863.93000000 TP=90618.52800000 HWM=80909.40000000 entry=80909.40000000","timestamp":"2026-09-19T18:45:39.360Z"}
{"level":"debug","message":"[RISK-LOOP] checking 3 open position(s)","timestamp":"2026-09-19T18:47:38.379Z"}
{"level":"debug","message":"[LIVE] BTC/USDC: checkRisk price=81477.69000000 SL=76863.93000000 TP=90618.52800000 HWM=80909.40000000 entry=80909.40000000","timestamp":"2026-09-19T18:47:39.356Z"}
{"level":"debug","message":"[RISK-LOOP] checking 3 open position(s)","timestamp":"2026-09-19T18:49:38.381Z"}
{"level":"debug","message":"[LIVE] BTC/USDC: checkRisk price=81460.07000000 SL=76863.93000000 TP=90618.52800000 HWM=80909.40000000 entry=80909.40000000","timestamp":"2026-09-19T18:49:39.354Z"}
{"level":"debug","message":"[RISK-LOOP] checking 3 open position(s)","timestamp":"2026-09-19T18:51:38.380Z"}
{"level":"debug","message":"[LIVE] BTC/USDC: checkRisk price=81412.18000000 SL=76863.93000000 TP=90618.52800000 HWM=80909.40000000 entry=80909.40000000","timestamp":"2026-09-19T18:51:39.358Z"}
{"level":"debug","message":"[RISK-LOOP] checking 3 open position(s)","timestamp":"2026-09-19T18:53:38.381Z"}
{"level":"debug","message":"[LIVE] BTC/USDC: checkRisk price=81428.13000000 SL=76863.93000000 TP=90618.52800000 HWM=80909.40000000 entry=80909.40000000","timestamp":"2026-09-19T18:53:39.355Z"}
{"level":"info","message":"[MTF-CACHE] 15m refresh complete: 37/37 symbols","timestamp":"2026-09-19T18:53:51.667Z"}
{"level":"debug","message":"[RISK-LOOP] checking 3 open position(s)","timestamp":"2026-09-19T18:55:38.384Z"}
{"level":"debug","message":"[LIVE] BTC/USDC: checkRisk price=81396.93000000 SL=76863.93000000 TP=90618.52800000 HWM=80909.40000000 entry=80909.40000000","timestamp":"2026-09-19T18:55:39.358Z"}
{"level":"debug","message":"[RISK-LOOP] checking 3 open position(s)","timestamp":"2026-09-19T18:57:38.378Z"}
{"level":"debug","message":"[LIVE] BTC/USDC: checkRisk price=81425.99000000 SL=76863.93000000 TP=90618.52800000 HWM=80909.40000000 entry=80909.40000000","timestamp":"2026-09-19T18:57:39.364Z"}
{"level":"debug","message":"[RISK-LOOP] checking 3 open position(s)","timestamp":"2026-09-19T18:59:38.383Z"}
{"level":"debug","message":"[LIVE] BTC/USDC: checkRisk price=81420.32000000 SL=76863.93000000 TP=90618.52800000 HWM=80909.40000000 entry=80909.40000000","timestamp":"2026-09-19T18:59:39.357Z"}
{"level":"debug","message":"[RISK-LOOP] checking 3 open position(s)","timestamp":"2026-09-19T19:01:38.383Z"}
{"level":"debug","message":"[LIVE] BTC/USDC: checkRisk price=81421.18000000 SL=76863.93000000 TP=90618.52800000 HWM=80909.40000000 entry=80909.40000000","timestamp":"2026-09-19T19:01:39.356Z"}
{"level":"debug","message":"[RISK-LOOP] checking 3 open position(s)","timestamp":"2026-09-19T19:03:38.435Z"}
{"level":"debug","message":"[LIVE] BTC/USDC: checkRisk price=81445.01000000 SL=76863.93000000 TP=90618.52800000 HWM=80909.40000000 entry=80909.40000000","timestamp":"2026-09-19T19:03:39.410Z"}
{"level":"debug","message":"[RISK-LOOP] checking 3 open position(s)","timestamp":"2026-09-19T19:05:38.386Z"}
{"level":"debug","message":"[LIVE] BTC/USDC: checkRisk price=81440.10000000 SL=76863.93000000 TP=90618.52800000 HWM=80909.40000000 entry=80909.40000000","timestamp":"2026-09-19T19:05:39.363Z"}
{"level":"debug","message":"[RISK-LOOP] checking 3 open position(s)","timestamp":"2026-09-19T19:07:38.395Z"}
{"level":"debug","message":"[LIVE] BTC/USDC: checkRisk price=81421.21000000 SL=76863.93000000 TP=90618.52800000 HWM=80909.40000000 entry=80909.40000000","timestamp":"2026-09-19T19:07:39.374Z"}
{"level":"info","message":"[MTF-CACHE] 15m refresh complete: 37/37 symbols","timestamp":"2026-09-19T19:08:50.513Z"}
{"level":"debug","message":"[RISK-LOOP] checking 3 open position(s)","timestamp":"2026-09-19T19:09:38.464Z"}
{"level":"debug","message":"[LIVE] BTC/USDC: checkRisk price=81395.10000000 SL=76863.93000000 TP=90618.52800000 HWM=80909.40000000 entry=80909.40000000","timestamp":"2026-09-19T19:09:39.439Z"}
{"level":"debug","message":"[RISK-LOOP] checking 3 open position(s)","timestamp":"2026-09-19T19:11:38.563Z"}
{"level":"debug","message":"[LIVE] BTC/USDC: checkRisk price=81380.52000000 SL=76863.93000000 TP=90618.52800000 HWM=80909.40000000 entry=80909.40000000","timestamp":"2026-09-19T19:11:39.539Z"}
{"level":"debug","message":"[RISK-LOOP] checking 3 open position(s)","timestamp":"2026-09-19T19:13:38.565Z"}
{"level":"debug","message":"[LIVE] BTC/USDC: checkRisk price=81394.84000000 SL=76863.93000000 TP=90618.52800000 HWM=80909.40000000 entry=80909.40000000","timestamp":"2026-09-19T19:13:39.370Z"}
{"level":"debug","message":"[RISK-LOOP] checking 3 open position(s)","timestamp":"2026-09-19T19:15:38.562Z"}
{"level":"debug","message":"[LIVE] BTC/USDC: checkRisk price=81394.03000000 SL=76863.93000000 TP=90618.52800000 HWM=80909.40000000 entry=80909.40000000","timestamp":"2026-09-19T19:15:39.362Z"}
{"level":"debug","message":"[RISK-LOOP] checking 3 open position(s)","timestamp":"2026-09-19T19:17:38.568Z"}
{"level":"debug","message":"[LIVE] BTC/USDC: checkRisk price=81398.27000000 SL=76863.93000000 TP=90618.52800000 HWM=80909.40000000 entry=80909.40000000","timestamp":"2026-09-19T19:17:39.365Z"}
{"level":"debug","message":"[RISK-LOOP] checking 3 open position(s)","timestamp":"2026-09-19T19:19:38.567Z"}
{"level":"debug","message":"[LIVE] BTC/USDC: checkRisk price=81380.25000000 SL=76863.93000000 TP=90618.52800000 HWM=80909.40000000 entry=80909.40000000","timestamp":"2026-09-19T19:19:39.369Z"}
{"level":"debug","message":"[RISK-LOOP] checking 3 open position(s)","timestamp":"2026-09-19T19:21:38.389Z"}
{"level":"debug","message":"[LIVE] BTC/USDC: checkRisk price=81433.92000000 SL=76863.93000000 TP=90618.52800000 HWM=80909.40000000 entry=80909.40000000","timestamp":"2026-09-19T19:21:39.365Z"}
{"level":"debug","message":"[RISK-LOOP] checking 3 open position(s)","timestamp":"2026-09-19T19:23:38.571Z"}
{"level":"debug","message":"[LIVE] BTC/USDC: checkRisk price=81414.87000000 SL=76863.93000000 TP=90618.52800000 HWM=80909.40000000 entry=80909.40000000","timestamp":"2026-09-19T19:23:39.547Z"}
{"level":"info","message":"[MTF-CACHE] 4h refresh complete: 37/37 symbols","timestamp":"2026-09-19T19:23:51.458Z"}
{"level":"info","message":"[MTF-CACHE] 15m refresh complete: 37/37 symbols","timestamp":"2026-09-19T19:23:52.890Z"}
{"level":"debug","message":"[RISK-LOOP] checking 3 open position(s)","timestamp":"2026-09-19T19:25:38.394Z"}
{"level":"debug","message":"[LIVE] BTC/USDC: checkRisk price=81404.73000000 SL=76863.93000000 TP=90618.52800000 HWM=80909.40000000 entry=80909.40000000","timestamp":"2026-09-19T19:25:39.458Z"}
{"level":"debug","message":"[RISK-LOOP] checking 3 open position(s)","timestamp":"2026-09-19T19:27:38.398Z"}
{"level":"debug","message":"[LIVE] BTC/USDC: checkRisk price=81411.34000000 SL=76863.93000000 TP=90618.52800000 HWM=80909.40000000 entry=80909.40000000","timestamp":"2026-09-19T19:27:39.540Z"}
{"level":"debug","message":"[RISK-LOOP] checking 3 open position(s)","timestamp":"2026-09-19T19:29:38.397Z"}
{"level":"debug","message":"[LIVE] BTC/USDC: checkRisk price=81405.65000000 SL=76863.93000000 TP=90618.52800000 HWM=80909.40000000 entry=80909.40000000","timestamp":"2026-09-19T19:29:39.552Z"}
{"level":"debug","message":"[RISK-LOOP] checking 3 open position(s)","timestamp":"2026-09-19T19:31:38.399Z"}
{"level":"debug","message":"[LIVE] BTC/USDC: checkRisk price=81361.65000000 SL=76863.93000000 TP=90618.52800000 HWM=80909.40000000 entry=80909.40000000","timestamp":"2026-09-19T19:31:39.557Z"}
{"level":"debug","message":"[RISK-LOOP] checking 3 open position(s)","timestamp":"2026-09-19T19:33:38.578Z"}
{"level":"debug","message":"[LIVE] BTC/USDC: checkRisk price=81375.77000000 SL=76863.93000000 TP=90618.52800000 HWM=80909.40000000 entry=80909.40000000","timestamp":"2026-09-19T19:33:39.740Z"}
{"level":"debug","message":"[RISK-LOOP] checking 3 open position(s)","timestamp":"2026-09-19T19:35:38.403Z"}
{"level":"debug","message":"[LIVE] BTC/USDC: checkRisk price=81364.11000000 SL=76863.93000000 TP=90618.52800000 HWM=80909.40000000 entry=80909.40000000","timestamp":"2026-09-19T19:35:39.565Z"}
{"level":"debug","message":"[RISK-LOOP] checking 3 open position(s)","timestamp":"2026-09-19T19:37:38.407Z"}
{"level":"debug","message":"[LIVE] BTC/USDC: checkRisk price=81342.93000000 SL=76863.93000000 TP=90618.52800000 HWM=80909.40000000 entry=80909.40000000","timestamp":"2026-09-19T19:37:39.563Z"}
{"level":"info","message":"[MTF-CACHE] 15m refresh complete: 37/37 symbols","timestamp":"2026-09-19T19:38:50.597Z"}
{"level":"debug","message":"[RISK-LOOP] checking 3 open position(s)","timestamp":"2026-09-19T19:39:38.409Z"}
{"level":"debug","message":"[LIVE] BTC/USDC: checkRisk price=81326.63000000 SL=76863.93000000 TP=90618.52800000 HWM=80909.40000000 entry=80909.40000000","timestamp":"2026-09-19T19:39:39.562Z"}
{"level":"debug","message":"[RISK-LOOP] checking 3 open position(s)","timestamp":"2026-09-19T19:41:38.411Z"}
{"level":"debug","message":"[LIVE] BTC/USDC: checkRisk price=81355.50000000 SL=76863.93000000 TP=90618.52800000 HWM=80909.40000000 entry=80909.40000000","timestamp":"2026-09-19T19:41:39.570Z"}
{"level":"debug","message":"[RISK-LOOP] checking 3 open position(s)","timestamp":"2026-09-19T19:43:38.594Z"}
{"level":"debug","message":"[LIVE] BTC/USDC: checkRisk price=81330.08000000 SL=76863.93000000 TP=90618.52800000 HWM=80909.40000000 entry=80909.40000000","timestamp":"2026-09-19T19:43:39.754Z"}
{"level":"debug","message":"[RISK-LOOP] checking 3 open position(s)","timestamp":"2026-09-19T19:45:38.419Z"}
{"level":"debug","message":"[LIVE] BTC/USDC: checkRisk price=81312.73000000 SL=76863.93000000 TP=90618.52800000 HWM=80909.40000000 entry=80909.40000000","timestamp":"2026-09-19T19:45:39.577Z"}
{"level":"debug","message":"[RISK-LOOP] checking 3 open position(s)","timestamp":"2026-09-19T19:47:38.604Z"}
{"level":"debug","message":"[LIVE] BTC/USDC: checkRisk price=81356.40000000 SL=76863.93000000 TP=90618.52800000 HWM=80909.40000000 entry=80909.40000000","timestamp":"2026-09-19T19:47:39.760Z"}
{"level":"debug","message":"[RISK-LOOP] checking 3 open position(s)","timestamp":"2026-09-19T19:49:38.415Z"}
{"level":"debug","message":"[LIVE] BTC/USDC: checkRisk price=81337.80000000 SL=76863.93000000 TP=90618.52800000 HWM=80909.40000000 entry=80909.40000000","timestamp":"2026-09-19T19:49:39.578Z"}
{"level":"debug","message":"[RISK-LOOP] checking 3 open position(s)","timestamp":"2026-09-19T19:51:38.420Z"}
{"level":"debug","message":"[LIVE] BTC/USDC: checkRisk price=81358.20000000 SL=76863.93000000 TP=90618.52800000 HWM=80909.40000000 entry=80909.40000000","timestamp":"2026-09-19T19:51:39.577Z"}
{"level":"debug","message":"[RISK-LOOP] checking 3 open position(s)","timestamp":"2026-09-19T19:53:38.606Z"}
{"level":"debug","message":"[LIVE] BTC/USDC: checkRisk price=81361.47000000 SL=76863.93000000 TP=90618.52800000 HWM=80909.40000000 entry=80909.40000000","timestamp":"2026-09-19T19:53:39.767Z"}
{"level":"info","message":"[MTF-CACHE] 15m refresh complete: 37/37 symbols","timestamp":"2026-09-19T19:53:53.180Z"}
{"level":"debug","message":"[RISK-LOOP] checking 3 open position(s)","timestamp":"2026-09-19T19:55:38.426Z"}
{"level":"debug","message":"[LIVE] BTC/USDC: checkRisk price=81343.94000000 SL=76863.93000000 TP=90618.52800000 HWM=80909.40000000 entry=80909.40000000","timestamp":"2026-09-19T19:55:39.404Z"}
{"level":"debug","message":"[RISK-LOOP] checking 3 open position(s)","timestamp":"2026-09-19T19:57:38.426Z"}
{"level":"debug","message":"[LIVE] BTC/USDC: checkRisk price=81327.80000000 SL=76863.93000000 TP=90618.52800000 HWM=80909.40000000 entry=80909.40000000","timestamp":"2026-09-19T19:57:39.406Z"}
{"level":"debug","message":"[RISK-LOOP] checking 3 open position(s)","timestamp":"2026-09-19T19:59:38.434Z"}
{"level":"debug","message":"[LIVE] BTC/USDC: checkRisk price=81336.10000000 SL=76863.93000000 TP=90618.52800000 HWM=80909.40000000 entry=80909.40000000","timestamp":"2026-09-19T19:59:39.419Z"}
{"level":"debug","message":"[RISK-LOOP] checking 3 open position(s)","timestamp":"2026-09-19T20:01:38.434Z"}
{"level":"debug","message":"[LIVE] BTC/USDC: checkRisk price=81365.71000000 SL=76863.93000000 TP=90618.52800000 HWM=80909.40000000 entry=80909.40000000","timestamp":"2026-09-19T20:01:39.410Z"}
{"level":"debug","message":"[RISK-LOOP] checking 3 open position(s)","timestamp":"2026-09-19T20:03:38.616Z"}
{"level":"debug","message":"[LIVE] BTC/USDC: checkRisk price=81347.36000000 SL=76863.93000000 TP=90618.52800000 HWM=80909.40000000 entry=80909.40000000","timestamp":"2026-09-19T20:03:39.595Z"}
{"level":"debug","message":"[RISK-LOOP] checking 3 open position(s)","timestamp":"2026-09-19T20:05:38.441Z"}
{"level":"debug","message":"[LIVE] BTC/USDC: checkRisk price=81389.08000000 SL=76863.93000000 TP=90618.52800000 HWM=80909.40000000 entry=80909.40000000","timestamp":"2026-09-19T20:05:39.420Z"}
{"level":"debug","message":"[RISK-LOOP] checking 3 open position(s)","timestamp":"2026-09-19T20:07:38.445Z"}
{"level":"debug","message":"[LIVE] BTC/USDC: checkRisk price=81420.31000000 SL=76863.93000000 TP=90618.52800000 HWM=80909.40000000 entry=80909.40000000","timestamp":"2026-09-19T20:07:39.423Z"}
{"level":"info","message":"[MTF-CACHE] 15m refresh complete: 37/37 symbols","timestamp":"2026-09-19T20:08:50.532Z"}
{"level":"debug","message":"[RISK-LOOP] checking 3 open position(s)","timestamp":"2026-09-19T20:09:38.446Z"}
{"level":"debug","message":"[LIVE] BTC/USDC: checkRisk price=81399.62000000 SL=76863.93000000 TP=90618.52800000 HWM=80909.40000000 entry=80909.40000000","timestamp":"2026-09-19T20:09:39.424Z"}
{"level":"debug","message":"[RISK-LOOP] checking 3 open position(s)","timestamp":"2026-09-19T20:11:38.446Z"}
{"level":"debug","message":"[LIVE] BTC/USDC: checkRisk price=81395.17000000 SL=76863.93000000 TP=90618.52800000 HWM=80909.40000000 entry=80909.40000000","timestamp":"2026-09-19T20:11:39.421Z"}
{"level":"debug","message":"[RISK-LOOP] checking 3 open position(s)","timestamp":"2026-09-19T20:13:38.632Z"}
{"level":"debug","message":"[LIVE] BTC/USDC: checkRisk price=81400.90000000 SL=76863.93000000 TP=90618.52800000 HWM=80909.40000000 entry=80909.40000000","timestamp":"2026-09-19T20:13:39.609Z"}
{"level":"debug","message":"[RISK-LOOP] checking 3 open position(s)","timestamp":"2026-09-19T20:15:38.455Z"}
{"level":"debug","message":"[LIVE] BTC/USDC: checkRisk price=81371.76000000 SL=76863.93000000 TP=90618.52800000 HWM=80909.40000000 entry=80909.40000000","timestamp":"2026-09-19T20:15:39.436Z"}
{"level":"debug","message":"[RISK-LOOP] checking 3 open position(s)","timestamp":"2026-09-19T20:17:38.452Z"}
{"level":"debug","message":"[LIVE] BTC/USDC: checkRisk price=81308.72000000 SL=76863.93000000 TP=90618.52800000 HWM=80909.40000000 entry=80909.40000000","timestamp":"2026-09-19T20:17:39.423Z"}
{"level":"debug","message":"[RISK-LOOP] checking 3 open position(s)","timestamp":"2026-09-19T20:19:38.456Z"}
{"level":"debug","message":"[LIVE] BTC/USDC: checkRisk price=81317.20000000 SL=76863.93000000 TP=90618.52800000 HWM=80909.40000000 entry=80909.40000000","timestamp":"2026-09-19T20:19:39.433Z"}
{"level":"debug","message":"[RISK-LOOP] checking 3 open position(s)","timestamp":"2026-09-19T20:21:38.459Z"}
{"level":"debug","message":"[LIVE] BTC/USDC: checkRisk price=81324.33000000 SL=76863.93000000 TP=90618.52800000 HWM=80909.40000000 entry=80909.40000000","timestamp":"2026-09-19T20:21:39.431Z"}
{"level":"debug","message":"[RISK-LOOP] checking 3 open position(s)","timestamp":"2026-09-19T20:23:38.640Z"}
{"level":"debug","message":"[LIVE] BTC/USDC: checkRisk price=81360.44000000 SL=76863.93000000 TP=90618.52800000 HWM=80909.40000000 entry=80909.40000000","timestamp":"2026-09-19T20:23:39.620Z"}
{"level":"info","message":"[MTF-CACHE] 15m refresh complete: 37/37 symbols","timestamp":"2026-09-19T20:23:51.191Z"}
{"level":"debug","message":"[RISK-LOOP] checking 3 open position(s)","timestamp":"2026-09-19T20:25:38.468Z"}
{"level":"debug","message":"[LIVE] BTC/USDC: checkRisk price=81320.43000000 SL=76863.93000000 TP=90618.52800000 HWM=80909.40000000 entry=80909.40000000","timestamp":"2026-09-19T20:25:39.440Z"}
{"level":"debug","message":"[RISK-LOOP] checking 3 open position(s)","timestamp":"2026-09-19T20:27:38.464Z"}
{"level":"debug","message":"[LIVE] BTC/USDC: checkRisk price=81300.59000000 SL=76863.93000000 TP=90618.52800000 HWM=80909.40000000 entry=80909.40000000","timestamp":"2026-09-19T20:27:39.442Z"}
{"level":"debug","message":"[RISK-LOOP] checking 3 open position(s)","timestamp":"2026-09-19T20:29:38.466Z"}
{"level":"debug","message":"[LIVE] BTC/USDC: checkRisk price=81250.00000000 SL=76863.93000000 TP=90618.52800000 HWM=80909.40000000 entry=80909.40000000","timestamp":"2026-09-19T20:29:39.441Z"}
{"level":"debug","message":"[RISK-LOOP] checking 3 open position(s)","timestamp":"2026-09-19T20:31:38.468Z"}
{"level":"debug","message":"[LIVE] BTC/USDC: checkRisk price=81259.21000000 SL=76863.93000000 TP=90618.52800000 HWM=80909.40000000 entry=80909.40000000","timestamp":"2026-09-19T20:31:39.447Z"}
{"level":"debug","message":"[RISK-LOOP] checking 3 open position(s)","timestamp":"2026-09-19T20:33:38.470Z"}
{"level":"debug","message":"[LIVE] BTC/USDC: checkRisk price=81236.76000000 SL=76863.93000000 TP=90618.52800000 HWM=80909.40000000 entry=80909.40000000","timestamp":"2026-09-19T20:33:39.446Z"}
{"level":"debug","message":"[RISK-LOOP] checking 3 open position(s)","timestamp":"2026-09-19T20:35:38.474Z"}
{"level":"debug","message":"[LIVE] BTC/USDC: checkRisk price=81232.99000000 SL=76863.93000000 TP=90618.52800000 HWM=80909.40000000 entry=80909.40000000","timestamp":"2026-09-19T20:35:39.449Z"}
{"level":"debug","message":"[RISK-LOOP] checking 3 open position(s)","timestamp":"2026-09-19T20:37:38.476Z"}
{"level":"debug","message":"[LIVE] BTC/USDC: checkRisk price=81233.96000000 SL=76863.93000000 TP=90618.52800000 HWM=80909.40000000 entry=80909.40000000","timestamp":"2026-09-19T20:37:39.451Z"}
{"level":"info","message":"[MTF-CACHE] 15m refresh complete: 37/37 symbols","timestamp":"2026-09-19T20:38:50.477Z"}
{"level":"debug","message":"[RISK-LOOP] checking 3 open position(s)","timestamp":"2026-09-19T20:39:38.477Z"}
{"level":"debug","message":"[LIVE] BTC/USDC: checkRisk price=81263.79000000 SL=76863.93000000 TP=90618.52800000 HWM=80909.40000000 entry=80909.40000000","timestamp":"2026-09-19T20:39:39.458Z"}
{"level":"debug","message":"[RISK-LOOP] checking 3 open position(s)","timestamp":"2026-09-19T20:41:38.480Z"}
{"level":"debug","message":"[LIVE] BTC/USDC: checkRisk price=81258.23000000 SL=76863.93000000 TP=90618.52800000 HWM=80909.40000000 entry=80909.40000000","timestamp":"2026-09-19T20:41:39.468Z"}
{"level":"debug","message":"[RISK-LOOP] checking 3 open position(s)","timestamp":"2026-09-19T20:43:38.480Z"}
{"level":"debug","message":"[LIVE] BTC/USDC: checkRisk price=81251.99000000 SL=76863.93000000 TP=90618.52800000 HWM=80909.40000000 entry=80909.40000000","timestamp":"2026-09-19T20:43:39.457Z"}
{"level":"debug","message":"[RISK-LOOP] checking 3 open position(s)","timestamp":"2026-09-19T20:45:38.486Z"}
{"level":"debug","message":"[LIVE] BTC/USDC: checkRisk price=81272.57000000 SL=76863.93000000 TP=90618.52800000 HWM=80909.40000000 entry=80909.40000000","timestamp":"2026-09-19T20:45:39.459Z"}
{"level":"debug","message":"[RISK-LOOP] checking 3 open position(s)","timestamp":"2026-09-19T20:47:38.488Z"}
{"level":"debug","message":"[LIVE] BTC/USDC: checkRisk price=81219.05000000 SL=76863.93000000 TP=90618.52800000 HWM=80909.40000000 entry=80909.40000000","timestamp":"2026-09-19T20:47:39.469Z"}
{"level":"debug","message":"[RISK-LOOP] checking 3 open position(s)","timestamp":"2026-09-19T20:49:38.489Z"}
{"level":"debug","message":"[LIVE] BTC/USDC: checkRisk price=81200.01000000 SL=76863.93000000 TP=90618.52800000 HWM=80909.40000000 entry=80909.40000000","timestamp":"2026-09-19T20:49:39.473Z"}
{"level":"debug","message":"[RISK-LOOP] checking 3 open position(s)","timestamp":"2026-09-19T20:51:38.489Z"}
{"level":"debug","message":"[LIVE] BTC/USDC: checkRisk price=81155.23000000 SL=76863.93000000 TP=90618.52800000 HWM=80909.40000000 entry=80909.40000000","timestamp":"2026-09-19T20:51:39.470Z"}
{"level":"debug","message":"[RISK-LOOP] checking 3 open position(s)","timestamp":"2026-09-19T20:53:38.486Z"}
{"level":"debug","message":"[LIVE] BTC/USDC: checkRisk price=81114.19000000 SL=76863.93000000 TP=90618.52800000 HWM=80909.40000000 entry=80909.40000000","timestamp":"2026-09-19T20:53:39.463Z"}
{"level":"info","message":"[MTF-CACHE] 15m refresh complete: 37/37 symbols","timestamp":"2026-09-19T20:53:50.683Z"}
{"level":"debug","message":"[RISK-LOOP] checking 3 open position(s)","timestamp":"2026-09-19T20:55:38.489Z"}
{"level":"debug","message":"[LIVE] BTC/USDC: checkRisk price=81104.49000000 SL=76863.93000000 TP=90618.52800000 HWM=80909.40000000 entry=80909.40000000","timestamp":"2026-09-19T20:55:39.466Z"}
{"level":"debug","message":"[RISK-LOOP] checking 3 open position(s)","timestamp":"2026-09-19T20:57:38.490Z"}
{"level":"debug","message":"[LIVE] BTC/USDC: checkRisk price=81090.47000000 SL=76863.93000000 TP=90618.52800000 HWM=80909.40000000 entry=80909.40000000","timestamp":"2026-09-19T20:57:39.468Z"}
{"level":"debug","message":"[RISK-LOOP] checking 3 open position(s)","timestamp":"2026-09-19T20:59:38.493Z"}
{"level":"debug","message":"[LIVE] BTC/USDC: checkRisk price=81143.10000000 SL=76863.93000000 TP=90618.52800000 HWM=80909.40000000 entry=80909.40000000","timestamp":"2026-09-19T20:59:39.466Z"}
{"level":"debug","message":"[RISK-LOOP] checking 3 open position(s)","timestamp":"2026-09-19T21:01:38.495Z"}
{"level":"debug","message":"[LIVE] BTC/USDC: checkRisk price=81160.65000000 SL=76863.93000000 TP=90618.52800000 HWM=80909.40000000 entry=80909.40000000","timestamp":"2026-09-19T21:01:39.474Z"}
{"level":"debug","message":"[RISK-LOOP] checking 3 open position(s)","timestamp":"2026-09-19T21:03:38.493Z"}
{"level":"debug","message":"[LIVE] BTC/USDC: checkRisk price=81193.99000000 SL=76863.93000000 TP=90618.52800000 HWM=80909.40000000 entry=80909.40000000","timestamp":"2026-09-19T21:03:39.467Z"}
{"level":"debug","message":"[RISK-LOOP] checking 3 open position(s)","timestamp":"2026-09-19T21:05:38.497Z"}
{"level":"debug","message":"[LIVE] BTC/USDC: checkRisk price=81176.08000000 SL=76863.93000000 TP=90618.52800000 HWM=80909.40000000 entry=80909.40000000","timestamp":"2026-09-19T21:05:39.470Z"}
{"level":"debug","message":"[RISK-LOOP] checking 3 open position(s)","timestamp":"2026-09-19T21:07:38.498Z"}
{"level":"debug","message":"[LIVE] BTC/USDC: checkRisk price=81147.35000000 SL=76863.93000000 TP=90618.52800000 HWM=80909.40000000 entry=80909.40000000","timestamp":"2026-09-19T21:07:39.474Z"}
{"level":"info","message":"[MTF-CACHE] 15m refresh complete: 37/37 symbols","timestamp":"2026-09-19T21:08:50.476Z"}
{"level":"debug","message":"[RISK-LOOP] checking 3 open position(s)","timestamp":"2026-09-19T21:09:38.501Z"}
{"level":"debug","message":"[LIVE] BTC/USDC: checkRisk price=81078.45000000 SL=76863.93000000 TP=90618.52800000 HWM=80909.40000000 entry=80909.40000000","timestamp":"2026-09-19T21:09:39.480Z"}
{"level":"debug","message":"[RISK-LOOP] checking 3 open position(s)","timestamp":"2026-09-19T21:11:38.498Z"}
{"level":"debug","message":"[LIVE] BTC/USDC: checkRisk price=81059.83000000 SL=76863.93000000 TP=90618.52800000 HWM=80909.40000000 entry=80909.40000000","timestamp":"2026-09-19T21:11:39.481Z"}
{"level":"debug","message":"[RISK-LOOP] checking 3 open position(s)","timestamp":"2026-09-19T21:13:38.501Z"}
{"level":"debug","message":"[LIVE] BTC/USDC: checkRisk price=81018.05000000 SL=76863.93000000 TP=90618.52800000 HWM=80909.40000000 entry=80909.40000000","timestamp":"2026-09-19T21:13:39.474Z"}
{"level":"debug","message":"[RISK-LOOP] checking 3 open position(s)","timestamp":"2026-09-19T21:15:38.501Z"}
{"level":"debug","message":"[LIVE] BTC/USDC: checkRisk price=81010.51000000 SL=76863.93000000 TP=90618.52800000 HWM=80909.40000000 entry=80909.40000000","timestamp":"2026-09-19T21:15:39.526Z"}
{"level":"debug","message":"[RISK-LOOP] checking 3 open position(s)","timestamp":"2026-09-19T21:17:38.500Z"}
{"level":"debug","message":"[LIVE] BTC/USDC: checkRisk price=81044.54000000 SL=76863.93000000 TP=90618.52800000 HWM=80909.40000000 entry=80909.40000000","timestamp":"2026-09-19T21:17:39.474Z"}
{"level":"debug","message":"[RISK-LOOP] checking 3 open position(s)","timestamp":"2026-09-19T21:19:38.500Z"}
{"level":"debug","message":"[LIVE] BTC/USDC: checkRisk price=80968.58000000 SL=76863.93000000 TP=90618.52800000 HWM=80909.40000000 entry=80909.40000000","timestamp":"2026-09-19T21:19:39.474Z"}
{"level":"debug","message":"[RISK-LOOP] checking 3 open position(s)","timestamp":"2026-09-19T21:21:38.501Z"}
{"level":"debug","message":"[LIVE] BTC/USDC: checkRisk price=80916.03000000 SL=76863.93000000 TP=90618.52800000 HWM=80909.40000000 entry=80909.40000000","timestamp":"2026-09-19T21:21:39.474Z"}
{"level":"debug","message":"[RISK-LOOP] checking 3 open position(s)","timestamp":"2026-09-19T21:23:38.501Z"}
{"level":"debug","message":"[LIVE] BTC/USDC: checkRisk price=80939.45000000 SL=76863.93000000 TP=90618.52800000 HWM=80909.40000000 entry=80909.40000000","timestamp":"2026-09-19T21:23:39.478Z"}
{"level":"info","message":"[MTF-CACHE] 15m refresh complete: 37/37 symbols","timestamp":"2026-09-19T21:23:50.631Z"}
{"level":"debug","message":"[RISK-LOOP] checking 3 open position(s)","timestamp":"2026-09-19T21:25:38.507Z"}
{"level":"debug","message":"[LIVE] BTC/USDC: checkRisk price=81006.03000000 SL=76863.93000000 TP=90618.52800000 HWM=80909.40000000 entry=80909.40000000","timestamp":"2026-09-19T21:25:39.481Z"}
{"level":"debug","message":"[RISK-LOOP] checking 3 open position(s)","timestamp":"2026-09-19T21:27:38.502Z"}
{"level":"debug","message":"[LIVE] BTC/USDC: checkRisk price=81053.49000000 SL=76863.93000000 TP=90618.52800000 HWM=80909.40000000 entry=80909.40000000","timestamp":"2026-09-19T21:27:39.478Z"}
{"level":"debug","message":"[RISK-LOOP] checking 3 open position(s)","timestamp":"2026-09-19T21:29:38.503Z"}
{"level":"debug","message":"[LIVE] BTC/USDC: checkRisk price=81048.61000000 SL=76863.93000000 TP=90618.52800000 HWM=80909.40000000 entry=80909.40000000","timestamp":"2026-09-19T21:29:39.478Z"}
{"level":"debug","message":"[RISK-LOOP] checking 3 open position(s)","timestamp":"2026-09-19T21:31:38.504Z"}
{"level":"debug","message":"[LIVE] BTC/USDC: checkRisk price=81018.76000000 SL=76863.93000000 TP=90618.52800000 HWM=80909.40000000 entry=80909.40000000","timestamp":"2026-09-19T21:31:39.483Z"}
{"level":"debug","message":"[RISK-LOOP] checking 3 open position(s)","timestamp":"2026-09-19T21:33:38.503Z"}
{"level":"debug","message":"[LIVE] BTC/USDC: checkRisk price=80987.61000000 SL=76863.93000000 TP=90618.52800000 HWM=80909.40000000 entry=80909.40000000","timestamp":"2026-09-19T21:33:39.482Z"}
{"level":"debug","message":"[RISK-LOOP] checking 3 open position(s)","timestamp":"2026-09-19T21:35:38.503Z"}
{"level":"debug","message":"[LIVE] BTC/USDC: checkRisk price=80980.23000000 SL=76863.93000000 TP=90618.52800000 HWM=80909.40000000 entry=80909.40000000","timestamp":"2026-09-19T21:35:39.473Z"}
{"level":"debug","message":"[RISK-LOOP] checking 3 open position(s)","timestamp":"2026-09-19T21:37:38.506Z"}
{"level":"debug","message":"[LIVE] BTC/USDC: checkRisk price=80971.00000000 SL=76863.93000000 TP=90618.52800000 HWM=80909.40000000 entry=80909.40000000","timestamp":"2026-09-19T21:37:39.477Z"}
{"level":"info","message":"[MTF-CACHE] 15m refresh complete: 37/37 symbols","timestamp":"2026-09-19T21:38:53.503Z"}
{"level":"debug","message":"[RISK-LOOP] checking 3 open position(s)","timestamp":"2026-09-19T21:39:38.503Z"}
{"level":"debug","message":"[LIVE] BTC/USDC: checkRisk price=81038.98000000 SL=76863.93000000 TP=90618.52800000 HWM=80909.40000000 entry=80909.40000000","timestamp":"2026-09-19T21:39:39.478Z"}
{"level":"debug","message":"[RISK-LOOP] checking 3 open position(s)","timestamp":"2026-09-19T21:41:38.505Z"}
{"level":"debug","message":"[LIVE] BTC/USDC: checkRisk price=81005.41000000 SL=76863.93000000 TP=90618.52800000 HWM=80909.40000000 entry=80909.40000000","timestamp":"2026-09-19T21:41:39.478Z"}
{"level":"debug","message":"[RISK-LOOP] checking 3 open position(s)","timestamp":"2026-09-19T21:43:38.569Z"}
{"level":"debug","message":"[LIVE] BTC/USDC: checkRisk price=80987.85000000 SL=76863.93000000 TP=90618.52800000 HWM=80909.40000000 entry=80909.40000000","timestamp":"2026-09-19T21:43:39.540Z"}
{"level":"debug","message":"[RISK-LOOP] checking 3 open position(s)","timestamp":"2026-09-19T21:45:38.505Z"}
{"level":"debug","message":"[LIVE] BTC/USDC: checkRisk price=81040.54000000 SL=76863.93000000 TP=90618.52800000 HWM=80909.40000000 entry=80909.40000000","timestamp":"2026-09-19T21:45:39.480Z"}
{"level":"debug","message":"[RISK-LOOP] checking 3 open position(s)","timestamp":"2026-09-19T21:47:38.556Z"}
{"level":"debug","message":"[LIVE] BTC/USDC: checkRisk price=81052.09000000 SL=76863.93000000 TP=90618.52800000 HWM=80909.40000000 entry=80909.40000000","timestamp":"2026-09-19T21:47:39.529Z"}
{"level":"debug","message":"[RISK-LOOP] checking 3 open position(s)","timestamp":"2026-09-19T21:49:38.630Z"}
{"level":"debug","message":"[LIVE] BTC/USDC: checkRisk price=81093.80000000 SL=76863.93000000 TP=90618.52800000 HWM=80909.40000000 entry=80909.40000000","timestamp":"2026-09-19T21:49:39.602Z"}
{"level":"debug","message":"[RISK-LOOP] checking 3 open position(s)","timestamp":"2026-09-19T21:51:38.698Z"}
{"level":"debug","message":"[LIVE] BTC/USDC: checkRisk price=81083.70000000 SL=76863.93000000 TP=90618.52800000 HWM=80909.40000000 entry=80909.40000000","timestamp":"2026-09-19T21:51:39.672Z"}
{"level":"debug","message":"[RISK-LOOP] checking 3 open position(s)","timestamp":"2026-09-19T21:53:38.690Z"}
{"level":"debug","message":"[LIVE] BTC/USDC: checkRisk price=81086.44000000 SL=76863.93000000 TP=90618.52800000 HWM=80909.40000000 entry=80909.40000000","timestamp":"2026-09-19T21:53:39.484Z"}
{"level":"info","message":"[MTF-CACHE] 15m refresh complete: 37/37 symbols","timestamp":"2026-09-19T21:53:50.515Z"}
{"level":"debug","message":"[RISK-LOOP] checking 3 open position(s)","timestamp":"2026-09-19T21:55:38.690Z"}
{"level":"debug","message":"[LIVE] BTC/USDC: checkRisk price=81140.79000000 SL=76863.93000000 TP=90618.52800000 HWM=80909.40000000 entry=80909.40000000","timestamp":"2026-09-19T21:55:39.657Z"}
{"level":"debug","message":"[RISK-LOOP] checking 3 open position(s)","timestamp":"2026-09-19T21:57:39.151Z"}
{"level":"debug","message":"[LIVE] BTC/USDC: checkRisk price=81099.90000000 SL=76863.93000000 TP=90618.52800000 HWM=80909.40000000 entry=80909.40000000","timestamp":"2026-09-19T21:57:40.402Z"}
{"level":"debug","message":"[RISK-LOOP] checking 3 open position(s)","timestamp":"2026-09-19T21:59:38.687Z"}
{"level":"debug","message":"[LIVE] BTC/USDC: checkRisk price=81085.25000000 SL=76863.93000000 TP=90618.52800000 HWM=80909.40000000 entry=80909.40000000","timestamp":"2026-09-19T21:59:39.520Z"}
{"level":"debug","message":"[RISK-LOOP] checking 3 open position(s)","timestamp":"2026-09-19T22:01:38.512Z"}
{"level":"debug","message":"[LIVE] BTC/USDC: checkRisk price=81047.94000000 SL=76863.93000000 TP=90618.52800000 HWM=80909.40000000 entry=80909.40000000","timestamp":"2026-09-19T22:01:39.491Z"}
{"level":"debug","message":"[RISK-LOOP] checking 3 open position(s)","timestamp":"2026-09-19T22:03:38.692Z"}
{"level":"debug","message":"[LIVE] BTC/USDC: checkRisk price=80970.26000000 SL=76863.93000000 TP=90618.52800000 HWM=80909.40000000 entry=80909.40000000","timestamp":"2026-09-19T22:03:39.665Z"}
{"level":"debug","message":"[RISK-LOOP] checking 3 open position(s)","timestamp":"2026-09-19T22:05:38.520Z"}
{"level":"debug","message":"[LIVE] BTC/USDC: checkRisk price=81030.84000000 SL=76863.93000000 TP=90618.52800000 HWM=80909.40000000 entry=80909.40000000","timestamp":"2026-09-19T22:05:39.596Z"}
{"level":"debug","message":"[RISK-LOOP] checking 3 open position(s)","timestamp":"2026-09-19T22:07:38.523Z"}
{"level":"debug","message":"[LIVE] BTC/USDC: checkRisk price=81017.25000000 SL=76863.93000000 TP=90618.52800000 HWM=80909.40000000 entry=80909.40000000","timestamp":"2026-09-19T22:07:39.656Z"}
{"level":"info","message":"[MTF-CACHE] 15m refresh complete: 37/37 symbols","timestamp":"2026-09-19T22:08:50.445Z"}
{"level":"debug","message":"[RISK-LOOP] checking 3 open position(s)","timestamp":"2026-09-19T22:09:38.527Z"}
{"level":"debug","message":"[LIVE] BTC/USDC: checkRisk price=81034.39000000 SL=76863.93000000 TP=90618.52800000 HWM=80909.40000000 entry=80909.40000000","timestamp":"2026-09-19T22:09:39.681Z"}
{"level":"debug","message":"[RISK-LOOP] checking 3 open position(s)","timestamp":"2026-09-19T22:11:38.528Z"}
{"level":"debug","message":"[LIVE] BTC/USDC: checkRisk price=81021.59000000 SL=76863.93000000 TP=90618.52800000 HWM=80909.40000000 entry=80909.40000000","timestamp":"2026-09-19T22:11:39.680Z"}
{"level":"debug","message":"[RISK-LOOP] checking 3 open position(s)","timestamp":"2026-09-19T22:13:38.710Z"}
{"level":"debug","message":"[LIVE] BTC/USDC: checkRisk price=80986.65000000 SL=76863.93000000 TP=90618.52800000 HWM=80909.40000000 entry=80909.40000000","timestamp":"2026-09-19T22:13:39.876Z"}
{"level":"debug","message":"[RISK-LOOP] checking 3 open position(s)","timestamp":"2026-09-19T22:15:38.534Z"}
{"level":"debug","message":"[LIVE] BTC/USDC: checkRisk price=81025.82000000 SL=76863.93000000 TP=90618.52800000 HWM=80909.40000000 entry=80909.40000000","timestamp":"2026-09-19T22:15:39.683Z"}
{"level":"debug","message":"[RISK-LOOP] checking 3 open position(s)","timestamp":"2026-09-19T22:17:38.535Z"}
{"level":"debug","message":"[LIVE] BTC/USDC: checkRisk price=81057.40000000 SL=76863.93000000 TP=90618.52800000 HWM=80909.40000000 entry=80909.40000000","timestamp":"2026-09-19T22:17:39.692Z"}
{"level":"debug","message":"[RISK-LOOP] checking 3 open position(s)","timestamp":"2026-09-19T22:19:38.538Z"}
{"level":"debug","message":"[LIVE] BTC/USDC: checkRisk price=81034.09000000 SL=76863.93000000 TP=90618.52800000 HWM=80909.40000000 entry=80909.40000000","timestamp":"2026-09-19T22:19:39.693Z"}
{"level":"debug","message":"[RISK-LOOP] checking 3 open position(s)","timestamp":"2026-09-19T22:21:38.538Z"}
{"level":"debug","message":"[LIVE] BTC/USDC: checkRisk price=81013.21000000 SL=76863.93000000 TP=90618.52800000 HWM=80909.40000000 entry=80909.40000000","timestamp":"2026-09-19T22:21:39.695Z"}
{"level":"debug","message":"[RISK-LOOP] checking 3 open position(s)","timestamp":"2026-09-19T22:23:38.717Z"}
{"level":"debug","message":"[LIVE] BTC/USDC: checkRisk price=81022.17000000 SL=76863.93000000 TP=90618.52800000 HWM=80909.40000000 entry=80909.40000000","timestamp":"2026-09-19T22:23:39.872Z"}
{"level":"info","message":"[MTF-CACHE] 15m refresh complete: 37/37 symbols","timestamp":"2026-09-19T22:23:50.776Z"}
{"level":"debug","message":"[RISK-LOOP] checking 3 open position(s)","timestamp":"2026-09-19T22:25:38.543Z"}
{"level":"debug","message":"[LIVE] BTC/USDC: checkRisk price=81040.49000000 SL=76863.93000000 TP=90618.52800000 HWM=80909.40000000 entry=80909.40000000","timestamp":"2026-09-19T22:25:39.695Z"}
{"level":"debug","message":"[RISK-LOOP] checking 3 open position(s)","timestamp":"2026-09-19T22:27:38.548Z"}
{"level":"debug","message":"[LIVE] BTC/USDC: checkRisk price=81053.83000000 SL=76863.93000000 TP=90618.52800000 HWM=80909.40000000 entry=80909.40000000","timestamp":"2026-09-19T22:27:39.877Z"}
{"level":"debug","message":"[RISK-LOOP] checking 3 open position(s)","timestamp":"2026-09-19T22:29:38.548Z"}
{"level":"debug","message":"[LIVE] BTC/USDC: checkRisk price=81063.53000000 SL=76863.93000000 TP=90618.52800000 HWM=80909.40000000 entry=80909.40000000","timestamp":"2026-09-19T22:29:39.706Z"}
{"level":"debug","message":"[RISK-LOOP] checking 3 open position(s)","timestamp":"2026-09-19T22:31:38.551Z"}
{"level":"debug","message":"[LIVE] BTC/USDC: checkRisk price=81068.39000000 SL=76863.93000000 TP=90618.52800000 HWM=80909.40000000 entry=80909.40000000","timestamp":"2026-09-19T22:31:39.526Z"}
{"level":"debug","message":"[RISK-LOOP] checking 3 open position(s)","timestamp":"2026-09-19T22:33:38.731Z"}
{"level":"debug","message":"[LIVE] BTC/USDC: checkRisk price=81103.74000000 SL=76863.93000000 TP=90618.52800000 HWM=80909.40000000 entry=80909.40000000","timestamp":"2026-09-19T22:33:40.374Z"}
{"level":"debug","message":"[RISK-LOOP] checking 3 open position(s)","timestamp":"2026-09-19T22:35:38.552Z"}
{"level":"debug","message":"[LIVE] BTC/USDC: checkRisk price=81115.18000000 SL=76863.93000000 TP=90618.52800000 HWM=80909.40000000 entry=80909.40000000","timestamp":"2026-09-19T22:35:39.523Z"}
{"level":"debug","message":"[RISK-LOOP] checking 3 open position(s)","timestamp":"2026-09-19T22:37:38.559Z"}
{"level":"debug","message":"[LIVE] BTC/USDC: checkRisk price=81178.63000000 SL=76863.93000000 TP=90618.52800000 HWM=80909.40000000 entry=80909.40000000","timestamp":"2026-09-19T22:37:39.530Z"}
{"level":"info","message":"[MTF-CACHE] 15m refresh complete: 37/37 symbols","timestamp":"2026-09-19T22:38:52.132Z"}
{"level":"debug","message":"[RISK-LOOP] checking 3 open position(s)","timestamp":"2026-09-19T22:39:38.556Z"}
{"level":"debug","message":"[LIVE] BTC/USDC: checkRisk price=81208.90000000 SL=76863.93000000 TP=90618.52800000 HWM=80909.40000000 entry=80909.40000000","timestamp":"2026-09-19T22:39:39.531Z"}
{"level":"debug","message":"[RISK-LOOP] checking 3 open position(s)","timestamp":"2026-09-19T22:41:38.555Z"}
{"level":"debug","message":"[LIVE] BTC/USDC: checkRisk price=81182.64000000 SL=76863.93000000 TP=90618.52800000 HWM=80909.40000000 entry=80909.40000000","timestamp":"2026-09-19T22:41:39.530Z"}
{"level":"debug","message":"[RISK-LOOP] checking 3 open position(s)","timestamp":"2026-09-19T22:43:38.739Z"}
{"level":"debug","message":"[LIVE] BTC/USDC: checkRisk price=81213.09000000 SL=76863.93000000 TP=90618.52800000 HWM=80909.40000000 entry=80909.40000000","timestamp":"2026-09-19T22:43:40.176Z"}
{"level":"debug","message":"[RISK-LOOP] checking 3 open position(s)","timestamp":"2026-09-19T22:45:38.564Z"}
{"level":"debug","message":"[LIVE] BTC/USDC: checkRisk price=81213.00000000 SL=76863.93000000 TP=90618.52800000 HWM=80909.40000000 entry=80909.40000000","timestamp":"2026-09-19T22:45:39.533Z"}
{"level":"debug","message":"[RISK-LOOP] checking 3 open position(s)","timestamp":"2026-09-19T22:47:38.562Z"}
{"level":"debug","message":"[LIVE] BTC/USDC: checkRisk price=81201.60000000 SL=76863.93000000 TP=90618.52800000 HWM=80909.40000000 entry=80909.40000000","timestamp":"2026-09-19T22:47:39.532Z"}
{"level":"debug","message":"[RISK-LOOP] checking 3 open position(s)","timestamp":"2026-09-19T22:49:38.567Z"}
{"level":"debug","message":"[LIVE] BTC/USDC: checkRisk price=81207.01000000 SL=76863.93000000 TP=90618.52800000 HWM=80909.40000000 entry=80909.40000000","timestamp":"2026-09-19T22:49:39.543Z"}
{"level":"debug","message":"[RISK-LOOP] checking 3 open position(s)","timestamp":"2026-09-19T22:51:38.571Z"}
{"level":"debug","message":"[LIVE] BTC/USDC: checkRisk price=81202.27000000 SL=76863.93000000 TP=90618.52800000 HWM=80909.40000000 entry=80909.40000000","timestamp":"2026-09-19T22:51:39.564Z"}
{"level":"debug","message":"[RISK-LOOP] checking 3 open position(s)","timestamp":"2026-09-19T22:53:38.751Z"}
{"level":"debug","message":"[LIVE] BTC/USDC: checkRisk price=81231.65000000 SL=76863.93000000 TP=90618.52800000 HWM=80909.40000000 entry=80909.40000000","timestamp":"2026-09-19T22:53:39.728Z"}
{"level":"info","message":"[MTF-CACHE] 15m refresh complete: 37/37 symbols","timestamp":"2026-09-19T22:53:50.680Z"}
{"level":"debug","message":"[RISK-LOOP] checking 3 open position(s)","timestamp":"2026-09-19T22:55:38.576Z"}
{"level":"debug","message":"[LIVE] BTC/USDC: checkRisk price=81245.70000000 SL=76863.93000000 TP=90618.52800000 HWM=80909.40000000 entry=80909.40000000","timestamp":"2026-09-19T22:55:39.551Z"}
{"level":"debug","message":"[RISK-LOOP] checking 3 open position(s)","timestamp":"2026-09-19T22:57:38.580Z"}
{"level":"debug","message":"[LIVE] BTC/USDC: checkRisk price=81220.51000000 SL=76863.93000000 TP=90618.52800000 HWM=80909.40000000 entry=80909.40000000","timestamp":"2026-09-19T22:57:39.551Z"}
{"level":"debug","message":"[RISK-LOOP] checking 3 open position(s)","timestamp":"2026-09-19T22:59:38.580Z"}
{"level":"debug","message":"[LIVE] BTC/USDC: checkRisk price=81249.01000000 SL=76863.93000000 TP=90618.52800000 HWM=80909.40000000 entry=80909.40000000","timestamp":"2026-09-19T22:59:39.556Z"}
{"level":"debug","message":"[RISK-LOOP] checking 3 open position(s)","timestamp":"2026-09-19T23:01:38.582Z"}
{"level":"debug","message":"[LIVE] BTC/USDC: checkRisk price=81229.80000000 SL=76863.93000000 TP=90618.52800000 HWM=80909.40000000 entry=80909.40000000","timestamp":"2026-09-19T23:01:39.553Z"}
{"level":"debug","message":"[RISK-LOOP] checking 3 open position(s)","timestamp":"2026-09-19T23:03:38.764Z"}
{"level":"debug","message":"[LIVE] BTC/USDC: checkRisk price=81239.39000000 SL=76863.93000000 TP=90618.52800000 HWM=80909.40000000 entry=80909.40000000","timestamp":"2026-09-19T23:03:39.740Z"}
{"level":"debug","message":"[RISK-LOOP] checking 3 open position(s)","timestamp":"2026-09-19T23:05:38.588Z"}
{"level":"debug","message":"[LIVE] BTC/USDC: checkRisk price=81237.16000000 SL=76863.93000000 TP=90618.52800000 HWM=80909.40000000 entry=80909.40000000","timestamp":"2026-09-19T23:05:39.559Z"}
{"level":"debug","message":"[RISK-LOOP] checking 3 open position(s)","timestamp":"2026-09-19T23:07:38.590Z"}
{"level":"debug","message":"[LIVE] BTC/USDC: checkRisk price=81240.17000000 SL=76863.93000000 TP=90618.52800000 HWM=80909.40000000 entry=80909.40000000","timestamp":"2026-09-19T23:07:39.560Z"}
{"level":"info","message":"[MTF-CACHE] 15m refresh complete: 37/37 symbols","timestamp":"2026-09-19T23:08:50.620Z"}
{"level":"debug","message":"[RISK-LOOP] checking 3 open position(s)","timestamp":"2026-09-19T23:09:38.599Z"}
{"level":"debug","message":"[LIVE] BTC/USDC: checkRisk price=81224.42000000 SL=76863.93000000 TP=90618.52800000 HWM=80909.40000000 entry=80909.40000000","timestamp":"2026-09-19T23:09:39.574Z"}
{"level":"debug","message":"[RISK-LOOP] checking 3 open position(s)","timestamp":"2026-09-19T23:11:38.594Z"}
{"level":"debug","message":"[LIVE] BTC/USDC: checkRisk price=81237.84000000 SL=76863.93000000 TP=90618.52800000 HWM=80909.40000000 entry=80909.40000000","timestamp":"2026-09-19T23:11:39.691Z"}
{"level":"debug","message":"[RISK-LOOP] checking 3 open position(s)","timestamp":"2026-09-19T23:13:38.595Z"}
{"level":"debug","message":"[LIVE] BTC/USDC: checkRisk price=81271.79000000 SL=76863.93000000 TP=90618.52800000 HWM=80909.40000000 entry=80909.40000000","timestamp":"2026-09-19T23:13:39.569Z"}
{"level":"debug","message":"[RISK-LOOP] checking 3 open position(s)","timestamp":"2026-09-19T23:15:38.600Z"}
{"level":"debug","message":"[LIVE] BTC/USDC: checkRisk price=81294.84000000 SL=76863.93000000 TP=90618.52800000 HWM=80909.40000000 entry=80909.40000000","timestamp":"2026-09-19T23:15:39.574Z"}
{"level":"debug","message":"[RISK-LOOP] checking 3 open position(s)","timestamp":"2026-09-19T23:17:38.603Z"}
{"level":"debug","message":"[LIVE] BTC/USDC: checkRisk price=81296.09000000 SL=76863.93000000 TP=90618.52800000 HWM=80909.40000000 entry=80909.40000000","timestamp":"2026-09-19T23:17:39.578Z"}
{"level":"debug","message":"[RISK-LOOP] checking 3 open position(s)","timestamp":"2026-09-19T23:19:38.604Z"}
{"level":"debug","message":"[LIVE] BTC/USDC: checkRisk price=81243.36000000 SL=76863.93000000 TP=90618.52800000 HWM=80909.40000000 entry=80909.40000000","timestamp":"2026-09-19T23:19:39.578Z"}
{"level":"debug","message":"[RISK-LOOP] checking 3 open position(s)","timestamp":"2026-09-19T23:21:38.606Z"}
{"level":"debug","message":"[LIVE] BTC/USDC: checkRisk price=81250.12000000 SL=76863.93000000 TP=90618.52800000 HWM=80909.40000000 entry=80909.40000000","timestamp":"2026-09-19T23:21:39.583Z"}
{"level":"debug","message":"[RISK-LOOP] checking 3 open position(s)","timestamp":"2026-09-19T23:23:38.610Z"}
{"level":"debug","message":"[LIVE] BTC/USDC: checkRisk price=81224.87000000 SL=76863.93000000 TP=90618.52800000 HWM=80909.40000000 entry=80909.40000000","timestamp":"2026-09-19T23:23:39.586Z"}
{"level":"info","message":"[MTF-CACHE] 15m refresh complete: 37/37 symbols","timestamp":"2026-09-19T23:23:50.405Z"}
{"level":"info","message":"[MTF-CACHE] 4h refresh complete: 37/37 symbols","timestamp":"2026-09-19T23:23:52.720Z"}
{"level":"debug","message":"[RISK-LOOP] checking 3 open position(s)","timestamp":"2026-09-19T23:25:38.612Z"}
{"level":"debug","message":"[LIVE] BTC/USDC: checkRisk price=81210.40000000 SL=76863.93000000 TP=90618.52800000 HWM=80909.40000000 entry=80909.40000000","timestamp":"2026-09-19T23:25:39.588Z"}
{"level":"debug","message":"[RISK-LOOP] checking 3 open position(s)","timestamp":"2026-09-19T23:27:38.616Z"}
{"level":"debug","message":"[LIVE] BTC/USDC: checkRisk price=81207.72000000 SL=76863.93000000 TP=90618.52800000 HWM=80909.40000000 entry=80909.40000000","timestamp":"2026-09-19T23:27:39.583Z"}
{"level":"debug","message":"[RISK-LOOP] checking 3 open position(s)","timestamp":"2026-09-19T23:29:38.615Z"}
{"level":"debug","message":"[LIVE] BTC/USDC: checkRisk price=81289.81000000 SL=76863.93000000 TP=90618.52800000 HWM=80909.40000000 entry=80909.40000000","timestamp":"2026-09-19T23:29:39.587Z"}
{"level":"debug","message":"[RISK-LOOP] checking 3 open position(s)","timestamp":"2026-09-19T23:31:38.616Z"}
{"level":"debug","message":"[LIVE] BTC/USDC: checkRisk price=81281.22000000 SL=76863.93000000 TP=90618.52800000 HWM=80909.40000000 entry=80909.40000000","timestamp":"2026-09-19T23:31:39.674Z"}
{"level":"debug","message":"[RISK-LOOP] checking 3 open position(s)","timestamp":"2026-09-19T23:33:38.617Z"}
{"level":"debug","message":"[LIVE] BTC/USDC: checkRisk price=81331.18000000 SL=76863.93000000 TP=90618.52800000 HWM=80909.40000000 entry=80909.40000000","timestamp":"2026-09-19T23:33:39.593Z"}
{"level":"debug","message":"[RISK-LOOP] checking 3 open position(s)","timestamp":"2026-09-19T23:35:38.619Z"}
{"level":"debug","message":"[LIVE] BTC/USDC: checkRisk price=81341.44000000 SL=76863.93000000 TP=90618.52800000 HWM=80909.40000000 entry=80909.40000000","timestamp":"2026-09-19T23:35:39.590Z"}
{"level":"debug","message":"[RISK-LOOP] checking 3 open position(s)","timestamp":"2026-09-19T23:37:38.625Z"}
{"level":"debug","message":"[LIVE] BTC/USDC: checkRisk price=81348.69000000 SL=76863.93000000 TP=90618.52800000 HWM=80909.40000000 entry=80909.40000000","timestamp":"2026-09-19T23:37:39.597Z"}
{"level":"info","message":"[MTF-CACHE] 15m refresh complete: 37/37 symbols","timestamp":"2026-09-19T23:38:52.567Z"}
{"level":"debug","message":"[RISK-LOOP] checking 3 open position(s)","timestamp":"2026-09-19T23:39:38.625Z"}
{"level":"debug","message":"[LIVE] BTC/USDC: checkRisk price=81285.90000000 SL=76863.93000000 TP=90618.52800000 HWM=80909.40000000 entry=80909.40000000","timestamp":"2026-09-19T23:39:39.597Z"}
{"level":"debug","message":"[RISK-LOOP] checking 3 open position(s)","timestamp":"2026-09-19T23:41:38.624Z"}
{"level":"debug","message":"[LIVE] BTC/USDC: checkRisk price=81278.49000000 SL=76863.93000000 TP=90618.52800000 HWM=80909.40000000 entry=80909.40000000","timestamp":"2026-09-19T23:41:39.593Z"}
{"level":"debug","message":"[RISK-LOOP] checking 3 open position(s)","timestamp":"2026-09-19T23:43:38.627Z"}
{"level":"debug","message":"[LIVE] BTC/USDC: checkRisk price=81258.29000000 SL=76863.93000000 TP=90618.52800000 HWM=80909.40000000 entry=80909.40000000","timestamp":"2026-09-19T23:43:39.594Z"}
{"level":"debug","message":"[RISK-LOOP] checking 3 open position(s)","timestamp":"2026-09-19T23:45:38.630Z"}
{"level":"debug","message":"[LIVE] BTC/USDC: checkRisk price=81284.40000000 SL=76863.93000000 TP=90618.52800000 HWM=80909.40000000 entry=80909.40000000","timestamp":"2026-09-19T23:45:39.602Z"}
{"level":"debug","message":"[RISK-LOOP] checking 3 open position(s)","timestamp":"2026-09-19T23:47:38.628Z"}
{"level":"debug","message":"[LIVE] BTC/USDC: checkRisk price=81262.51000000 SL=76863.93000000 TP=90618.52800000 HWM=80909.40000000 entry=80909.40000000","timestamp":"2026-09-19T23:47:39.601Z"}
{"level":"debug","message":"[RISK-LOOP] checking 3 open position(s)","timestamp":"2026-09-19T23:49:38.629Z"}
{"level":"debug","message":"[LIVE] BTC/USDC: checkRisk price=81277.58000000 SL=76863.93000000 TP=90618.52800000 HWM=80909.40000000 entry=80909.40000000","timestamp":"2026-09-19T23:49:39.601Z"}
{"level":"debug","message":"[RISK-LOOP] checking 3 open position(s)","timestamp":"2026-09-19T23:51:38.627Z"}
{"level":"debug","message":"[LIVE] BTC/USDC: checkRisk price=81277.21000000 SL=76863.93000000 TP=90618.52800000 HWM=80909.40000000 entry=80909.40000000","timestamp":"2026-09-19T23:51:40.062Z"}
{"level":"debug","message":"[RISK-LOOP] checking 3 open position(s)","timestamp":"2026-09-19T23:53:38.627Z"}
{"level":"debug","message":"[LIVE] BTC/USDC: checkRisk price=81279.44000000 SL=76863.93000000 TP=90618.52800000 HWM=80909.40000000 entry=80909.40000000","timestamp":"2026-09-19T23:53:39.602Z"}
{"level":"info","message":"[MTF-CACHE] 15m refresh complete: 37/37 symbols","timestamp":"2026-09-19T23:53:50.915Z"}
{"level":"debug","message":"[RISK-LOOP] checking 3 open position(s)","timestamp":"2026-09-19T23:55:38.634Z"}
{"level":"debug","message":"[LIVE] BTC/USDC: checkRisk price=81305.65000000 SL=76863.93000000 TP=90618.52800000 HWM=80909.40000000 entry=80909.40000000","timestamp":"2026-09-19T23:55:39.605Z"}
{"level":"debug","message":"[RISK-LOOP] checking 3 open position(s)","timestamp":"2026-09-19T23:57:38.636Z"}
{"level":"debug","message":"[LIVE] BTC/USDC: checkRisk price=81268.95000000 SL=76863.93000000 TP=90618.52800000 HWM=80909.40000000 entry=80909.40000000","timestamp":"2026-09-19T23:57:39.607Z"}
{"level":"debug","message":"[RISK-LOOP] checking 3 open position(s)","timestamp":"2026-09-19T23:59:38.639Z"}
{"level":"debug","message":"[LIVE] BTC/USDC: checkRisk price=81243.36000000 SL=76863.93000000 TP=90618.52800000 HWM=80909.40000000 entry=80909.40000000","timestamp":"2026-09-19T23:59:39.609Z"}
