{"level":"debug","message":"[CYCLE] Correlated pairs (r>0.85): BTC/XRP=0.85, XRP/ADA=0.86, SUI/ADA=0.88, ADA/AVAX=0.85, ADA/DOGE=0.93, ADA/PEPE=0.90, DOGE/PEPE=0.90","timestamp":"2026-09-16T00:00:03.013Z"}
{"level":"debug","message":"[CYCLE] ATR sizing: medianATRPct=3.73% (37 symbols)","timestamp":"2026-09-16T00:00:03.027Z"}
{"level":"debug","message":"[CYCLE] BTC macro: bull=true EMA200","timestamp":"2026-09-16T00:00:03.029Z"}
{"level":"debug","message":"[REGIME] BULL_TREND  candidate=BULL_TREND streak=0  (ADX 30.71)","timestamp":"2026-09-16T00:00:03.032Z"}
{"level":"debug","message":"[DRIFT] only 4 live trades (< 10) — not enough to judge (n=4, WR 50%)","timestamp":"2026-09-16T00:00:03.317Z"}
{"level":"debug","message":"[CYCLE] LINK/USDC: starting cycle, candles=1545 lastClose=10.88100000 lastTs=2026-09-16T00:00:00.000Z","timestamp":"2026-09-16T00:00:04.473Z"}
{"level":"debug","message":"[AGG] LINK/USDC: strategy[0]=BollingerBands → HOLD conf=0.20 \"Price 10.8810 inside BB [10.5641–13.1692]\"","timestamp":"2026-09-16T00:00:04.502Z"}
{"level":"debug","message":"[AGG] LINK/USDC: strategy[1]=Stochastic → HOLD conf=0.20 \"Stoch K=4.6 D=14.6 — no crossover in extreme zone\"","timestamp":"2026-09-16T00:00:04.502Z"}
{"level":"debug","message":"[AGG] LINK/USDC: strategy[2]=Supertrend → HOLD conf=0.10 \"Supertrend downtrend continues (ST 12.5667)\"","timestamp":"2026-09-16T00:00:04.502Z"}
{"level":"debug","message":"[AGG] LINK/USDC: votes BUY=0.00 SELL=0.00 HOLD=0.50 total_voters=3 external=0","timestamp":"2026-09-16T00:00:04.503Z"}
{"level":"debug","message":"[AGG] LINK/USDC: decision=HOLD confidence=0.17 tie=false belowMin=true (minConf=0.45499999999999996)","timestamp":"2026-09-16T00:00:04.503Z"}
{"level":"debug","message":"[CYCLE] NEAR/USDC: starting cycle, candles=1545 lastClose=2.33500000 lastTs=2026-09-16T00:00:00.000Z","timestamp":"2026-09-16T00:00:04.545Z"}
{"level":"debug","message":"[AGG] NEAR/USDC: strategy[0]=RSI → HOLD conf=0.20 \"RSI 53.0 neutral\"","timestamp":"2026-09-16T00:00:04.566Z"}
{"level":"debug","message":"[AGG] NEAR/USDC: strategy[1]=BollingerBands → HOLD conf=0.20 \"Price 2.3350 inside BB [2.2369–2.5403]\"","timestamp":"2026-09-16T00:00:04.566Z"}
{"level":"debug","message":"[AGG] NEAR/USDC: strategy[2]=Stochastic → HOLD conf=0.20 \"Stoch K=16.4 D=29.8 — no crossover in extreme zone\"","timestamp":"2026-09-16T00:00:04.566Z"}
{"level":"debug","message":"[AGG] NEAR/USDC: strategy[3]=SupportResistance → SELL conf=0.64 \"Resistance 2.3640 (2×) +pin\"","timestamp":"2026-09-16T00:00:04.566Z"}
{"level":"debug","message":"[AGG] NEAR/USDC: votes BUY=0.00 SELL=0.64 HOLD=0.60 total_voters=4 external=0","timestamp":"2026-09-16T00:00:04.567Z"}
{"level":"debug","message":"[AGG] NEAR/USDC: decision=HOLD confidence=0.16 tie=false belowMin=true (minConf=0.45499999999999996)","timestamp":"2026-09-16T00:00:04.567Z"}
{"level":"debug","message":"[CYCLE] BCH/USDC: starting cycle, candles=1545 lastClose=216.70000000 lastTs=2026-09-16T00:00:00.000Z","timestamp":"2026-09-16T00:00:04.595Z"}
{"level":"debug","message":"[AGG] BCH/USDC: strategy[0]=BollingerBands → HOLD conf=0.20 \"Price 216.7000 inside BB [205.3685–271.6115]\"","timestamp":"2026-09-16T00:00:04.606Z"}
{"level":"debug","message":"[AGG] BCH/USDC: strategy[1]=OBV → SELL conf=0.56 \"OBV crossed below EMA-20 — volume sellers in control\"","timestamp":"2026-09-16T00:00:04.606Z"}
{"level":"debug","message":"[AGG] BCH/USDC: strategy[2]=WilliamsR → BUY conf=0.66 \"%R -91.0 oversold ↑ reversal confirmed\"","timestamp":"2026-09-16T00:00:04.606Z"}
{"level":"debug","message":"[AGG] BCH/USDC: votes BUY=0.66 SELL=0.56 HOLD=0.20 total_voters=3 external=0","timestamp":"2026-09-16T00:00:04.606Z"}
{"level":"debug","message":"[AGG] BCH/USDC: decision=HOLD confidence=0.22 tie=false belowMin=true (minConf=0.35750000000000004)","timestamp":"2026-09-16T00:00:04.606Z"}
{"level":"debug","message":"[CYCLE] JTO/USDC: starting cycle, candles=1545 lastClose=0.42010000 lastTs=2026-09-16T00:00:00.000Z","timestamp":"2026-09-16T00:00:04.749Z"}
{"level":"debug","message":"[AGG] JTO/USDC: strategy[0]=CCI → HOLD conf=0.20 \"CCI -56.3 neutral\"","timestamp":"2026-09-16T00:00:04.760Z"}
{"level":"debug","message":"[AGG] JTO/USDC: strategy[1]=PSAR → HOLD conf=0.10 \"PSAR downtrend continues (SAR 0.4682)\"","timestamp":"2026-09-16T00:00:04.760Z"}
{"level":"debug","message":"[AGG] JTO/USDC: strategy[2]=SupportResistance → HOLD conf=0.10 \"No significant S/R zone nearby\"","timestamp":"2026-09-16T00:00:04.760Z"}
{"level":"debug","message":"[AGG] JTO/USDC: votes BUY=0.00 SELL=0.00 HOLD=0.40 total_voters=3 external=0","timestamp":"2026-09-16T00:00:04.760Z"}
{"level":"debug","message":"[AGG] JTO/USDC: decision=HOLD confidence=0.13 tie=false belowMin=true (minConf=0.35750000000000004)","timestamp":"2026-09-16T00:00:04.760Z"}
{"level":"info","message":"[RISK] Day rollover — resetting daily stats (prev: pnl=0.00 trades=0)","timestamp":"2026-09-16T00:00:04.776Z"}
{"level":"debug","message":"[CYCLE] LINK/USDC: sizing positionPct=0.0532 (base=0.15 atr=0.037267080745341644 regime=on conf=0.17 macro=bull mtf=1.0)","timestamp":"2026-09-16T00:00:04.777Z"}
{"level":"info","message":"LINK/USDC: decision=HOLD confidence=17% price=10.88100000 external_signals=0","timestamp":"2026-09-16T00:00:04.777Z"}
{"level":"info","message":"LINK/USDC: Price 10.8810 inside BB [10.5641–13.1692] | Stoch K=4.6 D=14.6 — no crossover in extreme zone | Supertrend downtrend continues (ST 12.5667)","timestamp":"2026-09-16T00:00:04.777Z"}
{"level":"debug","message":"[CYCLE] PIXEL/USDC: starting cycle, candles=1545 lastClose=0.00462000 lastTs=2026-09-16T00:00:00.000Z","timestamp":"2026-09-16T00:00:04.780Z"}
{"level":"debug","message":"[AGG] PIXEL/USDC: strategy[0]=EMA → HOLD conf=0.20 \"No EMA crossover (fast 0.0048 vs slow 0.0049)\"","timestamp":"2026-09-16T00:00:04.791Z"}
{"level":"debug","message":"[AGG] PIXEL/USDC: strategy[1]=ADX → HOLD conf=0.10 \"ADX 16.4 < 20 — ranging, skip\"","timestamp":"2026-09-16T00:00:04.791Z"}
{"level":"debug","message":"[AGG] PIXEL/USDC: strategy[2]=SupportResistance → BUY conf=0.62 \"Support 0.0046 (3×)\"","timestamp":"2026-09-16T00:00:04.791Z"}
{"level":"debug","message":"[AGG] PIXEL/USDC: votes BUY=0.62 SELL=0.00 HOLD=0.30 total_voters=3 external=0","timestamp":"2026-09-16T00:00:04.791Z"}
{"level":"debug","message":"[AGG] PIXEL/USDC: decision=HOLD confidence=0.21 tie=false belowMin=true (minConf=0.35750000000000004)","timestamp":"2026-09-16T00:00:04.791Z"}
{"level":"debug","message":"[CYCLE] SOL/USDC: starting cycle, candles=1545 lastClose=96.83000000 lastTs=2026-09-16T00:00:00.000Z","timestamp":"2026-09-16T00:00:04.894Z"}
{"level":"debug","message":"[AGG] SOL/USDC: strategy[0]=BollingerBands → BUY conf=0.53 \"Price 96.8300 ≤ lower BB 97.0870 (bw 9.6%)\"","timestamp":"2026-09-16T00:00:04.907Z"}
{"level":"debug","message":"[AGG] SOL/USDC: strategy[1]=WilliamsR → HOLD conf=0.55 \"%R -89.4 oversold — still falling, wait\"","timestamp":"2026-09-16T00:00:04.907Z"}
{"level":"debug","message":"[AGG] SOL/USDC: strategy[2]=StochRSI → HOLD conf=0.20 \"StochRSI K=0.0 D=37.9 — no extreme crossover\"","timestamp":"2026-09-16T00:00:04.907Z"}
{"level":"debug","message":"[AGG] SOL/USDC: votes BUY=0.53 SELL=0.00 HOLD=0.75 total_voters=3 external=0","timestamp":"2026-09-16T00:00:04.907Z"}
{"level":"debug","message":"[AGG] SOL/USDC: decision=HOLD confidence=0.25 tie=false belowMin=true (minConf=0.35750000000000004)","timestamp":"2026-09-16T00:00:04.907Z"}
{"level":"debug","message":"[CYCLE] ADA/USDC: starting cycle, candles=1545 lastClose=0.19530000 lastTs=2026-09-16T00:00:00.000Z","timestamp":"2026-09-16T00:00:04.922Z"}
{"level":"debug","message":"[AGG] ADA/USDC: strategy[0]=RSI → HOLD conf=0.20 \"RSI 37.4 neutral\"","timestamp":"2026-09-16T00:00:04.946Z"}
{"level":"debug","message":"[AGG] ADA/USDC: strategy[1]=BollingerBands → BUY conf=0.52 \"Price 0.1953 ≤ lower BB 0.1958 (bw 14.5%)\"","timestamp":"2026-09-16T00:00:04.947Z"}
{"level":"debug","message":"[AGG] ADA/USDC: strategy[2]=CCI → HOLD conf=0.67 \"CCI -143.0 oversold — still falling, wait\"","timestamp":"2026-09-16T00:00:04.947Z"}
{"level":"debug","message":"[AGG] ADA/USDC: votes BUY=0.52 SELL=0.00 HOLD=0.87 total_voters=3 external=0","timestamp":"2026-09-16T00:00:04.947Z"}
{"level":"debug","message":"[AGG] ADA/USDC: decision=HOLD confidence=0.29 tie=false belowMin=true (minConf=0.35750000000000004)","timestamp":"2026-09-16T00:00:04.947Z"}
{"level":"debug","message":"[CYCLE] AVAX/USDC: starting cycle, candles=1545 lastClose=7.26600000 lastTs=2026-09-16T00:00:00.000Z","timestamp":"2026-09-16T00:00:04.956Z"}
{"level":"debug","message":"[AGG] AVAX/USDC: strategy[0]=RSI → HOLD conf=0.20 \"RSI 42.0 neutral\"","timestamp":"2026-09-16T00:00:04.968Z"}
{"level":"debug","message":"[AGG] AVAX/USDC: strategy[1]=MACD → HOLD conf=0.20 \"MACD -0.0262 vs signal 0.0178 hist:-0.0440\"","timestamp":"2026-09-16T00:00:04.968Z"}
{"level":"debug","message":"[AGG] AVAX/USDC: strategy[2]=PSAR → HOLD conf=0.10 \"PSAR downtrend continues (SAR 7.8030)\"","timestamp":"2026-09-16T00:00:04.968Z"}
{"level":"debug","message":"[AGG] AVAX/USDC: votes BUY=0.00 SELL=0.00 HOLD=0.50 total_voters=3 external=0","timestamp":"2026-09-16T00:00:04.968Z"}
{"level":"debug","message":"[AGG] AVAX/USDC: decision=HOLD confidence=0.17 tie=false belowMin=true (minConf=0.35750000000000004)","timestamp":"2026-09-16T00:00:04.968Z"}
{"level":"debug","message":"[CYCLE] XRP/USDC: starting cycle, candles=1545 lastClose=1.28280000 lastTs=2026-09-16T00:00:00.000Z","timestamp":"2026-09-16T00:00:04.986Z"}
{"level":"debug","message":"[AGG] XRP/USDC: strategy[0]=BollingerBands → BUY conf=0.64 \"Price 1.2828 ≤ lower BB 1.3039 (bw 11.0%)\"","timestamp":"2026-09-16T00:00:05.003Z"}
{"level":"debug","message":"[AGG] XRP/USDC: strategy[1]=Stochastic → HOLD conf=0.20 \"Stoch K=8.1 D=39.0 — no crossover in extreme zone\"","timestamp":"2026-09-16T00:00:05.003Z"}
{"level":"debug","message":"[AGG] XRP/USDC: strategy[2]=EMA → SELL conf=0.80 \"EMA12 crossed below EMA26 — both falling ↓\"","timestamp":"2026-09-16T00:00:05.003Z"}
{"level":"debug","message":"[AGG] XRP/USDC: votes BUY=0.64 SELL=0.80 HOLD=0.20 total_voters=3 external=0","timestamp":"2026-09-16T00:00:05.003Z"}
{"level":"debug","message":"[AGG] XRP/USDC: decision=HOLD confidence=0.27 tie=false belowMin=true (minConf=0.35750000000000004)","timestamp":"2026-09-16T00:00:05.003Z"}
{"level":"debug","message":"[CYCLE] BTC/USDC: starting cycle, candles=1545 lastClose=75612.60000000 lastTs=2026-09-16T00:00:00.000Z","timestamp":"2026-09-16T00:00:05.013Z"}
{"level":"debug","message":"[AGG] BTC/USDC: strategy[0]=EMA → HOLD conf=0.20 \"No EMA crossover (fast 77264.5653 vs slow 77562.2623)\"","timestamp":"2026-09-16T00:00:05.015Z"}
{"level":"debug","message":"[AGG] BTC/USDC: strategy[1]=PSAR → HOLD conf=0.10 \"PSAR downtrend continues (SAR 80384.2045)\"","timestamp":"2026-09-16T00:00:05.016Z"}
{"level":"debug","message":"[AGG] BTC/USDC: strategy[2]=HeikinAshi → HOLD conf=0.15 \"HA bearish continuation\"","timestamp":"2026-09-16T00:00:05.016Z"}
{"level":"debug","message":"[AGG] BTC/USDC: votes BUY=0.00 SELL=0.00 HOLD=0.45 total_voters=3 external=0","timestamp":"2026-09-16T00:00:05.016Z"}
{"level":"debug","message":"[AGG] BTC/USDC: decision=HOLD confidence=0.15 tie=false belowMin=true (minConf=0.35750000000000004)","timestamp":"2026-09-16T00:00:05.016Z"}
{"level":"warn","message":"LSK/USDC: candle series stale (newest bar 96.0d old) — skipping cycle","timestamp":"2026-09-16T00:00:05.018Z"}
{"level":"debug","message":"[CYCLE] NEAR/USDC: sizing positionPct=0.0776 (base=0.15 atr=0.037267080745341644 regime=on conf=0.16 macro=bull mtf=1.0)","timestamp":"2026-09-16T00:00:05.028Z"}
{"level":"info","message":"NEAR/USDC: decision=HOLD confidence=16% price=2.33500000 external_signals=0","timestamp":"2026-09-16T00:00:05.028Z"}
{"level":"info","message":"NEAR/USDC: RSI 53.0 neutral | Price 2.3350 inside BB [2.2369–2.5403] | Stoch K=16.4 D=29.8 — no crossover in extreme zone | Resistance 2.3640 (2×) +pin","timestamp":"2026-09-16T00:00:05.028Z"}
{"level":"debug","message":"[CYCLE] TRX/USDC: starting cycle, candles=1485 lastClose=0.33270000 lastTs=2026-09-16T00:00:00.000Z","timestamp":"2026-09-16T00:00:05.045Z"}
{"level":"debug","message":"[AGG] TRX/USDC: strategy[0]=CCI → HOLD conf=0.68 \"CCI -146.1 oversold — still falling, wait\"","timestamp":"2026-09-16T00:00:05.053Z"}
{"level":"debug","message":"[AGG] TRX/USDC: strategy[1]=Stochastic → HOLD conf=0.20 \"Stoch K=8.7 D=29.9 — no crossover in extreme zone\"","timestamp":"2026-09-16T00:00:05.053Z"}
{"level":"debug","message":"[AGG] TRX/USDC: strategy[2]=StochRSI → HOLD conf=0.20 \"StochRSI K=0.0 D=7.5 — no extreme crossover\"","timestamp":"2026-09-16T00:00:05.053Z"}
{"level":"debug","message":"[AGG] TRX/USDC: votes BUY=0.00 SELL=0.00 HOLD=1.08 total_voters=3 external=0","timestamp":"2026-09-16T00:00:05.053Z"}
{"level":"debug","message":"[AGG] TRX/USDC: decision=HOLD confidence=0.36 tie=false belowMin=true (minConf=0.45499999999999996)","timestamp":"2026-09-16T00:00:05.053Z"}
{"level":"debug","message":"[CYCLE] LTC/USDC: starting cycle, candles=1545 lastClose=51.23000000 lastTs=2026-09-16T00:00:00.000Z","timestamp":"2026-09-16T00:00:05.055Z"}
{"level":"debug","message":"[AGG] LTC/USDC: strategy[0]=BollingerBands → BUY conf=0.51 \"Price 51.2300 ≤ lower BB 51.2859 (bw 8.9%)\"","timestamp":"2026-09-16T00:00:05.068Z"}
{"level":"debug","message":"[AGG] LTC/USDC: strategy[1]=EMA → HOLD conf=0.20 \"No EMA crossover (fast 52.9434 vs slow 52.6536)\"","timestamp":"2026-09-16T00:00:05.068Z"}
{"level":"debug","message":"[AGG] LTC/USDC: strategy[2]=WilliamsR → HOLD conf=0.55 \"%R -89.4 oversold — still falling, wait\"","timestamp":"2026-09-16T00:00:05.068Z"}
{"level":"debug","message":"[AGG] LTC/USDC: votes BUY=0.51 SELL=0.00 HOLD=0.75 total_voters=3 external=0","timestamp":"2026-09-16T00:00:05.068Z"}
{"level":"debug","message":"[AGG] LTC/USDC: decision=HOLD confidence=0.25 tie=false belowMin=true (minConf=0.35750000000000004)","timestamp":"2026-09-16T00:00:05.068Z"}
{"level":"debug","message":"[CYCLE] RENDER/USDC: starting cycle, candles=1545 lastClose=1.31900000 lastTs=2026-09-16T00:00:00.000Z","timestamp":"2026-09-16T00:00:05.082Z"}
{"level":"debug","message":"[AGG] RENDER/USDC: strategy[0]=EMA → HOLD conf=0.20 \"No EMA crossover (fast 1.3871 vs slow 1.4160)\"","timestamp":"2026-09-16T00:00:05.087Z"}
{"level":"debug","message":"[AGG] RENDER/USDC: strategy[1]=OBV → HOLD conf=0.20 \"OBV below EMA-20 — no cross\"","timestamp":"2026-09-16T00:00:05.087Z"}
{"level":"debug","message":"[AGG] RENDER/USDC: strategy[2]=WilliamsR → BUY conf=0.65 \"%R -89.6 oversold ↑ reversal confirmed\"","timestamp":"2026-09-16T00:00:05.087Z"}
{"level":"debug","message":"[AGG] RENDER/USDC: votes BUY=0.65 SELL=0.00 HOLD=0.40 total_voters=3 external=0","timestamp":"2026-09-16T00:00:05.087Z"}
{"level":"debug","message":"[AGG] RENDER/USDC: decision=HOLD confidence=0.22 tie=false belowMin=true (minConf=0.35750000000000004)","timestamp":"2026-09-16T00:00:05.087Z"}
{"level":"debug","message":"[CYCLE] ACH/USDC: starting cycle, candles=1025 lastClose=0.00516000 lastTs=2026-09-16T00:00:00.000Z","timestamp":"2026-09-16T00:00:05.100Z"}
{"level":"debug","message":"[AGG] ACH/USDC: strategy[0]=RSI → HOLD conf=0.20 \"RSI 53.1 neutral\"","timestamp":"2026-09-16T00:00:05.107Z"}
{"level":"debug","message":"[AGG] ACH/USDC: strategy[1]=BollingerBands → HOLD conf=0.20 \"Price 0.0052 inside BB [0.0048–0.0055]\"","timestamp":"2026-09-16T00:00:05.107Z"}
{"level":"debug","message":"[AGG] ACH/USDC: strategy[2]=CCI → HOLD conf=0.20 \"CCI 12.4 neutral\"","timestamp":"2026-09-16T00:00:05.107Z"}
{"level":"debug","message":"[AGG] ACH/USDC: votes BUY=0.00 SELL=0.00 HOLD=0.60 total_voters=3 external=0","timestamp":"2026-09-16T00:00:05.107Z"}
{"level":"debug","message":"[AGG] ACH/USDC: decision=HOLD confidence=0.20 tie=false belowMin=true (minConf=0.45499999999999996)","timestamp":"2026-09-16T00:00:05.107Z"}
{"level":"debug","message":"[CYCLE] ARB/USDC: starting cycle, candles=1545 lastClose=0.15160000 lastTs=2026-09-16T00:00:00.000Z","timestamp":"2026-09-16T00:00:05.144Z"}
{"level":"debug","message":"[AGG] ARB/USDC: strategy[0]=RSI → HOLD conf=0.20 \"RSI 57.8 neutral\"","timestamp":"2026-09-16T00:00:05.147Z"}
{"level":"debug","message":"[AGG] ARB/USDC: strategy[1]=WilliamsR → HOLD conf=0.20 \"%R -53.5 neutral\"","timestamp":"2026-09-16T00:00:05.147Z"}
{"level":"debug","message":"[AGG] ARB/USDC: strategy[2]=HeikinAshi → BUY conf=0.77 \"HA flipped bullish ↑ after 14-bar bear streak\"","timestamp":"2026-09-16T00:00:05.147Z"}
{"level":"debug","message":"[AGG] ARB/USDC: votes BUY=0.77 SELL=0.00 HOLD=0.40 total_voters=3 external=0","timestamp":"2026-09-16T00:00:05.147Z"}
{"level":"debug","message":"[AGG] ARB/USDC: decision=HOLD confidence=0.26 tie=false belowMin=true (minConf=0.35750000000000004)","timestamp":"2026-09-16T00:00:05.147Z"}
{"level":"debug","message":"[CYCLE] ENS/USDC: starting cycle, candles=1545 lastClose=5.32000000 lastTs=2026-09-16T00:00:00.000Z","timestamp":"2026-09-16T00:00:05.173Z"}
{"level":"debug","message":"[AGG] ENS/USDC: strategy[0]=BollingerBands → HOLD conf=0.20 \"Price 5.3200 inside BB [5.3172–6.3228]\"","timestamp":"2026-09-16T00:00:05.177Z"}
{"level":"debug","message":"[AGG] ENS/USDC: strategy[1]=PSAR → HOLD conf=0.10 \"PSAR downtrend continues (SAR 6.1861)\"","timestamp":"2026-09-16T00:00:05.177Z"}
{"level":"debug","message":"[AGG] ENS/USDC: strategy[2]=SupportResistance → HOLD conf=0.10 \"No significant S/R zone nearby\"","timestamp":"2026-09-16T00:00:05.177Z"}
{"level":"debug","message":"[AGG] ENS/USDC: votes BUY=0.00 SELL=0.00 HOLD=0.40 total_voters=3 external=0","timestamp":"2026-09-16T00:00:05.177Z"}
{"level":"debug","message":"[AGG] ENS/USDC: decision=HOLD confidence=0.13 tie=false belowMin=true (minConf=0.35750000000000004)","timestamp":"2026-09-16T00:00:05.177Z"}
{"level":"debug","message":"[CYCLE] JUP/USDC: starting cycle, candles=1544 lastClose=0.21620000 lastTs=2026-09-15T12:00:00.000Z","timestamp":"2026-09-16T00:00:05.180Z"}
{"level":"debug","message":"[AGG] JUP/USDC: strategy[0]=BollingerBands → HOLD conf=0.20 \"Price 0.2307 inside BB [0.2137–0.2695]\"","timestamp":"2026-09-16T00:00:05.192Z"}
{"level":"debug","message":"[AGG] JUP/USDC: strategy[1]=CCI → HOLD conf=0.20 \"CCI -52.8 neutral\"","timestamp":"2026-09-16T00:00:05.192Z"}
{"level":"debug","message":"[AGG] JUP/USDC: strategy[2]=OBV → HOLD conf=0.20 \"OBV above EMA-20 — no cross\"","timestamp":"2026-09-16T00:00:05.192Z"}
{"level":"debug","message":"[AGG] JUP/USDC: votes BUY=0.00 SELL=0.00 HOLD=0.60 total_voters=3 external=0","timestamp":"2026-09-16T00:00:05.192Z"}
{"level":"debug","message":"[AGG] JUP/USDC: decision=HOLD confidence=0.20 tie=false belowMin=true (minConf=0.35750000000000004)","timestamp":"2026-09-16T00:00:05.192Z"}
{"level":"warn","message":"GMX/USDC: candle series stale (newest bar 68.0d old) — skipping cycle","timestamp":"2026-09-16T00:00:05.195Z"}
{"level":"debug","message":"[CYCLE] PAXG/USDC: starting cycle, candles=1039 lastClose=4284.00000000 lastTs=2026-09-16T00:00:00.000Z","timestamp":"2026-09-16T00:00:05.197Z"}
{"level":"debug","message":"[AGG] PAXG/USDC: strategy[0]=MACD → HOLD conf=0.20 \"MACD -38.3819 vs signal -32.7896 hist:-5.5923\"","timestamp":"2026-09-16T00:00:05.203Z"}
{"level":"debug","message":"[AGG] PAXG/USDC: strategy[1]=ADX → SELL conf=0.70 \"ADX 30.0 downtrend (-DI 28.1 > +DI 11.7)\"","timestamp":"2026-09-16T00:00:05.203Z"}
{"level":"debug","message":"[AGG] PAXG/USDC: strategy[2]=Supertrend → HOLD conf=0.10 \"Supertrend downtrend continues (ST 4428.7050)\"","timestamp":"2026-09-16T00:00:05.203Z"}
{"level":"debug","message":"[AGG] PAXG/USDC: votes BUY=0.00 SELL=0.70 HOLD=0.30 total_voters=3 external=0","timestamp":"2026-09-16T00:00:05.203Z"}
{"level":"debug","message":"[AGG] PAXG/USDC: decision=HOLD confidence=0.23 tie=false belowMin=true (minConf=0.35750000000000004)","timestamp":"2026-09-16T00:00:05.203Z"}
{"level":"debug","message":"[CYCLE] BCH/USDC: sizing positionPct=0.1021 (base=0.15 atr=0.037267080745341644 regime=on conf=0.22 macro=bull mtf=1.0)","timestamp":"2026-09-16T00:00:05.231Z"}
{"level":"info","message":"BCH/USDC: decision=HOLD confidence=22% price=216.70000000 external_signals=0","timestamp":"2026-09-16T00:00:05.231Z"}
{"level":"info","message":"BCH/USDC: Price 216.7000 inside BB [205.3685–271.6115] | OBV crossed below EMA-20 — volume sellers in control | %R -91.0 oversold ↑ reversal confirmed","timestamp":"2026-09-16T00:00:05.231Z"}
{"level":"debug","message":"[CYCLE] SUI/USDC: starting cycle, candles=1545 lastClose=0.68650000 lastTs=2026-09-16T00:00:00.000Z","timestamp":"2026-09-16T00:00:05.311Z"}
{"level":"debug","message":"[AGG] SUI/USDC: strategy[0]=RSI → HOLD conf=0.20 \"RSI 33.7 neutral\"","timestamp":"2026-09-16T00:00:05.323Z"}
{"level":"debug","message":"[AGG] SUI/USDC: strategy[1]=Stochastic → HOLD conf=0.20 \"Stoch K=8.8 D=13.0 — no crossover in extreme zone\"","timestamp":"2026-09-16T00:00:05.323Z"}
{"level":"debug","message":"[AGG] SUI/USDC: strategy[2]=MFI → HOLD conf=0.20 \"MFI 38.6 neutral\"","timestamp":"2026-09-16T00:00:05.323Z"}
{"level":"debug","message":"[AGG] SUI/USDC: votes BUY=0.00 SELL=0.00 HOLD=0.60 total_voters=3 external=0","timestamp":"2026-09-16T00:00:05.323Z"}
{"level":"debug","message":"[AGG] SUI/USDC: decision=HOLD confidence=0.20 tie=false belowMin=true (minConf=0.45499999999999996)","timestamp":"2026-09-16T00:00:05.323Z"}
{"level":"debug","message":"[CYCLE] THETA/USDC: starting cycle, candles=1063 lastClose=0.17990000 lastTs=2026-09-16T00:00:00.000Z","timestamp":"2026-09-16T00:00:05.340Z"}
{"level":"debug","message":"[AGG] THETA/USDC: strategy[0]=RSI → HOLD conf=0.20 \"RSI 46.5 neutral\"","timestamp":"2026-09-16T00:00:05.348Z"}
{"level":"debug","message":"[AGG] THETA/USDC: strategy[1]=CCI → HOLD conf=0.20 \"CCI -61.2 neutral\"","timestamp":"2026-09-16T00:00:05.348Z"}
{"level":"debug","message":"[AGG] THETA/USDC: strategy[2]=OBV → SELL conf=0.55 \"OBV crossed below EMA-20 — volume sellers in control\"","timestamp":"2026-09-16T00:00:05.348Z"}
{"level":"debug","message":"[AGG] THETA/USDC: votes BUY=0.00 SELL=0.55 HOLD=0.40 total_voters=3 external=0","timestamp":"2026-09-16T00:00:05.349Z"}
{"level":"debug","message":"[AGG] THETA/USDC: decision=HOLD confidence=0.18 tie=false belowMin=true (minConf=0.35750000000000004)","timestamp":"2026-09-16T00:00:05.349Z"}
{"level":"debug","message":"[CYCLE] JTO/USDC: sizing positionPct=0.0719 (base=0.15 atr=0.037267080745341644 regime=on conf=0.13 macro=bull mtf=1.0)","timestamp":"2026-09-16T00:00:05.419Z"}
{"level":"info","message":"JTO/USDC: decision=HOLD confidence=13% price=0.42010000 external_signals=0","timestamp":"2026-09-16T00:00:05.419Z"}
{"level":"info","message":"JTO/USDC: CCI -56.3 neutral | PSAR downtrend continues (SAR 0.4682) | No significant S/R zone nearby","timestamp":"2026-09-16T00:00:05.419Z"}
{"level":"debug","message":"[CYCLE] ICP/USDC: starting cycle, candles=1545 lastClose=2.48000000 lastTs=2026-09-16T00:00:00.000Z","timestamp":"2026-09-16T00:00:05.421Z"}
{"level":"debug","message":"[AGG] ICP/USDC: strategy[0]=RSI → HOLD conf=0.20 \"RSI 38.0 neutral\"","timestamp":"2026-09-16T00:00:05.437Z"}
{"level":"debug","message":"[AGG] ICP/USDC: strategy[1]=BollingerBands → BUY conf=0.57 \"Price 2.4800 ≤ lower BB 2.5171 (bw 18.2%)\"","timestamp":"2026-09-16T00:00:05.437Z"}
{"level":"debug","message":"[AGG] ICP/USDC: strategy[2]=Stochastic → HOLD conf=0.20 \"Stoch K=6.8 D=10.1 — no crossover in extreme zone\"","timestamp":"2026-09-16T00:00:05.437Z"}
{"level":"debug","message":"[AGG] ICP/USDC: votes BUY=0.57 SELL=0.00 HOLD=0.40 total_voters=3 external=0","timestamp":"2026-09-16T00:00:05.438Z"}
{"level":"debug","message":"[AGG] ICP/USDC: decision=HOLD confidence=0.19 tie=false belowMin=true (minConf=0.35750000000000004)","timestamp":"2026-09-16T00:00:05.438Z"}
{"level":"debug","message":"[CYCLE] BNB/USDC: starting cycle, candles=1545 lastClose=711.64000000 lastTs=2026-09-16T00:00:00.000Z","timestamp":"2026-09-16T00:00:05.500Z"}
{"level":"debug","message":"[AGG] BNB/USDC: strategy[0]=WilliamsR → HOLD conf=0.53 \"%R -85.2 oversold — still falling, wait\"","timestamp":"2026-09-16T00:00:05.503Z"}
{"level":"debug","message":"[AGG] BNB/USDC: strategy[1]=HeikinAshi → HOLD conf=0.15 \"HA bearish continuation\"","timestamp":"2026-09-16T00:00:05.503Z"}
{"level":"debug","message":"[AGG] BNB/USDC: strategy[2]=SupportResistance → SELL conf=0.66 \"Resistance 718.9950 (2×) +pin\"","timestamp":"2026-09-16T00:00:05.503Z"}
{"level":"debug","message":"[AGG] BNB/USDC: votes BUY=0.00 SELL=0.66 HOLD=0.68 total_voters=3 external=0","timestamp":"2026-09-16T00:00:05.503Z"}
{"level":"debug","message":"[AGG] BNB/USDC: decision=HOLD confidence=0.23 tie=false belowMin=true (minConf=0.35750000000000004)","timestamp":"2026-09-16T00:00:05.503Z"}
{"level":"debug","message":"[CYCLE] ETH/USDC: starting cycle, candles=1545 lastClose=2397.74000000 lastTs=2026-09-16T00:00:00.000Z","timestamp":"2026-09-16T00:00:05.522Z"}
{"level":"debug","message":"[AGG] ETH/USDC: strategy[0]=Supertrend → HOLD conf=0.10 \"Supertrend uptrend continues (ST 2337.0563)\"","timestamp":"2026-09-16T00:00:05.526Z"}
{"level":"debug","message":"[AGG] ETH/USDC: strategy[1]=MFI → HOLD conf=0.20 \"MFI 49.4 neutral\"","timestamp":"2026-09-16T00:00:05.526Z"}
{"level":"debug","message":"[AGG] ETH/USDC: strategy[2]=SupportResistance → HOLD conf=0.10 \"No significant S/R zone nearby\"","timestamp":"2026-09-16T00:00:05.526Z"}
{"level":"debug","message":"[AGG] ETH/USDC: votes BUY=0.00 SELL=0.00 HOLD=0.40 total_voters=3 external=0","timestamp":"2026-09-16T00:00:05.526Z"}
{"level":"debug","message":"[AGG] ETH/USDC: decision=HOLD confidence=0.13 tie=false belowMin=true (minConf=0.35750000000000004)","timestamp":"2026-09-16T00:00:05.526Z"}
{"level":"debug","message":"[CYCLE] WLD/USDC: starting cycle, candles=1545 lastClose=0.36250000 lastTs=2026-09-16T00:00:00.000Z","timestamp":"2026-09-16T00:00:05.528Z"}
{"level":"debug","message":"[AGG] WLD/USDC: strategy[0]=BollingerBands → HOLD conf=0.20 \"Price 0.3625 inside BB [0.3489–0.4741]\"","timestamp":"2026-09-16T00:00:05.545Z"}
{"level":"debug","message":"[AGG] WLD/USDC: strategy[1]=CCI → HOLD conf=0.60 \"CCI -125.8 oversold — still falling, wait\"","timestamp":"2026-09-16T00:00:05.545Z"}
{"level":"debug","message":"[AGG] WLD/USDC: strategy[2]=ADX → HOLD conf=0.10 \"ADX 21.8 < 25 — ranging, skip\"","timestamp":"2026-09-16T00:00:05.545Z"}
{"level":"debug","message":"[AGG] WLD/USDC: votes BUY=0.00 SELL=0.00 HOLD=0.90 total_voters=3 external=0","timestamp":"2026-09-16T00:00:05.545Z"}
{"level":"debug","message":"[AGG] WLD/USDC: decision=HOLD confidence=0.30 tie=false belowMin=true (minConf=0.35750000000000004)","timestamp":"2026-09-16T00:00:05.545Z"}
{"level":"debug","message":"[CYCLE] INJ/USDC: starting cycle, candles=1545 lastClose=5.43700000 lastTs=2026-09-16T00:00:00.000Z","timestamp":"2026-09-16T00:00:05.549Z"}
{"level":"debug","message":"[AGG] INJ/USDC: strategy[0]=ADX → SELL conf=0.48 \"ADX 26.1 downtrend (-DI 20.8 > +DI 18.9)\"","timestamp":"2026-09-16T00:00:05.554Z"}
{"level":"debug","message":"[AGG] INJ/USDC: strategy[1]=OBV → SELL conf=0.56 \"OBV crossed below EMA-20 — volume sellers in control\"","timestamp":"2026-09-16T00:00:05.554Z"}
{"level":"debug","message":"[AGG] INJ/USDC: strategy[2]=StochRSI → HOLD conf=0.20 \"StochRSI K=0.0 D=14.8 — no extreme crossover\"","timestamp":"2026-09-16T00:00:05.554Z"}
{"level":"debug","message":"[AGG] INJ/USDC: votes BUY=0.00 SELL=1.04 HOLD=0.20 total_voters=3 external=0","timestamp":"2026-09-16T00:00:05.554Z"}
{"level":"debug","message":"[AGG] INJ/USDC: decision=HOLD confidence=0.35 tie=false belowMin=true (minConf=0.35750000000000004)","timestamp":"2026-09-16T00:00:05.554Z"}
{"level":"debug","message":"[CYCLE] PEPE/USDC: starting cycle, candles=1545 lastClose=0.00000339 lastTs=2026-09-16T00:00:00.000Z","timestamp":"2026-09-16T00:00:05.556Z"}
{"level":"debug","message":"[AGG] PEPE/USDC: strategy[0]=EMA → HOLD conf=0.20 \"No EMA crossover (fast 0.0000 vs slow 0.0000)\"","timestamp":"2026-09-16T00:00:05.557Z"}
{"level":"debug","message":"[AGG] PEPE/USDC: strategy[1]=Supertrend → HOLD conf=0.10 \"Supertrend downtrend continues (ST 0.0000)\"","timestamp":"2026-09-16T00:00:05.557Z"}
{"level":"debug","message":"[AGG] PEPE/USDC: strategy[2]=OBV → SELL conf=0.57 \"OBV crossed below EMA-20 — volume sellers in control\"","timestamp":"2026-09-16T00:00:05.557Z"}
{"level":"debug","message":"[AGG] PEPE/USDC: votes BUY=0.00 SELL=0.57 HOLD=0.30 total_voters=3 external=0","timestamp":"2026-09-16T00:00:05.557Z"}
{"level":"debug","message":"[AGG] PEPE/USDC: decision=HOLD confidence=0.19 tie=false belowMin=true (minConf=0.35750000000000004)","timestamp":"2026-09-16T00:00:05.557Z"}
{"level":"warn","message":"TON/USDC: candle series stale (newest bar 78.0d old) — skipping cycle","timestamp":"2026-09-16T00:00:05.566Z"}
{"level":"info","message":"LINK/USDC: live balance=133.50 pnl=-0.95 open_positions=2 daily_pnl=0.00 blocked=false","timestamp":"2026-09-16T00:00:05.617Z"}
{"level":"debug","message":"[CYCLE] LDO/USDC: starting cycle, candles=1545 lastClose=0.33610000 lastTs=2026-09-16T00:00:00.000Z","timestamp":"2026-09-16T00:00:05.722Z"}
{"level":"debug","message":"[AGG] LDO/USDC: strategy[0]=MACD → HOLD conf=0.20 \"MACD -0.0052 vs signal -0.0008 hist:-0.0044\"","timestamp":"2026-09-16T00:00:05.726Z"}
{"level":"debug","message":"[AGG] LDO/USDC: strategy[1]=ADX → HOLD conf=0.10 \"ADX 23.9 < 25 — ranging, skip\"","timestamp":"2026-09-16T00:00:05.726Z"}
{"level":"debug","message":"[AGG] LDO/USDC: strategy[2]=WilliamsR → HOLD conf=0.57 \"%R -94.8 oversold — still falling, wait\"","timestamp":"2026-09-16T00:00:05.726Z"}
{"level":"debug","message":"[AGG] LDO/USDC: votes BUY=0.00 SELL=0.00 HOLD=0.87 total_voters=3 external=0","timestamp":"2026-09-16T00:00:05.726Z"}
{"level":"debug","message":"[AGG] LDO/USDC: decision=HOLD confidence=0.29 tie=false belowMin=true (minConf=0.35750000000000004)","timestamp":"2026-09-16T00:00:05.726Z"}
{"level":"debug","message":"[CYCLE] MANTA/USDC: starting cycle, candles=1545 lastClose=0.05705000 lastTs=2026-09-16T00:00:00.000Z","timestamp":"2026-09-16T00:00:05.749Z"}
{"level":"debug","message":"[AGG] MANTA/USDC: strategy[0]=RSI → HOLD conf=0.20 \"RSI 38.1 neutral\"","timestamp":"2026-09-16T00:00:05.761Z"}
{"level":"debug","message":"[AGG] MANTA/USDC: strategy[1]=BollingerBands → BUY conf=0.51 \"Price 0.0570 ≤ lower BB 0.0571 (bw 10.4%)\"","timestamp":"2026-09-16T00:00:05.761Z"}
{"level":"debug","message":"[AGG] MANTA/USDC: strategy[2]=CCI → HOLD conf=0.75 \"CCI -163.2 oversold — still falling, wait\"","timestamp":"2026-09-16T00:00:05.761Z"}
{"level":"debug","message":"[AGG] MANTA/USDC: votes BUY=0.51 SELL=0.00 HOLD=0.95 total_voters=3 external=0","timestamp":"2026-09-16T00:00:05.761Z"}
{"level":"debug","message":"[AGG] MANTA/USDC: decision=HOLD confidence=0.32 tie=false belowMin=true (minConf=0.45499999999999996)","timestamp":"2026-09-16T00:00:05.761Z"}
{"level":"debug","message":"[CYCLE] PIXEL/USDC: sizing positionPct=0.1048 (base=0.15 atr=0.037267080745341644 regime=on conf=0.21 macro=bull mtf=1.0)","timestamp":"2026-09-16T00:00:05.818Z"}
{"level":"info","message":"PIXEL/USDC: decision=HOLD confidence=21% price=0.00462000 external_signals=0","timestamp":"2026-09-16T00:00:05.818Z"}
{"level":"info","message":"PIXEL/USDC: No EMA crossover (fast 0.0048 vs slow 0.0049) | ADX 16.4 < 20 — ranging, skip | Support 0.0046 (3×)","timestamp":"2026-09-16T00:00:05.818Z"}
{"level":"debug","message":"[CYCLE] TIA/USDC: starting cycle, candles=1545 lastClose=0.32610000 lastTs=2026-09-16T00:00:00.000Z","timestamp":"2026-09-16T00:00:05.855Z"}
{"level":"debug","message":"[AGG] TIA/USDC: strategy[0]=CCI → HOLD conf=0.58 \"CCI -119.0 oversold — still falling, wait\"","timestamp":"2026-09-16T00:00:05.859Z"}
{"level":"debug","message":"[AGG] TIA/USDC: strategy[1]=MACD → HOLD conf=0.20 \"MACD -0.0078 vs signal -0.0017 hist:-0.0061\"","timestamp":"2026-09-16T00:00:05.859Z"}
{"level":"debug","message":"[AGG] TIA/USDC: strategy[2]=HeikinAshi → HOLD conf=0.15 \"HA bearish continuation\"","timestamp":"2026-09-16T00:00:05.859Z"}
{"level":"debug","message":"[AGG] TIA/USDC: votes BUY=0.00 SELL=0.00 HOLD=0.93 total_voters=3 external=0","timestamp":"2026-09-16T00:00:05.859Z"}
{"level":"debug","message":"[AGG] TIA/USDC: decision=HOLD confidence=0.31 tie=false belowMin=true (minConf=0.35750000000000004)","timestamp":"2026-09-16T00:00:05.859Z"}
{"level":"debug","message":"[CYCLE] DOGE/USDC: starting cycle, candles=1545 lastClose=0.08005000 lastTs=2026-09-16T00:00:00.000Z","timestamp":"2026-09-16T00:00:05.967Z"}
{"level":"debug","message":"[AGG] DOGE/USDC: strategy[0]=EMA → HOLD conf=0.20 \"No EMA crossover (fast 0.0837 vs slow 0.0847)\"","timestamp":"2026-09-16T00:00:05.968Z"}
{"level":"debug","message":"[AGG] DOGE/USDC: strategy[1]=PSAR → HOLD conf=0.10 \"PSAR downtrend continues (SAR 0.0893)\"","timestamp":"2026-09-16T00:00:05.968Z"}
{"level":"debug","message":"[AGG] DOGE/USDC: strategy[2]=HeikinAshi → HOLD conf=0.15 \"HA bearish continuation\"","timestamp":"2026-09-16T00:00:05.968Z"}
{"level":"debug","message":"[AGG] DOGE/USDC: votes BUY=0.00 SELL=0.00 HOLD=0.45 total_voters=3 external=0","timestamp":"2026-09-16T00:00:05.968Z"}
{"level":"debug","message":"[AGG] DOGE/USDC: decision=HOLD confidence=0.15 tie=false belowMin=true (minConf=0.35750000000000004)","timestamp":"2026-09-16T00:00:05.968Z"}
{"level":"debug","message":"[CYCLE] SOL/USDC: sizing positionPct=0.1346 (base=0.15 atr=0.037267080745341644 regime=on conf=0.25 macro=bull mtf=1.0)","timestamp":"2026-09-16T00:00:06.018Z"}
{"level":"info","message":"SOL/USDC: decision=HOLD confidence=25% price=96.83000000 external_signals=0","timestamp":"2026-09-16T00:00:06.019Z"}
{"level":"info","message":"SOL/USDC: Price 96.8300 ≤ lower BB 97.0870 (bw 9.6%) | %R -89.4 oversold — still falling, wait | StochRSI K=0.0 D=37.9 — no extreme crossover","timestamp":"2026-09-16T00:00:06.019Z"}
{"level":"debug","message":"[CYCLE] ENA/USDC: starting cycle, candles=1545 lastClose=0.13950000 lastTs=2026-09-16T00:00:00.000Z","timestamp":"2026-09-16T00:00:06.094Z"}
{"level":"debug","message":"[AGG] ENA/USDC: strategy[0]=RSI → HOLD conf=0.20 \"RSI 41.3 neutral\"","timestamp":"2026-09-16T00:00:06.101Z"}
{"level":"debug","message":"[AGG] ENA/USDC: strategy[1]=BollingerBands → HOLD conf=0.20 \"Price 0.1395 inside BB [0.1258–0.1764]\"","timestamp":"2026-09-16T00:00:06.101Z"}
{"level":"debug","message":"[AGG] ENA/USDC: strategy[2]=CCI → HOLD conf=0.20 \"CCI -66.9 neutral\"","timestamp":"2026-09-16T00:00:06.101Z"}
{"level":"debug","message":"[AGG] ENA/USDC: votes BUY=0.00 SELL=0.00 HOLD=0.60 total_voters=3 external=0","timestamp":"2026-09-16T00:00:06.102Z"}
{"level":"debug","message":"[AGG] ENA/USDC: decision=HOLD confidence=0.20 tie=false belowMin=true (minConf=0.35750000000000004)","timestamp":"2026-09-16T00:00:06.102Z"}
{"level":"debug","message":"[CYCLE] ADA/USDC: sizing positionPct=0.1047 (base=0.15 atr=0.037267080745341644 regime=on conf=0.29 macro=bull mtf=1.0)","timestamp":"2026-09-16T00:00:06.219Z"}
{"level":"info","message":"ADA/USDC: decision=HOLD confidence=29% price=0.19530000 external_signals=0","timestamp":"2026-09-16T00:00:06.219Z"}
{"level":"info","message":"ADA/USDC: RSI 37.4 neutral | Price 0.1953 ≤ lower BB 0.1958 (bw 14.5%) | CCI -143.0 oversold — still falling, wait","timestamp":"2026-09-16T00:00:06.219Z"}
{"level":"warn","message":"VANRY/USDC: candle series stale (newest bar 30.0d old) — skipping cycle","timestamp":"2026-09-16T00:00:06.409Z"}
{"level":"debug","message":"[CYCLE] AVAX/USDC: sizing positionPct=0.0589 (base=0.15 atr=0.037267080745341644 regime=on conf=0.17 macro=bull mtf=1.0)","timestamp":"2026-09-16T00:00:06.418Z"}
{"level":"info","message":"AVAX/USDC: decision=HOLD confidence=17% price=7.26600000 external_signals=0","timestamp":"2026-09-16T00:00:06.418Z"}
{"level":"info","message":"AVAX/USDC: RSI 42.0 neutral | MACD -0.0262 vs signal 0.0178 hist:-0.0440 | PSAR downtrend continues (SAR 7.8030)","timestamp":"2026-09-16T00:00:06.418Z"}
{"level":"debug","message":"[CYCLE] XRP/USDC: sizing positionPct=0.0468 (base=0.15 atr=0.037267080745341644 regime=on conf=0.27 macro=bull mtf=1.0)","timestamp":"2026-09-16T00:00:06.619Z"}
{"level":"info","message":"XRP/USDC: decision=HOLD confidence=27% price=1.28280000 external_signals=0","timestamp":"2026-09-16T00:00:06.620Z"}
{"level":"info","message":"XRP/USDC: Price 1.2828 ≤ lower BB 1.3039 (bw 11.0%) | Stoch K=8.1 D=39.0 — no crossover in extreme zone | EMA12 crossed below EMA26 — both falling ↓","timestamp":"2026-09-16T00:00:06.620Z"}
{"level":"debug","message":"[CYCLE] CRV/USDC: starting cycle, candles=1545 lastClose=0.31990000 lastTs=2026-09-16T00:00:00.000Z","timestamp":"2026-09-16T00:00:06.628Z"}
{"level":"debug","message":"[AGG] CRV/USDC: strategy[0]=ADX → SELL conf=0.49 \"ADX 25.1 downtrend (-DI 21.4 > +DI 17.8)\"","timestamp":"2026-09-16T00:00:06.633Z"}
{"level":"debug","message":"[AGG] CRV/USDC: strategy[1]=StochRSI → HOLD conf=0.20 \"StochRSI K=0.0 D=24.3 — no extreme crossover\"","timestamp":"2026-09-16T00:00:06.633Z"}
{"level":"debug","message":"[AGG] CRV/USDC: strategy[2]=SupportResistance → HOLD conf=0.10 \"No significant S/R zone nearby\"","timestamp":"2026-09-16T00:00:06.633Z"}
{"level":"debug","message":"[AGG] CRV/USDC: votes BUY=0.00 SELL=0.49 HOLD=0.30 total_voters=3 external=0","timestamp":"2026-09-16T00:00:06.633Z"}
{"level":"debug","message":"[AGG] CRV/USDC: decision=HOLD confidence=0.16 tie=false belowMin=true (minConf=0.35750000000000004)","timestamp":"2026-09-16T00:00:06.634Z"}
{"level":"debug","message":"[CYCLE] BTC/USDC: sizing positionPct=0.1038 (base=0.15 atr=0.037267080745341644 regime=on conf=0.15 macro=bull mtf=1.0)","timestamp":"2026-09-16T00:00:06.818Z"}
{"level":"info","message":"BTC/USDC: decision=HOLD confidence=15% price=75612.60000000 external_signals=0","timestamp":"2026-09-16T00:00:06.818Z"}
{"level":"info","message":"BTC/USDC: No EMA crossover (fast 77264.5653 vs slow 77562.2623) | PSAR downtrend continues (SAR 80384.2045) | HA bearish continuation","timestamp":"2026-09-16T00:00:06.818Z"}
{"level":"debug","message":"[CYCLE] APT/USDC: starting cycle, candles=1545 lastClose=0.54800000 lastTs=2026-09-16T00:00:00.000Z","timestamp":"2026-09-16T00:00:06.958Z"}
{"level":"debug","message":"[AGG] APT/USDC: strategy[0]=BollingerBands → BUY conf=0.58 \"Price 0.5480 ≤ lower BB 0.5571 (bw 18.0%)\"","timestamp":"2026-09-16T00:00:06.965Z"}
{"level":"debug","message":"[AGG] APT/USDC: strategy[1]=Stochastic → HOLD conf=0.20 \"Stoch K=4.2 D=5.6 — no crossover in extreme zone\"","timestamp":"2026-09-16T00:00:06.965Z"}
{"level":"debug","message":"[AGG] APT/USDC: strategy[2]=MFI → HOLD conf=0.20 \"MFI 29.6 neutral\"","timestamp":"2026-09-16T00:00:06.965Z"}
{"level":"debug","message":"[AGG] APT/USDC: votes BUY=0.58 SELL=0.00 HOLD=0.40 total_voters=3 external=0","timestamp":"2026-09-16T00:00:06.965Z"}
{"level":"debug","message":"[AGG] APT/USDC: decision=HOLD confidence=0.19 tie=false belowMin=true (minConf=0.35750000000000004)","timestamp":"2026-09-16T00:00:06.965Z"}
{"level":"info","message":"NEAR/USDC: live balance=133.50 pnl=-0.95 open_positions=2 daily_pnl=0.00 blocked=false","timestamp":"2026-09-16T00:00:07.018Z"}
{"level":"debug","message":"[CYCLE] TRX/USDC: sizing positionPct=0.2465 (base=0.15 atr=0.037267080745341644 regime=on conf=0.36 macro=bull mtf=1.0)","timestamp":"2026-09-16T00:00:07.225Z"}
{"level":"info","message":"TRX/USDC: decision=HOLD confidence=36% price=0.33270000 external_signals=0","timestamp":"2026-09-16T00:00:07.225Z"}
{"level":"info","message":"TRX/USDC: CCI -146.1 oversold — still falling, wait | Stoch K=8.7 D=29.9 — no crossover in extreme zone | StochRSI K=0.0 D=7.5 — no extreme crossover","timestamp":"2026-09-16T00:00:07.225Z"}
{"level":"debug","message":"[CYCLE] LTC/USDC: sizing positionPct=0.2111 (base=0.15 atr=0.037267080745341644 regime=on conf=0.25 macro=bull mtf=1.0)","timestamp":"2026-09-16T00:00:07.417Z"}
{"level":"info","message":"LTC/USDC: decision=HOLD confidence=25% price=51.23000000 external_signals=0","timestamp":"2026-09-16T00:00:07.417Z"}
{"level":"info","message":"LTC/USDC: Price 51.2300 ≤ lower BB 51.2859 (bw 8.9%) | No EMA crossover (fast 52.9434 vs slow 52.6536) | %R -89.4 oversold — still falling, wait","timestamp":"2026-09-16T00:00:07.418Z"}
{"level":"debug","message":"[CYCLE] RENDER/USDC: sizing positionPct=0.0532 (base=0.15 atr=0.037267080745341644 regime=on conf=0.22 macro=bull mtf=1.0)","timestamp":"2026-09-16T00:00:07.814Z"}
{"level":"info","message":"RENDER/USDC: decision=HOLD confidence=22% price=1.31900000 external_signals=0","timestamp":"2026-09-16T00:00:07.815Z"}
{"level":"info","message":"RENDER/USDC: No EMA crossover (fast 1.3871 vs slow 1.4160) | OBV below EMA-20 — no cross | %R -89.6 oversold ↑ reversal confirmed","timestamp":"2026-09-16T00:00:07.815Z"}
{"level":"debug","message":"[CYCLE] ACH/USDC: sizing positionPct=0.0466 (base=0.15 atr=0.037267080745341644 regime=on conf=0.20 macro=bull mtf=1.0)","timestamp":"2026-09-16T00:00:08.017Z"}
{"level":"info","message":"ACH/USDC: decision=HOLD confidence=20% price=0.00516000 external_signals=0","timestamp":"2026-09-16T00:00:08.017Z"}
{"level":"info","message":"ACH/USDC: RSI 53.1 neutral | Price 0.0052 inside BB [0.0048–0.0055] | CCI 12.4 neutral","timestamp":"2026-09-16T00:00:08.017Z"}
{"level":"debug","message":"[CYCLE] ARB/USDC: sizing positionPct=0.0823 (base=0.15 atr=0.037267080745341644 regime=on conf=0.26 macro=bull mtf=1.0)","timestamp":"2026-09-16T00:00:08.218Z"}
{"level":"info","message":"ARB/USDC: decision=HOLD confidence=26% price=0.15160000 external_signals=0","timestamp":"2026-09-16T00:00:08.218Z"}
{"level":"info","message":"ARB/USDC: RSI 57.8 neutral | %R -53.5 neutral | HA flipped bullish ↑ after 14-bar bear streak","timestamp":"2026-09-16T00:00:08.218Z"}
{"level":"debug","message":"[CYCLE] ENS/USDC: sizing positionPct=0.0887 (base=0.15 atr=0.037267080745341644 regime=on conf=0.13 macro=bull mtf=1.0)","timestamp":"2026-09-16T00:00:08.417Z"}
{"level":"info","message":"ENS/USDC: decision=HOLD confidence=13% price=5.32000000 external_signals=0","timestamp":"2026-09-16T00:00:08.417Z"}
{"level":"info","message":"ENS/USDC: Price 5.3200 inside BB [5.3172–6.3228] | PSAR downtrend continues (SAR 6.1861) | No significant S/R zone nearby","timestamp":"2026-09-16T00:00:08.417Z"}
{"level":"debug","message":"[CYCLE] JUP/USDC: sizing positionPct=0.0629 (base=0.15 atr=0.037267080745341644 regime=on conf=0.20 macro=bull mtf=1.0)","timestamp":"2026-09-16T00:00:08.619Z"}
{"level":"info","message":"JUP/USDC: decision=HOLD confidence=20% price=0.21620000 external_signals=0","timestamp":"2026-09-16T00:00:08.620Z"}
{"level":"info","message":"JUP/USDC: Price 0.2307 inside BB [0.2137–0.2695] | CCI -52.8 neutral | OBV above EMA-20 — no cross","timestamp":"2026-09-16T00:00:08.620Z"}
{"level":"debug","message":"[CYCLE] PAXG/USDC: sizing positionPct=0.2900 (base=0.15 atr=0.037267080745341644 regime=on conf=0.23 macro=bull mtf=1.0)","timestamp":"2026-09-16T00:00:08.818Z"}
{"level":"info","message":"PAXG/USDC: decision=HOLD confidence=23% price=4284.00000000 external_signals=0","timestamp":"2026-09-16T00:00:08.818Z"}
{"level":"info","message":"PAXG/USDC: MACD -38.3819 vs signal -32.7896 hist:-5.5923 | ADX 30.0 downtrend (-DI 28.1 > +DI 11.7) | Supertrend downtrend continues (ST 4428.7050)","timestamp":"2026-09-16T00:00:08.819Z"}
{"level":"info","message":"BCH/USDC: live balance=133.50 pnl=-0.95 open_positions=2 daily_pnl=0.00 blocked=false","timestamp":"2026-09-16T00:00:09.017Z"}
{"level":"debug","message":"[CYCLE] SUI/USDC: sizing positionPct=0.0919 (base=0.15 atr=0.037267080745341644 regime=on conf=0.20 macro=bull mtf=1.0)","timestamp":"2026-09-16T00:00:09.219Z"}
{"level":"info","message":"SUI/USDC: decision=HOLD confidence=20% price=0.68650000 external_signals=0","timestamp":"2026-09-16T00:00:09.219Z"}
{"level":"info","message":"SUI/USDC: RSI 33.7 neutral | Stoch K=8.8 D=13.0 — no crossover in extreme zone | MFI 38.6 neutral","timestamp":"2026-09-16T00:00:09.219Z"}
{"level":"debug","message":"[CYCLE] THETA/USDC: sizing positionPct=0.0788 (base=0.15 atr=0.037267080745341644 regime=on conf=0.18 macro=bull mtf=1.0)","timestamp":"2026-09-16T00:00:09.418Z"}
{"level":"info","message":"THETA/USDC: decision=HOLD confidence=18% price=0.17990000 external_signals=0","timestamp":"2026-09-16T00:00:09.418Z"}
{"level":"info","message":"THETA/USDC: RSI 46.5 neutral | CCI -61.2 neutral | OBV crossed below EMA-20 — volume sellers in control","timestamp":"2026-09-16T00:00:09.418Z"}
{"level":"info","message":"JTO/USDC: live balance=133.50 pnl=-0.95 open_positions=2 daily_pnl=0.00 blocked=false","timestamp":"2026-09-16T00:00:09.618Z"}
{"level":"debug","message":"[CYCLE] ICP/USDC: sizing positionPct=0.0848 (base=0.15 atr=0.037267080745341644 regime=on conf=0.19 macro=bull mtf=1.0)","timestamp":"2026-09-16T00:00:09.816Z"}
{"level":"info","message":"ICP/USDC: decision=HOLD confidence=19% price=2.48000000 external_signals=0","timestamp":"2026-09-16T00:00:09.816Z"}
{"level":"info","message":"ICP/USDC: RSI 38.0 neutral | Price 2.4800 ≤ lower BB 2.5171 (bw 18.2%) | Stoch K=6.8 D=10.1 — no crossover in extreme zone","timestamp":"2026-09-16T00:00:09.816Z"}
{"level":"debug","message":"[CYCLE] BNB/USDC: sizing positionPct=0.0953 (base=0.15 atr=0.037267080745341644 regime=on conf=0.23 macro=bull mtf=1.0)","timestamp":"2026-09-16T00:00:10.016Z"}
{"level":"info","message":"BNB/USDC: decision=HOLD confidence=23% price=711.64000000 external_signals=0","timestamp":"2026-09-16T00:00:10.016Z"}
{"level":"info","message":"BNB/USDC: %R -85.2 oversold — still falling, wait | HA bearish continuation | Resistance 718.9950 (2×) +pin","timestamp":"2026-09-16T00:00:10.016Z"}
{"level":"debug","message":"[CYCLE] ETH/USDC: sizing positionPct=0.1259 (base=0.15 atr=0.037267080745341644 regime=on conf=0.13 macro=bull mtf=1.0)","timestamp":"2026-09-16T00:00:10.219Z"}
{"level":"info","message":"ETH/USDC: decision=HOLD confidence=13% price=2397.74000000 external_signals=0","timestamp":"2026-09-16T00:00:10.220Z"}
{"level":"info","message":"ETH/USDC: Supertrend uptrend continues (ST 2337.0563) | MFI 49.4 neutral | No significant S/R zone nearby","timestamp":"2026-09-16T00:00:10.220Z"}
{"level":"debug","message":"[CYCLE] WLD/USDC: sizing positionPct=0.0834 (base=0.15 atr=0.037267080745341644 regime=on conf=0.30 macro=bull mtf=1.0)","timestamp":"2026-09-16T00:00:10.416Z"}
{"level":"info","message":"WLD/USDC: decision=HOLD confidence=30% price=0.36250000 external_signals=0","timestamp":"2026-09-16T00:00:10.416Z"}
{"level":"info","message":"WLD/USDC: Price 0.3625 inside BB [0.3489–0.4741] | CCI -125.8 oversold — still falling, wait | ADX 21.8 < 25 — ranging, skip","timestamp":"2026-09-16T00:00:10.416Z"}
{"level":"debug","message":"[CYCLE] PEPE/USDC: sizing positionPct=0.0434 (base=0.15 atr=0.037267080745341644 regime=on conf=0.19 macro=bull mtf=1.0)","timestamp":"2026-09-16T00:00:10.817Z"}
{"level":"info","message":"PEPE/USDC: decision=HOLD confidence=19% price=0.00000339 external_signals=0","timestamp":"2026-09-16T00:00:10.817Z"}
{"level":"info","message":"PEPE/USDC: No EMA crossover (fast 0.0000 vs slow 0.0000) | Supertrend downtrend continues (ST 0.0000) | OBV crossed below EMA-20 — volume sellers in control","timestamp":"2026-09-16T00:00:10.817Z"}
{"level":"debug","message":"[CYCLE] INJ/USDC: sizing positionPct=0.0710 (base=0.15 atr=0.037267080745341644 regime=on conf=0.35 macro=bull mtf=1.0)","timestamp":"2026-09-16T00:00:10.826Z"}
{"level":"info","message":"INJ/USDC: decision=HOLD confidence=35% price=5.43700000 external_signals=0","timestamp":"2026-09-16T00:00:10.826Z"}
{"level":"info","message":"INJ/USDC: ADX 26.1 downtrend (-DI 20.8 > +DI 18.9) | OBV crossed below EMA-20 — volume sellers in control | StochRSI K=0.0 D=14.8 — no extreme crossover","timestamp":"2026-09-16T00:00:10.826Z"}
{"level":"debug","message":"[CYCLE] LDO/USDC: sizing positionPct=0.1015 (base=0.15 atr=0.037267080745341644 regime=on conf=0.29 macro=bull mtf=1.0)","timestamp":"2026-09-16T00:00:11.017Z"}
{"level":"info","message":"LDO/USDC: decision=HOLD confidence=29% price=0.33610000 external_signals=0","timestamp":"2026-09-16T00:00:11.017Z"}
{"level":"info","message":"LDO/USDC: MACD -0.0052 vs signal -0.0008 hist:-0.0044 | ADX 23.9 < 25 — ranging, skip | %R -94.8 oversold — still falling, wait","timestamp":"2026-09-16T00:00:11.017Z"}
{"level":"debug","message":"[CYCLE] MANTA/USDC: sizing positionPct=0.1450 (base=0.15 atr=0.037267080745341644 regime=on conf=0.32 macro=bull mtf=1.0)","timestamp":"2026-09-16T00:00:11.216Z"}
{"level":"info","message":"MANTA/USDC: decision=HOLD confidence=32% price=0.05705000 external_signals=0","timestamp":"2026-09-16T00:00:11.216Z"}
{"level":"info","message":"MANTA/USDC: RSI 38.1 neutral | Price 0.0570 ≤ lower BB 0.0571 (bw 10.4%) | CCI -163.2 oversold — still falling, wait","timestamp":"2026-09-16T00:00:11.216Z"}
{"level":"info","message":"PIXEL/USDC: live balance=133.50 pnl=-0.95 open_positions=2 daily_pnl=0.00 blocked=false","timestamp":"2026-09-16T00:00:11.418Z"}
{"level":"debug","message":"[CYCLE] TIA/USDC: sizing positionPct=0.0908 (base=0.15 atr=0.037267080745341644 regime=on conf=0.31 macro=bull mtf=1.0)","timestamp":"2026-09-16T00:00:11.617Z"}
{"level":"info","message":"TIA/USDC: decision=HOLD confidence=31% price=0.32610000 external_signals=0","timestamp":"2026-09-16T00:00:11.617Z"}
{"level":"info","message":"TIA/USDC: CCI -119.0 oversold — still falling, wait | MACD -0.0078 vs signal -0.0017 hist:-0.0061 | HA bearish continuation","timestamp":"2026-09-16T00:00:11.617Z"}
{"level":"debug","message":"[CYCLE] DOGE/USDC: sizing positionPct=0.1141 (base=0.15 atr=0.037267080745341644 regime=on conf=0.15 macro=bull mtf=1.0)","timestamp":"2026-09-16T00:00:11.818Z"}
{"level":"info","message":"DOGE/USDC: decision=HOLD confidence=15% price=0.08005000 external_signals=0","timestamp":"2026-09-16T00:00:11.818Z"}
{"level":"info","message":"DOGE/USDC: No EMA crossover (fast 0.0837 vs slow 0.0847) | PSAR downtrend continues (SAR 0.0893) | HA bearish continuation","timestamp":"2026-09-16T00:00:11.818Z"}
{"level":"info","message":"SOL/USDC: live balance=133.50 pnl=-0.95 open_positions=2 daily_pnl=0.00 blocked=false","timestamp":"2026-09-16T00:00:12.017Z"}
{"level":"debug","message":"[CYCLE] ENA/USDC: sizing positionPct=0.0738 (base=0.15 atr=0.037267080745341644 regime=on conf=0.20 macro=bull mtf=1.0)","timestamp":"2026-09-16T00:00:12.218Z"}
{"level":"info","message":"ENA/USDC: decision=HOLD confidence=20% price=0.13950000 external_signals=0","timestamp":"2026-09-16T00:00:12.218Z"}
{"level":"info","message":"ENA/USDC: RSI 41.3 neutral | Price 0.1395 inside BB [0.1258–0.1764] | CCI -66.9 neutral","timestamp":"2026-09-16T00:00:12.218Z"}
{"level":"info","message":"ADA/USDC: live balance=133.50 pnl=-0.95 open_positions=2 daily_pnl=0.00 blocked=false","timestamp":"2026-09-16T00:00:12.418Z"}
{"level":"info","message":"AVAX/USDC: live balance=133.50 pnl=-0.95 open_positions=2 daily_pnl=0.00 blocked=false","timestamp":"2026-09-16T00:00:12.616Z"}
{"level":"info","message":"XRP/USDC: live balance=133.50 pnl=-0.95 open_positions=2 daily_pnl=0.00 blocked=false","timestamp":"2026-09-16T00:00:12.820Z"}
{"level":"debug","message":"[CYCLE] CRV/USDC: sizing positionPct=0.0697 (base=0.15 atr=0.037267080745341644 regime=on conf=0.16 macro=bull mtf=1.0)","timestamp":"2026-09-16T00:00:13.018Z"}
{"level":"info","message":"CRV/USDC: decision=HOLD confidence=16% price=0.31990000 external_signals=0","timestamp":"2026-09-16T00:00:13.018Z"}
{"level":"info","message":"CRV/USDC: ADX 25.1 downtrend (-DI 21.4 > +DI 17.8) | StochRSI K=0.0 D=24.3 — no extreme crossover | No significant S/R zone nearby","timestamp":"2026-09-16T00:00:13.018Z"}
{"level":"info","message":"BTC/USDC: live balance=133.50 pnl=-0.95 open_positions=2 daily_pnl=0.00 blocked=false","timestamp":"2026-09-16T00:00:13.218Z"}
{"level":"debug","message":"[CYCLE] APT/USDC: sizing positionPct=0.0673 (base=0.15 atr=0.037267080745341644 regime=on conf=0.19 macro=bull mtf=1.0)","timestamp":"2026-09-16T00:00:13.413Z"}
{"level":"info","message":"APT/USDC: decision=HOLD confidence=19% price=0.54800000 external_signals=0","timestamp":"2026-09-16T00:00:13.413Z"}
{"level":"info","message":"APT/USDC: Price 0.5480 ≤ lower BB 0.5571 (bw 18.0%) | Stoch K=4.2 D=5.6 — no crossover in extreme zone | MFI 29.6 neutral","timestamp":"2026-09-16T00:00:13.413Z"}
{"level":"info","message":"TRX/USDC: live balance=133.50 pnl=-0.95 open_positions=2 daily_pnl=0.00 blocked=false","timestamp":"2026-09-16T00:00:13.621Z"}
{"level":"info","message":"LTC/USDC: live balance=133.50 pnl=-0.95 open_positions=2 daily_pnl=0.00 blocked=false","timestamp":"2026-09-16T00:00:13.816Z"}
{"level":"info","message":"RENDER/USDC: live balance=133.50 pnl=-0.95 open_positions=2 daily_pnl=0.00 blocked=false","timestamp":"2026-09-16T00:00:14.058Z"}
{"level":"info","message":"ACH/USDC: live balance=133.50 pnl=-0.95 open_positions=2 daily_pnl=0.00 blocked=false","timestamp":"2026-09-16T00:00:14.257Z"}
{"level":"info","message":"ARB/USDC: live balance=133.50 pnl=-0.95 open_positions=2 daily_pnl=0.00 blocked=false","timestamp":"2026-09-16T00:00:14.457Z"}
{"level":"info","message":"ENS/USDC: live balance=133.50 pnl=-0.95 open_positions=2 daily_pnl=0.00 blocked=false","timestamp":"2026-09-16T00:00:14.655Z"}
{"level":"info","message":"JUP/USDC: live balance=133.50 pnl=-0.95 open_positions=2 daily_pnl=0.00 blocked=false","timestamp":"2026-09-16T00:00:14.856Z"}
{"level":"info","message":"PAXG/USDC: live balance=133.50 pnl=-0.95 open_positions=2 daily_pnl=0.00 blocked=false","timestamp":"2026-09-16T00:00:15.056Z"}
{"level":"info","message":"SUI/USDC: live balance=133.50 pnl=-0.95 open_positions=2 daily_pnl=0.00 blocked=false","timestamp":"2026-09-16T00:00:15.255Z"}
{"level":"info","message":"THETA/USDC: live balance=133.50 pnl=-0.95 open_positions=2 daily_pnl=0.00 blocked=false","timestamp":"2026-09-16T00:00:15.459Z"}
{"level":"info","message":"ICP/USDC: live balance=133.50 pnl=-0.95 open_positions=2 daily_pnl=0.00 blocked=false","timestamp":"2026-09-16T00:00:15.658Z"}
{"level":"info","message":"BNB/USDC: live balance=133.50 pnl=-0.95 open_positions=2 daily_pnl=0.00 blocked=false","timestamp":"2026-09-16T00:00:15.856Z"}
{"level":"info","message":"ETH/USDC: live balance=133.50 pnl=-0.95 open_positions=2 daily_pnl=0.00 blocked=false","timestamp":"2026-09-16T00:00:16.257Z"}
{"level":"info","message":"WLD/USDC: live balance=133.50 pnl=-0.95 open_positions=2 daily_pnl=0.00 blocked=false","timestamp":"2026-09-16T00:00:16.456Z"}
{"level":"info","message":"PEPE/USDC: live balance=133.50 pnl=-0.95 open_positions=2 daily_pnl=0.00 blocked=false","timestamp":"2026-09-16T00:00:16.656Z"}
{"level":"info","message":"INJ/USDC: live balance=133.50 pnl=-0.95 open_positions=2 daily_pnl=0.00 blocked=false","timestamp":"2026-09-16T00:00:16.856Z"}
{"level":"info","message":"LDO/USDC: live balance=133.50 pnl=-0.95 open_positions=2 daily_pnl=0.00 blocked=false","timestamp":"2026-09-16T00:00:17.056Z"}
{"level":"info","message":"MANTA/USDC: live balance=133.50 pnl=-0.95 open_positions=2 daily_pnl=0.00 blocked=false","timestamp":"2026-09-16T00:00:17.257Z"}
{"level":"info","message":"TIA/USDC: live balance=133.50 pnl=-0.95 open_positions=2 daily_pnl=0.00 blocked=false","timestamp":"2026-09-16T00:00:17.456Z"}
{"level":"info","message":"DOGE/USDC: live balance=133.50 pnl=-0.95 open_positions=2 daily_pnl=0.00 blocked=false","timestamp":"2026-09-16T00:00:17.658Z"}
{"level":"info","message":"ENA/USDC: live balance=133.50 pnl=-0.95 open_positions=2 daily_pnl=0.00 blocked=false","timestamp":"2026-09-16T00:00:17.857Z"}
{"level":"info","message":"CRV/USDC: live balance=133.50 pnl=-0.95 open_positions=2 daily_pnl=0.00 blocked=false","timestamp":"2026-09-16T00:00:18.056Z"}
{"level":"info","message":"APT/USDC: live balance=133.50 pnl=-0.95 open_positions=2 daily_pnl=0.00 blocked=false","timestamp":"2026-09-16T00:00:18.257Z"}
{"level":"info","message":"[TSM-CORE] rung 2@0.5 (HWM $243.85) · next de-risk at $320 HWM","timestamp":"2026-09-16T00:00:18.695Z"}
{"level":"info","message":"[TSM-CORE] BTC/USDC: votes 3/3 (enter ≥3, stay ≥2) · vol 44% → ×1.00 · macro risk-on","timestamp":"2026-09-16T00:00:18.708Z"}
{"level":"info","message":"[TSM-CORE] ETH/USDC: votes 3/3 (enter ≥3, stay ≥2) · vol 73% → ×0.82 · macro risk-on","timestamp":"2026-09-16T00:00:18.709Z"}
{"level":"info","message":"Next cycle aligned to candle close in 720 min (Wed, 16 Sep 2026 12:00:03 GMT)","timestamp":"2026-09-16T00:00:18.979Z"}
{"level":"debug","message":"[RISK-LOOP] checking 2 open position(s)","timestamp":"2026-09-16T00:01:34.881Z"}
{"level":"debug","message":"[RISK-LOOP] checking 2 open position(s)","timestamp":"2026-09-16T00:03:35.066Z"}
{"level":"debug","message":"[RISK-LOOP] checking 2 open position(s)","timestamp":"2026-09-16T00:05:34.892Z"}
{"level":"debug","message":"[RISK-LOOP] checking 2 open position(s)","timestamp":"2026-09-16T00:07:34.893Z"}
{"level":"info","message":"[MTF-CACHE] 15m refresh complete: 37/37 symbols","timestamp":"2026-09-16T00:08:49.983Z"}
{"level":"debug","message":"[RISK-LOOP] checking 2 open position(s)","timestamp":"2026-09-16T00:09:34.898Z"}
{"level":"debug","message":"[RISK-LOOP] checking 2 open position(s)","timestamp":"2026-09-16T00:11:34.900Z"}
{"level":"debug","message":"[RISK-LOOP] checking 2 open position(s)","timestamp":"2026-09-16T00:13:35.084Z"}
{"level":"debug","message":"[RISK-LOOP] checking 2 open position(s)","timestamp":"2026-09-16T00:15:34.906Z"}
{"level":"debug","message":"[RISK-LOOP] checking 2 open position(s)","timestamp":"2026-09-16T00:17:34.909Z"}
{"level":"debug","message":"[RISK-LOOP] checking 2 open position(s)","timestamp":"2026-09-16T00:19:34.911Z"}
{"level":"debug","message":"[RISK-LOOP] checking 2 open position(s)","timestamp":"2026-09-16T00:21:34.912Z"}
{"level":"debug","message":"[RISK-LOOP] checking 2 open position(s)","timestamp":"2026-09-16T00:23:35.093Z"}
{"level":"info","message":"[MTF-CACHE] 15m refresh complete: 37/37 symbols","timestamp":"2026-09-16T00:23:51.240Z"}
{"level":"debug","message":"[RISK-LOOP] checking 2 open position(s)","timestamp":"2026-09-16T00:25:34.917Z"}
{"level":"debug","message":"[RISK-LOOP] checking 2 open position(s)","timestamp":"2026-09-16T00:27:34.925Z"}
{"level":"debug","message":"[RISK-LOOP] checking 2 open position(s)","timestamp":"2026-09-16T00:29:34.922Z"}
{"level":"debug","message":"[RISK-LOOP] checking 2 open position(s)","timestamp":"2026-09-16T00:31:34.926Z"}
{"level":"debug","message":"[RISK-LOOP] checking 2 open position(s)","timestamp":"2026-09-16T00:33:35.281Z"}
{"level":"debug","message":"[RISK-LOOP] checking 2 open position(s)","timestamp":"2026-09-16T00:35:34.926Z"}
{"level":"debug","message":"[RISK-LOOP] checking 2 open position(s)","timestamp":"2026-09-16T00:37:34.928Z"}
{"level":"info","message":"[MTF-CACHE] 15m refresh complete: 37/37 symbols","timestamp":"2026-09-16T00:38:49.890Z"}
{"level":"debug","message":"[RISK-LOOP] checking 2 open position(s)","timestamp":"2026-09-16T00:39:34.934Z"}
{"level":"debug","message":"[RISK-LOOP] checking 2 open position(s)","timestamp":"2026-09-16T00:41:34.934Z"}
{"level":"debug","message":"[RISK-LOOP] checking 2 open position(s)","timestamp":"2026-09-16T00:43:35.114Z"}
{"level":"debug","message":"[RISK-LOOP] checking 2 open position(s)","timestamp":"2026-09-16T00:45:34.937Z"}
{"level":"debug","message":"[RISK-LOOP] checking 2 open position(s)","timestamp":"2026-09-16T00:47:34.943Z"}
{"level":"debug","message":"[RISK-LOOP] checking 2 open position(s)","timestamp":"2026-09-16T00:49:34.943Z"}
{"level":"debug","message":"[RISK-LOOP] checking 2 open position(s)","timestamp":"2026-09-16T00:51:34.946Z"}
{"level":"debug","message":"[RISK-LOOP] checking 2 open position(s)","timestamp":"2026-09-16T00:53:35.122Z"}
{"level":"info","message":"[MTF-CACHE] 15m refresh complete: 37/37 symbols","timestamp":"2026-09-16T00:53:50.800Z"}
{"level":"debug","message":"[RISK-LOOP] checking 2 open position(s)","timestamp":"2026-09-16T00:55:34.947Z"}
{"level":"debug","message":"[RISK-LOOP] checking 2 open position(s)","timestamp":"2026-09-16T00:57:34.949Z"}
{"level":"debug","message":"[RISK-LOOP] checking 2 open position(s)","timestamp":"2026-09-16T00:59:34.948Z"}
{"level":"debug","message":"[RISK-LOOP] checking 2 open position(s)","timestamp":"2026-09-16T01:01:34.952Z"}
{"level":"debug","message":"[RISK-LOOP] checking 2 open position(s)","timestamp":"2026-09-16T01:03:35.130Z"}
{"level":"debug","message":"[RISK-LOOP] checking 2 open position(s)","timestamp":"2026-09-16T01:05:34.951Z"}
{"level":"debug","message":"[RISK-LOOP] checking 2 open position(s)","timestamp":"2026-09-16T01:07:34.957Z"}
{"level":"info","message":"[MTF-CACHE] 15m refresh complete: 37/37 symbols","timestamp":"2026-09-16T01:08:50.098Z"}
{"level":"debug","message":"[RISK-LOOP] checking 2 open position(s)","timestamp":"2026-09-16T01:09:34.959Z"}
{"level":"debug","message":"[RISK-LOOP] checking 2 open position(s)","timestamp":"2026-09-16T01:11:34.958Z"}
{"level":"debug","message":"[RISK-LOOP] checking 2 open position(s)","timestamp":"2026-09-16T01:13:35.140Z"}
{"level":"debug","message":"[RISK-LOOP] checking 2 open position(s)","timestamp":"2026-09-16T01:15:34.960Z"}
{"level":"debug","message":"[RISK-LOOP] checking 2 open position(s)","timestamp":"2026-09-16T01:17:34.963Z"}
{"level":"debug","message":"[RISK-LOOP] checking 2 open position(s)","timestamp":"2026-09-16T01:19:34.972Z"}
{"level":"debug","message":"[RISK-LOOP] checking 2 open position(s)","timestamp":"2026-09-16T01:21:34.964Z"}
{"level":"debug","message":"[RISK-LOOP] checking 2 open position(s)","timestamp":"2026-09-16T01:23:35.142Z"}
{"level":"info","message":"[MTF-CACHE] 15m refresh complete: 37/37 symbols","timestamp":"2026-09-16T01:23:50.809Z"}
{"level":"debug","message":"[RISK-LOOP] checking 2 open position(s)","timestamp":"2026-09-16T01:25:34.969Z"}
{"level":"debug","message":"[RISK-LOOP] checking 2 open position(s)","timestamp":"2026-09-16T01:27:34.963Z"}
{"level":"debug","message":"[RISK-LOOP] checking 2 open position(s)","timestamp":"2026-09-16T01:29:34.971Z"}
{"level":"debug","message":"[RISK-LOOP] checking 2 open position(s)","timestamp":"2026-09-16T01:31:34.972Z"}
{"level":"debug","message":"[RISK-LOOP] checking 2 open position(s)","timestamp":"2026-09-16T01:33:35.150Z"}
{"level":"debug","message":"[RISK-LOOP] checking 2 open position(s)","timestamp":"2026-09-16T01:35:34.974Z"}
{"level":"debug","message":"[RISK-LOOP] checking 2 open position(s)","timestamp":"2026-09-16T01:37:34.972Z"}
{"level":"info","message":"[MTF-CACHE] 15m refresh complete: 37/37 symbols","timestamp":"2026-09-16T01:38:50.053Z"}
{"level":"debug","message":"[RISK-LOOP] checking 2 open position(s)","timestamp":"2026-09-16T01:39:34.972Z"}
{"level":"debug","message":"[RISK-LOOP] checking 2 open position(s)","timestamp":"2026-09-16T01:41:34.974Z"}
{"level":"debug","message":"[RISK-LOOP] checking 2 open position(s)","timestamp":"2026-09-16T01:43:35.153Z"}
{"level":"debug","message":"[RISK-LOOP] checking 2 open position(s)","timestamp":"2026-09-16T01:45:35.006Z"}
{"level":"debug","message":"[RISK-LOOP] checking 2 open position(s)","timestamp":"2026-09-16T01:47:34.975Z"}
{"level":"debug","message":"[RISK-LOOP] checking 2 open position(s)","timestamp":"2026-09-16T01:49:34.973Z"}
{"level":"debug","message":"[RISK-LOOP] checking 2 open position(s)","timestamp":"2026-09-16T01:51:34.976Z"}
{"level":"debug","message":"[RISK-LOOP] checking 2 open position(s)","timestamp":"2026-09-16T01:53:35.155Z"}
{"level":"info","message":"[MTF-CACHE] 15m refresh complete: 37/37 symbols","timestamp":"2026-09-16T01:53:50.400Z"}
{"level":"debug","message":"[RISK-LOOP] checking 2 open position(s)","timestamp":"2026-09-16T01:55:34.976Z"}
{"level":"debug","message":"[RISK-LOOP] checking 2 open position(s)","timestamp":"2026-09-16T01:57:34.979Z"}
{"level":"debug","message":"[RISK-LOOP] checking 2 open position(s)","timestamp":"2026-09-16T01:59:35.006Z"}
{"level":"debug","message":"[RISK-LOOP] checking 2 open position(s)","timestamp":"2026-09-16T02:01:34.980Z"}
{"level":"debug","message":"[RISK-LOOP] checking 2 open position(s)","timestamp":"2026-09-16T02:03:34.981Z"}
{"level":"debug","message":"[RISK-LOOP] checking 2 open position(s)","timestamp":"2026-09-16T02:05:34.980Z"}
{"level":"debug","message":"[RISK-LOOP] checking 2 open position(s)","timestamp":"2026-09-16T02:07:34.982Z"}
{"level":"info","message":"[MTF-CACHE] 15m refresh complete: 37/37 symbols","timestamp":"2026-09-16T02:08:53.576Z"}
{"level":"debug","message":"[RISK-LOOP] checking 2 open position(s)","timestamp":"2026-09-16T02:09:34.985Z"}
{"level":"debug","message":"[RISK-LOOP] checking 2 open position(s)","timestamp":"2026-09-16T02:11:34.981Z"}
{"level":"debug","message":"[RISK-LOOP] checking 2 open position(s)","timestamp":"2026-09-16T02:13:35.090Z"}
{"level":"debug","message":"[RISK-LOOP] checking 2 open position(s)","timestamp":"2026-09-16T02:15:34.989Z"}
{"level":"debug","message":"[RISK-LOOP] checking 2 open position(s)","timestamp":"2026-09-16T02:17:35.502Z"}
{"level":"debug","message":"[RISK-LOOP] checking 2 open position(s)","timestamp":"2026-09-16T02:19:35.105Z"}
{"level":"debug","message":"[RISK-LOOP] checking 2 open position(s)","timestamp":"2026-09-16T02:21:35.157Z"}
{"level":"debug","message":"[RISK-LOOP] checking 2 open position(s)","timestamp":"2026-09-16T02:23:35.161Z"}
{"level":"info","message":"[MTF-CACHE] 15m refresh complete: 37/37 symbols","timestamp":"2026-09-16T02:23:50.339Z"}
{"level":"debug","message":"[RISK-LOOP] checking 2 open position(s)","timestamp":"2026-09-16T02:25:35.158Z"}
{"level":"debug","message":"[RISK-LOOP] checking 2 open position(s)","timestamp":"2026-09-16T02:27:35.163Z"}
{"level":"debug","message":"[RISK-LOOP] checking 2 open position(s)","timestamp":"2026-09-16T02:29:35.160Z"}
{"level":"debug","message":"[RISK-LOOP] checking 2 open position(s)","timestamp":"2026-09-16T02:31:35.163Z"}
{"level":"debug","message":"[RISK-LOOP] checking 2 open position(s)","timestamp":"2026-09-16T02:33:35.163Z"}
{"level":"debug","message":"[RISK-LOOP] checking 2 open position(s)","timestamp":"2026-09-16T02:35:34.987Z"}
{"level":"debug","message":"[RISK-LOOP] checking 2 open position(s)","timestamp":"2026-09-16T02:37:34.990Z"}
{"level":"info","message":"[MTF-CACHE] 15m refresh complete: 37/37 symbols","timestamp":"2026-09-16T02:38:50.913Z"}
{"level":"debug","message":"[RISK-LOOP] checking 2 open position(s)","timestamp":"2026-09-16T02:39:34.988Z"}
{"level":"debug","message":"[RISK-LOOP] checking 2 open position(s)","timestamp":"2026-09-16T02:41:34.992Z"}
{"level":"debug","message":"[RISK-LOOP] checking 2 open position(s)","timestamp":"2026-09-16T02:43:35.172Z"}
{"level":"debug","message":"[RISK-LOOP] checking 2 open position(s)","timestamp":"2026-09-16T02:45:34.992Z"}
{"level":"debug","message":"[RISK-LOOP] checking 2 open position(s)","timestamp":"2026-09-16T02:47:34.995Z"}
{"level":"debug","message":"[RISK-LOOP] checking 2 open position(s)","timestamp":"2026-09-16T02:49:35.002Z"}
{"level":"debug","message":"[RISK-LOOP] checking 2 open position(s)","timestamp":"2026-09-16T02:51:35.005Z"}
{"level":"debug","message":"[RISK-LOOP] checking 2 open position(s)","timestamp":"2026-09-16T02:53:35.185Z"}
{"level":"info","message":"[MTF-CACHE] 15m refresh complete: 37/37 symbols","timestamp":"2026-09-16T02:53:50.121Z"}
{"level":"debug","message":"[RISK-LOOP] checking 2 open position(s)","timestamp":"2026-09-16T02:55:35.011Z"}
{"level":"debug","message":"[RISK-LOOP] checking 2 open position(s)","timestamp":"2026-09-16T02:57:35.010Z"}
{"level":"debug","message":"[RISK-LOOP] checking 2 open position(s)","timestamp":"2026-09-16T02:59:35.015Z"}
{"level":"debug","message":"[RISK-LOOP] checking 2 open position(s)","timestamp":"2026-09-16T03:01:35.018Z"}
{"level":"debug","message":"[RISK-LOOP] checking 2 open position(s)","timestamp":"2026-09-16T03:03:35.196Z"}
{"level":"debug","message":"[RISK-LOOP] checking 2 open position(s)","timestamp":"2026-09-16T03:05:35.022Z"}
{"level":"debug","message":"[RISK-LOOP] checking 2 open position(s)","timestamp":"2026-09-16T03:07:35.023Z"}
{"level":"info","message":"[MTF-CACHE] 15m refresh complete: 37/37 symbols","timestamp":"2026-09-16T03:08:50.692Z"}
{"level":"debug","message":"[RISK-LOOP] checking 2 open position(s)","timestamp":"2026-09-16T03:09:35.028Z"}
{"level":"debug","message":"[RISK-LOOP] checking 2 open position(s)","timestamp":"2026-09-16T03:11:35.030Z"}
{"level":"debug","message":"[RISK-LOOP] checking 2 open position(s)","timestamp":"2026-09-16T03:13:35.215Z"}
{"level":"debug","message":"[RISK-LOOP] checking 2 open position(s)","timestamp":"2026-09-16T03:15:35.038Z"}
{"level":"debug","message":"[RISK-LOOP] checking 2 open position(s)","timestamp":"2026-09-16T03:17:35.044Z"}
{"level":"debug","message":"[RISK-LOOP] checking 2 open position(s)","timestamp":"2026-09-16T03:19:35.043Z"}
{"level":"debug","message":"[RISK-LOOP] checking 2 open position(s)","timestamp":"2026-09-16T03:21:35.047Z"}
{"level":"debug","message":"[RISK-LOOP] checking 2 open position(s)","timestamp":"2026-09-16T03:23:35.225Z"}
{"level":"info","message":"[MTF-CACHE] 15m refresh complete: 37/37 symbols","timestamp":"2026-09-16T03:23:50.439Z"}
{"level":"info","message":"[MTF-CACHE] 4h refresh complete: 37/37 symbols","timestamp":"2026-09-16T03:23:51.276Z"}
{"level":"debug","message":"[RISK-LOOP] checking 2 open position(s)","timestamp":"2026-09-16T03:25:35.051Z"}
{"level":"debug","message":"[RISK-LOOP] checking 2 open position(s)","timestamp":"2026-09-16T03:27:35.051Z"}
{"level":"debug","message":"[RISK-LOOP] checking 2 open position(s)","timestamp":"2026-09-16T03:29:35.053Z"}
{"level":"debug","message":"[RISK-LOOP] checking 2 open position(s)","timestamp":"2026-09-16T03:31:35.058Z"}
{"level":"debug","message":"[RISK-LOOP] checking 2 open position(s)","timestamp":"2026-09-16T03:33:35.239Z"}
{"level":"debug","message":"[RISK-LOOP] checking 2 open position(s)","timestamp":"2026-09-16T03:35:35.061Z"}
{"level":"debug","message":"[RISK-LOOP] checking 2 open position(s)","timestamp":"2026-09-16T03:37:35.064Z"}
{"level":"info","message":"[MTF-CACHE] 15m refresh complete: 37/37 symbols","timestamp":"2026-09-16T03:38:49.977Z"}
{"level":"debug","message":"[RISK-LOOP] checking 2 open position(s)","timestamp":"2026-09-16T03:39:35.062Z"}
{"level":"debug","message":"[RISK-LOOP] checking 2 open position(s)","timestamp":"2026-09-16T03:41:35.063Z"}
{"level":"debug","message":"[RISK-LOOP] checking 2 open position(s)","timestamp":"2026-09-16T03:43:35.244Z"}
{"level":"debug","message":"[RISK-LOOP] checking 2 open position(s)","timestamp":"2026-09-16T03:45:35.069Z"}
{"level":"debug","message":"[RISK-LOOP] checking 2 open position(s)","timestamp":"2026-09-16T03:47:35.070Z"}
{"level":"debug","message":"[RISK-LOOP] checking 2 open position(s)","timestamp":"2026-09-16T03:49:35.072Z"}
{"level":"debug","message":"[RISK-LOOP] checking 2 open position(s)","timestamp":"2026-09-16T03:51:35.075Z"}
{"level":"debug","message":"[RISK-LOOP] checking 2 open position(s)","timestamp":"2026-09-16T03:53:35.253Z"}
{"level":"info","message":"[MTF-CACHE] 15m refresh complete: 37/37 symbols","timestamp":"2026-09-16T03:53:49.926Z"}
{"level":"debug","message":"[RISK-LOOP] checking 2 open position(s)","timestamp":"2026-09-16T03:55:35.076Z"}
{"level":"debug","message":"[RISK-LOOP] checking 2 open position(s)","timestamp":"2026-09-16T03:57:35.075Z"}
{"level":"debug","message":"[RISK-LOOP] checking 2 open position(s)","timestamp":"2026-09-16T03:59:35.079Z"}
{"level":"debug","message":"[RISK-LOOP] checking 2 open position(s)","timestamp":"2026-09-16T04:01:35.078Z"}
{"level":"debug","message":"[RISK-LOOP] checking 2 open position(s)","timestamp":"2026-09-16T04:03:35.261Z"}
{"level":"debug","message":"[RISK-LOOP] checking 2 open position(s)","timestamp":"2026-09-16T04:05:35.081Z"}
{"level":"debug","message":"[RISK-LOOP] checking 2 open position(s)","timestamp":"2026-09-16T04:07:35.081Z"}
{"level":"info","message":"[MTF-CACHE] 15m refresh complete: 37/37 symbols","timestamp":"2026-09-16T04:08:49.972Z"}
{"level":"debug","message":"[RISK-LOOP] checking 2 open position(s)","timestamp":"2026-09-16T04:09:35.085Z"}
{"level":"debug","message":"[RISK-LOOP] checking 2 open position(s)","timestamp":"2026-09-16T04:11:35.086Z"}
{"level":"debug","message":"[RISK-LOOP] checking 2 open position(s)","timestamp":"2026-09-16T04:13:35.263Z"}
{"level":"debug","message":"[RISK-LOOP] checking 2 open position(s)","timestamp":"2026-09-16T04:15:35.087Z"}
{"level":"debug","message":"[RISK-LOOP] checking 2 open position(s)","timestamp":"2026-09-16T04:17:35.092Z"}
{"level":"debug","message":"[RISK-LOOP] checking 2 open position(s)","timestamp":"2026-09-16T04:19:35.088Z"}
{"level":"debug","message":"[RISK-LOOP] checking 2 open position(s)","timestamp":"2026-09-16T04:21:35.093Z"}
{"level":"debug","message":"[RISK-LOOP] checking 2 open position(s)","timestamp":"2026-09-16T04:23:35.271Z"}
{"level":"info","message":"[MTF-CACHE] 15m refresh complete: 37/37 symbols","timestamp":"2026-09-16T04:23:49.938Z"}
{"level":"debug","message":"[RISK-LOOP] checking 2 open position(s)","timestamp":"2026-09-16T04:25:35.094Z"}
{"level":"debug","message":"[RISK-LOOP] checking 2 open position(s)","timestamp":"2026-09-16T04:27:35.095Z"}
{"level":"debug","message":"[RISK-LOOP] checking 2 open position(s)","timestamp":"2026-09-16T04:29:35.096Z"}
{"level":"debug","message":"[RISK-LOOP] checking 2 open position(s)","timestamp":"2026-09-16T04:31:35.096Z"}
{"level":"debug","message":"[RISK-LOOP] checking 2 open position(s)","timestamp":"2026-09-16T04:33:35.279Z"}
{"level":"debug","message":"[RISK-LOOP] checking 2 open position(s)","timestamp":"2026-09-16T04:35:35.099Z"}
{"level":"debug","message":"[RISK-LOOP] checking 2 open position(s)","timestamp":"2026-09-16T04:37:35.100Z"}
{"level":"info","message":"[MTF-CACHE] 15m refresh complete: 37/37 symbols","timestamp":"2026-09-16T04:38:49.987Z"}
{"level":"debug","message":"[RISK-LOOP] checking 2 open position(s)","timestamp":"2026-09-16T04:39:35.100Z"}
{"level":"debug","message":"[RISK-LOOP] checking 2 open position(s)","timestamp":"2026-09-16T04:41:35.099Z"}
{"level":"debug","message":"[RISK-LOOP] checking 2 open position(s)","timestamp":"2026-09-16T04:43:35.284Z"}
{"level":"debug","message":"[RISK-LOOP] checking 2 open position(s)","timestamp":"2026-09-16T04:45:35.101Z"}
{"level":"debug","message":"[RISK-LOOP] checking 2 open position(s)","timestamp":"2026-09-16T04:47:35.108Z"}
{"level":"debug","message":"[RISK-LOOP] checking 2 open position(s)","timestamp":"2026-09-16T04:49:35.103Z"}
{"level":"debug","message":"[RISK-LOOP] checking 2 open position(s)","timestamp":"2026-09-16T04:51:35.101Z"}
{"level":"debug","message":"[RISK-LOOP] checking 2 open position(s)","timestamp":"2026-09-16T04:53:35.130Z"}
{"level":"info","message":"[MTF-CACHE] 15m refresh complete: 37/37 symbols","timestamp":"2026-09-16T04:53:49.931Z"}
{"level":"debug","message":"[RISK-LOOP] checking 2 open position(s)","timestamp":"2026-09-16T04:55:35.104Z"}
{"level":"debug","message":"[RISK-LOOP] checking 2 open position(s)","timestamp":"2026-09-16T04:57:35.101Z"}
{"level":"debug","message":"[RISK-LOOP] checking 2 open position(s)","timestamp":"2026-09-16T04:59:35.112Z"}
{"level":"debug","message":"[RISK-LOOP] checking 2 open position(s)","timestamp":"2026-09-16T05:01:35.165Z"}
{"level":"debug","message":"[RISK-LOOP] checking 2 open position(s)","timestamp":"2026-09-16T05:03:35.286Z"}
{"level":"debug","message":"[RISK-LOOP] checking 2 open position(s)","timestamp":"2026-09-16T05:05:35.282Z"}
{"level":"debug","message":"[RISK-LOOP] checking 2 open position(s)","timestamp":"2026-09-16T05:07:35.284Z"}
{"level":"info","message":"[MTF-CACHE] 15m refresh complete: 37/37 symbols","timestamp":"2026-09-16T05:08:50.114Z"}
{"level":"debug","message":"[RISK-LOOP] checking 2 open position(s)","timestamp":"2026-09-16T05:09:35.288Z"}
{"level":"debug","message":"[RISK-LOOP] checking 2 open position(s)","timestamp":"2026-09-16T05:11:35.285Z"}
{"level":"debug","message":"[RISK-LOOP] checking 2 open position(s)","timestamp":"2026-09-16T05:13:35.378Z"}
{"level":"debug","message":"[RISK-LOOP] checking 2 open position(s)","timestamp":"2026-09-16T05:15:35.288Z"}
{"level":"debug","message":"[RISK-LOOP] checking 2 open position(s)","timestamp":"2026-09-16T05:17:35.109Z"}
{"level":"debug","message":"[RISK-LOOP] checking 2 open position(s)","timestamp":"2026-09-16T05:19:35.116Z"}
{"level":"debug","message":"[RISK-LOOP] checking 2 open position(s)","timestamp":"2026-09-16T05:21:35.115Z"}
{"level":"debug","message":"[RISK-LOOP] checking 2 open position(s)","timestamp":"2026-09-16T05:23:35.296Z"}
{"level":"info","message":"[MTF-CACHE] 15m refresh complete: 37/37 symbols","timestamp":"2026-09-16T05:23:50.601Z"}
{"level":"debug","message":"[RISK-LOOP] checking 2 open position(s)","timestamp":"2026-09-16T05:25:35.116Z"}
{"level":"debug","message":"[RISK-LOOP] checking 2 open position(s)","timestamp":"2026-09-16T05:27:35.116Z"}
{"level":"debug","message":"[RISK-LOOP] checking 2 open position(s)","timestamp":"2026-09-16T05:29:35.119Z"}
{"level":"debug","message":"[RISK-LOOP] checking 2 open position(s)","timestamp":"2026-09-16T05:31:35.124Z"}
{"level":"debug","message":"[RISK-LOOP] checking 2 open position(s)","timestamp":"2026-09-16T05:33:35.305Z"}
{"level":"debug","message":"[RISK-LOOP] checking 2 open position(s)","timestamp":"2026-09-16T05:35:35.130Z"}
{"level":"debug","message":"[RISK-LOOP] checking 2 open position(s)","timestamp":"2026-09-16T05:37:35.130Z"}
{"level":"info","message":"[MTF-CACHE] 15m refresh complete: 37/37 symbols","timestamp":"2026-09-16T05:38:49.951Z"}
{"level":"debug","message":"[RISK-LOOP] checking 2 open position(s)","timestamp":"2026-09-16T05:39:35.134Z"}
{"level":"debug","message":"[RISK-LOOP] checking 2 open position(s)","timestamp":"2026-09-16T05:41:35.135Z"}
{"level":"debug","message":"[RISK-LOOP] checking 2 open position(s)","timestamp":"2026-09-16T05:43:35.313Z"}
{"level":"debug","message":"[RISK-LOOP] checking 2 open position(s)","timestamp":"2026-09-16T05:45:35.136Z"}
{"level":"debug","message":"[RISK-LOOP] checking 2 open position(s)","timestamp":"2026-09-16T05:47:35.138Z"}
{"level":"debug","message":"[RISK-LOOP] checking 2 open position(s)","timestamp":"2026-09-16T05:49:35.142Z"}
{"level":"debug","message":"[RISK-LOOP] checking 2 open position(s)","timestamp":"2026-09-16T05:51:35.143Z"}
{"level":"debug","message":"[RISK-LOOP] checking 2 open position(s)","timestamp":"2026-09-16T05:53:35.326Z"}
{"level":"info","message":"[MTF-CACHE] 15m refresh complete: 37/37 symbols","timestamp":"2026-09-16T05:53:50.872Z"}
{"level":"debug","message":"[RISK-LOOP] checking 2 open position(s)","timestamp":"2026-09-16T05:55:35.145Z"}
{"level":"debug","message":"[RISK-LOOP] checking 2 open position(s)","timestamp":"2026-09-16T05:57:35.157Z"}
{"level":"debug","message":"[RISK-LOOP] checking 2 open position(s)","timestamp":"2026-09-16T05:59:35.154Z"}
{"level":"debug","message":"[RISK-LOOP] checking 2 open position(s)","timestamp":"2026-09-16T06:01:35.159Z"}
{"level":"debug","message":"[RISK-LOOP] checking 2 open position(s)","timestamp":"2026-09-16T06:03:35.338Z"}
{"level":"debug","message":"[RISK-LOOP] checking 2 open position(s)","timestamp":"2026-09-16T06:05:35.164Z"}
{"level":"debug","message":"[RISK-LOOP] checking 2 open position(s)","timestamp":"2026-09-16T06:07:35.165Z"}
{"level":"info","message":"[MTF-CACHE] 15m refresh complete: 37/37 symbols","timestamp":"2026-09-16T06:08:50.047Z"}
{"level":"debug","message":"[RISK-LOOP] checking 2 open position(s)","timestamp":"2026-09-16T06:09:35.168Z"}
{"level":"debug","message":"[RISK-LOOP] checking 2 open position(s)","timestamp":"2026-09-16T06:11:35.168Z"}
{"level":"debug","message":"[RISK-LOOP] checking 2 open position(s)","timestamp":"2026-09-16T06:13:35.351Z"}
{"level":"debug","message":"[RISK-LOOP] checking 2 open position(s)","timestamp":"2026-09-16T06:15:35.174Z"}
{"level":"debug","message":"[RISK-LOOP] checking 2 open position(s)","timestamp":"2026-09-16T06:17:35.179Z"}
{"level":"debug","message":"[RISK-LOOP] checking 2 open position(s)","timestamp":"2026-09-16T06:19:35.181Z"}
{"level":"debug","message":"[RISK-LOOP] checking 2 open position(s)","timestamp":"2026-09-16T06:21:35.182Z"}
{"level":"debug","message":"[RISK-LOOP] checking 2 open position(s)","timestamp":"2026-09-16T06:23:35.365Z"}
{"level":"info","message":"[MTF-CACHE] 15m refresh complete: 37/37 symbols","timestamp":"2026-09-16T06:23:55.157Z"}
{"level":"debug","message":"[RISK-LOOP] checking 2 open position(s)","timestamp":"2026-09-16T06:25:35.188Z"}
{"level":"debug","message":"[RISK-LOOP] checking 2 open position(s)","timestamp":"2026-09-16T06:27:35.188Z"}
{"level":"debug","message":"[RISK-LOOP] checking 2 open position(s)","timestamp":"2026-09-16T06:29:35.191Z"}
{"level":"debug","message":"[RISK-LOOP] checking 2 open position(s)","timestamp":"2026-09-16T06:31:35.194Z"}
{"level":"debug","message":"[RISK-LOOP] checking 2 open position(s)","timestamp":"2026-09-16T06:33:35.374Z"}
{"level":"debug","message":"[RISK-LOOP] checking 2 open position(s)","timestamp":"2026-09-16T06:35:35.198Z"}
{"level":"debug","message":"[RISK-LOOP] checking 2 open position(s)","timestamp":"2026-09-16T06:37:35.202Z"}
{"level":"info","message":"[MTF-CACHE] 15m refresh complete: 37/37 symbols","timestamp":"2026-09-16T06:38:50.002Z"}
{"level":"debug","message":"[RISK-LOOP] checking 2 open position(s)","timestamp":"2026-09-16T06:39:35.201Z"}
{"level":"debug","message":"[RISK-LOOP] checking 2 open position(s)","timestamp":"2026-09-16T06:41:35.212Z"}
{"level":"debug","message":"[RISK-LOOP] checking 2 open position(s)","timestamp":"2026-09-16T06:43:35.382Z"}
{"level":"debug","message":"[RISK-LOOP] checking 2 open position(s)","timestamp":"2026-09-16T06:45:35.209Z"}
{"level":"debug","message":"[RISK-LOOP] checking 2 open position(s)","timestamp":"2026-09-16T06:47:35.209Z"}
{"level":"debug","message":"[RISK-LOOP] checking 2 open position(s)","timestamp":"2026-09-16T06:49:35.210Z"}
{"level":"debug","message":"[RISK-LOOP] checking 2 open position(s)","timestamp":"2026-09-16T06:51:35.215Z"}
{"level":"debug","message":"[RISK-LOOP] checking 2 open position(s)","timestamp":"2026-09-16T06:53:35.397Z"}
{"level":"info","message":"[MTF-CACHE] 15m refresh complete: 37/37 symbols","timestamp":"2026-09-16T06:53:50.145Z"}
{"level":"debug","message":"[RISK-LOOP] checking 2 open position(s)","timestamp":"2026-09-16T06:55:35.216Z"}
{"level":"debug","message":"[RISK-LOOP] checking 2 open position(s)","timestamp":"2026-09-16T06:57:35.217Z"}
{"level":"debug","message":"[RISK-LOOP] checking 2 open position(s)","timestamp":"2026-09-16T06:59:35.225Z"}
{"level":"debug","message":"[RISK-LOOP] checking 2 open position(s)","timestamp":"2026-09-16T07:01:35.225Z"}
{"level":"debug","message":"[RISK-LOOP] checking 2 open position(s)","timestamp":"2026-09-16T07:03:35.401Z"}
{"level":"debug","message":"[RISK-LOOP] checking 2 open position(s)","timestamp":"2026-09-16T07:05:35.222Z"}
{"level":"debug","message":"[RISK-LOOP] checking 2 open position(s)","timestamp":"2026-09-16T07:07:35.226Z"}
{"level":"info","message":"[MTF-CACHE] 15m refresh complete: 37/37 symbols","timestamp":"2026-09-16T07:08:49.978Z"}
{"level":"debug","message":"[RISK-LOOP] checking 2 open position(s)","timestamp":"2026-09-16T07:09:35.224Z"}
{"level":"debug","message":"[RISK-LOOP] checking 2 open position(s)","timestamp":"2026-09-16T07:11:35.226Z"}
{"level":"debug","message":"[RISK-LOOP] checking 2 open position(s)","timestamp":"2026-09-16T07:13:35.411Z"}
{"level":"debug","message":"[RISK-LOOP] checking 2 open position(s)","timestamp":"2026-09-16T07:15:35.231Z"}
{"level":"debug","message":"[RISK-LOOP] checking 2 open position(s)","timestamp":"2026-09-16T07:17:35.235Z"}
{"level":"debug","message":"[RISK-LOOP] checking 2 open position(s)","timestamp":"2026-09-16T07:19:35.233Z"}
{"level":"debug","message":"[RISK-LOOP] checking 2 open position(s)","timestamp":"2026-09-16T07:21:35.232Z"}
{"level":"debug","message":"[RISK-LOOP] checking 2 open position(s)","timestamp":"2026-09-16T07:23:35.413Z"}
{"level":"info","message":"[MTF-CACHE] 15m refresh complete: 37/37 symbols","timestamp":"2026-09-16T07:23:49.970Z"}
{"level":"info","message":"[MTF-CACHE] 4h refresh complete: 37/37 symbols","timestamp":"2026-09-16T07:23:51.763Z"}
{"level":"debug","message":"[RISK-LOOP] checking 2 open position(s)","timestamp":"2026-09-16T07:25:35.233Z"}
{"level":"debug","message":"[RISK-LOOP] checking 2 open position(s)","timestamp":"2026-09-16T07:27:35.235Z"}
{"level":"debug","message":"[RISK-LOOP] checking 2 open position(s)","timestamp":"2026-09-16T07:29:35.241Z"}
{"level":"debug","message":"[RISK-LOOP] checking 2 open position(s)","timestamp":"2026-09-16T07:31:35.239Z"}
{"level":"debug","message":"[RISK-LOOP] checking 2 open position(s)","timestamp":"2026-09-16T07:33:35.417Z"}
{"level":"debug","message":"[RISK-LOOP] checking 2 open position(s)","timestamp":"2026-09-16T07:35:35.238Z"}
{"level":"debug","message":"[RISK-LOOP] checking 2 open position(s)","timestamp":"2026-09-16T07:37:35.241Z"}
{"level":"info","message":"[MTF-CACHE] 15m refresh complete: 37/37 symbols","timestamp":"2026-09-16T07:38:49.954Z"}
{"level":"debug","message":"[RISK-LOOP] checking 2 open position(s)","timestamp":"2026-09-16T07:39:35.242Z"}
{"level":"debug","message":"[RISK-LOOP] checking 2 open position(s)","timestamp":"2026-09-16T07:41:35.278Z"}
{"level":"debug","message":"[RISK-LOOP] checking 2 open position(s)","timestamp":"2026-09-16T07:43:35.258Z"}
{"level":"debug","message":"[RISK-LOOP] checking 2 open position(s)","timestamp":"2026-09-16T07:45:35.285Z"}
{"level":"debug","message":"[RISK-LOOP] checking 2 open position(s)","timestamp":"2026-09-16T07:47:35.263Z"}
{"level":"debug","message":"[RISK-LOOP] checking 2 open position(s)","timestamp":"2026-09-16T07:49:35.259Z"}
{"level":"debug","message":"[RISK-LOOP] checking 2 open position(s)","timestamp":"2026-09-16T07:51:35.296Z"}
{"level":"debug","message":"[RISK-LOOP] checking 2 open position(s)","timestamp":"2026-09-16T07:53:35.426Z"}
{"level":"info","message":"[MTF-CACHE] 15m refresh complete: 37/37 symbols","timestamp":"2026-09-16T07:53:50.256Z"}
{"level":"debug","message":"[RISK-LOOP] checking 2 open position(s)","timestamp":"2026-09-16T07:55:35.403Z"}
{"level":"debug","message":"[RISK-LOOP] checking 2 open position(s)","timestamp":"2026-09-16T07:57:35.426Z"}
{"level":"debug","message":"[RISK-LOOP] checking 2 open position(s)","timestamp":"2026-09-16T07:59:35.428Z"}
{"level":"debug","message":"[RISK-LOOP] checking 2 open position(s)","timestamp":"2026-09-16T08:01:35.426Z"}
{"level":"debug","message":"[RISK-LOOP] checking 2 open position(s)","timestamp":"2026-09-16T08:03:35.624Z"}
{"level":"debug","message":"[RISK-LOOP] checking 2 open position(s)","timestamp":"2026-09-16T08:05:35.253Z"}
{"level":"debug","message":"[RISK-LOOP] checking 2 open position(s)","timestamp":"2026-09-16T08:07:35.257Z"}
{"level":"info","message":"[MTF-CACHE] 15m refresh complete: 37/37 symbols","timestamp":"2026-09-16T08:08:50.663Z"}
{"level":"debug","message":"[RISK-LOOP] checking 2 open position(s)","timestamp":"2026-09-16T08:09:35.299Z"}
{"level":"debug","message":"[RISK-LOOP] checking 2 open position(s)","timestamp":"2026-09-16T08:11:35.268Z"}
{"level":"debug","message":"[RISK-LOOP] checking 2 open position(s)","timestamp":"2026-09-16T08:13:35.445Z"}
{"level":"debug","message":"[RISK-LOOP] checking 2 open position(s)","timestamp":"2026-09-16T08:15:35.268Z"}
{"level":"debug","message":"[RISK-LOOP] checking 2 open position(s)","timestamp":"2026-09-16T08:17:35.269Z"}
{"level":"debug","message":"[RISK-LOOP] checking 2 open position(s)","timestamp":"2026-09-16T08:19:35.275Z"}
{"level":"debug","message":"[RISK-LOOP] checking 2 open position(s)","timestamp":"2026-09-16T08:21:35.273Z"}
{"level":"debug","message":"[RISK-LOOP] checking 2 open position(s)","timestamp":"2026-09-16T08:23:35.451Z"}
{"level":"info","message":"[MTF-CACHE] 15m refresh complete: 37/37 symbols","timestamp":"2026-09-16T08:23:50.304Z"}
{"level":"debug","message":"[RISK-LOOP] checking 2 open position(s)","timestamp":"2026-09-16T08:25:35.274Z"}
{"level":"debug","message":"[RISK-LOOP] checking 2 open position(s)","timestamp":"2026-09-16T08:27:35.277Z"}
{"level":"debug","message":"[RISK-LOOP] checking 2 open position(s)","timestamp":"2026-09-16T08:29:35.281Z"}
{"level":"debug","message":"[RISK-LOOP] checking 2 open position(s)","timestamp":"2026-09-16T08:31:35.288Z"}
{"level":"debug","message":"[RISK-LOOP] checking 2 open position(s)","timestamp":"2026-09-16T08:33:35.465Z"}
{"level":"debug","message":"[RISK-LOOP] checking 2 open position(s)","timestamp":"2026-09-16T08:35:35.285Z"}
{"level":"debug","message":"[RISK-LOOP] checking 2 open position(s)","timestamp":"2026-09-16T08:37:35.287Z"}
{"level":"info","message":"[MTF-CACHE] 15m refresh complete: 37/37 symbols","timestamp":"2026-09-16T08:38:50.041Z"}
{"level":"debug","message":"[RISK-LOOP] checking 2 open position(s)","timestamp":"2026-09-16T08:39:35.289Z"}
{"level":"debug","message":"[RISK-LOOP] checking 2 open position(s)","timestamp":"2026-09-16T08:41:35.291Z"}
{"level":"debug","message":"[RISK-LOOP] checking 2 open position(s)","timestamp":"2026-09-16T08:43:35.491Z"}
{"level":"debug","message":"[RISK-LOOP] checking 2 open position(s)","timestamp":"2026-09-16T08:45:35.307Z"}
{"level":"debug","message":"[RISK-LOOP] checking 2 open position(s)","timestamp":"2026-09-16T08:47:35.317Z"}
{"level":"debug","message":"[RISK-LOOP] checking 2 open position(s)","timestamp":"2026-09-16T08:49:35.330Z"}
{"level":"debug","message":"[RISK-LOOP] checking 2 open position(s)","timestamp":"2026-09-16T08:51:35.326Z"}
{"level":"debug","message":"[RISK-LOOP] checking 2 open position(s)","timestamp":"2026-09-16T08:53:35.484Z"}
{"level":"info","message":"[MTF-CACHE] 15m refresh complete: 37/37 symbols","timestamp":"2026-09-16T08:53:50.298Z"}
{"level":"debug","message":"[RISK-LOOP] checking 2 open position(s)","timestamp":"2026-09-16T08:55:35.309Z"}
{"level":"debug","message":"[RISK-LOOP] checking 2 open position(s)","timestamp":"2026-09-16T08:57:35.312Z"}
{"level":"debug","message":"[RISK-LOOP] checking 2 open position(s)","timestamp":"2026-09-16T08:59:35.323Z"}
{"level":"debug","message":"[RISK-LOOP] checking 2 open position(s)","timestamp":"2026-09-16T09:01:35.320Z"}
{"level":"debug","message":"[RISK-LOOP] checking 2 open position(s)","timestamp":"2026-09-16T09:03:35.503Z"}
{"level":"debug","message":"[RISK-LOOP] checking 2 open position(s)","timestamp":"2026-09-16T09:05:35.328Z"}
{"level":"debug","message":"[RISK-LOOP] checking 2 open position(s)","timestamp":"2026-09-16T09:07:35.340Z"}
{"level":"info","message":"[MTF-CACHE] 15m refresh complete: 37/37 symbols","timestamp":"2026-09-16T09:08:50.132Z"}
{"level":"debug","message":"[RISK-LOOP] checking 2 open position(s)","timestamp":"2026-09-16T09:09:35.330Z"}
{"level":"debug","message":"[RISK-LOOP] checking 2 open position(s)","timestamp":"2026-09-16T09:11:35.341Z"}
{"level":"debug","message":"[RISK-LOOP] checking 2 open position(s)","timestamp":"2026-09-16T09:13:35.513Z"}
{"level":"debug","message":"[RISK-LOOP] checking 2 open position(s)","timestamp":"2026-09-16T09:15:35.337Z"}
{"level":"debug","message":"[RISK-LOOP] checking 2 open position(s)","timestamp":"2026-09-16T09:17:35.342Z"}
{"level":"debug","message":"[RISK-LOOP] checking 2 open position(s)","timestamp":"2026-09-16T09:19:35.343Z"}
{"level":"debug","message":"[RISK-LOOP] checking 2 open position(s)","timestamp":"2026-09-16T09:21:35.345Z"}
{"level":"debug","message":"[RISK-LOOP] checking 2 open position(s)","timestamp":"2026-09-16T09:23:35.524Z"}
{"level":"info","message":"[MTF-CACHE] 15m refresh complete: 37/37 symbols","timestamp":"2026-09-16T09:23:50.161Z"}
{"level":"debug","message":"[RISK-LOOP] checking 2 open position(s)","timestamp":"2026-09-16T09:25:35.348Z"}
{"level":"debug","message":"[RISK-LOOP] checking 2 open position(s)","timestamp":"2026-09-16T09:27:35.348Z"}
{"level":"debug","message":"[RISK-LOOP] checking 2 open position(s)","timestamp":"2026-09-16T09:29:35.351Z"}
{"level":"debug","message":"[RISK-LOOP] checking 2 open position(s)","timestamp":"2026-09-16T09:31:35.355Z"}
{"level":"debug","message":"[RISK-LOOP] checking 2 open position(s)","timestamp":"2026-09-16T09:33:35.532Z"}
{"level":"debug","message":"[RISK-LOOP] checking 2 open position(s)","timestamp":"2026-09-16T09:35:35.352Z"}
{"level":"debug","message":"[RISK-LOOP] checking 2 open position(s)","timestamp":"2026-09-16T09:37:35.357Z"}
{"level":"info","message":"[MTF-CACHE] 15m refresh complete: 37/37 symbols","timestamp":"2026-09-16T09:38:50.070Z"}
{"level":"debug","message":"[RISK-LOOP] checking 2 open position(s)","timestamp":"2026-09-16T09:39:35.361Z"}
{"level":"debug","message":"[RISK-LOOP] checking 2 open position(s)","timestamp":"2026-09-16T09:41:35.363Z"}
{"level":"debug","message":"[RISK-LOOP] checking 2 open position(s)","timestamp":"2026-09-16T09:43:35.546Z"}
{"level":"debug","message":"[RISK-LOOP] checking 2 open position(s)","timestamp":"2026-09-16T09:45:35.363Z"}
{"level":"debug","message":"[RISK-LOOP] checking 2 open position(s)","timestamp":"2026-09-16T09:47:35.365Z"}
{"level":"debug","message":"[RISK-LOOP] checking 2 open position(s)","timestamp":"2026-09-16T09:49:35.367Z"}
{"level":"debug","message":"[RISK-LOOP] checking 2 open position(s)","timestamp":"2026-09-16T09:51:35.367Z"}
{"level":"debug","message":"[RISK-LOOP] checking 2 open position(s)","timestamp":"2026-09-16T09:53:35.547Z"}
{"level":"info","message":"[MTF-CACHE] 15m refresh complete: 37/37 symbols","timestamp":"2026-09-16T09:53:51.081Z"}
{"level":"debug","message":"[RISK-LOOP] checking 2 open position(s)","timestamp":"2026-09-16T09:55:35.368Z"}
{"level":"debug","message":"[RISK-LOOP] checking 2 open position(s)","timestamp":"2026-09-16T09:57:35.368Z"}
{"level":"debug","message":"[RISK-LOOP] checking 2 open position(s)","timestamp":"2026-09-16T09:59:35.372Z"}
{"level":"debug","message":"[RISK-LOOP] checking 2 open position(s)","timestamp":"2026-09-16T10:01:35.373Z"}
{"level":"debug","message":"[RISK-LOOP] checking 2 open position(s)","timestamp":"2026-09-16T10:03:35.552Z"}
{"level":"debug","message":"[RISK-LOOP] checking 2 open position(s)","timestamp":"2026-09-16T10:05:35.372Z"}
{"level":"debug","message":"[RISK-LOOP] checking 2 open position(s)","timestamp":"2026-09-16T10:07:35.372Z"}
{"level":"info","message":"[MTF-CACHE] 15m refresh complete: 37/37 symbols","timestamp":"2026-09-16T10:08:50.038Z"}
{"level":"debug","message":"[RISK-LOOP] checking 2 open position(s)","timestamp":"2026-09-16T10:09:35.373Z"}
{"level":"debug","message":"[RISK-LOOP] checking 2 open position(s)","timestamp":"2026-09-16T10:11:35.375Z"}
{"level":"debug","message":"[RISK-LOOP] checking 2 open position(s)","timestamp":"2026-09-16T10:13:35.553Z"}
{"level":"debug","message":"[RISK-LOOP] checking 2 open position(s)","timestamp":"2026-09-16T10:15:35.374Z"}
{"level":"debug","message":"[RISK-LOOP] checking 2 open position(s)","timestamp":"2026-09-16T10:17:35.376Z"}
{"level":"debug","message":"[RISK-LOOP] checking 2 open position(s)","timestamp":"2026-09-16T10:19:35.384Z"}
{"level":"debug","message":"[RISK-LOOP] checking 2 open position(s)","timestamp":"2026-09-16T10:21:35.376Z"}
{"level":"debug","message":"[RISK-LOOP] checking 2 open position(s)","timestamp":"2026-09-16T10:23:35.558Z"}
{"level":"info","message":"[MTF-CACHE] 15m refresh complete: 37/37 symbols","timestamp":"2026-09-16T10:23:50.028Z"}
{"level":"debug","message":"[RISK-LOOP] checking 2 open position(s)","timestamp":"2026-09-16T10:25:35.381Z"}
{"level":"debug","message":"[RISK-LOOP] checking 2 open position(s)","timestamp":"2026-09-16T10:27:35.384Z"}
{"level":"debug","message":"[RISK-LOOP] checking 2 open position(s)","timestamp":"2026-09-16T10:29:35.379Z"}
{"level":"debug","message":"[RISK-LOOP] checking 2 open position(s)","timestamp":"2026-09-16T10:31:35.376Z"}
{"level":"debug","message":"[RISK-LOOP] checking 2 open position(s)","timestamp":"2026-09-16T10:33:35.419Z"}
{"level":"debug","message":"[RISK-LOOP] checking 2 open position(s)","timestamp":"2026-09-16T10:35:35.377Z"}
{"level":"debug","message":"[RISK-LOOP] checking 2 open position(s)","timestamp":"2026-09-16T10:37:35.378Z"}
{"level":"info","message":"[MTF-CACHE] 15m refresh complete: 37/37 symbols","timestamp":"2026-09-16T10:38:50.140Z"}
{"level":"debug","message":"[RISK-LOOP] checking 2 open position(s)","timestamp":"2026-09-16T10:39:35.381Z"}
{"level":"debug","message":"[RISK-LOOP] checking 2 open position(s)","timestamp":"2026-09-16T10:41:35.379Z"}
{"level":"debug","message":"[RISK-LOOP] checking 2 open position(s)","timestamp":"2026-09-16T10:43:35.451Z"}
{"level":"debug","message":"[RISK-LOOP] checking 2 open position(s)","timestamp":"2026-09-16T10:45:35.381Z"}
{"level":"debug","message":"[RISK-LOOP] checking 2 open position(s)","timestamp":"2026-09-16T10:47:35.385Z"}
{"level":"debug","message":"[RISK-LOOP] checking 2 open position(s)","timestamp":"2026-09-16T10:49:35.434Z"}
{"level":"debug","message":"[RISK-LOOP] checking 2 open position(s)","timestamp":"2026-09-16T10:51:35.496Z"}
{"level":"debug","message":"[RISK-LOOP] checking 2 open position(s)","timestamp":"2026-09-16T10:53:35.560Z"}
{"level":"info","message":"[MTF-CACHE] 15m refresh complete: 37/37 symbols","timestamp":"2026-09-16T10:53:50.679Z"}
{"level":"debug","message":"[RISK-LOOP] checking 2 open position(s)","timestamp":"2026-09-16T10:55:35.559Z"}
{"level":"debug","message":"[RISK-LOOP] checking 2 open position(s)","timestamp":"2026-09-16T10:57:35.562Z"}
{"level":"debug","message":"[RISK-LOOP] checking 2 open position(s)","timestamp":"2026-09-16T10:59:35.564Z"}
{"level":"debug","message":"[RISK-LOOP] checking 2 open position(s)","timestamp":"2026-09-16T11:01:35.562Z"}
{"level":"debug","message":"[RISK-LOOP] checking 2 open position(s)","timestamp":"2026-09-16T11:03:35.730Z"}
{"level":"debug","message":"[RISK-LOOP] checking 2 open position(s)","timestamp":"2026-09-16T11:05:35.385Z"}
{"level":"debug","message":"[RISK-LOOP] checking 2 open position(s)","timestamp":"2026-09-16T11:07:35.385Z"}
{"level":"info","message":"[MTF-CACHE] 15m refresh complete: 37/37 symbols","timestamp":"2026-09-16T11:08:50.124Z"}
{"level":"debug","message":"[RISK-LOOP] checking 2 open position(s)","timestamp":"2026-09-16T11:09:35.379Z"}
{"level":"debug","message":"[RISK-LOOP] checking 2 open position(s)","timestamp":"2026-09-16T11:11:35.387Z"}
{"level":"debug","message":"[RISK-LOOP] checking 2 open position(s)","timestamp":"2026-09-16T11:13:35.567Z"}
{"level":"debug","message":"[RISK-LOOP] checking 2 open position(s)","timestamp":"2026-09-16T11:15:35.390Z"}
{"level":"debug","message":"[RISK-LOOP] checking 2 open position(s)","timestamp":"2026-09-16T11:17:35.396Z"}
{"level":"debug","message":"[RISK-LOOP] checking 2 open position(s)","timestamp":"2026-09-16T11:19:35.397Z"}
{"level":"debug","message":"[RISK-LOOP] checking 2 open position(s)","timestamp":"2026-09-16T11:21:35.397Z"}
{"level":"debug","message":"[RISK-LOOP] checking 2 open position(s)","timestamp":"2026-09-16T11:23:35.577Z"}
{"level":"info","message":"[MTF-CACHE] 15m refresh complete: 37/37 symbols","timestamp":"2026-09-16T11:23:49.997Z"}
{"level":"info","message":"[MTF-CACHE] 4h refresh complete: 37/37 symbols","timestamp":"2026-09-16T11:23:51.428Z"}
{"level":"debug","message":"[RISK-LOOP] checking 2 open position(s)","timestamp":"2026-09-16T11:25:35.401Z"}
{"level":"debug","message":"[RISK-LOOP] checking 2 open position(s)","timestamp":"2026-09-16T11:27:35.401Z"}
{"level":"debug","message":"[RISK-LOOP] checking 2 open position(s)","timestamp":"2026-09-16T11:29:35.404Z"}
{"level":"debug","message":"[RISK-LOOP] checking 2 open position(s)","timestamp":"2026-09-16T11:31:35.410Z"}
{"level":"debug","message":"[RISK-LOOP] checking 2 open position(s)","timestamp":"2026-09-16T11:33:35.591Z"}
{"level":"debug","message":"[RISK-LOOP] checking 2 open position(s)","timestamp":"2026-09-16T11:35:35.418Z"}
{"level":"debug","message":"[RISK-LOOP] checking 2 open position(s)","timestamp":"2026-09-16T11:37:35.418Z"}
{"level":"info","message":"[MTF-CACHE] 15m refresh complete: 37/37 symbols","timestamp":"2026-09-16T11:38:50.650Z"}
{"level":"debug","message":"[RISK-LOOP] checking 2 open position(s)","timestamp":"2026-09-16T11:39:35.424Z"}
{"level":"debug","message":"[RISK-LOOP] checking 2 open position(s)","timestamp":"2026-09-16T11:41:35.421Z"}
{"level":"debug","message":"[RISK-LOOP] checking 2 open position(s)","timestamp":"2026-09-16T11:43:35.605Z"}
{"level":"debug","message":"[RISK-LOOP] checking 2 open position(s)","timestamp":"2026-09-16T11:45:35.427Z"}
{"level":"debug","message":"[RISK-LOOP] checking 2 open position(s)","timestamp":"2026-09-16T11:47:35.430Z"}
{"level":"debug","message":"[RISK-LOOP] checking 2 open position(s)","timestamp":"2026-09-16T11:49:35.437Z"}
{"level":"debug","message":"[RISK-LOOP] checking 2 open position(s)","timestamp":"2026-09-16T11:51:35.436Z"}
{"level":"debug","message":"[RISK-LOOP] checking 2 open position(s)","timestamp":"2026-09-16T11:53:35.617Z"}
{"level":"info","message":"[MTF-CACHE] 15m refresh complete: 37/37 symbols","timestamp":"2026-09-16T11:53:50.811Z"}
{"level":"debug","message":"[RISK-LOOP] checking 2 open position(s)","timestamp":"2026-09-16T11:55:35.443Z"}
{"level":"debug","message":"[RISK-LOOP] checking 2 open position(s)","timestamp":"2026-09-16T11:57:35.438Z"}
{"level":"debug","message":"[RISK-LOOP] checking 2 open position(s)","timestamp":"2026-09-16T11:59:35.448Z"}
{"level":"debug","message":"[CYCLE] Correlated pairs (r>0.85): XRP/ADA=0.86, SUI/ADA=0.88, ADA/AVAX=0.86, ADA/DOGE=0.93, ADA/PEPE=0.88, DOGE/PEPE=0.89","timestamp":"2026-09-16T12:00:03.014Z"}
{"level":"debug","message":"[CYCLE] ATR sizing: medianATRPct=4.29% (37 symbols)","timestamp":"2026-09-16T12:00:03.023Z"}
{"level":"debug","message":"[CYCLE] BTC macro: bull=true EMA200","timestamp":"2026-09-16T12:00:03.024Z"}
{"level":"debug","message":"[REGIME] BULL_TREND  candidate=BULL_TREND streak=0  (ADX 29.03)","timestamp":"2026-09-16T12:00:03.027Z"}
{"level":"debug","message":"[DRIFT] only 4 live trades (< 10) — not enough to judge (n=4, WR 50%)","timestamp":"2026-09-16T12:00:03.307Z"}
{"level":"debug","message":"[CYCLE] BTC/USDC: starting cycle, candles=1546 lastClose=76181.43000000 lastTs=2026-09-16T12:00:00.000Z","timestamp":"2026-09-16T12:00:04.410Z"}
{"level":"debug","message":"[AGG] BTC/USDC: strategy[0]=EMA → HOLD conf=0.20 \"No EMA crossover (fast 77098.4199 vs slow 77460.2147)\"","timestamp":"2026-09-16T12:00:04.416Z"}
{"level":"debug","message":"[AGG] BTC/USDC: strategy[1]=PSAR → HOLD conf=0.10 \"PSAR downtrend continues (SAR 80055.6419)\"","timestamp":"2026-09-16T12:00:04.416Z"}
{"level":"debug","message":"[AGG] BTC/USDC: strategy[2]=HeikinAshi → HOLD conf=0.15 \"HA bearish continuation\"","timestamp":"2026-09-16T12:00:04.416Z"}
{"level":"debug","message":"[AGG] BTC/USDC: votes BUY=0.00 SELL=0.00 HOLD=0.45 total_voters=3 external=0","timestamp":"2026-09-16T12:00:04.417Z"}
{"level":"debug","message":"[AGG] BTC/USDC: decision=HOLD confidence=0.15 tie=false belowMin=true (minConf=0.35750000000000004)","timestamp":"2026-09-16T12:00:04.417Z"}
{"level":"debug","message":"[CYCLE] XRP/USDC: starting cycle, candles=1546 lastClose=1.29500000 lastTs=2026-09-16T12:00:00.000Z","timestamp":"2026-09-16T12:00:04.424Z"}
{"level":"debug","message":"[AGG] XRP/USDC: strategy[0]=BollingerBands → HOLD conf=0.20 \"Price 1.2951 inside BB [1.2917–1.4554]\"","timestamp":"2026-09-16T12:00:04.453Z"}
{"level":"debug","message":"[AGG] XRP/USDC: strategy[1]=Stochastic → HOLD conf=0.20 \"Stoch K=13.5 D=23.3 — no crossover in extreme zone\"","timestamp":"2026-09-16T12:00:04.454Z"}
{"level":"debug","message":"[AGG] XRP/USDC: strategy[2]=EMA → HOLD conf=0.20 \"No EMA crossover (fast 1.3558 vs slow 1.3666)\"","timestamp":"2026-09-16T12:00:04.454Z"}
{"level":"debug","message":"[AGG] XRP/USDC: votes BUY=0.00 SELL=0.00 HOLD=0.60 total_voters=3 external=0","timestamp":"2026-09-16T12:00:04.454Z"}
{"level":"debug","message":"[AGG] XRP/USDC: decision=HOLD confidence=0.20 tie=false belowMin=true (minConf=0.35750000000000004)","timestamp":"2026-09-16T12:00:04.454Z"}
{"level":"debug","message":"[CYCLE] LINK/USDC: starting cycle, candles=1546 lastClose=10.87100000 lastTs=2026-09-16T12:00:00.000Z","timestamp":"2026-09-16T12:00:04.458Z"}
{"level":"debug","message":"[AGG] LINK/USDC: strategy[0]=BollingerBands → HOLD conf=0.20 \"Price 10.8730 inside BB [10.4398–13.1526]\"","timestamp":"2026-09-16T12:00:04.485Z"}
{"level":"debug","message":"[AGG] LINK/USDC: strategy[1]=Stochastic → BUY conf=0.69 \"Stoch K=12.9 crossed above D=11.0 in oversold zone\"","timestamp":"2026-09-16T12:00:04.485Z"}
{"level":"debug","message":"[AGG] LINK/USDC: strategy[2]=Supertrend → HOLD conf=0.10 \"Supertrend downtrend continues (ST 12.1576)\"","timestamp":"2026-09-16T12:00:04.485Z"}
{"level":"debug","message":"[AGG] LINK/USDC: votes BUY=0.69 SELL=0.00 HOLD=0.30 total_voters=3 external=0","timestamp":"2026-09-16T12:00:04.485Z"}
{"level":"debug","message":"[AGG] LINK/USDC: decision=HOLD confidence=0.23 tie=false belowMin=true (minConf=0.45499999999999996)","timestamp":"2026-09-16T12:00:04.485Z"}
{"level":"debug","message":"[CYCLE] LTC/USDC: starting cycle, candles=1546 lastClose=50.84000000 lastTs=2026-09-16T12:00:00.000Z","timestamp":"2026-09-16T12:00:04.531Z"}
{"level":"debug","message":"[AGG] LTC/USDC: strategy[0]=BollingerBands → BUY conf=0.50 \"Price 50.8400 ≤ lower BB 50.8432 (bw 9.9%)\"","timestamp":"2026-09-16T12:00:04.565Z"}
{"level":"debug","message":"[AGG] LTC/USDC: strategy[1]=EMA → HOLD conf=0.20 \"No EMA crossover (fast 52.6198 vs slow 52.5193)\"","timestamp":"2026-09-16T12:00:04.565Z"}
{"level":"debug","message":"[AGG] LTC/USDC: strategy[2]=WilliamsR → HOLD conf=0.57 \"%R -93.1 oversold — still falling, wait\"","timestamp":"2026-09-16T12:00:04.565Z"}
{"level":"debug","message":"[AGG] LTC/USDC: votes BUY=0.50 SELL=0.00 HOLD=0.77 total_voters=3 external=0","timestamp":"2026-09-16T12:00:04.566Z"}
{"level":"debug","message":"[AGG] LTC/USDC: decision=HOLD confidence=0.26 tie=false belowMin=true (minConf=0.35750000000000004)","timestamp":"2026-09-16T12:00:04.566Z"}
{"level":"debug","message":"[CYCLE] BNB/USDC: starting cycle, candles=1546 lastClose=713.87000000 lastTs=2026-09-16T12:00:00.000Z","timestamp":"2026-09-16T12:00:04.584Z"}
{"level":"debug","message":"[AGG] BNB/USDC: strategy[0]=WilliamsR → HOLD conf=0.20 \"%R -78.5 neutral\"","timestamp":"2026-09-16T12:00:04.591Z"}
{"level":"debug","message":"[AGG] BNB/USDC: strategy[1]=HeikinAshi → HOLD conf=0.15 \"HA bearish continuation\"","timestamp":"2026-09-16T12:00:04.591Z"}
{"level":"debug","message":"[AGG] BNB/USDC: strategy[2]=SupportResistance → SELL conf=0.58 \"Resistance 718.9950 (2×)\"","timestamp":"2026-09-16T12:00:04.591Z"}
{"level":"debug","message":"[AGG] BNB/USDC: votes BUY=0.00 SELL=0.58 HOLD=0.35 total_voters=3 external=0","timestamp":"2026-09-16T12:00:04.591Z"}
{"level":"debug","message":"[AGG] BNB/USDC: decision=HOLD confidence=0.19 tie=false belowMin=true (minConf=0.35750000000000004)","timestamp":"2026-09-16T12:00:04.592Z"}
{"level":"debug","message":"[CYCLE] NEAR/USDC: starting cycle, candles=1546 lastClose=2.48400000 lastTs=2026-09-16T12:00:00.000Z","timestamp":"2026-09-16T12:00:04.601Z"}
{"level":"debug","message":"[AGG] NEAR/USDC: strategy[0]=RSI → HOLD conf=0.20 \"RSI 60.1 neutral\"","timestamp":"2026-09-16T12:00:04.645Z"}
{"level":"debug","message":"[AGG] NEAR/USDC: strategy[1]=BollingerBands → HOLD conf=0.20 \"Price 2.4830 inside BB [2.2359–2.5503]\"","timestamp":"2026-09-16T12:00:04.645Z"}
{"level":"debug","message":"[AGG] NEAR/USDC: strategy[2]=Stochastic → HOLD conf=0.20 \"Stoch K=46.6 D=29.8 — no crossover in extreme zone\"","timestamp":"2026-09-16T12:00:04.645Z"}
{"level":"debug","message":"[AGG] NEAR/USDC: strategy[3]=SupportResistance → HOLD conf=0.10 \"No significant S/R zone nearby\"","timestamp":"2026-09-16T12:00:04.645Z"}
{"level":"debug","message":"[AGG] NEAR/USDC: votes BUY=0.00 SELL=0.00 HOLD=0.70 total_voters=4 external=0","timestamp":"2026-09-16T12:00:04.645Z"}
{"level":"debug","message":"[AGG] NEAR/USDC: decision=HOLD confidence=0.17 tie=false belowMin=true (minConf=0.45499999999999996)","timestamp":"2026-09-16T12:00:04.645Z"}
{"level":"debug","message":"[CYCLE] ACH/USDC: starting cycle, candles=1026 lastClose=0.00507000 lastTs=2026-09-16T12:00:00.000Z","timestamp":"2026-09-16T12:00:04.649Z"}
{"level":"debug","message":"[AGG] ACH/USDC: strategy[0]=RSI → HOLD conf=0.20 \"RSI 49.4 neutral\"","timestamp":"2026-09-16T12:00:04.678Z"}
{"level":"debug","message":"[AGG] ACH/USDC: strategy[1]=BollingerBands → HOLD conf=0.20 \"Price 0.0051 inside BB [0.0048–0.0054]\"","timestamp":"2026-09-16T12:00:04.678Z"}
{"level":"debug","message":"[AGG] ACH/USDC: strategy[2]=CCI → HOLD conf=0.20 \"CCI -24.9 neutral\"","timestamp":"2026-09-16T12:00:04.678Z"}
{"level":"debug","message":"[AGG] ACH/USDC: votes BUY=0.00 SELL=0.00 HOLD=0.60 total_voters=3 external=0","timestamp":"2026-09-16T12:00:04.678Z"}
{"level":"debug","message":"[AGG] ACH/USDC: decision=HOLD confidence=0.20 tie=false belowMin=true (minConf=0.45499999999999996)","timestamp":"2026-09-16T12:00:04.678Z"}
{"level":"debug","message":"[CYCLE] TRX/USDC: starting cycle, candles=1486 lastClose=0.33510000 lastTs=2026-09-16T12:00:00.000Z","timestamp":"2026-09-16T12:00:04.685Z"}
{"level":"debug","message":"[AGG] TRX/USDC: strategy[0]=CCI → HOLD conf=0.72 \"CCI -155.4 oversold — still falling, wait\"","timestamp":"2026-09-16T12:00:04.705Z"}
{"level":"debug","message":"[AGG] TRX/USDC: strategy[1]=Stochastic → BUY conf=0.55 \"Stoch K=27.8 crossed above D=25.8 in oversold zone\"","timestamp":"2026-09-16T12:00:04.705Z"}
{"level":"debug","message":"[AGG] TRX/USDC: strategy[2]=StochRSI → BUY conf=0.55 \"StochRSI K=25.1 crossed above D=14.2 in oversold ↑\"","timestamp":"2026-09-16T12:00:04.705Z"}
{"level":"debug","message":"[AGG] TRX/USDC: votes BUY=1.10 SELL=0.00 HOLD=0.72 total_voters=3 external=0","timestamp":"2026-09-16T12:00:04.705Z"}
{"level":"debug","message":"[AGG] TRX/USDC: decision=HOLD confidence=0.37 tie=false belowMin=true (minConf=0.45499999999999996)","timestamp":"2026-09-16T12:00:04.705Z"}
{"level":"debug","message":"[CYCLE] BCH/USDC: starting cycle, candles=1546 lastClose=219.10000000 lastTs=2026-09-16T12:00:00.000Z","timestamp":"2026-09-16T12:00:04.710Z"}
{"level":"debug","message":"[AGG] BCH/USDC: strategy[0]=BollingerBands → HOLD conf=0.20 \"Price 219.1000 inside BB [203.8998–268.9302]\"","timestamp":"2026-09-16T12:00:04.718Z"}
{"level":"debug","message":"[AGG] BCH/USDC: strategy[1]=OBV → HOLD conf=0.20 \"OBV below EMA-20 — no cross\"","timestamp":"2026-09-16T12:00:04.718Z"}
{"level":"debug","message":"[AGG] BCH/USDC: strategy[2]=WilliamsR → BUY conf=0.63 \"%R -85.7 oversold ↑ reversal confirmed\"","timestamp":"2026-09-16T12:00:04.719Z"}
{"level":"debug","message":"[AGG] BCH/USDC: votes BUY=0.63 SELL=0.00 HOLD=0.40 total_voters=3 external=0","timestamp":"2026-09-16T12:00:04.719Z"}
{"level":"debug","message":"[AGG] BCH/USDC: decision=HOLD confidence=0.21 tie=false belowMin=true (minConf=0.35750000000000004)","timestamp":"2026-09-16T12:00:04.719Z"}
{"level":"debug","message":"[CYCLE] CRV/USDC: starting cycle, candles=1546 lastClose=0.31210000 lastTs=2026-09-16T12:00:00.000Z","timestamp":"2026-09-16T12:00:04.725Z"}
{"level":"debug","message":"[AGG] CRV/USDC: strategy[0]=ADX → HOLD conf=0.10 \"ADX 24.0 < 25 — ranging, skip\"","timestamp":"2026-09-16T12:00:04.744Z"}
{"level":"debug","message":"[AGG] CRV/USDC: strategy[1]=StochRSI → HOLD conf=0.20 \"StochRSI K=0.0 D=5.6 — no extreme crossover\"","timestamp":"2026-09-16T12:00:04.745Z"}
{"level":"debug","message":"[AGG] CRV/USDC: strategy[2]=SupportResistance → HOLD conf=0.10 \"No significant S/R zone nearby\"","timestamp":"2026-09-16T12:00:04.745Z"}
{"level":"debug","message":"[AGG] CRV/USDC: votes BUY=0.00 SELL=0.00 HOLD=0.40 total_voters=3 external=0","timestamp":"2026-09-16T12:00:04.745Z"}
{"level":"debug","message":"[AGG] CRV/USDC: decision=HOLD confidence=0.13 tie=false belowMin=true (minConf=0.35750000000000004)","timestamp":"2026-09-16T12:00:04.745Z"}
{"level":"debug","message":"[CYCLE] ENS/USDC: starting cycle, candles=1546 lastClose=5.34000000 lastTs=2026-09-16T12:00:00.000Z","timestamp":"2026-09-16T12:00:04.756Z"}
{"level":"debug","message":"[AGG] ENS/USDC: strategy[0]=BollingerBands → HOLD conf=0.20 \"Price 5.3400 inside BB [5.2576–6.3034]\"","timestamp":"2026-09-16T12:00:04.761Z"}
{"level":"debug","message":"[AGG] ENS/USDC: strategy[1]=PSAR → HOLD conf=0.10 \"PSAR downtrend continues (SAR 6.1311)\"","timestamp":"2026-09-16T12:00:04.762Z"}
{"level":"debug","message":"[AGG] ENS/USDC: strategy[2]=SupportResistance → HOLD conf=0.10 \"No significant S/R zone nearby\"","timestamp":"2026-09-16T12:00:04.762Z"}
{"level":"debug","message":"[AGG] ENS/USDC: votes BUY=0.00 SELL=0.00 HOLD=0.40 total_voters=3 external=0","timestamp":"2026-09-16T12:00:04.762Z"}
{"level":"debug","message":"[AGG] ENS/USDC: decision=HOLD confidence=0.13 tie=false belowMin=true (minConf=0.35750000000000004)","timestamp":"2026-09-16T12:00:04.762Z"}
{"level":"warn","message":"GMX/USDC: candle series stale (newest bar 68.5d old) — skipping cycle","timestamp":"2026-09-16T12:00:04.763Z"}
{"level":"warn","message":"LSK/USDC: candle series stale (newest bar 96.5d old) — skipping cycle","timestamp":"2026-09-16T12:00:04.766Z"}
{"level":"debug","message":"[CYCLE] LDO/USDC: starting cycle, candles=1546 lastClose=0.33380000 lastTs=2026-09-16T12:00:00.000Z","timestamp":"2026-09-16T12:00:04.770Z"}
{"level":"debug","message":"[AGG] LDO/USDC: strategy[0]=MACD → HOLD conf=0.20 \"MACD -0.0073 vs signal -0.0021 hist:-0.0052\"","timestamp":"2026-09-16T12:00:04.780Z"}
{"level":"debug","message":"[AGG] LDO/USDC: strategy[1]=ADX → HOLD conf=0.10 \"ADX 23.7 < 25 — ranging, skip\"","timestamp":"2026-09-16T12:00:04.780Z"}
{"level":"debug","message":"[AGG] LDO/USDC: strategy[2]=WilliamsR → HOLD conf=0.57 \"%R -94.9 oversold — still falling, wait\"","timestamp":"2026-09-16T12:00:04.780Z"}
{"level":"debug","message":"[AGG] LDO/USDC: votes BUY=0.00 SELL=0.00 HOLD=0.87 total_voters=3 external=0","timestamp":"2026-09-16T12:00:04.780Z"}
{"level":"debug","message":"[AGG] LDO/USDC: decision=HOLD confidence=0.29 tie=false belowMin=true (minConf=0.35750000000000004)","timestamp":"2026-09-16T12:00:04.780Z"}
{"level":"debug","message":"[CYCLE] BTC/USDC: sizing positionPct=0.2077 (base=0.15 atr=0.04288689590683043 regime=on conf=0.15 macro=bull mtf=1.0)","timestamp":"2026-09-16T12:00:04.789Z"}
{"level":"info","message":"BTC/USDC: decision=HOLD confidence=15% price=76181.43000000 external_signals=0","timestamp":"2026-09-16T12:00:04.789Z"}
{"level":"info","message":"BTC/USDC: No EMA crossover (fast 77098.4199 vs slow 77460.2147) | PSAR downtrend continues (SAR 80055.6419) | HA bearish continuation","timestamp":"2026-09-16T12:00:04.789Z"}
{"level":"debug","message":"[CYCLE] MANTA/USDC: starting cycle, candles=1546 lastClose=0.05597000 lastTs=2026-09-16T12:00:00.000Z","timestamp":"2026-09-16T12:00:04.796Z"}
{"level":"debug","message":"[AGG] MANTA/USDC: strategy[0]=RSI → HOLD conf=0.20 \"RSI 34.8 neutral\"","timestamp":"2026-09-16T12:00:04.805Z"}
{"level":"debug","message":"[AGG] MANTA/USDC: strategy[1]=BollingerBands → BUY conf=0.57 \"Price 0.0560 ≤ lower BB 0.0564 (bw 11.7%)\"","timestamp":"2026-09-16T12:00:04.805Z"}
{"level":"debug","message":"[AGG] MANTA/USDC: strategy[2]=CCI → HOLD conf=0.82 \"CCI -180.6 oversold — still falling, wait\"","timestamp":"2026-09-16T12:00:04.805Z"}
{"level":"debug","message":"[AGG] MANTA/USDC: votes BUY=0.57 SELL=0.00 HOLD=1.02 total_voters=3 external=0","timestamp":"2026-09-16T12:00:04.805Z"}
{"level":"debug","message":"[AGG] MANTA/USDC: decision=HOLD confidence=0.34 tie=false belowMin=true (minConf=0.45499999999999996)","timestamp":"2026-09-16T12:00:04.805Z"}
{"level":"debug","message":"[CYCLE] PIXEL/USDC: starting cycle, candles=1546 lastClose=0.00455000 lastTs=2026-09-16T12:00:00.000Z","timestamp":"2026-09-16T12:00:04.808Z"}
{"level":"debug","message":"[AGG] PIXEL/USDC: strategy[0]=EMA → HOLD conf=0.20 \"No EMA crossover (fast 0.0048 vs slow 0.0049)\"","timestamp":"2026-09-16T12:00:04.812Z"}
{"level":"debug","message":"[AGG] PIXEL/USDC: strategy[1]=ADX → HOLD conf=0.10 \"ADX 17.0 < 20 — ranging, skip\"","timestamp":"2026-09-16T12:00:04.812Z"}
{"level":"debug","message":"[AGG] PIXEL/USDC: strategy[2]=SupportResistance → BUY conf=0.61 \"Support 0.0045 (3×)\"","timestamp":"2026-09-16T12:00:04.812Z"}
{"level":"debug","message":"[AGG] PIXEL/USDC: votes BUY=0.61 SELL=0.00 HOLD=0.30 total_voters=3 external=0","timestamp":"2026-09-16T12:00:04.812Z"}
{"level":"debug","message":"[AGG] PIXEL/USDC: decision=HOLD confidence=0.20 tie=false belowMin=true (minConf=0.35750000000000004)","timestamp":"2026-09-16T12:00:04.812Z"}
{"level":"debug","message":"[CYCLE] THETA/USDC: starting cycle, candles=1064 lastClose=0.17880000 lastTs=2026-09-16T12:00:00.000Z","timestamp":"2026-09-16T12:00:04.820Z"}
{"level":"debug","message":"[AGG] THETA/USDC: strategy[0]=RSI → HOLD conf=0.20 \"RSI 45.8 neutral\"","timestamp":"2026-09-16T12:00:04.824Z"}
{"level":"debug","message":"[AGG] THETA/USDC: strategy[1]=CCI → HOLD conf=0.20 \"CCI -70.7 neutral\"","timestamp":"2026-09-16T12:00:04.824Z"}
{"level":"debug","message":"[AGG] THETA/USDC: strategy[2]=OBV → HOLD conf=0.20 \"OBV below EMA-20 — no cross\"","timestamp":"2026-09-16T12:00:04.824Z"}
{"level":"debug","message":"[AGG] THETA/USDC: votes BUY=0.00 SELL=0.00 HOLD=0.60 total_voters=3 external=0","timestamp":"2026-09-16T12:00:04.824Z"}
{"level":"debug","message":"[AGG] THETA/USDC: decision=HOLD confidence=0.20 tie=false belowMin=true (minConf=0.35750000000000004)","timestamp":"2026-09-16T12:00:04.824Z"}
{"level":"warn","message":"VANRY/USDC: candle series stale (newest bar 30.5d old) — skipping cycle","timestamp":"2026-09-16T12:00:04.852Z"}
{"level":"debug","message":"[CYCLE] TIA/USDC: starting cycle, candles=1546 lastClose=0.33090000 lastTs=2026-09-16T12:00:00.000Z","timestamp":"2026-09-16T12:00:04.889Z"}
{"level":"debug","message":"[AGG] TIA/USDC: strategy[0]=CCI → BUY conf=0.66 \"CCI -113.8 oversold ↑ reversal confirmed\"","timestamp":"2026-09-16T12:00:04.894Z"}
{"level":"debug","message":"[AGG] TIA/USDC: strategy[1]=MACD → HOLD conf=0.20 \"MACD -0.0092 vs signal -0.0032 hist:-0.0060\"","timestamp":"2026-09-16T12:00:04.894Z"}
{"level":"debug","message":"[AGG] TIA/USDC: strategy[2]=HeikinAshi → HOLD conf=0.15 \"HA bearish continuation\"","timestamp":"2026-09-16T12:00:04.894Z"}
{"level":"debug","message":"[AGG] TIA/USDC: votes BUY=0.66 SELL=0.00 HOLD=0.35 total_voters=3 external=0","timestamp":"2026-09-16T12:00:04.894Z"}
{"level":"debug","message":"[AGG] TIA/USDC: decision=HOLD confidence=0.22 tie=false belowMin=true (minConf=0.35750000000000004)","timestamp":"2026-09-16T12:00:04.894Z"}
{"level":"debug","message":"[CYCLE] ADA/USDC: starting cycle, candles=1546 lastClose=0.19460000 lastTs=2026-09-16T12:00:00.000Z","timestamp":"2026-09-16T12:00:04.971Z"}
{"level":"debug","message":"[AGG] ADA/USDC: strategy[0]=RSI → HOLD conf=0.20 \"RSI 36.9 neutral\"","timestamp":"2026-09-16T12:00:04.985Z"}
{"level":"debug","message":"[AGG] ADA/USDC: strategy[1]=BollingerBands → HOLD conf=0.20 \"Price 0.1946 inside BB [0.1936–0.2260]\"","timestamp":"2026-09-16T12:00:04.986Z"}
{"level":"debug","message":"[AGG] ADA/USDC: strategy[2]=CCI → HOLD conf=0.77 \"CCI -168.0 oversold — still falling, wait\"","timestamp":"2026-09-16T12:00:04.986Z"}
{"level":"debug","message":"[AGG] ADA/USDC: votes BUY=0.00 SELL=0.00 HOLD=1.17 total_voters=3 external=0","timestamp":"2026-09-16T12:00:04.986Z"}
{"level":"debug","message":"[AGG] ADA/USDC: decision=HOLD confidence=0.39 tie=false belowMin=false (minConf=0.35750000000000004)","timestamp":"2026-09-16T12:00:04.986Z"}
{"level":"debug","message":"[CYCLE] INJ/USDC: starting cycle, candles=1546 lastClose=5.39900000 lastTs=2026-09-16T12:00:00.000Z","timestamp":"2026-09-16T12:00:04.989Z"}
{"level":"debug","message":"[AGG] INJ/USDC: strategy[0]=ADX → HOLD conf=0.10 \"ADX 24.8 < 25 — ranging, skip\"","timestamp":"2026-09-16T12:00:04.993Z"}
{"level":"debug","message":"[AGG] INJ/USDC: strategy[1]=OBV → HOLD conf=0.20 \"OBV below EMA-20 — no cross\"","timestamp":"2026-09-16T12:00:04.993Z"}
{"level":"debug","message":"[AGG] INJ/USDC: strategy[2]=StochRSI → HOLD conf=0.20 \"StochRSI K=0.0 D=0.0 — no extreme crossover\"","timestamp":"2026-09-16T12:00:04.993Z"}
{"level":"debug","message":"[AGG] INJ/USDC: votes BUY=0.00 SELL=0.00 HOLD=0.50 total_voters=3 external=0","timestamp":"2026-09-16T12:00:04.993Z"}
{"level":"debug","message":"[AGG] INJ/USDC: decision=HOLD confidence=0.17 tie=false belowMin=true (minConf=0.35750000000000004)","timestamp":"2026-09-16T12:00:04.993Z"}
{"level":"debug","message":"[CYCLE] AVAX/USDC: starting cycle, candles=1546 lastClose=7.31200000 lastTs=2026-09-16T12:00:00.000Z","timestamp":"2026-09-16T12:00:04.995Z"}
{"level":"debug","message":"[AGG] AVAX/USDC: strategy[0]=RSI → HOLD conf=0.20 \"RSI 43.9 neutral\"","timestamp":"2026-09-16T12:00:05.000Z"}
{"level":"debug","message":"[AGG] AVAX/USDC: strategy[1]=MACD → HOLD conf=0.20 \"MACD -0.0362 vs signal 0.0070 hist:-0.0432\"","timestamp":"2026-09-16T12:00:05.000Z"}
{"level":"debug","message":"[AGG] AVAX/USDC: strategy[2]=PSAR → HOLD conf=0.10 \"PSAR downtrend continues (SAR 7.7413)\"","timestamp":"2026-09-16T12:00:05.000Z"}
{"level":"debug","message":"[AGG] AVAX/USDC: votes BUY=0.00 SELL=0.00 HOLD=0.50 total_voters=3 external=0","timestamp":"2026-09-16T12:00:05.000Z"}
{"level":"debug","message":"[AGG] AVAX/USDC: decision=HOLD confidence=0.17 tie=false belowMin=true (minConf=0.35750000000000004)","timestamp":"2026-09-16T12:00:05.001Z"}
{"level":"debug","message":"[CYCLE] ENA/USDC: starting cycle, candles=1546 lastClose=0.14380000 lastTs=2026-09-16T12:00:00.000Z","timestamp":"2026-09-16T12:00:05.080Z"}
{"level":"debug","message":"[AGG] ENA/USDC: strategy[0]=RSI → HOLD conf=0.20 \"RSI 46.1 neutral\"","timestamp":"2026-09-16T12:00:05.091Z"}
{"level":"debug","message":"[AGG] ENA/USDC: strategy[1]=BollingerBands → HOLD conf=0.20 \"Price 0.1439 inside BB [0.1266–0.1725]\"","timestamp":"2026-09-16T12:00:05.091Z"}
{"level":"debug","message":"[AGG] ENA/USDC: strategy[2]=CCI → HOLD conf=0.20 \"CCI -53.9 neutral\"","timestamp":"2026-09-16T12:00:05.091Z"}
{"level":"debug","message":"[AGG] ENA/USDC: votes BUY=0.00 SELL=0.00 HOLD=0.60 total_voters=3 external=0","timestamp":"2026-09-16T12:00:05.091Z"}
{"level":"debug","message":"[AGG] ENA/USDC: decision=HOLD confidence=0.20 tie=false belowMin=true (minConf=0.35750000000000004)","timestamp":"2026-09-16T12:00:05.091Z"}
{"level":"debug","message":"[CYCLE] LINK/USDC: sizing positionPct=0.0694 (base=0.15 atr=0.04288689590683043 regime=on conf=0.23 macro=bull mtf=1.0)","timestamp":"2026-09-16T12:00:05.104Z"}
{"level":"info","message":"LINK/USDC: decision=HOLD confidence=23% price=10.87100000 external_signals=0","timestamp":"2026-09-16T12:00:05.104Z"}
{"level":"info","message":"LINK/USDC: Price 10.8730 inside BB [10.4398–13.1526] | Stoch K=12.9 crossed above D=11.0 in oversold zone | Supertrend downtrend continues (ST 12.1576)","timestamp":"2026-09-16T12:00:05.104Z"}
{"level":"debug","message":"[CYCLE] ETH/USDC: starting cycle, candles=1546 lastClose=2420.28000000 lastTs=2026-09-16T12:00:00.000Z","timestamp":"2026-09-16T12:00:05.106Z"}
{"level":"debug","message":"[AGG] ETH/USDC: strategy[0]=Supertrend → HOLD conf=0.10 \"Supertrend uptrend continues (ST 2337.0563)\"","timestamp":"2026-09-16T12:00:05.120Z"}
{"level":"debug","message":"[AGG] ETH/USDC: strategy[1]=MFI → HOLD conf=0.20 \"MFI 44.0 neutral\"","timestamp":"2026-09-16T12:00:05.120Z"}
{"level":"debug","message":"[AGG] ETH/USDC: strategy[2]=SupportResistance → HOLD conf=0.10 \"No significant S/R zone nearby\"","timestamp":"2026-09-16T12:00:05.120Z"}
{"level":"debug","message":"[AGG] ETH/USDC: votes BUY=0.00 SELL=0.00 HOLD=0.40 total_voters=3 external=0","timestamp":"2026-09-16T12:00:05.120Z"}
{"level":"debug","message":"[AGG] ETH/USDC: decision=HOLD confidence=0.13 tie=false belowMin=true (minConf=0.35750000000000004)","timestamp":"2026-09-16T12:00:05.120Z"}
{"level":"debug","message":"[CYCLE] ARB/USDC: starting cycle, candles=1546 lastClose=0.16420000 lastTs=2026-09-16T12:00:00.000Z","timestamp":"2026-09-16T12:00:05.137Z"}
{"level":"debug","message":"[AGG] ARB/USDC: strategy[0]=RSI → HOLD conf=0.20 \"RSI 63.6 neutral\"","timestamp":"2026-09-16T12:00:05.143Z"}
{"level":"debug","message":"[AGG] ARB/USDC: strategy[1]=WilliamsR → HOLD conf=0.67 \"%R -11.6 overbought — still rising, wait\"","timestamp":"2026-09-16T12:00:05.143Z"}
{"level":"debug","message":"[AGG] ARB/USDC: strategy[2]=HeikinAshi → HOLD conf=0.15 \"HA bullish continuation\"","timestamp":"2026-09-16T12:00:05.143Z"}
{"level":"debug","message":"[AGG] ARB/USDC: votes BUY=0.00 SELL=0.00 HOLD=1.02 total_voters=3 external=0","timestamp":"2026-09-16T12:00:05.143Z"}
{"level":"debug","message":"[AGG] ARB/USDC: decision=HOLD confidence=0.34 tie=false belowMin=true (minConf=0.35750000000000004)","timestamp":"2026-09-16T12:00:05.143Z"}
{"level":"debug","message":"[CYCLE] JUP/USDC: starting cycle, candles=1546 lastClose=0.21370000 lastTs=2026-09-16T12:00:00.000Z","timestamp":"2026-09-16T12:00:05.146Z"}
{"level":"debug","message":"[AGG] JUP/USDC: strategy[0]=BollingerBands → HOLD conf=0.20 \"Price 0.2137 inside BB [0.2110–0.2661]\"","timestamp":"2026-09-16T12:00:05.174Z"}
{"level":"debug","message":"[AGG] JUP/USDC: strategy[1]=CCI → HOLD conf=0.83 \"CCI -181.7 oversold — still falling, wait\"","timestamp":"2026-09-16T12:00:05.174Z"}
{"level":"debug","message":"[AGG] JUP/USDC: strategy[2]=OBV → HOLD conf=0.20 \"OBV above EMA-20 — no cross\"","timestamp":"2026-09-16T12:00:05.174Z"}
{"level":"debug","message":"[AGG] JUP/USDC: votes BUY=0.00 SELL=0.00 HOLD=1.23 total_voters=3 external=0","timestamp":"2026-09-16T12:00:05.174Z"}
{"level":"debug","message":"[AGG] JUP/USDC: decision=HOLD confidence=0.41 tie=false belowMin=false (minConf=0.35750000000000004)","timestamp":"2026-09-16T12:00:05.174Z"}
{"level":"warn","message":"TON/USDC: candle series stale (newest bar 78.5d old) — skipping cycle","timestamp":"2026-09-16T12:00:05.180Z"}
{"level":"debug","message":"[CYCLE] XRP/USDC: sizing positionPct=0.0530 (base=0.15 atr=0.04288689590683043 regime=on conf=0.20 macro=bull mtf=1.0)","timestamp":"2026-09-16T12:00:05.195Z"}
{"level":"info","message":"XRP/USDC: decision=HOLD confidence=20% price=1.29500000 external_signals=0","timestamp":"2026-09-16T12:00:05.195Z"}
{"level":"info","message":"XRP/USDC: Price 1.2951 inside BB [1.2917–1.4554] | Stoch K=13.5 D=23.3 — no crossover in extreme zone | No EMA crossover (fast 1.3558 vs slow 1.3666)","timestamp":"2026-09-16T12:00:05.196Z"}
{"level":"debug","message":"[CYCLE] ICP/USDC: starting cycle, candles=1546 lastClose=2.53000000 lastTs=2026-09-16T12:00:00.000Z","timestamp":"2026-09-16T12:00:05.217Z"}
{"level":"debug","message":"[AGG] ICP/USDC: strategy[0]=RSI → HOLD conf=0.20 \"RSI 41.7 neutral\"","timestamp":"2026-09-16T12:00:05.227Z"}
{"level":"debug","message":"[AGG] ICP/USDC: strategy[1]=BollingerBands → HOLD conf=0.20 \"Price 2.5300 inside BB [2.4914–3.0316]\"","timestamp":"2026-09-16T12:00:05.228Z"}
{"level":"debug","message":"[AGG] ICP/USDC: strategy[2]=Stochastic → BUY conf=0.57 \"Stoch K=18.8 crossed above D=9.1 in oversold zone\"","timestamp":"2026-09-16T12:00:05.228Z"}
{"level":"debug","message":"[AGG] ICP/USDC: votes BUY=0.57 SELL=0.00 HOLD=0.40 total_voters=3 external=0","timestamp":"2026-09-16T12:00:05.228Z"}
{"level":"debug","message":"[AGG] ICP/USDC: decision=HOLD confidence=0.19 tie=false belowMin=true (minConf=0.35750000000000004)","timestamp":"2026-09-16T12:00:05.228Z"}
{"level":"debug","message":"[CYCLE] WLD/USDC: starting cycle, candles=1546 lastClose=0.36930000 lastTs=2026-09-16T12:00:00.000Z","timestamp":"2026-09-16T12:00:05.253Z"}
{"level":"debug","message":"[AGG] WLD/USDC: strategy[0]=BollingerBands → HOLD conf=0.20 \"Price 0.3693 inside BB [0.3440–0.4742]\"","timestamp":"2026-09-16T12:00:05.271Z"}
{"level":"debug","message":"[AGG] WLD/USDC: strategy[1]=CCI → BUY conf=0.66 \"CCI -115.2 oversold ↑ reversal confirmed\"","timestamp":"2026-09-16T12:00:05.271Z"}
{"level":"debug","message":"[AGG] WLD/USDC: strategy[2]=ADX → HOLD conf=0.10 \"ADX 20.5 < 25 — ranging, skip\"","timestamp":"2026-09-16T12:00:05.271Z"}
{"level":"debug","message":"[AGG] WLD/USDC: votes BUY=0.66 SELL=0.00 HOLD=0.30 total_voters=3 external=0","timestamp":"2026-09-16T12:00:05.271Z"}
{"level":"debug","message":"[AGG] WLD/USDC: decision=HOLD confidence=0.22 tie=false belowMin=true (minConf=0.35750000000000004)","timestamp":"2026-09-16T12:00:05.271Z"}
{"level":"debug","message":"[CYCLE] PAXG/USDC: starting cycle, candles=1040 lastClose=4343.49000000 lastTs=2026-09-16T12:00:00.000Z","timestamp":"2026-09-16T12:00:05.276Z"}
{"level":"debug","message":"[AGG] PAXG/USDC: strategy[0]=MACD → HOLD conf=0.20 \"MACD -34.2359 vs signal -33.0789 hist:-1.1570\"","timestamp":"2026-09-16T12:00:05.279Z"}
{"level":"debug","message":"[AGG] PAXG/USDC: strategy[1]=ADX → SELL conf=0.61 \"ADX 29.2 downtrend (-DI 25.0 > +DI 17.0)\"","timestamp":"2026-09-16T12:00:05.279Z"}
{"level":"debug","message":"[AGG] PAXG/USDC: strategy[2]=Supertrend → HOLD conf=0.10 \"Supertrend downtrend continues (ST 4428.7050)\"","timestamp":"2026-09-16T12:00:05.279Z"}
{"level":"debug","message":"[AGG] PAXG/USDC: votes BUY=0.00 SELL=0.61 HOLD=0.30 total_voters=3 external=0","timestamp":"2026-09-16T12:00:05.279Z"}
{"level":"debug","message":"[AGG] PAXG/USDC: decision=HOLD confidence=0.20 tie=false belowMin=true (minConf=0.35750000000000004)","timestamp":"2026-09-16T12:00:05.279Z"}
{"level":"debug","message":"[CYCLE] SUI/USDC: starting cycle, candles=1546 lastClose=0.69140000 lastTs=2026-09-16T12:00:00.000Z","timestamp":"2026-09-16T12:00:05.281Z"}
{"level":"debug","message":"[AGG] SUI/USDC: strategy[0]=RSI → HOLD conf=0.20 \"RSI 35.5 neutral\"","timestamp":"2026-09-16T12:00:05.295Z"}
{"level":"debug","message":"[AGG] SUI/USDC: strategy[1]=Stochastic → BUY conf=0.70 \"Stoch K=12.5 crossed above D=10.6 in oversold zone\"","timestamp":"2026-09-16T12:00:05.296Z"}
{"level":"debug","message":"[AGG] SUI/USDC: strategy[2]=MFI → HOLD conf=0.20 \"MFI 29.6 neutral\"","timestamp":"2026-09-16T12:00:05.296Z"}
{"level":"debug","message":"[AGG] SUI/USDC: votes BUY=0.70 SELL=0.00 HOLD=0.40 total_voters=3 external=0","timestamp":"2026-09-16T12:00:05.296Z"}
{"level":"debug","message":"[AGG] SUI/USDC: decision=HOLD confidence=0.23 tie=false belowMin=true (minConf=0.45499999999999996)","timestamp":"2026-09-16T12:00:05.296Z"}
{"level":"debug","message":"[CYCLE] APT/USDC: starting cycle, candles=1546 lastClose=0.53300000 lastTs=2026-09-16T12:00:00.000Z","timestamp":"2026-09-16T12:00:05.406Z"}
{"level":"debug","message":"[AGG] APT/USDC: strategy[0]=BollingerBands → BUY conf=0.58 \"Price 0.5330 ≤ lower BB 0.5430 (bw 21.3%)\"","timestamp":"2026-09-16T12:00:05.413Z"}
{"level":"debug","message":"[AGG] APT/USDC: strategy[1]=Stochastic → HOLD conf=0.20 \"Stoch K=3.2 D=4.4 — no crossover in extreme zone\"","timestamp":"2026-09-16T12:00:05.413Z"}
{"level":"debug","message":"[AGG] APT/USDC: strategy[2]=MFI → HOLD conf=0.20 \"MFI 24.7 neutral\"","timestamp":"2026-09-16T12:00:05.413Z"}
{"level":"debug","message":"[AGG] APT/USDC: votes BUY=0.58 SELL=0.00 HOLD=0.40 total_voters=3 external=0","timestamp":"2026-09-16T12:00:05.413Z"}
{"level":"debug","message":"[AGG] APT/USDC: decision=HOLD confidence=0.19 tie=false belowMin=true (minConf=0.35750000000000004)","timestamp":"2026-09-16T12:00:05.413Z"}
{"level":"debug","message":"[CYCLE] DOGE/USDC: starting cycle, candles=1546 lastClose=0.08016000 lastTs=2026-09-16T12:00:00.000Z","timestamp":"2026-09-16T12:00:05.436Z"}
{"level":"debug","message":"[AGG] DOGE/USDC: strategy[0]=EMA → HOLD conf=0.20 \"No EMA crossover (fast 0.0832 vs slow 0.0844)\"","timestamp":"2026-09-16T12:00:05.437Z"}
{"level":"debug","message":"[AGG] DOGE/USDC: strategy[1]=PSAR → HOLD conf=0.10 \"PSAR downtrend continues (SAR 0.0882)\"","timestamp":"2026-09-16T12:00:05.437Z"}
{"level":"debug","message":"[AGG] DOGE/USDC: strategy[2]=HeikinAshi → HOLD conf=0.15 \"HA bearish continuation\"","timestamp":"2026-09-16T12:00:05.437Z"}
{"level":"debug","message":"[AGG] DOGE/USDC: votes BUY=0.00 SELL=0.00 HOLD=0.45 total_voters=3 external=0","timestamp":"2026-09-16T12:00:05.437Z"}
{"level":"debug","message":"[AGG] DOGE/USDC: decision=HOLD confidence=0.15 tie=false belowMin=true (minConf=0.35750000000000004)","timestamp":"2026-09-16T12:00:05.437Z"}
{"level":"debug","message":"[CYCLE] LTC/USDC: sizing positionPct=0.2594 (base=0.15 atr=0.04288689590683043 regime=on conf=0.26 macro=bull mtf=1.0)","timestamp":"2026-09-16T12:00:05.475Z"}
{"level":"info","message":"LTC/USDC: decision=HOLD confidence=26% price=50.84000000 external_signals=0","timestamp":"2026-09-16T12:00:05.475Z"}
{"level":"info","message":"LTC/USDC: Price 50.8400 ≤ lower BB 50.8432 (bw 9.9%) | No EMA crossover (fast 52.6198 vs slow 52.5193) | %R -93.1 oversold — still falling, wait","timestamp":"2026-09-16T12:00:05.475Z"}
{"level":"debug","message":"[CYCLE] BNB/USDC: sizing positionPct=0.1077 (base=0.15 atr=0.04288689590683043 regime=on conf=0.19 macro=bull mtf=1.0)","timestamp":"2026-09-16T12:00:05.497Z"}
{"level":"info","message":"BNB/USDC: decision=HOLD confidence=19% price=713.87000000 external_signals=0","timestamp":"2026-09-16T12:00:05.497Z"}
{"level":"info","message":"BNB/USDC: %R -78.5 neutral | HA bearish continuation | Resistance 718.9950 (2×)","timestamp":"2026-09-16T12:00:05.497Z"}
{"level":"debug","message":"[CYCLE] RENDER/USDC: starting cycle, candles=1546 lastClose=1.30800000 lastTs=2026-09-16T12:00:00.000Z","timestamp":"2026-09-16T12:00:05.548Z"}
{"level":"debug","message":"[AGG] RENDER/USDC: strategy[0]=EMA → HOLD conf=0.20 \"No EMA crossover (fast 1.3749 vs slow 1.4080)\"","timestamp":"2026-09-16T12:00:05.552Z"}
{"level":"debug","message":"[AGG] RENDER/USDC: strategy[1]=OBV → HOLD conf=0.20 \"OBV below EMA-20 — no cross\"","timestamp":"2026-09-16T12:00:05.552Z"}
{"level":"debug","message":"[AGG] RENDER/USDC: strategy[2]=WilliamsR → HOLD conf=0.56 \"%R -91.9 oversold — still falling, wait\"","timestamp":"2026-09-16T12:00:05.552Z"}
{"level":"debug","message":"[AGG] RENDER/USDC: votes BUY=0.00 SELL=0.00 HOLD=0.96 total_voters=3 external=0","timestamp":"2026-09-16T12:00:05.552Z"}
{"level":"debug","message":"[AGG] RENDER/USDC: decision=HOLD confidence=0.32 tie=false belowMin=true (minConf=0.35750000000000004)","timestamp":"2026-09-16T12:00:05.552Z"}
{"level":"debug","message":"[CYCLE] NEAR/USDC: sizing positionPct=0.0977 (base=0.15 atr=0.04288689590683043 regime=on conf=0.17 macro=bull mtf=1.0)","timestamp":"2026-09-16T12:00:05.693Z"}
{"level":"info","message":"NEAR/USDC: decision=HOLD confidence=18% price=2.48400000 external_signals=0","timestamp":"2026-09-16T12:00:05.693Z"}
{"level":"info","message":"NEAR/USDC: RSI 60.1 neutral | Price 2.4830 inside BB [2.2359–2.5503] | Stoch K=46.6 D=29.8 — no crossover in extreme zone | No significant S/R zone nearby","timestamp":"2026-09-16T12:00:05.694Z"}
{"level":"debug","message":"[CYCLE] JTO/USDC: starting cycle, candles=1546 lastClose=0.40740000 lastTs=2026-09-16T12:00:00.000Z","timestamp":"2026-09-16T12:00:05.696Z"}
{"level":"debug","message":"[AGG] JTO/USDC: strategy[0]=CCI → HOLD conf=0.60 \"CCI -123.8 oversold — still falling, wait\"","timestamp":"2026-09-16T12:00:05.701Z"}
{"level":"debug","message":"[AGG] JTO/USDC: strategy[1]=PSAR → HOLD conf=0.10 \"PSAR downtrend continues (SAR 0.4667)\"","timestamp":"2026-09-16T12:00:05.701Z"}
{"level":"debug","message":"[AGG] JTO/USDC: strategy[2]=SupportResistance → HOLD conf=0.10 \"No significant S/R zone nearby\"","timestamp":"2026-09-16T12:00:05.701Z"}
{"level":"debug","message":"[AGG] JTO/USDC: votes BUY=0.00 SELL=0.00 HOLD=0.80 total_voters=3 external=0","timestamp":"2026-09-16T12:00:05.701Z"}
{"level":"debug","message":"[AGG] JTO/USDC: decision=HOLD confidence=0.27 tie=false belowMin=true (minConf=0.35750000000000004)","timestamp":"2026-09-16T12:00:05.701Z"}
{"level":"debug","message":"[CYCLE] SOL/USDC: starting cycle, candles=1546 lastClose=97.95000000 lastTs=2026-09-16T12:00:00.000Z","timestamp":"2026-09-16T12:00:05.859Z"}
{"level":"debug","message":"[AGG] SOL/USDC: strategy[0]=BollingerBands → HOLD conf=0.20 \"Price 97.9400 inside BB [96.8132–106.3138]\"","timestamp":"2026-09-16T12:00:05.872Z"}
{"level":"debug","message":"[AGG] SOL/USDC: strategy[1]=WilliamsR → HOLD conf=0.20 \"%R -78.3 neutral\"","timestamp":"2026-09-16T12:00:05.872Z"}
{"level":"debug","message":"[AGG] SOL/USDC: strategy[2]=StochRSI → BUY conf=0.55 \"StochRSI K=22.7 crossed above D=21.2 in oversold ↑\"","timestamp":"2026-09-16T12:00:05.872Z"}
{"level":"debug","message":"[AGG] SOL/USDC: votes BUY=0.55 SELL=0.00 HOLD=0.40 total_voters=3 external=0","timestamp":"2026-09-16T12:00:05.872Z"}
{"level":"debug","message":"[AGG] SOL/USDC: decision=HOLD confidence=0.18 tie=false belowMin=true (minConf=0.35750000000000004)","timestamp":"2026-09-16T12:00:05.872Z"}
{"level":"debug","message":"[CYCLE] ACH/USDC: sizing positionPct=0.0563 (base=0.15 atr=0.04288689590683043 regime=on conf=0.20 macro=bull mtf=1.0)","timestamp":"2026-09-16T12:00:05.901Z"}
{"level":"info","message":"ACH/USDC: decision=HOLD confidence=20% price=0.00507000 external_signals=0","timestamp":"2026-09-16T12:00:05.902Z"}
{"level":"info","message":"ACH/USDC: RSI 49.4 neutral | Price 0.0051 inside BB [0.0048–0.0054] | CCI -24.9 neutral","timestamp":"2026-09-16T12:00:05.902Z"}
{"level":"debug","message":"[CYCLE] PEPE/USDC: starting cycle, candles=1546 lastClose=0.00000336 lastTs=2026-09-16T12:00:00.000Z","timestamp":"2026-09-16T12:00:05.992Z"}
{"level":"debug","message":"[AGG] PEPE/USDC: strategy[0]=EMA → HOLD conf=0.20 \"No EMA crossover (fast 0.0000 vs slow 0.0000)\"","timestamp":"2026-09-16T12:00:05.994Z"}
{"level":"debug","message":"[AGG] PEPE/USDC: strategy[1]=Supertrend → HOLD conf=0.10 \"Supertrend downtrend continues (ST 0.0000)\"","timestamp":"2026-09-16T12:00:05.994Z"}
{"level":"debug","message":"[AGG] PEPE/USDC: strategy[2]=OBV → HOLD conf=0.20 \"OBV below EMA-20 — no cross\"","timestamp":"2026-09-16T12:00:05.994Z"}
{"level":"debug","message":"[AGG] PEPE/USDC: votes BUY=0.00 SELL=0.00 HOLD=0.50 total_voters=3 external=0","timestamp":"2026-09-16T12:00:05.994Z"}
{"level":"debug","message":"[AGG] PEPE/USDC: decision=HOLD confidence=0.17 tie=false belowMin=true (minConf=0.35750000000000004)","timestamp":"2026-09-16T12:00:05.994Z"}
{"level":"debug","message":"[CYCLE] TRX/USDC: sizing positionPct=0.2477 (base=0.15 atr=0.04288689590683043 regime=on conf=0.37 macro=bull mtf=1.0)","timestamp":"2026-09-16T12:00:06.096Z"}
{"level":"info","message":"TRX/USDC: decision=HOLD confidence=37% price=0.33510000 external_signals=0","timestamp":"2026-09-16T12:00:06.097Z"}
{"level":"info","message":"TRX/USDC: CCI -155.4 oversold — still falling, wait | Stoch K=27.8 crossed above D=25.8 in oversold zone | StochRSI K=25.1 crossed above D=14.2 in oversold ↑","timestamp":"2026-09-16T12:00:06.097Z"}
{"level":"debug","message":"[CYCLE] BCH/USDC: sizing positionPct=0.1253 (base=0.15 atr=0.04288689590683043 regime=on conf=0.21 macro=bull mtf=1.0)","timestamp":"2026-09-16T12:00:06.295Z"}
{"level":"info","message":"BCH/USDC: decision=HOLD confidence=21% price=219.10000000 external_signals=0","timestamp":"2026-09-16T12:00:06.295Z"}
{"level":"info","message":"BCH/USDC: Price 219.1000 inside BB [203.8998–268.9302] | OBV below EMA-20 — no cross | %R -85.7 oversold ↑ reversal confirmed","timestamp":"2026-09-16T12:00:06.295Z"}
{"level":"debug","message":"[CYCLE] CRV/USDC: sizing positionPct=0.0778 (base=0.15 atr=0.04288689590683043 regime=on conf=0.13 macro=bull mtf=1.0)","timestamp":"2026-09-16T12:00:06.494Z"}
{"level":"info","message":"CRV/USDC: decision=HOLD confidence=13% price=0.31210000 external_signals=0","timestamp":"2026-09-16T12:00:06.494Z"}
{"level":"info","message":"CRV/USDC: ADX 24.0 < 25 — ranging, skip | StochRSI K=0.0 D=5.6 — no extreme crossover | No significant S/R zone nearby","timestamp":"2026-09-16T12:00:06.494Z"}
{"level":"debug","message":"[CYCLE] ENS/USDC: sizing positionPct=0.1135 (base=0.15 atr=0.04288689590683043 regime=on conf=0.13 macro=bull mtf=1.0)","timestamp":"2026-09-16T12:00:06.689Z"}
{"level":"info","message":"ENS/USDC: decision=HOLD confidence=13% price=5.34000000 external_signals=0","timestamp":"2026-09-16T12:00:06.689Z"}
{"level":"info","message":"ENS/USDC: Price 5.3400 inside BB [5.2576–6.3034] | PSAR downtrend continues (SAR 6.1311) | No significant S/R zone nearby","timestamp":"2026-09-16T12:00:06.690Z"}
{"level":"debug","message":"[CYCLE] LDO/USDC: sizing positionPct=0.1235 (base=0.15 atr=0.04288689590683043 regime=on conf=0.29 macro=bull mtf=1.0)","timestamp":"2026-09-16T12:00:06.890Z"}
{"level":"info","message":"LDO/USDC: decision=HOLD confidence=29% price=0.33380000 external_signals=0","timestamp":"2026-09-16T12:00:06.890Z"}
{"level":"info","message":"LDO/USDC: MACD -0.0073 vs signal -0.0021 hist:-0.0052 | ADX 23.7 < 25 — ranging, skip | %R -94.9 oversold — still falling, wait","timestamp":"2026-09-16T12:00:06.891Z"}
{"level":"info","message":"BTC/USDC: live balance=133.50 pnl=-0.95 open_positions=2 daily_pnl=0.00 blocked=false","timestamp":"2026-09-16T12:00:07.089Z"}
{"level":"debug","message":"[CYCLE] MANTA/USDC: sizing positionPct=0.1892 (base=0.15 atr=0.04288689590683043 regime=on conf=0.34 macro=bull mtf=1.0)","timestamp":"2026-09-16T12:00:07.290Z"}
{"level":"info","message":"MANTA/USDC: decision=HOLD confidence=34% price=0.05597000 external_signals=0","timestamp":"2026-09-16T12:00:07.290Z"}
{"level":"info","message":"MANTA/USDC: RSI 34.8 neutral | Price 0.0560 ≤ lower BB 0.0564 (bw 11.7%) | CCI -180.6 oversold — still falling, wait","timestamp":"2026-09-16T12:00:07.291Z"}
{"level":"debug","message":"[CYCLE] PIXEL/USDC: sizing positionPct=0.1316 (base=0.15 atr=0.04288689590683043 regime=on conf=0.20 macro=bull mtf=1.0)","timestamp":"2026-09-16T12:00:07.493Z"}
{"level":"info","message":"PIXEL/USDC: decision=HOLD confidence=20% price=0.00455000 external_signals=0","timestamp":"2026-09-16T12:00:07.493Z"}
{"level":"info","message":"PIXEL/USDC: No EMA crossover (fast 0.0048 vs slow 0.0049) | ADX 17.0 < 20 — ranging, skip | Support 0.0045 (3×)","timestamp":"2026-09-16T12:00:07.493Z"}
{"level":"debug","message":"[CYCLE] THETA/USDC: sizing positionPct=0.0944 (base=0.15 atr=0.04288689590683043 regime=on conf=0.20 macro=bull mtf=1.0)","timestamp":"2026-09-16T12:00:07.691Z"}
{"level":"info","message":"THETA/USDC: decision=HOLD confidence=20% price=0.17880000 external_signals=0","timestamp":"2026-09-16T12:00:07.692Z"}
{"level":"info","message":"THETA/USDC: RSI 45.8 neutral | CCI -70.7 neutral | OBV below EMA-20 — no cross","timestamp":"2026-09-16T12:00:07.692Z"}
{"level":"debug","message":"[CYCLE] TIA/USDC: sizing positionPct=0.1066 (base=0.15 atr=0.04288689590683043 regime=on conf=0.22 macro=bull mtf=1.0)","timestamp":"2026-09-16T12:00:07.895Z"}
{"level":"info","message":"TIA/USDC: decision=HOLD confidence=22% price=0.33090000 external_signals=0","timestamp":"2026-09-16T12:00:07.895Z"}
{"level":"info","message":"TIA/USDC: CCI -113.8 oversold ↑ reversal confirmed | MACD -0.0092 vs signal -0.0032 hist:-0.0060 | HA bearish continuation","timestamp":"2026-09-16T12:00:07.895Z"}
{"level":"debug","message":"[CYCLE] ADA/USDC: sizing positionPct=0.1406 (base=0.15 atr=0.04288689590683043 regime=on conf=0.39 macro=bull mtf=1.0)","timestamp":"2026-09-16T12:00:08.089Z"}
{"level":"info","message":"ADA/USDC: decision=HOLD confidence=39% price=0.19460000 external_signals=0","timestamp":"2026-09-16T12:00:08.089Z"}
{"level":"info","message":"ADA/USDC: RSI 36.9 neutral | Price 0.1946 inside BB [0.1936–0.2260] | CCI -168.0 oversold — still falling, wait","timestamp":"2026-09-16T12:00:08.089Z"}
{"level":"debug","message":"[CYCLE] INJ/USDC: sizing positionPct=0.0733 (base=0.15 atr=0.04288689590683043 regime=on conf=0.17 macro=bull mtf=1.0)","timestamp":"2026-09-16T12:00:08.294Z"}
{"level":"info","message":"INJ/USDC: decision=HOLD confidence=17% price=5.39900000 external_signals=0","timestamp":"2026-09-16T12:00:08.294Z"}
{"level":"info","message":"INJ/USDC: ADX 24.8 < 25 — ranging, skip | OBV below EMA-20 — no cross | StochRSI K=0.0 D=0.0 — no extreme crossover","timestamp":"2026-09-16T12:00:08.294Z"}
{"level":"debug","message":"[CYCLE] AVAX/USDC: sizing positionPct=0.0720 (base=0.15 atr=0.04288689590683043 regime=on conf=0.17 macro=bull mtf=1.0)","timestamp":"2026-09-16T12:00:08.490Z"}
{"level":"info","message":"AVAX/USDC: decision=HOLD confidence=17% price=7.31200000 external_signals=0","timestamp":"2026-09-16T12:00:08.491Z"}
{"level":"info","message":"AVAX/USDC: RSI 43.9 neutral | MACD -0.0362 vs signal 0.0070 hist:-0.0432 | PSAR downtrend continues (SAR 7.7413)","timestamp":"2026-09-16T12:00:08.491Z"}
{"level":"debug","message":"[CYCLE] ENA/USDC: sizing positionPct=0.0472 (base=0.15 atr=0.04288689590683043 regime=on conf=0.20 macro=bull mtf=1.0)","timestamp":"2026-09-16T12:00:08.695Z"}
{"level":"info","message":"ENA/USDC: decision=HOLD confidence=20% price=0.14380000 external_signals=0","timestamp":"2026-09-16T12:00:08.696Z"}
{"level":"info","message":"ENA/USDC: RSI 46.1 neutral | Price 0.1439 inside BB [0.1266–0.1725] | CCI -53.9 neutral","timestamp":"2026-09-16T12:00:08.696Z"}
{"level":"info","message":"LINK/USDC: live balance=133.50 pnl=-0.95 open_positions=2 daily_pnl=0.00 blocked=false","timestamp":"2026-09-16T12:00:08.888Z"}
{"level":"debug","message":"[CYCLE] ETH/USDC: sizing positionPct=0.1509 (base=0.15 atr=0.04288689590683043 regime=on conf=0.13 macro=bull mtf=1.0)","timestamp":"2026-09-16T12:00:09.090Z"}
{"level":"info","message":"ETH/USDC: decision=HOLD confidence=13% price=2420.28000000 external_signals=0","timestamp":"2026-09-16T12:00:09.090Z"}
{"level":"info","message":"ETH/USDC: Supertrend uptrend continues (ST 2337.0563) | MFI 44.0 neutral | No significant S/R zone nearby","timestamp":"2026-09-16T12:00:09.091Z"}
{"level":"debug","message":"[CYCLE] ARB/USDC: sizing positionPct=0.1118 (base=0.15 atr=0.04288689590683043 regime=on conf=0.34 macro=bull mtf=1.0)","timestamp":"2026-09-16T12:00:09.295Z"}
{"level":"info","message":"ARB/USDC: decision=HOLD confidence=34% price=0.16420000 external_signals=0","timestamp":"2026-09-16T12:00:09.295Z"}
{"level":"info","message":"ARB/USDC: RSI 63.6 neutral | %R -11.6 overbought — still rising, wait | HA bullish continuation","timestamp":"2026-09-16T12:00:09.295Z"}
{"level":"debug","message":"[CYCLE] JUP/USDC: sizing positionPct=0.1030 (base=0.15 atr=0.04288689590683043 regime=on conf=0.41 macro=bull mtf=1.0)","timestamp":"2026-09-16T12:00:09.490Z"}
{"level":"info","message":"JUP/USDC: decision=HOLD confidence=41% price=0.21370000 external_signals=0","timestamp":"2026-09-16T12:00:09.490Z"}
{"level":"info","message":"JUP/USDC: Price 0.2137 inside BB [0.2110–0.2661] | CCI -181.7 oversold — still falling, wait | OBV above EMA-20 — no cross","timestamp":"2026-09-16T12:00:09.490Z"}
{"level":"info","message":"XRP/USDC: live balance=133.50 pnl=-0.95 open_positions=2 daily_pnl=0.00 blocked=false","timestamp":"2026-09-16T12:00:09.693Z"}
{"level":"debug","message":"[CYCLE] ICP/USDC: sizing positionPct=0.1030 (base=0.15 atr=0.04288689590683043 regime=on conf=0.19 macro=bull mtf=1.0)","timestamp":"2026-09-16T12:00:09.893Z"}
{"level":"info","message":"ICP/USDC: decision=HOLD confidence=19% price=2.53000000 external_signals=0","timestamp":"2026-09-16T12:00:09.893Z"}
{"level":"info","message":"ICP/USDC: RSI 41.7 neutral | Price 2.5300 inside BB [2.4914–3.0316] | Stoch K=18.8 crossed above D=9.1 in oversold zone","timestamp":"2026-09-16T12:00:09.893Z"}
{"level":"debug","message":"[CYCLE] WLD/USDC: sizing positionPct=0.1047 (base=0.15 atr=0.04288689590683043 regime=on conf=0.22 macro=bull mtf=1.0)","timestamp":"2026-09-16T12:00:10.092Z"}
{"level":"info","message":"WLD/USDC: decision=HOLD confidence=22% price=0.36930000 external_signals=0","timestamp":"2026-09-16T12:00:10.092Z"}
{"level":"info","message":"WLD/USDC: Price 0.3693 inside BB [0.3440–0.4742] | CCI -115.2 oversold ↑ reversal confirmed | ADX 20.5 < 25 — ranging, skip","timestamp":"2026-09-16T12:00:10.092Z"}
{"level":"debug","message":"[CYCLE] PAXG/USDC: sizing positionPct=0.2828 (base=0.15 atr=0.04288689590683043 regime=on conf=0.20 macro=bull mtf=1.0)","timestamp":"2026-09-16T12:00:10.306Z"}
{"level":"info","message":"PAXG/USDC: decision=HOLD confidence=20% price=4343.49000000 external_signals=0","timestamp":"2026-09-16T12:00:10.306Z"}
{"level":"info","message":"PAXG/USDC: MACD -34.2359 vs signal -33.0789 hist:-1.1570 | ADX 29.2 downtrend (-DI 25.0 > +DI 17.0) | Supertrend downtrend continues (ST 4428.7050)","timestamp":"2026-09-16T12:00:10.306Z"}
{"level":"debug","message":"[CYCLE] SUI/USDC: sizing positionPct=0.1217 (base=0.15 atr=0.04288689590683043 regime=on conf=0.23 macro=bull mtf=1.0)","timestamp":"2026-09-16T12:00:10.488Z"}
{"level":"info","message":"SUI/USDC: decision=HOLD confidence=23% price=0.69140000 external_signals=0","timestamp":"2026-09-16T12:00:10.488Z"}
{"level":"info","message":"SUI/USDC: RSI 35.5 neutral | Stoch K=12.5 crossed above D=10.6 in oversold zone | MFI 29.6 neutral","timestamp":"2026-09-16T12:00:10.489Z"}
{"level":"debug","message":"[CYCLE] APT/USDC: sizing positionPct=0.0834 (base=0.15 atr=0.04288689590683043 regime=on conf=0.19 macro=bull mtf=1.0)","timestamp":"2026-09-16T12:00:10.689Z"}
{"level":"info","message":"APT/USDC: decision=HOLD confidence=19% price=0.53300000 external_signals=0","timestamp":"2026-09-16T12:00:10.689Z"}
{"level":"info","message":"APT/USDC: Price 0.5330 ≤ lower BB 0.5430 (bw 21.3%) | Stoch K=3.2 D=4.4 — no crossover in extreme zone | MFI 24.7 neutral","timestamp":"2026-09-16T12:00:10.689Z"}
{"level":"debug","message":"[CYCLE] DOGE/USDC: sizing positionPct=0.1525 (base=0.15 atr=0.04288689590683043 regime=on conf=0.15 macro=bull mtf=1.0)","timestamp":"2026-09-16T12:00:10.892Z"}
{"level":"info","message":"DOGE/USDC: decision=HOLD confidence=15% price=0.08016000 external_signals=0","timestamp":"2026-09-16T12:00:10.892Z"}
{"level":"info","message":"DOGE/USDC: No EMA crossover (fast 0.0832 vs slow 0.0844) | PSAR downtrend continues (SAR 0.0882) | HA bearish continuation","timestamp":"2026-09-16T12:00:10.892Z"}
{"level":"info","message":"LTC/USDC: live balance=133.50 pnl=-0.95 open_positions=2 daily_pnl=0.00 blocked=false","timestamp":"2026-09-16T12:00:11.248Z"}
{"level":"info","message":"BNB/USDC: live balance=133.50 pnl=-0.95 open_positions=2 daily_pnl=0.00 blocked=false","timestamp":"2026-09-16T12:00:11.404Z"}
{"level":"debug","message":"[CYCLE] RENDER/USDC: sizing positionPct=0.0750 (base=0.15 atr=0.04288689590683043 regime=on conf=0.32 macro=bull mtf=1.0)","timestamp":"2026-09-16T12:00:11.492Z"}
{"level":"info","message":"RENDER/USDC: decision=HOLD confidence=32% price=1.30800000 external_signals=0","timestamp":"2026-09-16T12:00:11.492Z"}
{"level":"info","message":"RENDER/USDC: No EMA crossover (fast 1.3749 vs slow 1.4080) | OBV below EMA-20 — no cross | %R -91.9 oversold — still falling, wait","timestamp":"2026-09-16T12:00:11.492Z"}
{"level":"info","message":"NEAR/USDC: live balance=133.50 pnl=-0.95 open_positions=2 daily_pnl=0.00 blocked=false","timestamp":"2026-09-16T12:00:11.691Z"}
{"level":"debug","message":"[CYCLE] JTO/USDC: sizing positionPct=0.0981 (base=0.15 atr=0.04288689590683043 regime=on conf=0.27 macro=bull mtf=1.0)","timestamp":"2026-09-16T12:00:11.906Z"}
{"level":"info","message":"JTO/USDC: decision=HOLD confidence=27% price=0.40740000 external_signals=0","timestamp":"2026-09-16T12:00:11.906Z"}
{"level":"info","message":"JTO/USDC: CCI -123.8 oversold — still falling, wait | PSAR downtrend continues (SAR 0.4667) | No significant S/R zone nearby","timestamp":"2026-09-16T12:00:11.906Z"}
{"level":"debug","message":"[CYCLE] SOL/USDC: sizing positionPct=0.0789 (base=0.15 atr=0.04288689590683043 regime=on conf=0.18 macro=bull mtf=1.0)","timestamp":"2026-09-16T12:00:12.142Z"}
{"level":"info","message":"SOL/USDC: decision=HOLD confidence=18% price=97.95000000 external_signals=0","timestamp":"2026-09-16T12:00:12.142Z"}
{"level":"info","message":"SOL/USDC: Price 97.9400 inside BB [96.8132–106.3138] | %R -78.3 neutral | StochRSI K=22.7 crossed above D=21.2 in oversold ↑","timestamp":"2026-09-16T12:00:12.142Z"}
{"level":"info","message":"ACH/USDC: live balance=133.50 pnl=-0.95 open_positions=2 daily_pnl=0.00 blocked=false","timestamp":"2026-09-16T12:00:12.288Z"}
{"level":"debug","message":"[CYCLE] PEPE/USDC: sizing positionPct=0.0548 (base=0.15 atr=0.04288689590683043 regime=on conf=0.17 macro=bull mtf=1.0)","timestamp":"2026-09-16T12:00:12.494Z"}
{"level":"info","message":"PEPE/USDC: decision=HOLD confidence=17% price=0.00000336 external_signals=0","timestamp":"2026-09-16T12:00:12.494Z"}
{"level":"info","message":"PEPE/USDC: No EMA crossover (fast 0.0000 vs slow 0.0000) | Supertrend downtrend continues (ST 0.0000) | OBV below EMA-20 — no cross","timestamp":"2026-09-16T12:00:12.494Z"}
{"level":"info","message":"TRX/USDC: live balance=133.50 pnl=-0.95 open_positions=2 daily_pnl=0.00 blocked=false","timestamp":"2026-09-16T12:00:12.692Z"}
{"level":"info","message":"BCH/USDC: live balance=133.50 pnl=-0.95 open_positions=2 daily_pnl=0.00 blocked=false","timestamp":"2026-09-16T12:00:12.891Z"}
{"level":"info","message":"CRV/USDC: live balance=133.50 pnl=-0.95 open_positions=2 daily_pnl=0.00 blocked=false","timestamp":"2026-09-16T12:00:13.118Z"}
{"level":"info","message":"ENS/USDC: live balance=133.50 pnl=-0.95 open_positions=2 daily_pnl=0.00 blocked=false","timestamp":"2026-09-16T12:00:13.492Z"}
{"level":"info","message":"LDO/USDC: live balance=133.50 pnl=-0.95 open_positions=2 daily_pnl=0.00 blocked=false","timestamp":"2026-09-16T12:00:13.692Z"}
{"level":"info","message":"MANTA/USDC: live balance=133.50 pnl=-0.95 open_positions=2 daily_pnl=0.00 blocked=false","timestamp":"2026-09-16T12:00:13.889Z"}
{"level":"info","message":"PIXEL/USDC: live balance=133.50 pnl=-0.95 open_positions=2 daily_pnl=0.00 blocked=false","timestamp":"2026-09-16T12:00:14.285Z"}
{"level":"info","message":"THETA/USDC: live balance=133.50 pnl=-0.95 open_positions=2 daily_pnl=0.00 blocked=false","timestamp":"2026-09-16T12:00:14.297Z"}
{"level":"info","message":"TIA/USDC: live balance=133.50 pnl=-0.95 open_positions=2 daily_pnl=0.00 blocked=false","timestamp":"2026-09-16T12:00:14.490Z"}
{"level":"info","message":"ADA/USDC: live balance=133.50 pnl=-0.95 open_positions=2 daily_pnl=0.00 blocked=false","timestamp":"2026-09-16T12:00:14.688Z"}
{"level":"info","message":"INJ/USDC: live balance=133.50 pnl=-0.95 open_positions=2 daily_pnl=0.00 blocked=false","timestamp":"2026-09-16T12:00:14.891Z"}
{"level":"info","message":"AVAX/USDC: live balance=133.50 pnl=-0.95 open_positions=2 daily_pnl=0.00 blocked=false","timestamp":"2026-09-16T12:00:15.090Z"}
{"level":"info","message":"ENA/USDC: live balance=133.50 pnl=-0.95 open_positions=2 daily_pnl=0.00 blocked=false","timestamp":"2026-09-16T12:00:15.291Z"}
{"level":"info","message":"ETH/USDC: live balance=133.50 pnl=-0.95 open_positions=2 daily_pnl=0.00 blocked=false","timestamp":"2026-09-16T12:00:15.491Z"}
{"level":"info","message":"ARB/USDC: live balance=133.50 pnl=-0.95 open_positions=2 daily_pnl=0.00 blocked=false","timestamp":"2026-09-16T12:00:15.690Z"}
{"level":"info","message":"JUP/USDC: live balance=133.50 pnl=-0.95 open_positions=2 daily_pnl=0.00 blocked=false","timestamp":"2026-09-16T12:00:15.893Z"}
{"level":"info","message":"ICP/USDC: live balance=133.50 pnl=-0.95 open_positions=2 daily_pnl=0.00 blocked=false","timestamp":"2026-09-16T12:00:16.090Z"}
{"level":"info","message":"WLD/USDC: live balance=133.50 pnl=-0.95 open_positions=2 daily_pnl=0.00 blocked=false","timestamp":"2026-09-16T12:00:16.289Z"}
{"level":"info","message":"PAXG/USDC: live balance=133.50 pnl=-0.95 open_positions=2 daily_pnl=0.00 blocked=false","timestamp":"2026-09-16T12:00:16.492Z"}
{"level":"info","message":"SUI/USDC: live balance=133.50 pnl=-0.95 open_positions=2 daily_pnl=0.00 blocked=false","timestamp":"2026-09-16T12:00:16.689Z"}
{"level":"info","message":"DOGE/USDC: live balance=133.50 pnl=-0.95 open_positions=2 daily_pnl=0.00 blocked=false","timestamp":"2026-09-16T12:00:17.097Z"}
{"level":"info","message":"APT/USDC: live balance=133.50 pnl=-0.95 open_positions=2 daily_pnl=0.00 blocked=false","timestamp":"2026-09-16T12:00:17.200Z"}
{"level":"info","message":"RENDER/USDC: live balance=133.50 pnl=-0.95 open_positions=2 daily_pnl=0.00 blocked=false","timestamp":"2026-09-16T12:00:17.294Z"}
{"level":"info","message":"JTO/USDC: live balance=133.50 pnl=-0.95 open_positions=2 daily_pnl=0.00 blocked=false","timestamp":"2026-09-16T12:00:17.689Z"}
{"level":"info","message":"SOL/USDC: live balance=133.50 pnl=-0.95 open_positions=2 daily_pnl=0.00 blocked=false","timestamp":"2026-09-16T12:00:17.892Z"}
{"level":"info","message":"PEPE/USDC: live balance=133.50 pnl=-0.95 open_positions=2 daily_pnl=0.00 blocked=false","timestamp":"2026-09-16T12:00:18.090Z"}
{"level":"info","message":"[TSM-CORE] rung 2@0.5 (HWM $243.85) · next de-risk at $320 HWM","timestamp":"2026-09-16T12:00:18.571Z"}
{"level":"info","message":"[TSM-CORE] BTC/USDC: votes 3/3 (enter ≥3, stay ≥2) · vol 44% → ×1.00 · macro risk-on","timestamp":"2026-09-16T12:00:18.836Z"}
{"level":"info","message":"[TSM-CORE] ETH/USDC: votes 3/3 (enter ≥3, stay ≥2) · vol 73% → ×0.82 · macro risk-on","timestamp":"2026-09-16T12:00:18.837Z"}
{"level":"info","message":"Next cycle aligned to candle close in 720 min (Thu, 17 Sep 2026 00:00:03 GMT)","timestamp":"2026-09-16T12:00:19.112Z"}
{"level":"debug","message":"[RISK-LOOP] checking 2 open position(s)","timestamp":"2026-09-16T12:01:35.450Z"}
{"level":"debug","message":"[RISK-LOOP] checking 2 open position(s)","timestamp":"2026-09-16T12:03:35.632Z"}
{"level":"debug","message":"[RISK-LOOP] checking 2 open position(s)","timestamp":"2026-09-16T12:05:35.454Z"}
{"level":"debug","message":"[RISK-LOOP] checking 2 open position(s)","timestamp":"2026-09-16T12:07:35.457Z"}
{"level":"info","message":"[MTF-CACHE] 15m refresh complete: 37/37 symbols","timestamp":"2026-09-16T12:08:50.057Z"}
{"level":"debug","message":"[RISK-LOOP] checking 2 open position(s)","timestamp":"2026-09-16T12:09:35.463Z"}
{"level":"debug","message":"[RISK-LOOP] checking 2 open position(s)","timestamp":"2026-09-16T12:11:35.461Z"}
{"level":"debug","message":"[RISK-LOOP] checking 2 open position(s)","timestamp":"2026-09-16T12:13:35.644Z"}
{"level":"debug","message":"[RISK-LOOP] checking 2 open position(s)","timestamp":"2026-09-16T12:15:35.467Z"}
{"level":"debug","message":"[RISK-LOOP] checking 2 open position(s)","timestamp":"2026-09-16T12:17:35.464Z"}
{"level":"debug","message":"[RISK-LOOP] checking 2 open position(s)","timestamp":"2026-09-16T12:19:35.469Z"}
{"level":"debug","message":"[RISK-LOOP] checking 2 open position(s)","timestamp":"2026-09-16T12:21:35.469Z"}
{"level":"debug","message":"[RISK-LOOP] checking 2 open position(s)","timestamp":"2026-09-16T12:23:35.646Z"}
{"level":"info","message":"[MTF-CACHE] 15m refresh complete: 37/37 symbols","timestamp":"2026-09-16T12:23:50.087Z"}
{"level":"debug","message":"[RISK-LOOP] checking 2 open position(s)","timestamp":"2026-09-16T12:25:35.471Z"}
{"level":"debug","message":"[RISK-LOOP] checking 2 open position(s)","timestamp":"2026-09-16T12:27:35.475Z"}
{"level":"debug","message":"[RISK-LOOP] checking 2 open position(s)","timestamp":"2026-09-16T12:29:35.474Z"}
{"level":"debug","message":"[RISK-LOOP] checking 2 open position(s)","timestamp":"2026-09-16T12:31:35.507Z"}
{"level":"debug","message":"[RISK-LOOP] checking 2 open position(s)","timestamp":"2026-09-16T12:33:35.666Z"}
{"level":"debug","message":"[RISK-LOOP] checking 2 open position(s)","timestamp":"2026-09-16T12:35:35.489Z"}
{"level":"debug","message":"[RISK-LOOP] checking 2 open position(s)","timestamp":"2026-09-16T12:37:35.477Z"}
{"level":"info","message":"[MTF-CACHE] 15m refresh complete: 37/37 symbols","timestamp":"2026-09-16T12:38:50.399Z"}
{"level":"debug","message":"[RISK-LOOP] checking 2 open position(s)","timestamp":"2026-09-16T12:39:35.479Z"}
{"level":"debug","message":"[RISK-LOOP] checking 2 open position(s)","timestamp":"2026-09-16T12:41:35.486Z"}
{"level":"debug","message":"[RISK-LOOP] checking 2 open position(s)","timestamp":"2026-09-16T12:43:35.662Z"}
{"level":"debug","message":"[RISK-LOOP] checking 2 open position(s)","timestamp":"2026-09-16T12:45:35.483Z"}
{"level":"debug","message":"[RISK-LOOP] checking 2 open position(s)","timestamp":"2026-09-16T12:47:35.486Z"}
{"level":"debug","message":"[RISK-LOOP] checking 2 open position(s)","timestamp":"2026-09-16T12:49:35.487Z"}
{"level":"debug","message":"[RISK-LOOP] checking 2 open position(s)","timestamp":"2026-09-16T12:51:35.491Z"}
{"level":"debug","message":"[RISK-LOOP] checking 2 open position(s)","timestamp":"2026-09-16T12:53:35.487Z"}
{"level":"info","message":"[MTF-CACHE] 15m refresh complete: 37/37 symbols","timestamp":"2026-09-16T12:53:50.508Z"}
{"level":"debug","message":"[RISK-LOOP] checking 2 open position(s)","timestamp":"2026-09-16T12:55:35.488Z"}
{"level":"debug","message":"[RISK-LOOP] checking 2 open position(s)","timestamp":"2026-09-16T12:57:35.490Z"}
{"level":"debug","message":"[RISK-LOOP] checking 2 open position(s)","timestamp":"2026-09-16T12:59:35.491Z"}
{"level":"debug","message":"[RISK-LOOP] checking 2 open position(s)","timestamp":"2026-09-16T13:01:35.491Z"}
{"level":"debug","message":"[RISK-LOOP] checking 2 open position(s)","timestamp":"2026-09-16T13:03:35.673Z"}
{"level":"debug","message":"[RISK-LOOP] checking 2 open position(s)","timestamp":"2026-09-16T13:05:35.492Z"}
{"level":"debug","message":"[RISK-LOOP] checking 2 open position(s)","timestamp":"2026-09-16T13:07:35.491Z"}
{"level":"info","message":"[MTF-CACHE] 15m refresh complete: 37/37 symbols","timestamp":"2026-09-16T13:08:50.215Z"}
{"level":"debug","message":"[RISK-LOOP] checking 2 open position(s)","timestamp":"2026-09-16T13:09:35.495Z"}
{"level":"debug","message":"[RISK-LOOP] checking 2 open position(s)","timestamp":"2026-09-16T13:11:35.497Z"}
{"level":"debug","message":"[RISK-LOOP] checking 2 open position(s)","timestamp":"2026-09-16T13:13:35.677Z"}
{"level":"debug","message":"[RISK-LOOP] checking 2 open position(s)","timestamp":"2026-09-16T13:15:35.495Z"}
{"level":"debug","message":"[RISK-LOOP] checking 2 open position(s)","timestamp":"2026-09-16T13:17:35.497Z"}
{"level":"debug","message":"[RISK-LOOP] checking 2 open position(s)","timestamp":"2026-09-16T13:19:35.502Z"}
{"level":"debug","message":"[RISK-LOOP] checking 2 open position(s)","timestamp":"2026-09-16T13:21:35.502Z"}
{"level":"debug","message":"[RISK-LOOP] checking 2 open position(s)","timestamp":"2026-09-16T13:23:35.503Z"}
{"level":"info","message":"[MTF-CACHE] 15m refresh complete: 37/37 symbols","timestamp":"2026-09-16T13:23:50.033Z"}
{"level":"debug","message":"[RISK-LOOP] checking 2 open position(s)","timestamp":"2026-09-16T13:25:35.500Z"}
{"level":"debug","message":"[RISK-LOOP] checking 2 open position(s)","timestamp":"2026-09-16T13:27:35.502Z"}
{"level":"debug","message":"[RISK-LOOP] checking 2 open position(s)","timestamp":"2026-09-16T13:29:35.503Z"}
{"level":"debug","message":"[RISK-LOOP] checking 2 open position(s)","timestamp":"2026-09-16T13:31:35.503Z"}
{"level":"debug","message":"[RISK-LOOP] checking 2 open position(s)","timestamp":"2026-09-16T13:33:35.560Z"}
{"level":"debug","message":"[RISK-LOOP] checking 2 open position(s)","timestamp":"2026-09-16T13:35:35.501Z"}
{"level":"debug","message":"[RISK-LOOP] checking 2 open position(s)","timestamp":"2026-09-16T13:37:35.503Z"}
{"level":"info","message":"[MTF-CACHE] 15m refresh complete: 37/37 symbols","timestamp":"2026-09-16T13:38:50.187Z"}
{"level":"debug","message":"[RISK-LOOP] checking 2 open position(s)","timestamp":"2026-09-16T13:39:35.503Z"}
{"level":"debug","message":"[RISK-LOOP] checking 2 open position(s)","timestamp":"2026-09-16T13:41:35.510Z"}
{"level":"debug","message":"[RISK-LOOP] checking 2 open position(s)","timestamp":"2026-09-16T13:43:35.692Z"}
{"level":"debug","message":"[RISK-LOOP] checking 2 open position(s)","timestamp":"2026-09-16T13:45:35.609Z"}
{"level":"debug","message":"[RISK-LOOP] checking 2 open position(s)","timestamp":"2026-09-16T13:47:35.690Z"}
{"level":"debug","message":"[RISK-LOOP] checking 2 open position(s)","timestamp":"2026-09-16T13:49:35.688Z"}
{"level":"debug","message":"[RISK-LOOP] checking 2 open position(s)","timestamp":"2026-09-16T13:51:35.686Z"}
{"level":"debug","message":"[RISK-LOOP] checking 2 open position(s)","timestamp":"2026-09-16T13:53:35.816Z"}
{"level":"info","message":"[MTF-CACHE] 15m refresh complete: 37/37 symbols","timestamp":"2026-09-16T13:53:50.070Z"}
{"level":"debug","message":"[RISK-LOOP] checking 2 open position(s)","timestamp":"2026-09-16T13:55:35.691Z"}
{"level":"debug","message":"[RISK-LOOP] checking 2 open position(s)","timestamp":"2026-09-16T13:57:35.513Z"}
{"level":"debug","message":"[RISK-LOOP] checking 2 open position(s)","timestamp":"2026-09-16T13:59:35.514Z"}
{"level":"debug","message":"[RISK-LOOP] checking 2 open position(s)","timestamp":"2026-09-16T14:01:35.514Z"}
{"level":"debug","message":"[RISK-LOOP] checking 2 open position(s)","timestamp":"2026-09-16T14:03:35.691Z"}
{"level":"debug","message":"[RISK-LOOP] checking 2 open position(s)","timestamp":"2026-09-16T14:05:35.516Z"}
{"level":"debug","message":"[RISK-LOOP] checking 2 open position(s)","timestamp":"2026-09-16T14:07:35.517Z"}
{"level":"info","message":"[MTF-CACHE] 15m refresh complete: 37/37 symbols","timestamp":"2026-09-16T14:08:50.063Z"}
{"level":"debug","message":"[RISK-LOOP] checking 2 open position(s)","timestamp":"2026-09-16T14:09:35.517Z"}
{"level":"debug","message":"[RISK-LOOP] checking 2 open position(s)","timestamp":"2026-09-16T14:11:35.518Z"}
{"level":"debug","message":"[RISK-LOOP] checking 2 open position(s)","timestamp":"2026-09-16T14:13:35.701Z"}
{"level":"debug","message":"[RISK-LOOP] checking 2 open position(s)","timestamp":"2026-09-16T14:15:35.519Z"}
{"level":"debug","message":"[RISK-LOOP] checking 2 open position(s)","timestamp":"2026-09-16T14:17:35.525Z"}
{"level":"debug","message":"[RISK-LOOP] checking 2 open position(s)","timestamp":"2026-09-16T14:19:35.529Z"}
{"level":"debug","message":"[RISK-LOOP] checking 2 open position(s)","timestamp":"2026-09-16T14:21:35.532Z"}
{"level":"debug","message":"[RISK-LOOP] checking 2 open position(s)","timestamp":"2026-09-16T14:23:35.712Z"}
{"level":"info","message":"[MTF-CACHE] 15m refresh complete: 37/37 symbols","timestamp":"2026-09-16T14:23:50.059Z"}
{"level":"debug","message":"[RISK-LOOP] checking 2 open position(s)","timestamp":"2026-09-16T14:25:35.540Z"}
{"level":"debug","message":"[RISK-LOOP] checking 2 open position(s)","timestamp":"2026-09-16T14:27:35.540Z"}
{"level":"debug","message":"[RISK-LOOP] checking 2 open position(s)","timestamp":"2026-09-16T14:29:35.545Z"}
{"level":"debug","message":"[RISK-LOOP] checking 2 open position(s)","timestamp":"2026-09-16T14:31:35.546Z"}
{"level":"debug","message":"[RISK-LOOP] checking 2 open position(s)","timestamp":"2026-09-16T14:33:35.730Z"}
{"level":"debug","message":"[RISK-LOOP] checking 2 open position(s)","timestamp":"2026-09-16T14:35:35.550Z"}
{"level":"debug","message":"[RISK-LOOP] checking 2 open position(s)","timestamp":"2026-09-16T14:37:35.556Z"}
{"level":"info","message":"[MTF-CACHE] 15m refresh complete: 37/37 symbols","timestamp":"2026-09-16T14:38:50.048Z"}
{"level":"debug","message":"[RISK-LOOP] checking 2 open position(s)","timestamp":"2026-09-16T14:39:35.553Z"}
{"level":"debug","message":"[RISK-LOOP] checking 2 open position(s)","timestamp":"2026-09-16T14:41:35.561Z"}
{"level":"debug","message":"[RISK-LOOP] checking 2 open position(s)","timestamp":"2026-09-16T14:43:35.735Z"}
{"level":"debug","message":"[RISK-LOOP] checking 2 open position(s)","timestamp":"2026-09-16T14:45:35.560Z"}
{"level":"debug","message":"[RISK-LOOP] checking 2 open position(s)","timestamp":"2026-09-16T14:47:35.567Z"}
{"level":"debug","message":"[RISK-LOOP] checking 2 open position(s)","timestamp":"2026-09-16T14:49:35.569Z"}
{"level":"debug","message":"[RISK-LOOP] checking 2 open position(s)","timestamp":"2026-09-16T14:51:35.573Z"}
{"level":"debug","message":"[RISK-LOOP] checking 2 open position(s)","timestamp":"2026-09-16T14:53:35.752Z"}
{"level":"info","message":"[MTF-CACHE] 15m refresh complete: 37/37 symbols","timestamp":"2026-09-16T14:53:50.123Z"}
{"level":"debug","message":"[RISK-LOOP] checking 2 open position(s)","timestamp":"2026-09-16T14:55:35.577Z"}
{"level":"debug","message":"[RISK-LOOP] checking 2 open position(s)","timestamp":"2026-09-16T14:57:35.577Z"}
{"level":"debug","message":"[RISK-LOOP] checking 2 open position(s)","timestamp":"2026-09-16T14:59:35.580Z"}
{"level":"debug","message":"[RISK-LOOP] checking 2 open position(s)","timestamp":"2026-09-16T15:01:35.582Z"}
{"level":"debug","message":"[RISK-LOOP] checking 2 open position(s)","timestamp":"2026-09-16T15:03:35.767Z"}
{"level":"debug","message":"[RISK-LOOP] checking 2 open position(s)","timestamp":"2026-09-16T15:05:35.587Z"}
{"level":"debug","message":"[RISK-LOOP] checking 2 open position(s)","timestamp":"2026-09-16T15:07:35.591Z"}
{"level":"info","message":"[MTF-CACHE] 15m refresh complete: 37/37 symbols","timestamp":"2026-09-16T15:08:50.209Z"}
{"level":"debug","message":"[RISK-LOOP] checking 2 open position(s)","timestamp":"2026-09-16T15:09:35.594Z"}
{"level":"debug","message":"[RISK-LOOP] checking 2 open position(s)","timestamp":"2026-09-16T15:11:35.594Z"}
{"level":"debug","message":"[RISK-LOOP] checking 2 open position(s)","timestamp":"2026-09-16T15:13:35.778Z"}
{"level":"debug","message":"[RISK-LOOP] checking 2 open position(s)","timestamp":"2026-09-16T15:15:35.596Z"}
{"level":"debug","message":"[RISK-LOOP] checking 2 open position(s)","timestamp":"2026-09-16T15:17:35.595Z"}
{"level":"debug","message":"[RISK-LOOP] checking 2 open position(s)","timestamp":"2026-09-16T15:19:35.597Z"}
{"level":"debug","message":"[RISK-LOOP] checking 2 open position(s)","timestamp":"2026-09-16T15:21:35.599Z"}
{"level":"debug","message":"[RISK-LOOP] checking 2 open position(s)","timestamp":"2026-09-16T15:23:35.780Z"}
{"level":"info","message":"[MTF-CACHE] 15m refresh complete: 37/37 symbols","timestamp":"2026-09-16T15:23:50.285Z"}
{"level":"info","message":"[MTF-CACHE] 4h refresh complete: 37/37 symbols","timestamp":"2026-09-16T15:23:51.416Z"}
{"level":"debug","message":"[RISK-LOOP] checking 2 open position(s)","timestamp":"2026-09-16T15:25:35.603Z"}
{"level":"debug","message":"[RISK-LOOP] checking 2 open position(s)","timestamp":"2026-09-16T15:27:35.606Z"}
{"level":"debug","message":"[RISK-LOOP] checking 2 open position(s)","timestamp":"2026-09-16T15:29:35.608Z"}
{"level":"debug","message":"[RISK-LOOP] checking 2 open position(s)","timestamp":"2026-09-16T15:31:35.607Z"}
{"level":"debug","message":"[RISK-LOOP] checking 2 open position(s)","timestamp":"2026-09-16T15:33:35.791Z"}
{"level":"debug","message":"[RISK-LOOP] checking 2 open position(s)","timestamp":"2026-09-16T15:35:35.608Z"}
{"level":"debug","message":"[RISK-LOOP] checking 2 open position(s)","timestamp":"2026-09-16T15:37:35.607Z"}
{"level":"info","message":"[MTF-CACHE] 15m refresh complete: 37/37 symbols","timestamp":"2026-09-16T15:38:50.070Z"}
{"level":"debug","message":"[RISK-LOOP] checking 2 open position(s)","timestamp":"2026-09-16T15:39:35.608Z"}
{"level":"debug","message":"[RISK-LOOP] checking 2 open position(s)","timestamp":"2026-09-16T15:41:35.609Z"}
{"level":"debug","message":"[RISK-LOOP] checking 2 open position(s)","timestamp":"2026-09-16T15:43:35.789Z"}
{"level":"debug","message":"[RISK-LOOP] checking 2 open position(s)","timestamp":"2026-09-16T15:45:35.611Z"}
{"level":"debug","message":"[RISK-LOOP] checking 2 open position(s)","timestamp":"2026-09-16T15:47:35.616Z"}
{"level":"debug","message":"[RISK-LOOP] checking 2 open position(s)","timestamp":"2026-09-16T15:49:35.617Z"}
{"level":"debug","message":"[RISK-LOOP] checking 2 open position(s)","timestamp":"2026-09-16T15:51:35.616Z"}
{"level":"debug","message":"[RISK-LOOP] checking 2 open position(s)","timestamp":"2026-09-16T15:53:35.803Z"}
{"level":"info","message":"[MTF-CACHE] 15m refresh complete: 37/37 symbols","timestamp":"2026-09-16T15:53:50.165Z"}
{"level":"debug","message":"[RISK-LOOP] checking 2 open position(s)","timestamp":"2026-09-16T15:55:35.621Z"}
{"level":"debug","message":"[RISK-LOOP] checking 2 open position(s)","timestamp":"2026-09-16T15:57:35.621Z"}
{"level":"debug","message":"[RISK-LOOP] checking 2 open position(s)","timestamp":"2026-09-16T15:59:35.622Z"}
{"level":"debug","message":"[RISK-LOOP] checking 2 open position(s)","timestamp":"2026-09-16T16:01:35.625Z"}
{"level":"debug","message":"[RISK-LOOP] checking 2 open position(s)","timestamp":"2026-09-16T16:03:35.802Z"}
{"level":"debug","message":"[RISK-LOOP] checking 2 open position(s)","timestamp":"2026-09-16T16:05:35.623Z"}
{"level":"debug","message":"[RISK-LOOP] checking 2 open position(s)","timestamp":"2026-09-16T16:07:35.626Z"}
{"level":"info","message":"[MTF-CACHE] 15m refresh complete: 37/37 symbols","timestamp":"2026-09-16T16:08:50.546Z"}
{"level":"debug","message":"[RISK-LOOP] checking 2 open position(s)","timestamp":"2026-09-16T16:09:35.626Z"}
{"level":"debug","message":"[RISK-LOOP] checking 2 open position(s)","timestamp":"2026-09-16T16:11:35.627Z"}
{"level":"debug","message":"[RISK-LOOP] checking 2 open position(s)","timestamp":"2026-09-16T16:13:35.624Z"}
{"level":"debug","message":"[RISK-LOOP] checking 2 open position(s)","timestamp":"2026-09-16T16:15:35.625Z"}
{"level":"debug","message":"[RISK-LOOP] checking 2 open position(s)","timestamp":"2026-09-16T16:17:35.625Z"}
{"level":"debug","message":"[RISK-LOOP] checking 2 open position(s)","timestamp":"2026-09-16T16:19:35.690Z"}
{"level":"debug","message":"[RISK-LOOP] checking 2 open position(s)","timestamp":"2026-09-16T16:21:36.087Z"}
{"level":"debug","message":"[RISK-LOOP] checking 2 open position(s)","timestamp":"2026-09-16T16:23:35.629Z"}
{"level":"info","message":"[MTF-CACHE] 15m refresh complete: 37/37 symbols","timestamp":"2026-09-16T16:23:52.882Z"}
{"level":"debug","message":"[RISK-LOOP] checking 2 open position(s)","timestamp":"2026-09-16T16:25:35.628Z"}
{"level":"debug","message":"[RISK-LOOP] checking 2 open position(s)","timestamp":"2026-09-16T16:27:35.632Z"}
{"level":"debug","message":"[RISK-LOOP] checking 2 open position(s)","timestamp":"2026-09-16T16:29:35.636Z"}
{"level":"debug","message":"[RISK-LOOP] checking 2 open position(s)","timestamp":"2026-09-16T16:31:35.639Z"}
{"level":"debug","message":"[RISK-LOOP] checking 2 open position(s)","timestamp":"2026-09-16T16:33:35.813Z"}
{"level":"debug","message":"[RISK-LOOP] checking 2 open position(s)","timestamp":"2026-09-16T16:35:35.816Z"}
{"level":"debug","message":"[RISK-LOOP] checking 2 open position(s)","timestamp":"2026-09-16T16:37:35.830Z"}
{"level":"info","message":"[MTF-CACHE] 15m refresh complete: 37/37 symbols","timestamp":"2026-09-16T16:38:51.590Z"}
{"level":"debug","message":"[RISK-LOOP] checking 2 open position(s)","timestamp":"2026-09-16T16:39:35.815Z"}
{"level":"debug","message":"[RISK-LOOP] checking 2 open position(s)","timestamp":"2026-09-16T16:41:35.813Z"}
{"level":"debug","message":"[RISK-LOOP] checking 2 open position(s)","timestamp":"2026-09-16T16:43:36.271Z"}
{"level":"debug","message":"[RISK-LOOP] checking 2 open position(s)","timestamp":"2026-09-16T16:45:35.637Z"}
{"level":"debug","message":"[RISK-LOOP] checking 2 open position(s)","timestamp":"2026-09-16T16:47:35.638Z"}
{"level":"debug","message":"[RISK-LOOP] checking 2 open position(s)","timestamp":"2026-09-16T16:49:35.644Z"}
{"level":"debug","message":"[RISK-LOOP] checking 2 open position(s)","timestamp":"2026-09-16T16:51:36.101Z"}
{"level":"debug","message":"[RISK-LOOP] checking 2 open position(s)","timestamp":"2026-09-16T16:53:35.642Z"}
{"level":"info","message":"[MTF-CACHE] 15m refresh complete: 37/37 symbols","timestamp":"2026-09-16T16:53:51.179Z"}
{"level":"debug","message":"[RISK-LOOP] checking 2 open position(s)","timestamp":"2026-09-16T16:55:36.106Z"}
{"level":"debug","message":"[RISK-LOOP] checking 2 open position(s)","timestamp":"2026-09-16T16:57:35.656Z"}
{"level":"debug","message":"[RISK-LOOP] checking 2 open position(s)","timestamp":"2026-09-16T16:59:35.660Z"}
{"level":"debug","message":"[RISK-LOOP] checking 2 open position(s)","timestamp":"2026-09-16T17:01:35.658Z"}
{"level":"debug","message":"[RISK-LOOP] checking 2 open position(s)","timestamp":"2026-09-16T17:03:35.842Z"}
{"level":"debug","message":"[RISK-LOOP] checking 2 open position(s)","timestamp":"2026-09-16T17:05:36.116Z"}
{"level":"debug","message":"[RISK-LOOP] checking 2 open position(s)","timestamp":"2026-09-16T17:07:35.661Z"}
{"level":"info","message":"[MTF-CACHE] 15m refresh complete: 37/37 symbols","timestamp":"2026-09-16T17:08:51.113Z"}
{"level":"debug","message":"[RISK-LOOP] checking 2 open position(s)","timestamp":"2026-09-16T17:09:35.663Z"}
{"level":"debug","message":"[RISK-LOOP] checking 2 open position(s)","timestamp":"2026-09-16T17:11:35.666Z"}
{"level":"debug","message":"[RISK-LOOP] checking 2 open position(s)","timestamp":"2026-09-16T17:13:35.848Z"}
{"level":"debug","message":"[RISK-LOOP] checking 2 open position(s)","timestamp":"2026-09-16T17:15:35.676Z"}
{"level":"debug","message":"[RISK-LOOP] checking 2 open position(s)","timestamp":"2026-09-16T17:17:35.676Z"}
{"level":"debug","message":"[RISK-LOOP] checking 2 open position(s)","timestamp":"2026-09-16T17:19:35.683Z"}
{"level":"debug","message":"[RISK-LOOP] checking 2 open position(s)","timestamp":"2026-09-16T17:21:35.684Z"}
{"level":"debug","message":"[RISK-LOOP] checking 2 open position(s)","timestamp":"2026-09-16T17:23:35.865Z"}
{"level":"info","message":"[MTF-CACHE] 15m refresh complete: 37/37 symbols","timestamp":"2026-09-16T17:23:50.086Z"}
{"level":"debug","message":"[RISK-LOOP] checking 2 open position(s)","timestamp":"2026-09-16T17:25:35.684Z"}
{"level":"debug","message":"[RISK-LOOP] checking 2 open position(s)","timestamp":"2026-09-16T17:27:35.689Z"}
{"level":"debug","message":"[RISK-LOOP] checking 2 open position(s)","timestamp":"2026-09-16T17:29:35.688Z"}
{"level":"debug","message":"[RISK-LOOP] checking 2 open position(s)","timestamp":"2026-09-16T17:31:35.693Z"}
{"level":"debug","message":"[RISK-LOOP] checking 2 open position(s)","timestamp":"2026-09-16T17:33:35.874Z"}
{"level":"debug","message":"[RISK-LOOP] checking 2 open position(s)","timestamp":"2026-09-16T17:35:35.697Z"}
{"level":"debug","message":"[RISK-LOOP] checking 2 open position(s)","timestamp":"2026-09-16T17:37:35.700Z"}
{"level":"info","message":"[MTF-CACHE] 15m refresh complete: 37/37 symbols","timestamp":"2026-09-16T17:38:50.131Z"}
{"level":"debug","message":"[RISK-LOOP] checking 2 open position(s)","timestamp":"2026-09-16T17:39:35.703Z"}
{"level":"debug","message":"[RISK-LOOP] checking 2 open position(s)","timestamp":"2026-09-16T17:41:35.703Z"}
{"level":"debug","message":"[RISK-LOOP] checking 2 open position(s)","timestamp":"2026-09-16T17:43:35.884Z"}
{"level":"debug","message":"[RISK-LOOP] checking 2 open position(s)","timestamp":"2026-09-16T17:45:35.709Z"}
{"level":"debug","message":"[RISK-LOOP] checking 2 open position(s)","timestamp":"2026-09-16T17:47:35.709Z"}
{"level":"debug","message":"[RISK-LOOP] checking 2 open position(s)","timestamp":"2026-09-16T17:49:35.715Z"}
{"level":"debug","message":"[RISK-LOOP] checking 2 open position(s)","timestamp":"2026-09-16T17:51:35.711Z"}
{"level":"debug","message":"[RISK-LOOP] checking 2 open position(s)","timestamp":"2026-09-16T17:53:35.891Z"}
{"level":"info","message":"[MTF-CACHE] 15m refresh complete: 37/37 symbols","timestamp":"2026-09-16T17:53:50.166Z"}
{"level":"debug","message":"[RISK-LOOP] checking 2 open position(s)","timestamp":"2026-09-16T17:55:35.715Z"}
{"level":"debug","message":"[RISK-LOOP] checking 2 open position(s)","timestamp":"2026-09-16T17:57:35.719Z"}
{"level":"debug","message":"[RISK-LOOP] checking 2 open position(s)","timestamp":"2026-09-16T17:59:35.721Z"}
{"level":"debug","message":"[RISK-LOOP] checking 2 open position(s)","timestamp":"2026-09-16T18:01:35.721Z"}
{"level":"debug","message":"[RISK-LOOP] checking 2 open position(s)","timestamp":"2026-09-16T18:03:35.906Z"}
{"level":"debug","message":"[RISK-LOOP] checking 2 open position(s)","timestamp":"2026-09-16T18:05:35.721Z"}
{"level":"debug","message":"[RISK-LOOP] checking 2 open position(s)","timestamp":"2026-09-16T18:07:35.722Z"}
{"level":"info","message":"[MTF-CACHE] 15m refresh complete: 37/37 symbols","timestamp":"2026-09-16T18:08:50.995Z"}
{"level":"debug","message":"[RISK-LOOP] checking 2 open position(s)","timestamp":"2026-09-16T18:09:35.723Z"}
{"level":"debug","message":"[RISK-LOOP] checking 2 open position(s)","timestamp":"2026-09-16T18:11:35.732Z"}
{"level":"debug","message":"[RISK-LOOP] checking 2 open position(s)","timestamp":"2026-09-16T18:13:35.908Z"}
{"level":"debug","message":"[RISK-LOOP] checking 2 open position(s)","timestamp":"2026-09-16T18:15:35.731Z"}
{"level":"debug","message":"[RISK-LOOP] checking 2 open position(s)","timestamp":"2026-09-16T18:17:35.734Z"}
{"level":"debug","message":"[RISK-LOOP] checking 2 open position(s)","timestamp":"2026-09-16T18:19:35.732Z"}
{"level":"debug","message":"[RISK-LOOP] checking 2 open position(s)","timestamp":"2026-09-16T18:21:35.736Z"}
{"level":"debug","message":"[RISK-LOOP] checking 2 open position(s)","timestamp":"2026-09-16T18:23:35.917Z"}
{"level":"info","message":"[MTF-CACHE] 15m refresh complete: 37/37 symbols","timestamp":"2026-09-16T18:23:50.170Z"}
{"level":"debug","message":"[RISK-LOOP] checking 2 open position(s)","timestamp":"2026-09-16T18:25:35.739Z"}
{"level":"debug","message":"[RISK-LOOP] checking 2 open position(s)","timestamp":"2026-09-16T18:27:35.739Z"}
{"level":"debug","message":"[RISK-LOOP] checking 2 open position(s)","timestamp":"2026-09-16T18:29:35.738Z"}
{"level":"debug","message":"[RISK-LOOP] checking 2 open position(s)","timestamp":"2026-09-16T18:31:35.739Z"}
{"level":"debug","message":"[RISK-LOOP] checking 2 open position(s)","timestamp":"2026-09-16T18:33:36.001Z"}
{"level":"debug","message":"[RISK-LOOP] checking 2 open position(s)","timestamp":"2026-09-16T18:35:35.740Z"}
{"level":"debug","message":"[RISK-LOOP] checking 2 open position(s)","timestamp":"2026-09-16T18:37:35.741Z"}
{"level":"info","message":"[MTF-CACHE] 15m refresh complete: 37/37 symbols","timestamp":"2026-09-16T18:38:50.973Z"}
{"level":"debug","message":"[RISK-LOOP] checking 2 open position(s)","timestamp":"2026-09-16T18:39:35.743Z"}
{"level":"debug","message":"[RISK-LOOP] checking 2 open position(s)","timestamp":"2026-09-16T18:41:35.743Z"}
{"level":"debug","message":"[RISK-LOOP] checking 2 open position(s)","timestamp":"2026-09-16T18:43:35.927Z"}
{"level":"debug","message":"[RISK-LOOP] checking 2 open position(s)","timestamp":"2026-09-16T18:45:35.745Z"}
{"level":"debug","message":"[RISK-LOOP] checking 2 open position(s)","timestamp":"2026-09-16T18:47:35.747Z"}
{"level":"debug","message":"[RISK-LOOP] checking 2 open position(s)","timestamp":"2026-09-16T18:49:35.748Z"}
{"level":"debug","message":"[RISK-LOOP] checking 2 open position(s)","timestamp":"2026-09-16T18:51:35.746Z"}
{"level":"debug","message":"[RISK-LOOP] checking 2 open position(s)","timestamp":"2026-09-16T18:53:35.754Z"}
{"level":"info","message":"[MTF-CACHE] 15m refresh complete: 37/37 symbols","timestamp":"2026-09-16T18:53:50.162Z"}
{"level":"debug","message":"[RISK-LOOP] checking 2 open position(s)","timestamp":"2026-09-16T18:55:35.751Z"}
{"level":"debug","message":"[RISK-LOOP] checking 2 open position(s)","timestamp":"2026-09-16T18:57:35.749Z"}
{"level":"debug","message":"[RISK-LOOP] checking 2 open position(s)","timestamp":"2026-09-16T18:59:35.750Z"}
{"level":"debug","message":"[RISK-LOOP] checking 2 open position(s)","timestamp":"2026-09-16T19:01:35.753Z"}
{"level":"debug","message":"[RISK-LOOP] checking 2 open position(s)","timestamp":"2026-09-16T19:03:35.749Z"}
{"level":"debug","message":"[RISK-LOOP] checking 2 open position(s)","timestamp":"2026-09-16T19:05:35.754Z"}
{"level":"debug","message":"[RISK-LOOP] checking 2 open position(s)","timestamp":"2026-09-16T19:07:35.750Z"}
{"level":"info","message":"[MTF-CACHE] 15m refresh complete: 37/37 symbols","timestamp":"2026-09-16T19:08:50.712Z"}
{"level":"debug","message":"[RISK-LOOP] checking 2 open position(s)","timestamp":"2026-09-16T19:09:35.751Z"}
{"level":"debug","message":"[RISK-LOOP] checking 2 open position(s)","timestamp":"2026-09-16T19:11:35.750Z"}
{"level":"debug","message":"[RISK-LOOP] checking 2 open position(s)","timestamp":"2026-09-16T19:13:35.803Z"}
{"level":"debug","message":"[RISK-LOOP] checking 2 open position(s)","timestamp":"2026-09-16T19:15:35.748Z"}
{"level":"debug","message":"[RISK-LOOP] checking 2 open position(s)","timestamp":"2026-09-16T19:17:35.754Z"}
{"level":"debug","message":"[RISK-LOOP] checking 2 open position(s)","timestamp":"2026-09-16T19:19:35.830Z"}
{"level":"debug","message":"[RISK-LOOP] checking 2 open position(s)","timestamp":"2026-09-16T19:21:35.886Z"}
{"level":"debug","message":"[RISK-LOOP] checking 2 open position(s)","timestamp":"2026-09-16T19:23:35.935Z"}
{"level":"info","message":"[MTF-CACHE] 15m refresh complete: 37/37 symbols","timestamp":"2026-09-16T19:23:49.952Z"}
{"level":"info","message":"[MTF-CACHE] 4h refresh complete: 37/37 symbols","timestamp":"2026-09-16T19:23:51.452Z"}
{"level":"debug","message":"[RISK-LOOP] checking 2 open position(s)","timestamp":"2026-09-16T19:25:35.930Z"}
{"level":"debug","message":"[RISK-LOOP] checking 2 open position(s)","timestamp":"2026-09-16T19:27:35.933Z"}
{"level":"debug","message":"[RISK-LOOP] checking 2 open position(s)","timestamp":"2026-09-16T19:29:35.936Z"}
{"level":"debug","message":"[RISK-LOOP] checking 2 open position(s)","timestamp":"2026-09-16T19:31:35.937Z"}
{"level":"debug","message":"[RISK-LOOP] checking 2 open position(s)","timestamp":"2026-09-16T19:33:35.937Z"}
{"level":"debug","message":"[RISK-LOOP] checking 2 open position(s)","timestamp":"2026-09-16T19:35:35.758Z"}
{"level":"debug","message":"[RISK-LOOP] checking 2 open position(s)","timestamp":"2026-09-16T19:37:35.758Z"}
{"level":"info","message":"[MTF-CACHE] 15m refresh complete: 37/37 symbols","timestamp":"2026-09-16T19:38:50.322Z"}
{"level":"debug","message":"[RISK-LOOP] checking 2 open position(s)","timestamp":"2026-09-16T19:39:35.766Z"}
{"level":"debug","message":"[RISK-LOOP] checking 2 open position(s)","timestamp":"2026-09-16T19:41:35.763Z"}
{"level":"debug","message":"[RISK-LOOP] checking 2 open position(s)","timestamp":"2026-09-16T19:43:35.948Z"}
{"level":"debug","message":"[RISK-LOOP] checking 2 open position(s)","timestamp":"2026-09-16T19:45:35.771Z"}
{"level":"debug","message":"[RISK-LOOP] checking 2 open position(s)","timestamp":"2026-09-16T19:47:35.776Z"}
{"level":"debug","message":"[RISK-LOOP] checking 2 open position(s)","timestamp":"2026-09-16T19:49:35.778Z"}
{"level":"debug","message":"[RISK-LOOP] checking 2 open position(s)","timestamp":"2026-09-16T19:51:35.781Z"}
{"level":"debug","message":"[RISK-LOOP] checking 2 open position(s)","timestamp":"2026-09-16T19:53:35.975Z"}
{"level":"info","message":"[MTF-CACHE] 15m refresh complete: 37/37 symbols","timestamp":"2026-09-16T19:53:51.057Z"}
{"level":"debug","message":"[RISK-LOOP] checking 2 open position(s)","timestamp":"2026-09-16T19:55:35.783Z"}
{"level":"debug","message":"[RISK-LOOP] checking 2 open position(s)","timestamp":"2026-09-16T19:57:35.786Z"}
{"level":"debug","message":"[RISK-LOOP] checking 2 open position(s)","timestamp":"2026-09-16T19:59:35.789Z"}
{"level":"debug","message":"[RISK-LOOP] checking 2 open position(s)","timestamp":"2026-09-16T20:01:35.799Z"}
{"level":"debug","message":"[RISK-LOOP] checking 2 open position(s)","timestamp":"2026-09-16T20:03:35.971Z"}
{"level":"debug","message":"[RISK-LOOP] checking 2 open position(s)","timestamp":"2026-09-16T20:05:35.798Z"}
{"level":"debug","message":"[RISK-LOOP] checking 2 open position(s)","timestamp":"2026-09-16T20:07:35.798Z"}
{"level":"info","message":"[MTF-CACHE] 15m refresh complete: 37/37 symbols","timestamp":"2026-09-16T20:08:50.128Z"}
{"level":"debug","message":"[RISK-LOOP] checking 2 open position(s)","timestamp":"2026-09-16T20:09:35.809Z"}
{"level":"debug","message":"[RISK-LOOP] checking 2 open position(s)","timestamp":"2026-09-16T20:11:35.805Z"}
{"level":"debug","message":"[RISK-LOOP] checking 2 open position(s)","timestamp":"2026-09-16T20:13:35.984Z"}
{"level":"debug","message":"[RISK-LOOP] checking 2 open position(s)","timestamp":"2026-09-16T20:15:35.809Z"}
{"level":"debug","message":"[RISK-LOOP] checking 2 open position(s)","timestamp":"2026-09-16T20:17:35.817Z"}
{"level":"debug","message":"[RISK-LOOP] checking 2 open position(s)","timestamp":"2026-09-16T20:19:35.813Z"}
{"level":"debug","message":"[RISK-LOOP] checking 2 open position(s)","timestamp":"2026-09-16T20:21:35.820Z"}
{"level":"debug","message":"[RISK-LOOP] checking 2 open position(s)","timestamp":"2026-09-16T20:23:36.003Z"}
{"level":"info","message":"[MTF-CACHE] 15m refresh complete: 37/37 symbols","timestamp":"2026-09-16T20:23:50.713Z"}
{"level":"debug","message":"[RISK-LOOP] checking 2 open position(s)","timestamp":"2026-09-16T20:25:35.826Z"}
{"level":"debug","message":"[RISK-LOOP] checking 2 open position(s)","timestamp":"2026-09-16T20:27:35.826Z"}
{"level":"debug","message":"[RISK-LOOP] checking 2 open position(s)","timestamp":"2026-09-16T20:29:35.830Z"}
{"level":"debug","message":"[RISK-LOOP] checking 2 open position(s)","timestamp":"2026-09-16T20:31:35.826Z"}
{"level":"debug","message":"[RISK-LOOP] checking 2 open position(s)","timestamp":"2026-09-16T20:33:36.005Z"}
{"level":"debug","message":"[RISK-LOOP] checking 2 open position(s)","timestamp":"2026-09-16T20:35:35.829Z"}
{"level":"debug","message":"[RISK-LOOP] checking 2 open position(s)","timestamp":"2026-09-16T20:37:35.831Z"}
{"level":"info","message":"[MTF-CACHE] 15m refresh complete: 37/37 symbols","timestamp":"2026-09-16T20:38:50.724Z"}
{"level":"debug","message":"[RISK-LOOP] checking 2 open position(s)","timestamp":"2026-09-16T20:39:36.051Z"}
{"level":"debug","message":"[RISK-LOOP] checking 2 open position(s)","timestamp":"2026-09-16T20:41:35.837Z"}
{"level":"debug","message":"[RISK-LOOP] checking 2 open position(s)","timestamp":"2026-09-16T20:43:36.014Z"}
{"level":"debug","message":"[RISK-LOOP] checking 2 open position(s)","timestamp":"2026-09-16T20:45:35.837Z"}
{"level":"debug","message":"[RISK-LOOP] checking 2 open position(s)","timestamp":"2026-09-16T20:47:35.838Z"}
{"level":"debug","message":"[RISK-LOOP] checking 2 open position(s)","timestamp":"2026-09-16T20:49:35.838Z"}
{"level":"debug","message":"[RISK-LOOP] checking 2 open position(s)","timestamp":"2026-09-16T20:51:35.839Z"}
{"level":"debug","message":"[RISK-LOOP] checking 2 open position(s)","timestamp":"2026-09-16T20:53:36.018Z"}
{"level":"info","message":"[MTF-CACHE] 15m refresh complete: 37/37 symbols","timestamp":"2026-09-16T20:53:50.574Z"}
{"level":"debug","message":"[RISK-LOOP] checking 2 open position(s)","timestamp":"2026-09-16T20:55:35.837Z"}
{"level":"debug","message":"[RISK-LOOP] checking 2 open position(s)","timestamp":"2026-09-16T20:57:35.838Z"}
{"level":"debug","message":"[RISK-LOOP] checking 2 open position(s)","timestamp":"2026-09-16T20:59:35.845Z"}
{"level":"debug","message":"[RISK-LOOP] checking 2 open position(s)","timestamp":"2026-09-16T21:01:35.847Z"}
{"level":"debug","message":"[RISK-LOOP] checking 2 open position(s)","timestamp":"2026-09-16T21:03:36.023Z"}
{"level":"debug","message":"[RISK-LOOP] checking 2 open position(s)","timestamp":"2026-09-16T21:05:35.843Z"}
{"level":"debug","message":"[RISK-LOOP] checking 2 open position(s)","timestamp":"2026-09-16T21:07:35.847Z"}
{"level":"info","message":"[MTF-CACHE] 15m refresh complete: 37/37 symbols","timestamp":"2026-09-16T21:08:51.216Z"}
{"level":"debug","message":"[RISK-LOOP] checking 2 open position(s)","timestamp":"2026-09-16T21:09:35.848Z"}
{"level":"debug","message":"[RISK-LOOP] checking 2 open position(s)","timestamp":"2026-09-16T21:11:35.850Z"}
{"level":"debug","message":"[RISK-LOOP] checking 2 open position(s)","timestamp":"2026-09-16T21:13:36.029Z"}
{"level":"debug","message":"[RISK-LOOP] checking 2 open position(s)","timestamp":"2026-09-16T21:15:35.851Z"}
{"level":"debug","message":"[RISK-LOOP] checking 2 open position(s)","timestamp":"2026-09-16T21:17:35.850Z"}
{"level":"debug","message":"[RISK-LOOP] checking 2 open position(s)","timestamp":"2026-09-16T21:19:35.850Z"}
{"level":"debug","message":"[RISK-LOOP] checking 2 open position(s)","timestamp":"2026-09-16T21:21:35.860Z"}
{"level":"debug","message":"[RISK-LOOP] checking 2 open position(s)","timestamp":"2026-09-16T21:23:35.851Z"}
{"level":"info","message":"[MTF-CACHE] 15m refresh complete: 37/37 symbols","timestamp":"2026-09-16T21:23:50.112Z"}
{"level":"debug","message":"[RISK-LOOP] checking 2 open position(s)","timestamp":"2026-09-16T21:25:35.856Z"}
{"level":"debug","message":"[RISK-LOOP] checking 2 open position(s)","timestamp":"2026-09-16T21:27:35.857Z"}
{"level":"debug","message":"[RISK-LOOP] checking 2 open position(s)","timestamp":"2026-09-16T21:29:35.953Z"}
{"level":"debug","message":"[RISK-LOOP] checking 2 open position(s)","timestamp":"2026-09-16T21:31:35.857Z"}
{"level":"debug","message":"[RISK-LOOP] checking 2 open position(s)","timestamp":"2026-09-16T21:33:35.860Z"}
{"level":"debug","message":"[RISK-LOOP] checking 2 open position(s)","timestamp":"2026-09-16T21:35:35.859Z"}
{"level":"debug","message":"[RISK-LOOP] checking 2 open position(s)","timestamp":"2026-09-16T21:37:35.861Z"}
{"level":"info","message":"[MTF-CACHE] 15m refresh complete: 37/37 symbols","timestamp":"2026-09-16T21:38:50.318Z"}
{"level":"debug","message":"[RISK-LOOP] checking 2 open position(s)","timestamp":"2026-09-16T21:39:35.860Z"}
{"level":"debug","message":"[RISK-LOOP] checking 2 open position(s)","timestamp":"2026-09-16T21:41:35.860Z"}
{"level":"debug","message":"[RISK-LOOP] checking 2 open position(s)","timestamp":"2026-09-16T21:43:35.859Z"}
{"level":"debug","message":"[RISK-LOOP] checking 2 open position(s)","timestamp":"2026-09-16T21:45:35.863Z"}
{"level":"debug","message":"[RISK-LOOP] checking 2 open position(s)","timestamp":"2026-09-16T21:47:35.864Z"}
{"level":"debug","message":"[RISK-LOOP] checking 2 open position(s)","timestamp":"2026-09-16T21:49:35.861Z"}
{"level":"debug","message":"[RISK-LOOP] checking 2 open position(s)","timestamp":"2026-09-16T21:51:35.862Z"}
{"level":"debug","message":"[RISK-LOOP] checking 2 open position(s)","timestamp":"2026-09-16T21:53:35.911Z"}
{"level":"info","message":"[MTF-CACHE] 15m refresh complete: 37/37 symbols","timestamp":"2026-09-16T21:53:50.078Z"}
{"level":"debug","message":"[RISK-LOOP] checking 2 open position(s)","timestamp":"2026-09-16T21:55:35.866Z"}
{"level":"debug","message":"[RISK-LOOP] checking 2 open position(s)","timestamp":"2026-09-16T21:57:35.863Z"}
{"level":"debug","message":"[RISK-LOOP] checking 2 open position(s)","timestamp":"2026-09-16T21:59:35.866Z"}
{"level":"debug","message":"[RISK-LOOP] checking 2 open position(s)","timestamp":"2026-09-16T22:01:35.879Z"}
{"level":"debug","message":"[RISK-LOOP] checking 2 open position(s)","timestamp":"2026-09-16T22:03:36.046Z"}
{"level":"debug","message":"[RISK-LOOP] checking 2 open position(s)","timestamp":"2026-09-16T22:05:36.019Z"}
{"level":"debug","message":"[RISK-LOOP] checking 2 open position(s)","timestamp":"2026-09-16T22:07:36.076Z"}
{"level":"info","message":"[MTF-CACHE] 15m refresh complete: 37/37 symbols","timestamp":"2026-09-16T22:08:50.549Z"}
{"level":"debug","message":"[RISK-LOOP] checking 2 open position(s)","timestamp":"2026-09-16T22:09:36.047Z"}
{"level":"debug","message":"[RISK-LOOP] checking 2 open position(s)","timestamp":"2026-09-16T22:11:36.051Z"}
{"level":"debug","message":"[RISK-LOOP] checking 2 open position(s)","timestamp":"2026-09-16T22:13:36.178Z"}
{"level":"debug","message":"[RISK-LOOP] checking 2 open position(s)","timestamp":"2026-09-16T22:15:35.870Z"}
{"level":"debug","message":"[RISK-LOOP] checking 2 open position(s)","timestamp":"2026-09-16T22:17:35.872Z"}
{"level":"debug","message":"[RISK-LOOP] checking 2 open position(s)","timestamp":"2026-09-16T22:19:35.875Z"}
{"level":"debug","message":"[RISK-LOOP] checking 2 open position(s)","timestamp":"2026-09-16T22:21:35.879Z"}
{"level":"debug","message":"[RISK-LOOP] checking 2 open position(s)","timestamp":"2026-09-16T22:23:36.056Z"}
{"level":"info","message":"[MTF-CACHE] 15m refresh complete: 37/37 symbols","timestamp":"2026-09-16T22:23:50.066Z"}
{"level":"debug","message":"[RISK-LOOP] checking 2 open position(s)","timestamp":"2026-09-16T22:25:35.880Z"}
{"level":"debug","message":"[RISK-LOOP] checking 2 open position(s)","timestamp":"2026-09-16T22:27:35.883Z"}
{"level":"debug","message":"[RISK-LOOP] checking 2 open position(s)","timestamp":"2026-09-16T22:29:35.887Z"}
{"level":"debug","message":"[RISK-LOOP] checking 2 open position(s)","timestamp":"2026-09-16T22:31:35.888Z"}
{"level":"debug","message":"[RISK-LOOP] checking 2 open position(s)","timestamp":"2026-09-16T22:33:36.067Z"}
{"level":"debug","message":"[RISK-LOOP] checking 2 open position(s)","timestamp":"2026-09-16T22:35:35.892Z"}
{"level":"debug","message":"[RISK-LOOP] checking 2 open position(s)","timestamp":"2026-09-16T22:37:35.895Z"}
{"level":"info","message":"[MTF-CACHE] 15m refresh complete: 37/37 symbols","timestamp":"2026-09-16T22:38:50.181Z"}
{"level":"debug","message":"[RISK-LOOP] checking 2 open position(s)","timestamp":"2026-09-16T22:39:35.899Z"}
{"level":"debug","message":"[RISK-LOOP] checking 2 open position(s)","timestamp":"2026-09-16T22:41:35.897Z"}
{"level":"debug","message":"[RISK-LOOP] checking 2 open position(s)","timestamp":"2026-09-16T22:43:36.078Z"}
{"level":"debug","message":"[RISK-LOOP] checking 2 open position(s)","timestamp":"2026-09-16T22:45:35.902Z"}
{"level":"debug","message":"[RISK-LOOP] checking 2 open position(s)","timestamp":"2026-09-16T22:47:35.904Z"}
{"level":"debug","message":"[RISK-LOOP] checking 2 open position(s)","timestamp":"2026-09-16T22:49:35.907Z"}
{"level":"debug","message":"[RISK-LOOP] checking 2 open position(s)","timestamp":"2026-09-16T22:51:35.920Z"}
{"level":"debug","message":"[RISK-LOOP] checking 2 open position(s)","timestamp":"2026-09-16T22:53:36.094Z"}
{"level":"info","message":"[MTF-CACHE] 15m refresh complete: 37/37 symbols","timestamp":"2026-09-16T22:53:50.675Z"}
{"level":"debug","message":"[RISK-LOOP] checking 2 open position(s)","timestamp":"2026-09-16T22:55:35.915Z"}
{"level":"debug","message":"[RISK-LOOP] checking 2 open position(s)","timestamp":"2026-09-16T22:57:35.914Z"}
{"level":"debug","message":"[RISK-LOOP] checking 2 open position(s)","timestamp":"2026-09-16T22:59:35.916Z"}
{"level":"debug","message":"[RISK-LOOP] checking 2 open position(s)","timestamp":"2026-09-16T23:01:35.916Z"}
{"level":"debug","message":"[RISK-LOOP] checking 2 open position(s)","timestamp":"2026-09-16T23:03:36.098Z"}
{"level":"debug","message":"[RISK-LOOP] checking 2 open position(s)","timestamp":"2026-09-16T23:05:35.924Z"}
{"level":"debug","message":"[RISK-LOOP] checking 2 open position(s)","timestamp":"2026-09-16T23:07:35.924Z"}
{"level":"info","message":"[MTF-CACHE] 15m refresh complete: 37/37 symbols","timestamp":"2026-09-16T23:08:50.198Z"}
{"level":"debug","message":"[RISK-LOOP] checking 2 open position(s)","timestamp":"2026-09-16T23:09:35.925Z"}
{"level":"debug","message":"[RISK-LOOP] checking 2 open position(s)","timestamp":"2026-09-16T23:11:35.925Z"}
{"level":"debug","message":"[RISK-LOOP] checking 2 open position(s)","timestamp":"2026-09-16T23:13:36.113Z"}
{"level":"debug","message":"[RISK-LOOP] checking 2 open position(s)","timestamp":"2026-09-16T23:15:35.927Z"}
{"level":"debug","message":"[RISK-LOOP] checking 2 open position(s)","timestamp":"2026-09-16T23:17:35.933Z"}
{"level":"debug","message":"[RISK-LOOP] checking 2 open position(s)","timestamp":"2026-09-16T23:19:35.931Z"}
{"level":"debug","message":"[RISK-LOOP] checking 2 open position(s)","timestamp":"2026-09-16T23:21:35.934Z"}
{"level":"debug","message":"[RISK-LOOP] checking 2 open position(s)","timestamp":"2026-09-16T23:23:36.116Z"}
{"level":"info","message":"[MTF-CACHE] 15m refresh complete: 37/37 symbols","timestamp":"2026-09-16T23:23:50.016Z"}
{"level":"info","message":"[MTF-CACHE] 4h refresh complete: 37/37 symbols","timestamp":"2026-09-16T23:23:51.132Z"}
{"level":"debug","message":"[RISK-LOOP] checking 2 open position(s)","timestamp":"2026-09-16T23:25:35.942Z"}
{"level":"debug","message":"[RISK-LOOP] checking 2 open position(s)","timestamp":"2026-09-16T23:27:35.942Z"}
{"level":"debug","message":"[RISK-LOOP] checking 2 open position(s)","timestamp":"2026-09-16T23:29:35.945Z"}
{"level":"debug","message":"[RISK-LOOP] checking 2 open position(s)","timestamp":"2026-09-16T23:31:35.941Z"}
{"level":"debug","message":"[RISK-LOOP] checking 2 open position(s)","timestamp":"2026-09-16T23:33:36.121Z"}
{"level":"debug","message":"[RISK-LOOP] checking 2 open position(s)","timestamp":"2026-09-16T23:35:35.944Z"}
{"level":"debug","message":"[RISK-LOOP] checking 2 open position(s)","timestamp":"2026-09-16T23:37:35.944Z"}
{"level":"info","message":"[MTF-CACHE] 15m refresh complete: 37/37 symbols","timestamp":"2026-09-16T23:38:50.064Z"}
{"level":"debug","message":"[RISK-LOOP] checking 2 open position(s)","timestamp":"2026-09-16T23:39:35.945Z"}
{"level":"debug","message":"[RISK-LOOP] checking 2 open position(s)","timestamp":"2026-09-16T23:41:35.952Z"}
{"level":"debug","message":"[RISK-LOOP] checking 2 open position(s)","timestamp":"2026-09-16T23:43:36.126Z"}
{"level":"debug","message":"[RISK-LOOP] checking 2 open position(s)","timestamp":"2026-09-16T23:45:35.947Z"}
{"level":"debug","message":"[RISK-LOOP] checking 2 open position(s)","timestamp":"2026-09-16T23:47:35.953Z"}
{"level":"debug","message":"[RISK-LOOP] checking 2 open position(s)","timestamp":"2026-09-16T23:49:35.953Z"}
{"level":"debug","message":"[RISK-LOOP] checking 2 open position(s)","timestamp":"2026-09-16T23:51:35.953Z"}
{"level":"debug","message":"[RISK-LOOP] checking 2 open position(s)","timestamp":"2026-09-16T23:53:36.136Z"}
{"level":"info","message":"[MTF-CACHE] 15m refresh complete: 37/37 symbols","timestamp":"2026-09-16T23:53:50.970Z"}
{"level":"debug","message":"[RISK-LOOP] checking 2 open position(s)","timestamp":"2026-09-16T23:55:35.958Z"}
{"level":"debug","message":"[RISK-LOOP] checking 2 open position(s)","timestamp":"2026-09-16T23:57:35.959Z"}
{"level":"debug","message":"[RISK-LOOP] checking 2 open position(s)","timestamp":"2026-09-16T23:59:35.961Z"}
