{"level":"info","message":"[RISK] Day rollover — resetting daily stats (prev: pnl=0.00 trades=0)","timestamp":"2026-07-22T00:00:05.389Z"}
{"level":"info","message":"[MTF-CACHE] 15m refresh complete: 37/37 symbols","timestamp":"2026-07-22T00:05:10.195Z"}
{"level":"info","message":"[MTF-CACHE] 15m refresh complete: 37/37 symbols","timestamp":"2026-07-22T00:20:09.811Z"}
{"level":"info","message":"[MTF-CACHE] 15m refresh complete: 37/37 symbols","timestamp":"2026-07-22T00:35:10.148Z"}
{"level":"info","message":"[MTF-CACHE] 15m refresh complete: 37/37 symbols","timestamp":"2026-07-22T00:50:08.837Z"}
{"level":"info","message":"[MTF-CACHE] 15m refresh complete: 37/37 symbols","timestamp":"2026-07-22T01:05:08.814Z"}
{"level":"info","message":"[MTF-CACHE] 4h refresh complete: 37/37 symbols","timestamp":"2026-07-22T01:20:07.013Z"}
{"level":"info","message":"[MTF-CACHE] 15m refresh complete: 37/37 symbols","timestamp":"2026-07-22T01:20:08.614Z"}
{"level":"info","message":"[MTF-CACHE] 15m refresh complete: 37/37 symbols","timestamp":"2026-07-22T01:35:08.272Z"}
{"level":"info","message":"[MTF-CACHE] 15m refresh complete: 37/37 symbols","timestamp":"2026-07-22T01:50:08.615Z"}
{"level":"info","message":"[MTF-CACHE] 15m refresh complete: 37/37 symbols","timestamp":"2026-07-22T02:05:08.648Z"}
{"level":"info","message":"[MTF-CACHE] 15m refresh complete: 37/37 symbols","timestamp":"2026-07-22T02:20:08.748Z"}
{"level":"info","message":"[MTF-CACHE] 15m refresh complete: 37/37 symbols","timestamp":"2026-07-22T02:35:08.686Z"}
{"level":"info","message":"[MTF-CACHE] 15m refresh complete: 37/37 symbols","timestamp":"2026-07-22T02:50:09.076Z"}
{"level":"info","message":"[MTF-CACHE] 15m refresh complete: 37/37 symbols","timestamp":"2026-07-22T03:05:09.041Z"}
{"level":"info","message":"[MTF-CACHE] 15m refresh complete: 37/37 symbols","timestamp":"2026-07-22T03:20:08.562Z"}
{"level":"info","message":"[MTF-CACHE] 15m refresh complete: 37/37 symbols","timestamp":"2026-07-22T03:35:08.746Z"}
{"level":"info","message":"[MTF-CACHE] 15m refresh complete: 37/37 symbols","timestamp":"2026-07-22T03:50:08.720Z"}
{"level":"info","message":"[MTF-CACHE] 15m refresh complete: 37/37 symbols","timestamp":"2026-07-22T04:05:08.759Z"}
{"level":"info","message":"[MTF-CACHE] 15m refresh complete: 37/37 symbols","timestamp":"2026-07-22T04:20:08.602Z"}
{"level":"info","message":"[MTF-CACHE] 15m refresh complete: 37/37 symbols","timestamp":"2026-07-22T04:35:08.400Z"}
{"level":"info","message":"[MTF-CACHE] 15m refresh complete: 37/37 symbols","timestamp":"2026-07-22T04:50:08.939Z"}
{"level":"info","message":"[MTF-CACHE] 15m refresh complete: 37/37 symbols","timestamp":"2026-07-22T05:05:08.950Z"}
{"level":"info","message":"[MTF-CACHE] 4h refresh complete: 37/37 symbols","timestamp":"2026-07-22T05:20:06.478Z"}
{"level":"info","message":"[MTF-CACHE] 15m refresh complete: 37/37 symbols","timestamp":"2026-07-22T05:20:08.789Z"}
{"level":"info","message":"[MTF-CACHE] 15m refresh complete: 37/37 symbols","timestamp":"2026-07-22T05:35:08.782Z"}
{"level":"info","message":"[MTF-CACHE] 15m refresh complete: 37/37 symbols","timestamp":"2026-07-22T05:50:08.932Z"}
{"level":"info","message":"[MTF-CACHE] 15m refresh complete: 37/37 symbols","timestamp":"2026-07-22T06:05:08.597Z"}
{"level":"debug","message":"[CYCLE] Correlated pairs (r>0.85): BTC/LINK=0.86, BTC/ETH=0.89, XRP/LINK=0.87, XRP/DOGE=0.89, LINK/BNB=0.86, LINK/SUI=0.88, LINK/DOGE=0.90, LINK/ETH=0.93, BNB/DOGE=0.88","timestamp":"2026-07-22T06:09:49.291Z"}
{"level":"debug","message":"[CYCLE] ATR sizing: medianATRPct=2.68% (37 symbols)","timestamp":"2026-07-22T06:09:49.295Z"}
{"level":"debug","message":"[CYCLE] BTC macro: bull=false EMA200","timestamp":"2026-07-22T06:09:49.296Z"}
{"level":"debug","message":"[REGIME] BEAR_CHOP  candidate=BEAR_CHOP streak=0  (ADX 12.01)","timestamp":"2026-07-22T06:09:49.298Z"}
{"level":"debug","message":"[DRIFT] no reference configured (log-only) (n=0, WR 0%)","timestamp":"2026-07-22T06:09:49.568Z"}
{"level":"debug","message":"[CYCLE] BTC/USDC: starting cycle, candles=769 lastClose=65882.70000000 lastTs=2026-07-22T00:00:00.000Z","timestamp":"2026-07-22T06:09:50.072Z"}
{"level":"debug","message":"[AGG] BTC/USDC: strategy[0]=unknown → HOLD conf=0.20 \"No EMA crossover (fast 64797.1738 vs slow 64137.1750)\"","timestamp":"2026-07-22T06:09:50.075Z"}
{"level":"debug","message":"[AGG] BTC/USDC: strategy[1]=unknown → HOLD conf=0.10 \"PSAR uptrend continues (SAR 62682.3174)\"","timestamp":"2026-07-22T06:09:50.075Z"}
{"level":"debug","message":"[AGG] BTC/USDC: strategy[2]=unknown → HOLD conf=0.15 \"HA bullish continuation\"","timestamp":"2026-07-22T06:09:50.075Z"}
{"level":"debug","message":"[AGG] BTC/USDC: votes BUY=0.00 SELL=0.00 HOLD=0.45 total_voters=3 external=0","timestamp":"2026-07-22T06:09:50.075Z"}
{"level":"debug","message":"[AGG] BTC/USDC: decision=HOLD confidence=0.15 tie=false belowMin=true (minConf=0.35750000000000004)","timestamp":"2026-07-22T06:09:50.076Z"}
{"level":"debug","message":"[CYCLE] XRP/USDC: starting cycle, candles=769 lastClose=1.13240000 lastTs=2026-07-22T00:00:00.000Z","timestamp":"2026-07-22T06:09:50.088Z"}
{"level":"debug","message":"[AGG] XRP/USDC: strategy[0]=unknown → SELL conf=0.69 \"Price 1.1578 ≥ upper BB 1.1413 (bw 7.9%)\"","timestamp":"2026-07-22T06:09:50.108Z"}
{"level":"debug","message":"[AGG] XRP/USDC: strategy[1]=unknown → HOLD conf=0.20 \"Stoch K=96.3 D=88.2 — no crossover in extreme zone\"","timestamp":"2026-07-22T06:09:50.108Z"}
{"level":"debug","message":"[AGG] XRP/USDC: strategy[2]=unknown → HOLD conf=0.20 \"No EMA crossover (fast 1.1103 vs slow 1.1041)\"","timestamp":"2026-07-22T06:09:50.108Z"}
{"level":"debug","message":"[AGG] XRP/USDC: votes BUY=0.00 SELL=0.69 HOLD=0.40 total_voters=3 external=0","timestamp":"2026-07-22T06:09:50.108Z"}
{"level":"debug","message":"[AGG] XRP/USDC: decision=HOLD confidence=0.23 tie=false belowMin=true (minConf=0.35750000000000004)","timestamp":"2026-07-22T06:09:50.108Z"}
{"level":"debug","message":"[CYCLE] LINK/USDC: starting cycle, candles=769 lastClose=8.62900000 lastTs=2026-07-22T00:00:00.000Z","timestamp":"2026-07-22T06:09:50.115Z"}
{"level":"debug","message":"[AGG] LINK/USDC: strategy[0]=unknown → HOLD conf=0.20 \"Price 8.6270 inside BB [7.7928–8.7651]\"","timestamp":"2026-07-22T06:09:50.140Z"}
{"level":"debug","message":"[AGG] LINK/USDC: strategy[1]=unknown → SELL conf=0.60 \"Stoch K=82.5 crossed below D=90.2 in overbought zone\"","timestamp":"2026-07-22T06:09:50.140Z"}
{"level":"debug","message":"[AGG] LINK/USDC: strategy[2]=unknown → HOLD conf=0.10 \"Supertrend uptrend continues (ST 8.1017)\"","timestamp":"2026-07-22T06:09:50.140Z"}
{"level":"debug","message":"[AGG] LINK/USDC: votes BUY=0.00 SELL=0.60 HOLD=0.30 total_voters=3 external=0","timestamp":"2026-07-22T06:09:50.140Z"}
{"level":"debug","message":"[AGG] LINK/USDC: decision=HOLD confidence=0.20 tie=false belowMin=true (minConf=0.45499999999999996)","timestamp":"2026-07-22T06:09:50.140Z"}
{"level":"debug","message":"[CYCLE] BNB/USDC: starting cycle, candles=769 lastClose=568.94000000 lastTs=2026-07-22T00:00:00.000Z","timestamp":"2026-07-22T06:09:50.146Z"}
{"level":"debug","message":"[AGG] BNB/USDC: strategy[0]=unknown → HOLD conf=0.20 \"%R -40.1 neutral\"","timestamp":"2026-07-22T06:09:50.149Z"}
{"level":"debug","message":"[AGG] BNB/USDC: strategy[1]=unknown → HOLD conf=0.15 \"HA bullish continuation\"","timestamp":"2026-07-22T06:09:50.149Z"}
{"level":"debug","message":"[AGG] BNB/USDC: strategy[2]=unknown → BUY conf=0.62 \"Support 569.9200 (3×)\"","timestamp":"2026-07-22T06:09:50.149Z"}
{"level":"debug","message":"[AGG] BNB/USDC: votes BUY=0.62 SELL=0.00 HOLD=0.35 total_voters=3 external=0","timestamp":"2026-07-22T06:09:50.149Z"}
{"level":"debug","message":"[AGG] BNB/USDC: decision=HOLD confidence=0.21 tie=false belowMin=true (minConf=0.35750000000000004)","timestamp":"2026-07-22T06:09:50.150Z"}
{"level":"debug","message":"[CYCLE] LTC/USDC: starting cycle, candles=769 lastClose=46.36000000 lastTs=2026-07-22T00:00:00.000Z","timestamp":"2026-07-22T06:09:50.155Z"}
{"level":"debug","message":"[AGG] LTC/USDC: strategy[0]=unknown → HOLD conf=0.20 \"Price 47.3400 inside BB [42.7645–48.2985]\"","timestamp":"2026-07-22T06:09:50.171Z"}
{"level":"debug","message":"[AGG] LTC/USDC: strategy[1]=unknown → HOLD conf=0.20 \"No EMA crossover (fast 46.5080 vs slow 45.6398)\"","timestamp":"2026-07-22T06:09:50.171Z"}
{"level":"debug","message":"[AGG] LTC/USDC: strategy[2]=unknown → SELL conf=0.61 \"%R -19.4 overbought ↓ reversal confirmed\"","timestamp":"2026-07-22T06:09:50.171Z"}
{"level":"debug","message":"[AGG] LTC/USDC: votes BUY=0.00 SELL=0.61 HOLD=0.40 total_voters=3 external=0","timestamp":"2026-07-22T06:09:50.171Z"}
{"level":"debug","message":"[AGG] LTC/USDC: decision=HOLD confidence=0.20 tie=false belowMin=true (minConf=0.35750000000000004)","timestamp":"2026-07-22T06:09:50.172Z"}
{"level":"debug","message":"[CYCLE] NEAR/USDC: starting cycle, candles=769 lastClose=1.90600000 lastTs=2026-07-22T00:00:00.000Z","timestamp":"2026-07-22T06:09:50.219Z"}
{"level":"debug","message":"[AGG] NEAR/USDC: strategy[0]=unknown → HOLD conf=0.20 \"RSI 47.7 neutral\"","timestamp":"2026-07-22T06:09:50.223Z"}
{"level":"debug","message":"[AGG] NEAR/USDC: strategy[1]=unknown → HOLD conf=0.20 \"Price 1.9350 inside BB [1.8374–2.0827]\"","timestamp":"2026-07-22T06:09:50.224Z"}
{"level":"debug","message":"[AGG] NEAR/USDC: strategy[2]=unknown → HOLD conf=0.20 \"Stoch K=20.1 D=42.7 — no crossover in extreme zone\"","timestamp":"2026-07-22T06:09:50.224Z"}
{"level":"debug","message":"[AGG] NEAR/USDC: strategy[3]=unknown → HOLD conf=0.10 \"No significant S/R zone nearby\"","timestamp":"2026-07-22T06:09:50.224Z"}
{"level":"debug","message":"[AGG] NEAR/USDC: votes BUY=0.00 SELL=0.00 HOLD=0.70 total_voters=4 external=0","timestamp":"2026-07-22T06:09:50.224Z"}
{"level":"debug","message":"[AGG] NEAR/USDC: decision=HOLD confidence=0.17 tie=false belowMin=true (minConf=0.45499999999999996)","timestamp":"2026-07-22T06:09:50.224Z"}
{"level":"debug","message":"[CYCLE] TRX/USDC: starting cycle, candles=769 lastClose=0.32870000 lastTs=2026-07-22T00:00:00.000Z","timestamp":"2026-07-22T06:09:50.227Z"}
{"level":"debug","message":"[AGG] TRX/USDC: strategy[0]=unknown → HOLD conf=0.20 \"CCI 85.2 neutral\"","timestamp":"2026-07-22T06:09:50.242Z"}
{"level":"debug","message":"[AGG] TRX/USDC: strategy[1]=unknown → HOLD conf=0.20 \"Stoch K=94.7 D=76.5 — no crossover in extreme zone\"","timestamp":"2026-07-22T06:09:50.242Z"}
{"level":"debug","message":"[AGG] TRX/USDC: strategy[2]=unknown → HOLD conf=0.20 \"StochRSI K=100.0 D=94.9 — no extreme crossover\"","timestamp":"2026-07-22T06:09:50.243Z"}
{"level":"debug","message":"[AGG] TRX/USDC: votes BUY=0.00 SELL=0.00 HOLD=0.60 total_voters=3 external=0","timestamp":"2026-07-22T06:09:50.243Z"}
{"level":"debug","message":"[AGG] TRX/USDC: decision=HOLD confidence=0.20 tie=false belowMin=true (minConf=0.45499999999999996)","timestamp":"2026-07-22T06:09:50.243Z"}
{"level":"debug","message":"[CYCLE] BCH/USDC: starting cycle, candles=769 lastClose=221.80000000 lastTs=2026-07-22T00:00:00.000Z","timestamp":"2026-07-22T06:09:50.247Z"}
{"level":"debug","message":"[AGG] BCH/USDC: strategy[0]=unknown → HOLD conf=0.20 \"Price 225.2000 inside BB [208.1309–245.5391]\"","timestamp":"2026-07-22T06:09:50.252Z"}
{"level":"debug","message":"[AGG] BCH/USDC: strategy[1]=unknown → HOLD conf=0.20 \"OBV below EMA-20 — no cross\"","timestamp":"2026-07-22T06:09:50.252Z"}
{"level":"debug","message":"[AGG] BCH/USDC: strategy[2]=unknown → HOLD conf=0.20 \"%R -45.1 neutral\"","timestamp":"2026-07-22T06:09:50.252Z"}
{"level":"debug","message":"[AGG] BCH/USDC: votes BUY=0.00 SELL=0.00 HOLD=0.60 total_voters=3 external=0","timestamp":"2026-07-22T06:09:50.252Z"}
{"level":"debug","message":"[AGG] BCH/USDC: decision=HOLD confidence=0.20 tie=false belowMin=true (minConf=0.35750000000000004)","timestamp":"2026-07-22T06:09:50.252Z"}
{"level":"debug","message":"[CYCLE] ACH/USDC: starting cycle, candles=769 lastClose=0.00430000 lastTs=2026-07-22T00:00:00.000Z","timestamp":"2026-07-22T06:09:50.259Z"}
{"level":"debug","message":"[AGG] ACH/USDC: strategy[0]=unknown → HOLD conf=0.20 \"RSI 47.5 neutral\"","timestamp":"2026-07-22T06:09:50.269Z"}
{"level":"debug","message":"[AGG] ACH/USDC: strategy[1]=unknown → HOLD conf=0.20 \"Price 0.0044 inside BB [0.0042–0.0046]\"","timestamp":"2026-07-22T06:09:50.269Z"}
{"level":"debug","message":"[AGG] ACH/USDC: strategy[2]=unknown → HOLD conf=0.20 \"CCI -25.4 neutral\"","timestamp":"2026-07-22T06:09:50.269Z"}
{"level":"debug","message":"[AGG] ACH/USDC: votes BUY=0.00 SELL=0.00 HOLD=0.60 total_voters=3 external=0","timestamp":"2026-07-22T06:09:50.269Z"}
{"level":"debug","message":"[AGG] ACH/USDC: decision=HOLD confidence=0.20 tie=false belowMin=true (minConf=0.45499999999999996)","timestamp":"2026-07-22T06:09:50.269Z"}
{"level":"debug","message":"[CYCLE] CRV/USDC: starting cycle, candles=769 lastClose=0.21290000 lastTs=2026-07-22T00:00:00.000Z","timestamp":"2026-07-22T06:09:50.279Z"}
{"level":"debug","message":"[AGG] CRV/USDC: strategy[0]=unknown → HOLD conf=0.10 \"ADX 10.7 < 25 — ranging, skip\"","timestamp":"2026-07-22T06:09:50.286Z"}
{"level":"debug","message":"[AGG] CRV/USDC: strategy[1]=unknown → HOLD conf=0.20 \"StochRSI K=35.3 D=44.8 — no extreme crossover\"","timestamp":"2026-07-22T06:09:50.286Z"}
{"level":"debug","message":"[AGG] CRV/USDC: strategy[2]=unknown → HOLD conf=0.10 \"No significant S/R zone nearby\"","timestamp":"2026-07-22T06:09:50.286Z"}
{"level":"debug","message":"[AGG] CRV/USDC: votes BUY=0.00 SELL=0.00 HOLD=0.40 total_voters=3 external=0","timestamp":"2026-07-22T06:09:50.286Z"}
{"level":"debug","message":"[AGG] CRV/USDC: decision=HOLD confidence=0.13 tie=false belowMin=true (minConf=0.35750000000000004)","timestamp":"2026-07-22T06:09:50.286Z"}
{"level":"debug","message":"[CYCLE] ENS/USDC: starting cycle, candles=769 lastClose=4.61000000 lastTs=2026-07-22T00:00:00.000Z","timestamp":"2026-07-22T06:09:50.299Z"}
{"level":"debug","message":"[AGG] ENS/USDC: strategy[0]=unknown → HOLD conf=0.20 \"Price 4.5300 inside BB [3.9745–4.7075]\"","timestamp":"2026-07-22T06:09:50.304Z"}
{"level":"debug","message":"[AGG] ENS/USDC: strategy[1]=unknown → HOLD conf=0.10 \"PSAR uptrend continues (SAR 4.3344)\"","timestamp":"2026-07-22T06:09:50.304Z"}
{"level":"debug","message":"[AGG] ENS/USDC: strategy[2]=unknown → HOLD conf=0.10 \"No significant S/R zone nearby\"","timestamp":"2026-07-22T06:09:50.304Z"}
{"level":"debug","message":"[AGG] ENS/USDC: votes BUY=0.00 SELL=0.00 HOLD=0.40 total_voters=3 external=0","timestamp":"2026-07-22T06:09:50.304Z"}
{"level":"debug","message":"[AGG] ENS/USDC: decision=HOLD confidence=0.13 tie=false belowMin=true (minConf=0.35750000000000004)","timestamp":"2026-07-22T06:09:50.304Z"}
{"level":"debug","message":"[CYCLE] GMX/USDC: starting cycle, candles=745 lastClose=6.08000000 lastTs=2026-07-10T00:00:00.000Z","timestamp":"2026-07-22T06:09:50.324Z"}
{"level":"debug","message":"[AGG] GMX/USDC: strategy[0]=unknown → HOLD conf=0.20 \"RSI 56.6 neutral\"","timestamp":"2026-07-22T06:09:50.327Z"}
{"level":"debug","message":"[AGG] GMX/USDC: strategy[1]=unknown → HOLD conf=0.20 \"Price 5.9600 inside BB [5.3840–6.1760]\"","timestamp":"2026-07-22T06:09:50.327Z"}
{"level":"debug","message":"[AGG] GMX/USDC: strategy[2]=unknown → HOLD conf=0.20 \"CCI 71.8 neutral\"","timestamp":"2026-07-22T06:09:50.327Z"}
{"level":"debug","message":"[AGG] GMX/USDC: votes BUY=0.00 SELL=0.00 HOLD=0.60 total_voters=3 external=0","timestamp":"2026-07-22T06:09:50.327Z"}
{"level":"debug","message":"[AGG] GMX/USDC: decision=HOLD confidence=0.20 tie=false belowMin=true (minConf=0.45499999999999996)","timestamp":"2026-07-22T06:09:50.327Z"}
{"level":"debug","message":"[CYCLE] LDO/USDC: starting cycle, candles=769 lastClose=0.39320000 lastTs=2026-07-22T00:00:00.000Z","timestamp":"2026-07-22T06:09:50.330Z"}
{"level":"debug","message":"[AGG] LDO/USDC: strategy[0]=unknown → HOLD conf=0.20 \"MACD 0.0219 vs signal 0.0205 hist:0.0014\"","timestamp":"2026-07-22T06:09:50.341Z"}
{"level":"debug","message":"[AGG] LDO/USDC: strategy[1]=unknown → BUY conf=0.89 \"ADX 49.3 uptrend (+DI 40.4 > -DI 9.8)\"","timestamp":"2026-07-22T06:09:50.341Z"}
{"level":"debug","message":"[AGG] LDO/USDC: strategy[2]=unknown → HOLD conf=0.20 \"%R -20.5 neutral\"","timestamp":"2026-07-22T06:09:50.342Z"}
{"level":"debug","message":"[AGG] LDO/USDC: votes BUY=0.89 SELL=0.00 HOLD=0.40 total_voters=3 external=0","timestamp":"2026-07-22T06:09:50.342Z"}
{"level":"debug","message":"[AGG] LDO/USDC: decision=HOLD confidence=0.30 tie=false belowMin=true (minConf=0.35750000000000004)","timestamp":"2026-07-22T06:09:50.342Z"}
{"level":"debug","message":"[CYCLE] JTO/USDC: starting cycle, candles=769 lastClose=0.63350000 lastTs=2026-07-22T00:00:00.000Z","timestamp":"2026-07-22T06:09:50.356Z"}
{"level":"debug","message":"[AGG] JTO/USDC: strategy[0]=unknown → HOLD conf=0.20 \"CCI 51.7 neutral\"","timestamp":"2026-07-22T06:09:50.358Z"}
{"level":"debug","message":"[AGG] JTO/USDC: strategy[1]=unknown → HOLD conf=0.10 \"PSAR uptrend continues (SAR 0.5418)\"","timestamp":"2026-07-22T06:09:50.358Z"}
{"level":"debug","message":"[AGG] JTO/USDC: strategy[2]=unknown → HOLD conf=0.10 \"No significant S/R zone nearby\"","timestamp":"2026-07-22T06:09:50.358Z"}
{"level":"debug","message":"[AGG] JTO/USDC: votes BUY=0.00 SELL=0.00 HOLD=0.40 total_voters=3 external=0","timestamp":"2026-07-22T06:09:50.358Z"}
{"level":"debug","message":"[AGG] JTO/USDC: decision=HOLD confidence=0.13 tie=false belowMin=true (minConf=0.35750000000000004)","timestamp":"2026-07-22T06:09:50.358Z"}
{"level":"debug","message":"[CYCLE] LSK/USDC: starting cycle, candles=413 lastClose=0.09200000 lastTs=2026-06-12T00:00:00.000Z","timestamp":"2026-07-22T06:09:50.360Z"}
{"level":"debug","message":"[AGG] LSK/USDC: strategy[0]=unknown → BUY conf=0.55 \"MACD crossed above signal hist:0.0001\"","timestamp":"2026-07-22T06:09:50.363Z"}
{"level":"debug","message":"[AGG] LSK/USDC: strategy[1]=unknown → HOLD conf=0.20 \"MFI 58.7 neutral\"","timestamp":"2026-07-22T06:09:50.363Z"}
{"level":"debug","message":"[AGG] LSK/USDC: strategy[2]=unknown → HOLD conf=0.10 \"PSAR downtrend continues (SAR 0.0960)\"","timestamp":"2026-07-22T06:09:50.363Z"}
{"level":"debug","message":"[AGG] LSK/USDC: votes BUY=0.55 SELL=0.00 HOLD=0.30 total_voters=3 external=0","timestamp":"2026-07-22T06:09:50.363Z"}
{"level":"debug","message":"[AGG] LSK/USDC: decision=HOLD confidence=0.18 tie=false belowMin=true (minConf=0.35750000000000004)","timestamp":"2026-07-22T06:09:50.363Z"}
{"level":"debug","message":"[CYCLE] MANTA/USDC: starting cycle, candles=769 lastClose=0.06396000 lastTs=2026-07-22T00:00:00.000Z","timestamp":"2026-07-22T06:09:50.388Z"}
{"level":"debug","message":"[AGG] MANTA/USDC: strategy[0]=unknown → HOLD conf=0.20 \"RSI 49.1 neutral\"","timestamp":"2026-07-22T06:09:50.402Z"}
{"level":"debug","message":"[AGG] MANTA/USDC: strategy[1]=unknown → HOLD conf=0.20 \"Price 0.0629 inside BB [0.0571–0.0671]\"","timestamp":"2026-07-22T06:09:50.402Z"}
{"level":"debug","message":"[AGG] MANTA/USDC: strategy[2]=unknown → HOLD conf=0.20 \"CCI 26.1 neutral\"","timestamp":"2026-07-22T06:09:50.402Z"}
{"level":"debug","message":"[AGG] MANTA/USDC: votes BUY=0.00 SELL=0.00 HOLD=0.60 total_voters=3 external=0","timestamp":"2026-07-22T06:09:50.402Z"}
{"level":"debug","message":"[AGG] MANTA/USDC: decision=HOLD confidence=0.20 tie=false belowMin=true (minConf=0.45499999999999996)","timestamp":"2026-07-22T06:09:50.402Z"}
{"level":"debug","message":"[CYCLE] PAXG/USDC: starting cycle, candles=769 lastClose=4120.17000000 lastTs=2026-07-22T00:00:00.000Z","timestamp":"2026-07-22T06:09:50.405Z"}
{"level":"debug","message":"[AGG] PAXG/USDC: strategy[0]=unknown → HOLD conf=0.20 \"MACD -14.5310 vs signal -21.6697 hist:7.1387\"","timestamp":"2026-07-22T06:09:50.408Z"}
{"level":"debug","message":"[AGG] PAXG/USDC: strategy[1]=unknown → SELL conf=0.50 \"ADX 23.2 downtrend (-DI 25.4 > +DI 23.6)\"","timestamp":"2026-07-22T06:09:50.408Z"}
{"level":"debug","message":"[AGG] PAXG/USDC: strategy[2]=unknown → HOLD conf=0.10 \"Supertrend downtrend continues (ST 4097.6539)\"","timestamp":"2026-07-22T06:09:50.408Z"}
{"level":"debug","message":"[AGG] PAXG/USDC: votes BUY=0.00 SELL=0.50 HOLD=0.30 total_voters=3 external=0","timestamp":"2026-07-22T06:09:50.408Z"}
{"level":"debug","message":"[AGG] PAXG/USDC: decision=HOLD confidence=0.17 tie=false belowMin=true (minConf=0.35750000000000004)","timestamp":"2026-07-22T06:09:50.408Z"}
{"level":"debug","message":"[CYCLE] PIXEL/USDC: starting cycle, candles=769 lastClose=0.00447000 lastTs=2026-07-22T00:00:00.000Z","timestamp":"2026-07-22T06:09:50.425Z"}
{"level":"debug","message":"[AGG] PIXEL/USDC: strategy[0]=unknown → HOLD conf=0.20 \"No EMA crossover (fast 0.0045 vs slow 0.0046)\"","timestamp":"2026-07-22T06:09:50.426Z"}
{"level":"debug","message":"[AGG] PIXEL/USDC: strategy[1]=unknown → HOLD conf=0.10 \"ADX 17.0 < 20 — ranging, skip\"","timestamp":"2026-07-22T06:09:50.426Z"}
{"level":"debug","message":"[AGG] PIXEL/USDC: strategy[2]=unknown → BUY conf=0.62 \"Support 0.0046 (3×)\"","timestamp":"2026-07-22T06:09:50.426Z"}
{"level":"debug","message":"[AGG] PIXEL/USDC: votes BUY=0.62 SELL=0.00 HOLD=0.30 total_voters=3 external=0","timestamp":"2026-07-22T06:09:50.426Z"}
{"level":"debug","message":"[AGG] PIXEL/USDC: decision=HOLD confidence=0.21 tie=false belowMin=true (minConf=0.35750000000000004)","timestamp":"2026-07-22T06:09:50.426Z"}
{"level":"debug","message":"[CYCLE] SUI/USDC: starting cycle, candles=769 lastClose=0.75880000 lastTs=2026-07-22T00:00:00.000Z","timestamp":"2026-07-22T06:09:50.458Z"}
{"level":"debug","message":"[AGG] SUI/USDC: strategy[0]=unknown → HOLD conf=0.20 \"RSI 58.8 neutral\"","timestamp":"2026-07-22T06:09:50.467Z"}
{"level":"debug","message":"[AGG] SUI/USDC: strategy[1]=unknown → SELL conf=0.55 \"Stoch K=80.0 crossed below D=89.1 in overbought zone\"","timestamp":"2026-07-22T06:09:50.467Z"}
{"level":"debug","message":"[AGG] SUI/USDC: strategy[2]=unknown → HOLD conf=0.20 \"MFI 42.2 neutral\"","timestamp":"2026-07-22T06:09:50.467Z"}
{"level":"debug","message":"[AGG] SUI/USDC: votes BUY=0.00 SELL=0.55 HOLD=0.40 total_voters=3 external=0","timestamp":"2026-07-22T06:09:50.467Z"}
{"level":"debug","message":"[AGG] SUI/USDC: decision=HOLD confidence=0.18 tie=false belowMin=true (minConf=0.45499999999999996)","timestamp":"2026-07-22T06:09:50.467Z"}
{"level":"debug","message":"[CYCLE] TIA/USDC: starting cycle, candles=769 lastClose=0.36010000 lastTs=2026-07-22T00:00:00.000Z","timestamp":"2026-07-22T06:09:50.470Z"}
{"level":"debug","message":"[AGG] TIA/USDC: strategy[0]=unknown → HOLD conf=0.20 \"CCI -67.2 neutral\"","timestamp":"2026-07-22T06:09:50.473Z"}
{"level":"debug","message":"[AGG] TIA/USDC: strategy[1]=unknown → HOLD conf=0.20 \"MACD -0.0093 vs signal -0.0058 hist:-0.0035\"","timestamp":"2026-07-22T06:09:50.473Z"}
{"level":"debug","message":"[AGG] TIA/USDC: strategy[2]=unknown → HOLD conf=0.20 \"HA flipped but prior streak too short (1 < 3)\"","timestamp":"2026-07-22T06:09:50.473Z"}
{"level":"debug","message":"[AGG] TIA/USDC: votes BUY=0.00 SELL=0.00 HOLD=0.60 total_voters=3 external=0","timestamp":"2026-07-22T06:09:50.473Z"}
{"level":"debug","message":"[AGG] TIA/USDC: decision=HOLD confidence=0.20 tie=false belowMin=true (minConf=0.35750000000000004)","timestamp":"2026-07-22T06:09:50.473Z"}
{"level":"debug","message":"[CYCLE] THETA/USDC: starting cycle, candles=769 lastClose=0.13720000 lastTs=2026-07-22T00:00:00.000Z","timestamp":"2026-07-22T06:09:50.490Z"}
{"level":"debug","message":"[AGG] THETA/USDC: strategy[0]=unknown → HOLD conf=0.20 \"RSI 46.0 neutral\"","timestamp":"2026-07-22T06:09:50.494Z"}
{"level":"debug","message":"[AGG] THETA/USDC: strategy[1]=unknown → HOLD conf=0.20 \"CCI -68.3 neutral\"","timestamp":"2026-07-22T06:09:50.494Z"}
{"level":"debug","message":"[AGG] THETA/USDC: strategy[2]=unknown → BUY conf=0.55 \"OBV crossed above EMA-20 — volume buyers in control\"","timestamp":"2026-07-22T06:09:50.494Z"}
{"level":"debug","message":"[AGG] THETA/USDC: votes BUY=0.55 SELL=0.00 HOLD=0.40 total_voters=3 external=0","timestamp":"2026-07-22T06:09:50.494Z"}
{"level":"debug","message":"[AGG] THETA/USDC: decision=HOLD confidence=0.18 tie=false belowMin=true (minConf=0.35750000000000004)","timestamp":"2026-07-22T06:09:50.494Z"}
{"level":"debug","message":"[CYCLE] VANRY/USDC: starting cycle, candles=769 lastClose=0.00479300 lastTs=2026-07-22T00:00:00.000Z","timestamp":"2026-07-22T06:09:50.497Z"}
{"level":"debug","message":"[AGG] VANRY/USDC: strategy[0]=unknown → HOLD conf=0.20 \"No EMA crossover (fast 0.0052 vs slow 0.0053)\"","timestamp":"2026-07-22T06:09:50.499Z"}
{"level":"debug","message":"[AGG] VANRY/USDC: strategy[1]=unknown → HOLD conf=0.20 \"MACD -0.0001 vs signal -0.0000 hist:-0.0001\"","timestamp":"2026-07-22T06:09:50.499Z"}
{"level":"debug","message":"[AGG] VANRY/USDC: strategy[2]=unknown → BUY conf=0.60 \"ADX 29.8 uptrend (+DI 29.9 > -DI 23.6)\"","timestamp":"2026-07-22T06:09:50.499Z"}
{"level":"debug","message":"[AGG] VANRY/USDC: votes BUY=0.60 SELL=0.00 HOLD=0.40 total_voters=3 external=0","timestamp":"2026-07-22T06:09:50.499Z"}
{"level":"debug","message":"[AGG] VANRY/USDC: decision=HOLD confidence=0.20 tie=false belowMin=true (minConf=0.35750000000000004)","timestamp":"2026-07-22T06:09:50.499Z"}
{"level":"debug","message":"[CYCLE] SOL/USDC: starting cycle, candles=769 lastClose=77.26000000 lastTs=2026-07-22T00:00:00.000Z","timestamp":"2026-07-22T06:09:50.516Z"}
{"level":"debug","message":"[AGG] SOL/USDC: strategy[0]=unknown → HOLD conf=0.20 \"Price 77.8200 inside BB [73.8790–78.8430]\"","timestamp":"2026-07-22T06:09:50.520Z"}
{"level":"debug","message":"[AGG] SOL/USDC: strategy[1]=unknown → HOLD conf=0.20 \"%R -20.9 neutral\"","timestamp":"2026-07-22T06:09:50.520Z"}
{"level":"debug","message":"[AGG] SOL/USDC: strategy[2]=unknown → SELL conf=0.65 \"StochRSI K=84.9 crossed below D=95.0 in overbought ↓\"","timestamp":"2026-07-22T06:09:50.520Z"}
{"level":"debug","message":"[AGG] SOL/USDC: votes BUY=0.00 SELL=0.65 HOLD=0.40 total_voters=3 external=0","timestamp":"2026-07-22T06:09:50.520Z"}
{"level":"debug","message":"[AGG] SOL/USDC: decision=HOLD confidence=0.22 tie=false belowMin=true (minConf=0.35750000000000004)","timestamp":"2026-07-22T06:09:50.520Z"}
{"level":"debug","message":"[CYCLE] ADA/USDC: starting cycle, candles=769 lastClose=0.17110000 lastTs=2026-07-22T00:00:00.000Z","timestamp":"2026-07-22T06:09:50.535Z"}
{"level":"debug","message":"[AGG] ADA/USDC: strategy[0]=unknown → HOLD conf=0.20 \"RSI 58.8 neutral\"","timestamp":"2026-07-22T06:09:50.540Z"}
{"level":"debug","message":"[AGG] ADA/USDC: strategy[1]=unknown → SELL conf=0.52 \"Price 0.1736 ≥ upper BB 0.1732 (bw 10.8%)\"","timestamp":"2026-07-22T06:09:50.540Z"}
{"level":"debug","message":"[AGG] ADA/USDC: strategy[2]=unknown → SELL conf=1.00 \"CCI 228.8 overbought ↓ reversal confirmed\"","timestamp":"2026-07-22T06:09:50.540Z"}
{"level":"debug","message":"[AGG] ADA/USDC: votes BUY=0.00 SELL=1.52 HOLD=0.20 total_voters=3 external=0","timestamp":"2026-07-22T06:09:50.540Z"}
{"level":"debug","message":"[AGG] ADA/USDC: decision=SELL confidence=0.51 tie=false","timestamp":"2026-07-22T06:09:50.540Z"}
{"level":"debug","message":"[CYCLE] AVAX/USDC: starting cycle, candles=769 lastClose=6.47300000 lastTs=2026-07-22T00:00:00.000Z","timestamp":"2026-07-22T06:09:50.552Z"}
{"level":"debug","message":"[AGG] AVAX/USDC: strategy[0]=unknown → HOLD conf=0.20 \"RSI 51.6 neutral\"","timestamp":"2026-07-22T06:09:50.553Z"}
{"level":"debug","message":"[AGG] AVAX/USDC: strategy[1]=unknown → HOLD conf=0.20 \"MACD -0.0143 vs signal -0.0229 hist:0.0086\"","timestamp":"2026-07-22T06:09:50.553Z"}
{"level":"debug","message":"[AGG] AVAX/USDC: strategy[2]=unknown → HOLD conf=0.10 \"PSAR uptrend continues (SAR 6.3750)\"","timestamp":"2026-07-22T06:09:50.553Z"}
{"level":"debug","message":"[AGG] AVAX/USDC: votes BUY=0.00 SELL=0.00 HOLD=0.50 total_voters=3 external=0","timestamp":"2026-07-22T06:09:50.553Z"}
{"level":"debug","message":"[AGG] AVAX/USDC: decision=HOLD confidence=0.17 tie=false belowMin=true (minConf=0.35750000000000004)","timestamp":"2026-07-22T06:09:50.553Z"}
{"level":"debug","message":"[CYCLE] DOGE/USDC: starting cycle, candles=769 lastClose=0.07242000 lastTs=2026-07-22T00:00:00.000Z","timestamp":"2026-07-22T06:09:50.572Z"}
{"level":"debug","message":"[AGG] DOGE/USDC: strategy[0]=unknown → HOLD conf=0.20 \"No EMA crossover (fast 0.0728 vs slow 0.0732)\"","timestamp":"2026-07-22T06:09:50.573Z"}
{"level":"debug","message":"[AGG] DOGE/USDC: strategy[1]=unknown → HOLD conf=0.10 \"PSAR downtrend continues (SAR 0.0747)\"","timestamp":"2026-07-22T06:09:50.573Z"}
{"level":"debug","message":"[AGG] DOGE/USDC: strategy[2]=unknown → HOLD conf=0.20 \"HA flipped but prior streak too short (1 < 3)\"","timestamp":"2026-07-22T06:09:50.573Z"}
{"level":"debug","message":"[AGG] DOGE/USDC: votes BUY=0.00 SELL=0.00 HOLD=0.50 total_voters=3 external=0","timestamp":"2026-07-22T06:09:50.573Z"}
{"level":"debug","message":"[AGG] DOGE/USDC: decision=HOLD confidence=0.17 tie=false belowMin=true (minConf=0.35750000000000004)","timestamp":"2026-07-22T06:09:50.573Z"}
{"level":"debug","message":"[CYCLE] INJ/USDC: starting cycle, candles=769 lastClose=5.29900000 lastTs=2026-07-22T00:00:00.000Z","timestamp":"2026-07-22T06:09:50.595Z"}
{"level":"debug","message":"[AGG] INJ/USDC: strategy[0]=unknown → HOLD conf=0.10 \"ADX 19.3 < 25 — ranging, skip\"","timestamp":"2026-07-22T06:09:50.598Z"}
{"level":"debug","message":"[AGG] INJ/USDC: strategy[1]=unknown → HOLD conf=0.20 \"OBV above EMA-20 — no cross\"","timestamp":"2026-07-22T06:09:50.598Z"}
{"level":"debug","message":"[AGG] INJ/USDC: strategy[2]=unknown → SELL conf=0.59 \"StochRSI K=82.1 crossed below D=91.0 in overbought ↓\"","timestamp":"2026-07-22T06:09:50.598Z"}
{"level":"debug","message":"[AGG] INJ/USDC: votes BUY=0.00 SELL=0.59 HOLD=0.30 total_voters=3 external=0","timestamp":"2026-07-22T06:09:50.598Z"}
{"level":"debug","message":"[AGG] INJ/USDC: decision=HOLD confidence=0.20 tie=false belowMin=true (minConf=0.35750000000000004)","timestamp":"2026-07-22T06:09:50.598Z"}
{"level":"debug","message":"[CYCLE] ETH/USDC: starting cycle, candles=769 lastClose=1917.18000000 lastTs=2026-07-22T00:00:00.000Z","timestamp":"2026-07-22T06:09:50.610Z"}
{"level":"debug","message":"[AGG] ETH/USDC: strategy[0]=unknown → HOLD conf=0.10 \"Supertrend uptrend continues (ST 1809.2823)\"","timestamp":"2026-07-22T06:09:50.613Z"}
{"level":"debug","message":"[AGG] ETH/USDC: strategy[1]=unknown → HOLD conf=0.20 \"MFI 72.0 neutral\"","timestamp":"2026-07-22T06:09:50.613Z"}
{"level":"debug","message":"[AGG] ETH/USDC: strategy[2]=unknown → BUY conf=0.59 \"Support 1910.8450 (2×)\"","timestamp":"2026-07-22T06:09:50.613Z"}
{"level":"debug","message":"[AGG] ETH/USDC: votes BUY=0.59 SELL=0.00 HOLD=0.30 total_voters=3 external=0","timestamp":"2026-07-22T06:09:50.613Z"}
{"level":"debug","message":"[AGG] ETH/USDC: decision=HOLD confidence=0.20 tie=false belowMin=true (minConf=0.35750000000000004)","timestamp":"2026-07-22T06:09:50.613Z"}
{"level":"debug","message":"[CYCLE] WLD/USDC: starting cycle, candles=769 lastClose=0.37640000 lastTs=2026-07-22T00:00:00.000Z","timestamp":"2026-07-22T06:09:50.631Z"}
{"level":"debug","message":"[AGG] WLD/USDC: strategy[0]=unknown → HOLD conf=0.20 \"Price 0.3807 inside BB [0.3534–0.4276]\"","timestamp":"2026-07-22T06:09:50.635Z"}
{"level":"debug","message":"[AGG] WLD/USDC: strategy[1]=unknown → HOLD conf=0.20 \"CCI -43.1 neutral\"","timestamp":"2026-07-22T06:09:50.636Z"}
{"level":"debug","message":"[AGG] WLD/USDC: strategy[2]=unknown → HOLD conf=0.10 \"ADX 22.9 < 25 — ranging, skip\"","timestamp":"2026-07-22T06:09:50.636Z"}
{"level":"debug","message":"[AGG] WLD/USDC: votes BUY=0.00 SELL=0.00 HOLD=0.50 total_voters=3 external=0","timestamp":"2026-07-22T06:09:50.636Z"}
{"level":"debug","message":"[AGG] WLD/USDC: decision=HOLD confidence=0.17 tie=false belowMin=true (minConf=0.35750000000000004)","timestamp":"2026-07-22T06:09:50.636Z"}
{"level":"debug","message":"[CYCLE] PEPE/USDC: starting cycle, candles=769 lastClose=0.00000284 lastTs=2026-07-22T00:00:00.000Z","timestamp":"2026-07-22T06:09:50.661Z"}
{"level":"debug","message":"[AGG] PEPE/USDC: strategy[0]=unknown → HOLD conf=0.20 \"No EMA crossover (fast 0.0000 vs slow 0.0000)\"","timestamp":"2026-07-22T06:09:50.662Z"}
{"level":"debug","message":"[AGG] PEPE/USDC: strategy[1]=unknown → HOLD conf=0.10 \"Supertrend uptrend continues (ST 0.0000)\"","timestamp":"2026-07-22T06:09:50.662Z"}
{"level":"debug","message":"[AGG] PEPE/USDC: strategy[2]=unknown → HOLD conf=0.20 \"OBV above EMA-20 — no cross\"","timestamp":"2026-07-22T06:09:50.662Z"}
{"level":"debug","message":"[AGG] PEPE/USDC: votes BUY=0.00 SELL=0.00 HOLD=0.50 total_voters=3 external=0","timestamp":"2026-07-22T06:09:50.662Z"}
{"level":"debug","message":"[AGG] PEPE/USDC: decision=HOLD confidence=0.17 tie=false belowMin=true (minConf=0.35750000000000004)","timestamp":"2026-07-22T06:09:50.662Z"}
{"level":"debug","message":"[CYCLE] TON/USDC: starting cycle, candles=725 lastClose=1.59800000 lastTs=2026-06-30T00:00:00.000Z","timestamp":"2026-07-22T06:09:50.674Z"}
{"level":"debug","message":"[AGG] TON/USDC: strategy[0]=unknown → HOLD conf=0.20 \"No EMA crossover (fast 1.5859 vs slow 1.6107)\"","timestamp":"2026-07-22T06:09:50.676Z"}
{"level":"debug","message":"[AGG] TON/USDC: strategy[1]=unknown → BUY conf=0.55 \"OBV crossed above EMA-20 — volume buyers in control\"","timestamp":"2026-07-22T06:09:50.676Z"}
{"level":"debug","message":"[AGG] TON/USDC: strategy[2]=unknown → HOLD conf=0.20 \"StochRSI K=100.0 D=71.5 — no extreme crossover\"","timestamp":"2026-07-22T06:09:50.676Z"}
{"level":"debug","message":"[AGG] TON/USDC: votes BUY=0.55 SELL=0.00 HOLD=0.40 total_voters=3 external=0","timestamp":"2026-07-22T06:09:50.676Z"}
{"level":"debug","message":"[AGG] TON/USDC: decision=HOLD confidence=0.18 tie=false belowMin=true (minConf=0.35750000000000004)","timestamp":"2026-07-22T06:09:50.676Z"}
{"level":"debug","message":"[CYCLE] RENDER/USDC: starting cycle, candles=769 lastClose=1.50500000 lastTs=2026-07-22T00:00:00.000Z","timestamp":"2026-07-22T06:09:50.692Z"}
{"level":"debug","message":"[AGG] RENDER/USDC: strategy[0]=unknown → HOLD conf=0.20 \"No EMA crossover (fast 1.5070 vs slow 1.5189)\"","timestamp":"2026-07-22T06:09:50.694Z"}
{"level":"debug","message":"[AGG] RENDER/USDC: strategy[1]=unknown → HOLD conf=0.20 \"OBV above EMA-20 — no cross\"","timestamp":"2026-07-22T06:09:50.694Z"}
{"level":"debug","message":"[AGG] RENDER/USDC: strategy[2]=unknown → HOLD conf=0.20 \"%R -23.7 neutral\"","timestamp":"2026-07-22T06:09:50.694Z"}
{"level":"debug","message":"[AGG] RENDER/USDC: votes BUY=0.00 SELL=0.00 HOLD=0.60 total_voters=3 external=0","timestamp":"2026-07-22T06:09:50.694Z"}
{"level":"debug","message":"[AGG] RENDER/USDC: decision=HOLD confidence=0.20 tie=false belowMin=true (minConf=0.35750000000000004)","timestamp":"2026-07-22T06:09:50.694Z"}
{"level":"debug","message":"[CYCLE] ENA/USDC: starting cycle, candles=769 lastClose=0.08670000 lastTs=2026-07-22T00:00:00.000Z","timestamp":"2026-07-22T06:09:50.714Z"}
{"level":"debug","message":"[AGG] ENA/USDC: strategy[0]=unknown → HOLD conf=0.20 \"RSI 62.3 neutral\"","timestamp":"2026-07-22T06:09:50.718Z"}
{"level":"debug","message":"[AGG] ENA/USDC: strategy[1]=unknown → HOLD conf=0.20 \"Price 0.0863 inside BB [0.0774–0.0865]\"","timestamp":"2026-07-22T06:09:50.718Z"}
{"level":"debug","message":"[AGG] ENA/USDC: strategy[2]=unknown → HOLD conf=0.76 \"CCI 163.9 overbought — still rising, wait\"","timestamp":"2026-07-22T06:09:50.718Z"}
{"level":"debug","message":"[AGG] ENA/USDC: votes BUY=0.00 SELL=0.00 HOLD=1.16 total_voters=3 external=0","timestamp":"2026-07-22T06:09:50.718Z"}
{"level":"debug","message":"[AGG] ENA/USDC: decision=HOLD confidence=0.39 tie=false belowMin=false (minConf=0.35750000000000004)","timestamp":"2026-07-22T06:09:50.718Z"}
{"level":"debug","message":"[CYCLE] ICP/USDC: starting cycle, candles=769 lastClose=2.17600000 lastTs=2026-07-22T00:00:00.000Z","timestamp":"2026-07-22T06:09:50.732Z"}
{"level":"debug","message":"[AGG] ICP/USDC: strategy[0]=unknown → HOLD conf=0.20 \"RSI 55.3 neutral\"","timestamp":"2026-07-22T06:09:50.735Z"}
{"level":"debug","message":"[AGG] ICP/USDC: strategy[1]=unknown → HOLD conf=0.20 \"Price 2.2260 inside BB [2.1027–2.2614]\"","timestamp":"2026-07-22T06:09:50.735Z"}
{"level":"debug","message":"[AGG] ICP/USDC: strategy[2]=unknown → HOLD conf=0.20 \"Stoch K=85.0 D=71.0 — no crossover in extreme zone\"","timestamp":"2026-07-22T06:09:50.735Z"}
{"level":"debug","message":"[AGG] ICP/USDC: votes BUY=0.00 SELL=0.00 HOLD=0.60 total_voters=3 external=0","timestamp":"2026-07-22T06:09:50.735Z"}
{"level":"debug","message":"[AGG] ICP/USDC: decision=HOLD confidence=0.20 tie=false belowMin=true (minConf=0.35750000000000004)","timestamp":"2026-07-22T06:09:50.735Z"}
{"level":"debug","message":"[CYCLE] APT/USDC: starting cycle, candles=769 lastClose=0.60200000 lastTs=2026-07-22T00:00:00.000Z","timestamp":"2026-07-22T06:09:50.750Z"}
{"level":"debug","message":"[AGG] APT/USDC: strategy[0]=unknown → HOLD conf=0.20 \"Price 0.6090 inside BB [0.5852–0.6310]\"","timestamp":"2026-07-22T06:09:50.756Z"}
{"level":"debug","message":"[AGG] APT/USDC: strategy[1]=unknown → HOLD conf=0.20 \"Stoch K=54.9 D=53.6 — no crossover in extreme zone\"","timestamp":"2026-07-22T06:09:50.756Z"}
{"level":"debug","message":"[AGG] APT/USDC: strategy[2]=unknown → HOLD conf=0.20 \"MFI 52.7 neutral\"","timestamp":"2026-07-22T06:09:50.756Z"}
{"level":"debug","message":"[AGG] APT/USDC: votes BUY=0.00 SELL=0.00 HOLD=0.60 total_voters=3 external=0","timestamp":"2026-07-22T06:09:50.756Z"}
{"level":"debug","message":"[AGG] APT/USDC: decision=HOLD confidence=0.20 tie=false belowMin=true (minConf=0.35750000000000004)","timestamp":"2026-07-22T06:09:50.756Z"}
{"level":"debug","message":"[CYCLE] ARB/USDC: starting cycle, candles=769 lastClose=0.09050000 lastTs=2026-07-22T00:00:00.000Z","timestamp":"2026-07-22T06:09:50.773Z"}
{"level":"debug","message":"[AGG] ARB/USDC: strategy[0]=unknown → HOLD conf=0.20 \"RSI 53.1 neutral\"","timestamp":"2026-07-22T06:09:50.774Z"}
{"level":"debug","message":"[AGG] ARB/USDC: strategy[1]=unknown → HOLD conf=0.20 \"%R -56.8 neutral\"","timestamp":"2026-07-22T06:09:50.775Z"}
{"level":"debug","message":"[AGG] ARB/USDC: strategy[2]=unknown → HOLD conf=0.20 \"HA flipped but prior streak too short (2 < 3)\"","timestamp":"2026-07-22T06:09:50.775Z"}
{"level":"debug","message":"[AGG] ARB/USDC: votes BUY=0.00 SELL=0.00 HOLD=0.60 total_voters=3 external=0","timestamp":"2026-07-22T06:09:50.775Z"}
{"level":"debug","message":"[AGG] ARB/USDC: decision=HOLD confidence=0.20 tie=false belowMin=true (minConf=0.35750000000000004)","timestamp":"2026-07-22T06:09:50.775Z"}
{"level":"debug","message":"[CYCLE] JUP/USDC: starting cycle, candles=769 lastClose=0.19560000 lastTs=2026-07-22T00:00:00.000Z","timestamp":"2026-07-22T06:09:50.789Z"}
{"level":"debug","message":"[AGG] JUP/USDC: strategy[0]=unknown → HOLD conf=0.20 \"Price 0.1954 inside BB [0.1865–0.2154]\"","timestamp":"2026-07-22T06:09:50.793Z"}
{"level":"debug","message":"[AGG] JUP/USDC: strategy[1]=unknown → HOLD conf=0.20 \"CCI -48.5 neutral\"","timestamp":"2026-07-22T06:09:50.793Z"}
{"level":"debug","message":"[AGG] JUP/USDC: strategy[2]=unknown → HOLD conf=0.20 \"OBV above EMA-20 — no cross\"","timestamp":"2026-07-22T06:09:50.793Z"}
{"level":"debug","message":"[AGG] JUP/USDC: votes BUY=0.00 SELL=0.00 HOLD=0.60 total_voters=3 external=0","timestamp":"2026-07-22T06:09:50.793Z"}
{"level":"debug","message":"[AGG] JUP/USDC: decision=HOLD confidence=0.20 tie=false belowMin=true (minConf=0.35750000000000004)","timestamp":"2026-07-22T06:09:50.793Z"}
{"level":"debug","message":"[CYCLE] BTC/USDC: sizing positionPct=0.0969 (base=0.15 atr=0.026785714285714288 regime=on conf=0.15 macro=bear mtf=1.0)","timestamp":"2026-07-22T06:09:50.915Z"}
{"level":"info","message":"BTC/USDC: decision=HOLD confidence=15% price=65882.70000000 external_signals=0","timestamp":"2026-07-22T06:09:50.915Z"}
{"level":"info","message":"BTC/USDC: No EMA crossover (fast 64797.1738 vs slow 64137.1750) | PSAR uptrend continues (SAR 62682.3174) | HA bullish continuation","timestamp":"2026-07-22T06:09:50.915Z"}
{"level":"debug","message":"[CYCLE] XRP/USDC: sizing positionPct=0.0827 (base=0.15 atr=0.026785714285714288 regime=on conf=0.23 macro=bear mtf=1.0)","timestamp":"2026-07-22T06:09:51.127Z"}
{"level":"info","message":"XRP/USDC: decision=HOLD confidence=23% price=1.13240000 external_signals=0","timestamp":"2026-07-22T06:09:51.127Z"}
{"level":"info","message":"XRP/USDC: Price 1.1578 ≥ upper BB 1.1413 (bw 7.9%) | Stoch K=96.3 D=88.2 — no crossover in extreme zone | No EMA crossover (fast 1.1103 vs slow 1.1041)","timestamp":"2026-07-22T06:09:51.127Z"}
{"level":"debug","message":"[CYCLE] LINK/USDC: sizing positionPct=0.0728 (base=0.15 atr=0.026785714285714288 regime=on conf=0.20 macro=bear mtf=1.0)","timestamp":"2026-07-22T06:09:51.313Z"}
{"level":"info","message":"LINK/USDC: decision=HOLD confidence=20% price=8.62900000 external_signals=0","timestamp":"2026-07-22T06:09:51.313Z"}
{"level":"info","message":"LINK/USDC: Price 8.6270 inside BB [7.7928–8.7651] | Stoch K=82.5 crossed below D=90.2 in overbought zone | Supertrend uptrend continues (ST 8.1017)","timestamp":"2026-07-22T06:09:51.314Z"}
{"level":"debug","message":"[CYCLE] BNB/USDC: sizing positionPct=0.0545 (base=0.15 atr=0.026785714285714288 regime=on conf=0.21 macro=bear mtf=1.0)","timestamp":"2026-07-22T06:09:51.516Z"}
{"level":"info","message":"BNB/USDC: decision=HOLD confidence=21% price=568.94000000 external_signals=0","timestamp":"2026-07-22T06:09:51.516Z"}
{"level":"info","message":"BNB/USDC: %R -40.1 neutral | HA bullish continuation | Support 569.9200 (3×)","timestamp":"2026-07-22T06:09:51.516Z"}
{"level":"debug","message":"[CYCLE] LTC/USDC: sizing positionPct=0.0868 (base=0.15 atr=0.026785714285714288 regime=on conf=0.20 macro=bear mtf=1.0)","timestamp":"2026-07-22T06:09:51.715Z"}
{"level":"info","message":"LTC/USDC: decision=HOLD confidence=20% price=46.36000000 external_signals=0","timestamp":"2026-07-22T06:09:51.715Z"}
{"level":"info","message":"LTC/USDC: Price 47.3400 inside BB [42.7645–48.2985] | No EMA crossover (fast 46.5080 vs slow 45.6398) | %R -19.4 overbought ↓ reversal confirmed","timestamp":"2026-07-22T06:09:51.715Z"}
{"level":"debug","message":"[CYCLE] NEAR/USDC: sizing positionPct=0.0235 (base=0.15 atr=0.026785714285714288 regime=on conf=0.17 macro=bear mtf=1.0)","timestamp":"2026-07-22T06:09:51.913Z"}
{"level":"info","message":"NEAR/USDC: decision=HOLD confidence=18% price=1.90600000 external_signals=0","timestamp":"2026-07-22T06:09:51.913Z"}
{"level":"info","message":"NEAR/USDC: RSI 47.7 neutral | Price 1.9350 inside BB [1.8374–2.0827] | Stoch K=20.1 D=42.7 — no crossover in extreme zone | No significant S/R zone nearby","timestamp":"2026-07-22T06:09:51.913Z"}
{"level":"debug","message":"[CYCLE] TRX/USDC: sizing positionPct=0.0542 (base=0.15 atr=0.026785714285714288 regime=on conf=0.20 macro=bear mtf=1.0)","timestamp":"2026-07-22T06:09:52.113Z"}
{"level":"info","message":"TRX/USDC: decision=HOLD confidence=20% price=0.32870000 external_signals=0","timestamp":"2026-07-22T06:09:52.113Z"}
{"level":"info","message":"TRX/USDC: CCI 85.2 neutral | Stoch K=94.7 D=76.5 — no crossover in extreme zone | StochRSI K=100.0 D=94.9 — no extreme crossover","timestamp":"2026-07-22T06:09:52.113Z"}
{"level":"debug","message":"[CYCLE] BCH/USDC: sizing positionPct=0.0585 (base=0.15 atr=0.026785714285714288 regime=on conf=0.20 macro=bear mtf=1.0)","timestamp":"2026-07-22T06:09:52.312Z"}
{"level":"info","message":"BCH/USDC: decision=HOLD confidence=20% price=221.80000000 external_signals=0","timestamp":"2026-07-22T06:09:52.312Z"}
{"level":"info","message":"BCH/USDC: Price 225.2000 inside BB [208.1309–245.5391] | OBV below EMA-20 — no cross | %R -45.1 neutral","timestamp":"2026-07-22T06:09:52.312Z"}
{"level":"debug","message":"[CYCLE] ACH/USDC: sizing positionPct=0.0256 (base=0.15 atr=0.026785714285714288 regime=on conf=0.20 macro=bear mtf=1.0)","timestamp":"2026-07-22T06:09:52.514Z"}
{"level":"info","message":"ACH/USDC: decision=HOLD confidence=20% price=0.00430000 external_signals=0","timestamp":"2026-07-22T06:09:52.514Z"}
{"level":"info","message":"ACH/USDC: RSI 47.5 neutral | Price 0.0044 inside BB [0.0042–0.0046] | CCI -25.4 neutral","timestamp":"2026-07-22T06:09:52.514Z"}
{"level":"debug","message":"[CYCLE] CRV/USDC: sizing positionPct=0.0215 (base=0.15 atr=0.026785714285714288 regime=on conf=0.13 macro=bear mtf=1.0)","timestamp":"2026-07-22T06:09:52.714Z"}
{"level":"info","message":"CRV/USDC: decision=HOLD confidence=13% price=0.21290000 external_signals=0","timestamp":"2026-07-22T06:09:52.714Z"}
{"level":"info","message":"CRV/USDC: ADX 10.7 < 25 — ranging, skip | StochRSI K=35.3 D=44.8 — no extreme crossover | No significant S/R zone nearby","timestamp":"2026-07-22T06:09:52.714Z"}
{"level":"debug","message":"[CYCLE] ENS/USDC: sizing positionPct=0.0518 (base=0.15 atr=0.026785714285714288 regime=on conf=0.13 macro=bear mtf=1.0)","timestamp":"2026-07-22T06:09:52.918Z"}
{"level":"info","message":"ENS/USDC: decision=HOLD confidence=13% price=4.61000000 external_signals=0","timestamp":"2026-07-22T06:09:52.918Z"}
{"level":"info","message":"ENS/USDC: Price 4.5300 inside BB [3.9745–4.7075] | PSAR uptrend continues (SAR 4.3344) | No significant S/R zone nearby","timestamp":"2026-07-22T06:09:52.918Z"}
{"level":"debug","message":"[CYCLE] GMX/USDC: sizing positionPct=0.0542 (base=0.15 atr=0.026785714285714288 regime=on conf=0.20 macro=bear mtf=1.0)","timestamp":"2026-07-22T06:09:53.113Z"}
{"level":"info","message":"GMX/USDC: decision=HOLD confidence=20% price=6.08000000 external_signals=0","timestamp":"2026-07-22T06:09:53.113Z"}
{"level":"info","message":"GMX/USDC: RSI 56.6 neutral | Price 5.9600 inside BB [5.3840–6.1760] | CCI 71.8 neutral","timestamp":"2026-07-22T06:09:53.113Z"}
{"level":"debug","message":"[CYCLE] LDO/USDC: sizing positionPct=0.0458 (base=0.15 atr=0.026785714285714288 regime=on conf=0.30 macro=bear mtf=1.0)","timestamp":"2026-07-22T06:09:53.313Z"}
{"level":"info","message":"LDO/USDC: decision=HOLD confidence=30% price=0.39320000 external_signals=0","timestamp":"2026-07-22T06:09:53.313Z"}
{"level":"info","message":"LDO/USDC: MACD 0.0219 vs signal 0.0205 hist:0.0014 | ADX 49.3 uptrend (+DI 40.4 > -DI 9.8) | %R -20.5 neutral","timestamp":"2026-07-22T06:09:53.314Z"}
{"level":"debug","message":"[CYCLE] JTO/USDC: sizing positionPct=0.0328 (base=0.15 atr=0.026785714285714288 regime=on conf=0.13 macro=bear mtf=1.0)","timestamp":"2026-07-22T06:09:53.512Z"}
{"level":"info","message":"JTO/USDC: decision=HOLD confidence=13% price=0.63350000 external_signals=0","timestamp":"2026-07-22T06:09:53.512Z"}
{"level":"info","message":"JTO/USDC: CCI 51.7 neutral | PSAR uptrend continues (SAR 0.5418) | No significant S/R zone nearby","timestamp":"2026-07-22T06:09:53.512Z"}
{"level":"debug","message":"[CYCLE] LSK/USDC: sizing positionPct=0.0500 (base=0.15 atr=0.026785714285714288 regime=on conf=0.18 macro=bear mtf=1.0)","timestamp":"2026-07-22T06:09:53.714Z"}
{"level":"info","message":"LSK/USDC: decision=HOLD confidence=18% price=0.09200000 external_signals=0","timestamp":"2026-07-22T06:09:53.714Z"}
{"level":"info","message":"LSK/USDC: MACD crossed above signal hist:0.0001 | MFI 58.7 neutral | PSAR downtrend continues (SAR 0.0960)","timestamp":"2026-07-22T06:09:53.714Z"}
{"level":"debug","message":"[CYCLE] MANTA/USDC: sizing positionPct=0.0638 (base=0.15 atr=0.026785714285714288 regime=on conf=0.20 macro=bear mtf=1.0)","timestamp":"2026-07-22T06:09:53.914Z"}
{"level":"info","message":"MANTA/USDC: decision=HOLD confidence=20% price=0.06396000 external_signals=0","timestamp":"2026-07-22T06:09:53.914Z"}
{"level":"info","message":"MANTA/USDC: RSI 49.1 neutral | Price 0.0629 inside BB [0.0571–0.0671] | CCI 26.1 neutral","timestamp":"2026-07-22T06:09:53.914Z"}
{"level":"debug","message":"[CYCLE] PAXG/USDC: sizing positionPct=0.1054 (base=0.15 atr=0.026785714285714288 regime=on conf=0.17 macro=bear mtf=1.0)","timestamp":"2026-07-22T06:09:54.111Z"}
{"level":"info","message":"PAXG/USDC: decision=HOLD confidence=17% price=4120.17000000 external_signals=0","timestamp":"2026-07-22T06:09:54.112Z"}
{"level":"info","message":"PAXG/USDC: MACD -14.5310 vs signal -21.6697 hist:7.1387 | ADX 23.2 downtrend (-DI 25.4 > +DI 23.6) | Supertrend downtrend continues (ST 4097.6539)","timestamp":"2026-07-22T06:09:54.112Z"}
{"level":"debug","message":"[CYCLE] PIXEL/USDC: sizing positionPct=0.0301 (base=0.15 atr=0.026785714285714288 regime=on conf=0.21 macro=bear mtf=1.0)","timestamp":"2026-07-22T06:09:54.313Z"}
{"level":"info","message":"PIXEL/USDC: decision=HOLD confidence=21% price=0.00447000 external_signals=0","timestamp":"2026-07-22T06:09:54.313Z"}
{"level":"info","message":"PIXEL/USDC: No EMA crossover (fast 0.0045 vs slow 0.0046) | ADX 17.0 < 20 — ranging, skip | Support 0.0046 (3×)","timestamp":"2026-07-22T06:09:54.314Z"}
{"level":"debug","message":"[CYCLE] SUI/USDC: sizing positionPct=0.0635 (base=0.15 atr=0.026785714285714288 regime=on conf=0.18 macro=bear mtf=1.0)","timestamp":"2026-07-22T06:09:54.514Z"}
{"level":"info","message":"SUI/USDC: decision=HOLD confidence=18% price=0.75880000 external_signals=0","timestamp":"2026-07-22T06:09:54.514Z"}
{"level":"info","message":"SUI/USDC: RSI 58.8 neutral | Stoch K=80.0 crossed below D=89.1 in overbought zone | MFI 42.2 neutral","timestamp":"2026-07-22T06:09:54.514Z"}
{"level":"debug","message":"[CYCLE] TIA/USDC: sizing positionPct=0.0371 (base=0.15 atr=0.026785714285714288 regime=on conf=0.20 macro=bear mtf=1.0)","timestamp":"2026-07-22T06:09:54.714Z"}
{"level":"info","message":"TIA/USDC: decision=HOLD confidence=20% price=0.36010000 external_signals=0","timestamp":"2026-07-22T06:09:54.714Z"}
{"level":"info","message":"TIA/USDC: CCI -67.2 neutral | MACD -0.0093 vs signal -0.0058 hist:-0.0035 | HA flipped but prior streak too short (1 < 3)","timestamp":"2026-07-22T06:09:54.714Z"}
{"level":"debug","message":"[CYCLE] THETA/USDC: sizing positionPct=0.0536 (base=0.15 atr=0.026785714285714288 regime=on conf=0.18 macro=bear mtf=1.0)","timestamp":"2026-07-22T06:09:54.912Z"}
{"level":"info","message":"THETA/USDC: decision=HOLD confidence=18% price=0.13720000 external_signals=0","timestamp":"2026-07-22T06:09:54.912Z"}
{"level":"info","message":"THETA/USDC: RSI 46.0 neutral | CCI -68.3 neutral | OBV crossed above EMA-20 — volume buyers in control","timestamp":"2026-07-22T06:09:54.912Z"}
{"level":"debug","message":"[CYCLE] VANRY/USDC: sizing positionPct=0.0353 (base=0.15 atr=0.026785714285714288 regime=on conf=0.20 macro=bear mtf=1.0)","timestamp":"2026-07-22T06:09:55.114Z"}
{"level":"info","message":"VANRY/USDC: decision=HOLD confidence=20% price=0.00479300 external_signals=0","timestamp":"2026-07-22T06:09:55.114Z"}
{"level":"info","message":"VANRY/USDC: No EMA crossover (fast 0.0052 vs slow 0.0053) | MACD -0.0001 vs signal -0.0000 hist:-0.0001 | ADX 29.8 uptrend (+DI 29.9 > -DI 23.6)","timestamp":"2026-07-22T06:09:55.114Z"}
{"level":"debug","message":"[CYCLE] SOL/USDC: sizing positionPct=0.0379 (base=0.15 atr=0.026785714285714288 regime=on conf=0.22 macro=bear mtf=1.0)","timestamp":"2026-07-22T06:09:55.312Z"}
{"level":"info","message":"SOL/USDC: decision=HOLD confidence=22% price=77.26000000 external_signals=0","timestamp":"2026-07-22T06:09:55.313Z"}
{"level":"info","message":"SOL/USDC: Price 77.8200 inside BB [73.8790–78.8430] | %R -20.9 neutral | StochRSI K=84.9 crossed below D=95.0 in overbought ↓","timestamp":"2026-07-22T06:09:55.313Z"}
{"level":"debug","message":"[RISK] ADA/USDC: canTrade=false conf=0.51<0.55 positions=0/4 dailyPnL=0.00 blocked=false","timestamp":"2026-07-22T06:09:55.513Z"}
{"level":"debug","message":"[CYCLE] ADA/USDC: sizing positionPct=0.0601 (base=0.15 atr=0.026785714285714288 regime=on conf=0.51 macro=bear mtf=1.0)","timestamp":"2026-07-22T06:09:55.513Z"}
{"level":"info","message":"ADA/USDC: trade blocked - Confidence 0.51 below minimum 0.55","timestamp":"2026-07-22T06:09:55.513Z"}
{"level":"info","message":"ADA/USDC: decision=SELL confidence=51% price=0.17110000 external_signals=0","timestamp":"2026-07-22T06:09:55.514Z"}
{"level":"info","message":"ADA/USDC: RSI 58.8 neutral | Price 0.1736 ≥ upper BB 0.1732 (bw 10.8%) | CCI 228.8 overbought ↓ reversal confirmed","timestamp":"2026-07-22T06:09:55.514Z"}
{"level":"debug","message":"[CYCLE] AVAX/USDC: sizing positionPct=0.0339 (base=0.15 atr=0.026785714285714288 regime=on conf=0.17 macro=bear mtf=1.0)","timestamp":"2026-07-22T06:09:55.713Z"}
{"level":"info","message":"AVAX/USDC: decision=HOLD confidence=17% price=6.47300000 external_signals=0","timestamp":"2026-07-22T06:09:55.713Z"}
{"level":"info","message":"AVAX/USDC: RSI 51.6 neutral | MACD -0.0143 vs signal -0.0229 hist:0.0086 | PSAR uptrend continues (SAR 6.3750)","timestamp":"2026-07-22T06:09:55.714Z"}
{"level":"debug","message":"[CYCLE] DOGE/USDC: sizing positionPct=0.0391 (base=0.15 atr=0.026785714285714288 regime=on conf=0.17 macro=bear mtf=1.0)","timestamp":"2026-07-22T06:09:55.913Z"}
{"level":"info","message":"DOGE/USDC: decision=HOLD confidence=17% price=0.07242000 external_signals=0","timestamp":"2026-07-22T06:09:55.914Z"}
{"level":"info","message":"DOGE/USDC: No EMA crossover (fast 0.0728 vs slow 0.0732) | PSAR downtrend continues (SAR 0.0747) | HA flipped but prior streak too short (1 < 3)","timestamp":"2026-07-22T06:09:55.914Z"}
{"level":"debug","message":"[CYCLE] INJ/USDC: sizing positionPct=0.0446 (base=0.15 atr=0.026785714285714288 regime=on conf=0.20 macro=bear mtf=1.0)","timestamp":"2026-07-22T06:09:56.113Z"}
{"level":"info","message":"INJ/USDC: decision=HOLD confidence=20% price=5.29900000 external_signals=0","timestamp":"2026-07-22T06:09:56.114Z"}
{"level":"info","message":"INJ/USDC: ADX 19.3 < 25 — ranging, skip | OBV above EMA-20 — no cross | StochRSI K=82.1 crossed below D=91.0 in overbought ↓","timestamp":"2026-07-22T06:09:56.114Z"}
{"level":"debug","message":"[CYCLE] ETH/USDC: sizing positionPct=0.0942 (base=0.15 atr=0.026785714285714288 regime=on conf=0.20 macro=bear mtf=1.0)","timestamp":"2026-07-22T06:09:56.314Z"}
{"level":"info","message":"ETH/USDC: decision=HOLD confidence=20% price=1917.18000000 external_signals=0","timestamp":"2026-07-22T06:09:56.314Z"}
{"level":"info","message":"ETH/USDC: Supertrend uptrend continues (ST 1809.2823) | MFI 72.0 neutral | Support 1910.8450 (2×)","timestamp":"2026-07-22T06:09:56.314Z"}
{"level":"debug","message":"[CYCLE] WLD/USDC: sizing positionPct=0.0461 (base=0.15 atr=0.026785714285714288 regime=on conf=0.17 macro=bear mtf=1.0)","timestamp":"2026-07-22T06:09:56.513Z"}
{"level":"info","message":"WLD/USDC: decision=HOLD confidence=17% price=0.37640000 external_signals=0","timestamp":"2026-07-22T06:09:56.513Z"}
{"level":"info","message":"WLD/USDC: Price 0.3807 inside BB [0.3534–0.4276] | CCI -43.1 neutral | ADX 22.9 < 25 — ranging, skip","timestamp":"2026-07-22T06:09:56.513Z"}
{"level":"debug","message":"[CYCLE] PEPE/USDC: sizing positionPct=0.0651 (base=0.15 atr=0.026785714285714288 regime=on conf=0.17 macro=bear mtf=1.0)","timestamp":"2026-07-22T06:09:56.714Z"}
{"level":"info","message":"PEPE/USDC: decision=HOLD confidence=17% price=0.00000284 external_signals=0","timestamp":"2026-07-22T06:09:56.714Z"}
{"level":"info","message":"PEPE/USDC: No EMA crossover (fast 0.0000 vs slow 0.0000) | Supertrend uptrend continues (ST 0.0000) | OBV above EMA-20 — no cross","timestamp":"2026-07-22T06:09:56.715Z"}
{"level":"debug","message":"[CYCLE] TON/USDC: sizing positionPct=0.0202 (base=0.15 atr=0.026785714285714288 regime=on conf=0.18 macro=bear mtf=1.0)","timestamp":"2026-07-22T06:09:56.913Z"}
{"level":"info","message":"TON/USDC: decision=HOLD confidence=18% price=1.59800000 external_signals=0","timestamp":"2026-07-22T06:09:56.913Z"}
{"level":"info","message":"TON/USDC: No EMA crossover (fast 1.5859 vs slow 1.6107) | OBV crossed above EMA-20 — volume buyers in control | StochRSI K=100.0 D=71.5 — no extreme crossover","timestamp":"2026-07-22T06:09:56.913Z"}
{"level":"debug","message":"[CYCLE] RENDER/USDC: sizing positionPct=0.0350 (base=0.15 atr=0.026785714285714288 regime=on conf=0.20 macro=bear mtf=1.0)","timestamp":"2026-07-22T06:09:57.113Z"}
{"level":"info","message":"RENDER/USDC: decision=HOLD confidence=20% price=1.50500000 external_signals=0","timestamp":"2026-07-22T06:09:57.113Z"}
{"level":"info","message":"RENDER/USDC: No EMA crossover (fast 1.5070 vs slow 1.5189) | OBV above EMA-20 — no cross | %R -23.7 neutral","timestamp":"2026-07-22T06:09:57.113Z"}
{"level":"debug","message":"[CYCLE] ENA/USDC: sizing positionPct=0.0529 (base=0.15 atr=0.026785714285714288 regime=on conf=0.39 macro=bear mtf=1.0)","timestamp":"2026-07-22T06:09:57.314Z"}
{"level":"info","message":"ENA/USDC: decision=HOLD confidence=39% price=0.08670000 external_signals=0","timestamp":"2026-07-22T06:09:57.314Z"}
{"level":"info","message":"ENA/USDC: RSI 62.3 neutral | Price 0.0863 inside BB [0.0774–0.0865] | CCI 163.9 overbought — still rising, wait","timestamp":"2026-07-22T06:09:57.314Z"}
{"level":"debug","message":"[CYCLE] ICP/USDC: sizing positionPct=0.0372 (base=0.15 atr=0.026785714285714288 regime=on conf=0.20 macro=bear mtf=1.0)","timestamp":"2026-07-22T06:09:57.513Z"}
{"level":"info","message":"ICP/USDC: decision=HOLD confidence=20% price=2.17600000 external_signals=0","timestamp":"2026-07-22T06:09:57.513Z"}
{"level":"info","message":"ICP/USDC: RSI 55.3 neutral | Price 2.2260 inside BB [2.1027–2.2614] | Stoch K=85.0 D=71.0 — no crossover in extreme zone","timestamp":"2026-07-22T06:09:57.513Z"}
{"level":"debug","message":"[CYCLE] APT/USDC: sizing positionPct=0.0281 (base=0.15 atr=0.026785714285714288 regime=on conf=0.20 macro=bear mtf=1.0)","timestamp":"2026-07-22T06:09:57.714Z"}
{"level":"info","message":"APT/USDC: decision=HOLD confidence=20% price=0.60200000 external_signals=0","timestamp":"2026-07-22T06:09:57.714Z"}
{"level":"info","message":"APT/USDC: Price 0.6090 inside BB [0.5852–0.6310] | Stoch K=54.9 D=53.6 — no crossover in extreme zone | MFI 52.7 neutral","timestamp":"2026-07-22T06:09:57.714Z"}
{"level":"debug","message":"[CYCLE] ARB/USDC: sizing positionPct=0.0562 (base=0.15 atr=0.026785714285714288 regime=on conf=0.20 macro=bear mtf=1.0)","timestamp":"2026-07-22T06:09:57.914Z"}
{"level":"info","message":"ARB/USDC: decision=HOLD confidence=20% price=0.09050000 external_signals=0","timestamp":"2026-07-22T06:09:57.914Z"}
{"level":"info","message":"ARB/USDC: RSI 53.1 neutral | %R -56.8 neutral | HA flipped but prior streak too short (2 < 3)","timestamp":"2026-07-22T06:09:57.915Z"}
{"level":"debug","message":"[CYCLE] JUP/USDC: sizing positionPct=0.0217 (base=0.15 atr=0.026785714285714288 regime=on conf=0.20 macro=bear mtf=1.0)","timestamp":"2026-07-22T06:09:58.114Z"}
{"level":"info","message":"JUP/USDC: decision=HOLD confidence=20% price=0.19560000 external_signals=0","timestamp":"2026-07-22T06:09:58.114Z"}
{"level":"info","message":"JUP/USDC: Price 0.1954 inside BB [0.1865–0.2154] | CCI -48.5 neutral | OBV above EMA-20 — no cross","timestamp":"2026-07-22T06:09:58.114Z"}
{"level":"info","message":"BTC/USDC: live balance=189.43 pnl=0.00 open_positions=0 daily_pnl=0.00 blocked=false","timestamp":"2026-07-22T06:09:58.314Z"}
{"level":"info","message":"XRP/USDC: live balance=189.43 pnl=0.00 open_positions=0 daily_pnl=0.00 blocked=false","timestamp":"2026-07-22T06:09:58.511Z"}
{"level":"info","message":"LINK/USDC: live balance=189.43 pnl=0.00 open_positions=0 daily_pnl=0.00 blocked=false","timestamp":"2026-07-22T06:09:58.710Z"}
{"level":"info","message":"BNB/USDC: live balance=189.43 pnl=0.00 open_positions=0 daily_pnl=0.00 blocked=false","timestamp":"2026-07-22T06:09:58.914Z"}
{"level":"info","message":"LTC/USDC: live balance=189.43 pnl=0.00 open_positions=0 daily_pnl=0.00 blocked=false","timestamp":"2026-07-22T06:09:59.115Z"}
{"level":"info","message":"NEAR/USDC: live balance=189.43 pnl=0.00 open_positions=0 daily_pnl=0.00 blocked=false","timestamp":"2026-07-22T06:09:59.311Z"}
{"level":"info","message":"TRX/USDC: live balance=189.43 pnl=0.00 open_positions=0 daily_pnl=0.00 blocked=false","timestamp":"2026-07-22T06:09:59.512Z"}
{"level":"info","message":"BCH/USDC: live balance=189.43 pnl=0.00 open_positions=0 daily_pnl=0.00 blocked=false","timestamp":"2026-07-22T06:09:59.712Z"}
{"level":"info","message":"ACH/USDC: live balance=189.43 pnl=0.00 open_positions=0 daily_pnl=0.00 blocked=false","timestamp":"2026-07-22T06:10:00.112Z"}
{"level":"info","message":"CRV/USDC: live balance=189.43 pnl=0.00 open_positions=0 daily_pnl=0.00 blocked=false","timestamp":"2026-07-22T06:10:00.311Z"}
{"level":"info","message":"ENS/USDC: live balance=189.43 pnl=0.00 open_positions=0 daily_pnl=0.00 blocked=false","timestamp":"2026-07-22T06:10:00.512Z"}
{"level":"info","message":"GMX/USDC: live balance=189.43 pnl=0.00 open_positions=0 daily_pnl=0.00 blocked=false","timestamp":"2026-07-22T06:10:00.738Z"}
{"level":"info","message":"LDO/USDC: live balance=189.43 pnl=0.00 open_positions=0 daily_pnl=0.00 blocked=false","timestamp":"2026-07-22T06:10:00.911Z"}
{"level":"info","message":"JTO/USDC: live balance=189.43 pnl=0.00 open_positions=0 daily_pnl=0.00 blocked=false","timestamp":"2026-07-22T06:10:01.115Z"}
{"level":"info","message":"LSK/USDC: live balance=189.43 pnl=0.00 open_positions=0 daily_pnl=0.00 blocked=false","timestamp":"2026-07-22T06:10:01.312Z"}
{"level":"info","message":"MANTA/USDC: live balance=189.43 pnl=0.00 open_positions=0 daily_pnl=0.00 blocked=false","timestamp":"2026-07-22T06:10:01.515Z"}
{"level":"info","message":"PAXG/USDC: live balance=189.43 pnl=0.00 open_positions=0 daily_pnl=0.00 blocked=false","timestamp":"2026-07-22T06:10:01.712Z"}
{"level":"info","message":"PIXEL/USDC: live balance=189.43 pnl=0.00 open_positions=0 daily_pnl=0.00 blocked=false","timestamp":"2026-07-22T06:10:01.911Z"}
{"level":"info","message":"SUI/USDC: live balance=189.43 pnl=0.00 open_positions=0 daily_pnl=0.00 blocked=false","timestamp":"2026-07-22T06:10:02.313Z"}
{"level":"info","message":"TIA/USDC: live balance=189.43 pnl=0.00 open_positions=0 daily_pnl=0.00 blocked=false","timestamp":"2026-07-22T06:10:02.512Z"}
{"level":"info","message":"THETA/USDC: live balance=189.43 pnl=0.00 open_positions=0 daily_pnl=0.00 blocked=false","timestamp":"2026-07-22T06:10:02.711Z"}
{"level":"info","message":"VANRY/USDC: live balance=189.43 pnl=0.00 open_positions=0 daily_pnl=0.00 blocked=false","timestamp":"2026-07-22T06:10:02.912Z"}
{"level":"info","message":"SOL/USDC: live balance=189.43 pnl=0.00 open_positions=0 daily_pnl=0.00 blocked=false","timestamp":"2026-07-22T06:10:03.114Z"}
{"level":"info","message":"ADA/USDC: live balance=189.43 pnl=0.00 open_positions=0 daily_pnl=0.00 blocked=false","timestamp":"2026-07-22T06:10:03.311Z"}
{"level":"info","message":"AVAX/USDC: live balance=189.43 pnl=0.00 open_positions=0 daily_pnl=0.00 blocked=false","timestamp":"2026-07-22T06:10:03.513Z"}
{"level":"info","message":"DOGE/USDC: live balance=189.43 pnl=0.00 open_positions=0 daily_pnl=0.00 blocked=false","timestamp":"2026-07-22T06:10:03.712Z"}
{"level":"info","message":"INJ/USDC: live balance=189.43 pnl=0.00 open_positions=0 daily_pnl=0.00 blocked=false","timestamp":"2026-07-22T06:10:03.912Z"}
{"level":"info","message":"WLD/USDC: live balance=189.43 pnl=0.00 open_positions=0 daily_pnl=0.00 blocked=false","timestamp":"2026-07-22T06:10:04.312Z"}
{"level":"info","message":"ETH/USDC: live balance=189.43 pnl=0.00 open_positions=0 daily_pnl=0.00 blocked=false","timestamp":"2026-07-22T06:10:04.328Z"}
{"level":"info","message":"PEPE/USDC: live balance=189.43 pnl=0.00 open_positions=0 daily_pnl=0.00 blocked=false","timestamp":"2026-07-22T06:10:04.513Z"}
{"level":"info","message":"TON/USDC: live balance=189.43 pnl=0.00 open_positions=0 daily_pnl=0.00 blocked=false","timestamp":"2026-07-22T06:10:04.713Z"}
{"level":"info","message":"RENDER/USDC: live balance=189.43 pnl=0.00 open_positions=0 daily_pnl=0.00 blocked=false","timestamp":"2026-07-22T06:10:04.911Z"}
{"level":"info","message":"ENA/USDC: live balance=189.43 pnl=0.00 open_positions=0 daily_pnl=0.00 blocked=false","timestamp":"2026-07-22T06:10:05.111Z"}
{"level":"info","message":"ICP/USDC: live balance=189.43 pnl=0.00 open_positions=0 daily_pnl=0.00 blocked=false","timestamp":"2026-07-22T06:10:05.313Z"}
{"level":"info","message":"APT/USDC: live balance=189.43 pnl=0.00 open_positions=0 daily_pnl=0.00 blocked=false","timestamp":"2026-07-22T06:10:05.513Z"}
{"level":"info","message":"ARB/USDC: live balance=189.43 pnl=0.00 open_positions=0 daily_pnl=0.00 blocked=false","timestamp":"2026-07-22T06:10:05.715Z"}
{"level":"info","message":"JUP/USDC: live balance=189.43 pnl=0.00 open_positions=0 daily_pnl=0.00 blocked=false","timestamp":"2026-07-22T06:10:05.913Z"}
{"level":"info","message":"[TSM-CORE] BTC/USDC: votes 2/3 (enter ≥3, stay ≥2) · vol 34% → ×1.00 · macro risk-on","timestamp":"2026-07-22T06:10:06.841Z"}
{"level":"info","message":"[TSM-CORE] ETH/USDC: votes 2/3 (enter ≥3, stay ≥2) · vol 50% → ×1.00 · macro risk-on","timestamp":"2026-07-22T06:10:06.841Z"}
{"level":"info","message":"[MTF-CACHE] 15m refresh complete: 37/37 symbols","timestamp":"2026-07-22T06:20:08.696Z"}
{"level":"info","message":"[MTF-CACHE] 15m refresh complete: 37/37 symbols","timestamp":"2026-07-22T06:35:08.439Z"}
{"level":"info","message":"[MTF-CACHE] 15m refresh complete: 37/37 symbols","timestamp":"2026-07-22T06:50:08.546Z"}
{"level":"info","message":"[MTF-CACHE] 15m refresh complete: 37/37 symbols","timestamp":"2026-07-22T07:05:08.594Z"}
{"level":"info","message":"[MTF-CACHE] 15m refresh complete: 37/37 symbols","timestamp":"2026-07-22T07:20:08.857Z"}
{"level":"info","message":"[MTF-CACHE] 15m refresh complete: 37/37 symbols","timestamp":"2026-07-22T07:35:08.804Z"}
{"level":"info","message":"[MTF-CACHE] 15m refresh complete: 37/37 symbols","timestamp":"2026-07-22T07:50:09.022Z"}
{"level":"info","message":"[MTF-CACHE] 15m refresh complete: 37/37 symbols","timestamp":"2026-07-22T08:05:08.994Z"}
{"level":"info","message":"[MTF-CACHE] 15m refresh complete: 37/37 symbols","timestamp":"2026-07-22T08:20:08.645Z"}
{"level":"info","message":"[MTF-CACHE] 15m refresh complete: 37/37 symbols","timestamp":"2026-07-22T08:35:08.531Z"}
{"level":"info","message":"[MTF-CACHE] 15m refresh complete: 37/37 symbols","timestamp":"2026-07-22T08:50:08.676Z"}
{"level":"info","message":"[MTF-CACHE] 15m refresh complete: 37/37 symbols","timestamp":"2026-07-22T09:05:08.704Z"}
{"level":"info","message":"[MTF-CACHE] 4h refresh complete: 37/37 symbols","timestamp":"2026-07-22T09:20:06.789Z"}
{"level":"info","message":"[MTF-CACHE] 15m refresh complete: 37/37 symbols","timestamp":"2026-07-22T09:20:08.649Z"}
{"level":"info","message":"[MTF-CACHE] 15m refresh complete: 37/37 symbols","timestamp":"2026-07-22T09:35:09.830Z"}
{"level":"info","message":"[MTF-CACHE] 15m refresh complete: 37/37 symbols","timestamp":"2026-07-22T09:50:08.682Z"}
{"level":"info","message":"[MTF-CACHE] 15m refresh complete: 37/37 symbols","timestamp":"2026-07-22T10:05:09.994Z"}
{"level":"info","message":"[MTF-CACHE] 15m refresh complete: 37/37 symbols","timestamp":"2026-07-22T10:20:10.093Z"}
{"level":"info","message":"[MTF-CACHE] 15m refresh complete: 37/37 symbols","timestamp":"2026-07-22T10:35:08.894Z"}
{"level":"info","message":"[MTF-CACHE] 15m refresh complete: 37/37 symbols","timestamp":"2026-07-22T10:50:09.152Z"}
{"level":"info","message":"[MTF-CACHE] 15m refresh complete: 37/37 symbols","timestamp":"2026-07-22T11:05:08.903Z"}
{"level":"info","message":"[MTF-CACHE] 15m refresh complete: 37/37 symbols","timestamp":"2026-07-22T11:20:08.669Z"}
{"level":"info","message":"[MTF-CACHE] 15m refresh complete: 37/37 symbols","timestamp":"2026-07-22T11:35:09.547Z"}
{"level":"info","message":"[MTF-CACHE] 15m refresh complete: 37/37 symbols","timestamp":"2026-07-22T11:50:09.599Z"}
{"level":"info","message":"[MTF-CACHE] 15m refresh complete: 37/37 symbols","timestamp":"2026-07-22T12:05:09.613Z"}
{"level":"info","message":"[MTF-CACHE] 15m refresh complete: 37/37 symbols","timestamp":"2026-07-22T12:20:10.187Z"}
{"level":"info","message":"[MTF-CACHE] 15m refresh complete: 37/37 symbols","timestamp":"2026-07-22T12:35:10.115Z"}
{"level":"info","message":"[MTF-CACHE] 15m refresh complete: 37/37 symbols","timestamp":"2026-07-22T12:50:09.848Z"}
{"level":"info","message":"[MTF-CACHE] 15m refresh complete: 37/37 symbols","timestamp":"2026-07-22T13:05:10.077Z"}
{"level":"info","message":"[MTF-CACHE] 4h refresh complete: 37/37 symbols","timestamp":"2026-07-22T13:20:07.772Z"}
{"level":"info","message":"[MTF-CACHE] 15m refresh complete: 37/37 symbols","timestamp":"2026-07-22T13:20:09.993Z"}
{"level":"info","message":"[MTF-CACHE] 15m refresh complete: 37/37 symbols","timestamp":"2026-07-22T13:35:09.691Z"}
{"level":"info","message":"[MTF-CACHE] 15m refresh complete: 37/37 symbols","timestamp":"2026-07-22T13:50:08.777Z"}
{"level":"info","message":"[MTF-CACHE] 15m refresh complete: 37/37 symbols","timestamp":"2026-07-22T14:05:08.937Z"}
{"level":"info","message":"[MTF-CACHE] 15m refresh complete: 37/37 symbols","timestamp":"2026-07-22T14:20:08.745Z"}
{"level":"info","message":"[MTF-CACHE] 15m refresh complete: 37/37 symbols","timestamp":"2026-07-22T14:35:09.551Z"}
{"level":"info","message":"[MTF-CACHE] 15m refresh complete: 37/37 symbols","timestamp":"2026-07-22T14:50:08.726Z"}
{"level":"info","message":"[MTF-CACHE] 15m refresh complete: 37/37 symbols","timestamp":"2026-07-22T15:05:08.590Z"}
{"level":"info","message":"[MTF-CACHE] 15m refresh complete: 37/37 symbols","timestamp":"2026-07-22T15:20:08.805Z"}
{"level":"info","message":"[MTF-CACHE] 15m refresh complete: 37/37 symbols","timestamp":"2026-07-22T15:35:09.221Z"}
{"level":"info","message":"[MTF-CACHE] 15m refresh complete: 37/37 symbols","timestamp":"2026-07-22T15:50:09.314Z"}
{"level":"info","message":"[MTF-CACHE] 15m refresh complete: 37/37 symbols","timestamp":"2026-07-22T16:05:09.200Z"}
{"level":"info","message":"[MTF-CACHE] 15m refresh complete: 37/37 symbols","timestamp":"2026-07-22T16:20:09.656Z"}
{"level":"info","message":"[MTF-CACHE] 15m refresh complete: 37/37 symbols","timestamp":"2026-07-22T16:35:08.828Z"}
{"level":"info","message":"[MTF-CACHE] 15m refresh complete: 37/37 symbols","timestamp":"2026-07-22T16:50:08.884Z"}
{"level":"info","message":"[MTF-CACHE] 15m refresh complete: 37/37 symbols","timestamp":"2026-07-22T17:05:09.782Z"}
{"level":"info","message":"[MTF-CACHE] 4h refresh complete: 37/37 symbols","timestamp":"2026-07-22T17:20:06.880Z"}
{"level":"info","message":"[MTF-CACHE] 15m refresh complete: 37/37 symbols","timestamp":"2026-07-22T17:20:09.378Z"}
{"level":"info","message":"[MTF-CACHE] 15m refresh complete: 37/37 symbols","timestamp":"2026-07-22T17:35:08.533Z"}
{"level":"info","message":"[MTF-CACHE] 15m refresh complete: 37/37 symbols","timestamp":"2026-07-22T17:50:10.276Z"}
{"level":"info","message":"[MTF-CACHE] 15m refresh complete: 37/37 symbols","timestamp":"2026-07-22T18:05:08.838Z"}
{"level":"debug","message":"[CYCLE] Correlated pairs (r>0.85): BTC/LINK=0.85, BTC/ETH=0.89, XRP/LINK=0.86, XRP/DOGE=0.88, LINK/BNB=0.85, LINK/SUI=0.87, LINK/DOGE=0.89, LINK/ETH=0.93, BNB/DOGE=0.87, SUI/DOGE=0.85","timestamp":"2026-07-22T18:09:49.292Z"}
{"level":"debug","message":"[CYCLE] ATR sizing: medianATRPct=2.68% (37 symbols)","timestamp":"2026-07-22T18:09:49.296Z"}
{"level":"debug","message":"[CYCLE] BTC macro: bull=false EMA200","timestamp":"2026-07-22T18:09:49.297Z"}
{"level":"debug","message":"[REGIME] BEAR_CHOP  candidate=BEAR_CHOP streak=0  (ADX 13.4)","timestamp":"2026-07-22T18:09:49.298Z"}
{"level":"debug","message":"[DRIFT] no reference configured (log-only) (n=0, WR 0%)","timestamp":"2026-07-22T18:09:49.582Z"}
{"level":"debug","message":"[CYCLE] BTC/USDC: starting cycle, candles=770 lastClose=65977.46000000 lastTs=2026-07-22T12:00:00.000Z","timestamp":"2026-07-22T18:09:50.031Z"}
{"level":"debug","message":"[AGG] BTC/USDC: strategy[0]=unknown → HOLD conf=0.20 \"No EMA crossover (fast 64964.1779 vs slow 64266.4731)\"","timestamp":"2026-07-22T18:09:50.032Z"}
{"level":"debug","message":"[AGG] BTC/USDC: strategy[1]=unknown → HOLD conf=0.10 \"PSAR uptrend continues (SAR 62941.3784)\"","timestamp":"2026-07-22T18:09:50.033Z"}
{"level":"debug","message":"[AGG] BTC/USDC: strategy[2]=unknown → HOLD conf=0.15 \"HA bullish continuation\"","timestamp":"2026-07-22T18:09:50.033Z"}
{"level":"debug","message":"[AGG] BTC/USDC: votes BUY=0.00 SELL=0.00 HOLD=0.45 total_voters=3 external=0","timestamp":"2026-07-22T18:09:50.033Z"}
{"level":"debug","message":"[AGG] BTC/USDC: decision=HOLD confidence=0.15 tie=false belowMin=true (minConf=0.35750000000000004)","timestamp":"2026-07-22T18:09:50.033Z"}
{"level":"debug","message":"[CYCLE] XRP/USDC: starting cycle, candles=770 lastClose=1.14520000 lastTs=2026-07-22T12:00:00.000Z","timestamp":"2026-07-22T18:09:50.051Z"}
{"level":"debug","message":"[AGG] XRP/USDC: strategy[0]=unknown → HOLD conf=0.20 \"Price 1.1324 inside BB [1.0548–1.1457]\"","timestamp":"2026-07-22T18:09:50.068Z"}
{"level":"debug","message":"[AGG] XRP/USDC: strategy[1]=unknown → HOLD conf=0.20 \"Stoch K=68.8 D=84.4 — no crossover in extreme zone\"","timestamp":"2026-07-22T18:09:50.068Z"}
{"level":"debug","message":"[AGG] XRP/USDC: strategy[2]=unknown → HOLD conf=0.20 \"No EMA crossover (fast 1.1137 vs slow 1.1062)\"","timestamp":"2026-07-22T18:09:50.068Z"}
{"level":"debug","message":"[AGG] XRP/USDC: votes BUY=0.00 SELL=0.00 HOLD=0.60 total_voters=3 external=0","timestamp":"2026-07-22T18:09:50.068Z"}
{"level":"debug","message":"[AGG] XRP/USDC: decision=HOLD confidence=0.20 tie=false belowMin=true (minConf=0.35750000000000004)","timestamp":"2026-07-22T18:09:50.068Z"}
{"level":"debug","message":"[CYCLE] LINK/USDC: starting cycle, candles=770 lastClose=8.63100000 lastTs=2026-07-22T12:00:00.000Z","timestamp":"2026-07-22T18:09:50.075Z"}
{"level":"debug","message":"[AGG] LINK/USDC: strategy[0]=unknown → HOLD conf=0.20 \"Price 8.6290 inside BB [7.8301–8.7965]\"","timestamp":"2026-07-22T18:09:50.098Z"}
{"level":"debug","message":"[AGG] LINK/USDC: strategy[1]=unknown → HOLD conf=0.20 \"Stoch K=82.8 D=86.2 — no crossover in extreme zone\"","timestamp":"2026-07-22T18:09:50.099Z"}
{"level":"debug","message":"[AGG] LINK/USDC: strategy[2]=unknown → HOLD conf=0.10 \"Supertrend uptrend continues (ST 8.1427)\"","timestamp":"2026-07-22T18:09:50.099Z"}
{"level":"debug","message":"[AGG] LINK/USDC: votes BUY=0.00 SELL=0.00 HOLD=0.50 total_voters=3 external=0","timestamp":"2026-07-22T18:09:50.099Z"}
{"level":"debug","message":"[AGG] LINK/USDC: decision=HOLD confidence=0.17 tie=false belowMin=true (minConf=0.45499999999999996)","timestamp":"2026-07-22T18:09:50.099Z"}
{"level":"debug","message":"[CYCLE] BNB/USDC: starting cycle, candles=770 lastClose=571.69000000 lastTs=2026-07-22T12:00:00.000Z","timestamp":"2026-07-22T18:09:50.112Z"}
{"level":"debug","message":"[AGG] BNB/USDC: strategy[0]=unknown → HOLD conf=0.20 \"%R -54.5 neutral\"","timestamp":"2026-07-22T18:09:50.115Z"}
{"level":"debug","message":"[AGG] BNB/USDC: strategy[1]=unknown → SELL conf=0.63 \"HA flipped bearish ↓ after 3-bar bull streak\"","timestamp":"2026-07-22T18:09:50.115Z"}
{"level":"debug","message":"[AGG] BNB/USDC: strategy[2]=unknown → BUY conf=0.62 \"Support 569.9200 (3×)\"","timestamp":"2026-07-22T18:09:50.115Z"}
{"level":"debug","message":"[AGG] BNB/USDC: votes BUY=0.62 SELL=0.63 HOLD=0.20 total_voters=3 external=0","timestamp":"2026-07-22T18:09:50.115Z"}
{"level":"debug","message":"[AGG] BNB/USDC: decision=HOLD confidence=0.21 tie=false belowMin=true (minConf=0.35750000000000004)","timestamp":"2026-07-22T18:09:50.115Z"}
{"level":"debug","message":"[CYCLE] LTC/USDC: starting cycle, candles=770 lastClose=47.03000000 lastTs=2026-07-22T12:00:00.000Z","timestamp":"2026-07-22T18:09:50.120Z"}
{"level":"debug","message":"[AGG] LTC/USDC: strategy[0]=unknown → HOLD conf=0.20 \"Price 46.3600 inside BB [42.8828–48.3702]\"","timestamp":"2026-07-22T18:09:50.139Z"}
{"level":"debug","message":"[AGG] LTC/USDC: strategy[1]=unknown → HOLD conf=0.20 \"No EMA crossover (fast 46.4852 vs slow 45.6932)\"","timestamp":"2026-07-22T18:09:50.139Z"}
{"level":"debug","message":"[AGG] LTC/USDC: strategy[2]=unknown → HOLD conf=0.20 \"%R -43.5 neutral\"","timestamp":"2026-07-22T18:09:50.139Z"}
{"level":"debug","message":"[AGG] LTC/USDC: votes BUY=0.00 SELL=0.00 HOLD=0.60 total_voters=3 external=0","timestamp":"2026-07-22T18:09:50.139Z"}
{"level":"debug","message":"[AGG] LTC/USDC: decision=HOLD confidence=0.20 tie=false belowMin=true (minConf=0.35750000000000004)","timestamp":"2026-07-22T18:09:50.139Z"}
{"level":"debug","message":"[CYCLE] NEAR/USDC: starting cycle, candles=770 lastClose=1.87300000 lastTs=2026-07-22T12:00:00.000Z","timestamp":"2026-07-22T18:09:50.172Z"}
{"level":"debug","message":"[AGG] NEAR/USDC: strategy[0]=unknown → HOLD conf=0.20 \"RSI 45.0 neutral\"","timestamp":"2026-07-22T18:09:50.178Z"}
{"level":"debug","message":"[AGG] NEAR/USDC: strategy[1]=unknown → HOLD conf=0.20 \"Price 1.9060 inside BB [1.8437–2.0801]\"","timestamp":"2026-07-22T18:09:50.178Z"}
{"level":"debug","message":"[AGG] NEAR/USDC: strategy[2]=unknown → HOLD conf=0.20 \"Stoch K=6.5 D=31.3 — no crossover in extreme zone\"","timestamp":"2026-07-22T18:09:50.178Z"}
{"level":"debug","message":"[AGG] NEAR/USDC: strategy[3]=unknown → BUY conf=0.57 \"Support 1.8915 (2×)\"","timestamp":"2026-07-22T18:09:50.178Z"}
{"level":"debug","message":"[AGG] NEAR/USDC: votes BUY=0.57 SELL=0.00 HOLD=0.60 total_voters=4 external=0","timestamp":"2026-07-22T18:09:50.179Z"}
{"level":"debug","message":"[AGG] NEAR/USDC: decision=HOLD confidence=0.15 tie=false belowMin=true (minConf=0.45499999999999996)","timestamp":"2026-07-22T18:09:50.179Z"}
{"level":"debug","message":"[CYCLE] TRX/USDC: starting cycle, candles=770 lastClose=0.32860000 lastTs=2026-07-22T12:00:00.000Z","timestamp":"2026-07-22T18:09:50.182Z"}
{"level":"debug","message":"[AGG] TRX/USDC: strategy[0]=unknown → HOLD conf=0.54 \"CCI 110.7 overbought — still rising, wait\"","timestamp":"2026-07-22T18:09:50.197Z"}
{"level":"debug","message":"[AGG] TRX/USDC: strategy[1]=unknown → HOLD conf=0.20 \"Stoch K=88.0 D=81.7 — no crossover in extreme zone\"","timestamp":"2026-07-22T18:09:50.197Z"}
{"level":"debug","message":"[AGG] TRX/USDC: strategy[2]=unknown → HOLD conf=0.20 \"StochRSI K=100.0 D=94.9 — no extreme crossover\"","timestamp":"2026-07-22T18:09:50.197Z"}
{"level":"debug","message":"[AGG] TRX/USDC: votes BUY=0.00 SELL=0.00 HOLD=0.94 total_voters=3 external=0","timestamp":"2026-07-22T18:09:50.197Z"}
{"level":"debug","message":"[AGG] TRX/USDC: decision=HOLD confidence=0.31 tie=false belowMin=true (minConf=0.45499999999999996)","timestamp":"2026-07-22T18:09:50.198Z"}
{"level":"debug","message":"[CYCLE] BCH/USDC: starting cycle, candles=770 lastClose=220.20000000 lastTs=2026-07-22T12:00:00.000Z","timestamp":"2026-07-22T18:09:50.207Z"}
{"level":"debug","message":"[AGG] BCH/USDC: strategy[0]=unknown → HOLD conf=0.20 \"Price 221.8000 inside BB [208.5687–242.9413]\"","timestamp":"2026-07-22T18:09:50.212Z"}
{"level":"debug","message":"[AGG] BCH/USDC: strategy[1]=unknown → HOLD conf=0.20 \"OBV below EMA-20 — no cross\"","timestamp":"2026-07-22T18:09:50.212Z"}
{"level":"debug","message":"[AGG] BCH/USDC: strategy[2]=unknown → HOLD conf=0.20 \"%R -57.0 neutral\"","timestamp":"2026-07-22T18:09:50.212Z"}
{"level":"debug","message":"[AGG] BCH/USDC: votes BUY=0.00 SELL=0.00 HOLD=0.60 total_voters=3 external=0","timestamp":"2026-07-22T18:09:50.212Z"}
{"level":"debug","message":"[AGG] BCH/USDC: decision=HOLD confidence=0.20 tie=false belowMin=true (minConf=0.35750000000000004)","timestamp":"2026-07-22T18:09:50.212Z"}
{"level":"debug","message":"[CYCLE] ACH/USDC: starting cycle, candles=770 lastClose=0.00431000 lastTs=2026-07-22T12:00:00.000Z","timestamp":"2026-07-22T18:09:50.221Z"}
{"level":"debug","message":"[AGG] ACH/USDC: strategy[0]=unknown → HOLD conf=0.20 \"RSI 44.1 neutral\"","timestamp":"2026-07-22T18:09:50.229Z"}
{"level":"debug","message":"[AGG] ACH/USDC: strategy[1]=unknown → HOLD conf=0.20 \"Price 0.0043 inside BB [0.0042–0.0046]\"","timestamp":"2026-07-22T18:09:50.229Z"}
{"level":"debug","message":"[AGG] ACH/USDC: strategy[2]=unknown → HOLD conf=0.20 \"CCI -62.5 neutral\"","timestamp":"2026-07-22T18:09:50.229Z"}
{"level":"debug","message":"[AGG] ACH/USDC: votes BUY=0.00 SELL=0.00 HOLD=0.60 total_voters=3 external=0","timestamp":"2026-07-22T18:09:50.229Z"}
{"level":"debug","message":"[AGG] ACH/USDC: decision=HOLD confidence=0.20 tie=false belowMin=true (minConf=0.45499999999999996)","timestamp":"2026-07-22T18:09:50.229Z"}
{"level":"debug","message":"[CYCLE] CRV/USDC: starting cycle, candles=770 lastClose=0.21560000 lastTs=2026-07-22T12:00:00.000Z","timestamp":"2026-07-22T18:09:50.240Z"}
{"level":"debug","message":"[AGG] CRV/USDC: strategy[0]=unknown → HOLD conf=0.10 \"ADX 10.2 < 25 — ranging, skip\"","timestamp":"2026-07-22T18:09:50.247Z"}
{"level":"debug","message":"[AGG] CRV/USDC: strategy[1]=unknown → HOLD conf=0.20 \"StochRSI K=41.0 D=40.5 — no extreme crossover\"","timestamp":"2026-07-22T18:09:50.247Z"}
{"level":"debug","message":"[AGG] CRV/USDC: strategy[2]=unknown → HOLD conf=0.10 \"No significant S/R zone nearby\"","timestamp":"2026-07-22T18:09:50.247Z"}
{"level":"debug","message":"[AGG] CRV/USDC: votes BUY=0.00 SELL=0.00 HOLD=0.40 total_voters=3 external=0","timestamp":"2026-07-22T18:09:50.247Z"}
{"level":"debug","message":"[AGG] CRV/USDC: decision=HOLD confidence=0.13 tie=false belowMin=true (minConf=0.35750000000000004)","timestamp":"2026-07-22T18:09:50.247Z"}
{"level":"debug","message":"[CYCLE] ENS/USDC: starting cycle, candles=770 lastClose=4.63000000 lastTs=2026-07-22T12:00:00.000Z","timestamp":"2026-07-22T18:09:50.261Z"}
{"level":"debug","message":"[AGG] ENS/USDC: strategy[0]=unknown → HOLD conf=0.20 \"Price 4.6100 inside BB [3.9923–4.7367]\"","timestamp":"2026-07-22T18:09:50.266Z"}
{"level":"debug","message":"[AGG] ENS/USDC: strategy[1]=unknown → HOLD conf=0.10 \"PSAR uptrend continues (SAR 4.3661)\"","timestamp":"2026-07-22T18:09:50.266Z"}
{"level":"debug","message":"[AGG] ENS/USDC: strategy[2]=unknown → HOLD conf=0.10 \"No significant S/R zone nearby\"","timestamp":"2026-07-22T18:09:50.266Z"}
{"level":"debug","message":"[AGG] ENS/USDC: votes BUY=0.00 SELL=0.00 HOLD=0.40 total_voters=3 external=0","timestamp":"2026-07-22T18:09:50.266Z"}
{"level":"debug","message":"[AGG] ENS/USDC: decision=HOLD confidence=0.13 tie=false belowMin=true (minConf=0.35750000000000004)","timestamp":"2026-07-22T18:09:50.266Z"}
{"level":"debug","message":"[CYCLE] GMX/USDC: starting cycle, candles=745 lastClose=6.08000000 lastTs=2026-07-10T00:00:00.000Z","timestamp":"2026-07-22T18:09:50.279Z"}
{"level":"debug","message":"[AGG] GMX/USDC: strategy[0]=unknown → HOLD conf=0.20 \"RSI 56.6 neutral\"","timestamp":"2026-07-22T18:09:50.282Z"}
{"level":"debug","message":"[AGG] GMX/USDC: strategy[1]=unknown → HOLD conf=0.20 \"Price 5.9600 inside BB [5.3840–6.1760]\"","timestamp":"2026-07-22T18:09:50.282Z"}
{"level":"debug","message":"[AGG] GMX/USDC: strategy[2]=unknown → HOLD conf=0.20 \"CCI 71.8 neutral\"","timestamp":"2026-07-22T18:09:50.282Z"}
{"level":"debug","message":"[AGG] GMX/USDC: votes BUY=0.00 SELL=0.00 HOLD=0.60 total_voters=3 external=0","timestamp":"2026-07-22T18:09:50.283Z"}
{"level":"debug","message":"[AGG] GMX/USDC: decision=HOLD confidence=0.20 tie=false belowMin=true (minConf=0.45499999999999996)","timestamp":"2026-07-22T18:09:50.283Z"}
{"level":"debug","message":"[CYCLE] JTO/USDC: starting cycle, candles=770 lastClose=0.62940000 lastTs=2026-07-22T12:00:00.000Z","timestamp":"2026-07-22T18:09:50.291Z"}
{"level":"debug","message":"[AGG] JTO/USDC: strategy[0]=unknown → HOLD conf=0.20 \"CCI 68.8 neutral\"","timestamp":"2026-07-22T18:09:50.297Z"}
{"level":"debug","message":"[AGG] JTO/USDC: strategy[1]=unknown → HOLD conf=0.10 \"PSAR uptrend continues (SAR 0.5473)\"","timestamp":"2026-07-22T18:09:50.297Z"}
{"level":"debug","message":"[AGG] JTO/USDC: strategy[2]=unknown → HOLD conf=0.10 \"No significant S/R zone nearby\"","timestamp":"2026-07-22T18:09:50.297Z"}
{"level":"debug","message":"[AGG] JTO/USDC: votes BUY=0.00 SELL=0.00 HOLD=0.40 total_voters=3 external=0","timestamp":"2026-07-22T18:09:50.297Z"}
{"level":"debug","message":"[AGG] JTO/USDC: decision=HOLD confidence=0.13 tie=false belowMin=true (minConf=0.35750000000000004)","timestamp":"2026-07-22T18:09:50.297Z"}
{"level":"debug","message":"[CYCLE] LDO/USDC: starting cycle, candles=770 lastClose=0.40100000 lastTs=2026-07-22T12:00:00.000Z","timestamp":"2026-07-22T18:09:50.299Z"}
{"level":"debug","message":"[AGG] LDO/USDC: strategy[0]=unknown → HOLD conf=0.20 \"MACD 0.0223 vs signal 0.0208 hist:0.0015\"","timestamp":"2026-07-22T18:09:50.304Z"}
{"level":"debug","message":"[AGG] LDO/USDC: strategy[1]=unknown → BUY conf=0.90 \"ADX 49.8 uptrend (+DI 38.9 > -DI 10.9)\"","timestamp":"2026-07-22T18:09:50.304Z"}
{"level":"debug","message":"[AGG] LDO/USDC: strategy[2]=unknown → HOLD conf=0.54 \"%R -18.2 overbought — still rising, wait\"","timestamp":"2026-07-22T18:09:50.304Z"}
{"level":"debug","message":"[AGG] LDO/USDC: votes BUY=0.90 SELL=0.00 HOLD=0.74 total_voters=3 external=0","timestamp":"2026-07-22T18:09:50.304Z"}
{"level":"debug","message":"[AGG] LDO/USDC: decision=HOLD confidence=0.30 tie=false belowMin=true (minConf=0.35750000000000004)","timestamp":"2026-07-22T18:09:50.304Z"}
{"level":"debug","message":"[CYCLE] LSK/USDC: starting cycle, candles=413 lastClose=0.09200000 lastTs=2026-06-12T00:00:00.000Z","timestamp":"2026-07-22T18:09:50.317Z"}
{"level":"debug","message":"[AGG] LSK/USDC: strategy[0]=unknown → BUY conf=0.55 \"MACD crossed above signal hist:0.0001\"","timestamp":"2026-07-22T18:09:50.320Z"}
{"level":"debug","message":"[AGG] LSK/USDC: strategy[1]=unknown → HOLD conf=0.20 \"MFI 58.7 neutral\"","timestamp":"2026-07-22T18:09:50.320Z"}
{"level":"debug","message":"[AGG] LSK/USDC: strategy[2]=unknown → HOLD conf=0.10 \"PSAR downtrend continues (SAR 0.0960)\"","timestamp":"2026-07-22T18:09:50.320Z"}
{"level":"debug","message":"[AGG] LSK/USDC: votes BUY=0.55 SELL=0.00 HOLD=0.30 total_voters=3 external=0","timestamp":"2026-07-22T18:09:50.320Z"}
{"level":"debug","message":"[AGG] LSK/USDC: decision=HOLD confidence=0.18 tie=false belowMin=true (minConf=0.35750000000000004)","timestamp":"2026-07-22T18:09:50.320Z"}
{"level":"debug","message":"[CYCLE] MANTA/USDC: starting cycle, candles=770 lastClose=0.06293000 lastTs=2026-07-22T12:00:00.000Z","timestamp":"2026-07-22T18:09:50.356Z"}
{"level":"debug","message":"[AGG] MANTA/USDC: strategy[0]=unknown → HOLD conf=0.20 \"RSI 52.6 neutral\"","timestamp":"2026-07-22T18:09:50.369Z"}
{"level":"debug","message":"[AGG] MANTA/USDC: strategy[1]=unknown → HOLD conf=0.20 \"Price 0.0640 inside BB [0.0576–0.0672]\"","timestamp":"2026-07-22T18:09:50.370Z"}
{"level":"debug","message":"[AGG] MANTA/USDC: strategy[2]=unknown → HOLD conf=0.20 \"CCI 50.7 neutral\"","timestamp":"2026-07-22T18:09:50.370Z"}
{"level":"debug","message":"[AGG] MANTA/USDC: votes BUY=0.00 SELL=0.00 HOLD=0.60 total_voters=3 external=0","timestamp":"2026-07-22T18:09:50.370Z"}
{"level":"debug","message":"[AGG] MANTA/USDC: decision=HOLD confidence=0.20 tie=false belowMin=true (minConf=0.45499999999999996)","timestamp":"2026-07-22T18:09:50.370Z"}
{"level":"debug","message":"[CYCLE] PIXEL/USDC: starting cycle, candles=770 lastClose=0.00457000 lastTs=2026-07-22T12:00:00.000Z","timestamp":"2026-07-22T18:09:50.390Z"}
{"level":"debug","message":"[AGG] PIXEL/USDC: strategy[0]=unknown → HOLD conf=0.20 \"No EMA crossover (fast 0.0045 vs slow 0.0046)\"","timestamp":"2026-07-22T18:09:50.392Z"}
{"level":"debug","message":"[AGG] PIXEL/USDC: strategy[1]=unknown → HOLD conf=0.10 \"ADX 15.9 < 20 — ranging, skip\"","timestamp":"2026-07-22T18:09:50.392Z"}
{"level":"debug","message":"[AGG] PIXEL/USDC: strategy[2]=unknown → HOLD conf=0.10 \"No significant S/R zone nearby\"","timestamp":"2026-07-22T18:09:50.392Z"}
{"level":"debug","message":"[AGG] PIXEL/USDC: votes BUY=0.00 SELL=0.00 HOLD=0.40 total_voters=3 external=0","timestamp":"2026-07-22T18:09:50.392Z"}
{"level":"debug","message":"[AGG] PIXEL/USDC: decision=HOLD confidence=0.13 tie=false belowMin=true (minConf=0.35750000000000004)","timestamp":"2026-07-22T18:09:50.392Z"}
{"level":"debug","message":"[CYCLE] PAXG/USDC: starting cycle, candles=770 lastClose=4131.81000000 lastTs=2026-07-22T12:00:00.000Z","timestamp":"2026-07-22T18:09:50.399Z"}
{"level":"debug","message":"[AGG] PAXG/USDC: strategy[0]=unknown → HOLD conf=0.20 \"MACD -6.1473 vs signal -18.5652 hist:12.4179\"","timestamp":"2026-07-22T18:09:50.401Z"}
{"level":"debug","message":"[AGG] PAXG/USDC: strategy[1]=unknown → BUY conf=0.56 \"ADX 22.8 uptrend (+DI 31.0 > -DI 22.2)\"","timestamp":"2026-07-22T18:09:50.401Z"}
{"level":"debug","message":"[AGG] PAXG/USDC: strategy[2]=unknown → BUY conf=0.90 \"Supertrend flipped bullish ↑ (ST 3986.7585)\"","timestamp":"2026-07-22T18:09:50.401Z"}
{"level":"debug","message":"[AGG] PAXG/USDC: votes BUY=1.46 SELL=0.00 HOLD=0.20 total_voters=3 external=0","timestamp":"2026-07-22T18:09:50.401Z"}
{"level":"debug","message":"[AGG] PAXG/USDC: decision=BUY confidence=0.49 tie=false","timestamp":"2026-07-22T18:09:50.401Z"}
{"level":"debug","message":"[CYCLE] SUI/USDC: starting cycle, candles=770 lastClose=0.76950000 lastTs=2026-07-22T12:00:00.000Z","timestamp":"2026-07-22T18:09:50.403Z"}
{"level":"debug","message":"[AGG] SUI/USDC: strategy[0]=unknown → HOLD conf=0.20 \"RSI 55.9 neutral\"","timestamp":"2026-07-22T18:09:50.410Z"}
{"level":"debug","message":"[AGG] SUI/USDC: strategy[1]=unknown → HOLD conf=0.20 \"Stoch K=69.0 D=80.9 — no crossover in extreme zone\"","timestamp":"2026-07-22T18:09:50.410Z"}
{"level":"debug","message":"[AGG] SUI/USDC: strategy[2]=unknown → HOLD conf=0.20 \"MFI 36.9 neutral\"","timestamp":"2026-07-22T18:09:50.410Z"}
{"level":"debug","message":"[AGG] SUI/USDC: votes BUY=0.00 SELL=0.00 HOLD=0.60 total_voters=3 external=0","timestamp":"2026-07-22T18:09:50.410Z"}
{"level":"debug","message":"[AGG] SUI/USDC: decision=HOLD confidence=0.20 tie=false belowMin=true (minConf=0.45499999999999996)","timestamp":"2026-07-22T18:09:50.410Z"}
{"level":"debug","message":"[CYCLE] TIA/USDC: starting cycle, candles=770 lastClose=0.36260000 lastTs=2026-07-22T12:00:00.000Z","timestamp":"2026-07-22T18:09:50.446Z"}
{"level":"debug","message":"[AGG] TIA/USDC: strategy[0]=unknown → HOLD conf=0.20 \"CCI -70.1 neutral\"","timestamp":"2026-07-22T18:09:50.449Z"}
{"level":"debug","message":"[AGG] TIA/USDC: strategy[1]=unknown → HOLD conf=0.20 \"MACD -0.0095 vs signal -0.0066 hist:-0.0029\"","timestamp":"2026-07-22T18:09:50.449Z"}
{"level":"debug","message":"[AGG] TIA/USDC: strategy[2]=unknown → HOLD conf=0.20 \"HA flipped but prior streak too short (1 < 3)\"","timestamp":"2026-07-22T18:09:50.449Z"}
{"level":"debug","message":"[AGG] TIA/USDC: votes BUY=0.00 SELL=0.00 HOLD=0.60 total_voters=3 external=0","timestamp":"2026-07-22T18:09:50.449Z"}
{"level":"debug","message":"[AGG] TIA/USDC: decision=HOLD confidence=0.20 tie=false belowMin=true (minConf=0.35750000000000004)","timestamp":"2026-07-22T18:09:50.449Z"}
{"level":"debug","message":"[CYCLE] VANRY/USDC: starting cycle, candles=770 lastClose=0.00474500 lastTs=2026-07-22T12:00:00.000Z","timestamp":"2026-07-22T18:09:50.451Z"}
{"level":"debug","message":"[AGG] VANRY/USDC: strategy[0]=unknown → HOLD conf=0.20 \"No EMA crossover (fast 0.0052 vs slow 0.0053)\"","timestamp":"2026-07-22T18:09:50.454Z"}
{"level":"debug","message":"[AGG] VANRY/USDC: strategy[1]=unknown → HOLD conf=0.20 \"MACD -0.0001 vs signal -0.0000 hist:-0.0001\"","timestamp":"2026-07-22T18:09:50.454Z"}
{"level":"debug","message":"[AGG] VANRY/USDC: strategy[2]=unknown → BUY conf=0.59 \"ADX 28.5 uptrend (+DI 29.0 > -DI 22.9)\"","timestamp":"2026-07-22T18:09:50.454Z"}
{"level":"debug","message":"[AGG] VANRY/USDC: votes BUY=0.59 SELL=0.00 HOLD=0.40 total_voters=3 external=0","timestamp":"2026-07-22T18:09:50.454Z"}
{"level":"debug","message":"[AGG] VANRY/USDC: decision=HOLD confidence=0.20 tie=false belowMin=true (minConf=0.35750000000000004)","timestamp":"2026-07-22T18:09:50.454Z"}
{"level":"debug","message":"[CYCLE] THETA/USDC: starting cycle, candles=770 lastClose=0.13760000 lastTs=2026-07-22T12:00:00.000Z","timestamp":"2026-07-22T18:09:50.461Z"}
{"level":"debug","message":"[AGG] THETA/USDC: strategy[0]=unknown → HOLD conf=0.20 \"RSI 43.6 neutral\"","timestamp":"2026-07-22T18:09:50.466Z"}
{"level":"debug","message":"[AGG] THETA/USDC: strategy[1]=unknown → HOLD conf=0.20 \"CCI -74.5 neutral\"","timestamp":"2026-07-22T18:09:50.466Z"}
{"level":"debug","message":"[AGG] THETA/USDC: strategy[2]=unknown → SELL conf=0.55 \"OBV crossed below EMA-20 — volume sellers in control\"","timestamp":"2026-07-22T18:09:50.466Z"}
{"level":"debug","message":"[AGG] THETA/USDC: votes BUY=0.00 SELL=0.55 HOLD=0.40 total_voters=3 external=0","timestamp":"2026-07-22T18:09:50.466Z"}
{"level":"debug","message":"[AGG] THETA/USDC: decision=HOLD confidence=0.18 tie=false belowMin=true (minConf=0.35750000000000004)","timestamp":"2026-07-22T18:09:50.466Z"}
{"level":"debug","message":"[CYCLE] SOL/USDC: starting cycle, candles=770 lastClose=78.03000000 lastTs=2026-07-22T12:00:00.000Z","timestamp":"2026-07-22T18:09:50.493Z"}
{"level":"debug","message":"[AGG] SOL/USDC: strategy[0]=unknown → HOLD conf=0.20 \"Price 77.2600 inside BB [73.9123–78.9287]\"","timestamp":"2026-07-22T18:09:50.497Z"}
{"level":"debug","message":"[AGG] SOL/USDC: strategy[1]=unknown → HOLD conf=0.20 \"%R -30.8 neutral\"","timestamp":"2026-07-22T18:09:50.497Z"}
{"level":"debug","message":"[AGG] SOL/USDC: strategy[2]=unknown → HOLD conf=0.20 \"StochRSI K=68.9 D=84.6 — no extreme crossover\"","timestamp":"2026-07-22T18:09:50.497Z"}
{"level":"debug","message":"[AGG] SOL/USDC: votes BUY=0.00 SELL=0.00 HOLD=0.60 total_voters=3 external=0","timestamp":"2026-07-22T18:09:50.497Z"}
{"level":"debug","message":"[AGG] SOL/USDC: decision=HOLD confidence=0.20 tie=false belowMin=true (minConf=0.35750000000000004)","timestamp":"2026-07-22T18:09:50.497Z"}
{"level":"debug","message":"[CYCLE] ADA/USDC: starting cycle, candles=770 lastClose=0.17760000 lastTs=2026-07-22T12:00:00.000Z","timestamp":"2026-07-22T18:09:50.499Z"}
{"level":"debug","message":"[AGG] ADA/USDC: strategy[0]=unknown → HOLD conf=0.20 \"RSI 55.5 neutral\"","timestamp":"2026-07-22T18:09:50.503Z"}
{"level":"debug","message":"[AGG] ADA/USDC: strategy[1]=unknown → HOLD conf=0.20 \"Price 0.1711 inside BB [0.1554–0.1740]\"","timestamp":"2026-07-22T18:09:50.503Z"}
{"level":"debug","message":"[AGG] ADA/USDC: strategy[2]=unknown → SELL conf=0.83 \"CCI 157.3 overbought ↓ reversal confirmed\"","timestamp":"2026-07-22T18:09:50.503Z"}
{"level":"debug","message":"[AGG] ADA/USDC: votes BUY=0.00 SELL=0.83 HOLD=0.40 total_voters=3 external=0","timestamp":"2026-07-22T18:09:50.503Z"}
{"level":"debug","message":"[AGG] ADA/USDC: decision=HOLD confidence=0.28 tie=false belowMin=true (minConf=0.35750000000000004)","timestamp":"2026-07-22T18:09:50.503Z"}
{"level":"debug","message":"[CYCLE] AVAX/USDC: starting cycle, candles=770 lastClose=6.61100000 lastTs=2026-07-22T12:00:00.000Z","timestamp":"2026-07-22T18:09:50.514Z"}
{"level":"debug","message":"[AGG] AVAX/USDC: strategy[0]=unknown → HOLD conf=0.20 \"RSI 44.6 neutral\"","timestamp":"2026-07-22T18:09:50.516Z"}
{"level":"debug","message":"[AGG] AVAX/USDC: strategy[1]=unknown → HOLD conf=0.20 \"MACD -0.0218 vs signal -0.0227 hist:0.0008\"","timestamp":"2026-07-22T18:09:50.516Z"}
{"level":"debug","message":"[AGG] AVAX/USDC: strategy[2]=unknown → HOLD conf=0.10 \"PSAR uptrend continues (SAR 6.3808)\"","timestamp":"2026-07-22T18:09:50.516Z"}
{"level":"debug","message":"[AGG] AVAX/USDC: votes BUY=0.00 SELL=0.00 HOLD=0.50 total_voters=3 external=0","timestamp":"2026-07-22T18:09:50.516Z"}
{"level":"debug","message":"[AGG] AVAX/USDC: decision=HOLD confidence=0.17 tie=false belowMin=true (minConf=0.35750000000000004)","timestamp":"2026-07-22T18:09:50.516Z"}
{"level":"debug","message":"[CYCLE] DOGE/USDC: starting cycle, candles=770 lastClose=0.07304000 lastTs=2026-07-22T12:00:00.000Z","timestamp":"2026-07-22T18:09:50.530Z"}
{"level":"debug","message":"[AGG] DOGE/USDC: strategy[0]=unknown → HOLD conf=0.20 \"No EMA crossover (fast 0.0727 vs slow 0.0732)\"","timestamp":"2026-07-22T18:09:50.531Z"}
{"level":"debug","message":"[AGG] DOGE/USDC: strategy[1]=unknown → HOLD conf=0.10 \"PSAR downtrend continues (SAR 0.0746)\"","timestamp":"2026-07-22T18:09:50.531Z"}
{"level":"debug","message":"[AGG] DOGE/USDC: strategy[2]=unknown → HOLD conf=0.15 \"HA bullish continuation\"","timestamp":"2026-07-22T18:09:50.531Z"}
{"level":"debug","message":"[AGG] DOGE/USDC: votes BUY=0.00 SELL=0.00 HOLD=0.45 total_voters=3 external=0","timestamp":"2026-07-22T18:09:50.531Z"}
{"level":"debug","message":"[AGG] DOGE/USDC: decision=HOLD confidence=0.15 tie=false belowMin=true (minConf=0.35750000000000004)","timestamp":"2026-07-22T18:09:50.532Z"}
{"level":"debug","message":"[CYCLE] INJ/USDC: starting cycle, candles=770 lastClose=5.24000000 lastTs=2026-07-22T12:00:00.000Z","timestamp":"2026-07-22T18:09:50.554Z"}
{"level":"debug","message":"[AGG] INJ/USDC: strategy[0]=unknown → HOLD conf=0.10 \"ADX 20.3 < 25 — ranging, skip\"","timestamp":"2026-07-22T18:09:50.557Z"}
{"level":"debug","message":"[AGG] INJ/USDC: strategy[1]=unknown → HOLD conf=0.20 \"OBV above EMA-20 — no cross\"","timestamp":"2026-07-22T18:09:50.557Z"}
{"level":"debug","message":"[AGG] INJ/USDC: strategy[2]=unknown → HOLD conf=0.20 \"StochRSI K=75.2 D=82.7 — no extreme crossover\"","timestamp":"2026-07-22T18:09:50.557Z"}
{"level":"debug","message":"[AGG] INJ/USDC: votes BUY=0.00 SELL=0.00 HOLD=0.50 total_voters=3 external=0","timestamp":"2026-07-22T18:09:50.557Z"}
{"level":"debug","message":"[AGG] INJ/USDC: decision=HOLD confidence=0.17 tie=false belowMin=true (minConf=0.35750000000000004)","timestamp":"2026-07-22T18:09:50.557Z"}
{"level":"debug","message":"[CYCLE] ETH/USDC: starting cycle, candles=770 lastClose=1933.43000000 lastTs=2026-07-22T12:00:00.000Z","timestamp":"2026-07-22T18:09:50.569Z"}
{"level":"debug","message":"[AGG] ETH/USDC: strategy[0]=unknown → HOLD conf=0.10 \"Supertrend uptrend continues (ST 1814.0786)\"","timestamp":"2026-07-22T18:09:50.571Z"}
{"level":"debug","message":"[AGG] ETH/USDC: strategy[1]=unknown → HOLD conf=0.20 \"MFI 66.8 neutral\"","timestamp":"2026-07-22T18:09:50.571Z"}
{"level":"debug","message":"[AGG] ETH/USDC: strategy[2]=unknown → BUY conf=0.62 \"Support 1910.8450 (2×)\"","timestamp":"2026-07-22T18:09:50.571Z"}
{"level":"debug","message":"[AGG] ETH/USDC: votes BUY=0.62 SELL=0.00 HOLD=0.30 total_voters=3 external=0","timestamp":"2026-07-22T18:09:50.571Z"}
{"level":"debug","message":"[AGG] ETH/USDC: decision=HOLD confidence=0.21 tie=false belowMin=true (minConf=0.35750000000000004)","timestamp":"2026-07-22T18:09:50.571Z"}
{"level":"debug","message":"[CYCLE] WLD/USDC: starting cycle, candles=770 lastClose=0.39730000 lastTs=2026-07-22T12:00:00.000Z","timestamp":"2026-07-22T18:09:50.593Z"}
{"level":"debug","message":"[AGG] WLD/USDC: strategy[0]=unknown → HOLD conf=0.20 \"Price 0.3764 inside BB [0.3520–0.4271]\"","timestamp":"2026-07-22T18:09:50.597Z"}
{"level":"debug","message":"[AGG] WLD/USDC: strategy[1]=unknown → HOLD conf=0.20 \"CCI -48.1 neutral\"","timestamp":"2026-07-22T18:09:50.597Z"}
{"level":"debug","message":"[AGG] WLD/USDC: strategy[2]=unknown → HOLD conf=0.10 \"ADX 23.3 < 25 — ranging, skip\"","timestamp":"2026-07-22T18:09:50.597Z"}
{"level":"debug","message":"[AGG] WLD/USDC: votes BUY=0.00 SELL=0.00 HOLD=0.50 total_voters=3 external=0","timestamp":"2026-07-22T18:09:50.597Z"}
{"level":"debug","message":"[AGG] WLD/USDC: decision=HOLD confidence=0.17 tie=false belowMin=true (minConf=0.35750000000000004)","timestamp":"2026-07-22T18:09:50.597Z"}
{"level":"debug","message":"[CYCLE] PEPE/USDC: starting cycle, candles=770 lastClose=0.00000288 lastTs=2026-07-22T12:00:00.000Z","timestamp":"2026-07-22T18:09:50.618Z"}
{"level":"debug","message":"[AGG] PEPE/USDC: strategy[0]=unknown → HOLD conf=0.20 \"No EMA crossover (fast 0.0000 vs slow 0.0000)\"","timestamp":"2026-07-22T18:09:50.619Z"}
{"level":"debug","message":"[AGG] PEPE/USDC: strategy[1]=unknown → HOLD conf=0.10 \"Supertrend uptrend continues (ST 0.0000)\"","timestamp":"2026-07-22T18:09:50.619Z"}
{"level":"debug","message":"[AGG] PEPE/USDC: strategy[2]=unknown → HOLD conf=0.20 \"OBV above EMA-20 — no cross\"","timestamp":"2026-07-22T18:09:50.619Z"}
{"level":"debug","message":"[AGG] PEPE/USDC: votes BUY=0.00 SELL=0.00 HOLD=0.50 total_voters=3 external=0","timestamp":"2026-07-22T18:09:50.619Z"}
{"level":"debug","message":"[AGG] PEPE/USDC: decision=HOLD confidence=0.17 tie=false belowMin=true (minConf=0.35750000000000004)","timestamp":"2026-07-22T18:09:50.619Z"}
{"level":"debug","message":"[CYCLE] TON/USDC: starting cycle, candles=725 lastClose=1.59800000 lastTs=2026-06-30T00:00:00.000Z","timestamp":"2026-07-22T18:09:50.629Z"}
{"level":"debug","message":"[AGG] TON/USDC: strategy[0]=unknown → HOLD conf=0.20 \"No EMA crossover (fast 1.5859 vs slow 1.6107)\"","timestamp":"2026-07-22T18:09:50.631Z"}
{"level":"debug","message":"[AGG] TON/USDC: strategy[1]=unknown → BUY conf=0.55 \"OBV crossed above EMA-20 — volume buyers in control\"","timestamp":"2026-07-22T18:09:50.631Z"}
{"level":"debug","message":"[AGG] TON/USDC: strategy[2]=unknown → HOLD conf=0.20 \"StochRSI K=100.0 D=71.5 — no extreme crossover\"","timestamp":"2026-07-22T18:09:50.631Z"}
{"level":"debug","message":"[AGG] TON/USDC: votes BUY=0.55 SELL=0.00 HOLD=0.40 total_voters=3 external=0","timestamp":"2026-07-22T18:09:50.631Z"}
{"level":"debug","message":"[AGG] TON/USDC: decision=HOLD confidence=0.18 tie=false belowMin=true (minConf=0.35750000000000004)","timestamp":"2026-07-22T18:09:50.631Z"}
{"level":"debug","message":"[CYCLE] RENDER/USDC: starting cycle, candles=770 lastClose=1.52700000 lastTs=2026-07-22T12:00:00.000Z","timestamp":"2026-07-22T18:09:50.649Z"}
{"level":"debug","message":"[AGG] RENDER/USDC: strategy[0]=unknown → HOLD conf=0.20 \"No EMA crossover (fast 1.5067 vs slow 1.5179)\"","timestamp":"2026-07-22T18:09:50.651Z"}
{"level":"debug","message":"[AGG] RENDER/USDC: strategy[1]=unknown → SELL conf=0.55 \"OBV crossed below EMA-20 — volume sellers in control\"","timestamp":"2026-07-22T18:09:50.651Z"}
{"level":"debug","message":"[AGG] RENDER/USDC: strategy[2]=unknown → HOLD conf=0.20 \"%R -50.0 neutral\"","timestamp":"2026-07-22T18:09:50.651Z"}
{"level":"debug","message":"[AGG] RENDER/USDC: votes BUY=0.00 SELL=0.55 HOLD=0.40 total_voters=3 external=0","timestamp":"2026-07-22T18:09:50.651Z"}
{"level":"debug","message":"[AGG] RENDER/USDC: decision=HOLD confidence=0.18 tie=false belowMin=true (minConf=0.35750000000000004)","timestamp":"2026-07-22T18:09:50.651Z"}
{"level":"debug","message":"[CYCLE] ENA/USDC: starting cycle, candles=770 lastClose=0.09060000 lastTs=2026-07-22T12:00:00.000Z","timestamp":"2026-07-22T18:09:50.672Z"}
{"level":"debug","message":"[AGG] ENA/USDC: strategy[0]=unknown → HOLD conf=0.20 \"RSI 63.0 neutral\"","timestamp":"2026-07-22T18:09:50.676Z"}
{"level":"debug","message":"[AGG] ENA/USDC: strategy[1]=unknown → HOLD conf=0.20 \"Price 0.0867 inside BB [0.0774–0.0872]\"","timestamp":"2026-07-22T18:09:50.676Z"}
{"level":"debug","message":"[AGG] ENA/USDC: strategy[2]=unknown → SELL conf=0.82 \"CCI 154.4 overbought ↓ reversal confirmed\"","timestamp":"2026-07-22T18:09:50.676Z"}
{"level":"debug","message":"[AGG] ENA/USDC: votes BUY=0.00 SELL=0.82 HOLD=0.40 total_voters=3 external=0","timestamp":"2026-07-22T18:09:50.676Z"}
{"level":"debug","message":"[AGG] ENA/USDC: decision=HOLD confidence=0.27 tie=false belowMin=true (minConf=0.35750000000000004)","timestamp":"2026-07-22T18:09:50.676Z"}
{"level":"debug","message":"[CYCLE] ICP/USDC: starting cycle, candles=770 lastClose=2.20700000 lastTs=2026-07-22T12:00:00.000Z","timestamp":"2026-07-22T18:09:50.697Z"}
{"level":"debug","message":"[AGG] ICP/USDC: strategy[0]=unknown → HOLD conf=0.20 \"RSI 48.2 neutral\"","timestamp":"2026-07-22T18:09:50.701Z"}
{"level":"debug","message":"[AGG] ICP/USDC: strategy[1]=unknown → HOLD conf=0.20 \"Price 2.1760 inside BB [2.1074–2.2481]\"","timestamp":"2026-07-22T18:09:50.701Z"}
{"level":"debug","message":"[AGG] ICP/USDC: strategy[2]=unknown → HOLD conf=0.20 \"Stoch K=51.0 D=71.6 — no crossover in extreme zone\"","timestamp":"2026-07-22T18:09:50.701Z"}
{"level":"debug","message":"[AGG] ICP/USDC: votes BUY=0.00 SELL=0.00 HOLD=0.60 total_voters=3 external=0","timestamp":"2026-07-22T18:09:50.701Z"}
{"level":"debug","message":"[AGG] ICP/USDC: decision=HOLD confidence=0.20 tie=false belowMin=true (minConf=0.35750000000000004)","timestamp":"2026-07-22T18:09:50.701Z"}
{"level":"debug","message":"[CYCLE] APT/USDC: starting cycle, candles=770 lastClose=0.62200000 lastTs=2026-07-22T12:00:00.000Z","timestamp":"2026-07-22T18:09:50.722Z"}
{"level":"debug","message":"[AGG] APT/USDC: strategy[0]=unknown → HOLD conf=0.20 \"Price 0.6020 inside BB [0.5849–0.6294]\"","timestamp":"2026-07-22T18:09:50.728Z"}
{"level":"debug","message":"[AGG] APT/USDC: strategy[1]=unknown → HOLD conf=0.20 \"Stoch K=41.2 D=54.2 — no crossover in extreme zone\"","timestamp":"2026-07-22T18:09:50.728Z"}
{"level":"debug","message":"[AGG] APT/USDC: strategy[2]=unknown → HOLD conf=0.20 \"MFI 49.5 neutral\"","timestamp":"2026-07-22T18:09:50.728Z"}
{"level":"debug","message":"[AGG] APT/USDC: votes BUY=0.00 SELL=0.00 HOLD=0.60 total_voters=3 external=0","timestamp":"2026-07-22T18:09:50.728Z"}
{"level":"debug","message":"[AGG] APT/USDC: decision=HOLD confidence=0.20 tie=false belowMin=true (minConf=0.35750000000000004)","timestamp":"2026-07-22T18:09:50.728Z"}
{"level":"debug","message":"[CYCLE] ARB/USDC: starting cycle, candles=770 lastClose=0.09050000 lastTs=2026-07-22T12:00:00.000Z","timestamp":"2026-07-22T18:09:50.736Z"}
{"level":"debug","message":"[AGG] ARB/USDC: strategy[0]=unknown → HOLD conf=0.20 \"RSI 56.3 neutral\"","timestamp":"2026-07-22T18:09:50.738Z"}
{"level":"debug","message":"[AGG] ARB/USDC: strategy[1]=unknown → HOLD conf=0.20 \"%R -31.0 neutral\"","timestamp":"2026-07-22T18:09:50.738Z"}
{"level":"debug","message":"[AGG] ARB/USDC: strategy[2]=unknown → HOLD conf=0.20 \"HA flipped but prior streak too short (1 < 3)\"","timestamp":"2026-07-22T18:09:50.738Z"}
{"level":"debug","message":"[AGG] ARB/USDC: votes BUY=0.00 SELL=0.00 HOLD=0.60 total_voters=3 external=0","timestamp":"2026-07-22T18:09:50.738Z"}
{"level":"debug","message":"[AGG] ARB/USDC: decision=HOLD confidence=0.20 tie=false belowMin=true (minConf=0.35750000000000004)","timestamp":"2026-07-22T18:09:50.738Z"}
{"level":"debug","message":"[CYCLE] JUP/USDC: starting cycle, candles=770 lastClose=0.19250000 lastTs=2026-07-22T12:00:00.000Z","timestamp":"2026-07-22T18:09:50.757Z"}
{"level":"debug","message":"[AGG] JUP/USDC: strategy[0]=unknown → HOLD conf=0.20 \"Price 0.1956 inside BB [0.1861–0.2154]\"","timestamp":"2026-07-22T18:09:50.760Z"}
{"level":"debug","message":"[AGG] JUP/USDC: strategy[1]=unknown → HOLD conf=0.20 \"CCI -35.2 neutral\"","timestamp":"2026-07-22T18:09:50.761Z"}
{"level":"debug","message":"[AGG] JUP/USDC: strategy[2]=unknown → HOLD conf=0.20 \"OBV above EMA-20 — no cross\"","timestamp":"2026-07-22T18:09:50.761Z"}
{"level":"debug","message":"[AGG] JUP/USDC: votes BUY=0.00 SELL=0.00 HOLD=0.60 total_voters=3 external=0","timestamp":"2026-07-22T18:09:50.761Z"}
{"level":"debug","message":"[AGG] JUP/USDC: decision=HOLD confidence=0.20 tie=false belowMin=true (minConf=0.35750000000000004)","timestamp":"2026-07-22T18:09:50.761Z"}
{"level":"debug","message":"[CYCLE] BTC/USDC: sizing positionPct=0.0981 (base=0.15 atr=0.026785714285714288 regime=on conf=0.15 macro=bear mtf=1.0)","timestamp":"2026-07-22T18:09:50.776Z"}
{"level":"info","message":"BTC/USDC: decision=HOLD confidence=15% price=65977.46000000 external_signals=0","timestamp":"2026-07-22T18:09:50.777Z"}
{"level":"info","message":"BTC/USDC: No EMA crossover (fast 64964.1779 vs slow 64266.4731) | PSAR uptrend continues (SAR 62941.3784) | HA bullish continuation","timestamp":"2026-07-22T18:09:50.777Z"}
{"level":"debug","message":"[CYCLE] XRP/USDC: sizing positionPct=0.0815 (base=0.15 atr=0.026785714285714288 regime=on conf=0.20 macro=bear mtf=1.0)","timestamp":"2026-07-22T18:09:50.987Z"}
{"level":"info","message":"XRP/USDC: decision=HOLD confidence=20% price=1.14520000 external_signals=0","timestamp":"2026-07-22T18:09:50.987Z"}
{"level":"info","message":"XRP/USDC: Price 1.1324 inside BB [1.0548–1.1457] | Stoch K=68.8 D=84.4 — no crossover in extreme zone | No EMA crossover (fast 1.1137 vs slow 1.1062)","timestamp":"2026-07-22T18:09:50.988Z"}
{"level":"debug","message":"[CYCLE] LINK/USDC: sizing positionPct=0.0943 (base=0.15 atr=0.026785714285714288 regime=on conf=0.17 macro=bear mtf=1.0)","timestamp":"2026-07-22T18:09:51.175Z"}
{"level":"info","message":"LINK/USDC: decision=HOLD confidence=17% price=8.63100000 external_signals=0","timestamp":"2026-07-22T18:09:51.175Z"}
{"level":"info","message":"LINK/USDC: Price 8.6290 inside BB [7.8301–8.7965] | Stoch K=82.8 D=86.2 — no crossover in extreme zone | Supertrend uptrend continues (ST 8.1427)","timestamp":"2026-07-22T18:09:51.175Z"}
{"level":"debug","message":"[CYCLE] BNB/USDC: sizing positionPct=0.0547 (base=0.15 atr=0.026785714285714288 regime=on conf=0.21 macro=bear mtf=1.0)","timestamp":"2026-07-22T18:09:51.373Z"}
{"level":"info","message":"BNB/USDC: decision=HOLD confidence=21% price=571.69000000 external_signals=0","timestamp":"2026-07-22T18:09:51.373Z"}
{"level":"info","message":"BNB/USDC: %R -54.5 neutral | HA flipped bearish ↓ after 3-bar bull streak | Support 569.9200 (3×)","timestamp":"2026-07-22T18:09:51.373Z"}
{"level":"debug","message":"[CYCLE] LTC/USDC: sizing positionPct=0.0893 (base=0.15 atr=0.026785714285714288 regime=on conf=0.20 macro=bear mtf=1.0)","timestamp":"2026-07-22T18:09:51.574Z"}
{"level":"info","message":"LTC/USDC: decision=HOLD confidence=20% price=47.03000000 external_signals=0","timestamp":"2026-07-22T18:09:51.574Z"}
{"level":"info","message":"LTC/USDC: Price 46.3600 inside BB [42.8828–48.3702] | No EMA crossover (fast 46.4852 vs slow 45.6932) | %R -43.5 neutral","timestamp":"2026-07-22T18:09:51.574Z"}
{"level":"debug","message":"[CYCLE] NEAR/USDC: sizing positionPct=0.0237 (base=0.15 atr=0.026785714285714288 regime=on conf=0.15 macro=bear mtf=1.0)","timestamp":"2026-07-22T18:09:51.774Z"}
{"level":"info","message":"NEAR/USDC: decision=HOLD confidence=15% price=1.87300000 external_signals=0","timestamp":"2026-07-22T18:09:51.774Z"}
{"level":"info","message":"NEAR/USDC: RSI 45.0 neutral | Price 1.9060 inside BB [1.8437–2.0801] | Stoch K=6.5 D=31.3 — no crossover in extreme zone | Support 1.8915 (2×)","timestamp":"2026-07-22T18:09:51.774Z"}
{"level":"debug","message":"[CYCLE] TRX/USDC: sizing positionPct=0.0595 (base=0.15 atr=0.026785714285714288 regime=on conf=0.31 macro=bear mtf=1.0)","timestamp":"2026-07-22T18:09:51.974Z"}
{"level":"info","message":"TRX/USDC: decision=HOLD confidence=31% price=0.32860000 external_signals=0","timestamp":"2026-07-22T18:09:51.974Z"}
{"level":"info","message":"TRX/USDC: CCI 110.7 overbought — still rising, wait | Stoch K=88.0 D=81.7 — no crossover in extreme zone | StochRSI K=100.0 D=94.9 — no extreme crossover","timestamp":"2026-07-22T18:09:51.974Z"}
{"level":"debug","message":"[CYCLE] BCH/USDC: sizing positionPct=0.0660 (base=0.15 atr=0.026785714285714288 regime=on conf=0.20 macro=bear mtf=1.0)","timestamp":"2026-07-22T18:09:52.175Z"}
{"level":"info","message":"BCH/USDC: decision=HOLD confidence=20% price=220.20000000 external_signals=0","timestamp":"2026-07-22T18:09:52.175Z"}
{"level":"info","message":"BCH/USDC: Price 221.8000 inside BB [208.5687–242.9413] | OBV below EMA-20 — no cross | %R -57.0 neutral","timestamp":"2026-07-22T18:09:52.175Z"}
{"level":"debug","message":"[CYCLE] ACH/USDC: sizing positionPct=0.0261 (base=0.15 atr=0.026785714285714288 regime=on conf=0.20 macro=bear mtf=1.0)","timestamp":"2026-07-22T18:09:52.373Z"}
{"level":"info","message":"ACH/USDC: decision=HOLD confidence=20% price=0.00431000 external_signals=0","timestamp":"2026-07-22T18:09:52.373Z"}
{"level":"info","message":"ACH/USDC: RSI 44.1 neutral | Price 0.0043 inside BB [0.0042–0.0046] | CCI -62.5 neutral","timestamp":"2026-07-22T18:09:52.373Z"}
{"level":"debug","message":"[CYCLE] CRV/USDC: sizing positionPct=0.0231 (base=0.15 atr=0.026785714285714288 regime=on conf=0.13 macro=bear mtf=1.0)","timestamp":"2026-07-22T18:09:52.572Z"}
{"level":"info","message":"CRV/USDC: decision=HOLD confidence=13% price=0.21560000 external_signals=0","timestamp":"2026-07-22T18:09:52.572Z"}
{"level":"info","message":"CRV/USDC: ADX 10.2 < 25 — ranging, skip | StochRSI K=41.0 D=40.5 — no extreme crossover | No significant S/R zone nearby","timestamp":"2026-07-22T18:09:52.572Z"}
{"level":"debug","message":"[CYCLE] ENS/USDC: sizing positionPct=0.0550 (base=0.15 atr=0.026785714285714288 regime=on conf=0.13 macro=bear mtf=1.0)","timestamp":"2026-07-22T18:09:52.773Z"}
{"level":"info","message":"ENS/USDC: decision=HOLD confidence=13% price=4.63000000 external_signals=0","timestamp":"2026-07-22T18:09:52.774Z"}
{"level":"info","message":"ENS/USDC: Price 4.6100 inside BB [3.9923–4.7367] | PSAR uptrend continues (SAR 4.3661) | No significant S/R zone nearby","timestamp":"2026-07-22T18:09:52.774Z"}
{"level":"debug","message":"[CYCLE] GMX/USDC: sizing positionPct=0.0542 (base=0.15 atr=0.026785714285714288 regime=on conf=0.20 macro=bear mtf=1.0)","timestamp":"2026-07-22T18:09:52.973Z"}
{"level":"info","message":"GMX/USDC: decision=HOLD confidence=20% price=6.08000000 external_signals=0","timestamp":"2026-07-22T18:09:52.973Z"}
{"level":"info","message":"GMX/USDC: RSI 56.6 neutral | Price 5.9600 inside BB [5.3840–6.1760] | CCI 71.8 neutral","timestamp":"2026-07-22T18:09:52.973Z"}
{"level":"debug","message":"[CYCLE] JTO/USDC: sizing positionPct=0.0334 (base=0.15 atr=0.026785714285714288 regime=on conf=0.13 macro=bear mtf=1.0)","timestamp":"2026-07-22T18:09:53.176Z"}
{"level":"info","message":"JTO/USDC: decision=HOLD confidence=13% price=0.62940000 external_signals=0","timestamp":"2026-07-22T18:09:53.177Z"}
{"level":"info","message":"JTO/USDC: CCI 68.8 neutral | PSAR uptrend continues (SAR 0.5473) | No significant S/R zone nearby","timestamp":"2026-07-22T18:09:53.177Z"}
{"level":"debug","message":"[CYCLE] LDO/USDC: sizing positionPct=0.0487 (base=0.15 atr=0.026785714285714288 regime=on conf=0.30 macro=bear mtf=1.0)","timestamp":"2026-07-22T18:09:53.374Z"}
{"level":"info","message":"LDO/USDC: decision=HOLD confidence=30% price=0.40100000 external_signals=0","timestamp":"2026-07-22T18:09:53.375Z"}
{"level":"info","message":"LDO/USDC: MACD 0.0223 vs signal 0.0208 hist:0.0015 | ADX 49.8 uptrend (+DI 38.9 > -DI 10.9) | %R -18.2 overbought — still rising, wait","timestamp":"2026-07-22T18:09:53.375Z"}
{"level":"debug","message":"[CYCLE] LSK/USDC: sizing positionPct=0.0500 (base=0.15 atr=0.026785714285714288 regime=on conf=0.18 macro=bear mtf=1.0)","timestamp":"2026-07-22T18:09:53.574Z"}
{"level":"info","message":"LSK/USDC: decision=HOLD confidence=18% price=0.09200000 external_signals=0","timestamp":"2026-07-22T18:09:53.574Z"}
{"level":"info","message":"LSK/USDC: MACD crossed above signal hist:0.0001 | MFI 58.7 neutral | PSAR downtrend continues (SAR 0.0960)","timestamp":"2026-07-22T18:09:53.574Z"}
{"level":"debug","message":"[CYCLE] MANTA/USDC: sizing positionPct=0.0638 (base=0.15 atr=0.026785714285714288 regime=on conf=0.20 macro=bear mtf=1.0)","timestamp":"2026-07-22T18:09:53.773Z"}
{"level":"info","message":"MANTA/USDC: decision=HOLD confidence=20% price=0.06293000 external_signals=0","timestamp":"2026-07-22T18:09:53.773Z"}
{"level":"info","message":"MANTA/USDC: RSI 52.6 neutral | Price 0.0640 inside BB [0.0576–0.0672] | CCI 50.7 neutral","timestamp":"2026-07-22T18:09:53.774Z"}
{"level":"debug","message":"[CYCLE] PIXEL/USDC: sizing positionPct=0.0307 (base=0.15 atr=0.026785714285714288 regime=on conf=0.13 macro=bear mtf=1.0)","timestamp":"2026-07-22T18:09:53.974Z"}
{"level":"info","message":"PIXEL/USDC: decision=HOLD confidence=13% price=0.00457000 external_signals=0","timestamp":"2026-07-22T18:09:53.974Z"}
{"level":"info","message":"PIXEL/USDC: No EMA crossover (fast 0.0045 vs slow 0.0046) | ADX 15.9 < 20 — ranging, skip | No significant S/R zone nearby","timestamp":"2026-07-22T18:09:53.975Z"}
{"level":"debug","message":"[RISK] PAXG/USDC: canTrade=false conf=0.49<0.55 positions=0/4 dailyPnL=0.00 blocked=false","timestamp":"2026-07-22T18:09:54.174Z"}
{"level":"debug","message":"[CYCLE] PAXG/USDC: sizing positionPct=0.1349 (base=0.15 atr=0.026785714285714288 regime=on conf=0.49 macro=bear mtf=1.0)","timestamp":"2026-07-22T18:09:54.175Z"}
{"level":"info","message":"PAXG/USDC: trade blocked - Confidence 0.49 below minimum 0.55","timestamp":"2026-07-22T18:09:54.175Z"}
{"level":"info","message":"PAXG/USDC: decision=BUY confidence=49% price=4131.81000000 external_signals=0","timestamp":"2026-07-22T18:09:54.175Z"}
{"level":"info","message":"PAXG/USDC: MACD -6.1473 vs signal -18.5652 hist:12.4179 | ADX 22.8 uptrend (+DI 31.0 > -DI 22.2) | Supertrend flipped bullish ↑ (ST 3986.7585)","timestamp":"2026-07-22T18:09:54.175Z"}
{"level":"debug","message":"[CYCLE] SUI/USDC: sizing positionPct=0.0655 (base=0.15 atr=0.026785714285714288 regime=on conf=0.20 macro=bear mtf=1.0)","timestamp":"2026-07-22T18:09:54.377Z"}
{"level":"info","message":"SUI/USDC: decision=HOLD confidence=20% price=0.76950000 external_signals=0","timestamp":"2026-07-22T18:09:54.377Z"}
{"level":"info","message":"SUI/USDC: RSI 55.9 neutral | Stoch K=69.0 D=80.9 — no crossover in extreme zone | MFI 36.9 neutral","timestamp":"2026-07-22T18:09:54.377Z"}
{"level":"debug","message":"[CYCLE] TIA/USDC: sizing positionPct=0.0395 (base=0.15 atr=0.026785714285714288 regime=on conf=0.20 macro=bear mtf=1.0)","timestamp":"2026-07-22T18:09:54.574Z"}
{"level":"info","message":"TIA/USDC: decision=HOLD confidence=20% price=0.36260000 external_signals=0","timestamp":"2026-07-22T18:09:54.574Z"}
{"level":"info","message":"TIA/USDC: CCI -70.1 neutral | MACD -0.0095 vs signal -0.0066 hist:-0.0029 | HA flipped but prior streak too short (1 < 3)","timestamp":"2026-07-22T18:09:54.574Z"}
{"level":"debug","message":"[CYCLE] VANRY/USDC: sizing positionPct=0.0352 (base=0.15 atr=0.026785714285714288 regime=on conf=0.20 macro=bear mtf=1.0)","timestamp":"2026-07-22T18:09:54.777Z"}
{"level":"info","message":"VANRY/USDC: decision=HOLD confidence=20% price=0.00474500 external_signals=0","timestamp":"2026-07-22T18:09:54.778Z"}
{"level":"info","message":"VANRY/USDC: No EMA crossover (fast 0.0052 vs slow 0.0053) | MACD -0.0001 vs signal -0.0000 hist:-0.0001 | ADX 28.5 uptrend (+DI 29.0 > -DI 22.9)","timestamp":"2026-07-22T18:09:54.778Z"}
{"level":"debug","message":"[CYCLE] THETA/USDC: sizing positionPct=0.0569 (base=0.15 atr=0.026785714285714288 regime=on conf=0.18 macro=bear mtf=1.0)","timestamp":"2026-07-22T18:09:54.973Z"}
{"level":"info","message":"THETA/USDC: decision=HOLD confidence=18% price=0.13760000 external_signals=0","timestamp":"2026-07-22T18:09:54.973Z"}
{"level":"info","message":"THETA/USDC: RSI 43.6 neutral | CCI -74.5 neutral | OBV crossed below EMA-20 — volume sellers in control","timestamp":"2026-07-22T18:09:54.973Z"}
{"level":"debug","message":"[CYCLE] SOL/USDC: sizing positionPct=0.0380 (base=0.15 atr=0.026785714285714288 regime=on conf=0.20 macro=bear mtf=1.0)","timestamp":"2026-07-22T18:09:55.181Z"}
{"level":"info","message":"SOL/USDC: decision=HOLD confidence=20% price=78.03000000 external_signals=0","timestamp":"2026-07-22T18:09:55.181Z"}
{"level":"info","message":"SOL/USDC: Price 77.2600 inside BB [73.9123–78.9287] | %R -30.8 neutral | StochRSI K=68.9 D=84.6 — no extreme crossover","timestamp":"2026-07-22T18:09:55.181Z"}
{"level":"debug","message":"[CYCLE] ADA/USDC: sizing positionPct=0.0508 (base=0.15 atr=0.026785714285714288 regime=on conf=0.28 macro=bear mtf=1.0)","timestamp":"2026-07-22T18:09:55.373Z"}
{"level":"info","message":"ADA/USDC: decision=HOLD confidence=28% price=0.17760000 external_signals=0","timestamp":"2026-07-22T18:09:55.373Z"}
{"level":"info","message":"ADA/USDC: RSI 55.5 neutral | Price 0.1711 inside BB [0.1554–0.1740] | CCI 157.3 overbought ↓ reversal confirmed","timestamp":"2026-07-22T18:09:55.373Z"}
{"level":"debug","message":"[CYCLE] AVAX/USDC: sizing positionPct=0.0336 (base=0.15 atr=0.026785714285714288 regime=on conf=0.17 macro=bear mtf=1.0)","timestamp":"2026-07-22T18:09:55.573Z"}
{"level":"info","message":"AVAX/USDC: decision=HOLD confidence=17% price=6.61100000 external_signals=0","timestamp":"2026-07-22T18:09:55.573Z"}
{"level":"info","message":"AVAX/USDC: RSI 44.6 neutral | MACD -0.0218 vs signal -0.0227 hist:0.0008 | PSAR uptrend continues (SAR 6.3808)","timestamp":"2026-07-22T18:09:55.573Z"}
{"level":"debug","message":"[CYCLE] DOGE/USDC: sizing positionPct=0.0400 (base=0.15 atr=0.026785714285714288 regime=on conf=0.15 macro=bear mtf=1.0)","timestamp":"2026-07-22T18:09:55.773Z"}
{"level":"info","message":"DOGE/USDC: decision=HOLD confidence=15% price=0.07304000 external_signals=0","timestamp":"2026-07-22T18:09:55.773Z"}
{"level":"info","message":"DOGE/USDC: No EMA crossover (fast 0.0727 vs slow 0.0732) | PSAR downtrend continues (SAR 0.0746) | HA bullish continuation","timestamp":"2026-07-22T18:09:55.774Z"}
{"level":"debug","message":"[CYCLE] INJ/USDC: sizing positionPct=0.0455 (base=0.15 atr=0.026785714285714288 regime=on conf=0.17 macro=bear mtf=1.0)","timestamp":"2026-07-22T18:09:55.974Z"}
{"level":"info","message":"INJ/USDC: decision=HOLD confidence=17% price=5.24000000 external_signals=0","timestamp":"2026-07-22T18:09:55.974Z"}
{"level":"info","message":"INJ/USDC: ADX 20.3 < 25 — ranging, skip | OBV above EMA-20 — no cross | StochRSI K=75.2 D=82.7 — no extreme crossover","timestamp":"2026-07-22T18:09:55.975Z"}
{"level":"debug","message":"[CYCLE] ETH/USDC: sizing positionPct=0.1001 (base=0.15 atr=0.026785714285714288 regime=on conf=0.21 macro=bear mtf=1.0)","timestamp":"2026-07-22T18:09:56.173Z"}
{"level":"info","message":"ETH/USDC: decision=HOLD confidence=21% price=1933.43000000 external_signals=0","timestamp":"2026-07-22T18:09:56.173Z"}
{"level":"info","message":"ETH/USDC: Supertrend uptrend continues (ST 1814.0786) | MFI 66.8 neutral | Support 1910.8450 (2×)","timestamp":"2026-07-22T18:09:56.173Z"}
{"level":"debug","message":"[CYCLE] WLD/USDC: sizing positionPct=0.0363 (base=0.15 atr=0.026785714285714288 regime=on conf=0.17 macro=bear mtf=1.0)","timestamp":"2026-07-22T18:09:56.373Z"}
{"level":"info","message":"WLD/USDC: decision=HOLD confidence=17% price=0.39730000 external_signals=0","timestamp":"2026-07-22T18:09:56.373Z"}
{"level":"info","message":"WLD/USDC: Price 0.3764 inside BB [0.3520–0.4271] | CCI -48.1 neutral | ADX 23.3 < 25 — ranging, skip","timestamp":"2026-07-22T18:09:56.373Z"}
{"level":"debug","message":"[CYCLE] PEPE/USDC: sizing positionPct=0.0711 (base=0.15 atr=0.026785714285714288 regime=on conf=0.17 macro=bear mtf=1.0)","timestamp":"2026-07-22T18:09:56.575Z"}
{"level":"info","message":"PEPE/USDC: decision=HOLD confidence=17% price=0.00000288 external_signals=0","timestamp":"2026-07-22T18:09:56.575Z"}
{"level":"info","message":"PEPE/USDC: No EMA crossover (fast 0.0000 vs slow 0.0000) | Supertrend uptrend continues (ST 0.0000) | OBV above EMA-20 — no cross","timestamp":"2026-07-22T18:09:56.575Z"}
{"level":"debug","message":"[CYCLE] TON/USDC: sizing positionPct=0.0202 (base=0.15 atr=0.026785714285714288 regime=on conf=0.18 macro=bear mtf=1.0)","timestamp":"2026-07-22T18:09:56.775Z"}
{"level":"info","message":"TON/USDC: decision=HOLD confidence=18% price=1.59800000 external_signals=0","timestamp":"2026-07-22T18:09:56.775Z"}
{"level":"info","message":"TON/USDC: No EMA crossover (fast 1.5859 vs slow 1.6107) | OBV crossed above EMA-20 — volume buyers in control | StochRSI K=100.0 D=71.5 — no extreme crossover","timestamp":"2026-07-22T18:09:56.775Z"}
{"level":"debug","message":"[CYCLE] RENDER/USDC: sizing positionPct=0.0360 (base=0.15 atr=0.026785714285714288 regime=on conf=0.18 macro=bear mtf=1.0)","timestamp":"2026-07-22T18:09:56.972Z"}
{"level":"info","message":"RENDER/USDC: decision=HOLD confidence=18% price=1.52700000 external_signals=0","timestamp":"2026-07-22T18:09:56.972Z"}
{"level":"info","message":"RENDER/USDC: No EMA crossover (fast 1.5067 vs slow 1.5179) | OBV crossed below EMA-20 — volume sellers in control | %R -50.0 neutral","timestamp":"2026-07-22T18:09:56.972Z"}
{"level":"debug","message":"[CYCLE] ENA/USDC: sizing positionPct=0.0621 (base=0.15 atr=0.026785714285714288 regime=on conf=0.27 macro=bear mtf=1.0)","timestamp":"2026-07-22T18:09:57.171Z"}
{"level":"info","message":"ENA/USDC: decision=HOLD confidence=27% price=0.09060000 external_signals=0","timestamp":"2026-07-22T18:09:57.172Z"}
{"level":"info","message":"ENA/USDC: RSI 63.0 neutral | Price 0.0867 inside BB [0.0774–0.0872] | CCI 154.4 overbought ↓ reversal confirmed","timestamp":"2026-07-22T18:09:57.172Z"}
{"level":"debug","message":"[CYCLE] ICP/USDC: sizing positionPct=0.0383 (base=0.15 atr=0.026785714285714288 regime=on conf=0.20 macro=bear mtf=1.0)","timestamp":"2026-07-22T18:09:57.373Z"}
{"level":"info","message":"ICP/USDC: decision=HOLD confidence=20% price=2.20700000 external_signals=0","timestamp":"2026-07-22T18:09:57.373Z"}
{"level":"info","message":"ICP/USDC: RSI 48.2 neutral | Price 2.1760 inside BB [2.1074–2.2481] | Stoch K=51.0 D=71.6 — no crossover in extreme zone","timestamp":"2026-07-22T18:09:57.373Z"}
{"level":"debug","message":"[CYCLE] APT/USDC: sizing positionPct=0.0275 (base=0.15 atr=0.026785714285714288 regime=on conf=0.20 macro=bear mtf=1.0)","timestamp":"2026-07-22T18:09:57.575Z"}
{"level":"info","message":"APT/USDC: decision=HOLD confidence=20% price=0.62200000 external_signals=0","timestamp":"2026-07-22T18:09:57.575Z"}
{"level":"info","message":"APT/USDC: Price 0.6020 inside BB [0.5849–0.6294] | Stoch K=41.2 D=54.2 — no crossover in extreme zone | MFI 49.5 neutral","timestamp":"2026-07-22T18:09:57.575Z"}
{"level":"debug","message":"[CYCLE] ARB/USDC: sizing positionPct=0.0572 (base=0.15 atr=0.026785714285714288 regime=on conf=0.20 macro=bear mtf=1.0)","timestamp":"2026-07-22T18:09:57.772Z"}
{"level":"info","message":"ARB/USDC: decision=HOLD confidence=20% price=0.09050000 external_signals=0","timestamp":"2026-07-22T18:09:57.772Z"}
{"level":"info","message":"ARB/USDC: RSI 56.3 neutral | %R -31.0 neutral | HA flipped but prior streak too short (1 < 3)","timestamp":"2026-07-22T18:09:57.772Z"}
{"level":"debug","message":"[CYCLE] JUP/USDC: sizing positionPct=0.0222 (base=0.15 atr=0.026785714285714288 regime=on conf=0.20 macro=bear mtf=1.0)","timestamp":"2026-07-22T18:09:57.973Z"}
{"level":"info","message":"JUP/USDC: decision=HOLD confidence=20% price=0.19250000 external_signals=0","timestamp":"2026-07-22T18:09:57.973Z"}
{"level":"info","message":"JUP/USDC: Price 0.1956 inside BB [0.1861–0.2154] | CCI -35.2 neutral | OBV above EMA-20 — no cross","timestamp":"2026-07-22T18:09:57.973Z"}
{"level":"info","message":"BTC/USDC: live balance=189.43 pnl=0.00 open_positions=0 daily_pnl=0.00 blocked=false","timestamp":"2026-07-22T18:09:58.173Z"}
{"level":"info","message":"XRP/USDC: live balance=189.43 pnl=0.00 open_positions=0 daily_pnl=0.00 blocked=false","timestamp":"2026-07-22T18:09:58.372Z"}
{"level":"info","message":"LINK/USDC: live balance=189.43 pnl=0.00 open_positions=0 daily_pnl=0.00 blocked=false","timestamp":"2026-07-22T18:09:58.573Z"}
{"level":"info","message":"BNB/USDC: live balance=189.43 pnl=0.00 open_positions=0 daily_pnl=0.00 blocked=false","timestamp":"2026-07-22T18:09:58.949Z"}
{"level":"info","message":"LTC/USDC: live balance=189.43 pnl=0.00 open_positions=0 daily_pnl=0.00 blocked=false","timestamp":"2026-07-22T18:09:58.975Z"}
{"level":"info","message":"NEAR/USDC: live balance=189.43 pnl=0.00 open_positions=0 daily_pnl=0.00 blocked=false","timestamp":"2026-07-22T18:09:59.171Z"}
{"level":"info","message":"TRX/USDC: live balance=189.43 pnl=0.00 open_positions=0 daily_pnl=0.00 blocked=false","timestamp":"2026-07-22T18:09:59.373Z"}
{"level":"info","message":"BCH/USDC: live balance=189.43 pnl=0.00 open_positions=0 daily_pnl=0.00 blocked=false","timestamp":"2026-07-22T18:09:59.574Z"}
{"level":"info","message":"ACH/USDC: live balance=189.43 pnl=0.00 open_positions=0 daily_pnl=0.00 blocked=false","timestamp":"2026-07-22T18:09:59.974Z"}
{"level":"info","message":"CRV/USDC: live balance=189.43 pnl=0.00 open_positions=0 daily_pnl=0.00 blocked=false","timestamp":"2026-07-22T18:10:00.175Z"}
{"level":"info","message":"ENS/USDC: live balance=189.43 pnl=0.00 open_positions=0 daily_pnl=0.00 blocked=false","timestamp":"2026-07-22T18:10:00.573Z"}
{"level":"info","message":"GMX/USDC: live balance=189.43 pnl=0.00 open_positions=0 daily_pnl=0.00 blocked=false","timestamp":"2026-07-22T18:10:00.772Z"}
{"level":"info","message":"JTO/USDC: live balance=189.43 pnl=0.00 open_positions=0 daily_pnl=0.00 blocked=false","timestamp":"2026-07-22T18:10:00.972Z"}
{"level":"info","message":"LDO/USDC: live balance=189.43 pnl=0.00 open_positions=0 daily_pnl=0.00 blocked=false","timestamp":"2026-07-22T18:10:01.320Z"}
{"level":"info","message":"LSK/USDC: live balance=189.43 pnl=0.00 open_positions=0 daily_pnl=0.00 blocked=false","timestamp":"2026-07-22T18:10:01.379Z"}
{"level":"info","message":"MANTA/USDC: live balance=189.43 pnl=0.00 open_positions=0 daily_pnl=0.00 blocked=false","timestamp":"2026-07-22T18:10:01.581Z"}
{"level":"info","message":"PAXG/USDC: live balance=189.43 pnl=0.00 open_positions=0 daily_pnl=0.00 blocked=false","timestamp":"2026-07-22T18:10:01.973Z"}
{"level":"info","message":"PIXEL/USDC: live balance=189.43 pnl=0.00 open_positions=0 daily_pnl=0.00 blocked=false","timestamp":"2026-07-22T18:10:02.171Z"}
{"level":"info","message":"SUI/USDC: live balance=189.43 pnl=0.00 open_positions=0 daily_pnl=0.00 blocked=false","timestamp":"2026-07-22T18:10:02.178Z"}
{"level":"info","message":"TIA/USDC: live balance=189.43 pnl=0.00 open_positions=0 daily_pnl=0.00 blocked=false","timestamp":"2026-07-22T18:10:02.373Z"}
{"level":"info","message":"VANRY/USDC: live balance=189.43 pnl=0.00 open_positions=0 daily_pnl=0.00 blocked=false","timestamp":"2026-07-22T18:10:02.574Z"}
{"level":"info","message":"THETA/USDC: live balance=189.43 pnl=0.00 open_positions=0 daily_pnl=0.00 blocked=false","timestamp":"2026-07-22T18:10:02.773Z"}
{"level":"info","message":"SOL/USDC: live balance=189.43 pnl=0.00 open_positions=0 daily_pnl=0.00 blocked=false","timestamp":"2026-07-22T18:10:02.973Z"}
{"level":"info","message":"ADA/USDC: live balance=189.43 pnl=0.00 open_positions=0 daily_pnl=0.00 blocked=false","timestamp":"2026-07-22T18:10:03.171Z"}
{"level":"info","message":"AVAX/USDC: live balance=189.43 pnl=0.00 open_positions=0 daily_pnl=0.00 blocked=false","timestamp":"2026-07-22T18:10:03.373Z"}
{"level":"info","message":"DOGE/USDC: live balance=189.43 pnl=0.00 open_positions=0 daily_pnl=0.00 blocked=false","timestamp":"2026-07-22T18:10:03.573Z"}
{"level":"info","message":"INJ/USDC: live balance=189.43 pnl=0.00 open_positions=0 daily_pnl=0.00 blocked=false","timestamp":"2026-07-22T18:10:03.771Z"}
{"level":"info","message":"ETH/USDC: live balance=189.43 pnl=0.00 open_positions=0 daily_pnl=0.00 blocked=false","timestamp":"2026-07-22T18:10:03.970Z"}
{"level":"info","message":"WLD/USDC: live balance=189.43 pnl=0.00 open_positions=0 daily_pnl=0.00 blocked=false","timestamp":"2026-07-22T18:10:04.172Z"}
{"level":"info","message":"PEPE/USDC: live balance=189.43 pnl=0.00 open_positions=0 daily_pnl=0.00 blocked=false","timestamp":"2026-07-22T18:10:04.372Z"}
{"level":"info","message":"TON/USDC: live balance=189.43 pnl=0.00 open_positions=0 daily_pnl=0.00 blocked=false","timestamp":"2026-07-22T18:10:04.570Z"}
{"level":"info","message":"RENDER/USDC: live balance=189.43 pnl=0.00 open_positions=0 daily_pnl=0.00 blocked=false","timestamp":"2026-07-22T18:10:04.773Z"}
{"level":"info","message":"ENA/USDC: live balance=189.43 pnl=0.00 open_positions=0 daily_pnl=0.00 blocked=false","timestamp":"2026-07-22T18:10:04.974Z"}
{"level":"info","message":"ICP/USDC: live balance=189.43 pnl=0.00 open_positions=0 daily_pnl=0.00 blocked=false","timestamp":"2026-07-22T18:10:05.372Z"}
{"level":"info","message":"APT/USDC: live balance=189.43 pnl=0.00 open_positions=0 daily_pnl=0.00 blocked=false","timestamp":"2026-07-22T18:10:05.574Z"}
{"level":"info","message":"ARB/USDC: live balance=189.43 pnl=0.00 open_positions=0 daily_pnl=0.00 blocked=false","timestamp":"2026-07-22T18:10:05.771Z"}
{"level":"info","message":"JUP/USDC: live balance=189.43 pnl=0.00 open_positions=0 daily_pnl=0.00 blocked=false","timestamp":"2026-07-22T18:10:05.973Z"}
{"level":"info","message":"[TSM-CORE] BTC/USDC: votes 2/3 (enter ≥3, stay ≥2) · vol 34% → ×1.00 · macro risk-on","timestamp":"2026-07-22T18:10:07.385Z"}
{"level":"info","message":"[TSM-CORE] ETH/USDC: votes 2/3 (enter ≥3, stay ≥2) · vol 49% → ×1.00 · macro risk-on","timestamp":"2026-07-22T18:10:07.386Z"}
{"level":"info","message":"[MTF-CACHE] 15m refresh complete: 37/37 symbols","timestamp":"2026-07-22T18:20:09.121Z"}
{"level":"info","message":"[MTF-CACHE] 15m refresh complete: 37/37 symbols","timestamp":"2026-07-22T18:35:09.146Z"}
{"level":"info","message":"[MTF-CACHE] 15m refresh complete: 37/37 symbols","timestamp":"2026-07-22T18:50:09.399Z"}
{"level":"info","message":"[MTF-CACHE] 15m refresh complete: 37/37 symbols","timestamp":"2026-07-22T19:05:09.824Z"}
{"level":"info","message":"[MTF-CACHE] 15m refresh complete: 37/37 symbols","timestamp":"2026-07-22T19:20:09.008Z"}
{"level":"info","message":"[MTF-CACHE] 15m refresh complete: 37/37 symbols","timestamp":"2026-07-22T19:35:08.805Z"}
{"level":"info","message":"[MTF-CACHE] 15m refresh complete: 37/37 symbols","timestamp":"2026-07-22T19:50:08.990Z"}
{"level":"info","message":"[MTF-CACHE] 15m refresh complete: 37/37 symbols","timestamp":"2026-07-22T20:05:08.915Z"}
{"level":"info","message":"[MTF-CACHE] 15m refresh complete: 37/37 symbols","timestamp":"2026-07-22T20:20:08.820Z"}
{"level":"info","message":"[MTF-CACHE] 15m refresh complete: 37/37 symbols","timestamp":"2026-07-22T20:35:08.929Z"}
{"level":"info","message":"[MTF-CACHE] 15m refresh complete: 37/37 symbols","timestamp":"2026-07-22T20:50:09.181Z"}
{"level":"info","message":"[MTF-CACHE] 15m refresh complete: 37/37 symbols","timestamp":"2026-07-22T21:05:09.232Z"}
{"level":"info","message":"[MTF-CACHE] 4h refresh complete: 37/37 symbols","timestamp":"2026-07-22T21:20:06.849Z"}
{"level":"info","message":"[MTF-CACHE] 15m refresh complete: 37/37 symbols","timestamp":"2026-07-22T21:20:08.901Z"}
{"level":"info","message":"[MTF-CACHE] 15m refresh complete: 37/37 symbols","timestamp":"2026-07-22T21:35:10.014Z"}
{"level":"info","message":"[MTF-CACHE] 15m refresh complete: 37/37 symbols","timestamp":"2026-07-22T21:50:09.569Z"}
{"level":"info","message":"[MTF-CACHE] 15m refresh complete: 37/37 symbols","timestamp":"2026-07-22T22:05:09.071Z"}
{"level":"info","message":"[MTF-CACHE] 15m refresh complete: 37/37 symbols","timestamp":"2026-07-22T22:20:08.681Z"}
{"level":"info","message":"[MTF-CACHE] 15m refresh complete: 37/37 symbols","timestamp":"2026-07-22T22:35:08.618Z"}
{"level":"info","message":"[MTF-CACHE] 15m refresh complete: 37/37 symbols","timestamp":"2026-07-22T22:50:09.017Z"}
{"level":"info","message":"[MTF-CACHE] 15m refresh complete: 37/37 symbols","timestamp":"2026-07-22T23:05:09.147Z"}
{"level":"info","message":"[MTF-CACHE] 15m refresh complete: 37/37 symbols","timestamp":"2026-07-22T23:20:08.675Z"}
{"level":"info","message":"[MTF-CACHE] 15m refresh complete: 37/37 symbols","timestamp":"2026-07-22T23:35:09.115Z"}
{"level":"info","message":"[MTF-CACHE] 15m refresh complete: 37/37 symbols","timestamp":"2026-07-22T23:50:09.335Z"}
