{"level":"debug","message":"[CYCLE] Correlated pairs (r>0.85): XRP/ADA=0.85, SUI/ADA=0.86, THETA/ADA=0.86, ADA/DOGE=0.91, ADA/PEPE=0.90, DOGE/PEPE=0.89","timestamp":"2026-09-10T00:00:03.021Z"}
{"level":"debug","message":"[CYCLE] ATR sizing: medianATRPct=4.18% (37 symbols)","timestamp":"2026-09-10T00:00:03.031Z"}
{"level":"debug","message":"[CYCLE] BTC macro: bull=true EMA200","timestamp":"2026-09-10T00:00:03.033Z"}
{"level":"debug","message":"[REGIME] BULL_RANGE  candidate=BULL_TREND streak=2  (ADX 36.94)","timestamp":"2026-09-10T00:00:03.037Z"}
{"level":"debug","message":"[DRIFT] only 4 live trades (< 10) — not enough to judge (n=4, WR 50%)","timestamp":"2026-09-10T00:00:03.526Z"}
{"level":"debug","message":"[CYCLE] BNB/USDC: starting cycle, candles=1533 lastClose=722.52000000 lastTs=2026-09-10T00:00:00.000Z","timestamp":"2026-09-10T00:00:04.694Z"}
{"level":"debug","message":"[AGG] BNB/USDC: strategy[0]=WilliamsR → HOLD conf=0.20 \"%R -61.6 neutral\"","timestamp":"2026-09-10T00:00:04.706Z"}
{"level":"debug","message":"[AGG] BNB/USDC: strategy[1]=HeikinAshi → SELL conf=0.67 \"HA flipped bearish ↓ after 3-bar bull streak\"","timestamp":"2026-09-10T00:00:04.706Z"}
{"level":"debug","message":"[AGG] BNB/USDC: strategy[2]=SupportResistance → SELL conf=0.58 \"Resistance 730.8567 (3×)\"","timestamp":"2026-09-10T00:00:04.706Z"}
{"level":"debug","message":"[AGG] BNB/USDC: votes BUY=0.00 SELL=1.25 HOLD=0.20 total_voters=3 external=0","timestamp":"2026-09-10T00:00:04.706Z"}
{"level":"debug","message":"[AGG] BNB/USDC: decision=HOLD (multi-bar confirmation) winner=SELL conf=0.42 < borderlineCeiling=0.46 prev=HOLD","timestamp":"2026-09-10T00:00:04.707Z"}
{"level":"debug","message":"[CYCLE] XRP/USDC: starting cycle, candles=1533 lastClose=1.39500000 lastTs=2026-09-10T00:00:00.000Z","timestamp":"2026-09-10T00:00:04.709Z"}
{"level":"debug","message":"[AGG] XRP/USDC: strategy[0]=BollingerBands → HOLD conf=0.20 \"Price 1.3950 inside BB [1.3330–1.4594]\"","timestamp":"2026-09-10T00:00:04.735Z"}
{"level":"debug","message":"[AGG] XRP/USDC: strategy[1]=Stochastic → HOLD conf=0.20 \"Stoch K=38.4 D=55.4 — no crossover in extreme zone\"","timestamp":"2026-09-10T00:00:04.735Z"}
{"level":"debug","message":"[AGG] XRP/USDC: strategy[2]=EMA → HOLD conf=0.20 \"No EMA crossover (fast 1.4057 vs slow 1.3895)\"","timestamp":"2026-09-10T00:00:04.735Z"}
{"level":"debug","message":"[AGG] XRP/USDC: votes BUY=0.00 SELL=0.00 HOLD=0.60 total_voters=3 external=0","timestamp":"2026-09-10T00:00:04.735Z"}
{"level":"debug","message":"[AGG] XRP/USDC: decision=HOLD confidence=0.20 tie=false belowMin=true (minConf=0.35750000000000004)","timestamp":"2026-09-10T00:00:04.735Z"}
{"level":"debug","message":"[CYCLE] LINK/USDC: starting cycle, candles=1533 lastClose=11.80200000 lastTs=2026-09-10T00:00:00.000Z","timestamp":"2026-09-10T00:00:04.739Z"}
{"level":"debug","message":"[AGG] LINK/USDC: strategy[0]=BollingerBands → HOLD conf=0.20 \"Price 11.8020 inside BB [10.6203–13.2130]\"","timestamp":"2026-09-10T00:00:04.753Z"}
{"level":"debug","message":"[AGG] LINK/USDC: strategy[1]=Stochastic → HOLD conf=0.20 \"Stoch K=29.8 D=43.3 — no crossover in extreme zone\"","timestamp":"2026-09-10T00:00:04.753Z"}
{"level":"debug","message":"[AGG] LINK/USDC: strategy[2]=Supertrend → HOLD conf=0.10 \"Supertrend uptrend continues (ST 11.7035)\"","timestamp":"2026-09-10T00:00:04.753Z"}
{"level":"debug","message":"[AGG] LINK/USDC: votes BUY=0.00 SELL=0.00 HOLD=0.50 total_voters=3 external=0","timestamp":"2026-09-10T00:00:04.753Z"}
{"level":"debug","message":"[AGG] LINK/USDC: decision=HOLD confidence=0.17 tie=false belowMin=true (minConf=0.45499999999999996)","timestamp":"2026-09-10T00:00:04.753Z"}
{"level":"debug","message":"[CYCLE] NEAR/USDC: starting cycle, candles=1533 lastClose=2.48500000 lastTs=2026-09-10T00:00:00.000Z","timestamp":"2026-09-10T00:00:04.784Z"}
{"level":"debug","message":"[AGG] NEAR/USDC: strategy[0]=RSI → HOLD conf=0.20 \"RSI 66.2 neutral\"","timestamp":"2026-09-10T00:00:04.797Z"}
{"level":"debug","message":"[AGG] NEAR/USDC: strategy[1]=BollingerBands → HOLD conf=0.20 \"Price 2.4850 inside BB [1.6870–2.6210]\"","timestamp":"2026-09-10T00:00:04.797Z"}
{"level":"debug","message":"[AGG] NEAR/USDC: strategy[2]=Stochastic → SELL conf=0.55 \"Stoch K=79.3 crossed below D=83.6 in overbought zone\"","timestamp":"2026-09-10T00:00:04.797Z"}
{"level":"debug","message":"[AGG] NEAR/USDC: strategy[3]=SupportResistance → HOLD conf=0.10 \"No significant S/R zone nearby\"","timestamp":"2026-09-10T00:00:04.797Z"}
{"level":"debug","message":"[AGG] NEAR/USDC: votes BUY=0.00 SELL=0.55 HOLD=0.50 total_voters=4 external=0","timestamp":"2026-09-10T00:00:04.797Z"}
{"level":"debug","message":"[AGG] NEAR/USDC: decision=HOLD confidence=0.14 tie=false belowMin=true (minConf=0.45499999999999996)","timestamp":"2026-09-10T00:00:04.797Z"}
{"level":"debug","message":"[CYCLE] BCH/USDC: starting cycle, candles=1533 lastClose=251.80000000 lastTs=2026-09-10T00:00:00.000Z","timestamp":"2026-09-10T00:00:04.812Z"}
{"level":"debug","message":"[AGG] BCH/USDC: strategy[0]=BollingerBands → HOLD conf=0.20 \"Price 251.8000 inside BB [241.9620–264.2180]\"","timestamp":"2026-09-10T00:00:04.821Z"}
{"level":"debug","message":"[AGG] BCH/USDC: strategy[1]=OBV → HOLD conf=0.20 \"OBV above EMA-20 — no cross\"","timestamp":"2026-09-10T00:00:04.822Z"}
{"level":"debug","message":"[AGG] BCH/USDC: strategy[2]=WilliamsR → HOLD conf=0.20 \"%R -64.7 neutral\"","timestamp":"2026-09-10T00:00:04.822Z"}
{"level":"debug","message":"[AGG] BCH/USDC: votes BUY=0.00 SELL=0.00 HOLD=0.60 total_voters=3 external=0","timestamp":"2026-09-10T00:00:04.822Z"}
{"level":"debug","message":"[AGG] BCH/USDC: decision=HOLD confidence=0.20 tie=false belowMin=true (minConf=0.35750000000000004)","timestamp":"2026-09-10T00:00:04.822Z"}
{"level":"warn","message":"GMX/USDC: candle series stale (newest bar 62.0d old) — skipping cycle","timestamp":"2026-09-10T00:00:04.879Z"}
{"level":"debug","message":"[CYCLE] JTO/USDC: starting cycle, candles=1533 lastClose=0.42140000 lastTs=2026-09-10T00:00:00.000Z","timestamp":"2026-09-10T00:00:04.922Z"}
{"level":"debug","message":"[AGG] JTO/USDC: strategy[0]=CCI → HOLD conf=0.20 \"CCI -31.9 neutral\"","timestamp":"2026-09-10T00:00:04.935Z"}
{"level":"debug","message":"[AGG] JTO/USDC: strategy[1]=PSAR → HOLD conf=0.10 \"PSAR uptrend continues (SAR 0.4045)\"","timestamp":"2026-09-10T00:00:04.935Z"}
{"level":"debug","message":"[AGG] JTO/USDC: strategy[2]=SupportResistance → BUY conf=0.62 \"Support 0.4227 (3×)\"","timestamp":"2026-09-10T00:00:04.935Z"}
{"level":"debug","message":"[AGG] JTO/USDC: votes BUY=0.62 SELL=0.00 HOLD=0.30 total_voters=3 external=0","timestamp":"2026-09-10T00:00:04.935Z"}
{"level":"debug","message":"[AGG] JTO/USDC: decision=HOLD confidence=0.21 tie=false belowMin=true (minConf=0.35750000000000004)","timestamp":"2026-09-10T00:00:04.935Z"}
{"level":"warn","message":"LSK/USDC: candle series stale (newest bar 90.0d old) — skipping cycle","timestamp":"2026-09-10T00:00:04.941Z"}
{"level":"debug","message":"[CYCLE] MANTA/USDC: starting cycle, candles=1533 lastClose=0.05930000 lastTs=2026-09-10T00:00:00.000Z","timestamp":"2026-09-10T00:00:04.974Z"}
{"level":"debug","message":"[AGG] MANTA/USDC: strategy[0]=RSI → HOLD conf=0.20 \"RSI 46.7 neutral\"","timestamp":"2026-09-10T00:00:05.007Z"}
{"level":"debug","message":"[AGG] MANTA/USDC: strategy[1]=BollingerBands → HOLD conf=0.20 \"Price 0.0593 inside BB [0.0559–0.0637]\"","timestamp":"2026-09-10T00:00:05.007Z"}
{"level":"debug","message":"[AGG] MANTA/USDC: strategy[2]=CCI → HOLD conf=0.20 \"CCI 0.5 neutral\"","timestamp":"2026-09-10T00:00:05.007Z"}
{"level":"debug","message":"[AGG] MANTA/USDC: votes BUY=0.00 SELL=0.00 HOLD=0.60 total_voters=3 external=0","timestamp":"2026-09-10T00:00:05.008Z"}
{"level":"debug","message":"[AGG] MANTA/USDC: decision=HOLD confidence=0.20 tie=false belowMin=true (minConf=0.45499999999999996)","timestamp":"2026-09-10T00:00:05.008Z"}
{"level":"debug","message":"[CYCLE] PIXEL/USDC: starting cycle, candles=1533 lastClose=0.00490000 lastTs=2026-09-10T00:00:00.000Z","timestamp":"2026-09-10T00:00:05.028Z"}
{"level":"debug","message":"[AGG] PIXEL/USDC: strategy[0]=EMA → HOLD conf=0.20 \"No EMA crossover (fast 0.0051 vs slow 0.0050)\"","timestamp":"2026-09-10T00:00:05.046Z"}
{"level":"debug","message":"[AGG] PIXEL/USDC: strategy[1]=ADX → HOLD conf=0.10 \"ADX 18.6 < 20 — ranging, skip\"","timestamp":"2026-09-10T00:00:05.046Z"}
{"level":"debug","message":"[AGG] PIXEL/USDC: strategy[2]=SupportResistance → BUY conf=0.62 \"Support 0.0049 (2×)\"","timestamp":"2026-09-10T00:00:05.047Z"}
{"level":"debug","message":"[AGG] PIXEL/USDC: votes BUY=0.62 SELL=0.00 HOLD=0.30 total_voters=3 external=0","timestamp":"2026-09-10T00:00:05.047Z"}
{"level":"debug","message":"[AGG] PIXEL/USDC: decision=HOLD confidence=0.21 tie=false belowMin=true (minConf=0.35750000000000004)","timestamp":"2026-09-10T00:00:05.047Z"}
{"level":"debug","message":"[CYCLE] THETA/USDC: starting cycle, candles=1051 lastClose=0.17670000 lastTs=2026-09-10T00:00:00.000Z","timestamp":"2026-09-10T00:00:05.058Z"}
{"level":"debug","message":"[AGG] THETA/USDC: strategy[0]=RSI → HOLD conf=0.20 \"RSI 50.4 neutral\"","timestamp":"2026-09-10T00:00:05.064Z"}
{"level":"debug","message":"[AGG] THETA/USDC: strategy[1]=CCI → HOLD conf=0.20 \"CCI 22.8 neutral\"","timestamp":"2026-09-10T00:00:05.064Z"}
{"level":"debug","message":"[AGG] THETA/USDC: strategy[2]=OBV → HOLD conf=0.20 \"OBV above EMA-20 — no cross\"","timestamp":"2026-09-10T00:00:05.064Z"}
{"level":"debug","message":"[AGG] THETA/USDC: votes BUY=0.00 SELL=0.00 HOLD=0.60 total_voters=3 external=0","timestamp":"2026-09-10T00:00:05.064Z"}
{"level":"debug","message":"[AGG] THETA/USDC: decision=HOLD confidence=0.20 tie=false belowMin=true (minConf=0.35750000000000004)","timestamp":"2026-09-10T00:00:05.064Z"}
{"level":"debug","message":"[CYCLE] SUI/USDC: starting cycle, candles=1533 lastClose=0.77200000 lastTs=2026-09-10T00:00:00.000Z","timestamp":"2026-09-10T00:00:05.067Z"}
{"level":"debug","message":"[AGG] SUI/USDC: strategy[0]=RSI → HOLD conf=0.20 \"RSI 48.5 neutral\"","timestamp":"2026-09-10T00:00:05.080Z"}
{"level":"debug","message":"[AGG] SUI/USDC: strategy[1]=Stochastic → HOLD conf=0.20 \"Stoch K=31.8 D=61.5 — no crossover in extreme zone\"","timestamp":"2026-09-10T00:00:05.080Z"}
{"level":"debug","message":"[AGG] SUI/USDC: strategy[2]=MFI → HOLD conf=0.20 \"MFI 67.4 neutral\"","timestamp":"2026-09-10T00:00:05.080Z"}
{"level":"debug","message":"[AGG] SUI/USDC: votes BUY=0.00 SELL=0.00 HOLD=0.60 total_voters=3 external=0","timestamp":"2026-09-10T00:00:05.080Z"}
{"level":"debug","message":"[AGG] SUI/USDC: decision=HOLD confidence=0.20 tie=false belowMin=true (minConf=0.45499999999999996)","timestamp":"2026-09-10T00:00:05.080Z"}
{"level":"warn","message":"VANRY/USDC: candle series stale (newest bar 24.0d old) — skipping cycle","timestamp":"2026-09-10T00:00:05.111Z"}
{"level":"info","message":"[RISK] Day rollover — resetting daily stats (prev: pnl=0.00 trades=0)","timestamp":"2026-09-10T00:00:05.159Z"}
{"level":"debug","message":"[CYCLE] BNB/USDC: sizing positionPct=0.2577 (base=0.15 atr=0.04182236274791608 regime=on conf=0.42 macro=bull mtf=1.0)","timestamp":"2026-09-10T00:00:05.159Z"}
{"level":"info","message":"BNB/USDC: decision=HOLD confidence=42% price=722.52000000 external_signals=0","timestamp":"2026-09-10T00:00:05.160Z"}
{"level":"info","message":"BNB/USDC: %R -61.6 neutral | HA flipped bearish ↓ after 3-bar bull streak | Resistance 730.8567 (3×)","timestamp":"2026-09-10T00:00:05.160Z"}
{"level":"debug","message":"[CYCLE] DOGE/USDC: starting cycle, candles=1533 lastClose=0.08618000 lastTs=2026-09-10T00:00:00.000Z","timestamp":"2026-09-10T00:00:05.163Z"}
{"level":"debug","message":"[AGG] DOGE/USDC: strategy[0]=EMA → HOLD conf=0.20 \"No EMA crossover (fast 0.0884 vs slow 0.0868)\"","timestamp":"2026-09-10T00:00:05.165Z"}
{"level":"debug","message":"[AGG] DOGE/USDC: strategy[1]=PSAR → SELL conf=0.85 \"PSAR flipped bearish ↓ — SAR 0.0952 now above price 0.0862\"","timestamp":"2026-09-10T00:00:05.165Z"}
{"level":"debug","message":"[AGG] DOGE/USDC: strategy[2]=HeikinAshi → HOLD conf=0.20 \"HA flipped but prior streak too short (1 < 3)\"","timestamp":"2026-09-10T00:00:05.165Z"}
{"level":"debug","message":"[AGG] DOGE/USDC: votes BUY=0.00 SELL=0.85 HOLD=0.40 total_voters=3 external=0","timestamp":"2026-09-10T00:00:05.165Z"}
{"level":"debug","message":"[AGG] DOGE/USDC: decision=HOLD confidence=0.28 tie=false belowMin=true (minConf=0.35750000000000004)","timestamp":"2026-09-10T00:00:05.165Z"}
{"level":"debug","message":"[CYCLE] AVAX/USDC: starting cycle, candles=1533 lastClose=7.79800000 lastTs=2026-09-10T00:00:00.000Z","timestamp":"2026-09-10T00:00:05.172Z"}
{"level":"debug","message":"[AGG] AVAX/USDC: strategy[0]=RSI → HOLD conf=0.20 \"RSI 58.3 neutral\"","timestamp":"2026-09-10T00:00:05.177Z"}
{"level":"debug","message":"[AGG] AVAX/USDC: strategy[1]=MACD → HOLD conf=0.20 \"MACD 0.1977 vs signal 0.1706 hist:0.0272\"","timestamp":"2026-09-10T00:00:05.177Z"}
{"level":"debug","message":"[AGG] AVAX/USDC: strategy[2]=PSAR → HOLD conf=0.10 \"PSAR uptrend continues (SAR 7.5262)\"","timestamp":"2026-09-10T00:00:05.177Z"}
{"level":"debug","message":"[AGG] AVAX/USDC: votes BUY=0.00 SELL=0.00 HOLD=0.50 total_voters=3 external=0","timestamp":"2026-09-10T00:00:05.177Z"}
{"level":"debug","message":"[AGG] AVAX/USDC: decision=HOLD confidence=0.17 tie=false belowMin=true (minConf=0.35750000000000004)","timestamp":"2026-09-10T00:00:05.177Z"}
{"level":"debug","message":"[CYCLE] PEPE/USDC: starting cycle, candles=1533 lastClose=0.00000348 lastTs=2026-09-10T00:00:00.000Z","timestamp":"2026-09-10T00:00:05.241Z"}
{"level":"debug","message":"[AGG] PEPE/USDC: strategy[0]=EMA → HOLD conf=0.20 \"No EMA crossover (fast 0.0000 vs slow 0.0000)\"","timestamp":"2026-09-10T00:00:05.243Z"}
{"level":"debug","message":"[AGG] PEPE/USDC: strategy[1]=Supertrend → HOLD conf=0.10 \"Supertrend uptrend continues (ST 0.0000)\"","timestamp":"2026-09-10T00:00:05.243Z"}
{"level":"debug","message":"[AGG] PEPE/USDC: strategy[2]=OBV → HOLD conf=0.20 \"OBV above EMA-20 — no cross\"","timestamp":"2026-09-10T00:00:05.243Z"}
{"level":"debug","message":"[AGG] PEPE/USDC: votes BUY=0.00 SELL=0.00 HOLD=0.50 total_voters=3 external=0","timestamp":"2026-09-10T00:00:05.243Z"}
{"level":"debug","message":"[AGG] PEPE/USDC: decision=HOLD confidence=0.17 tie=false belowMin=true (minConf=0.35750000000000004)","timestamp":"2026-09-10T00:00:05.243Z"}
{"level":"debug","message":"[CYCLE] WLD/USDC: starting cycle, candles=1533 lastClose=0.41490000 lastTs=2026-09-10T00:00:00.000Z","timestamp":"2026-09-10T00:00:05.249Z"}
{"level":"debug","message":"[AGG] WLD/USDC: strategy[0]=BollingerBands → HOLD conf=0.20 \"Price 0.4149 inside BB [0.3299–0.4780]\"","timestamp":"2026-09-10T00:00:05.280Z"}
{"level":"debug","message":"[AGG] WLD/USDC: strategy[1]=CCI → HOLD conf=0.20 \"CCI 46.2 neutral\"","timestamp":"2026-09-10T00:00:05.281Z"}
{"level":"debug","message":"[AGG] WLD/USDC: strategy[2]=ADX → BUY conf=0.66 \"ADX 35.2 uptrend (+DI 29.5 > -DI 18.9)\"","timestamp":"2026-09-10T00:00:05.281Z"}
{"level":"debug","message":"[AGG] WLD/USDC: votes BUY=0.66 SELL=0.00 HOLD=0.40 total_voters=3 external=0","timestamp":"2026-09-10T00:00:05.281Z"}
{"level":"debug","message":"[AGG] WLD/USDC: decision=HOLD confidence=0.22 tie=false belowMin=true (minConf=0.35750000000000004)","timestamp":"2026-09-10T00:00:05.281Z"}
{"level":"debug","message":"[CYCLE] SOL/USDC: starting cycle, candles=1533 lastClose=101.54000000 lastTs=2026-09-10T00:00:00.000Z","timestamp":"2026-09-10T00:00:05.285Z"}
{"level":"debug","message":"[AGG] SOL/USDC: strategy[0]=BollingerBands → HOLD conf=0.20 \"Price 101.5600 inside BB [98.8131–106.9019]\"","timestamp":"2026-09-10T00:00:05.295Z"}
{"level":"debug","message":"[AGG] SOL/USDC: strategy[1]=WilliamsR → HOLD conf=0.20 \"%R -71.2 neutral\"","timestamp":"2026-09-10T00:00:05.295Z"}
{"level":"debug","message":"[AGG] SOL/USDC: strategy[2]=StochRSI → HOLD conf=0.20 \"StochRSI K=0.0 D=20.5 — no extreme crossover\"","timestamp":"2026-09-10T00:00:05.295Z"}
{"level":"debug","message":"[AGG] SOL/USDC: votes BUY=0.00 SELL=0.00 HOLD=0.60 total_voters=3 external=0","timestamp":"2026-09-10T00:00:05.295Z"}
{"level":"debug","message":"[AGG] SOL/USDC: decision=HOLD confidence=0.20 tie=false belowMin=true (minConf=0.35750000000000004)","timestamp":"2026-09-10T00:00:05.295Z"}
{"level":"warn","message":"TON/USDC: candle series stale (newest bar 72.0d old) — skipping cycle","timestamp":"2026-09-10T00:00:05.302Z"}
{"level":"debug","message":"[CYCLE] RENDER/USDC: starting cycle, candles=1533 lastClose=1.46900000 lastTs=2026-09-10T00:00:00.000Z","timestamp":"2026-09-10T00:00:05.306Z"}
{"level":"debug","message":"[AGG] RENDER/USDC: strategy[0]=EMA → HOLD conf=0.20 \"No EMA crossover (fast 1.4982 vs slow 1.4779)\"","timestamp":"2026-09-10T00:00:05.310Z"}
{"level":"debug","message":"[AGG] RENDER/USDC: strategy[1]=OBV → SELL conf=0.55 \"OBV crossed below EMA-20 — volume sellers in control\"","timestamp":"2026-09-10T00:00:05.310Z"}
{"level":"debug","message":"[AGG] RENDER/USDC: strategy[2]=WilliamsR → HOLD conf=0.20 \"%R -65.5 neutral\"","timestamp":"2026-09-10T00:00:05.310Z"}
{"level":"debug","message":"[AGG] RENDER/USDC: votes BUY=0.00 SELL=0.55 HOLD=0.40 total_voters=3 external=0","timestamp":"2026-09-10T00:00:05.310Z"}
{"level":"debug","message":"[AGG] RENDER/USDC: decision=HOLD confidence=0.18 tie=false belowMin=true (minConf=0.35750000000000004)","timestamp":"2026-09-10T00:00:05.310Z"}
{"level":"debug","message":"[CYCLE] ETH/USDC: starting cycle, candles=1533 lastClose=2467.42000000 lastTs=2026-09-10T00:00:00.000Z","timestamp":"2026-09-10T00:00:05.312Z"}
{"level":"debug","message":"[AGG] ETH/USDC: strategy[0]=Supertrend → HOLD conf=0.10 \"Supertrend uptrend continues (ST 2329.1559)\"","timestamp":"2026-09-10T00:00:05.317Z"}
{"level":"debug","message":"[AGG] ETH/USDC: strategy[1]=MFI → HOLD conf=0.20 \"MFI 46.3 neutral\"","timestamp":"2026-09-10T00:00:05.317Z"}
{"level":"debug","message":"[AGG] ETH/USDC: strategy[2]=SupportResistance → BUY conf=0.62 \"Support 2462.3933 (3×)\"","timestamp":"2026-09-10T00:00:05.317Z"}
{"level":"debug","message":"[AGG] ETH/USDC: votes BUY=0.62 SELL=0.00 HOLD=0.30 total_voters=3 external=0","timestamp":"2026-09-10T00:00:05.317Z"}
{"level":"debug","message":"[AGG] ETH/USDC: decision=HOLD confidence=0.21 tie=false belowMin=true (minConf=0.35750000000000004)","timestamp":"2026-09-10T00:00:05.317Z"}
{"level":"debug","message":"[CYCLE] ENA/USDC: starting cycle, candles=1533 lastClose=0.15210000 lastTs=2026-09-10T00:00:00.000Z","timestamp":"2026-09-10T00:00:05.319Z"}
{"level":"debug","message":"[AGG] ENA/USDC: strategy[0]=RSI → HOLD conf=0.20 \"RSI 46.2 neutral\"","timestamp":"2026-09-10T00:00:05.334Z"}
{"level":"debug","message":"[AGG] ENA/USDC: strategy[1]=BollingerBands → HOLD conf=0.20 \"Price 0.1521 inside BB [0.1449–0.1787]\"","timestamp":"2026-09-10T00:00:05.334Z"}
{"level":"debug","message":"[AGG] ENA/USDC: strategy[2]=CCI → HOLD conf=0.20 \"CCI -62.3 neutral\"","timestamp":"2026-09-10T00:00:05.334Z"}
{"level":"debug","message":"[AGG] ENA/USDC: votes BUY=0.00 SELL=0.00 HOLD=0.60 total_voters=3 external=0","timestamp":"2026-09-10T00:00:05.334Z"}
{"level":"debug","message":"[AGG] ENA/USDC: decision=HOLD confidence=0.20 tie=false belowMin=true (minConf=0.35750000000000004)","timestamp":"2026-09-10T00:00:05.334Z"}
{"level":"debug","message":"[CYCLE] ACH/USDC: starting cycle, candles=1013 lastClose=0.00507000 lastTs=2026-09-10T00:00:00.000Z","timestamp":"2026-09-10T00:00:05.338Z"}
{"level":"debug","message":"[AGG] ACH/USDC: strategy[0]=RSI → HOLD conf=0.20 \"RSI 47.7 neutral\"","timestamp":"2026-09-10T00:00:05.343Z"}
{"level":"debug","message":"[AGG] ACH/USDC: strategy[1]=BollingerBands → HOLD conf=0.20 \"Price 0.0051 inside BB [0.0048–0.0056]\"","timestamp":"2026-09-10T00:00:05.343Z"}
{"level":"debug","message":"[AGG] ACH/USDC: strategy[2]=CCI → HOLD conf=0.20 \"CCI -7.4 neutral\"","timestamp":"2026-09-10T00:00:05.343Z"}
{"level":"debug","message":"[AGG] ACH/USDC: votes BUY=0.00 SELL=0.00 HOLD=0.60 total_voters=3 external=0","timestamp":"2026-09-10T00:00:05.343Z"}
{"level":"debug","message":"[AGG] ACH/USDC: decision=HOLD confidence=0.20 tie=false belowMin=true (minConf=0.45499999999999996)","timestamp":"2026-09-10T00:00:05.343Z"}
{"level":"debug","message":"[CYCLE] CRV/USDC: starting cycle, candles=1533 lastClose=0.35590000 lastTs=2026-09-10T00:00:00.000Z","timestamp":"2026-09-10T00:00:05.345Z"}
{"level":"debug","message":"[AGG] CRV/USDC: strategy[0]=ADX → BUY conf=0.64 \"ADX 35.0 uptrend (+DI 23.9 > -DI 15.0)\"","timestamp":"2026-09-10T00:00:05.350Z"}
{"level":"debug","message":"[AGG] CRV/USDC: strategy[1]=StochRSI → HOLD conf=0.20 \"StochRSI K=0.0 D=3.2 — no extreme crossover\"","timestamp":"2026-09-10T00:00:05.350Z"}
{"level":"debug","message":"[AGG] CRV/USDC: strategy[2]=SupportResistance → HOLD conf=0.10 \"No significant S/R zone nearby\"","timestamp":"2026-09-10T00:00:05.350Z"}
{"level":"debug","message":"[AGG] CRV/USDC: votes BUY=0.64 SELL=0.00 HOLD=0.30 total_voters=3 external=0","timestamp":"2026-09-10T00:00:05.350Z"}
{"level":"debug","message":"[AGG] CRV/USDC: decision=HOLD confidence=0.21 tie=false belowMin=true (minConf=0.35750000000000004)","timestamp":"2026-09-10T00:00:05.350Z"}
{"level":"debug","message":"[CYCLE] ICP/USDC: starting cycle, candles=1533 lastClose=2.78100000 lastTs=2026-09-10T00:00:00.000Z","timestamp":"2026-09-10T00:00:05.359Z"}
{"level":"debug","message":"[AGG] ICP/USDC: strategy[0]=RSI → HOLD conf=0.20 \"RSI 59.0 neutral\"","timestamp":"2026-09-10T00:00:05.366Z"}
{"level":"debug","message":"[AGG] ICP/USDC: strategy[1]=BollingerBands → HOLD conf=0.20 \"Price 2.7810 inside BB [2.2421–3.0481]\"","timestamp":"2026-09-10T00:00:05.366Z"}
{"level":"debug","message":"[AGG] ICP/USDC: strategy[2]=Stochastic → HOLD conf=0.20 \"Stoch K=52.9 D=64.2 — no crossover in extreme zone\"","timestamp":"2026-09-10T00:00:05.367Z"}
{"level":"debug","message":"[AGG] ICP/USDC: votes BUY=0.00 SELL=0.00 HOLD=0.60 total_voters=3 external=0","timestamp":"2026-09-10T00:00:05.367Z"}
{"level":"debug","message":"[AGG] ICP/USDC: decision=HOLD confidence=0.20 tie=false belowMin=true (minConf=0.35750000000000004)","timestamp":"2026-09-10T00:00:05.367Z"}
{"level":"debug","message":"[CYCLE] XRP/USDC: sizing positionPct=0.1971 (base=0.15 atr=0.04182236274791608 regime=on conf=0.20 macro=bull mtf=1.0)","timestamp":"2026-09-10T00:00:05.377Z"}
{"level":"info","message":"XRP/USDC: decision=HOLD confidence=20% price=1.39500000 external_signals=0","timestamp":"2026-09-10T00:00:05.377Z"}
{"level":"info","message":"XRP/USDC: Price 1.3950 inside BB [1.3330–1.4594] | Stoch K=38.4 D=55.4 — no crossover in extreme zone | No EMA crossover (fast 1.4057 vs slow 1.3895)","timestamp":"2026-09-10T00:00:05.377Z"}
{"level":"debug","message":"[CYCLE] ARB/USDC: starting cycle, candles=1533 lastClose=0.14940000 lastTs=2026-09-10T00:00:00.000Z","timestamp":"2026-09-10T00:00:05.381Z"}
{"level":"debug","message":"[AGG] ARB/USDC: strategy[0]=RSI → HOLD conf=0.20 \"RSI 54.9 neutral\"","timestamp":"2026-09-10T00:00:05.386Z"}
{"level":"debug","message":"[AGG] ARB/USDC: strategy[1]=WilliamsR → HOLD conf=0.20 \"%R -67.9 neutral\"","timestamp":"2026-09-10T00:00:05.386Z"}
{"level":"debug","message":"[AGG] ARB/USDC: strategy[2]=HeikinAshi → HOLD conf=0.15 \"HA bearish continuation\"","timestamp":"2026-09-10T00:00:05.386Z"}
{"level":"debug","message":"[AGG] ARB/USDC: votes BUY=0.00 SELL=0.00 HOLD=0.55 total_voters=3 external=0","timestamp":"2026-09-10T00:00:05.386Z"}
{"level":"debug","message":"[AGG] ARB/USDC: decision=HOLD confidence=0.18 tie=false belowMin=true (minConf=0.35750000000000004)","timestamp":"2026-09-10T00:00:05.386Z"}
{"level":"debug","message":"[CYCLE] ENS/USDC: starting cycle, candles=1533 lastClose=5.76000000 lastTs=2026-09-10T00:00:00.000Z","timestamp":"2026-09-10T00:00:05.388Z"}
{"level":"debug","message":"[AGG] ENS/USDC: strategy[0]=BollingerBands → HOLD conf=0.20 \"Price 5.7600 inside BB [5.4030–6.3670]\"","timestamp":"2026-09-10T00:00:05.397Z"}
{"level":"debug","message":"[AGG] ENS/USDC: strategy[1]=PSAR → HOLD conf=0.10 \"PSAR uptrend continues (SAR 5.5244)\"","timestamp":"2026-09-10T00:00:05.397Z"}
{"level":"debug","message":"[AGG] ENS/USDC: strategy[2]=SupportResistance → HOLD conf=0.10 \"No significant S/R zone nearby\"","timestamp":"2026-09-10T00:00:05.397Z"}
{"level":"debug","message":"[AGG] ENS/USDC: votes BUY=0.00 SELL=0.00 HOLD=0.40 total_voters=3 external=0","timestamp":"2026-09-10T00:00:05.397Z"}
{"level":"debug","message":"[AGG] ENS/USDC: decision=HOLD confidence=0.13 tie=false belowMin=true (minConf=0.35750000000000004)","timestamp":"2026-09-10T00:00:05.397Z"}
{"level":"debug","message":"[CYCLE] LDO/USDC: starting cycle, candles=1533 lastClose=0.37340000 lastTs=2026-09-10T00:00:00.000Z","timestamp":"2026-09-10T00:00:05.429Z"}
{"level":"debug","message":"[AGG] LDO/USDC: strategy[0]=MACD → HOLD conf=0.20 \"MACD 0.0076 vs signal 0.0106 hist:-0.0030\"","timestamp":"2026-09-10T00:00:05.435Z"}
{"level":"debug","message":"[AGG] LDO/USDC: strategy[1]=ADX → BUY conf=0.65 \"ADX 40.5 uptrend (+DI 22.4 > -DI 17.4)\"","timestamp":"2026-09-10T00:00:05.435Z"}
{"level":"debug","message":"[AGG] LDO/USDC: strategy[2]=WilliamsR → HOLD conf=0.52 \"%R -84.0 oversold — still falling, wait\"","timestamp":"2026-09-10T00:00:05.435Z"}
{"level":"debug","message":"[AGG] LDO/USDC: votes BUY=0.65 SELL=0.00 HOLD=0.72 total_voters=3 external=0","timestamp":"2026-09-10T00:00:05.435Z"}
{"level":"debug","message":"[AGG] LDO/USDC: decision=HOLD confidence=0.24 tie=false belowMin=true (minConf=0.35750000000000004)","timestamp":"2026-09-10T00:00:05.435Z"}
{"level":"debug","message":"[CYCLE] PAXG/USDC: starting cycle, candles=1027 lastClose=4394.50000000 lastTs=2026-09-10T00:00:00.000Z","timestamp":"2026-09-10T00:00:05.471Z"}
{"level":"debug","message":"[AGG] PAXG/USDC: strategy[0]=MACD → HOLD conf=0.20 \"MACD -22.0229 vs signal -20.0609 hist:-1.9620\"","timestamp":"2026-09-10T00:00:05.473Z"}
{"level":"debug","message":"[AGG] PAXG/USDC: strategy[1]=ADX → SELL conf=0.62 \"ADX 26.6 downtrend (-DI 28.8 > +DI 17.7)\"","timestamp":"2026-09-10T00:00:05.473Z"}
{"level":"debug","message":"[AGG] PAXG/USDC: strategy[2]=Supertrend → HOLD conf=0.10 \"Supertrend uptrend continues (ST 4313.8820)\"","timestamp":"2026-09-10T00:00:05.473Z"}
{"level":"debug","message":"[AGG] PAXG/USDC: votes BUY=0.00 SELL=0.62 HOLD=0.30 total_voters=3 external=0","timestamp":"2026-09-10T00:00:05.474Z"}
{"level":"debug","message":"[AGG] PAXG/USDC: decision=HOLD confidence=0.21 tie=false belowMin=true (minConf=0.35750000000000004)","timestamp":"2026-09-10T00:00:05.474Z"}
{"level":"debug","message":"[CYCLE] BTC/USDC: starting cycle, candles=1533 lastClose=78278.72000000 lastTs=2026-09-10T00:00:00.000Z","timestamp":"2026-09-10T00:00:05.625Z"}
{"level":"debug","message":"[AGG] BTC/USDC: strategy[0]=EMA → HOLD conf=0.20 \"No EMA crossover (fast 79007.4969 vs slow 78322.2364)\"","timestamp":"2026-09-10T00:00:05.626Z"}
{"level":"debug","message":"[AGG] BTC/USDC: strategy[1]=PSAR → HOLD conf=0.10 \"PSAR uptrend continues (SAR 77541.0148)\"","timestamp":"2026-09-10T00:00:05.627Z"}
{"level":"debug","message":"[AGG] BTC/USDC: strategy[2]=HeikinAshi → HOLD conf=0.20 \"HA flipped but prior streak too short (1 < 3)\"","timestamp":"2026-09-10T00:00:05.627Z"}
{"level":"debug","message":"[AGG] BTC/USDC: votes BUY=0.00 SELL=0.00 HOLD=0.50 total_voters=3 external=0","timestamp":"2026-09-10T00:00:05.627Z"}
{"level":"debug","message":"[AGG] BTC/USDC: decision=HOLD confidence=0.17 tie=false belowMin=true (minConf=0.35750000000000004)","timestamp":"2026-09-10T00:00:05.627Z"}
{"level":"debug","message":"[CYCLE] NEAR/USDC: sizing positionPct=0.0813 (base=0.15 atr=0.04182236274791608 regime=on conf=0.14 macro=bull mtf=1.0)","timestamp":"2026-09-10T00:00:05.823Z"}
{"level":"info","message":"NEAR/USDC: decision=HOLD confidence=14% price=2.48500000 external_signals=0","timestamp":"2026-09-10T00:00:05.823Z"}
{"level":"info","message":"NEAR/USDC: RSI 66.2 neutral | Price 2.4850 inside BB [1.6870–2.6210] | Stoch K=79.3 crossed below D=83.6 in overbought zone | No significant S/R zone nearby","timestamp":"2026-09-10T00:00:05.823Z"}
{"level":"debug","message":"[CYCLE] LINK/USDC: sizing positionPct=0.1204 (base=0.15 atr=0.04182236274791608 regime=on conf=0.17 macro=bull mtf=1.0)","timestamp":"2026-09-10T00:00:05.834Z"}
{"level":"info","message":"LINK/USDC: decision=HOLD confidence=17% price=11.80200000 external_signals=0","timestamp":"2026-09-10T00:00:05.834Z"}
{"level":"info","message":"LINK/USDC: Price 11.8020 inside BB [10.6203–13.2130] | Stoch K=29.8 D=43.3 — no crossover in extreme zone | Supertrend uptrend continues (ST 11.7035)","timestamp":"2026-09-10T00:00:05.834Z"}
{"level":"debug","message":"[CYCLE] APT/USDC: starting cycle, candles=1533 lastClose=0.62700000 lastTs=2026-09-10T00:00:00.000Z","timestamp":"2026-09-10T00:00:05.837Z"}
{"level":"debug","message":"[AGG] APT/USDC: strategy[0]=BollingerBands → HOLD conf=0.20 \"Price 0.6270 inside BB [0.5221–0.6768]\"","timestamp":"2026-09-10T00:00:05.845Z"}
{"level":"debug","message":"[AGG] APT/USDC: strategy[1]=Stochastic → HOLD conf=0.20 \"Stoch K=50.0 D=71.4 — no crossover in extreme zone\"","timestamp":"2026-09-10T00:00:05.845Z"}
{"level":"debug","message":"[AGG] APT/USDC: strategy[2]=MFI → HOLD conf=0.20 \"MFI 61.6 neutral\"","timestamp":"2026-09-10T00:00:05.845Z"}
{"level":"debug","message":"[AGG] APT/USDC: votes BUY=0.00 SELL=0.00 HOLD=0.60 total_voters=3 external=0","timestamp":"2026-09-10T00:00:05.845Z"}
{"level":"debug","message":"[AGG] APT/USDC: decision=HOLD confidence=0.20 tie=false belowMin=true (minConf=0.35750000000000004)","timestamp":"2026-09-10T00:00:05.845Z"}
{"level":"debug","message":"[CYCLE] JUP/USDC: starting cycle, candles=1533 lastClose=0.23340000 lastTs=2026-09-10T00:00:00.000Z","timestamp":"2026-09-10T00:00:05.919Z"}
{"level":"debug","message":"[AGG] JUP/USDC: strategy[0]=BollingerBands → HOLD conf=0.20 \"Price 0.2334 inside BB [0.1958–0.2705]\"","timestamp":"2026-09-10T00:00:05.927Z"}
{"level":"debug","message":"[AGG] JUP/USDC: strategy[1]=CCI → HOLD conf=0.20 \"CCI 26.9 neutral\"","timestamp":"2026-09-10T00:00:05.927Z"}
{"level":"debug","message":"[AGG] JUP/USDC: strategy[2]=OBV → HOLD conf=0.20 \"OBV above EMA-20 — no cross\"","timestamp":"2026-09-10T00:00:05.927Z"}
{"level":"debug","message":"[AGG] JUP/USDC: votes BUY=0.00 SELL=0.00 HOLD=0.60 total_voters=3 external=0","timestamp":"2026-09-10T00:00:05.927Z"}
{"level":"debug","message":"[AGG] JUP/USDC: decision=HOLD confidence=0.20 tie=false belowMin=true (minConf=0.35750000000000004)","timestamp":"2026-09-10T00:00:05.927Z"}
{"level":"debug","message":"[CYCLE] BCH/USDC: sizing positionPct=0.1591 (base=0.15 atr=0.04182236274791608 regime=on conf=0.20 macro=bull mtf=1.0)","timestamp":"2026-09-10T00:00:06.017Z"}
{"level":"info","message":"BCH/USDC: decision=HOLD confidence=20% price=251.80000000 external_signals=0","timestamp":"2026-09-10T00:00:06.018Z"}
{"level":"info","message":"BCH/USDC: Price 251.8000 inside BB [241.9620–264.2180] | OBV above EMA-20 — no cross | %R -64.7 neutral","timestamp":"2026-09-10T00:00:06.018Z"}
{"level":"debug","message":"[CYCLE] MANTA/USDC: sizing positionPct=0.1343 (base=0.15 atr=0.04182236274791608 regime=on conf=0.20 macro=bull mtf=1.0)","timestamp":"2026-09-10T00:00:06.417Z"}
{"level":"info","message":"MANTA/USDC: decision=HOLD confidence=20% price=0.05930000 external_signals=0","timestamp":"2026-09-10T00:00:06.418Z"}
{"level":"info","message":"MANTA/USDC: RSI 46.7 neutral | Price 0.0593 inside BB [0.0559–0.0637] | CCI 0.5 neutral","timestamp":"2026-09-10T00:00:06.418Z"}
{"level":"debug","message":"[CYCLE] JTO/USDC: sizing positionPct=0.0674 (base=0.15 atr=0.04182236274791608 regime=on conf=0.21 macro=bull mtf=1.0)","timestamp":"2026-09-10T00:00:06.499Z"}
{"level":"info","message":"JTO/USDC: decision=HOLD confidence=21% price=0.42140000 external_signals=0","timestamp":"2026-09-10T00:00:06.499Z"}
{"level":"info","message":"JTO/USDC: CCI -31.9 neutral | PSAR uptrend continues (SAR 0.4045) | Support 0.4227 (3×)","timestamp":"2026-09-10T00:00:06.499Z"}
{"level":"debug","message":"[CYCLE] TIA/USDC: starting cycle, candles=1533 lastClose=0.38050000 lastTs=2026-09-10T00:00:00.000Z","timestamp":"2026-09-10T00:00:06.579Z"}
{"level":"debug","message":"[AGG] TIA/USDC: strategy[0]=CCI → HOLD conf=0.20 \"CCI 17.8 neutral\"","timestamp":"2026-09-10T00:00:06.584Z"}
{"level":"debug","message":"[AGG] TIA/USDC: strategy[1]=MACD → HOLD conf=0.20 \"MACD 0.0157 vs signal 0.0151 hist:0.0006\"","timestamp":"2026-09-10T00:00:06.584Z"}
{"level":"debug","message":"[AGG] TIA/USDC: strategy[2]=HeikinAshi → HOLD conf=0.15 \"HA bearish continuation\"","timestamp":"2026-09-10T00:00:06.584Z"}
{"level":"debug","message":"[AGG] TIA/USDC: votes BUY=0.00 SELL=0.00 HOLD=0.55 total_voters=3 external=0","timestamp":"2026-09-10T00:00:06.584Z"}
{"level":"debug","message":"[AGG] TIA/USDC: decision=HOLD confidence=0.18 tie=false belowMin=true (minConf=0.35750000000000004)","timestamp":"2026-09-10T00:00:06.584Z"}
{"level":"debug","message":"[CYCLE] ADA/USDC: starting cycle, candles=1533 lastClose=0.21190000 lastTs=2026-09-10T00:00:00.000Z","timestamp":"2026-09-10T00:00:06.609Z"}
{"level":"debug","message":"[AGG] ADA/USDC: strategy[0]=RSI → HOLD conf=0.20 \"RSI 49.8 neutral\"","timestamp":"2026-09-10T00:00:06.626Z"}
{"level":"debug","message":"[AGG] ADA/USDC: strategy[1]=BollingerBands → HOLD conf=0.20 \"Price 0.2119 inside BB [0.1917–0.2315]\"","timestamp":"2026-09-10T00:00:06.627Z"}
{"level":"debug","message":"[AGG] ADA/USDC: strategy[2]=CCI → HOLD conf=0.20 \"CCI 17.9 neutral\"","timestamp":"2026-09-10T00:00:06.627Z"}
{"level":"debug","message":"[AGG] ADA/USDC: votes BUY=0.00 SELL=0.00 HOLD=0.60 total_voters=3 external=0","timestamp":"2026-09-10T00:00:06.627Z"}
{"level":"debug","message":"[AGG] ADA/USDC: decision=HOLD confidence=0.20 tie=false belowMin=true (minConf=0.35750000000000004)","timestamp":"2026-09-10T00:00:06.627Z"}
{"level":"debug","message":"[CYCLE] PIXEL/USDC: sizing positionPct=0.0702 (base=0.15 atr=0.04182236274791608 regime=on conf=0.21 macro=bull mtf=1.0)","timestamp":"2026-09-10T00:00:06.642Z"}
{"level":"info","message":"PIXEL/USDC: decision=HOLD confidence=21% price=0.00490000 external_signals=0","timestamp":"2026-09-10T00:00:06.642Z"}
{"level":"info","message":"PIXEL/USDC: No EMA crossover (fast 0.0051 vs slow 0.0050) | ADX 18.6 < 20 — ranging, skip | Support 0.0049 (2×)","timestamp":"2026-09-10T00:00:06.643Z"}
{"level":"debug","message":"[CYCLE] INJ/USDC: starting cycle, candles=1533 lastClose=6.12900000 lastTs=2026-09-10T00:00:00.000Z","timestamp":"2026-09-10T00:00:06.680Z"}
{"level":"debug","message":"[AGG] INJ/USDC: strategy[0]=ADX → BUY conf=0.69 \"ADX 29.4 uptrend (+DI 34.4 > -DI 13.0)\"","timestamp":"2026-09-10T00:00:06.687Z"}
{"level":"debug","message":"[AGG] INJ/USDC: strategy[1]=OBV → HOLD conf=0.20 \"OBV above EMA-20 — no cross\"","timestamp":"2026-09-10T00:00:06.687Z"}
{"level":"debug","message":"[AGG] INJ/USDC: strategy[2]=StochRSI → HOLD conf=0.20 \"StochRSI K=71.0 D=88.0 — no extreme crossover\"","timestamp":"2026-09-10T00:00:06.687Z"}
{"level":"debug","message":"[AGG] INJ/USDC: votes BUY=0.69 SELL=0.00 HOLD=0.40 total_voters=3 external=0","timestamp":"2026-09-10T00:00:06.687Z"}
{"level":"debug","message":"[AGG] INJ/USDC: decision=HOLD confidence=0.23 tie=false belowMin=true (minConf=0.35750000000000004)","timestamp":"2026-09-10T00:00:06.687Z"}
{"level":"debug","message":"[CYCLE] LTC/USDC: starting cycle, candles=1533 lastClose=53.20000000 lastTs=2026-09-10T00:00:00.000Z","timestamp":"2026-09-10T00:00:06.759Z"}
{"level":"debug","message":"[AGG] LTC/USDC: strategy[0]=BollingerBands → HOLD conf=0.20 \"Price 53.2000 inside BB [47.0842–57.3278]\"","timestamp":"2026-09-10T00:00:06.764Z"}
{"level":"debug","message":"[AGG] LTC/USDC: strategy[1]=EMA → HOLD conf=0.20 \"No EMA crossover (fast 53.6529 vs slow 52.2415)\"","timestamp":"2026-09-10T00:00:06.764Z"}
{"level":"debug","message":"[AGG] LTC/USDC: strategy[2]=WilliamsR → HOLD conf=0.20 \"%R -62.7 neutral\"","timestamp":"2026-09-10T00:00:06.764Z"}
{"level":"debug","message":"[AGG] LTC/USDC: votes BUY=0.00 SELL=0.00 HOLD=0.60 total_voters=3 external=0","timestamp":"2026-09-10T00:00:06.764Z"}
{"level":"debug","message":"[AGG] LTC/USDC: decision=HOLD confidence=0.20 tie=false belowMin=true (minConf=0.35750000000000004)","timestamp":"2026-09-10T00:00:06.764Z"}
{"level":"debug","message":"[CYCLE] TRX/USDC: starting cycle, candles=1473 lastClose=0.33880000 lastTs=2026-09-10T00:00:00.000Z","timestamp":"2026-09-10T00:00:06.772Z"}
{"level":"debug","message":"[AGG] TRX/USDC: strategy[0]=CCI → HOLD conf=0.54 \"CCI 109.0 overbought — still rising, wait\"","timestamp":"2026-09-10T00:00:06.780Z"}
{"level":"debug","message":"[AGG] TRX/USDC: strategy[1]=Stochastic → SELL conf=0.73 \"Stoch K=88.8 crossed below D=91.7 in overbought zone\"","timestamp":"2026-09-10T00:00:06.780Z"}
{"level":"debug","message":"[AGG] TRX/USDC: strategy[2]=StochRSI → SELL conf=0.87 \"StochRSI K=96.1 crossed below D=98.7 in overbought ↓\"","timestamp":"2026-09-10T00:00:06.780Z"}
{"level":"debug","message":"[AGG] TRX/USDC: votes BUY=0.00 SELL=1.60 HOLD=0.54 total_voters=3 external=0","timestamp":"2026-09-10T00:00:06.780Z"}
{"level":"debug","message":"[AGG] TRX/USDC: decision=HOLD (multi-bar confirmation) winner=SELL conf=0.53 < borderlineCeiling=0.55 prev=HOLD","timestamp":"2026-09-10T00:00:06.780Z"}
{"level":"debug","message":"[CYCLE] THETA/USDC: sizing positionPct=0.1591 (base=0.15 atr=0.04182236274791608 regime=on conf=0.20 macro=bull mtf=1.0)","timestamp":"2026-09-10T00:00:06.818Z"}
{"level":"info","message":"THETA/USDC: decision=HOLD confidence=20% price=0.17670000 external_signals=0","timestamp":"2026-09-10T00:00:06.818Z"}
{"level":"info","message":"THETA/USDC: RSI 50.4 neutral | CCI 22.8 neutral | OBV above EMA-20 — no cross","timestamp":"2026-09-10T00:00:06.818Z"}
{"level":"debug","message":"[CYCLE] SUI/USDC: sizing positionPct=0.1048 (base=0.15 atr=0.04182236274791608 regime=on conf=0.20 macro=bull mtf=1.0)","timestamp":"2026-09-10T00:00:07.018Z"}
{"level":"info","message":"SUI/USDC: decision=HOLD confidence=20% price=0.77200000 external_signals=0","timestamp":"2026-09-10T00:00:07.018Z"}
{"level":"info","message":"SUI/USDC: RSI 48.5 neutral | Stoch K=31.8 D=61.5 — no crossover in extreme zone | MFI 67.4 neutral","timestamp":"2026-09-10T00:00:07.018Z"}
{"level":"info","message":"BNB/USDC: live balance=118.25 pnl=0.00 open_positions=3 daily_pnl=0.00 blocked=false","timestamp":"2026-09-10T00:00:07.218Z"}
{"level":"debug","message":"[CYCLE] DOGE/USDC: sizing positionPct=0.1454 (base=0.15 atr=0.04182236274791608 regime=on conf=0.28 macro=bull mtf=1.0)","timestamp":"2026-09-10T00:00:07.419Z"}
{"level":"info","message":"DOGE/USDC: decision=HOLD confidence=28% price=0.08618000 external_signals=0","timestamp":"2026-09-10T00:00:07.419Z"}
{"level":"info","message":"DOGE/USDC: No EMA crossover (fast 0.0884 vs slow 0.0868) | PSAR flipped bearish ↓ — SAR 0.0952 now above price 0.0862 | HA flipped but prior streak too short (1 < 3)","timestamp":"2026-09-10T00:00:07.419Z"}
{"level":"debug","message":"[CYCLE] AVAX/USDC: sizing positionPct=0.2030 (base=0.15 atr=0.04182236274791608 regime=on conf=0.17 macro=bull mtf=1.0)","timestamp":"2026-09-10T00:00:07.617Z"}
{"level":"info","message":"AVAX/USDC: decision=HOLD confidence=17% price=7.79800000 external_signals=0","timestamp":"2026-09-10T00:00:07.617Z"}
{"level":"info","message":"AVAX/USDC: RSI 58.3 neutral | MACD 0.1977 vs signal 0.1706 hist:0.0272 | PSAR uptrend continues (SAR 7.5262)","timestamp":"2026-09-10T00:00:07.617Z"}
{"level":"debug","message":"[CYCLE] PEPE/USDC: sizing positionPct=0.0942 (base=0.15 atr=0.04182236274791608 regime=on conf=0.17 macro=bull mtf=1.0)","timestamp":"2026-09-10T00:00:07.818Z"}
{"level":"info","message":"PEPE/USDC: decision=HOLD confidence=17% price=0.00000348 external_signals=0","timestamp":"2026-09-10T00:00:07.818Z"}
{"level":"info","message":"PEPE/USDC: No EMA crossover (fast 0.0000 vs slow 0.0000) | Supertrend uptrend continues (ST 0.0000) | OBV above EMA-20 — no cross","timestamp":"2026-09-10T00:00:07.818Z"}
{"level":"debug","message":"[CYCLE] WLD/USDC: sizing positionPct=0.0867 (base=0.15 atr=0.04182236274791608 regime=on conf=0.22 macro=bull mtf=1.0)","timestamp":"2026-09-10T00:00:08.017Z"}
{"level":"info","message":"WLD/USDC: decision=HOLD confidence=22% price=0.41490000 external_signals=0","timestamp":"2026-09-10T00:00:08.017Z"}
{"level":"info","message":"WLD/USDC: Price 0.4149 inside BB [0.3299–0.4780] | CCI 46.2 neutral | ADX 35.2 uptrend (+DI 29.5 > -DI 18.9)","timestamp":"2026-09-10T00:00:08.017Z"}
{"level":"debug","message":"[CYCLE] SOL/USDC: sizing positionPct=0.2139 (base=0.15 atr=0.04182236274791608 regime=on conf=0.20 macro=bull mtf=1.0)","timestamp":"2026-09-10T00:00:08.220Z"}
{"level":"info","message":"SOL/USDC: decision=HOLD confidence=20% price=101.54000000 external_signals=0","timestamp":"2026-09-10T00:00:08.220Z"}
{"level":"info","message":"SOL/USDC: Price 101.5600 inside BB [98.8131–106.9019] | %R -71.2 neutral | StochRSI K=0.0 D=20.5 — no extreme crossover","timestamp":"2026-09-10T00:00:08.221Z"}
{"level":"debug","message":"[CYCLE] RENDER/USDC: sizing positionPct=0.1362 (base=0.15 atr=0.04182236274791608 regime=on conf=0.18 macro=bull mtf=1.0)","timestamp":"2026-09-10T00:00:08.418Z"}
{"level":"info","message":"RENDER/USDC: decision=HOLD confidence=18% price=1.46900000 external_signals=0","timestamp":"2026-09-10T00:00:08.418Z"}
{"level":"info","message":"RENDER/USDC: No EMA crossover (fast 1.4982 vs slow 1.4779) | OBV crossed below EMA-20 — volume sellers in control | %R -65.5 neutral","timestamp":"2026-09-10T00:00:08.418Z"}
{"level":"debug","message":"[CYCLE] ETH/USDC: sizing positionPct=0.2610 (base=0.15 atr=0.04182236274791608 regime=on conf=0.21 macro=bull mtf=1.0)","timestamp":"2026-09-10T00:00:08.623Z"}
{"level":"info","message":"ETH/USDC: decision=HOLD confidence=21% price=2467.42000000 external_signals=0","timestamp":"2026-09-10T00:00:08.623Z"}
{"level":"info","message":"ETH/USDC: Supertrend uptrend continues (ST 2329.1559) | MFI 46.3 neutral | Support 2462.3933 (3×)","timestamp":"2026-09-10T00:00:08.624Z"}
{"level":"debug","message":"[CYCLE] ENA/USDC: sizing positionPct=0.0811 (base=0.15 atr=0.04182236274791608 regime=on conf=0.20 macro=bull mtf=1.0)","timestamp":"2026-09-10T00:00:08.819Z"}
{"level":"info","message":"ENA/USDC: decision=HOLD confidence=20% price=0.15210000 external_signals=0","timestamp":"2026-09-10T00:00:08.819Z"}
{"level":"info","message":"ENA/USDC: RSI 46.2 neutral | Price 0.1521 inside BB [0.1449–0.1787] | CCI -62.3 neutral","timestamp":"2026-09-10T00:00:08.819Z"}
{"level":"debug","message":"[CYCLE] ACH/USDC: sizing positionPct=0.1424 (base=0.15 atr=0.04182236274791608 regime=on conf=0.20 macro=bull mtf=1.0)","timestamp":"2026-09-10T00:00:09.018Z"}
{"level":"info","message":"ACH/USDC: decision=HOLD confidence=20% price=0.00507000 external_signals=0","timestamp":"2026-09-10T00:00:09.019Z"}
{"level":"info","message":"ACH/USDC: RSI 47.7 neutral | Price 0.0051 inside BB [0.0048–0.0056] | CCI -7.4 neutral","timestamp":"2026-09-10T00:00:09.019Z"}
{"level":"debug","message":"[CYCLE] CRV/USDC: sizing positionPct=0.1065 (base=0.15 atr=0.04182236274791608 regime=on conf=0.21 macro=bull mtf=1.0)","timestamp":"2026-09-10T00:00:09.217Z"}
{"level":"debug","message":"[LIVE] CRV/USDC: checkRisk price=0.35590000 SL=0.34523000 TP=0.40700800 HWM=0.36340000 entry=0.36340000","timestamp":"2026-09-10T00:00:09.217Z"}
{"level":"info","message":"CRV/USDC: decision=HOLD confidence=21% price=0.35590000 external_signals=0","timestamp":"2026-09-10T00:00:09.218Z"}
{"level":"info","message":"CRV/USDC: ADX 35.0 uptrend (+DI 23.9 > -DI 15.0) | StochRSI K=0.0 D=3.2 — no extreme crossover | No significant S/R zone nearby","timestamp":"2026-09-10T00:00:09.218Z"}
{"level":"debug","message":"[CYCLE] ICP/USDC: sizing positionPct=0.0793 (base=0.15 atr=0.04182236274791608 regime=on conf=0.20 macro=bull mtf=1.0)","timestamp":"2026-09-10T00:00:09.417Z"}
{"level":"info","message":"ICP/USDC: decision=HOLD confidence=20% price=2.78100000 external_signals=0","timestamp":"2026-09-10T00:00:09.418Z"}
{"level":"info","message":"ICP/USDC: RSI 59.0 neutral | Price 2.7810 inside BB [2.2421–3.0481] | Stoch K=52.9 D=64.2 — no crossover in extreme zone","timestamp":"2026-09-10T00:00:09.418Z"}
{"level":"info","message":"XRP/USDC: live balance=118.25 pnl=0.00 open_positions=3 daily_pnl=0.00 blocked=false","timestamp":"2026-09-10T00:00:09.619Z"}
{"level":"debug","message":"[CYCLE] ARB/USDC: sizing positionPct=0.0695 (base=0.15 atr=0.04182236274791608 regime=on conf=0.18 macro=bull mtf=1.0)","timestamp":"2026-09-10T00:00:09.819Z"}
{"level":"info","message":"ARB/USDC: decision=HOLD confidence=18% price=0.14940000 external_signals=0","timestamp":"2026-09-10T00:00:09.819Z"}
{"level":"info","message":"ARB/USDC: RSI 54.9 neutral | %R -67.9 neutral | HA bearish continuation","timestamp":"2026-09-10T00:00:09.820Z"}
{"level":"debug","message":"[CYCLE] ENS/USDC: sizing positionPct=0.1001 (base=0.15 atr=0.04182236274791608 regime=on conf=0.13 macro=bull mtf=1.0)","timestamp":"2026-09-10T00:00:10.017Z"}
{"level":"info","message":"ENS/USDC: decision=HOLD confidence=13% price=5.76000000 external_signals=0","timestamp":"2026-09-10T00:00:10.017Z"}
{"level":"info","message":"ENS/USDC: Price 5.7600 inside BB [5.4030–6.3670] | PSAR uptrend continues (SAR 5.5244) | No significant S/R zone nearby","timestamp":"2026-09-10T00:00:10.017Z"}
{"level":"debug","message":"[CYCLE] LDO/USDC: sizing positionPct=0.1132 (base=0.15 atr=0.04182236274791608 regime=on conf=0.24 macro=bull mtf=1.0)","timestamp":"2026-09-10T00:00:10.218Z"}
{"level":"info","message":"LDO/USDC: decision=HOLD confidence=24% price=0.37340000 external_signals=0","timestamp":"2026-09-10T00:00:10.218Z"}
{"level":"info","message":"LDO/USDC: MACD 0.0076 vs signal 0.0106 hist:-0.0030 | ADX 40.5 uptrend (+DI 22.4 > -DI 17.4) | %R -84.0 oversold — still falling, wait","timestamp":"2026-09-10T00:00:10.218Z"}
{"level":"debug","message":"[CYCLE] PAXG/USDC: sizing positionPct=0.2836 (base=0.15 atr=0.04182236274791608 regime=on conf=0.21 macro=bull mtf=1.0)","timestamp":"2026-09-10T00:00:10.419Z"}
{"level":"info","message":"PAXG/USDC: decision=HOLD confidence=21% price=4394.50000000 external_signals=0","timestamp":"2026-09-10T00:00:10.419Z"}
{"level":"info","message":"PAXG/USDC: MACD -22.0229 vs signal -20.0609 hist:-1.9620 | ADX 26.6 downtrend (-DI 28.8 > +DI 17.7) | Supertrend uptrend continues (ST 4313.8820)","timestamp":"2026-09-10T00:00:10.419Z"}
{"level":"debug","message":"[CYCLE] BTC/USDC: sizing positionPct=0.2740 (base=0.15 atr=0.04182236274791608 regime=on conf=0.17 macro=bull mtf=1.0)","timestamp":"2026-09-10T00:00:10.617Z"}
{"level":"info","message":"BTC/USDC: decision=HOLD confidence=17% price=78278.72000000 external_signals=0","timestamp":"2026-09-10T00:00:10.618Z"}
{"level":"info","message":"BTC/USDC: No EMA crossover (fast 79007.4969 vs slow 78322.2364) | PSAR uptrend continues (SAR 77541.0148) | HA flipped but prior streak too short (1 < 3)","timestamp":"2026-09-10T00:00:10.618Z"}
{"level":"info","message":"NEAR/USDC: live balance=118.25 pnl=0.00 open_positions=3 daily_pnl=0.00 blocked=false","timestamp":"2026-09-10T00:00:10.819Z"}
{"level":"info","message":"LINK/USDC: live balance=118.25 pnl=0.00 open_positions=3 daily_pnl=0.00 blocked=false","timestamp":"2026-09-10T00:00:11.017Z"}
{"level":"debug","message":"[CYCLE] APT/USDC: sizing positionPct=0.1320 (base=0.15 atr=0.04182236274791608 regime=on conf=0.20 macro=bull mtf=1.0)","timestamp":"2026-09-10T00:00:11.220Z"}
{"level":"info","message":"APT/USDC: decision=HOLD confidence=20% price=0.62700000 external_signals=0","timestamp":"2026-09-10T00:00:11.221Z"}
{"level":"info","message":"APT/USDC: Price 0.6270 inside BB [0.5221–0.6768] | Stoch K=50.0 D=71.4 — no crossover in extreme zone | MFI 61.6 neutral","timestamp":"2026-09-10T00:00:11.221Z"}
{"level":"debug","message":"[CYCLE] JUP/USDC: sizing positionPct=0.0751 (base=0.15 atr=0.04182236274791608 regime=on conf=0.20 macro=bull mtf=1.0)","timestamp":"2026-09-10T00:00:11.423Z"}
{"level":"info","message":"JUP/USDC: decision=HOLD confidence=20% price=0.23340000 external_signals=0","timestamp":"2026-09-10T00:00:11.423Z"}
{"level":"info","message":"JUP/USDC: Price 0.2334 inside BB [0.1958–0.2705] | CCI 26.9 neutral | OBV above EMA-20 — no cross","timestamp":"2026-09-10T00:00:11.423Z"}
{"level":"info","message":"BCH/USDC: live balance=118.25 pnl=0.00 open_positions=3 daily_pnl=0.00 blocked=false","timestamp":"2026-09-10T00:00:11.617Z"}
{"level":"info","message":"MANTA/USDC: live balance=118.25 pnl=0.00 open_positions=3 daily_pnl=0.00 blocked=false","timestamp":"2026-09-10T00:00:11.817Z"}
{"level":"info","message":"JTO/USDC: live balance=118.25 pnl=0.00 open_positions=3 daily_pnl=0.00 blocked=false","timestamp":"2026-09-10T00:00:12.020Z"}
{"level":"debug","message":"[CYCLE] TIA/USDC: sizing positionPct=0.0906 (base=0.15 atr=0.04182236274791608 regime=on conf=0.18 macro=bull mtf=1.0)","timestamp":"2026-09-10T00:00:12.219Z"}
{"level":"info","message":"TIA/USDC: decision=HOLD confidence=18% price=0.38050000 external_signals=0","timestamp":"2026-09-10T00:00:12.219Z"}
{"level":"info","message":"TIA/USDC: CCI 17.8 neutral | MACD 0.0157 vs signal 0.0151 hist:0.0006 | HA bearish continuation","timestamp":"2026-09-10T00:00:12.219Z"}
{"level":"debug","message":"[CYCLE] ADA/USDC: sizing positionPct=0.1302 (base=0.15 atr=0.04182236274791608 regime=on conf=0.20 macro=bull mtf=1.0)","timestamp":"2026-09-10T00:00:12.417Z"}
{"level":"info","message":"ADA/USDC: decision=HOLD confidence=20% price=0.21190000 external_signals=0","timestamp":"2026-09-10T00:00:12.417Z"}
{"level":"info","message":"ADA/USDC: RSI 49.8 neutral | Price 0.2119 inside BB [0.1917–0.2315] | CCI 17.9 neutral","timestamp":"2026-09-10T00:00:12.417Z"}
{"level":"info","message":"PIXEL/USDC: live balance=118.25 pnl=0.00 open_positions=3 daily_pnl=0.00 blocked=false","timestamp":"2026-09-10T00:00:12.615Z"}
{"level":"debug","message":"[CYCLE] INJ/USDC: sizing positionPct=0.1153 (base=0.15 atr=0.04182236274791608 regime=on conf=0.23 macro=bull mtf=1.0)","timestamp":"2026-09-10T00:00:12.819Z"}
{"level":"info","message":"INJ/USDC: decision=HOLD confidence=23% price=6.12900000 external_signals=0","timestamp":"2026-09-10T00:00:12.819Z"}
{"level":"info","message":"INJ/USDC: ADX 29.4 uptrend (+DI 34.4 > -DI 13.0) | OBV above EMA-20 — no cross | StochRSI K=71.0 D=88.0 — no extreme crossover","timestamp":"2026-09-10T00:00:12.819Z"}
{"level":"debug","message":"[CYCLE] LTC/USDC: sizing positionPct=0.1634 (base=0.15 atr=0.04182236274791608 regime=on conf=0.20 macro=bull mtf=1.0)","timestamp":"2026-09-10T00:00:13.022Z"}
{"level":"info","message":"LTC/USDC: decision=HOLD confidence=20% price=53.20000000 external_signals=0","timestamp":"2026-09-10T00:00:13.022Z"}
{"level":"info","message":"LTC/USDC: Price 53.2000 inside BB [47.0842–57.3278] | No EMA crossover (fast 53.6529 vs slow 52.2415) | %R -62.7 neutral","timestamp":"2026-09-10T00:00:13.022Z"}
{"level":"debug","message":"[CYCLE] TRX/USDC: sizing positionPct=0.2785 (base=0.15 atr=0.04182236274791608 regime=on conf=0.53 macro=bull mtf=1.0)","timestamp":"2026-09-10T00:00:13.218Z"}
{"level":"info","message":"TRX/USDC: decision=HOLD confidence=53% price=0.33880000 external_signals=0","timestamp":"2026-09-10T00:00:13.218Z"}
{"level":"info","message":"TRX/USDC: CCI 109.0 overbought — still rising, wait | Stoch K=88.8 crossed below D=91.7 in overbought zone | StochRSI K=96.1 crossed below D=98.7 in overbought ↓","timestamp":"2026-09-10T00:00:13.218Z"}
{"level":"info","message":"THETA/USDC: live balance=118.25 pnl=0.00 open_positions=3 daily_pnl=0.00 blocked=false","timestamp":"2026-09-10T00:00:13.417Z"}
{"level":"info","message":"SUI/USDC: live balance=118.25 pnl=0.00 open_positions=3 daily_pnl=0.00 blocked=false","timestamp":"2026-09-10T00:00:13.618Z"}
{"level":"info","message":"DOGE/USDC: live balance=118.25 pnl=0.00 open_positions=3 daily_pnl=0.00 blocked=false","timestamp":"2026-09-10T00:00:13.818Z"}
{"level":"info","message":"AVAX/USDC: live balance=118.25 pnl=0.00 open_positions=3 daily_pnl=0.00 blocked=false","timestamp":"2026-09-10T00:00:14.018Z"}
{"level":"info","message":"PEPE/USDC: live balance=118.25 pnl=0.00 open_positions=3 daily_pnl=0.00 blocked=false","timestamp":"2026-09-10T00:00:14.219Z"}
{"level":"info","message":"WLD/USDC: live balance=118.25 pnl=0.00 open_positions=3 daily_pnl=0.00 blocked=false","timestamp":"2026-09-10T00:00:14.417Z"}
{"level":"info","message":"SOL/USDC: live balance=118.25 pnl=0.00 open_positions=3 daily_pnl=0.00 blocked=false","timestamp":"2026-09-10T00:00:14.615Z"}
{"level":"info","message":"RENDER/USDC: live balance=118.25 pnl=0.00 open_positions=3 daily_pnl=0.00 blocked=false","timestamp":"2026-09-10T00:00:14.816Z"}
{"level":"info","message":"ETH/USDC: live balance=118.25 pnl=0.00 open_positions=3 daily_pnl=0.00 blocked=false","timestamp":"2026-09-10T00:00:15.016Z"}
{"level":"info","message":"ENA/USDC: live balance=118.25 pnl=0.00 open_positions=3 daily_pnl=0.00 blocked=false","timestamp":"2026-09-10T00:00:15.421Z"}
{"level":"info","message":"ACH/USDC: live balance=118.25 pnl=0.00 open_positions=3 daily_pnl=0.00 blocked=false","timestamp":"2026-09-10T00:00:15.617Z"}
{"level":"info","message":"CRV/USDC: live balance=118.25 pnl=0.00 open_positions=3 daily_pnl=0.00 blocked=false","timestamp":"2026-09-10T00:00:15.816Z"}
{"level":"info","message":"ICP/USDC: live balance=118.25 pnl=0.00 open_positions=3 daily_pnl=0.00 blocked=false","timestamp":"2026-09-10T00:00:16.016Z"}
{"level":"info","message":"ARB/USDC: live balance=118.25 pnl=0.00 open_positions=3 daily_pnl=0.00 blocked=false","timestamp":"2026-09-10T00:00:16.219Z"}
{"level":"info","message":"ENS/USDC: live balance=118.25 pnl=0.00 open_positions=3 daily_pnl=0.00 blocked=false","timestamp":"2026-09-10T00:00:16.416Z"}
{"level":"info","message":"LDO/USDC: live balance=118.25 pnl=0.00 open_positions=3 daily_pnl=0.00 blocked=false","timestamp":"2026-09-10T00:00:16.616Z"}
{"level":"info","message":"PAXG/USDC: live balance=118.25 pnl=0.00 open_positions=3 daily_pnl=0.00 blocked=false","timestamp":"2026-09-10T00:00:16.815Z"}
{"level":"info","message":"BTC/USDC: live balance=118.25 pnl=0.00 open_positions=3 daily_pnl=0.00 blocked=false","timestamp":"2026-09-10T00:00:17.018Z"}
{"level":"info","message":"APT/USDC: live balance=118.25 pnl=0.00 open_positions=3 daily_pnl=0.00 blocked=false","timestamp":"2026-09-10T00:00:17.219Z"}
{"level":"info","message":"TIA/USDC: live balance=118.25 pnl=0.00 open_positions=3 daily_pnl=0.00 blocked=false","timestamp":"2026-09-10T00:00:17.617Z"}
{"level":"info","message":"JUP/USDC: live balance=118.25 pnl=0.00 open_positions=3 daily_pnl=0.00 blocked=false","timestamp":"2026-09-10T00:00:17.776Z"}
{"level":"info","message":"ADA/USDC: live balance=118.25 pnl=0.00 open_positions=3 daily_pnl=0.00 blocked=false","timestamp":"2026-09-10T00:00:17.817Z"}
{"level":"info","message":"INJ/USDC: live balance=118.25 pnl=0.00 open_positions=3 daily_pnl=0.00 blocked=false","timestamp":"2026-09-10T00:00:18.022Z"}
{"level":"info","message":"LTC/USDC: live balance=118.25 pnl=0.00 open_positions=3 daily_pnl=0.00 blocked=false","timestamp":"2026-09-10T00:00:18.219Z"}
{"level":"info","message":"TRX/USDC: live balance=118.25 pnl=0.00 open_positions=3 daily_pnl=0.00 blocked=false","timestamp":"2026-09-10T00:00:18.425Z"}
{"level":"info","message":"[TSM-CORE] rung 2@0.5 (HWM $243.85) · next de-risk at $320 HWM","timestamp":"2026-09-10T00:00:18.875Z"}
{"level":"info","message":"[TSM-CORE] BTC/USDC: votes 3/3 (enter ≥3, stay ≥2) · vol 43% → ×1.00 · macro risk-on","timestamp":"2026-09-10T00:00:18.887Z"}
{"level":"info","message":"[TSM-CORE] ETH/USDC: votes 3/3 (enter ≥3, stay ≥2) · vol 71% → ×0.84 · macro risk-on","timestamp":"2026-09-10T00:00:18.888Z"}
{"level":"info","message":"Next cycle aligned to candle close in 720 min (Thu, 10 Sep 2026 12:00:03 GMT)","timestamp":"2026-09-10T00:00:19.337Z"}
{"level":"debug","message":"[RISK-LOOP] checking 3 open position(s)","timestamp":"2026-09-10T00:01:29.469Z"}
{"level":"debug","message":"[LIVE] CRV/USDC: checkRisk price=0.35650000 SL=0.34523000 TP=0.40700800 HWM=0.36340000 entry=0.36340000","timestamp":"2026-09-10T00:01:30.434Z"}
{"level":"debug","message":"[RISK-LOOP] checking 3 open position(s)","timestamp":"2026-09-10T00:03:29.684Z"}
{"level":"debug","message":"[LIVE] CRV/USDC: checkRisk price=0.35630000 SL=0.34523000 TP=0.40700800 HWM=0.36340000 entry=0.36340000","timestamp":"2026-09-10T00:03:30.472Z"}
{"level":"debug","message":"[RISK-LOOP] checking 3 open position(s)","timestamp":"2026-09-10T00:05:29.557Z"}
{"level":"debug","message":"[LIVE] CRV/USDC: checkRisk price=0.35680000 SL=0.34523000 TP=0.40700800 HWM=0.36340000 entry=0.36340000","timestamp":"2026-09-10T00:05:30.523Z"}
{"level":"debug","message":"[RISK-LOOP] checking 3 open position(s)","timestamp":"2026-09-10T00:07:29.605Z"}
{"level":"debug","message":"[LIVE] CRV/USDC: checkRisk price=0.35750000 SL=0.34523000 TP=0.40700800 HWM=0.36340000 entry=0.36340000","timestamp":"2026-09-10T00:07:30.573Z"}
{"level":"info","message":"[MTF-CACHE] 15m refresh complete: 37/37 symbols","timestamp":"2026-09-10T00:08:49.117Z"}
{"level":"debug","message":"[RISK-LOOP] checking 3 open position(s)","timestamp":"2026-09-10T00:09:29.660Z"}
{"level":"debug","message":"[LIVE] CRV/USDC: checkRisk price=0.35810000 SL=0.34523000 TP=0.40700800 HWM=0.36340000 entry=0.36340000","timestamp":"2026-09-10T00:09:30.630Z"}
{"level":"debug","message":"[RISK-LOOP] checking 3 open position(s)","timestamp":"2026-09-10T00:11:29.650Z"}
{"level":"debug","message":"[LIVE] CRV/USDC: checkRisk price=0.35820000 SL=0.34523000 TP=0.40700800 HWM=0.36340000 entry=0.36340000","timestamp":"2026-09-10T00:11:30.597Z"}
{"level":"debug","message":"[RISK-LOOP] checking 3 open position(s)","timestamp":"2026-09-10T00:13:29.660Z"}
{"level":"debug","message":"[LIVE] CRV/USDC: checkRisk price=0.35720000 SL=0.34523000 TP=0.40700800 HWM=0.36340000 entry=0.36340000","timestamp":"2026-09-10T00:13:30.504Z"}
{"level":"debug","message":"[RISK-LOOP] checking 3 open position(s)","timestamp":"2026-09-10T00:15:29.648Z"}
{"level":"debug","message":"[LIVE] CRV/USDC: checkRisk price=0.35800000 SL=0.34523000 TP=0.40700800 HWM=0.36340000 entry=0.36340000","timestamp":"2026-09-10T00:15:30.429Z"}
{"level":"debug","message":"[RISK-LOOP] checking 3 open position(s)","timestamp":"2026-09-10T00:17:29.649Z"}
{"level":"debug","message":"[LIVE] CRV/USDC: checkRisk price=0.35800000 SL=0.34523000 TP=0.40700800 HWM=0.36340000 entry=0.36340000","timestamp":"2026-09-10T00:17:30.455Z"}
{"level":"debug","message":"[RISK-LOOP] checking 3 open position(s)","timestamp":"2026-09-10T00:19:29.466Z"}
{"level":"debug","message":"[LIVE] CRV/USDC: checkRisk price=0.35750000 SL=0.34523000 TP=0.40700800 HWM=0.36340000 entry=0.36340000","timestamp":"2026-09-10T00:19:30.441Z"}
{"level":"debug","message":"[RISK-LOOP] checking 3 open position(s)","timestamp":"2026-09-10T00:21:29.471Z"}
{"level":"debug","message":"[LIVE] CRV/USDC: checkRisk price=0.35710000 SL=0.34523000 TP=0.40700800 HWM=0.36340000 entry=0.36340000","timestamp":"2026-09-10T00:21:30.432Z"}
{"level":"debug","message":"[RISK-LOOP] checking 3 open position(s)","timestamp":"2026-09-10T00:23:29.655Z"}
{"level":"debug","message":"[LIVE] CRV/USDC: checkRisk price=0.35760000 SL=0.34523000 TP=0.40700800 HWM=0.36340000 entry=0.36340000","timestamp":"2026-09-10T00:23:30.623Z"}
{"level":"info","message":"[MTF-CACHE] 15m refresh complete: 37/37 symbols","timestamp":"2026-09-10T00:23:49.111Z"}
{"level":"debug","message":"[RISK-LOOP] checking 3 open position(s)","timestamp":"2026-09-10T00:25:29.475Z"}
{"level":"debug","message":"[LIVE] CRV/USDC: checkRisk price=0.35850000 SL=0.34523000 TP=0.40700800 HWM=0.36340000 entry=0.36340000","timestamp":"2026-09-10T00:25:30.544Z"}
{"level":"debug","message":"[RISK-LOOP] checking 3 open position(s)","timestamp":"2026-09-10T00:27:29.476Z"}
{"level":"debug","message":"[LIVE] CRV/USDC: checkRisk price=0.35760000 SL=0.34523000 TP=0.40700800 HWM=0.36340000 entry=0.36340000","timestamp":"2026-09-10T00:27:30.608Z"}
{"level":"debug","message":"[RISK-LOOP] checking 3 open position(s)","timestamp":"2026-09-10T00:29:29.484Z"}
{"level":"debug","message":"[LIVE] CRV/USDC: checkRisk price=0.35810000 SL=0.34523000 TP=0.40700800 HWM=0.36340000 entry=0.36340000","timestamp":"2026-09-10T00:29:30.635Z"}
{"level":"debug","message":"[RISK-LOOP] checking 3 open position(s)","timestamp":"2026-09-10T00:31:29.482Z"}
{"level":"debug","message":"[LIVE] CRV/USDC: checkRisk price=0.35680000 SL=0.34523000 TP=0.40700800 HWM=0.36340000 entry=0.36340000","timestamp":"2026-09-10T00:31:30.633Z"}
{"level":"debug","message":"[RISK-LOOP] checking 3 open position(s)","timestamp":"2026-09-10T00:33:29.661Z"}
{"level":"debug","message":"[LIVE] CRV/USDC: checkRisk price=0.35680000 SL=0.34523000 TP=0.40700800 HWM=0.36340000 entry=0.36340000","timestamp":"2026-09-10T00:33:30.573Z"}
{"level":"debug","message":"[RISK-LOOP] checking 3 open position(s)","timestamp":"2026-09-10T00:35:29.481Z"}
{"level":"debug","message":"[LIVE] CRV/USDC: checkRisk price=0.35800000 SL=0.34523000 TP=0.40700800 HWM=0.36340000 entry=0.36340000","timestamp":"2026-09-10T00:35:30.633Z"}
{"level":"debug","message":"[RISK-LOOP] checking 3 open position(s)","timestamp":"2026-09-10T00:37:29.481Z"}
{"level":"debug","message":"[LIVE] CRV/USDC: checkRisk price=0.35720000 SL=0.34523000 TP=0.40700800 HWM=0.36340000 entry=0.36340000","timestamp":"2026-09-10T00:37:30.627Z"}
{"level":"info","message":"[MTF-CACHE] 15m refresh complete: 37/37 symbols","timestamp":"2026-09-10T00:38:49.122Z"}
{"level":"debug","message":"[RISK-LOOP] checking 3 open position(s)","timestamp":"2026-09-10T00:39:29.483Z"}
{"level":"debug","message":"[LIVE] CRV/USDC: checkRisk price=0.35720000 SL=0.34523000 TP=0.40700800 HWM=0.36340000 entry=0.36340000","timestamp":"2026-09-10T00:39:30.626Z"}
{"level":"debug","message":"[RISK-LOOP] checking 3 open position(s)","timestamp":"2026-09-10T00:41:29.485Z"}
{"level":"debug","message":"[LIVE] CRV/USDC: checkRisk price=0.35610000 SL=0.34523000 TP=0.40700800 HWM=0.36340000 entry=0.36340000","timestamp":"2026-09-10T00:41:30.642Z"}
{"level":"debug","message":"[RISK-LOOP] checking 3 open position(s)","timestamp":"2026-09-10T00:43:29.662Z"}
{"level":"debug","message":"[LIVE] CRV/USDC: checkRisk price=0.35560000 SL=0.34523000 TP=0.40700800 HWM=0.36340000 entry=0.36340000","timestamp":"2026-09-10T00:43:30.577Z"}
{"level":"debug","message":"[RISK-LOOP] checking 3 open position(s)","timestamp":"2026-09-10T00:45:29.487Z"}
{"level":"debug","message":"[LIVE] CRV/USDC: checkRisk price=0.35570000 SL=0.34523000 TP=0.40700800 HWM=0.36340000 entry=0.36340000","timestamp":"2026-09-10T00:45:30.635Z"}
{"level":"debug","message":"[RISK-LOOP] checking 3 open position(s)","timestamp":"2026-09-10T00:47:29.488Z"}
{"level":"debug","message":"[LIVE] CRV/USDC: checkRisk price=0.35580000 SL=0.34523000 TP=0.40700800 HWM=0.36340000 entry=0.36340000","timestamp":"2026-09-10T00:47:30.633Z"}
{"level":"debug","message":"[RISK-LOOP] checking 3 open position(s)","timestamp":"2026-09-10T00:49:29.490Z"}
{"level":"debug","message":"[LIVE] CRV/USDC: checkRisk price=0.35490000 SL=0.34523000 TP=0.40700800 HWM=0.36340000 entry=0.36340000","timestamp":"2026-09-10T00:49:30.454Z"}
{"level":"debug","message":"[RISK-LOOP] checking 3 open position(s)","timestamp":"2026-09-10T00:51:29.492Z"}
{"level":"debug","message":"[LIVE] CRV/USDC: checkRisk price=0.35360000 SL=0.34523000 TP=0.40700800 HWM=0.36340000 entry=0.36340000","timestamp":"2026-09-10T00:51:30.461Z"}
{"level":"debug","message":"[RISK-LOOP] checking 3 open position(s)","timestamp":"2026-09-10T00:53:29.672Z"}
{"level":"debug","message":"[LIVE] CRV/USDC: checkRisk price=0.35510000 SL=0.34523000 TP=0.40700800 HWM=0.36340000 entry=0.36340000","timestamp":"2026-09-10T00:53:30.457Z"}
{"level":"info","message":"[MTF-CACHE] 15m refresh complete: 37/37 symbols","timestamp":"2026-09-10T00:53:49.127Z"}
{"level":"debug","message":"[RISK-LOOP] checking 3 open position(s)","timestamp":"2026-09-10T00:55:29.496Z"}
{"level":"debug","message":"[LIVE] CRV/USDC: checkRisk price=0.35610000 SL=0.34523000 TP=0.40700800 HWM=0.36340000 entry=0.36340000","timestamp":"2026-09-10T00:55:30.462Z"}
{"level":"debug","message":"[RISK-LOOP] checking 3 open position(s)","timestamp":"2026-09-10T00:57:29.494Z"}
{"level":"debug","message":"[LIVE] CRV/USDC: checkRisk price=0.35600000 SL=0.34523000 TP=0.40700800 HWM=0.36340000 entry=0.36340000","timestamp":"2026-09-10T00:57:30.456Z"}
{"level":"debug","message":"[RISK-LOOP] checking 3 open position(s)","timestamp":"2026-09-10T00:59:29.499Z"}
{"level":"debug","message":"[LIVE] CRV/USDC: checkRisk price=0.35620000 SL=0.34523000 TP=0.40700800 HWM=0.36340000 entry=0.36340000","timestamp":"2026-09-10T00:59:30.467Z"}
{"level":"debug","message":"[RISK-LOOP] checking 3 open position(s)","timestamp":"2026-09-10T01:01:29.502Z"}
{"level":"debug","message":"[LIVE] CRV/USDC: checkRisk price=0.35790000 SL=0.34523000 TP=0.40700800 HWM=0.36340000 entry=0.36340000","timestamp":"2026-09-10T01:01:30.465Z"}
{"level":"debug","message":"[RISK-LOOP] checking 3 open position(s)","timestamp":"2026-09-10T01:03:29.682Z"}
{"level":"debug","message":"[LIVE] CRV/USDC: checkRisk price=0.35600000 SL=0.34523000 TP=0.40700800 HWM=0.36340000 entry=0.36340000","timestamp":"2026-09-10T01:03:30.465Z"}
{"level":"debug","message":"[RISK-LOOP] checking 3 open position(s)","timestamp":"2026-09-10T01:05:29.505Z"}
{"level":"debug","message":"[LIVE] CRV/USDC: checkRisk price=0.35680000 SL=0.34523000 TP=0.40700800 HWM=0.36340000 entry=0.36340000","timestamp":"2026-09-10T01:05:30.472Z"}
{"level":"debug","message":"[RISK-LOOP] checking 3 open position(s)","timestamp":"2026-09-10T01:07:29.506Z"}
{"level":"debug","message":"[LIVE] CRV/USDC: checkRisk price=0.35630000 SL=0.34523000 TP=0.40700800 HWM=0.36340000 entry=0.36340000","timestamp":"2026-09-10T01:07:30.470Z"}
{"level":"info","message":"[MTF-CACHE] 15m refresh complete: 37/37 symbols","timestamp":"2026-09-10T01:08:49.139Z"}
{"level":"debug","message":"[RISK-LOOP] checking 3 open position(s)","timestamp":"2026-09-10T01:09:29.506Z"}
{"level":"debug","message":"[LIVE] CRV/USDC: checkRisk price=0.35800000 SL=0.34523000 TP=0.40700800 HWM=0.36340000 entry=0.36340000","timestamp":"2026-09-10T01:09:30.469Z"}
{"level":"debug","message":"[RISK-LOOP] checking 3 open position(s)","timestamp":"2026-09-10T01:11:29.510Z"}
{"level":"debug","message":"[LIVE] CRV/USDC: checkRisk price=0.35640000 SL=0.34523000 TP=0.40700800 HWM=0.36340000 entry=0.36340000","timestamp":"2026-09-10T01:11:30.477Z"}
{"level":"debug","message":"[RISK-LOOP] checking 3 open position(s)","timestamp":"2026-09-10T01:13:29.689Z"}
{"level":"debug","message":"[LIVE] CRV/USDC: checkRisk price=0.35520000 SL=0.34523000 TP=0.40700800 HWM=0.36340000 entry=0.36340000","timestamp":"2026-09-10T01:13:30.477Z"}
{"level":"debug","message":"[RISK-LOOP] checking 3 open position(s)","timestamp":"2026-09-10T01:15:29.513Z"}
{"level":"debug","message":"[LIVE] CRV/USDC: checkRisk price=0.35520000 SL=0.34523000 TP=0.40700800 HWM=0.36340000 entry=0.36340000","timestamp":"2026-09-10T01:15:30.479Z"}
{"level":"debug","message":"[RISK-LOOP] checking 3 open position(s)","timestamp":"2026-09-10T01:17:29.516Z"}
{"level":"debug","message":"[LIVE] CRV/USDC: checkRisk price=0.35480000 SL=0.34523000 TP=0.40700800 HWM=0.36340000 entry=0.36340000","timestamp":"2026-09-10T01:17:30.481Z"}
{"level":"debug","message":"[RISK-LOOP] checking 3 open position(s)","timestamp":"2026-09-10T01:19:29.516Z"}
{"level":"debug","message":"[LIVE] CRV/USDC: checkRisk price=0.35370000 SL=0.34523000 TP=0.40700800 HWM=0.36340000 entry=0.36340000","timestamp":"2026-09-10T01:19:30.483Z"}
{"level":"debug","message":"[RISK-LOOP] checking 3 open position(s)","timestamp":"2026-09-10T01:21:29.520Z"}
{"level":"debug","message":"[LIVE] CRV/USDC: checkRisk price=0.35360000 SL=0.34523000 TP=0.40700800 HWM=0.36340000 entry=0.36340000","timestamp":"2026-09-10T01:21:30.485Z"}
{"level":"debug","message":"[RISK-LOOP] checking 3 open position(s)","timestamp":"2026-09-10T01:23:29.700Z"}
{"level":"debug","message":"[LIVE] CRV/USDC: checkRisk price=0.35310000 SL=0.34523000 TP=0.40700800 HWM=0.36340000 entry=0.36340000","timestamp":"2026-09-10T01:23:30.488Z"}
{"level":"info","message":"[MTF-CACHE] 15m refresh complete: 37/37 symbols","timestamp":"2026-09-10T01:23:49.276Z"}
{"level":"debug","message":"[RISK-LOOP] checking 3 open position(s)","timestamp":"2026-09-10T01:25:29.518Z"}
{"level":"debug","message":"[LIVE] CRV/USDC: checkRisk price=0.35400000 SL=0.34523000 TP=0.40700800 HWM=0.36340000 entry=0.36340000","timestamp":"2026-09-10T01:25:30.486Z"}
{"level":"debug","message":"[RISK-LOOP] checking 3 open position(s)","timestamp":"2026-09-10T01:27:29.523Z"}
{"level":"debug","message":"[LIVE] CRV/USDC: checkRisk price=0.35320000 SL=0.34523000 TP=0.40700800 HWM=0.36340000 entry=0.36340000","timestamp":"2026-09-10T01:27:30.489Z"}
{"level":"debug","message":"[RISK-LOOP] checking 3 open position(s)","timestamp":"2026-09-10T01:29:29.519Z"}
{"level":"debug","message":"[LIVE] CRV/USDC: checkRisk price=0.35300000 SL=0.34523000 TP=0.40700800 HWM=0.36340000 entry=0.36340000","timestamp":"2026-09-10T01:29:30.485Z"}
{"level":"debug","message":"[RISK-LOOP] checking 3 open position(s)","timestamp":"2026-09-10T01:31:29.523Z"}
{"level":"debug","message":"[LIVE] CRV/USDC: checkRisk price=0.35220000 SL=0.34523000 TP=0.40700800 HWM=0.36340000 entry=0.36340000","timestamp":"2026-09-10T01:31:30.487Z"}
{"level":"debug","message":"[RISK-LOOP] checking 3 open position(s)","timestamp":"2026-09-10T01:33:29.705Z"}
{"level":"debug","message":"[LIVE] CRV/USDC: checkRisk price=0.35200000 SL=0.34523000 TP=0.40700800 HWM=0.36340000 entry=0.36340000","timestamp":"2026-09-10T01:33:30.489Z"}
{"level":"debug","message":"[RISK-LOOP] checking 3 open position(s)","timestamp":"2026-09-10T01:35:29.526Z"}
{"level":"debug","message":"[LIVE] CRV/USDC: checkRisk price=0.34930000 SL=0.34523000 TP=0.40700800 HWM=0.36340000 entry=0.36340000","timestamp":"2026-09-10T01:35:30.491Z"}
{"level":"debug","message":"[RISK-LOOP] checking 3 open position(s)","timestamp":"2026-09-10T01:37:29.529Z"}
{"level":"debug","message":"[LIVE] CRV/USDC: checkRisk price=0.34910000 SL=0.34523000 TP=0.40700800 HWM=0.36340000 entry=0.36340000","timestamp":"2026-09-10T01:37:30.497Z"}
{"level":"info","message":"[MTF-CACHE] 15m refresh complete: 37/37 symbols","timestamp":"2026-09-10T01:38:49.572Z"}
{"level":"debug","message":"[RISK-LOOP] checking 3 open position(s)","timestamp":"2026-09-10T01:39:29.527Z"}
{"level":"debug","message":"[LIVE] CRV/USDC: checkRisk price=0.34510000 SL=0.34523000 TP=0.40700800 HWM=0.36340000 entry=0.36340000","timestamp":"2026-09-10T01:39:30.493Z"}
{"level":"info","message":"[LIVE] CRV/USDC: stop_loss triggered price=0.34510000 SL=0.34523000","timestamp":"2026-09-10T01:39:30.493Z"}
{"level":"debug","message":"[LIVE] CRV/USDC: closing position reason=stop_loss entry=0.36340000 refPrice=0.34510000 qty=44.65753500 held=25.7h HWM=0.36340000","timestamp":"2026-09-10T01:39:30.494Z"}
{"level":"info","message":"[LIVE] CRV/USDC: dust after step-size truncation: 0.057535 CRV (≈ 0.0199 USDC)","timestamp":"2026-09-10T01:39:30.763Z"}
{"level":"info","message":"[LIVE] CRV/USDC: adjusting sell qty 44.65753500 → 44.60000000","timestamp":"2026-09-10T01:39:30.763Z"}
{"level":"debug","message":"[LIVE] CRV/USDC: SELL order response id=536801311 status=closed filled=44.6 avg=0.3444","timestamp":"2026-09-10T01:39:31.212Z"}
{"level":"info","message":"[LIVE] SELL CRV/USDC qty=44.60000000 price=0.34440000 pnl=-0.87 pnl%=-5.23% reason=stop_loss held=25.7h balance=133.59 orderId=536801311","timestamp":"2026-09-10T01:39:31.472Z"}
{"level":"info","message":"[RISK-LOOP] CRV/USDC: position closed by risk check","timestamp":"2026-09-10T01:39:31.473Z"}
{"level":"debug","message":"[RISK-LOOP] checking 2 open position(s)","timestamp":"2026-09-10T01:41:29.532Z"}
{"level":"debug","message":"[RISK-LOOP] checking 2 open position(s)","timestamp":"2026-09-10T01:43:29.711Z"}
{"level":"debug","message":"[RISK-LOOP] checking 2 open position(s)","timestamp":"2026-09-10T01:45:29.531Z"}
{"level":"debug","message":"[RISK-LOOP] checking 2 open position(s)","timestamp":"2026-09-10T01:47:29.534Z"}
{"level":"debug","message":"[RISK-LOOP] checking 2 open position(s)","timestamp":"2026-09-10T01:49:29.532Z"}
{"level":"debug","message":"[RISK-LOOP] checking 2 open position(s)","timestamp":"2026-09-10T01:51:29.537Z"}
{"level":"debug","message":"[RISK-LOOP] checking 2 open position(s)","timestamp":"2026-09-10T01:53:29.720Z"}
{"level":"info","message":"[MTF-CACHE] 15m refresh complete: 37/37 symbols","timestamp":"2026-09-10T01:53:52.341Z"}
{"level":"debug","message":"[RISK-LOOP] checking 2 open position(s)","timestamp":"2026-09-10T01:55:29.540Z"}
{"level":"debug","message":"[RISK-LOOP] checking 2 open position(s)","timestamp":"2026-09-10T01:57:29.539Z"}
{"level":"debug","message":"[RISK-LOOP] checking 2 open position(s)","timestamp":"2026-09-10T01:59:29.542Z"}
{"level":"debug","message":"[RISK-LOOP] checking 2 open position(s)","timestamp":"2026-09-10T02:01:29.543Z"}
{"level":"debug","message":"[RISK-LOOP] checking 2 open position(s)","timestamp":"2026-09-10T02:03:29.747Z"}
{"level":"debug","message":"[RISK-LOOP] checking 2 open position(s)","timestamp":"2026-09-10T02:05:29.549Z"}
{"level":"debug","message":"[RISK-LOOP] checking 2 open position(s)","timestamp":"2026-09-10T02:07:29.546Z"}
{"level":"info","message":"[MTF-CACHE] 15m refresh complete: 37/37 symbols","timestamp":"2026-09-10T02:08:49.242Z"}
{"level":"debug","message":"[RISK-LOOP] checking 2 open position(s)","timestamp":"2026-09-10T02:09:29.548Z"}
{"level":"debug","message":"[RISK-LOOP] checking 2 open position(s)","timestamp":"2026-09-10T02:11:29.548Z"}
{"level":"debug","message":"[RISK-LOOP] checking 2 open position(s)","timestamp":"2026-09-10T02:13:29.752Z"}
{"level":"debug","message":"[RISK-LOOP] checking 2 open position(s)","timestamp":"2026-09-10T02:15:29.549Z"}
{"level":"debug","message":"[RISK-LOOP] checking 2 open position(s)","timestamp":"2026-09-10T02:17:29.551Z"}
{"level":"debug","message":"[RISK-LOOP] checking 2 open position(s)","timestamp":"2026-09-10T02:19:29.552Z"}
{"level":"debug","message":"[RISK-LOOP] checking 2 open position(s)","timestamp":"2026-09-10T02:21:29.554Z"}
{"level":"debug","message":"[RISK-LOOP] checking 2 open position(s)","timestamp":"2026-09-10T02:23:29.751Z"}
{"level":"info","message":"[MTF-CACHE] 15m refresh complete: 37/37 symbols","timestamp":"2026-09-10T02:23:49.284Z"}
{"level":"debug","message":"[RISK-LOOP] checking 2 open position(s)","timestamp":"2026-09-10T02:25:29.553Z"}
{"level":"debug","message":"[RISK-LOOP] checking 2 open position(s)","timestamp":"2026-09-10T02:27:29.560Z"}
{"level":"debug","message":"[RISK-LOOP] checking 2 open position(s)","timestamp":"2026-09-10T02:29:29.555Z"}
{"level":"debug","message":"[RISK-LOOP] checking 2 open position(s)","timestamp":"2026-09-10T02:31:29.557Z"}
{"level":"debug","message":"[RISK-LOOP] checking 2 open position(s)","timestamp":"2026-09-10T02:33:29.747Z"}
{"level":"debug","message":"[RISK-LOOP] checking 2 open position(s)","timestamp":"2026-09-10T02:35:29.555Z"}
{"level":"debug","message":"[RISK-LOOP] checking 2 open position(s)","timestamp":"2026-09-10T02:37:29.560Z"}
{"level":"info","message":"[MTF-CACHE] 15m refresh complete: 37/37 symbols","timestamp":"2026-09-10T02:38:49.307Z"}
{"level":"debug","message":"[RISK-LOOP] checking 2 open position(s)","timestamp":"2026-09-10T02:39:29.555Z"}
{"level":"debug","message":"[RISK-LOOP] checking 2 open position(s)","timestamp":"2026-09-10T02:41:29.558Z"}
{"level":"debug","message":"[RISK-LOOP] checking 2 open position(s)","timestamp":"2026-09-10T02:43:29.738Z"}
{"level":"debug","message":"[RISK-LOOP] checking 2 open position(s)","timestamp":"2026-09-10T02:45:29.560Z"}
{"level":"debug","message":"[RISK-LOOP] checking 2 open position(s)","timestamp":"2026-09-10T02:47:29.558Z"}
{"level":"debug","message":"[RISK-LOOP] checking 2 open position(s)","timestamp":"2026-09-10T02:49:29.558Z"}
{"level":"debug","message":"[RISK-LOOP] checking 2 open position(s)","timestamp":"2026-09-10T02:51:29.561Z"}
{"level":"debug","message":"[RISK-LOOP] checking 2 open position(s)","timestamp":"2026-09-10T02:53:29.742Z"}
{"level":"info","message":"[MTF-CACHE] 15m refresh complete: 37/37 symbols","timestamp":"2026-09-10T02:53:49.341Z"}
{"level":"debug","message":"[RISK-LOOP] checking 2 open position(s)","timestamp":"2026-09-10T02:55:29.568Z"}
{"level":"debug","message":"[RISK-LOOP] checking 2 open position(s)","timestamp":"2026-09-10T02:57:29.612Z"}
{"level":"debug","message":"[RISK-LOOP] checking 2 open position(s)","timestamp":"2026-09-10T02:59:29.653Z"}
{"level":"debug","message":"[RISK-LOOP] checking 2 open position(s)","timestamp":"2026-09-10T03:01:29.693Z"}
{"level":"debug","message":"[RISK-LOOP] checking 2 open position(s)","timestamp":"2026-09-10T03:03:29.738Z"}
{"level":"debug","message":"[RISK-LOOP] checking 2 open position(s)","timestamp":"2026-09-10T03:05:29.744Z"}
{"level":"debug","message":"[RISK-LOOP] checking 2 open position(s)","timestamp":"2026-09-10T03:07:29.737Z"}
{"level":"info","message":"[MTF-CACHE] 15m refresh complete: 37/37 symbols","timestamp":"2026-09-10T03:08:49.166Z"}
{"level":"debug","message":"[RISK-LOOP] checking 2 open position(s)","timestamp":"2026-09-10T03:09:29.741Z"}
{"level":"debug","message":"[RISK-LOOP] checking 2 open position(s)","timestamp":"2026-09-10T03:11:29.743Z"}
{"level":"debug","message":"[RISK-LOOP] checking 2 open position(s)","timestamp":"2026-09-10T03:13:29.927Z"}
{"level":"debug","message":"[RISK-LOOP] checking 2 open position(s)","timestamp":"2026-09-10T03:15:29.563Z"}
{"level":"debug","message":"[RISK-LOOP] checking 2 open position(s)","timestamp":"2026-09-10T03:17:29.564Z"}
{"level":"debug","message":"[RISK-LOOP] checking 2 open position(s)","timestamp":"2026-09-10T03:19:29.564Z"}
{"level":"debug","message":"[RISK-LOOP] checking 2 open position(s)","timestamp":"2026-09-10T03:21:29.567Z"}
{"level":"debug","message":"[RISK-LOOP] checking 2 open position(s)","timestamp":"2026-09-10T03:23:29.748Z"}
{"level":"info","message":"[MTF-CACHE] 15m refresh complete: 37/37 symbols","timestamp":"2026-09-10T03:23:49.233Z"}
{"level":"info","message":"[MTF-CACHE] 4h refresh complete: 37/37 symbols","timestamp":"2026-09-10T03:23:51.407Z"}
{"level":"debug","message":"[RISK-LOOP] checking 2 open position(s)","timestamp":"2026-09-10T03:25:29.568Z"}
{"level":"debug","message":"[RISK-LOOP] checking 2 open position(s)","timestamp":"2026-09-10T03:27:29.570Z"}
{"level":"debug","message":"[RISK-LOOP] checking 2 open position(s)","timestamp":"2026-09-10T03:29:29.571Z"}
{"level":"debug","message":"[RISK-LOOP] checking 2 open position(s)","timestamp":"2026-09-10T03:31:29.574Z"}
{"level":"debug","message":"[RISK-LOOP] checking 2 open position(s)","timestamp":"2026-09-10T03:33:29.754Z"}
{"level":"debug","message":"[RISK-LOOP] checking 2 open position(s)","timestamp":"2026-09-10T03:35:29.571Z"}
{"level":"debug","message":"[RISK-LOOP] checking 2 open position(s)","timestamp":"2026-09-10T03:37:29.573Z"}
{"level":"info","message":"[MTF-CACHE] 15m refresh complete: 37/37 symbols","timestamp":"2026-09-10T03:38:49.180Z"}
{"level":"debug","message":"[RISK-LOOP] checking 2 open position(s)","timestamp":"2026-09-10T03:39:29.572Z"}
{"level":"debug","message":"[RISK-LOOP] checking 2 open position(s)","timestamp":"2026-09-10T03:41:29.574Z"}
{"level":"debug","message":"[RISK-LOOP] checking 2 open position(s)","timestamp":"2026-09-10T03:43:29.750Z"}
{"level":"debug","message":"[RISK-LOOP] checking 2 open position(s)","timestamp":"2026-09-10T03:45:29.574Z"}
{"level":"debug","message":"[RISK-LOOP] checking 2 open position(s)","timestamp":"2026-09-10T03:47:29.575Z"}
{"level":"debug","message":"[RISK-LOOP] checking 2 open position(s)","timestamp":"2026-09-10T03:49:29.577Z"}
{"level":"debug","message":"[RISK-LOOP] checking 2 open position(s)","timestamp":"2026-09-10T03:51:29.579Z"}
{"level":"debug","message":"[RISK-LOOP] checking 2 open position(s)","timestamp":"2026-09-10T03:53:29.770Z"}
{"level":"info","message":"[MTF-CACHE] 15m refresh complete: 37/37 symbols","timestamp":"2026-09-10T03:53:50.088Z"}
{"level":"debug","message":"[RISK-LOOP] checking 2 open position(s)","timestamp":"2026-09-10T03:55:29.581Z"}
{"level":"debug","message":"[RISK-LOOP] checking 2 open position(s)","timestamp":"2026-09-10T03:57:29.579Z"}
{"level":"debug","message":"[RISK-LOOP] checking 2 open position(s)","timestamp":"2026-09-10T03:59:29.579Z"}
{"level":"debug","message":"[RISK-LOOP] checking 2 open position(s)","timestamp":"2026-09-10T04:01:29.582Z"}
{"level":"debug","message":"[RISK-LOOP] checking 2 open position(s)","timestamp":"2026-09-10T04:03:29.754Z"}
{"level":"debug","message":"[RISK-LOOP] checking 2 open position(s)","timestamp":"2026-09-10T04:05:29.581Z"}
{"level":"debug","message":"[RISK-LOOP] checking 2 open position(s)","timestamp":"2026-09-10T04:07:29.584Z"}
{"level":"info","message":"[MTF-CACHE] 15m refresh complete: 37/37 symbols","timestamp":"2026-09-10T04:08:53.789Z"}
{"level":"debug","message":"[RISK-LOOP] checking 2 open position(s)","timestamp":"2026-09-10T04:09:29.586Z"}
{"level":"debug","message":"[RISK-LOOP] checking 2 open position(s)","timestamp":"2026-09-10T04:11:29.585Z"}
{"level":"debug","message":"[RISK-LOOP] checking 2 open position(s)","timestamp":"2026-09-10T04:13:29.755Z"}
{"level":"debug","message":"[RISK-LOOP] checking 2 open position(s)","timestamp":"2026-09-10T04:15:29.588Z"}
{"level":"debug","message":"[RISK-LOOP] checking 2 open position(s)","timestamp":"2026-09-10T04:17:29.587Z"}
{"level":"debug","message":"[RISK-LOOP] checking 2 open position(s)","timestamp":"2026-09-10T04:19:29.588Z"}
{"level":"debug","message":"[RISK-LOOP] checking 2 open position(s)","timestamp":"2026-09-10T04:21:29.585Z"}
{"level":"debug","message":"[RISK-LOOP] checking 2 open position(s)","timestamp":"2026-09-10T04:23:29.761Z"}
{"level":"info","message":"[MTF-CACHE] 15m refresh complete: 37/37 symbols","timestamp":"2026-09-10T04:23:49.265Z"}
{"level":"debug","message":"[RISK-LOOP] checking 2 open position(s)","timestamp":"2026-09-10T04:25:29.587Z"}
{"level":"debug","message":"[RISK-LOOP] checking 2 open position(s)","timestamp":"2026-09-10T04:27:29.590Z"}
{"level":"debug","message":"[RISK-LOOP] checking 2 open position(s)","timestamp":"2026-09-10T04:29:29.591Z"}
{"level":"debug","message":"[RISK-LOOP] checking 2 open position(s)","timestamp":"2026-09-10T04:31:29.590Z"}
{"level":"debug","message":"[RISK-LOOP] checking 2 open position(s)","timestamp":"2026-09-10T04:33:29.763Z"}
{"level":"debug","message":"[RISK-LOOP] checking 2 open position(s)","timestamp":"2026-09-10T04:35:29.590Z"}
{"level":"debug","message":"[RISK-LOOP] checking 2 open position(s)","timestamp":"2026-09-10T04:37:29.593Z"}
{"level":"info","message":"[MTF-CACHE] 15m refresh complete: 37/37 symbols","timestamp":"2026-09-10T04:38:49.201Z"}
{"level":"debug","message":"[RISK-LOOP] checking 2 open position(s)","timestamp":"2026-09-10T04:39:29.596Z"}
{"level":"debug","message":"[RISK-LOOP] checking 2 open position(s)","timestamp":"2026-09-10T04:41:29.594Z"}
{"level":"debug","message":"[RISK-LOOP] checking 2 open position(s)","timestamp":"2026-09-10T04:43:29.760Z"}
{"level":"debug","message":"[RISK-LOOP] checking 2 open position(s)","timestamp":"2026-09-10T04:45:29.595Z"}
{"level":"debug","message":"[RISK-LOOP] checking 2 open position(s)","timestamp":"2026-09-10T04:47:29.594Z"}
{"level":"debug","message":"[RISK-LOOP] checking 2 open position(s)","timestamp":"2026-09-10T04:49:29.595Z"}
{"level":"debug","message":"[RISK-LOOP] checking 2 open position(s)","timestamp":"2026-09-10T04:51:29.596Z"}
{"level":"debug","message":"[RISK-LOOP] checking 2 open position(s)","timestamp":"2026-09-10T04:53:29.764Z"}
{"level":"info","message":"[MTF-CACHE] 15m refresh complete: 37/37 symbols","timestamp":"2026-09-10T04:53:49.335Z"}
{"level":"debug","message":"[RISK-LOOP] checking 2 open position(s)","timestamp":"2026-09-10T04:55:29.593Z"}
{"level":"debug","message":"[RISK-LOOP] checking 2 open position(s)","timestamp":"2026-09-10T04:57:29.593Z"}
{"level":"debug","message":"[RISK-LOOP] checking 2 open position(s)","timestamp":"2026-09-10T04:59:29.597Z"}
{"level":"debug","message":"[RISK-LOOP] checking 2 open position(s)","timestamp":"2026-09-10T05:01:29.597Z"}
{"level":"debug","message":"[RISK-LOOP] checking 2 open position(s)","timestamp":"2026-09-10T05:03:29.766Z"}
{"level":"debug","message":"[RISK-LOOP] checking 2 open position(s)","timestamp":"2026-09-10T05:05:29.598Z"}
{"level":"debug","message":"[RISK-LOOP] checking 2 open position(s)","timestamp":"2026-09-10T05:07:29.598Z"}
{"level":"info","message":"[MTF-CACHE] 15m refresh complete: 37/37 symbols","timestamp":"2026-09-10T05:08:50.902Z"}
{"level":"debug","message":"[RISK-LOOP] checking 2 open position(s)","timestamp":"2026-09-10T05:09:29.599Z"}
{"level":"debug","message":"[RISK-LOOP] checking 2 open position(s)","timestamp":"2026-09-10T05:11:29.599Z"}
{"level":"debug","message":"[RISK-LOOP] checking 2 open position(s)","timestamp":"2026-09-10T05:13:29.763Z"}
{"level":"debug","message":"[RISK-LOOP] checking 2 open position(s)","timestamp":"2026-09-10T05:15:29.599Z"}
{"level":"debug","message":"[RISK-LOOP] checking 2 open position(s)","timestamp":"2026-09-10T05:17:29.602Z"}
{"level":"debug","message":"[RISK-LOOP] checking 2 open position(s)","timestamp":"2026-09-10T05:19:29.598Z"}
{"level":"debug","message":"[RISK-LOOP] checking 2 open position(s)","timestamp":"2026-09-10T05:21:29.600Z"}
{"level":"debug","message":"[RISK-LOOP] checking 2 open position(s)","timestamp":"2026-09-10T05:23:29.768Z"}
{"level":"info","message":"[MTF-CACHE] 15m refresh complete: 37/37 symbols","timestamp":"2026-09-10T05:23:50.074Z"}
{"level":"debug","message":"[RISK-LOOP] checking 2 open position(s)","timestamp":"2026-09-10T05:25:29.600Z"}
{"level":"debug","message":"[RISK-LOOP] checking 2 open position(s)","timestamp":"2026-09-10T05:27:29.603Z"}
{"level":"debug","message":"[RISK-LOOP] checking 2 open position(s)","timestamp":"2026-09-10T05:29:29.599Z"}
{"level":"debug","message":"[RISK-LOOP] checking 2 open position(s)","timestamp":"2026-09-10T05:31:29.598Z"}
{"level":"debug","message":"[RISK-LOOP] checking 2 open position(s)","timestamp":"2026-09-10T05:33:29.783Z"}
{"level":"debug","message":"[RISK-LOOP] checking 2 open position(s)","timestamp":"2026-09-10T05:35:29.602Z"}
{"level":"debug","message":"[RISK-LOOP] checking 2 open position(s)","timestamp":"2026-09-10T05:37:29.643Z"}
{"level":"info","message":"[MTF-CACHE] 15m refresh complete: 37/37 symbols","timestamp":"2026-09-10T05:38:49.326Z"}
{"level":"debug","message":"[RISK-LOOP] checking 2 open position(s)","timestamp":"2026-09-10T05:39:29.602Z"}
{"level":"debug","message":"[RISK-LOOP] checking 2 open position(s)","timestamp":"2026-09-10T05:41:29.602Z"}
{"level":"debug","message":"[RISK-LOOP] checking 2 open position(s)","timestamp":"2026-09-10T05:43:29.769Z"}
{"level":"debug","message":"[RISK-LOOP] checking 2 open position(s)","timestamp":"2026-09-10T05:45:29.722Z"}
{"level":"debug","message":"[RISK-LOOP] checking 2 open position(s)","timestamp":"2026-09-10T05:47:29.807Z"}
{"level":"debug","message":"[RISK-LOOP] checking 2 open position(s)","timestamp":"2026-09-10T05:49:29.786Z"}
{"level":"debug","message":"[RISK-LOOP] checking 2 open position(s)","timestamp":"2026-09-10T05:51:29.786Z"}
{"level":"debug","message":"[RISK-LOOP] checking 2 open position(s)","timestamp":"2026-09-10T05:53:29.921Z"}
{"level":"info","message":"[MTF-CACHE] 15m refresh complete: 37/37 symbols","timestamp":"2026-09-10T05:53:49.170Z"}
{"level":"debug","message":"[RISK-LOOP] checking 2 open position(s)","timestamp":"2026-09-10T05:55:29.785Z"}
{"level":"debug","message":"[RISK-LOOP] checking 2 open position(s)","timestamp":"2026-09-10T05:57:29.789Z"}
{"level":"debug","message":"[RISK-LOOP] checking 2 open position(s)","timestamp":"2026-09-10T05:59:29.602Z"}
{"level":"debug","message":"[RISK-LOOP] checking 2 open position(s)","timestamp":"2026-09-10T06:01:29.609Z"}
{"level":"debug","message":"[RISK-LOOP] checking 2 open position(s)","timestamp":"2026-09-10T06:03:29.779Z"}
{"level":"debug","message":"[RISK-LOOP] checking 2 open position(s)","timestamp":"2026-09-10T06:05:29.611Z"}
{"level":"debug","message":"[RISK-LOOP] checking 2 open position(s)","timestamp":"2026-09-10T06:07:29.613Z"}
{"level":"info","message":"[MTF-CACHE] 15m refresh complete: 37/37 symbols","timestamp":"2026-09-10T06:08:49.459Z"}
{"level":"debug","message":"[RISK-LOOP] checking 2 open position(s)","timestamp":"2026-09-10T06:09:29.616Z"}
{"level":"debug","message":"[RISK-LOOP] checking 2 open position(s)","timestamp":"2026-09-10T06:11:29.613Z"}
{"level":"debug","message":"[RISK-LOOP] checking 2 open position(s)","timestamp":"2026-09-10T06:13:29.784Z"}
{"level":"debug","message":"[RISK-LOOP] checking 2 open position(s)","timestamp":"2026-09-10T06:15:29.621Z"}
{"level":"debug","message":"[RISK-LOOP] checking 2 open position(s)","timestamp":"2026-09-10T06:17:29.623Z"}
{"level":"debug","message":"[RISK-LOOP] checking 2 open position(s)","timestamp":"2026-09-10T06:19:29.626Z"}
{"level":"debug","message":"[RISK-LOOP] checking 2 open position(s)","timestamp":"2026-09-10T06:21:29.629Z"}
{"level":"debug","message":"[RISK-LOOP] checking 2 open position(s)","timestamp":"2026-09-10T06:23:29.790Z"}
{"level":"info","message":"[MTF-CACHE] 15m refresh complete: 37/37 symbols","timestamp":"2026-09-10T06:23:49.235Z"}
{"level":"debug","message":"[RISK-LOOP] checking 2 open position(s)","timestamp":"2026-09-10T06:25:29.631Z"}
{"level":"debug","message":"[RISK-LOOP] checking 2 open position(s)","timestamp":"2026-09-10T06:27:29.629Z"}
{"level":"debug","message":"[RISK-LOOP] checking 2 open position(s)","timestamp":"2026-09-10T06:29:29.631Z"}
{"level":"debug","message":"[RISK-LOOP] checking 2 open position(s)","timestamp":"2026-09-10T06:31:29.636Z"}
{"level":"debug","message":"[RISK-LOOP] checking 2 open position(s)","timestamp":"2026-09-10T06:33:29.798Z"}
{"level":"debug","message":"[RISK-LOOP] checking 2 open position(s)","timestamp":"2026-09-10T06:35:29.637Z"}
{"level":"debug","message":"[RISK-LOOP] checking 2 open position(s)","timestamp":"2026-09-10T06:37:29.640Z"}
{"level":"info","message":"[MTF-CACHE] 15m refresh complete: 37/37 symbols","timestamp":"2026-09-10T06:38:49.177Z"}
{"level":"debug","message":"[RISK-LOOP] checking 2 open position(s)","timestamp":"2026-09-10T06:39:29.647Z"}
{"level":"debug","message":"[RISK-LOOP] checking 2 open position(s)","timestamp":"2026-09-10T06:41:29.644Z"}
{"level":"debug","message":"[RISK-LOOP] checking 2 open position(s)","timestamp":"2026-09-10T06:43:29.797Z"}
{"level":"debug","message":"[RISK-LOOP] checking 2 open position(s)","timestamp":"2026-09-10T06:45:29.652Z"}
{"level":"debug","message":"[RISK-LOOP] checking 2 open position(s)","timestamp":"2026-09-10T06:47:29.657Z"}
{"level":"debug","message":"[RISK-LOOP] checking 2 open position(s)","timestamp":"2026-09-10T06:49:29.658Z"}
{"level":"debug","message":"[RISK-LOOP] checking 2 open position(s)","timestamp":"2026-09-10T06:51:29.667Z"}
{"level":"debug","message":"[RISK-LOOP] checking 2 open position(s)","timestamp":"2026-09-10T06:53:29.806Z"}
{"level":"info","message":"[MTF-CACHE] 15m refresh complete: 37/37 symbols","timestamp":"2026-09-10T06:53:49.180Z"}
{"level":"debug","message":"[RISK-LOOP] checking 2 open position(s)","timestamp":"2026-09-10T06:55:29.663Z"}
{"level":"debug","message":"[RISK-LOOP] checking 2 open position(s)","timestamp":"2026-09-10T06:57:29.668Z"}
{"level":"debug","message":"[RISK-LOOP] checking 2 open position(s)","timestamp":"2026-09-10T06:59:29.671Z"}
{"level":"debug","message":"[RISK-LOOP] checking 2 open position(s)","timestamp":"2026-09-10T07:01:29.673Z"}
{"level":"debug","message":"[RISK-LOOP] checking 2 open position(s)","timestamp":"2026-09-10T07:03:29.801Z"}
{"level":"debug","message":"[RISK-LOOP] checking 2 open position(s)","timestamp":"2026-09-10T07:05:29.674Z"}
{"level":"debug","message":"[RISK-LOOP] checking 2 open position(s)","timestamp":"2026-09-10T07:07:29.680Z"}
{"level":"info","message":"[MTF-CACHE] 15m refresh complete: 37/37 symbols","timestamp":"2026-09-10T07:08:49.691Z"}
{"level":"debug","message":"[RISK-LOOP] checking 2 open position(s)","timestamp":"2026-09-10T07:09:29.682Z"}
{"level":"debug","message":"[RISK-LOOP] checking 2 open position(s)","timestamp":"2026-09-10T07:11:29.683Z"}
{"level":"debug","message":"[RISK-LOOP] checking 2 open position(s)","timestamp":"2026-09-10T07:13:29.807Z"}
{"level":"debug","message":"[RISK-LOOP] checking 2 open position(s)","timestamp":"2026-09-10T07:15:29.689Z"}
{"level":"debug","message":"[RISK-LOOP] checking 2 open position(s)","timestamp":"2026-09-10T07:17:29.688Z"}
{"level":"debug","message":"[RISK-LOOP] checking 2 open position(s)","timestamp":"2026-09-10T07:19:29.690Z"}
{"level":"debug","message":"[RISK-LOOP] checking 2 open position(s)","timestamp":"2026-09-10T07:21:29.692Z"}
{"level":"debug","message":"[RISK-LOOP] checking 2 open position(s)","timestamp":"2026-09-10T07:23:29.811Z"}
{"level":"info","message":"[MTF-CACHE] 15m refresh complete: 37/37 symbols","timestamp":"2026-09-10T07:23:49.039Z"}
{"level":"info","message":"[MTF-CACHE] 4h refresh complete: 37/37 symbols","timestamp":"2026-09-10T07:23:51.126Z"}
{"level":"debug","message":"[RISK-LOOP] checking 2 open position(s)","timestamp":"2026-09-10T07:25:29.695Z"}
{"level":"debug","message":"[RISK-LOOP] checking 2 open position(s)","timestamp":"2026-09-10T07:27:29.696Z"}
{"level":"debug","message":"[RISK-LOOP] checking 2 open position(s)","timestamp":"2026-09-10T07:29:29.699Z"}
{"level":"debug","message":"[RISK-LOOP] checking 2 open position(s)","timestamp":"2026-09-10T07:31:29.701Z"}
{"level":"debug","message":"[RISK-LOOP] checking 2 open position(s)","timestamp":"2026-09-10T07:33:29.810Z"}
{"level":"debug","message":"[RISK-LOOP] checking 2 open position(s)","timestamp":"2026-09-10T07:35:29.703Z"}
{"level":"debug","message":"[RISK-LOOP] checking 2 open position(s)","timestamp":"2026-09-10T07:37:29.703Z"}
{"level":"info","message":"[MTF-CACHE] 15m refresh complete: 37/37 symbols","timestamp":"2026-09-10T07:38:49.176Z"}
{"level":"debug","message":"[RISK-LOOP] checking 2 open position(s)","timestamp":"2026-09-10T07:39:29.707Z"}
{"level":"debug","message":"[RISK-LOOP] checking 2 open position(s)","timestamp":"2026-09-10T07:41:29.702Z"}
{"level":"debug","message":"[RISK-LOOP] checking 2 open position(s)","timestamp":"2026-09-10T07:43:29.809Z"}
{"level":"debug","message":"[RISK-LOOP] checking 2 open position(s)","timestamp":"2026-09-10T07:45:29.709Z"}
{"level":"debug","message":"[RISK-LOOP] checking 2 open position(s)","timestamp":"2026-09-10T07:47:29.708Z"}
{"level":"debug","message":"[RISK-LOOP] checking 2 open position(s)","timestamp":"2026-09-10T07:49:29.709Z"}
{"level":"debug","message":"[RISK-LOOP] checking 2 open position(s)","timestamp":"2026-09-10T07:51:29.715Z"}
{"level":"debug","message":"[RISK-LOOP] checking 2 open position(s)","timestamp":"2026-09-10T07:53:29.813Z"}
{"level":"info","message":"[MTF-CACHE] 15m refresh complete: 37/37 symbols","timestamp":"2026-09-10T07:53:49.505Z"}
{"level":"debug","message":"[RISK-LOOP] checking 2 open position(s)","timestamp":"2026-09-10T07:55:29.712Z"}
{"level":"debug","message":"[RISK-LOOP] checking 2 open position(s)","timestamp":"2026-09-10T07:57:29.715Z"}
{"level":"debug","message":"[RISK-LOOP] checking 2 open position(s)","timestamp":"2026-09-10T07:59:29.713Z"}
{"level":"debug","message":"[RISK-LOOP] checking 2 open position(s)","timestamp":"2026-09-10T08:01:29.716Z"}
{"level":"debug","message":"[RISK-LOOP] checking 2 open position(s)","timestamp":"2026-09-10T08:03:29.818Z"}
{"level":"debug","message":"[RISK-LOOP] checking 2 open position(s)","timestamp":"2026-09-10T08:05:29.718Z"}
{"level":"debug","message":"[RISK-LOOP] checking 2 open position(s)","timestamp":"2026-09-10T08:07:29.721Z"}
{"level":"info","message":"[MTF-CACHE] 15m refresh complete: 37/37 symbols","timestamp":"2026-09-10T08:08:50.100Z"}
{"level":"debug","message":"[RISK-LOOP] checking 2 open position(s)","timestamp":"2026-09-10T08:09:29.718Z"}
{"level":"debug","message":"[RISK-LOOP] checking 2 open position(s)","timestamp":"2026-09-10T08:11:29.719Z"}
{"level":"debug","message":"[RISK-LOOP] checking 2 open position(s)","timestamp":"2026-09-10T08:13:29.819Z"}
{"level":"debug","message":"[RISK-LOOP] checking 2 open position(s)","timestamp":"2026-09-10T08:15:29.721Z"}
{"level":"debug","message":"[RISK-LOOP] checking 2 open position(s)","timestamp":"2026-09-10T08:17:29.722Z"}
{"level":"debug","message":"[RISK-LOOP] checking 2 open position(s)","timestamp":"2026-09-10T08:19:29.725Z"}
{"level":"debug","message":"[RISK-LOOP] checking 2 open position(s)","timestamp":"2026-09-10T08:21:29.724Z"}
{"level":"debug","message":"[RISK-LOOP] checking 2 open position(s)","timestamp":"2026-09-10T08:23:29.863Z"}
{"level":"info","message":"[MTF-CACHE] 15m refresh complete: 37/37 symbols","timestamp":"2026-09-10T08:23:49.497Z"}
{"level":"debug","message":"[RISK-LOOP] checking 2 open position(s)","timestamp":"2026-09-10T08:25:29.721Z"}
{"level":"debug","message":"[RISK-LOOP] checking 2 open position(s)","timestamp":"2026-09-10T08:27:29.724Z"}
{"level":"debug","message":"[RISK-LOOP] checking 2 open position(s)","timestamp":"2026-09-10T08:29:29.725Z"}
{"level":"debug","message":"[RISK-LOOP] checking 2 open position(s)","timestamp":"2026-09-10T08:31:29.727Z"}
{"level":"debug","message":"[RISK-LOOP] checking 2 open position(s)","timestamp":"2026-09-10T08:33:29.907Z"}
{"level":"debug","message":"[RISK-LOOP] checking 2 open position(s)","timestamp":"2026-09-10T08:35:29.724Z"}
{"level":"debug","message":"[RISK-LOOP] checking 2 open position(s)","timestamp":"2026-09-10T08:37:29.725Z"}
{"level":"info","message":"[MTF-CACHE] 15m refresh complete: 37/37 symbols","timestamp":"2026-09-10T08:38:50.508Z"}
{"level":"debug","message":"[RISK-LOOP] checking 2 open position(s)","timestamp":"2026-09-10T08:39:29.725Z"}
{"level":"debug","message":"[RISK-LOOP] checking 2 open position(s)","timestamp":"2026-09-10T08:41:29.769Z"}
{"level":"debug","message":"[RISK-LOOP] checking 2 open position(s)","timestamp":"2026-09-10T08:43:29.818Z"}
{"level":"debug","message":"[RISK-LOOP] checking 2 open position(s)","timestamp":"2026-09-10T08:45:29.911Z"}
{"level":"debug","message":"[RISK-LOOP] checking 2 open position(s)","timestamp":"2026-09-10T08:47:29.905Z"}
{"level":"debug","message":"[RISK-LOOP] checking 2 open position(s)","timestamp":"2026-09-10T08:49:29.907Z"}
{"level":"debug","message":"[RISK-LOOP] checking 2 open position(s)","timestamp":"2026-09-10T08:51:29.914Z"}
{"level":"debug","message":"[RISK-LOOP] checking 2 open position(s)","timestamp":"2026-09-10T08:53:30.033Z"}
{"level":"info","message":"[MTF-CACHE] 15m refresh complete: 37/37 symbols","timestamp":"2026-09-10T08:53:49.220Z"}
{"level":"debug","message":"[RISK-LOOP] checking 2 open position(s)","timestamp":"2026-09-10T08:55:29.804Z"}
{"level":"debug","message":"[RISK-LOOP] checking 2 open position(s)","timestamp":"2026-09-10T08:57:29.731Z"}
{"level":"debug","message":"[RISK-LOOP] checking 2 open position(s)","timestamp":"2026-09-10T08:59:29.734Z"}
{"level":"debug","message":"[RISK-LOOP] checking 2 open position(s)","timestamp":"2026-09-10T09:01:29.737Z"}
{"level":"debug","message":"[RISK-LOOP] checking 2 open position(s)","timestamp":"2026-09-10T09:03:29.823Z"}
{"level":"debug","message":"[RISK-LOOP] checking 2 open position(s)","timestamp":"2026-09-10T09:05:29.737Z"}
{"level":"debug","message":"[RISK-LOOP] checking 2 open position(s)","timestamp":"2026-09-10T09:07:29.744Z"}
{"level":"info","message":"[MTF-CACHE] 15m refresh complete: 37/37 symbols","timestamp":"2026-09-10T09:08:49.580Z"}
{"level":"debug","message":"[RISK-LOOP] checking 2 open position(s)","timestamp":"2026-09-10T09:09:29.740Z"}
{"level":"debug","message":"[RISK-LOOP] checking 2 open position(s)","timestamp":"2026-09-10T09:11:29.743Z"}
{"level":"debug","message":"[RISK-LOOP] checking 2 open position(s)","timestamp":"2026-09-10T09:13:29.833Z"}
{"level":"debug","message":"[RISK-LOOP] checking 2 open position(s)","timestamp":"2026-09-10T09:15:29.748Z"}
{"level":"debug","message":"[RISK-LOOP] checking 2 open position(s)","timestamp":"2026-09-10T09:17:29.747Z"}
{"level":"debug","message":"[RISK-LOOP] checking 2 open position(s)","timestamp":"2026-09-10T09:19:29.747Z"}
{"level":"debug","message":"[RISK-LOOP] checking 2 open position(s)","timestamp":"2026-09-10T09:21:29.747Z"}
{"level":"debug","message":"[RISK-LOOP] checking 2 open position(s)","timestamp":"2026-09-10T09:23:29.833Z"}
{"level":"info","message":"[MTF-CACHE] 15m refresh complete: 37/37 symbols","timestamp":"2026-09-10T09:23:49.231Z"}
{"level":"debug","message":"[RISK-LOOP] checking 2 open position(s)","timestamp":"2026-09-10T09:25:29.752Z"}
{"level":"debug","message":"[RISK-LOOP] checking 2 open position(s)","timestamp":"2026-09-10T09:27:29.757Z"}
{"level":"debug","message":"[RISK-LOOP] checking 2 open position(s)","timestamp":"2026-09-10T09:29:29.758Z"}
{"level":"debug","message":"[RISK-LOOP] checking 2 open position(s)","timestamp":"2026-09-10T09:31:29.762Z"}
{"level":"debug","message":"[RISK-LOOP] checking 2 open position(s)","timestamp":"2026-09-10T09:33:29.837Z"}
{"level":"debug","message":"[RISK-LOOP] checking 2 open position(s)","timestamp":"2026-09-10T09:35:29.765Z"}
{"level":"debug","message":"[RISK-LOOP] checking 2 open position(s)","timestamp":"2026-09-10T09:37:29.766Z"}
{"level":"info","message":"[MTF-CACHE] 15m refresh complete: 37/37 symbols","timestamp":"2026-09-10T09:38:49.293Z"}
{"level":"debug","message":"[RISK-LOOP] checking 2 open position(s)","timestamp":"2026-09-10T09:39:29.768Z"}
{"level":"debug","message":"[RISK-LOOP] checking 2 open position(s)","timestamp":"2026-09-10T09:41:29.782Z"}
{"level":"debug","message":"[RISK-LOOP] checking 2 open position(s)","timestamp":"2026-09-10T09:43:29.848Z"}
{"level":"debug","message":"[RISK-LOOP] checking 2 open position(s)","timestamp":"2026-09-10T09:45:29.775Z"}
{"level":"debug","message":"[RISK-LOOP] checking 2 open position(s)","timestamp":"2026-09-10T09:47:29.782Z"}
{"level":"debug","message":"[RISK-LOOP] checking 2 open position(s)","timestamp":"2026-09-10T09:49:29.781Z"}
{"level":"debug","message":"[RISK-LOOP] checking 2 open position(s)","timestamp":"2026-09-10T09:51:29.785Z"}
{"level":"debug","message":"[RISK-LOOP] checking 2 open position(s)","timestamp":"2026-09-10T09:53:29.848Z"}
{"level":"info","message":"[MTF-CACHE] 15m refresh complete: 37/37 symbols","timestamp":"2026-09-10T09:53:49.340Z"}
{"level":"debug","message":"[RISK-LOOP] checking 2 open position(s)","timestamp":"2026-09-10T09:55:29.787Z"}
{"level":"debug","message":"[RISK-LOOP] checking 2 open position(s)","timestamp":"2026-09-10T09:57:29.790Z"}
{"level":"debug","message":"[RISK-LOOP] checking 2 open position(s)","timestamp":"2026-09-10T09:59:29.791Z"}
{"level":"debug","message":"[RISK-LOOP] checking 2 open position(s)","timestamp":"2026-09-10T10:01:29.792Z"}
{"level":"debug","message":"[RISK-LOOP] checking 2 open position(s)","timestamp":"2026-09-10T10:03:29.853Z"}
{"level":"debug","message":"[RISK-LOOP] checking 2 open position(s)","timestamp":"2026-09-10T10:05:29.797Z"}
{"level":"debug","message":"[RISK-LOOP] checking 2 open position(s)","timestamp":"2026-09-10T10:07:29.797Z"}
{"level":"info","message":"[MTF-CACHE] 15m refresh complete: 37/37 symbols","timestamp":"2026-09-10T10:08:49.249Z"}
{"level":"debug","message":"[RISK-LOOP] checking 2 open position(s)","timestamp":"2026-09-10T10:09:29.800Z"}
{"level":"debug","message":"[RISK-LOOP] checking 2 open position(s)","timestamp":"2026-09-10T10:11:29.802Z"}
{"level":"debug","message":"[RISK-LOOP] checking 2 open position(s)","timestamp":"2026-09-10T10:13:29.869Z"}
{"level":"debug","message":"[RISK-LOOP] checking 2 open position(s)","timestamp":"2026-09-10T10:15:29.805Z"}
{"level":"debug","message":"[RISK-LOOP] checking 2 open position(s)","timestamp":"2026-09-10T10:17:29.803Z"}
{"level":"debug","message":"[RISK-LOOP] checking 2 open position(s)","timestamp":"2026-09-10T10:19:29.818Z"}
{"level":"debug","message":"[RISK-LOOP] checking 2 open position(s)","timestamp":"2026-09-10T10:21:29.840Z"}
{"level":"debug","message":"[RISK-LOOP] checking 2 open position(s)","timestamp":"2026-09-10T10:23:29.912Z"}
{"level":"info","message":"[MTF-CACHE] 15m refresh complete: 37/37 symbols","timestamp":"2026-09-10T10:23:51.349Z"}
{"level":"debug","message":"[RISK-LOOP] checking 2 open position(s)","timestamp":"2026-09-10T10:25:29.840Z"}
{"level":"debug","message":"[RISK-LOOP] checking 2 open position(s)","timestamp":"2026-09-10T10:27:29.825Z"}
{"level":"debug","message":"[RISK-LOOP] checking 2 open position(s)","timestamp":"2026-09-10T10:29:29.814Z"}
{"level":"debug","message":"[RISK-LOOP] checking 2 open position(s)","timestamp":"2026-09-10T10:31:29.812Z"}
{"level":"debug","message":"[RISK-LOOP] checking 2 open position(s)","timestamp":"2026-09-10T10:33:29.855Z"}
{"level":"debug","message":"[RISK-LOOP] checking 2 open position(s)","timestamp":"2026-09-10T10:35:29.818Z"}
{"level":"debug","message":"[RISK-LOOP] checking 2 open position(s)","timestamp":"2026-09-10T10:37:29.815Z"}
{"level":"info","message":"[MTF-CACHE] 15m refresh complete: 37/37 symbols","timestamp":"2026-09-10T10:38:49.180Z"}
{"level":"debug","message":"[RISK-LOOP] checking 2 open position(s)","timestamp":"2026-09-10T10:39:29.818Z"}
{"level":"debug","message":"[RISK-LOOP] checking 2 open position(s)","timestamp":"2026-09-10T10:41:29.820Z"}
{"level":"debug","message":"[RISK-LOOP] checking 2 open position(s)","timestamp":"2026-09-10T10:43:29.857Z"}
{"level":"debug","message":"[RISK-LOOP] checking 2 open position(s)","timestamp":"2026-09-10T10:45:29.823Z"}
{"level":"debug","message":"[RISK-LOOP] checking 2 open position(s)","timestamp":"2026-09-10T10:47:29.823Z"}
{"level":"debug","message":"[RISK-LOOP] checking 2 open position(s)","timestamp":"2026-09-10T10:49:29.823Z"}
{"level":"debug","message":"[RISK-LOOP] checking 2 open position(s)","timestamp":"2026-09-10T10:51:29.826Z"}
{"level":"debug","message":"[RISK-LOOP] checking 2 open position(s)","timestamp":"2026-09-10T10:53:29.869Z"}
{"level":"info","message":"[MTF-CACHE] 15m refresh complete: 37/37 symbols","timestamp":"2026-09-10T10:53:49.210Z"}
{"level":"debug","message":"[RISK-LOOP] checking 2 open position(s)","timestamp":"2026-09-10T10:55:29.828Z"}
{"level":"debug","message":"[RISK-LOOP] checking 2 open position(s)","timestamp":"2026-09-10T10:57:29.826Z"}
{"level":"debug","message":"[RISK-LOOP] checking 2 open position(s)","timestamp":"2026-09-10T10:59:29.832Z"}
{"level":"debug","message":"[RISK-LOOP] checking 2 open position(s)","timestamp":"2026-09-10T11:01:29.829Z"}
{"level":"debug","message":"[RISK-LOOP] checking 2 open position(s)","timestamp":"2026-09-10T11:03:29.859Z"}
{"level":"debug","message":"[RISK-LOOP] checking 2 open position(s)","timestamp":"2026-09-10T11:05:29.830Z"}
{"level":"debug","message":"[RISK-LOOP] checking 2 open position(s)","timestamp":"2026-09-10T11:07:29.836Z"}
{"level":"info","message":"[MTF-CACHE] 15m refresh complete: 37/37 symbols","timestamp":"2026-09-10T11:08:49.216Z"}
{"level":"debug","message":"[RISK-LOOP] checking 2 open position(s)","timestamp":"2026-09-10T11:09:29.834Z"}
{"level":"debug","message":"[RISK-LOOP] checking 2 open position(s)","timestamp":"2026-09-10T11:11:29.836Z"}
{"level":"debug","message":"[RISK-LOOP] checking 2 open position(s)","timestamp":"2026-09-10T11:13:29.863Z"}
{"level":"debug","message":"[RISK-LOOP] checking 2 open position(s)","timestamp":"2026-09-10T11:15:29.846Z"}
{"level":"debug","message":"[RISK-LOOP] checking 2 open position(s)","timestamp":"2026-09-10T11:17:29.834Z"}
{"level":"debug","message":"[RISK-LOOP] checking 2 open position(s)","timestamp":"2026-09-10T11:19:29.835Z"}
{"level":"debug","message":"[RISK-LOOP] checking 2 open position(s)","timestamp":"2026-09-10T11:21:29.873Z"}
{"level":"debug","message":"[RISK-LOOP] checking 2 open position(s)","timestamp":"2026-09-10T11:23:30.062Z"}
{"level":"info","message":"[MTF-CACHE] 15m refresh complete: 37/37 symbols","timestamp":"2026-09-10T11:23:50.435Z"}
{"level":"info","message":"[MTF-CACHE] 4h refresh complete: 37/37 symbols","timestamp":"2026-09-10T11:23:52.185Z"}
{"level":"debug","message":"[RISK-LOOP] checking 2 open position(s)","timestamp":"2026-09-10T11:25:29.866Z"}
{"level":"debug","message":"[RISK-LOOP] checking 2 open position(s)","timestamp":"2026-09-10T11:27:29.839Z"}
{"level":"debug","message":"[RISK-LOOP] checking 2 open position(s)","timestamp":"2026-09-10T11:29:29.840Z"}
{"level":"debug","message":"[RISK-LOOP] checking 2 open position(s)","timestamp":"2026-09-10T11:31:29.837Z"}
{"level":"debug","message":"[RISK-LOOP] checking 2 open position(s)","timestamp":"2026-09-10T11:33:30.015Z"}
{"level":"debug","message":"[RISK-LOOP] checking 2 open position(s)","timestamp":"2026-09-10T11:35:29.842Z"}
{"level":"debug","message":"[RISK-LOOP] checking 2 open position(s)","timestamp":"2026-09-10T11:37:29.991Z"}
{"level":"info","message":"[MTF-CACHE] 15m refresh complete: 37/37 symbols","timestamp":"2026-09-10T11:38:49.633Z"}
{"level":"debug","message":"[RISK-LOOP] checking 2 open position(s)","timestamp":"2026-09-10T11:39:29.952Z"}
{"level":"debug","message":"[RISK-LOOP] checking 2 open position(s)","timestamp":"2026-09-10T11:41:30.025Z"}
{"level":"debug","message":"[RISK-LOOP] checking 2 open position(s)","timestamp":"2026-09-10T11:43:29.991Z"}
{"level":"debug","message":"[RISK-LOOP] checking 2 open position(s)","timestamp":"2026-09-10T11:45:30.022Z"}
{"level":"debug","message":"[RISK-LOOP] checking 2 open position(s)","timestamp":"2026-09-10T11:47:30.024Z"}
{"level":"debug","message":"[RISK-LOOP] checking 2 open position(s)","timestamp":"2026-09-10T11:49:30.022Z"}
{"level":"debug","message":"[RISK-LOOP] checking 2 open position(s)","timestamp":"2026-09-10T11:51:29.846Z"}
{"level":"debug","message":"[RISK-LOOP] checking 2 open position(s)","timestamp":"2026-09-10T11:53:29.877Z"}
{"level":"info","message":"[MTF-CACHE] 15m refresh complete: 37/37 symbols","timestamp":"2026-09-10T11:53:50.735Z"}
{"level":"debug","message":"[RISK-LOOP] checking 2 open position(s)","timestamp":"2026-09-10T11:55:29.847Z"}
{"level":"debug","message":"[RISK-LOOP] checking 2 open position(s)","timestamp":"2026-09-10T11:57:29.850Z"}
{"level":"debug","message":"[RISK-LOOP] checking 2 open position(s)","timestamp":"2026-09-10T11:59:30.032Z"}
{"level":"debug","message":"[CYCLE] Correlated pairs (r>0.85): XRP/ADA=0.85, SUI/ADA=0.87, THETA/ADA=0.86, ADA/DOGE=0.92, ADA/PEPE=0.90, DOGE/PEPE=0.90","timestamp":"2026-09-10T12:00:03.016Z"}
{"level":"debug","message":"[CYCLE] ATR sizing: medianATRPct=4.33% (37 symbols)","timestamp":"2026-09-10T12:00:03.022Z"}
{"level":"debug","message":"[CYCLE] BTC macro: bull=true EMA200","timestamp":"2026-09-10T12:00:03.024Z"}
{"level":"warn","message":"[REGIME] BTC regime change: BULL_RANGE → BULL_TREND  (ADX 35.22 BTC 78288 vs EMA200 70496)","timestamp":"2026-09-10T12:00:03.026Z"}
{"level":"debug","message":"[DRIFT] only 5 live trades (< 10) — not enough to judge (n=5, WR 40%)","timestamp":"2026-09-10T12:00:03.302Z"}
{"level":"debug","message":"[CYCLE] XRP/USDC: starting cycle, candles=1534 lastClose=1.37640000 lastTs=2026-09-10T12:00:00.000Z","timestamp":"2026-09-10T12:00:04.406Z"}
{"level":"debug","message":"[AGG] XRP/USDC: strategy[0]=BollingerBands → HOLD conf=0.20 \"Price 1.3764 inside BB [1.3336–1.4593]\"","timestamp":"2026-09-10T12:00:04.434Z"}
{"level":"debug","message":"[AGG] XRP/USDC: strategy[1]=Stochastic → HOLD conf=0.20 \"Stoch K=6.8 D=37.0 — no crossover in extreme zone\"","timestamp":"2026-09-10T12:00:04.435Z"}
{"level":"debug","message":"[AGG] XRP/USDC: strategy[2]=EMA → HOLD conf=0.20 \"No EMA crossover (fast 1.4012 vs slow 1.3885)\"","timestamp":"2026-09-10T12:00:04.435Z"}
{"level":"debug","message":"[AGG] XRP/USDC: votes BUY=0.00 SELL=0.00 HOLD=0.60 total_voters=3 external=0","timestamp":"2026-09-10T12:00:04.435Z"}
{"level":"debug","message":"[AGG] XRP/USDC: decision=HOLD confidence=0.20 tie=false belowMin=true (minConf=0.35750000000000004)","timestamp":"2026-09-10T12:00:04.435Z"}
{"level":"debug","message":"[CYCLE] LINK/USDC: starting cycle, candles=1534 lastClose=11.81600000 lastTs=2026-09-10T12:00:00.000Z","timestamp":"2026-09-10T12:00:04.453Z"}
{"level":"debug","message":"[AGG] LINK/USDC: strategy[0]=BollingerBands → HOLD conf=0.20 \"Price 11.8160 inside BB [10.6833–13.2063]\"","timestamp":"2026-09-10T12:00:04.474Z"}
{"level":"debug","message":"[AGG] LINK/USDC: strategy[1]=Stochastic → HOLD conf=0.20 \"Stoch K=23.1 D=31.7 — no crossover in extreme zone\"","timestamp":"2026-09-10T12:00:04.474Z"}
{"level":"debug","message":"[AGG] LINK/USDC: strategy[2]=Supertrend → HOLD conf=0.10 \"Supertrend uptrend continues (ST 11.7035)\"","timestamp":"2026-09-10T12:00:04.474Z"}
{"level":"debug","message":"[AGG] LINK/USDC: votes BUY=0.00 SELL=0.00 HOLD=0.50 total_voters=3 external=0","timestamp":"2026-09-10T12:00:04.474Z"}
{"level":"debug","message":"[AGG] LINK/USDC: decision=HOLD confidence=0.17 tie=false belowMin=true (minConf=0.45499999999999996)","timestamp":"2026-09-10T12:00:04.474Z"}
{"level":"debug","message":"[CYCLE] LTC/USDC: starting cycle, candles=1534 lastClose=52.18000000 lastTs=2026-09-10T12:00:00.000Z","timestamp":"2026-09-10T12:00:04.520Z"}
{"level":"debug","message":"[AGG] LTC/USDC: strategy[0]=BollingerBands → HOLD conf=0.20 \"Price 52.2100 inside BB [47.5961–57.2039]\"","timestamp":"2026-09-10T12:00:04.541Z"}
{"level":"debug","message":"[AGG] LTC/USDC: strategy[1]=EMA → HOLD conf=0.20 \"No EMA crossover (fast 53.4309 vs slow 52.2392)\"","timestamp":"2026-09-10T12:00:04.541Z"}
{"level":"debug","message":"[AGG] LTC/USDC: strategy[2]=WilliamsR → HOLD conf=0.20 \"%R -75.0 neutral\"","timestamp":"2026-09-10T12:00:04.541Z"}
{"level":"debug","message":"[AGG] LTC/USDC: votes BUY=0.00 SELL=0.00 HOLD=0.60 total_voters=3 external=0","timestamp":"2026-09-10T12:00:04.541Z"}
{"level":"debug","message":"[AGG] LTC/USDC: decision=HOLD confidence=0.20 tie=false belowMin=true (minConf=0.35750000000000004)","timestamp":"2026-09-10T12:00:04.541Z"}
{"level":"debug","message":"[CYCLE] NEAR/USDC: starting cycle, candles=1534 lastClose=2.40800000 lastTs=2026-09-10T12:00:00.000Z","timestamp":"2026-09-10T12:00:04.557Z"}
{"level":"debug","message":"[AGG] NEAR/USDC: strategy[0]=RSI → HOLD conf=0.20 \"RSI 61.6 neutral\"","timestamp":"2026-09-10T12:00:04.579Z"}
{"level":"debug","message":"[AGG] NEAR/USDC: strategy[1]=BollingerBands → HOLD conf=0.20 \"Price 2.4080 inside BB [1.7233–2.6400]\"","timestamp":"2026-09-10T12:00:04.579Z"}
{"level":"debug","message":"[AGG] NEAR/USDC: strategy[2]=Stochastic → HOLD conf=0.20 \"Stoch K=67.7 D=81.6 — no crossover in extreme zone\"","timestamp":"2026-09-10T12:00:04.579Z"}
{"level":"debug","message":"[AGG] NEAR/USDC: strategy[3]=SupportResistance → HOLD conf=0.10 \"No significant S/R zone nearby\"","timestamp":"2026-09-10T12:00:04.579Z"}
{"level":"debug","message":"[AGG] NEAR/USDC: votes BUY=0.00 SELL=0.00 HOLD=0.70 total_voters=4 external=0","timestamp":"2026-09-10T12:00:04.579Z"}
{"level":"debug","message":"[AGG] NEAR/USDC: decision=HOLD confidence=0.17 tie=false belowMin=true (minConf=0.45499999999999996)","timestamp":"2026-09-10T12:00:04.579Z"}
{"level":"debug","message":"[CYCLE] CRV/USDC: starting cycle, candles=1534 lastClose=0.33920000 lastTs=2026-09-10T12:00:00.000Z","timestamp":"2026-09-10T12:00:04.592Z"}
{"level":"debug","message":"[AGG] CRV/USDC: strategy[0]=ADX → BUY conf=0.56 \"ADX 33.1 uptrend (+DI 21.9 > -DI 18.7)\"","timestamp":"2026-09-10T12:00:04.606Z"}
{"level":"debug","message":"[AGG] CRV/USDC: strategy[1]=StochRSI → HOLD conf=0.20 \"StochRSI K=0.0 D=0.0 — no extreme crossover\"","timestamp":"2026-09-10T12:00:04.606Z"}
{"level":"debug","message":"[AGG] CRV/USDC: strategy[2]=SupportResistance → HOLD conf=0.10 \"No significant S/R zone nearby\"","timestamp":"2026-09-10T12:00:04.606Z"}
{"level":"debug","message":"[AGG] CRV/USDC: votes BUY=0.56 SELL=0.00 HOLD=0.30 total_voters=3 external=0","timestamp":"2026-09-10T12:00:04.606Z"}
{"level":"debug","message":"[AGG] CRV/USDC: decision=HOLD confidence=0.19 tie=false belowMin=true (minConf=0.35750000000000004)","timestamp":"2026-09-10T12:00:04.606Z"}
{"level":"debug","message":"[CYCLE] BCH/USDC: starting cycle, candles=1534 lastClose=245.10000000 lastTs=2026-09-10T12:00:00.000Z","timestamp":"2026-09-10T12:00:04.608Z"}
{"level":"debug","message":"[AGG] BCH/USDC: strategy[0]=BollingerBands → HOLD conf=0.20 \"Price 245.3000 inside BB [241.7822–264.2978]\"","timestamp":"2026-09-10T12:00:04.619Z"}
{"level":"debug","message":"[AGG] BCH/USDC: strategy[1]=OBV → HOLD conf=0.20 \"OBV above EMA-20 — no cross\"","timestamp":"2026-09-10T12:00:04.619Z"}
{"level":"debug","message":"[AGG] BCH/USDC: strategy[2]=WilliamsR → HOLD conf=0.57 \"%R -93.8 oversold — still falling, wait\"","timestamp":"2026-09-10T12:00:04.619Z"}
{"level":"debug","message":"[AGG] BCH/USDC: votes BUY=0.00 SELL=0.00 HOLD=0.97 total_voters=3 external=0","timestamp":"2026-09-10T12:00:04.619Z"}
{"level":"debug","message":"[AGG] BCH/USDC: decision=HOLD confidence=0.32 tie=false belowMin=true (minConf=0.35750000000000004)","timestamp":"2026-09-10T12:00:04.619Z"}
{"level":"debug","message":"[CYCLE] ACH/USDC: starting cycle, candles=1014 lastClose=0.00508000 lastTs=2026-09-10T12:00:00.000Z","timestamp":"2026-09-10T12:00:04.622Z"}
{"level":"debug","message":"[AGG] ACH/USDC: strategy[0]=RSI → HOLD conf=0.20 \"RSI 48.2 neutral\"","timestamp":"2026-09-10T12:00:04.634Z"}
{"level":"debug","message":"[AGG] ACH/USDC: strategy[1]=BollingerBands → HOLD conf=0.20 \"Price 0.0051 inside BB [0.0048–0.0055]\"","timestamp":"2026-09-10T12:00:04.634Z"}
{"level":"debug","message":"[AGG] ACH/USDC: strategy[2]=CCI → HOLD conf=0.20 \"CCI -46.3 neutral\"","timestamp":"2026-09-10T12:00:04.634Z"}
{"level":"debug","message":"[AGG] ACH/USDC: votes BUY=0.00 SELL=0.00 HOLD=0.60 total_voters=3 external=0","timestamp":"2026-09-10T12:00:04.634Z"}
{"level":"debug","message":"[AGG] ACH/USDC: decision=HOLD confidence=0.20 tie=false belowMin=true (minConf=0.45499999999999996)","timestamp":"2026-09-10T12:00:04.634Z"}
{"level":"warn","message":"GMX/USDC: candle series stale (newest bar 62.5d old) — skipping cycle","timestamp":"2026-09-10T12:00:04.637Z"}
{"level":"debug","message":"[CYCLE] JTO/USDC: starting cycle, candles=1534 lastClose=0.41300000 lastTs=2026-09-10T12:00:00.000Z","timestamp":"2026-09-10T12:00:04.663Z"}
{"level":"debug","message":"[AGG] JTO/USDC: strategy[0]=CCI → HOLD conf=0.52 \"CCI -104.0 oversold — still falling, wait\"","timestamp":"2026-09-10T12:00:04.667Z"}
{"level":"debug","message":"[AGG] JTO/USDC: strategy[1]=PSAR → HOLD conf=0.10 \"PSAR uptrend continues (SAR 0.4061)\"","timestamp":"2026-09-10T12:00:04.667Z"}
{"level":"debug","message":"[AGG] JTO/USDC: strategy[2]=SupportResistance → HOLD conf=0.10 \"No significant S/R zone nearby\"","timestamp":"2026-09-10T12:00:04.667Z"}
{"level":"debug","message":"[AGG] JTO/USDC: votes BUY=0.00 SELL=0.00 HOLD=0.72 total_voters=3 external=0","timestamp":"2026-09-10T12:00:04.667Z"}
{"level":"debug","message":"[AGG] JTO/USDC: decision=HOLD confidence=0.24 tie=false belowMin=true (minConf=0.35750000000000004)","timestamp":"2026-09-10T12:00:04.667Z"}
{"level":"debug","message":"[CYCLE] LDO/USDC: starting cycle, candles=1534 lastClose=0.37140000 lastTs=2026-09-10T12:00:00.000Z","timestamp":"2026-09-10T12:00:04.685Z"}
{"level":"debug","message":"[AGG] LDO/USDC: strategy[0]=MACD → HOLD conf=0.20 \"MACD 0.0058 vs signal 0.0096 hist:-0.0038\"","timestamp":"2026-09-10T12:00:04.696Z"}
{"level":"debug","message":"[AGG] LDO/USDC: strategy[1]=ADX → BUY conf=0.63 \"ADX 38.5 uptrend (+DI 21.6 > -DI 16.8)\"","timestamp":"2026-09-10T12:00:04.696Z"}
{"level":"debug","message":"[AGG] LDO/USDC: strategy[2]=WilliamsR → HOLD conf=0.55 \"%R -90.7 oversold — still falling, wait\"","timestamp":"2026-09-10T12:00:04.696Z"}
{"level":"debug","message":"[AGG] LDO/USDC: votes BUY=0.63 SELL=0.00 HOLD=0.75 total_voters=3 external=0","timestamp":"2026-09-10T12:00:04.696Z"}
{"level":"debug","message":"[AGG] LDO/USDC: decision=HOLD confidence=0.25 tie=false belowMin=true (minConf=0.35750000000000004)","timestamp":"2026-09-10T12:00:04.696Z"}
{"level":"debug","message":"[CYCLE] MANTA/USDC: starting cycle, candles=1534 lastClose=0.05916000 lastTs=2026-09-10T12:00:00.000Z","timestamp":"2026-09-10T12:00:04.718Z"}
{"level":"debug","message":"[AGG] MANTA/USDC: strategy[0]=RSI → HOLD conf=0.20 \"RSI 46.2 neutral\"","timestamp":"2026-09-10T12:00:04.735Z"}
{"level":"debug","message":"[AGG] MANTA/USDC: strategy[1]=BollingerBands → HOLD conf=0.20 \"Price 0.0592 inside BB [0.0560–0.0637]\"","timestamp":"2026-09-10T12:00:04.735Z"}
{"level":"debug","message":"[AGG] MANTA/USDC: strategy[2]=CCI → HOLD conf=0.20 \"CCI -29.6 neutral\"","timestamp":"2026-09-10T12:00:04.735Z"}
{"level":"debug","message":"[AGG] MANTA/USDC: votes BUY=0.00 SELL=0.00 HOLD=0.60 total_voters=3 external=0","timestamp":"2026-09-10T12:00:04.735Z"}
{"level":"debug","message":"[AGG] MANTA/USDC: decision=HOLD confidence=0.20 tie=false belowMin=true (minConf=0.45499999999999996)","timestamp":"2026-09-10T12:00:04.735Z"}
{"level":"warn","message":"LSK/USDC: candle series stale (newest bar 90.5d old) — skipping cycle","timestamp":"2026-09-10T12:00:04.738Z"}
{"level":"debug","message":"[CYCLE] XRP/USDC: sizing positionPct=0.2367 (base=0.15 atr=0.04329200592153961 regime=on conf=0.20 macro=bull mtf=1.0)","timestamp":"2026-09-10T12:00:04.747Z"}
{"level":"info","message":"XRP/USDC: decision=HOLD confidence=20% price=1.37640000 external_signals=0","timestamp":"2026-09-10T12:00:04.747Z"}
{"level":"info","message":"XRP/USDC: Price 1.3764 inside BB [1.3336–1.4593] | Stoch K=6.8 D=37.0 — no crossover in extreme zone | No EMA crossover (fast 1.4012 vs slow 1.3885)","timestamp":"2026-09-10T12:00:04.747Z"}
{"level":"debug","message":"[CYCLE] PIXEL/USDC: starting cycle, candles=1534 lastClose=0.00480000 lastTs=2026-09-10T12:00:00.000Z","timestamp":"2026-09-10T12:00:04.767Z"}
{"level":"debug","message":"[AGG] PIXEL/USDC: strategy[0]=EMA → HOLD conf=0.20 \"No EMA crossover (fast 0.0050 vs slow 0.0050)\"","timestamp":"2026-09-10T12:00:04.770Z"}
{"level":"debug","message":"[AGG] PIXEL/USDC: strategy[1]=ADX → HOLD conf=0.10 \"ADX 18.4 < 20 — ranging, skip\"","timestamp":"2026-09-10T12:00:04.770Z"}
{"level":"debug","message":"[AGG] PIXEL/USDC: strategy[2]=SupportResistance → SELL conf=0.62 \"Resistance 0.0048 (2×)\"","timestamp":"2026-09-10T12:00:04.770Z"}
{"level":"debug","message":"[AGG] PIXEL/USDC: votes BUY=0.00 SELL=0.62 HOLD=0.30 total_voters=3 external=0","timestamp":"2026-09-10T12:00:04.770Z"}
{"level":"debug","message":"[AGG] PIXEL/USDC: decision=HOLD confidence=0.21 tie=false belowMin=true (minConf=0.35750000000000004)","timestamp":"2026-09-10T12:00:04.770Z"}
{"level":"warn","message":"VANRY/USDC: candle series stale (newest bar 24.5d old) — skipping cycle","timestamp":"2026-09-10T12:00:04.848Z"}
{"level":"debug","message":"[CYCLE] ADA/USDC: starting cycle, candles=1534 lastClose=0.21240000 lastTs=2026-09-10T12:00:00.000Z","timestamp":"2026-09-10T12:00:04.900Z"}
{"level":"debug","message":"[AGG] ADA/USDC: strategy[0]=RSI → HOLD conf=0.20 \"RSI 50.3 neutral\"","timestamp":"2026-09-10T12:00:04.908Z"}
{"level":"debug","message":"[AGG] ADA/USDC: strategy[1]=BollingerBands → HOLD conf=0.20 \"Price 0.2124 inside BB [0.1938–0.2311]\"","timestamp":"2026-09-10T12:00:04.908Z"}
{"level":"debug","message":"[AGG] ADA/USDC: strategy[2]=CCI → HOLD conf=0.20 \"CCI -0.1 neutral\"","timestamp":"2026-09-10T12:00:04.908Z"}
{"level":"debug","message":"[AGG] ADA/USDC: votes BUY=0.00 SELL=0.00 HOLD=0.60 total_voters=3 external=0","timestamp":"2026-09-10T12:00:04.908Z"}
{"level":"debug","message":"[AGG] ADA/USDC: decision=HOLD confidence=0.20 tie=false belowMin=true (minConf=0.35750000000000004)","timestamp":"2026-09-10T12:00:04.908Z"}
{"level":"debug","message":"[CYCLE] BTC/USDC: starting cycle, candles=1534 lastClose=77813.68000000 lastTs=2026-09-10T12:00:00.000Z","timestamp":"2026-09-10T12:00:04.910Z"}
{"level":"debug","message":"[AGG] BTC/USDC: strategy[0]=EMA → HOLD conf=0.20 \"No EMA crossover (fast 78824.9912 vs slow 78285.1234)\"","timestamp":"2026-09-10T12:00:04.912Z"}
{"level":"debug","message":"[AGG] BTC/USDC: strategy[1]=PSAR → HOLD conf=0.10 \"PSAR uptrend continues (SAR 77636.1945)\"","timestamp":"2026-09-10T12:00:04.913Z"}
{"level":"debug","message":"[AGG] BTC/USDC: strategy[2]=HeikinAshi → HOLD conf=0.15 \"HA bearish continuation\"","timestamp":"2026-09-10T12:00:04.913Z"}
{"level":"debug","message":"[AGG] BTC/USDC: votes BUY=0.00 SELL=0.00 HOLD=0.45 total_voters=3 external=0","timestamp":"2026-09-10T12:00:04.913Z"}
{"level":"debug","message":"[AGG] BTC/USDC: decision=HOLD confidence=0.15 tie=false belowMin=true (minConf=0.35750000000000004)","timestamp":"2026-09-10T12:00:04.913Z"}
{"level":"debug","message":"[CYCLE] LINK/USDC: sizing positionPct=0.1326 (base=0.15 atr=0.04329200592153961 regime=on conf=0.17 macro=bull mtf=1.0)","timestamp":"2026-09-10T12:00:04.920Z"}
{"level":"info","message":"LINK/USDC: decision=HOLD confidence=17% price=11.81600000 external_signals=0","timestamp":"2026-09-10T12:00:04.920Z"}
{"level":"info","message":"LINK/USDC: Price 11.8160 inside BB [10.6833–13.2063] | Stoch K=23.1 D=31.7 — no crossover in extreme zone | Supertrend uptrend continues (ST 11.7035)","timestamp":"2026-09-10T12:00:04.920Z"}
{"level":"debug","message":"[CYCLE] DOGE/USDC: starting cycle, candles=1534 lastClose=0.08508000 lastTs=2026-09-10T12:00:00.000Z","timestamp":"2026-09-10T12:00:04.945Z"}
{"level":"debug","message":"[AGG] DOGE/USDC: strategy[0]=EMA → HOLD conf=0.20 \"No EMA crossover (fast 0.0879 vs slow 0.0867)\"","timestamp":"2026-09-10T12:00:04.947Z"}
{"level":"debug","message":"[AGG] DOGE/USDC: strategy[1]=PSAR → HOLD conf=0.10 \"PSAR downtrend continues (SAR 0.0950)\"","timestamp":"2026-09-10T12:00:04.947Z"}
{"level":"debug","message":"[AGG] DOGE/USDC: strategy[2]=HeikinAshi → HOLD conf=0.15 \"HA bearish continuation\"","timestamp":"2026-09-10T12:00:04.947Z"}
{"level":"debug","message":"[AGG] DOGE/USDC: votes BUY=0.00 SELL=0.00 HOLD=0.45 total_voters=3 external=0","timestamp":"2026-09-10T12:00:04.947Z"}
{"level":"debug","message":"[AGG] DOGE/USDC: decision=HOLD confidence=0.15 tie=false belowMin=true (minConf=0.35750000000000004)","timestamp":"2026-09-10T12:00:04.947Z"}
{"level":"debug","message":"[CYCLE] ETH/USDC: starting cycle, candles=1534 lastClose=2461.24000000 lastTs=2026-09-10T12:00:00.000Z","timestamp":"2026-09-10T12:00:04.954Z"}
{"level":"debug","message":"[AGG] ETH/USDC: strategy[0]=Supertrend → HOLD conf=0.10 \"Supertrend uptrend continues (ST 2329.1559)\"","timestamp":"2026-09-10T12:00:04.963Z"}
{"level":"debug","message":"[AGG] ETH/USDC: strategy[1]=MFI → HOLD conf=0.20 \"MFI 39.2 neutral\"","timestamp":"2026-09-10T12:00:04.963Z"}
{"level":"debug","message":"[AGG] ETH/USDC: strategy[2]=SupportResistance → HOLD conf=0.10 \"No significant S/R zone nearby\"","timestamp":"2026-09-10T12:00:04.963Z"}
{"level":"debug","message":"[AGG] ETH/USDC: votes BUY=0.00 SELL=0.00 HOLD=0.40 total_voters=3 external=0","timestamp":"2026-09-10T12:00:04.963Z"}
{"level":"debug","message":"[AGG] ETH/USDC: decision=HOLD confidence=0.13 tie=false belowMin=true (minConf=0.35750000000000004)","timestamp":"2026-09-10T12:00:04.963Z"}
{"level":"debug","message":"[CYCLE] WLD/USDC: starting cycle, candles=1534 lastClose=0.40960000 lastTs=2026-09-10T12:00:00.000Z","timestamp":"2026-09-10T12:00:04.967Z"}
{"level":"debug","message":"[AGG] WLD/USDC: strategy[0]=BollingerBands → HOLD conf=0.20 \"Price 0.4096 inside BB [0.3353–0.4776]\"","timestamp":"2026-09-10T12:00:04.993Z"}
{"level":"debug","message":"[AGG] WLD/USDC: strategy[1]=CCI → HOLD conf=0.20 \"CCI 7.9 neutral\"","timestamp":"2026-09-10T12:00:04.993Z"}
{"level":"debug","message":"[AGG] WLD/USDC: strategy[2]=ADX → BUY conf=0.62 \"ADX 33.9 uptrend (+DI 28.2 > -DI 19.9)\"","timestamp":"2026-09-10T12:00:04.993Z"}
{"level":"debug","message":"[AGG] WLD/USDC: votes BUY=0.62 SELL=0.00 HOLD=0.40 total_voters=3 external=0","timestamp":"2026-09-10T12:00:04.993Z"}
{"level":"debug","message":"[AGG] WLD/USDC: decision=HOLD confidence=0.21 tie=false belowMin=true (minConf=0.35750000000000004)","timestamp":"2026-09-10T12:00:04.993Z"}
{"level":"debug","message":"[CYCLE] PEPE/USDC: starting cycle, candles=1534 lastClose=0.00000341 lastTs=2026-09-10T12:00:00.000Z","timestamp":"2026-09-10T12:00:04.996Z"}
{"level":"debug","message":"[AGG] PEPE/USDC: strategy[0]=EMA → HOLD conf=0.20 \"No EMA crossover (fast 0.0000 vs slow 0.0000)\"","timestamp":"2026-09-10T12:00:04.998Z"}
{"level":"debug","message":"[AGG] PEPE/USDC: strategy[1]=Supertrend → HOLD conf=0.10 \"Supertrend uptrend continues (ST 0.0000)\"","timestamp":"2026-09-10T12:00:04.998Z"}
{"level":"debug","message":"[AGG] PEPE/USDC: strategy[2]=OBV → SELL conf=0.56 \"OBV crossed below EMA-20 — volume sellers in control\"","timestamp":"2026-09-10T12:00:04.998Z"}
{"level":"debug","message":"[AGG] PEPE/USDC: votes BUY=0.00 SELL=0.56 HOLD=0.30 total_voters=3 external=0","timestamp":"2026-09-10T12:00:04.998Z"}
{"level":"debug","message":"[AGG] PEPE/USDC: decision=HOLD confidence=0.19 tie=false belowMin=true (minConf=0.35750000000000004)","timestamp":"2026-09-10T12:00:04.998Z"}
{"level":"warn","message":"TON/USDC: candle series stale (newest bar 72.5d old) — skipping cycle","timestamp":"2026-09-10T12:00:05.017Z"}
{"level":"debug","message":"[CYCLE] TRX/USDC: starting cycle, candles=1474 lastClose=0.34030000 lastTs=2026-09-10T12:00:00.000Z","timestamp":"2026-09-10T12:00:05.019Z"}
{"level":"debug","message":"[AGG] TRX/USDC: strategy[0]=CCI → HOLD conf=0.54 \"CCI 110.8 overbought — still rising, wait\"","timestamp":"2026-09-10T12:00:05.032Z"}
{"level":"debug","message":"[AGG] TRX/USDC: strategy[1]=Stochastic → HOLD conf=0.20 \"Stoch K=97.0 D=93.4 — no crossover in extreme zone\"","timestamp":"2026-09-10T12:00:05.032Z"}
{"level":"debug","message":"[AGG] TRX/USDC: strategy[2]=StochRSI → HOLD conf=0.20 \"StochRSI K=100.0 D=98.7 — no extreme crossover\"","timestamp":"2026-09-10T12:00:05.032Z"}
{"level":"debug","message":"[AGG] TRX/USDC: votes BUY=0.00 SELL=0.00 HOLD=0.94 total_voters=3 external=0","timestamp":"2026-09-10T12:00:05.032Z"}
{"level":"debug","message":"[AGG] TRX/USDC: decision=HOLD confidence=0.31 tie=false belowMin=true (minConf=0.45499999999999996)","timestamp":"2026-09-10T12:00:05.033Z"}
{"level":"debug","message":"[CYCLE] RENDER/USDC: starting cycle, candles=1534 lastClose=1.42100000 lastTs=2026-09-10T12:00:00.000Z","timestamp":"2026-09-10T12:00:05.037Z"}
{"level":"debug","message":"[AGG] RENDER/USDC: strategy[0]=EMA → HOLD conf=0.20 \"No EMA crossover (fast 1.4863 vs slow 1.4737)\"","timestamp":"2026-09-10T12:00:05.040Z"}
{"level":"debug","message":"[AGG] RENDER/USDC: strategy[1]=OBV → HOLD conf=0.20 \"OBV below EMA-20 — no cross\"","timestamp":"2026-09-10T12:00:05.040Z"}
{"level":"debug","message":"[AGG] RENDER/USDC: strategy[2]=WilliamsR → HOLD conf=0.56 \"%R -91.9 oversold — still falling, wait\"","timestamp":"2026-09-10T12:00:05.040Z"}
{"level":"debug","message":"[AGG] RENDER/USDC: votes BUY=0.00 SELL=0.00 HOLD=0.96 total_voters=3 external=0","timestamp":"2026-09-10T12:00:05.040Z"}
{"level":"debug","message":"[AGG] RENDER/USDC: decision=HOLD confidence=0.32 tie=false belowMin=true (minConf=0.35750000000000004)","timestamp":"2026-09-10T12:00:05.040Z"}
{"level":"debug","message":"[CYCLE] ENA/USDC: starting cycle, candles=1534 lastClose=0.14870000 lastTs=2026-09-10T12:00:00.000Z","timestamp":"2026-09-10T12:00:05.058Z"}
{"level":"debug","message":"[AGG] ENA/USDC: strategy[0]=RSI → HOLD conf=0.20 \"RSI 44.2 neutral\"","timestamp":"2026-09-10T12:00:05.066Z"}
{"level":"debug","message":"[AGG] ENA/USDC: strategy[1]=BollingerBands → HOLD conf=0.20 \"Price 0.1488 inside BB [0.1448–0.1788]\"","timestamp":"2026-09-10T12:00:05.066Z"}
{"level":"debug","message":"[AGG] ENA/USDC: strategy[2]=CCI → HOLD conf=0.60 \"CCI -124.4 oversold — still falling, wait\"","timestamp":"2026-09-10T12:00:05.066Z"}
{"level":"debug","message":"[AGG] ENA/USDC: votes BUY=0.00 SELL=0.00 HOLD=1.00 total_voters=3 external=0","timestamp":"2026-09-10T12:00:05.066Z"}
{"level":"debug","message":"[AGG] ENA/USDC: decision=HOLD confidence=0.33 tie=false belowMin=true (minConf=0.35750000000000004)","timestamp":"2026-09-10T12:00:05.066Z"}
{"level":"debug","message":"[CYCLE] APT/USDC: starting cycle, candles=1534 lastClose=0.62200000 lastTs=2026-09-10T12:00:00.000Z","timestamp":"2026-09-10T12:00:05.099Z"}
{"level":"debug","message":"[AGG] APT/USDC: strategy[0]=BollingerBands → HOLD conf=0.20 \"Price 0.6220 inside BB [0.5362–0.6730]\"","timestamp":"2026-09-10T12:00:05.110Z"}
{"level":"debug","message":"[AGG] APT/USDC: strategy[1]=Stochastic → HOLD conf=0.20 \"Stoch K=45.7 D=59.2 — no crossover in extreme zone\"","timestamp":"2026-09-10T12:00:05.110Z"}
{"level":"debug","message":"[AGG] APT/USDC: strategy[2]=MFI → HOLD conf=0.20 \"MFI 51.1 neutral\"","timestamp":"2026-09-10T12:00:05.110Z"}
{"level":"debug","message":"[AGG] APT/USDC: votes BUY=0.00 SELL=0.00 HOLD=0.60 total_voters=3 external=0","timestamp":"2026-09-10T12:00:05.110Z"}
{"level":"debug","message":"[AGG] APT/USDC: decision=HOLD confidence=0.20 tie=false belowMin=true (minConf=0.35750000000000004)","timestamp":"2026-09-10T12:00:05.110Z"}
{"level":"debug","message":"[CYCLE] LTC/USDC: sizing positionPct=0.1652 (base=0.15 atr=0.04329200592153961 regime=on conf=0.20 macro=bull mtf=1.0)","timestamp":"2026-09-10T12:00:05.120Z"}
{"level":"info","message":"LTC/USDC: decision=HOLD confidence=20% price=52.18000000 external_signals=0","timestamp":"2026-09-10T12:00:05.121Z"}
{"level":"info","message":"LTC/USDC: Price 52.2100 inside BB [47.5961–57.2039] | No EMA crossover (fast 53.4309 vs slow 52.2392) | %R -75.0 neutral","timestamp":"2026-09-10T12:00:05.121Z"}
{"level":"debug","message":"[CYCLE] ARB/USDC: starting cycle, candles=1534 lastClose=0.14830000 lastTs=2026-09-10T12:00:00.000Z","timestamp":"2026-09-10T12:00:05.123Z"}
{"level":"debug","message":"[AGG] ARB/USDC: strategy[0]=RSI → HOLD conf=0.20 \"RSI 54.3 neutral\"","timestamp":"2026-09-10T12:00:05.125Z"}
{"level":"debug","message":"[AGG] ARB/USDC: strategy[1]=WilliamsR → HOLD conf=0.20 \"%R -74.4 neutral\"","timestamp":"2026-09-10T12:00:05.125Z"}
{"level":"debug","message":"[AGG] ARB/USDC: strategy[2]=HeikinAshi → HOLD conf=0.15 \"HA bearish continuation\"","timestamp":"2026-09-10T12:00:05.125Z"}
{"level":"debug","message":"[AGG] ARB/USDC: votes BUY=0.00 SELL=0.00 HOLD=0.55 total_voters=3 external=0","timestamp":"2026-09-10T12:00:05.125Z"}
{"level":"debug","message":"[AGG] ARB/USDC: decision=HOLD confidence=0.18 tie=false belowMin=true (minConf=0.35750000000000004)","timestamp":"2026-09-10T12:00:05.125Z"}
{"level":"debug","message":"[CYCLE] JUP/USDC: starting cycle, candles=1534 lastClose=0.22750000 lastTs=2026-09-10T12:00:00.000Z","timestamp":"2026-09-10T12:00:05.135Z"}
{"level":"debug","message":"[AGG] JUP/USDC: strategy[0]=BollingerBands → HOLD conf=0.20 \"Price 0.2275 inside BB [0.1979–0.2701]\"","timestamp":"2026-09-10T12:00:05.143Z"}
{"level":"debug","message":"[AGG] JUP/USDC: strategy[1]=CCI → HOLD conf=0.20 \"CCI -18.4 neutral\"","timestamp":"2026-09-10T12:00:05.143Z"}
{"level":"debug","message":"[AGG] JUP/USDC: strategy[2]=OBV → HOLD conf=0.20 \"OBV above EMA-20 — no cross\"","timestamp":"2026-09-10T12:00:05.143Z"}
{"level":"debug","message":"[AGG] JUP/USDC: votes BUY=0.00 SELL=0.00 HOLD=0.60 total_voters=3 external=0","timestamp":"2026-09-10T12:00:05.143Z"}
{"level":"debug","message":"[AGG] JUP/USDC: decision=HOLD confidence=0.20 tie=false belowMin=true (minConf=0.35750000000000004)","timestamp":"2026-09-10T12:00:05.143Z"}
{"level":"debug","message":"[CYCLE] SUI/USDC: starting cycle, candles=1534 lastClose=0.76010000 lastTs=2026-09-10T12:00:00.000Z","timestamp":"2026-09-10T12:00:05.262Z"}
{"level":"debug","message":"[AGG] SUI/USDC: strategy[0]=RSI → HOLD conf=0.20 \"RSI 45.4 neutral\"","timestamp":"2026-09-10T12:00:05.267Z"}
{"level":"debug","message":"[AGG] SUI/USDC: strategy[1]=Stochastic → HOLD conf=0.20 \"Stoch K=19.6 D=42.6 — no crossover in extreme zone\"","timestamp":"2026-09-10T12:00:05.267Z"}
{"level":"debug","message":"[AGG] SUI/USDC: strategy[2]=MFI → HOLD conf=0.20 \"MFI 62.4 neutral\"","timestamp":"2026-09-10T12:00:05.267Z"}
{"level":"debug","message":"[AGG] SUI/USDC: votes BUY=0.00 SELL=0.00 HOLD=0.60 total_voters=3 external=0","timestamp":"2026-09-10T12:00:05.267Z"}
{"level":"debug","message":"[AGG] SUI/USDC: decision=HOLD confidence=0.20 tie=false belowMin=true (minConf=0.45499999999999996)","timestamp":"2026-09-10T12:00:05.267Z"}
{"level":"debug","message":"[CYCLE] SOL/USDC: starting cycle, candles=1534 lastClose=100.98000000 lastTs=2026-09-10T12:00:00.000Z","timestamp":"2026-09-10T12:00:05.290Z"}
{"level":"debug","message":"[AGG] SOL/USDC: strategy[0]=BollingerBands → HOLD conf=0.20 \"Price 100.9900 inside BB [98.6220–106.8550]\"","timestamp":"2026-09-10T12:00:05.298Z"}
{"level":"debug","message":"[AGG] SOL/USDC: strategy[1]=WilliamsR → HOLD conf=0.55 \"%R -89.3 oversold — still falling, wait\"","timestamp":"2026-09-10T12:00:05.298Z"}
{"level":"debug","message":"[AGG] SOL/USDC: strategy[2]=StochRSI → HOLD conf=0.20 \"StochRSI K=0.0 D=10.0 — no extreme crossover\"","timestamp":"2026-09-10T12:00:05.299Z"}
{"level":"debug","message":"[AGG] SOL/USDC: votes BUY=0.00 SELL=0.00 HOLD=0.95 total_voters=3 external=0","timestamp":"2026-09-10T12:00:05.299Z"}
{"level":"debug","message":"[AGG] SOL/USDC: decision=HOLD confidence=0.32 tie=false belowMin=true (minConf=0.35750000000000004)","timestamp":"2026-09-10T12:00:05.299Z"}
{"level":"debug","message":"[CYCLE] NEAR/USDC: sizing positionPct=0.0826 (base=0.15 atr=0.04329200592153961 regime=on conf=0.17 macro=bull mtf=1.0)","timestamp":"2026-09-10T12:00:05.309Z"}
{"level":"info","message":"NEAR/USDC: decision=HOLD confidence=18% price=2.40800000 external_signals=0","timestamp":"2026-09-10T12:00:05.309Z"}
{"level":"info","message":"NEAR/USDC: RSI 61.6 neutral | Price 2.4080 inside BB [1.7233–2.6400] | Stoch K=67.7 D=81.6 — no crossover in extreme zone | No significant S/R zone nearby","timestamp":"2026-09-10T12:00:05.309Z"}
{"level":"debug","message":"[CYCLE] ICP/USDC: starting cycle, candles=1534 lastClose=2.74900000 lastTs=2026-09-10T12:00:00.000Z","timestamp":"2026-09-10T12:00:05.385Z"}
{"level":"debug","message":"[AGG] ICP/USDC: strategy[0]=RSI → HOLD conf=0.20 \"RSI 56.6 neutral\"","timestamp":"2026-09-10T12:00:05.398Z"}
{"level":"debug","message":"[AGG] ICP/USDC: strategy[1]=BollingerBands → HOLD conf=0.20 \"Price 2.7490 inside BB [2.2739–3.0514]\"","timestamp":"2026-09-10T12:00:05.398Z"}
{"level":"debug","message":"[AGG] ICP/USDC: strategy[2]=Stochastic → HOLD conf=0.20 \"Stoch K=48.6 D=55.7 — no crossover in extreme zone\"","timestamp":"2026-09-10T12:00:05.398Z"}
{"level":"debug","message":"[AGG] ICP/USDC: votes BUY=0.00 SELL=0.00 HOLD=0.60 total_voters=3 external=0","timestamp":"2026-09-10T12:00:05.398Z"}
{"level":"debug","message":"[AGG] ICP/USDC: decision=HOLD confidence=0.20 tie=false belowMin=true (minConf=0.35750000000000004)","timestamp":"2026-09-10T12:00:05.398Z"}
{"level":"debug","message":"[CYCLE] AVAX/USDC: starting cycle, candles=1534 lastClose=7.72200000 lastTs=2026-09-10T12:00:00.000Z","timestamp":"2026-09-10T12:00:05.402Z"}
{"level":"debug","message":"[AGG] AVAX/USDC: strategy[0]=RSI → HOLD conf=0.20 \"RSI 55.1 neutral\"","timestamp":"2026-09-10T12:00:05.405Z"}
{"level":"debug","message":"[AGG] AVAX/USDC: strategy[1]=MACD → HOLD conf=0.20 \"MACD 0.1778 vs signal 0.1720 hist:0.0058\"","timestamp":"2026-09-10T12:00:05.405Z"}
{"level":"debug","message":"[AGG] AVAX/USDC: strategy[2]=PSAR → HOLD conf=0.10 \"PSAR uptrend continues (SAR 7.5935)\"","timestamp":"2026-09-10T12:00:05.405Z"}
{"level":"debug","message":"[AGG] AVAX/USDC: votes BUY=0.00 SELL=0.00 HOLD=0.50 total_voters=3 external=0","timestamp":"2026-09-10T12:00:05.405Z"}
{"level":"debug","message":"[AGG] AVAX/USDC: decision=HOLD confidence=0.17 tie=false belowMin=true (minConf=0.35750000000000004)","timestamp":"2026-09-10T12:00:05.405Z"}
{"level":"debug","message":"[CYCLE] THETA/USDC: starting cycle, candles=1052 lastClose=0.17330000 lastTs=2026-09-10T12:00:00.000Z","timestamp":"2026-09-10T12:00:05.416Z"}
{"level":"debug","message":"[AGG] THETA/USDC: strategy[0]=RSI → HOLD conf=0.20 \"RSI 46.6 neutral\"","timestamp":"2026-09-10T12:00:05.420Z"}
{"level":"debug","message":"[AGG] THETA/USDC: strategy[1]=CCI → HOLD conf=0.20 \"CCI -28.7 neutral\"","timestamp":"2026-09-10T12:00:05.420Z"}
{"level":"debug","message":"[AGG] THETA/USDC: strategy[2]=OBV → HOLD conf=0.20 \"OBV above EMA-20 — no cross\"","timestamp":"2026-09-10T12:00:05.420Z"}
{"level":"debug","message":"[AGG] THETA/USDC: votes BUY=0.00 SELL=0.00 HOLD=0.60 total_voters=3 external=0","timestamp":"2026-09-10T12:00:05.420Z"}
{"level":"debug","message":"[AGG] THETA/USDC: decision=HOLD confidence=0.20 tie=false belowMin=true (minConf=0.35750000000000004)","timestamp":"2026-09-10T12:00:05.420Z"}
{"level":"debug","message":"[CYCLE] INJ/USDC: starting cycle, candles=1534 lastClose=6.00300000 lastTs=2026-09-10T12:00:00.000Z","timestamp":"2026-09-10T12:00:05.432Z"}
{"level":"debug","message":"[AGG] INJ/USDC: strategy[0]=ADX → BUY conf=0.70 \"ADX 30.4 uptrend (+DI 32.8 > -DI 12.8)\"","timestamp":"2026-09-10T12:00:05.437Z"}
{"level":"debug","message":"[AGG] INJ/USDC: strategy[1]=OBV → HOLD conf=0.20 \"OBV above EMA-20 — no cross\"","timestamp":"2026-09-10T12:00:05.437Z"}
{"level":"debug","message":"[AGG] INJ/USDC: strategy[2]=StochRSI → HOLD conf=0.20 \"StochRSI K=58.1 D=74.0 — no extreme crossover\"","timestamp":"2026-09-10T12:00:05.437Z"}
{"level":"debug","message":"[AGG] INJ/USDC: votes BUY=0.70 SELL=0.00 HOLD=0.40 total_voters=3 external=0","timestamp":"2026-09-10T12:00:05.437Z"}
{"level":"debug","message":"[AGG] INJ/USDC: decision=HOLD confidence=0.23 tie=false belowMin=true (minConf=0.35750000000000004)","timestamp":"2026-09-10T12:00:05.437Z"}
{"level":"debug","message":"[CYCLE] CRV/USDC: sizing positionPct=0.1035 (base=0.15 atr=0.04329200592153961 regime=on conf=0.19 macro=bull mtf=1.0)","timestamp":"2026-09-10T12:00:05.516Z"}
{"level":"info","message":"CRV/USDC: decision=HOLD confidence=19% price=0.33920000 external_signals=0","timestamp":"2026-09-10T12:00:05.516Z"}
{"level":"info","message":"CRV/USDC: ADX 33.1 uptrend (+DI 21.9 > -DI 18.7) | StochRSI K=0.0 D=0.0 — no extreme crossover | No significant S/R zone nearby","timestamp":"2026-09-10T12:00:05.516Z"}
{"level":"debug","message":"[CYCLE] PAXG/USDC: starting cycle, candles=1028 lastClose=4374.48000000 lastTs=2026-09-10T12:00:00.000Z","timestamp":"2026-09-10T12:00:05.689Z"}
{"level":"debug","message":"[AGG] PAXG/USDC: strategy[0]=MACD → HOLD conf=0.20 \"MACD -23.1927 vs signal -20.6873 hist:-2.5055\"","timestamp":"2026-09-10T12:00:05.691Z"}
{"level":"debug","message":"[AGG] PAXG/USDC: strategy[1]=ADX → SELL conf=0.61 \"ADX 26.5 downtrend (-DI 26.8 > +DI 16.2)\"","timestamp":"2026-09-10T12:00:05.691Z"}
{"level":"debug","message":"[AGG] PAXG/USDC: strategy[2]=Supertrend → HOLD conf=0.10 \"Supertrend uptrend continues (ST 4313.8820)\"","timestamp":"2026-09-10T12:00:05.691Z"}
{"level":"debug","message":"[AGG] PAXG/USDC: votes BUY=0.00 SELL=0.61 HOLD=0.30 total_voters=3 external=0","timestamp":"2026-09-10T12:00:05.692Z"}
{"level":"debug","message":"[AGG] PAXG/USDC: decision=HOLD confidence=0.20 tie=false belowMin=true (minConf=0.35750000000000004)","timestamp":"2026-09-10T12:00:05.692Z"}
{"level":"debug","message":"[CYCLE] BCH/USDC: sizing positionPct=0.1818 (base=0.15 atr=0.04329200592153961 regime=on conf=0.32 macro=bull mtf=1.0)","timestamp":"2026-09-10T12:00:05.705Z"}
{"level":"info","message":"BCH/USDC: decision=HOLD confidence=32% price=245.10000000 external_signals=0","timestamp":"2026-09-10T12:00:05.705Z"}
{"level":"info","message":"BCH/USDC: Price 245.3000 inside BB [241.7822–264.2978] | OBV above EMA-20 — no cross | %R -93.8 oversold — still falling, wait","timestamp":"2026-09-10T12:00:05.705Z"}
{"level":"debug","message":"[CYCLE] BNB/USDC: starting cycle, candles=1534 lastClose=716.30000000 lastTs=2026-09-10T12:00:00.000Z","timestamp":"2026-09-10T12:00:05.738Z"}
{"level":"debug","message":"[AGG] BNB/USDC: strategy[0]=WilliamsR → HOLD conf=0.55 \"%R -89.3 oversold — still falling, wait\"","timestamp":"2026-09-10T12:00:05.740Z"}
{"level":"debug","message":"[AGG] BNB/USDC: strategy[1]=HeikinAshi → HOLD conf=0.15 \"HA bearish continuation\"","timestamp":"2026-09-10T12:00:05.740Z"}
{"level":"debug","message":"[AGG] BNB/USDC: strategy[2]=SupportResistance → SELL conf=0.61 \"Resistance 718.9950 (2×)\"","timestamp":"2026-09-10T12:00:05.740Z"}
{"level":"debug","message":"[AGG] BNB/USDC: votes BUY=0.00 SELL=0.61 HOLD=0.70 total_voters=3 external=0","timestamp":"2026-09-10T12:00:05.740Z"}
{"level":"debug","message":"[AGG] BNB/USDC: decision=HOLD confidence=0.23 tie=false belowMin=true (minConf=0.35750000000000004)","timestamp":"2026-09-10T12:00:05.740Z"}
{"level":"debug","message":"[CYCLE] TIA/USDC: starting cycle, candles=1534 lastClose=0.38030000 lastTs=2026-09-10T12:00:00.000Z","timestamp":"2026-09-10T12:00:05.746Z"}
{"level":"debug","message":"[AGG] TIA/USDC: strategy[0]=CCI → HOLD conf=0.20 \"CCI -3.3 neutral\"","timestamp":"2026-09-10T12:00:05.761Z"}
{"level":"debug","message":"[AGG] TIA/USDC: strategy[1]=MACD → SELL conf=0.70 \"MACD crossed below signal ↓ hist:-0.0014\"","timestamp":"2026-09-10T12:00:05.761Z"}
{"level":"debug","message":"[AGG] TIA/USDC: strategy[2]=HeikinAshi → HOLD conf=0.15 \"HA bearish continuation\"","timestamp":"2026-09-10T12:00:05.761Z"}
{"level":"debug","message":"[AGG] TIA/USDC: votes BUY=0.00 SELL=0.70 HOLD=0.35 total_voters=3 external=0","timestamp":"2026-09-10T12:00:05.761Z"}
{"level":"debug","message":"[AGG] TIA/USDC: decision=HOLD confidence=0.23 tie=false belowMin=true (minConf=0.35750000000000004)","timestamp":"2026-09-10T12:00:05.761Z"}
{"level":"debug","message":"[CYCLE] ACH/USDC: sizing positionPct=0.1573 (base=0.15 atr=0.04329200592153961 regime=on conf=0.20 macro=bull mtf=1.0)","timestamp":"2026-09-10T12:00:05.906Z"}
{"level":"info","message":"ACH/USDC: decision=HOLD confidence=20% price=0.00508000 external_signals=0","timestamp":"2026-09-10T12:00:05.906Z"}
{"level":"info","message":"ACH/USDC: RSI 48.2 neutral | Price 0.0051 inside BB [0.0048–0.0055] | CCI -46.3 neutral","timestamp":"2026-09-10T12:00:05.906Z"}
{"level":"debug","message":"[CYCLE] JTO/USDC: sizing positionPct=0.0760 (base=0.15 atr=0.04329200592153961 regime=on conf=0.24 macro=bull mtf=1.0)","timestamp":"2026-09-10T12:00:06.109Z"}
{"level":"info","message":"JTO/USDC: decision=HOLD confidence=24% price=0.41300000 external_signals=0","timestamp":"2026-09-10T12:00:06.110Z"}
{"level":"info","message":"JTO/USDC: CCI -104.0 oversold — still falling, wait | PSAR uptrend continues (SAR 0.4061) | No significant S/R zone nearby","timestamp":"2026-09-10T12:00:06.110Z"}
{"level":"debug","message":"[CYCLE] LDO/USDC: sizing positionPct=0.1253 (base=0.15 atr=0.04329200592153961 regime=on conf=0.25 macro=bull mtf=1.0)","timestamp":"2026-09-10T12:00:06.308Z"}
{"level":"info","message":"LDO/USDC: decision=HOLD confidence=25% price=0.37140000 external_signals=0","timestamp":"2026-09-10T12:00:06.308Z"}
{"level":"info","message":"LDO/USDC: MACD 0.0058 vs signal 0.0096 hist:-0.0038 | ADX 38.5 uptrend (+DI 21.6 > -DI 16.8) | %R -90.7 oversold — still falling, wait","timestamp":"2026-09-10T12:00:06.308Z"}
{"level":"debug","message":"[CYCLE] MANTA/USDC: sizing positionPct=0.1438 (base=0.15 atr=0.04329200592153961 regime=on conf=0.20 macro=bull mtf=1.0)","timestamp":"2026-09-10T12:00:06.508Z"}
{"level":"info","message":"MANTA/USDC: decision=HOLD confidence=20% price=0.05916000 external_signals=0","timestamp":"2026-09-10T12:00:06.508Z"}
{"level":"info","message":"MANTA/USDC: RSI 46.2 neutral | Price 0.0592 inside BB [0.0560–0.0637] | CCI -29.6 neutral","timestamp":"2026-09-10T12:00:06.508Z"}
{"level":"info","message":"XRP/USDC: live balance=133.59 pnl=-0.87 open_positions=2 daily_pnl=0.00 blocked=false","timestamp":"2026-09-10T12:00:06.707Z"}
{"level":"debug","message":"[CYCLE] PIXEL/USDC: sizing positionPct=0.0731 (base=0.15 atr=0.04329200592153961 regime=on conf=0.21 macro=bull mtf=1.0)","timestamp":"2026-09-10T12:00:06.907Z"}
{"level":"info","message":"PIXEL/USDC: decision=HOLD confidence=21% price=0.00480000 external_signals=0","timestamp":"2026-09-10T12:00:06.907Z"}
{"level":"info","message":"PIXEL/USDC: No EMA crossover (fast 0.0050 vs slow 0.0050) | ADX 18.4 < 20 — ranging, skip | Resistance 0.0048 (2×)","timestamp":"2026-09-10T12:00:06.907Z"}
{"level":"debug","message":"[CYCLE] ADA/USDC: sizing positionPct=0.1499 (base=0.15 atr=0.04329200592153961 regime=on conf=0.20 macro=bull mtf=1.0)","timestamp":"2026-09-10T12:00:07.307Z"}
{"level":"info","message":"ADA/USDC: decision=HOLD confidence=20% price=0.21240000 external_signals=0","timestamp":"2026-09-10T12:00:07.307Z"}
{"level":"info","message":"ADA/USDC: RSI 50.3 neutral | Price 0.2124 inside BB [0.1938–0.2311] | CCI -0.1 neutral","timestamp":"2026-09-10T12:00:07.307Z"}
{"level":"debug","message":"[CYCLE] BTC/USDC: sizing positionPct=0.2700 (base=0.15 atr=0.04329200592153961 regime=on conf=0.15 macro=bull mtf=1.0)","timestamp":"2026-09-10T12:00:07.508Z"}
{"level":"info","message":"BTC/USDC: decision=HOLD confidence=15% price=77813.68000000 external_signals=0","timestamp":"2026-09-10T12:00:07.508Z"}
{"level":"info","message":"BTC/USDC: No EMA crossover (fast 78824.9912 vs slow 78285.1234) | PSAR uptrend continues (SAR 77636.1945) | HA bearish continuation","timestamp":"2026-09-10T12:00:07.508Z"}
{"level":"info","message":"LINK/USDC: live balance=133.59 pnl=-0.87 open_positions=2 daily_pnl=0.00 blocked=false","timestamp":"2026-09-10T12:00:07.705Z"}
{"level":"debug","message":"[CYCLE] DOGE/USDC: sizing positionPct=0.1479 (base=0.15 atr=0.04329200592153961 regime=on conf=0.15 macro=bull mtf=1.0)","timestamp":"2026-09-10T12:00:07.907Z"}
{"level":"info","message":"DOGE/USDC: decision=HOLD confidence=15% price=0.08508000 external_signals=0","timestamp":"2026-09-10T12:00:07.907Z"}
{"level":"info","message":"DOGE/USDC: No EMA crossover (fast 0.0879 vs slow 0.0867) | PSAR downtrend continues (SAR 0.0950) | HA bearish continuation","timestamp":"2026-09-10T12:00:07.907Z"}
{"level":"debug","message":"[CYCLE] ETH/USDC: sizing positionPct=0.2660 (base=0.15 atr=0.04329200592153961 regime=on conf=0.13 macro=bull mtf=1.0)","timestamp":"2026-09-10T12:00:08.107Z"}
{"level":"info","message":"ETH/USDC: decision=HOLD confidence=13% price=2461.24000000 external_signals=0","timestamp":"2026-09-10T12:00:08.107Z"}
{"level":"info","message":"ETH/USDC: Supertrend uptrend continues (ST 2329.1559) | MFI 39.2 neutral | No significant S/R zone nearby","timestamp":"2026-09-10T12:00:08.107Z"}
{"level":"debug","message":"[CYCLE] WLD/USDC: sizing positionPct=0.0916 (base=0.15 atr=0.04329200592153961 regime=on conf=0.21 macro=bull mtf=1.0)","timestamp":"2026-09-10T12:00:08.306Z"}
{"level":"info","message":"WLD/USDC: decision=HOLD confidence=21% price=0.40960000 external_signals=0","timestamp":"2026-09-10T12:00:08.307Z"}
{"level":"info","message":"WLD/USDC: Price 0.4096 inside BB [0.3353–0.4776] | CCI 7.9 neutral | ADX 33.9 uptrend (+DI 28.2 > -DI 19.9)","timestamp":"2026-09-10T12:00:08.307Z"}
{"level":"debug","message":"[CYCLE] PEPE/USDC: sizing positionPct=0.1119 (base=0.15 atr=0.04329200592153961 regime=on conf=0.19 macro=bull mtf=1.0)","timestamp":"2026-09-10T12:00:08.507Z"}
{"level":"info","message":"PEPE/USDC: decision=HOLD confidence=19% price=0.00000341 external_signals=0","timestamp":"2026-09-10T12:00:08.507Z"}
{"level":"info","message":"PEPE/USDC: No EMA crossover (fast 0.0000 vs slow 0.0000) | Supertrend uptrend continues (ST 0.0000) | OBV crossed below EMA-20 — volume sellers in control","timestamp":"2026-09-10T12:00:08.507Z"}
{"level":"debug","message":"[CYCLE] TRX/USDC: sizing positionPct=0.2378 (base=0.15 atr=0.04329200592153961 regime=on conf=0.31 macro=bull mtf=1.0)","timestamp":"2026-09-10T12:00:08.704Z"}
{"level":"info","message":"TRX/USDC: decision=HOLD confidence=31% price=0.34030000 external_signals=0","timestamp":"2026-09-10T12:00:08.705Z"}
{"level":"info","message":"TRX/USDC: CCI 110.8 overbought — still rising, wait | Stoch K=97.0 D=93.4 — no crossover in extreme zone | StochRSI K=100.0 D=98.7 — no extreme crossover","timestamp":"2026-09-10T12:00:08.705Z"}
{"level":"debug","message":"[CYCLE] ENS/USDC: starting cycle, candles=1534 lastClose=5.69000000 lastTs=2026-09-10T12:00:00.000Z","timestamp":"2026-09-10T12:00:08.868Z"}
{"level":"debug","message":"[AGG] ENS/USDC: strategy[0]=BollingerBands → HOLD conf=0.20 \"Price 5.6900 inside BB [5.3905–6.3675]\"","timestamp":"2026-09-10T12:00:08.890Z"}
{"level":"debug","message":"[AGG] ENS/USDC: strategy[1]=PSAR → HOLD conf=0.10 \"PSAR uptrend continues (SAR 5.5841)\"","timestamp":"2026-09-10T12:00:08.890Z"}
{"level":"debug","message":"[AGG] ENS/USDC: strategy[2]=SupportResistance → HOLD conf=0.10 \"No significant S/R zone nearby\"","timestamp":"2026-09-10T12:00:08.890Z"}
{"level":"debug","message":"[AGG] ENS/USDC: votes BUY=0.00 SELL=0.00 HOLD=0.40 total_voters=3 external=0","timestamp":"2026-09-10T12:00:08.890Z"}
{"level":"debug","message":"[AGG] ENS/USDC: decision=HOLD confidence=0.13 tie=false belowMin=true (minConf=0.35750000000000004)","timestamp":"2026-09-10T12:00:08.890Z"}
{"level":"debug","message":"[CYCLE] RENDER/USDC: sizing positionPct=0.1511 (base=0.15 atr=0.04329200592153961 regime=on conf=0.32 macro=bull mtf=1.0)","timestamp":"2026-09-10T12:00:08.913Z"}
{"level":"info","message":"RENDER/USDC: decision=HOLD confidence=32% price=1.42100000 external_signals=0","timestamp":"2026-09-10T12:00:08.913Z"}
{"level":"info","message":"RENDER/USDC: No EMA crossover (fast 1.4863 vs slow 1.4737) | OBV below EMA-20 — no cross | %R -91.9 oversold — still falling, wait","timestamp":"2026-09-10T12:00:08.913Z"}
{"level":"debug","message":"[CYCLE] ENA/USDC: sizing positionPct=0.1058 (base=0.15 atr=0.04329200592153961 regime=on conf=0.33 macro=bull mtf=1.0)","timestamp":"2026-09-10T12:00:09.105Z"}
{"level":"info","message":"ENA/USDC: decision=HOLD confidence=33% price=0.14870000 external_signals=0","timestamp":"2026-09-10T12:00:09.105Z"}
{"level":"info","message":"ENA/USDC: RSI 44.2 neutral | Price 0.1488 inside BB [0.1448–0.1788] | CCI -124.4 oversold — still falling, wait","timestamp":"2026-09-10T12:00:09.106Z"}
{"level":"debug","message":"[CYCLE] APT/USDC: sizing positionPct=0.1353 (base=0.15 atr=0.04329200592153961 regime=on conf=0.20 macro=bull mtf=1.0)","timestamp":"2026-09-10T12:00:09.308Z"}
{"level":"info","message":"APT/USDC: decision=HOLD confidence=20% price=0.62200000 external_signals=0","timestamp":"2026-09-10T12:00:09.308Z"}
{"level":"info","message":"APT/USDC: Price 0.6220 inside BB [0.5362–0.6730] | Stoch K=45.7 D=59.2 — no crossover in extreme zone | MFI 51.1 neutral","timestamp":"2026-09-10T12:00:09.308Z"}
{"level":"info","message":"LTC/USDC: live balance=133.59 pnl=-0.87 open_positions=2 daily_pnl=0.00 blocked=false","timestamp":"2026-09-10T12:00:09.503Z"}
{"level":"debug","message":"[CYCLE] ARB/USDC: sizing positionPct=0.0695 (base=0.15 atr=0.04329200592153961 regime=on conf=0.18 macro=bull mtf=1.0)","timestamp":"2026-09-10T12:00:09.705Z"}
{"level":"info","message":"ARB/USDC: decision=HOLD confidence=18% price=0.14830000 external_signals=0","timestamp":"2026-09-10T12:00:09.705Z"}
{"level":"info","message":"ARB/USDC: RSI 54.3 neutral | %R -74.4 neutral | HA bearish continuation","timestamp":"2026-09-10T12:00:09.705Z"}
{"level":"debug","message":"[CYCLE] JUP/USDC: sizing positionPct=0.0776 (base=0.15 atr=0.04329200592153961 regime=on conf=0.20 macro=bull mtf=1.0)","timestamp":"2026-09-10T12:00:09.904Z"}
{"level":"info","message":"JUP/USDC: decision=HOLD confidence=20% price=0.22750000 external_signals=0","timestamp":"2026-09-10T12:00:09.904Z"}
{"level":"info","message":"JUP/USDC: Price 0.2275 inside BB [0.1979–0.2701] | CCI -18.4 neutral | OBV above EMA-20 — no cross","timestamp":"2026-09-10T12:00:09.904Z"}
{"level":"debug","message":"[CYCLE] SUI/USDC: sizing positionPct=0.1112 (base=0.15 atr=0.04329200592153961 regime=on conf=0.20 macro=bull mtf=1.0)","timestamp":"2026-09-10T12:00:10.106Z"}
{"level":"info","message":"SUI/USDC: decision=HOLD confidence=20% price=0.76010000 external_signals=0","timestamp":"2026-09-10T12:00:10.106Z"}
{"level":"info","message":"SUI/USDC: RSI 45.4 neutral | Stoch K=19.6 D=42.6 — no crossover in extreme zone | MFI 62.4 neutral","timestamp":"2026-09-10T12:00:10.106Z"}
{"level":"debug","message":"[CYCLE] SOL/USDC: sizing positionPct=0.2667 (base=0.15 atr=0.04329200592153961 regime=on conf=0.32 macro=bull mtf=1.0)","timestamp":"2026-09-10T12:00:10.428Z"}
{"level":"info","message":"SOL/USDC: decision=HOLD confidence=32% price=100.98000000 external_signals=0","timestamp":"2026-09-10T12:00:10.429Z"}
{"level":"info","message":"SOL/USDC: Price 100.9900 inside BB [98.6220–106.8550] | %R -89.3 oversold — still falling, wait | StochRSI K=0.0 D=10.0 — no extreme crossover","timestamp":"2026-09-10T12:00:10.429Z"}
{"level":"info","message":"NEAR/USDC: live balance=133.59 pnl=-0.87 open_positions=2 daily_pnl=0.00 blocked=false","timestamp":"2026-09-10T12:00:10.505Z"}
{"level":"debug","message":"[CYCLE] ICP/USDC: sizing positionPct=0.0809 (base=0.15 atr=0.04329200592153961 regime=on conf=0.20 macro=bull mtf=1.0)","timestamp":"2026-09-10T12:00:10.710Z"}
{"level":"info","message":"ICP/USDC: decision=HOLD confidence=20% price=2.74900000 external_signals=0","timestamp":"2026-09-10T12:00:10.710Z"}
{"level":"info","message":"ICP/USDC: RSI 56.6 neutral | Price 2.7490 inside BB [2.2739–3.0514] | Stoch K=48.6 D=55.7 — no crossover in extreme zone","timestamp":"2026-09-10T12:00:10.710Z"}
{"level":"debug","message":"[CYCLE] AVAX/USDC: sizing positionPct=0.2173 (base=0.15 atr=0.04329200592153961 regime=on conf=0.17 macro=bull mtf=1.0)","timestamp":"2026-09-10T12:00:10.904Z"}
{"level":"info","message":"AVAX/USDC: decision=HOLD confidence=17% price=7.72200000 external_signals=0","timestamp":"2026-09-10T12:00:10.904Z"}
{"level":"info","message":"AVAX/USDC: RSI 55.1 neutral | MACD 0.1778 vs signal 0.1720 hist:0.0058 | PSAR uptrend continues (SAR 7.5935)","timestamp":"2026-09-10T12:00:10.904Z"}
{"level":"debug","message":"[CYCLE] THETA/USDC: sizing positionPct=0.1736 (base=0.15 atr=0.04329200592153961 regime=on conf=0.20 macro=bull mtf=1.0)","timestamp":"2026-09-10T12:00:11.107Z"}
{"level":"info","message":"THETA/USDC: decision=HOLD confidence=20% price=0.17330000 external_signals=0","timestamp":"2026-09-10T12:00:11.107Z"}
{"level":"info","message":"THETA/USDC: RSI 46.6 neutral | CCI -28.7 neutral | OBV above EMA-20 — no cross","timestamp":"2026-09-10T12:00:11.107Z"}
{"level":"debug","message":"[CYCLE] INJ/USDC: sizing positionPct=0.1172 (base=0.15 atr=0.04329200592153961 regime=on conf=0.23 macro=bull mtf=1.0)","timestamp":"2026-09-10T12:00:11.307Z"}
{"level":"info","message":"INJ/USDC: decision=HOLD confidence=23% price=6.00300000 external_signals=0","timestamp":"2026-09-10T12:00:11.308Z"}
{"level":"info","message":"INJ/USDC: ADX 30.4 uptrend (+DI 32.8 > -DI 12.8) | OBV above EMA-20 — no cross | StochRSI K=58.1 D=74.0 — no extreme crossover","timestamp":"2026-09-10T12:00:11.308Z"}
{"level":"info","message":"CRV/USDC: live balance=133.59 pnl=-0.87 open_positions=2 daily_pnl=0.00 blocked=false","timestamp":"2026-09-10T12:00:11.506Z"}
{"level":"debug","message":"[CYCLE] PAXG/USDC: sizing positionPct=0.2175 (base=0.15 atr=0.04329200592153961 regime=on conf=0.20 macro=bull mtf=1.0)","timestamp":"2026-09-10T12:00:11.707Z"}
{"level":"info","message":"PAXG/USDC: decision=HOLD confidence=20% price=4374.48000000 external_signals=0","timestamp":"2026-09-10T12:00:11.707Z"}
{"level":"info","message":"PAXG/USDC: MACD -23.1927 vs signal -20.6873 hist:-2.5055 | ADX 26.5 downtrend (-DI 26.8 > +DI 16.2) | Supertrend uptrend continues (ST 4313.8820)","timestamp":"2026-09-10T12:00:11.707Z"}
{"level":"info","message":"BCH/USDC: live balance=133.59 pnl=-0.87 open_positions=2 daily_pnl=0.00 blocked=false","timestamp":"2026-09-10T12:00:11.907Z"}
{"level":"debug","message":"[CYCLE] BNB/USDC: sizing positionPct=0.2367 (base=0.15 atr=0.04329200592153961 regime=on conf=0.23 macro=bull mtf=1.0)","timestamp":"2026-09-10T12:00:12.105Z"}
{"level":"info","message":"BNB/USDC: decision=HOLD confidence=23% price=716.30000000 external_signals=0","timestamp":"2026-09-10T12:00:12.105Z"}
{"level":"info","message":"BNB/USDC: %R -89.3 oversold — still falling, wait | HA bearish continuation | Resistance 718.9950 (2×)","timestamp":"2026-09-10T12:00:12.105Z"}
{"level":"debug","message":"[CYCLE] TIA/USDC: sizing positionPct=0.0986 (base=0.15 atr=0.04329200592153961 regime=on conf=0.23 macro=bull mtf=1.0)","timestamp":"2026-09-10T12:00:12.305Z"}
{"level":"info","message":"TIA/USDC: decision=HOLD confidence=23% price=0.38030000 external_signals=0","timestamp":"2026-09-10T12:00:12.306Z"}
{"level":"info","message":"TIA/USDC: CCI -3.3 neutral | MACD crossed below signal ↓ hist:-0.0014 | HA bearish continuation","timestamp":"2026-09-10T12:00:12.306Z"}
{"level":"info","message":"ACH/USDC: live balance=133.59 pnl=-0.87 open_positions=2 daily_pnl=0.00 blocked=false","timestamp":"2026-09-10T12:00:12.508Z"}
{"level":"info","message":"JTO/USDC: live balance=133.59 pnl=-0.87 open_positions=2 daily_pnl=0.00 blocked=false","timestamp":"2026-09-10T12:00:12.707Z"}
{"level":"info","message":"LDO/USDC: live balance=133.59 pnl=-0.87 open_positions=2 daily_pnl=0.00 blocked=false","timestamp":"2026-09-10T12:00:12.905Z"}
{"level":"info","message":"MANTA/USDC: live balance=133.59 pnl=-0.87 open_positions=2 daily_pnl=0.00 blocked=false","timestamp":"2026-09-10T12:00:13.105Z"}
{"level":"info","message":"PIXEL/USDC: live balance=133.59 pnl=-0.87 open_positions=2 daily_pnl=0.00 blocked=false","timestamp":"2026-09-10T12:00:13.303Z"}
{"level":"info","message":"ADA/USDC: live balance=133.59 pnl=-0.87 open_positions=2 daily_pnl=0.00 blocked=false","timestamp":"2026-09-10T12:00:13.504Z"}
{"level":"info","message":"BTC/USDC: live balance=133.59 pnl=-0.87 open_positions=2 daily_pnl=0.00 blocked=false","timestamp":"2026-09-10T12:00:13.706Z"}
{"level":"info","message":"DOGE/USDC: live balance=133.59 pnl=-0.87 open_positions=2 daily_pnl=0.00 blocked=false","timestamp":"2026-09-10T12:00:13.946Z"}
{"level":"info","message":"ETH/USDC: live balance=133.59 pnl=-0.87 open_positions=2 daily_pnl=0.00 blocked=false","timestamp":"2026-09-10T12:00:14.146Z"}
{"level":"info","message":"WLD/USDC: live balance=133.59 pnl=-0.87 open_positions=2 daily_pnl=0.00 blocked=false","timestamp":"2026-09-10T12:00:14.346Z"}
{"level":"info","message":"PEPE/USDC: live balance=133.59 pnl=-0.87 open_positions=2 daily_pnl=0.00 blocked=false","timestamp":"2026-09-10T12:00:14.542Z"}
{"level":"info","message":"TRX/USDC: live balance=133.59 pnl=-0.87 open_positions=2 daily_pnl=0.00 blocked=false","timestamp":"2026-09-10T12:00:14.745Z"}
{"level":"debug","message":"[CYCLE] ENS/USDC: sizing positionPct=0.1082 (base=0.15 atr=0.04329200592153961 regime=on conf=0.13 macro=bull mtf=1.0)","timestamp":"2026-09-10T12:00:14.945Z"}
{"level":"info","message":"ENS/USDC: decision=HOLD confidence=13% price=5.69000000 external_signals=0","timestamp":"2026-09-10T12:00:14.945Z"}
{"level":"info","message":"ENS/USDC: Price 5.6900 inside BB [5.3905–6.3675] | PSAR uptrend continues (SAR 5.5841) | No significant S/R zone nearby","timestamp":"2026-09-10T12:00:14.945Z"}
{"level":"info","message":"RENDER/USDC: live balance=133.59 pnl=-0.87 open_positions=2 daily_pnl=0.00 blocked=false","timestamp":"2026-09-10T12:00:15.148Z"}
{"level":"info","message":"ENA/USDC: live balance=133.59 pnl=-0.87 open_positions=2 daily_pnl=0.00 blocked=false","timestamp":"2026-09-10T12:00:15.344Z"}
{"level":"info","message":"APT/USDC: live balance=133.59 pnl=-0.87 open_positions=2 daily_pnl=0.00 blocked=false","timestamp":"2026-09-10T12:00:15.544Z"}
{"level":"info","message":"ARB/USDC: live balance=133.59 pnl=-0.87 open_positions=2 daily_pnl=0.00 blocked=false","timestamp":"2026-09-10T12:00:15.746Z"}
{"level":"info","message":"JUP/USDC: live balance=133.59 pnl=-0.87 open_positions=2 daily_pnl=0.00 blocked=false","timestamp":"2026-09-10T12:00:16.143Z"}
{"level":"info","message":"SUI/USDC: live balance=133.59 pnl=-0.87 open_positions=2 daily_pnl=0.00 blocked=false","timestamp":"2026-09-10T12:00:16.345Z"}
{"level":"info","message":"SOL/USDC: live balance=133.59 pnl=-0.87 open_positions=2 daily_pnl=0.00 blocked=false","timestamp":"2026-09-10T12:00:16.546Z"}
{"level":"info","message":"ICP/USDC: live balance=133.59 pnl=-0.87 open_positions=2 daily_pnl=0.00 blocked=false","timestamp":"2026-09-10T12:00:16.747Z"}
{"level":"info","message":"AVAX/USDC: live balance=133.59 pnl=-0.87 open_positions=2 daily_pnl=0.00 blocked=false","timestamp":"2026-09-10T12:00:16.945Z"}
{"level":"info","message":"THETA/USDC: live balance=133.59 pnl=-0.87 open_positions=2 daily_pnl=0.00 blocked=false","timestamp":"2026-09-10T12:00:17.146Z"}
{"level":"info","message":"INJ/USDC: live balance=133.59 pnl=-0.87 open_positions=2 daily_pnl=0.00 blocked=false","timestamp":"2026-09-10T12:00:17.347Z"}
{"level":"info","message":"PAXG/USDC: live balance=133.59 pnl=-0.87 open_positions=2 daily_pnl=0.00 blocked=false","timestamp":"2026-09-10T12:00:17.545Z"}
{"level":"info","message":"BNB/USDC: live balance=133.59 pnl=-0.87 open_positions=2 daily_pnl=0.00 blocked=false","timestamp":"2026-09-10T12:00:17.746Z"}
{"level":"info","message":"TIA/USDC: live balance=133.59 pnl=-0.87 open_positions=2 daily_pnl=0.00 blocked=false","timestamp":"2026-09-10T12:00:17.944Z"}
{"level":"info","message":"ENS/USDC: live balance=133.59 pnl=-0.87 open_positions=2 daily_pnl=0.00 blocked=false","timestamp":"2026-09-10T12:00:18.343Z"}
{"level":"info","message":"[TSM-CORE] rung 2@0.5 (HWM $243.85) · next de-risk at $320 HWM","timestamp":"2026-09-10T12:00:18.625Z"}
{"level":"info","message":"[TSM-CORE] BTC/USDC: votes 3/3 (enter ≥3, stay ≥2) · vol 43% → ×1.00 · macro risk-on","timestamp":"2026-09-10T12:00:18.869Z"}
{"level":"info","message":"[TSM-CORE] ETH/USDC: votes 3/3 (enter ≥3, stay ≥2) · vol 71% → ×0.84 · macro risk-on","timestamp":"2026-09-10T12:00:18.869Z"}
{"level":"info","message":"Next cycle aligned to candle close in 720 min (Fri, 11 Sep 2026 00:00:03 GMT)","timestamp":"2026-09-10T12:00:19.320Z"}
{"level":"debug","message":"[RISK-LOOP] checking 2 open position(s)","timestamp":"2026-09-10T12:01:29.860Z"}
{"level":"debug","message":"[RISK-LOOP] checking 2 open position(s)","timestamp":"2026-09-10T12:03:29.877Z"}
{"level":"debug","message":"[RISK-LOOP] checking 2 open position(s)","timestamp":"2026-09-10T12:05:29.860Z"}
{"level":"debug","message":"[RISK-LOOP] checking 2 open position(s)","timestamp":"2026-09-10T12:07:29.861Z"}
{"level":"info","message":"[MTF-CACHE] 15m refresh complete: 37/37 symbols","timestamp":"2026-09-10T12:08:49.917Z"}
{"level":"debug","message":"[RISK-LOOP] checking 2 open position(s)","timestamp":"2026-09-10T12:09:29.863Z"}
{"level":"debug","message":"[RISK-LOOP] checking 2 open position(s)","timestamp":"2026-09-10T12:11:29.861Z"}
{"level":"debug","message":"[RISK-LOOP] checking 2 open position(s)","timestamp":"2026-09-10T12:13:29.882Z"}
{"level":"debug","message":"[RISK-LOOP] checking 2 open position(s)","timestamp":"2026-09-10T12:15:29.864Z"}
{"level":"debug","message":"[RISK-LOOP] checking 2 open position(s)","timestamp":"2026-09-10T12:17:29.867Z"}
{"level":"debug","message":"[RISK-LOOP] checking 2 open position(s)","timestamp":"2026-09-10T12:19:29.871Z"}
{"level":"debug","message":"[RISK-LOOP] checking 2 open position(s)","timestamp":"2026-09-10T12:21:29.875Z"}
{"level":"debug","message":"[RISK-LOOP] checking 2 open position(s)","timestamp":"2026-09-10T12:23:29.878Z"}
{"level":"info","message":"[MTF-CACHE] 15m refresh complete: 37/37 symbols","timestamp":"2026-09-10T12:23:50.141Z"}
{"level":"debug","message":"[RISK-LOOP] checking 2 open position(s)","timestamp":"2026-09-10T12:25:29.878Z"}
{"level":"debug","message":"[RISK-LOOP] checking 2 open position(s)","timestamp":"2026-09-10T12:27:29.881Z"}
{"level":"debug","message":"[RISK-LOOP] checking 2 open position(s)","timestamp":"2026-09-10T12:29:29.886Z"}
{"level":"debug","message":"[RISK-LOOP] checking 2 open position(s)","timestamp":"2026-09-10T12:31:29.884Z"}
{"level":"debug","message":"[RISK-LOOP] checking 2 open position(s)","timestamp":"2026-09-10T12:33:29.889Z"}
{"level":"debug","message":"[RISK-LOOP] checking 2 open position(s)","timestamp":"2026-09-10T12:35:29.891Z"}
{"level":"debug","message":"[RISK-LOOP] checking 2 open position(s)","timestamp":"2026-09-10T12:37:29.894Z"}
{"level":"info","message":"[MTF-CACHE] 15m refresh complete: 37/37 symbols","timestamp":"2026-09-10T12:38:49.244Z"}
{"level":"debug","message":"[RISK-LOOP] checking 2 open position(s)","timestamp":"2026-09-10T12:39:29.897Z"}
{"level":"debug","message":"[RISK-LOOP] checking 2 open position(s)","timestamp":"2026-09-10T12:41:29.897Z"}
{"level":"debug","message":"[RISK-LOOP] checking 2 open position(s)","timestamp":"2026-09-10T12:43:29.899Z"}
{"level":"debug","message":"[RISK-LOOP] checking 2 open position(s)","timestamp":"2026-09-10T12:45:29.902Z"}
{"level":"debug","message":"[RISK-LOOP] checking 2 open position(s)","timestamp":"2026-09-10T12:47:29.904Z"}
{"level":"debug","message":"[RISK-LOOP] checking 2 open position(s)","timestamp":"2026-09-10T12:49:30.083Z"}
{"level":"debug","message":"[RISK-LOOP] checking 2 open position(s)","timestamp":"2026-09-10T12:51:29.907Z"}
{"level":"debug","message":"[RISK-LOOP] checking 2 open position(s)","timestamp":"2026-09-10T12:53:29.908Z"}
{"level":"info","message":"[MTF-CACHE] 15m refresh complete: 37/37 symbols","timestamp":"2026-09-10T12:53:49.230Z"}
{"level":"debug","message":"[RISK-LOOP] checking 2 open position(s)","timestamp":"2026-09-10T12:55:29.910Z"}
{"level":"debug","message":"[RISK-LOOP] checking 2 open position(s)","timestamp":"2026-09-10T12:57:29.912Z"}
{"level":"debug","message":"[RISK-LOOP] checking 2 open position(s)","timestamp":"2026-09-10T12:59:29.913Z"}
{"level":"error","message":"[LIVE] status fetch failed - binance GET https://api.binance.com/api/v3/account?timestamp=1789045201965&recvWindow=10000&signature=fb4e41245eb86153694fd83811a5e39439221734b07699224ec29423fb7a43e9 500 Internal Server Error <html>\r\n<head><title>500 Internal Server Error</title></head>\r\n<body>\r\n<center><h1>500 Internal Server Error</h1></center>\r\n</body>\r\n</html>\r\n","timestamp":"2026-09-10T13:00:07.059Z"}
{"level":"debug","message":"[RISK-LOOP] checking 2 open position(s)","timestamp":"2026-09-10T13:01:29.917Z"}
{"level":"debug","message":"[RISK-LOOP] checking 2 open position(s)","timestamp":"2026-09-10T13:03:29.914Z"}
{"level":"debug","message":"[RISK-LOOP] checking 2 open position(s)","timestamp":"2026-09-10T13:05:29.921Z"}
{"level":"debug","message":"[RISK-LOOP] checking 2 open position(s)","timestamp":"2026-09-10T13:07:29.920Z"}
{"level":"info","message":"[MTF-CACHE] 15m refresh complete: 37/37 symbols","timestamp":"2026-09-10T13:08:49.402Z"}
{"level":"debug","message":"[RISK-LOOP] checking 2 open position(s)","timestamp":"2026-09-10T13:09:29.920Z"}
{"level":"debug","message":"[RISK-LOOP] checking 2 open position(s)","timestamp":"2026-09-10T13:11:29.922Z"}
{"level":"debug","message":"[RISK-LOOP] checking 2 open position(s)","timestamp":"2026-09-10T13:13:29.925Z"}
{"level":"debug","message":"[RISK-LOOP] checking 2 open position(s)","timestamp":"2026-09-10T13:15:29.945Z"}
{"level":"debug","message":"[RISK-LOOP] checking 2 open position(s)","timestamp":"2026-09-10T13:17:29.925Z"}
{"level":"debug","message":"[RISK-LOOP] checking 2 open position(s)","timestamp":"2026-09-10T13:19:29.926Z"}
{"level":"debug","message":"[RISK-LOOP] checking 2 open position(s)","timestamp":"2026-09-10T13:21:29.926Z"}
{"level":"debug","message":"[RISK-LOOP] checking 2 open position(s)","timestamp":"2026-09-10T13:23:29.929Z"}
{"level":"info","message":"[MTF-CACHE] 15m refresh complete: 37/37 symbols","timestamp":"2026-09-10T13:23:49.682Z"}
{"level":"debug","message":"[RISK-LOOP] checking 2 open position(s)","timestamp":"2026-09-10T13:25:29.931Z"}
{"level":"debug","message":"[RISK-LOOP] checking 2 open position(s)","timestamp":"2026-09-10T13:27:29.932Z"}
{"level":"debug","message":"[RISK-LOOP] checking 2 open position(s)","timestamp":"2026-09-10T13:29:29.934Z"}
{"level":"debug","message":"[RISK-LOOP] checking 2 open position(s)","timestamp":"2026-09-10T13:31:29.933Z"}
{"level":"debug","message":"[RISK-LOOP] checking 2 open position(s)","timestamp":"2026-09-10T13:33:29.933Z"}
{"level":"debug","message":"[RISK-LOOP] checking 2 open position(s)","timestamp":"2026-09-10T13:35:29.935Z"}
{"level":"debug","message":"[RISK-LOOP] checking 2 open position(s)","timestamp":"2026-09-10T13:37:29.947Z"}
{"level":"info","message":"[MTF-CACHE] 15m refresh complete: 37/37 symbols","timestamp":"2026-09-10T13:38:49.570Z"}
{"level":"debug","message":"[RISK-LOOP] checking 2 open position(s)","timestamp":"2026-09-10T13:39:29.937Z"}
{"level":"debug","message":"[RISK-LOOP] checking 2 open position(s)","timestamp":"2026-09-10T13:41:29.939Z"}
{"level":"debug","message":"[RISK-LOOP] checking 2 open position(s)","timestamp":"2026-09-10T13:43:29.938Z"}
{"level":"debug","message":"[RISK-LOOP] checking 2 open position(s)","timestamp":"2026-09-10T13:45:29.941Z"}
{"level":"debug","message":"[RISK-LOOP] checking 2 open position(s)","timestamp":"2026-09-10T13:47:29.940Z"}
{"level":"debug","message":"[RISK-LOOP] checking 2 open position(s)","timestamp":"2026-09-10T13:49:29.942Z"}
{"level":"debug","message":"[RISK-LOOP] checking 2 open position(s)","timestamp":"2026-09-10T13:51:29.942Z"}
{"level":"debug","message":"[RISK-LOOP] checking 2 open position(s)","timestamp":"2026-09-10T13:53:29.944Z"}
{"level":"info","message":"[MTF-CACHE] 15m refresh complete: 37/37 symbols","timestamp":"2026-09-10T13:53:49.372Z"}
{"level":"debug","message":"[RISK-LOOP] checking 2 open position(s)","timestamp":"2026-09-10T13:55:29.944Z"}
{"level":"debug","message":"[RISK-LOOP] checking 2 open position(s)","timestamp":"2026-09-10T13:57:29.945Z"}
{"level":"debug","message":"[RISK-LOOP] checking 2 open position(s)","timestamp":"2026-09-10T13:59:29.945Z"}
{"level":"debug","message":"[RISK-LOOP] checking 2 open position(s)","timestamp":"2026-09-10T14:01:29.949Z"}
{"level":"debug","message":"[RISK-LOOP] checking 2 open position(s)","timestamp":"2026-09-10T14:03:29.947Z"}
{"level":"debug","message":"[RISK-LOOP] checking 2 open position(s)","timestamp":"2026-09-10T14:05:29.944Z"}
{"level":"debug","message":"[RISK-LOOP] checking 2 open position(s)","timestamp":"2026-09-10T14:07:29.947Z"}
{"level":"info","message":"[MTF-CACHE] 15m refresh complete: 37/37 symbols","timestamp":"2026-09-10T14:08:49.232Z"}
{"level":"debug","message":"[RISK-LOOP] checking 2 open position(s)","timestamp":"2026-09-10T14:09:29.948Z"}
{"level":"debug","message":"[RISK-LOOP] checking 2 open position(s)","timestamp":"2026-09-10T14:11:29.955Z"}
{"level":"debug","message":"[RISK-LOOP] checking 2 open position(s)","timestamp":"2026-09-10T14:13:29.966Z"}
{"level":"debug","message":"[RISK-LOOP] checking 2 open position(s)","timestamp":"2026-09-10T14:15:29.949Z"}
{"level":"debug","message":"[RISK-LOOP] checking 2 open position(s)","timestamp":"2026-09-10T14:17:29.951Z"}
{"level":"debug","message":"[RISK-LOOP] checking 2 open position(s)","timestamp":"2026-09-10T14:19:29.951Z"}
{"level":"debug","message":"[RISK-LOOP] checking 2 open position(s)","timestamp":"2026-09-10T14:21:29.959Z"}
{"level":"debug","message":"[RISK-LOOP] checking 2 open position(s)","timestamp":"2026-09-10T14:23:29.974Z"}
{"level":"info","message":"[MTF-CACHE] 15m refresh complete: 37/37 symbols","timestamp":"2026-09-10T14:23:49.863Z"}
{"level":"debug","message":"[RISK-LOOP] checking 2 open position(s)","timestamp":"2026-09-10T14:25:29.949Z"}
{"level":"debug","message":"[RISK-LOOP] checking 2 open position(s)","timestamp":"2026-09-10T14:27:29.950Z"}
{"level":"debug","message":"[RISK-LOOP] checking 2 open position(s)","timestamp":"2026-09-10T14:29:29.958Z"}
{"level":"debug","message":"[RISK-LOOP] checking 2 open position(s)","timestamp":"2026-09-10T14:31:29.954Z"}
{"level":"debug","message":"[RISK-LOOP] checking 2 open position(s)","timestamp":"2026-09-10T14:33:30.034Z"}
{"level":"debug","message":"[RISK-LOOP] checking 2 open position(s)","timestamp":"2026-09-10T14:35:30.056Z"}
{"level":"debug","message":"[RISK-LOOP] checking 2 open position(s)","timestamp":"2026-09-10T14:37:30.122Z"}
{"level":"info","message":"[MTF-CACHE] 15m refresh complete: 37/37 symbols","timestamp":"2026-09-10T14:38:49.242Z"}
{"level":"debug","message":"[RISK-LOOP] checking 2 open position(s)","timestamp":"2026-09-10T14:39:30.155Z"}
{"level":"debug","message":"[RISK-LOOP] checking 2 open position(s)","timestamp":"2026-09-10T14:41:30.143Z"}
{"level":"debug","message":"[RISK-LOOP] checking 2 open position(s)","timestamp":"2026-09-10T14:43:30.139Z"}
{"level":"debug","message":"[RISK-LOOP] checking 2 open position(s)","timestamp":"2026-09-10T14:45:30.139Z"}
{"level":"debug","message":"[RISK-LOOP] checking 2 open position(s)","timestamp":"2026-09-10T14:47:30.139Z"}
{"level":"debug","message":"[RISK-LOOP] checking 2 open position(s)","timestamp":"2026-09-10T14:49:30.138Z"}
{"level":"debug","message":"[RISK-LOOP] checking 2 open position(s)","timestamp":"2026-09-10T14:51:29.964Z"}
{"level":"debug","message":"[RISK-LOOP] checking 2 open position(s)","timestamp":"2026-09-10T14:53:30.416Z"}
{"level":"info","message":"[MTF-CACHE] 15m refresh complete: 37/37 symbols","timestamp":"2026-09-10T14:53:49.469Z"}
{"level":"debug","message":"[RISK-LOOP] checking 2 open position(s)","timestamp":"2026-09-10T14:55:29.963Z"}
{"level":"debug","message":"[RISK-LOOP] checking 2 open position(s)","timestamp":"2026-09-10T14:57:30.176Z"}
{"level":"debug","message":"[RISK-LOOP] checking 2 open position(s)","timestamp":"2026-09-10T14:59:29.967Z"}
{"level":"debug","message":"[RISK-LOOP] checking 2 open position(s)","timestamp":"2026-09-10T15:01:29.963Z"}
{"level":"debug","message":"[RISK-LOOP] checking 2 open position(s)","timestamp":"2026-09-10T15:03:29.966Z"}
{"level":"debug","message":"[RISK-LOOP] checking 2 open position(s)","timestamp":"2026-09-10T15:05:29.969Z"}
{"level":"debug","message":"[RISK-LOOP] checking 2 open position(s)","timestamp":"2026-09-10T15:07:29.970Z"}
{"level":"info","message":"[MTF-CACHE] 15m refresh complete: 37/37 symbols","timestamp":"2026-09-10T15:08:49.338Z"}
{"level":"debug","message":"[RISK-LOOP] checking 2 open position(s)","timestamp":"2026-09-10T15:09:29.974Z"}
{"level":"debug","message":"[RISK-LOOP] checking 2 open position(s)","timestamp":"2026-09-10T15:11:29.979Z"}
{"level":"debug","message":"[RISK-LOOP] checking 2 open position(s)","timestamp":"2026-09-10T15:13:29.982Z"}
{"level":"debug","message":"[RISK-LOOP] checking 2 open position(s)","timestamp":"2026-09-10T15:15:29.982Z"}
{"level":"debug","message":"[RISK-LOOP] checking 2 open position(s)","timestamp":"2026-09-10T15:17:30.012Z"}
{"level":"debug","message":"[RISK-LOOP] checking 2 open position(s)","timestamp":"2026-09-10T15:19:29.988Z"}
{"level":"debug","message":"[RISK-LOOP] checking 2 open position(s)","timestamp":"2026-09-10T15:21:29.994Z"}
{"level":"debug","message":"[RISK-LOOP] checking 2 open position(s)","timestamp":"2026-09-10T15:23:29.995Z"}
{"level":"info","message":"[MTF-CACHE] 15m refresh complete: 37/37 symbols","timestamp":"2026-09-10T15:23:49.308Z"}
{"level":"info","message":"[MTF-CACHE] 4h refresh complete: 37/37 symbols","timestamp":"2026-09-10T15:23:51.323Z"}
{"level":"debug","message":"[RISK-LOOP] checking 2 open position(s)","timestamp":"2026-09-10T15:25:29.999Z"}
{"level":"debug","message":"[RISK-LOOP] checking 2 open position(s)","timestamp":"2026-09-10T15:27:30.003Z"}
{"level":"debug","message":"[RISK-LOOP] checking 2 open position(s)","timestamp":"2026-09-10T15:29:30.006Z"}
{"level":"debug","message":"[RISK-LOOP] checking 2 open position(s)","timestamp":"2026-09-10T15:31:30.010Z"}
{"level":"debug","message":"[RISK-LOOP] checking 2 open position(s)","timestamp":"2026-09-10T15:33:30.009Z"}
{"level":"debug","message":"[RISK-LOOP] checking 2 open position(s)","timestamp":"2026-09-10T15:35:30.013Z"}
{"level":"debug","message":"[RISK-LOOP] checking 2 open position(s)","timestamp":"2026-09-10T15:37:30.012Z"}
{"level":"info","message":"[MTF-CACHE] 15m refresh complete: 37/37 symbols","timestamp":"2026-09-10T15:38:49.466Z"}
{"level":"debug","message":"[RISK-LOOP] checking 2 open position(s)","timestamp":"2026-09-10T15:39:30.018Z"}
{"level":"debug","message":"[RISK-LOOP] checking 2 open position(s)","timestamp":"2026-09-10T15:41:30.018Z"}
{"level":"debug","message":"[RISK-LOOP] checking 2 open position(s)","timestamp":"2026-09-10T15:43:30.022Z"}
{"level":"debug","message":"[RISK-LOOP] checking 2 open position(s)","timestamp":"2026-09-10T15:45:30.026Z"}
{"level":"debug","message":"[RISK-LOOP] checking 2 open position(s)","timestamp":"2026-09-10T15:47:30.023Z"}
{"level":"debug","message":"[RISK-LOOP] checking 2 open position(s)","timestamp":"2026-09-10T15:49:30.025Z"}
{"level":"debug","message":"[RISK-LOOP] checking 2 open position(s)","timestamp":"2026-09-10T15:51:30.032Z"}
{"level":"debug","message":"[RISK-LOOP] checking 2 open position(s)","timestamp":"2026-09-10T15:53:30.028Z"}
{"level":"info","message":"[MTF-CACHE] 15m refresh complete: 37/37 symbols","timestamp":"2026-09-10T15:53:49.244Z"}
{"level":"debug","message":"[RISK-LOOP] checking 2 open position(s)","timestamp":"2026-09-10T15:55:30.031Z"}
{"level":"debug","message":"[RISK-LOOP] checking 2 open position(s)","timestamp":"2026-09-10T15:57:30.033Z"}
{"level":"debug","message":"[RISK-LOOP] checking 2 open position(s)","timestamp":"2026-09-10T15:59:30.037Z"}
{"level":"debug","message":"[RISK-LOOP] checking 2 open position(s)","timestamp":"2026-09-10T16:01:30.036Z"}
{"level":"debug","message":"[RISK-LOOP] checking 2 open position(s)","timestamp":"2026-09-10T16:03:30.038Z"}
{"level":"debug","message":"[RISK-LOOP] checking 2 open position(s)","timestamp":"2026-09-10T16:05:30.038Z"}
{"level":"debug","message":"[RISK-LOOP] checking 2 open position(s)","timestamp":"2026-09-10T16:07:30.038Z"}
{"level":"info","message":"[MTF-CACHE] 15m refresh complete: 37/37 symbols","timestamp":"2026-09-10T16:08:49.487Z"}
{"level":"debug","message":"[RISK-LOOP] checking 2 open position(s)","timestamp":"2026-09-10T16:09:30.039Z"}
{"level":"debug","message":"[RISK-LOOP] checking 2 open position(s)","timestamp":"2026-09-10T16:11:30.042Z"}
{"level":"debug","message":"[RISK-LOOP] checking 2 open position(s)","timestamp":"2026-09-10T16:13:30.042Z"}
{"level":"debug","message":"[RISK-LOOP] checking 2 open position(s)","timestamp":"2026-09-10T16:15:30.046Z"}
{"level":"debug","message":"[RISK-LOOP] checking 2 open position(s)","timestamp":"2026-09-10T16:17:30.044Z"}
{"level":"debug","message":"[RISK-LOOP] checking 2 open position(s)","timestamp":"2026-09-10T16:19:30.049Z"}
{"level":"debug","message":"[RISK-LOOP] checking 2 open position(s)","timestamp":"2026-09-10T16:21:30.051Z"}
{"level":"debug","message":"[RISK-LOOP] checking 2 open position(s)","timestamp":"2026-09-10T16:23:30.047Z"}
{"level":"info","message":"[MTF-CACHE] 15m refresh complete: 37/37 symbols","timestamp":"2026-09-10T16:23:49.791Z"}
{"level":"debug","message":"[RISK-LOOP] checking 2 open position(s)","timestamp":"2026-09-10T16:25:30.048Z"}
{"level":"debug","message":"[RISK-LOOP] checking 2 open position(s)","timestamp":"2026-09-10T16:27:30.050Z"}
{"level":"debug","message":"[RISK-LOOP] checking 2 open position(s)","timestamp":"2026-09-10T16:29:30.046Z"}
{"level":"debug","message":"[RISK-LOOP] checking 2 open position(s)","timestamp":"2026-09-10T16:31:30.052Z"}
{"level":"debug","message":"[RISK-LOOP] checking 2 open position(s)","timestamp":"2026-09-10T16:33:30.051Z"}
{"level":"debug","message":"[RISK-LOOP] checking 2 open position(s)","timestamp":"2026-09-10T16:35:30.052Z"}
{"level":"debug","message":"[RISK-LOOP] checking 2 open position(s)","timestamp":"2026-09-10T16:37:30.052Z"}
{"level":"info","message":"[MTF-CACHE] 15m refresh complete: 37/37 symbols","timestamp":"2026-09-10T16:38:49.277Z"}
{"level":"debug","message":"[RISK-LOOP] checking 2 open position(s)","timestamp":"2026-09-10T16:39:30.055Z"}
{"level":"debug","message":"[RISK-LOOP] checking 2 open position(s)","timestamp":"2026-09-10T16:41:30.055Z"}
{"level":"debug","message":"[RISK-LOOP] checking 2 open position(s)","timestamp":"2026-09-10T16:43:30.055Z"}
{"level":"debug","message":"[RISK-LOOP] checking 2 open position(s)","timestamp":"2026-09-10T16:45:30.055Z"}
{"level":"debug","message":"[RISK-LOOP] checking 2 open position(s)","timestamp":"2026-09-10T16:47:30.060Z"}
{"level":"debug","message":"[RISK-LOOP] checking 2 open position(s)","timestamp":"2026-09-10T16:49:30.056Z"}
{"level":"debug","message":"[RISK-LOOP] checking 2 open position(s)","timestamp":"2026-09-10T16:51:30.060Z"}
{"level":"debug","message":"[RISK-LOOP] checking 2 open position(s)","timestamp":"2026-09-10T16:53:30.061Z"}
{"level":"info","message":"[MTF-CACHE] 15m refresh complete: 37/37 symbols","timestamp":"2026-09-10T16:53:49.526Z"}
{"level":"debug","message":"[RISK-LOOP] checking 2 open position(s)","timestamp":"2026-09-10T16:55:30.059Z"}
{"level":"debug","message":"[RISK-LOOP] checking 2 open position(s)","timestamp":"2026-09-10T16:57:30.061Z"}
{"level":"debug","message":"[RISK-LOOP] checking 2 open position(s)","timestamp":"2026-09-10T16:59:30.059Z"}
{"level":"debug","message":"[RISK-LOOP] checking 2 open position(s)","timestamp":"2026-09-10T17:01:30.067Z"}
{"level":"debug","message":"[RISK-LOOP] checking 2 open position(s)","timestamp":"2026-09-10T17:03:30.164Z"}
{"level":"debug","message":"[RISK-LOOP] checking 2 open position(s)","timestamp":"2026-09-10T17:05:30.074Z"}
{"level":"debug","message":"[RISK-LOOP] checking 2 open position(s)","timestamp":"2026-09-10T17:07:30.064Z"}
{"level":"info","message":"[MTF-CACHE] 15m refresh complete: 37/37 symbols","timestamp":"2026-09-10T17:08:49.566Z"}
{"level":"debug","message":"[RISK-LOOP] checking 2 open position(s)","timestamp":"2026-09-10T17:09:30.061Z"}
{"level":"debug","message":"[RISK-LOOP] checking 2 open position(s)","timestamp":"2026-09-10T17:11:30.061Z"}
{"level":"debug","message":"[RISK-LOOP] checking 2 open position(s)","timestamp":"2026-09-10T17:13:30.094Z"}
{"level":"debug","message":"[RISK-LOOP] checking 2 open position(s)","timestamp":"2026-09-10T17:15:30.062Z"}
{"level":"debug","message":"[RISK-LOOP] checking 2 open position(s)","timestamp":"2026-09-10T17:17:30.063Z"}
{"level":"debug","message":"[RISK-LOOP] checking 2 open position(s)","timestamp":"2026-09-10T17:19:30.061Z"}
{"level":"debug","message":"[RISK-LOOP] checking 2 open position(s)","timestamp":"2026-09-10T17:21:30.078Z"}
{"level":"debug","message":"[RISK-LOOP] checking 2 open position(s)","timestamp":"2026-09-10T17:23:30.145Z"}
{"level":"info","message":"[MTF-CACHE] 15m refresh complete: 37/37 symbols","timestamp":"2026-09-10T17:23:49.247Z"}
{"level":"debug","message":"[RISK-LOOP] checking 2 open position(s)","timestamp":"2026-09-10T17:25:30.134Z"}
{"level":"debug","message":"[RISK-LOOP] checking 2 open position(s)","timestamp":"2026-09-10T17:27:30.185Z"}
{"level":"debug","message":"[RISK-LOOP] checking 2 open position(s)","timestamp":"2026-09-10T17:29:30.237Z"}
{"level":"debug","message":"[RISK-LOOP] checking 2 open position(s)","timestamp":"2026-09-10T17:31:30.291Z"}
{"level":"debug","message":"[RISK-LOOP] checking 2 open position(s)","timestamp":"2026-09-10T17:33:30.252Z"}
{"level":"debug","message":"[RISK-LOOP] checking 2 open position(s)","timestamp":"2026-09-10T17:35:30.252Z"}
{"level":"debug","message":"[RISK-LOOP] checking 2 open position(s)","timestamp":"2026-09-10T17:37:30.254Z"}
{"level":"info","message":"[MTF-CACHE] 15m refresh complete: 37/37 symbols","timestamp":"2026-09-10T17:38:49.236Z"}
{"level":"debug","message":"[RISK-LOOP] checking 2 open position(s)","timestamp":"2026-09-10T17:39:30.260Z"}
{"level":"debug","message":"[RISK-LOOP] checking 2 open position(s)","timestamp":"2026-09-10T17:41:30.257Z"}
{"level":"debug","message":"[RISK-LOOP] checking 2 open position(s)","timestamp":"2026-09-10T17:43:30.084Z"}
{"level":"debug","message":"[RISK-LOOP] checking 2 open position(s)","timestamp":"2026-09-10T17:45:30.074Z"}
{"level":"debug","message":"[RISK-LOOP] checking 2 open position(s)","timestamp":"2026-09-10T17:47:30.080Z"}
{"level":"debug","message":"[RISK-LOOP] checking 2 open position(s)","timestamp":"2026-09-10T17:49:30.084Z"}
{"level":"debug","message":"[RISK-LOOP] checking 2 open position(s)","timestamp":"2026-09-10T17:51:30.088Z"}
{"level":"debug","message":"[RISK-LOOP] checking 2 open position(s)","timestamp":"2026-09-10T17:53:30.092Z"}
{"level":"info","message":"[MTF-CACHE] 15m refresh complete: 37/37 symbols","timestamp":"2026-09-10T17:53:49.743Z"}
{"level":"debug","message":"[RISK-LOOP] checking 2 open position(s)","timestamp":"2026-09-10T17:55:30.093Z"}
{"level":"debug","message":"[RISK-LOOP] checking 2 open position(s)","timestamp":"2026-09-10T17:57:30.098Z"}
{"level":"debug","message":"[RISK-LOOP] checking 2 open position(s)","timestamp":"2026-09-10T17:59:30.101Z"}
{"level":"debug","message":"[RISK-LOOP] checking 2 open position(s)","timestamp":"2026-09-10T18:01:30.103Z"}
{"level":"debug","message":"[RISK-LOOP] checking 2 open position(s)","timestamp":"2026-09-10T18:03:30.108Z"}
{"level":"debug","message":"[RISK-LOOP] checking 2 open position(s)","timestamp":"2026-09-10T18:05:30.111Z"}
{"level":"debug","message":"[RISK-LOOP] checking 2 open position(s)","timestamp":"2026-09-10T18:07:30.116Z"}
{"level":"info","message":"[MTF-CACHE] 15m refresh complete: 37/37 symbols","timestamp":"2026-09-10T18:08:49.599Z"}
{"level":"debug","message":"[RISK-LOOP] checking 2 open position(s)","timestamp":"2026-09-10T18:09:30.118Z"}
{"level":"debug","message":"[RISK-LOOP] checking 2 open position(s)","timestamp":"2026-09-10T18:11:30.121Z"}
{"level":"debug","message":"[RISK-LOOP] checking 2 open position(s)","timestamp":"2026-09-10T18:13:30.133Z"}
{"level":"debug","message":"[RISK-LOOP] checking 2 open position(s)","timestamp":"2026-09-10T18:15:30.124Z"}
{"level":"debug","message":"[RISK-LOOP] checking 2 open position(s)","timestamp":"2026-09-10T18:17:30.128Z"}
{"level":"debug","message":"[RISK-LOOP] checking 2 open position(s)","timestamp":"2026-09-10T18:19:30.131Z"}
{"level":"debug","message":"[RISK-LOOP] checking 2 open position(s)","timestamp":"2026-09-10T18:21:30.140Z"}
{"level":"debug","message":"[RISK-LOOP] checking 2 open position(s)","timestamp":"2026-09-10T18:23:30.137Z"}
{"level":"info","message":"[MTF-CACHE] 15m refresh complete: 37/37 symbols","timestamp":"2026-09-10T18:23:49.297Z"}
{"level":"debug","message":"[RISK-LOOP] checking 2 open position(s)","timestamp":"2026-09-10T18:25:30.142Z"}
{"level":"debug","message":"[RISK-LOOP] checking 2 open position(s)","timestamp":"2026-09-10T18:27:30.145Z"}
{"level":"debug","message":"[RISK-LOOP] checking 2 open position(s)","timestamp":"2026-09-10T18:29:30.149Z"}
{"level":"debug","message":"[RISK-LOOP] checking 2 open position(s)","timestamp":"2026-09-10T18:31:30.149Z"}
{"level":"debug","message":"[RISK-LOOP] checking 2 open position(s)","timestamp":"2026-09-10T18:33:30.149Z"}
{"level":"debug","message":"[RISK-LOOP] checking 2 open position(s)","timestamp":"2026-09-10T18:35:30.154Z"}
{"level":"debug","message":"[RISK-LOOP] checking 2 open position(s)","timestamp":"2026-09-10T18:37:30.156Z"}
{"level":"info","message":"[MTF-CACHE] 15m refresh complete: 37/37 symbols","timestamp":"2026-09-10T18:38:49.603Z"}
{"level":"debug","message":"[RISK-LOOP] checking 2 open position(s)","timestamp":"2026-09-10T18:39:30.162Z"}
{"level":"debug","message":"[RISK-LOOP] checking 2 open position(s)","timestamp":"2026-09-10T18:41:30.164Z"}
{"level":"debug","message":"[RISK-LOOP] checking 2 open position(s)","timestamp":"2026-09-10T18:43:30.164Z"}
{"level":"debug","message":"[RISK-LOOP] checking 2 open position(s)","timestamp":"2026-09-10T18:45:30.162Z"}
{"level":"debug","message":"[RISK-LOOP] checking 2 open position(s)","timestamp":"2026-09-10T18:47:30.163Z"}
{"level":"debug","message":"[RISK-LOOP] checking 2 open position(s)","timestamp":"2026-09-10T18:49:30.165Z"}
{"level":"debug","message":"[RISK-LOOP] checking 2 open position(s)","timestamp":"2026-09-10T18:51:30.166Z"}
{"level":"debug","message":"[RISK-LOOP] checking 2 open position(s)","timestamp":"2026-09-10T18:53:30.170Z"}
{"level":"info","message":"[MTF-CACHE] 15m refresh complete: 37/37 symbols","timestamp":"2026-09-10T18:53:49.319Z"}
{"level":"debug","message":"[RISK-LOOP] checking 2 open position(s)","timestamp":"2026-09-10T18:55:30.170Z"}
{"level":"debug","message":"[RISK-LOOP] checking 2 open position(s)","timestamp":"2026-09-10T18:57:30.175Z"}
{"level":"debug","message":"[RISK-LOOP] checking 2 open position(s)","timestamp":"2026-09-10T18:59:30.174Z"}
{"level":"debug","message":"[RISK-LOOP] checking 2 open position(s)","timestamp":"2026-09-10T19:01:30.180Z"}
{"level":"debug","message":"[RISK-LOOP] checking 2 open position(s)","timestamp":"2026-09-10T19:03:30.173Z"}
{"level":"debug","message":"[RISK-LOOP] checking 2 open position(s)","timestamp":"2026-09-10T19:05:30.176Z"}
{"level":"debug","message":"[RISK-LOOP] checking 2 open position(s)","timestamp":"2026-09-10T19:07:30.171Z"}
{"level":"info","message":"[MTF-CACHE] 15m refresh complete: 37/37 symbols","timestamp":"2026-09-10T19:08:49.906Z"}
{"level":"debug","message":"[RISK-LOOP] checking 2 open position(s)","timestamp":"2026-09-10T19:09:30.176Z"}
{"level":"debug","message":"[RISK-LOOP] checking 2 open position(s)","timestamp":"2026-09-10T19:11:30.181Z"}
{"level":"debug","message":"[RISK-LOOP] checking 2 open position(s)","timestamp":"2026-09-10T19:13:30.188Z"}
{"level":"debug","message":"[RISK-LOOP] checking 2 open position(s)","timestamp":"2026-09-10T19:15:30.184Z"}
{"level":"debug","message":"[RISK-LOOP] checking 2 open position(s)","timestamp":"2026-09-10T19:17:30.183Z"}
{"level":"debug","message":"[RISK-LOOP] checking 2 open position(s)","timestamp":"2026-09-10T19:19:30.184Z"}
{"level":"debug","message":"[RISK-LOOP] checking 2 open position(s)","timestamp":"2026-09-10T19:21:30.187Z"}
{"level":"debug","message":"[RISK-LOOP] checking 2 open position(s)","timestamp":"2026-09-10T19:23:30.189Z"}
{"level":"info","message":"[MTF-CACHE] 15m refresh complete: 37/37 symbols","timestamp":"2026-09-10T19:23:49.396Z"}
{"level":"info","message":"[MTF-CACHE] 4h refresh complete: 37/37 symbols","timestamp":"2026-09-10T19:23:51.317Z"}
{"level":"debug","message":"[RISK-LOOP] checking 2 open position(s)","timestamp":"2026-09-10T19:25:30.190Z"}
{"level":"debug","message":"[RISK-LOOP] checking 2 open position(s)","timestamp":"2026-09-10T19:27:30.187Z"}
{"level":"debug","message":"[RISK-LOOP] checking 2 open position(s)","timestamp":"2026-09-10T19:29:30.190Z"}
{"level":"debug","message":"[RISK-LOOP] checking 2 open position(s)","timestamp":"2026-09-10T19:31:30.197Z"}
{"level":"debug","message":"[RISK-LOOP] checking 2 open position(s)","timestamp":"2026-09-10T19:33:30.191Z"}
{"level":"debug","message":"[RISK-LOOP] checking 2 open position(s)","timestamp":"2026-09-10T19:35:30.201Z"}
{"level":"debug","message":"[RISK-LOOP] checking 2 open position(s)","timestamp":"2026-09-10T19:37:30.193Z"}
{"level":"info","message":"[MTF-CACHE] 15m refresh complete: 37/37 symbols","timestamp":"2026-09-10T19:38:49.330Z"}
{"level":"debug","message":"[RISK-LOOP] checking 2 open position(s)","timestamp":"2026-09-10T19:39:30.215Z"}
{"level":"debug","message":"[RISK-LOOP] checking 2 open position(s)","timestamp":"2026-09-10T19:41:30.193Z"}
{"level":"debug","message":"[RISK-LOOP] checking 2 open position(s)","timestamp":"2026-09-10T19:43:30.193Z"}
{"level":"debug","message":"[RISK-LOOP] checking 2 open position(s)","timestamp":"2026-09-10T19:45:30.191Z"}
{"level":"debug","message":"[RISK-LOOP] checking 2 open position(s)","timestamp":"2026-09-10T19:47:30.193Z"}
{"level":"debug","message":"[RISK-LOOP] checking 2 open position(s)","timestamp":"2026-09-10T19:49:30.201Z"}
{"level":"debug","message":"[RISK-LOOP] checking 2 open position(s)","timestamp":"2026-09-10T19:51:30.195Z"}
{"level":"debug","message":"[RISK-LOOP] checking 2 open position(s)","timestamp":"2026-09-10T19:53:30.197Z"}
{"level":"info","message":"[MTF-CACHE] 15m refresh complete: 37/37 symbols","timestamp":"2026-09-10T19:53:49.469Z"}
{"level":"debug","message":"[RISK-LOOP] checking 2 open position(s)","timestamp":"2026-09-10T19:55:30.199Z"}
{"level":"debug","message":"[RISK-LOOP] checking 2 open position(s)","timestamp":"2026-09-10T19:57:30.199Z"}
{"level":"debug","message":"[RISK-LOOP] checking 2 open position(s)","timestamp":"2026-09-10T19:59:30.200Z"}
{"level":"debug","message":"[RISK-LOOP] checking 2 open position(s)","timestamp":"2026-09-10T20:01:30.198Z"}
{"level":"debug","message":"[RISK-LOOP] checking 2 open position(s)","timestamp":"2026-09-10T20:03:30.196Z"}
{"level":"debug","message":"[RISK-LOOP] checking 2 open position(s)","timestamp":"2026-09-10T20:05:30.200Z"}
{"level":"debug","message":"[RISK-LOOP] checking 2 open position(s)","timestamp":"2026-09-10T20:07:30.201Z"}
{"level":"info","message":"[MTF-CACHE] 15m refresh complete: 37/37 symbols","timestamp":"2026-09-10T20:08:49.758Z"}
{"level":"debug","message":"[RISK-LOOP] checking 2 open position(s)","timestamp":"2026-09-10T20:09:30.199Z"}
{"level":"debug","message":"[RISK-LOOP] checking 2 open position(s)","timestamp":"2026-09-10T20:11:30.199Z"}
{"level":"debug","message":"[RISK-LOOP] checking 2 open position(s)","timestamp":"2026-09-10T20:13:30.267Z"}
{"level":"debug","message":"[RISK-LOOP] checking 2 open position(s)","timestamp":"2026-09-10T20:15:30.293Z"}
{"level":"debug","message":"[RISK-LOOP] checking 2 open position(s)","timestamp":"2026-09-10T20:17:30.356Z"}
{"level":"debug","message":"[RISK-LOOP] checking 2 open position(s)","timestamp":"2026-09-10T20:19:30.414Z"}
{"level":"debug","message":"[RISK-LOOP] checking 2 open position(s)","timestamp":"2026-09-10T20:21:30.381Z"}
{"level":"debug","message":"[RISK-LOOP] checking 2 open position(s)","timestamp":"2026-09-10T20:23:30.382Z"}
{"level":"info","message":"[MTF-CACHE] 15m refresh complete: 37/37 symbols","timestamp":"2026-09-10T20:23:49.339Z"}
{"level":"debug","message":"[RISK-LOOP] checking 2 open position(s)","timestamp":"2026-09-10T20:25:30.379Z"}
{"level":"debug","message":"[RISK-LOOP] checking 2 open position(s)","timestamp":"2026-09-10T20:27:30.204Z"}
{"level":"debug","message":"[RISK-LOOP] checking 2 open position(s)","timestamp":"2026-09-10T20:29:30.208Z"}
{"level":"debug","message":"[RISK-LOOP] checking 2 open position(s)","timestamp":"2026-09-10T20:31:30.211Z"}
{"level":"debug","message":"[RISK-LOOP] checking 2 open position(s)","timestamp":"2026-09-10T20:33:30.209Z"}
{"level":"debug","message":"[RISK-LOOP] checking 2 open position(s)","timestamp":"2026-09-10T20:35:30.219Z"}
{"level":"debug","message":"[RISK-LOOP] checking 2 open position(s)","timestamp":"2026-09-10T20:37:30.220Z"}
{"level":"info","message":"[MTF-CACHE] 15m refresh complete: 37/37 symbols","timestamp":"2026-09-10T20:38:49.355Z"}
{"level":"debug","message":"[RISK-LOOP] checking 2 open position(s)","timestamp":"2026-09-10T20:39:30.223Z"}
{"level":"debug","message":"[RISK-LOOP] checking 2 open position(s)","timestamp":"2026-09-10T20:41:30.227Z"}
{"level":"debug","message":"[RISK-LOOP] checking 2 open position(s)","timestamp":"2026-09-10T20:43:30.226Z"}
{"level":"debug","message":"[RISK-LOOP] checking 2 open position(s)","timestamp":"2026-09-10T20:45:30.229Z"}
{"level":"debug","message":"[RISK-LOOP] checking 2 open position(s)","timestamp":"2026-09-10T20:47:30.232Z"}
{"level":"debug","message":"[RISK-LOOP] checking 2 open position(s)","timestamp":"2026-09-10T20:49:30.236Z"}
{"level":"debug","message":"[RISK-LOOP] checking 2 open position(s)","timestamp":"2026-09-10T20:51:30.245Z"}
{"level":"debug","message":"[RISK-LOOP] checking 2 open position(s)","timestamp":"2026-09-10T20:53:30.243Z"}
{"level":"info","message":"[MTF-CACHE] 15m refresh complete: 37/37 symbols","timestamp":"2026-09-10T20:53:49.279Z"}
{"level":"debug","message":"[RISK-LOOP] checking 2 open position(s)","timestamp":"2026-09-10T20:55:30.248Z"}
{"level":"debug","message":"[RISK-LOOP] checking 2 open position(s)","timestamp":"2026-09-10T20:57:30.249Z"}
{"level":"debug","message":"[RISK-LOOP] checking 2 open position(s)","timestamp":"2026-09-10T20:59:30.254Z"}
{"level":"debug","message":"[RISK-LOOP] checking 2 open position(s)","timestamp":"2026-09-10T21:01:30.257Z"}
{"level":"debug","message":"[RISK-LOOP] checking 2 open position(s)","timestamp":"2026-09-10T21:03:30.255Z"}
{"level":"debug","message":"[RISK-LOOP] checking 2 open position(s)","timestamp":"2026-09-10T21:05:30.263Z"}
{"level":"debug","message":"[RISK-LOOP] checking 2 open position(s)","timestamp":"2026-09-10T21:07:30.263Z"}
{"level":"info","message":"[MTF-CACHE] 15m refresh complete: 37/37 symbols","timestamp":"2026-09-10T21:08:49.772Z"}
{"level":"debug","message":"[RISK-LOOP] checking 2 open position(s)","timestamp":"2026-09-10T21:09:30.263Z"}
{"level":"debug","message":"[RISK-LOOP] checking 2 open position(s)","timestamp":"2026-09-10T21:11:30.267Z"}
{"level":"debug","message":"[RISK-LOOP] checking 2 open position(s)","timestamp":"2026-09-10T21:13:30.274Z"}
{"level":"debug","message":"[RISK-LOOP] checking 2 open position(s)","timestamp":"2026-09-10T21:15:30.267Z"}
{"level":"debug","message":"[RISK-LOOP] checking 2 open position(s)","timestamp":"2026-09-10T21:17:30.271Z"}
{"level":"debug","message":"[RISK-LOOP] checking 2 open position(s)","timestamp":"2026-09-10T21:19:30.274Z"}
{"level":"debug","message":"[RISK-LOOP] checking 2 open position(s)","timestamp":"2026-09-10T21:21:30.276Z"}
{"level":"debug","message":"[RISK-LOOP] checking 2 open position(s)","timestamp":"2026-09-10T21:23:30.294Z"}
{"level":"info","message":"[MTF-CACHE] 15m refresh complete: 37/37 symbols","timestamp":"2026-09-10T21:23:49.743Z"}
{"level":"debug","message":"[RISK-LOOP] checking 2 open position(s)","timestamp":"2026-09-10T21:25:30.278Z"}
{"level":"debug","message":"[RISK-LOOP] checking 2 open position(s)","timestamp":"2026-09-10T21:27:30.281Z"}
{"level":"debug","message":"[RISK-LOOP] checking 2 open position(s)","timestamp":"2026-09-10T21:29:30.280Z"}
{"level":"debug","message":"[RISK-LOOP] checking 2 open position(s)","timestamp":"2026-09-10T21:31:30.286Z"}
{"level":"debug","message":"[RISK-LOOP] checking 2 open position(s)","timestamp":"2026-09-10T21:33:30.292Z"}
{"level":"debug","message":"[RISK-LOOP] checking 2 open position(s)","timestamp":"2026-09-10T21:35:30.291Z"}
{"level":"debug","message":"[RISK-LOOP] checking 2 open position(s)","timestamp":"2026-09-10T21:37:30.287Z"}
{"level":"info","message":"[MTF-CACHE] 15m refresh complete: 37/37 symbols","timestamp":"2026-09-10T21:38:49.291Z"}
{"level":"debug","message":"[RISK-LOOP] checking 2 open position(s)","timestamp":"2026-09-10T21:39:30.288Z"}
{"level":"debug","message":"[RISK-LOOP] checking 2 open position(s)","timestamp":"2026-09-10T21:41:30.291Z"}
{"level":"debug","message":"[RISK-LOOP] checking 2 open position(s)","timestamp":"2026-09-10T21:43:30.306Z"}
{"level":"debug","message":"[RISK-LOOP] checking 2 open position(s)","timestamp":"2026-09-10T21:45:30.291Z"}
{"level":"debug","message":"[RISK-LOOP] checking 2 open position(s)","timestamp":"2026-09-10T21:47:30.294Z"}
{"level":"debug","message":"[RISK-LOOP] checking 2 open position(s)","timestamp":"2026-09-10T21:49:30.297Z"}
{"level":"debug","message":"[RISK-LOOP] checking 2 open position(s)","timestamp":"2026-09-10T21:51:30.297Z"}
{"level":"debug","message":"[RISK-LOOP] checking 2 open position(s)","timestamp":"2026-09-10T21:53:30.297Z"}
{"level":"info","message":"[MTF-CACHE] 15m refresh complete: 37/37 symbols","timestamp":"2026-09-10T21:53:49.239Z"}
{"level":"debug","message":"[RISK-LOOP] checking 2 open position(s)","timestamp":"2026-09-10T21:55:30.298Z"}
{"level":"debug","message":"[RISK-LOOP] checking 2 open position(s)","timestamp":"2026-09-10T21:57:30.304Z"}
{"level":"debug","message":"[RISK-LOOP] checking 2 open position(s)","timestamp":"2026-09-10T21:59:30.306Z"}
{"level":"debug","message":"[RISK-LOOP] checking 2 open position(s)","timestamp":"2026-09-10T22:01:30.305Z"}
{"level":"debug","message":"[RISK-LOOP] checking 2 open position(s)","timestamp":"2026-09-10T22:03:30.308Z"}
{"level":"debug","message":"[RISK-LOOP] checking 2 open position(s)","timestamp":"2026-09-10T22:05:30.308Z"}
{"level":"debug","message":"[RISK-LOOP] checking 2 open position(s)","timestamp":"2026-09-10T22:07:30.311Z"}
{"level":"info","message":"[MTF-CACHE] 15m refresh complete: 37/37 symbols","timestamp":"2026-09-10T22:08:49.694Z"}
{"level":"debug","message":"[RISK-LOOP] checking 2 open position(s)","timestamp":"2026-09-10T22:09:30.315Z"}
{"level":"debug","message":"[RISK-LOOP] checking 2 open position(s)","timestamp":"2026-09-10T22:11:30.775Z"}
{"level":"debug","message":"[RISK-LOOP] checking 2 open position(s)","timestamp":"2026-09-10T22:13:30.316Z"}
{"level":"debug","message":"[RISK-LOOP] checking 2 open position(s)","timestamp":"2026-09-10T22:15:30.318Z"}
{"level":"debug","message":"[RISK-LOOP] checking 2 open position(s)","timestamp":"2026-09-10T22:17:30.321Z"}
{"level":"debug","message":"[RISK-LOOP] checking 2 open position(s)","timestamp":"2026-09-10T22:19:30.318Z"}
{"level":"debug","message":"[RISK-LOOP] checking 2 open position(s)","timestamp":"2026-09-10T22:21:30.324Z"}
{"level":"debug","message":"[RISK-LOOP] checking 2 open position(s)","timestamp":"2026-09-10T22:23:30.323Z"}
{"level":"info","message":"[MTF-CACHE] 15m refresh complete: 37/37 symbols","timestamp":"2026-09-10T22:23:50.170Z"}
{"level":"debug","message":"[RISK-LOOP] checking 2 open position(s)","timestamp":"2026-09-10T22:25:30.324Z"}
{"level":"debug","message":"[RISK-LOOP] checking 2 open position(s)","timestamp":"2026-09-10T22:27:30.326Z"}
{"level":"debug","message":"[RISK-LOOP] checking 2 open position(s)","timestamp":"2026-09-10T22:29:30.329Z"}
{"level":"debug","message":"[RISK-LOOP] checking 2 open position(s)","timestamp":"2026-09-10T22:31:30.329Z"}
{"level":"debug","message":"[RISK-LOOP] checking 2 open position(s)","timestamp":"2026-09-10T22:33:30.331Z"}
{"level":"debug","message":"[RISK-LOOP] checking 2 open position(s)","timestamp":"2026-09-10T22:35:30.332Z"}
{"level":"debug","message":"[RISK-LOOP] checking 2 open position(s)","timestamp":"2026-09-10T22:37:30.331Z"}
{"level":"info","message":"[MTF-CACHE] 15m refresh complete: 37/37 symbols","timestamp":"2026-09-10T22:38:49.287Z"}
{"level":"debug","message":"[RISK-LOOP] checking 2 open position(s)","timestamp":"2026-09-10T22:39:30.332Z"}
{"level":"debug","message":"[RISK-LOOP] checking 2 open position(s)","timestamp":"2026-09-10T22:41:30.333Z"}
{"level":"debug","message":"[RISK-LOOP] checking 2 open position(s)","timestamp":"2026-09-10T22:43:30.334Z"}
{"level":"debug","message":"[RISK-LOOP] checking 2 open position(s)","timestamp":"2026-09-10T22:45:30.331Z"}
{"level":"debug","message":"[RISK-LOOP] checking 2 open position(s)","timestamp":"2026-09-10T22:47:30.335Z"}
{"level":"debug","message":"[RISK-LOOP] checking 2 open position(s)","timestamp":"2026-09-10T22:49:30.333Z"}
{"level":"debug","message":"[RISK-LOOP] checking 2 open position(s)","timestamp":"2026-09-10T22:51:30.337Z"}
{"level":"debug","message":"[RISK-LOOP] checking 2 open position(s)","timestamp":"2026-09-10T22:53:30.333Z"}
{"level":"info","message":"[MTF-CACHE] 15m refresh complete: 37/37 symbols","timestamp":"2026-09-10T22:53:49.467Z"}
{"level":"debug","message":"[RISK-LOOP] checking 2 open position(s)","timestamp":"2026-09-10T22:55:30.335Z"}
{"level":"debug","message":"[RISK-LOOP] checking 2 open position(s)","timestamp":"2026-09-10T22:57:30.334Z"}
{"level":"debug","message":"[RISK-LOOP] checking 2 open position(s)","timestamp":"2026-09-10T22:59:30.404Z"}
{"level":"debug","message":"[RISK-LOOP] checking 2 open position(s)","timestamp":"2026-09-10T23:01:30.336Z"}
{"level":"debug","message":"[RISK-LOOP] checking 2 open position(s)","timestamp":"2026-09-10T23:03:30.337Z"}
{"level":"debug","message":"[RISK-LOOP] checking 2 open position(s)","timestamp":"2026-09-10T23:05:30.335Z"}
{"level":"debug","message":"[RISK-LOOP] checking 2 open position(s)","timestamp":"2026-09-10T23:07:30.336Z"}
{"level":"info","message":"[MTF-CACHE] 15m refresh complete: 37/37 symbols","timestamp":"2026-09-10T23:08:49.405Z"}
{"level":"debug","message":"[RISK-LOOP] checking 2 open position(s)","timestamp":"2026-09-10T23:09:30.337Z"}
{"level":"debug","message":"[RISK-LOOP] checking 2 open position(s)","timestamp":"2026-09-10T23:11:30.336Z"}
{"level":"debug","message":"[RISK-LOOP] checking 2 open position(s)","timestamp":"2026-09-10T23:13:30.376Z"}
{"level":"debug","message":"[RISK-LOOP] checking 2 open position(s)","timestamp":"2026-09-10T23:15:30.349Z"}
{"level":"debug","message":"[RISK-LOOP] checking 2 open position(s)","timestamp":"2026-09-10T23:17:30.421Z"}
{"level":"debug","message":"[RISK-LOOP] checking 2 open position(s)","timestamp":"2026-09-10T23:19:30.492Z"}
{"level":"debug","message":"[RISK-LOOP] checking 2 open position(s)","timestamp":"2026-09-10T23:21:30.558Z"}
{"level":"debug","message":"[RISK-LOOP] checking 2 open position(s)","timestamp":"2026-09-10T23:23:30.496Z"}
{"level":"info","message":"[MTF-CACHE] 15m refresh complete: 37/37 symbols","timestamp":"2026-09-10T23:23:49.279Z"}
{"level":"info","message":"[MTF-CACHE] 4h refresh complete: 37/37 symbols","timestamp":"2026-09-10T23:23:51.238Z"}
{"level":"debug","message":"[RISK-LOOP] checking 2 open position(s)","timestamp":"2026-09-10T23:25:30.520Z"}
{"level":"debug","message":"[RISK-LOOP] checking 2 open position(s)","timestamp":"2026-09-10T23:27:30.519Z"}
{"level":"debug","message":"[RISK-LOOP] checking 2 open position(s)","timestamp":"2026-09-10T23:29:30.520Z"}
{"level":"debug","message":"[RISK-LOOP] checking 2 open position(s)","timestamp":"2026-09-10T23:31:30.342Z"}
{"level":"debug","message":"[RISK-LOOP] checking 2 open position(s)","timestamp":"2026-09-10T23:33:30.343Z"}
{"level":"debug","message":"[RISK-LOOP] checking 2 open position(s)","timestamp":"2026-09-10T23:35:30.343Z"}
{"level":"debug","message":"[RISK-LOOP] checking 2 open position(s)","timestamp":"2026-09-10T23:37:30.348Z"}
{"level":"info","message":"[MTF-CACHE] 15m refresh complete: 37/37 symbols","timestamp":"2026-09-10T23:38:50.101Z"}
{"level":"debug","message":"[RISK-LOOP] checking 2 open position(s)","timestamp":"2026-09-10T23:39:30.353Z"}
{"level":"debug","message":"[RISK-LOOP] checking 2 open position(s)","timestamp":"2026-09-10T23:41:30.356Z"}
{"level":"debug","message":"[RISK-LOOP] checking 2 open position(s)","timestamp":"2026-09-10T23:43:30.356Z"}
{"level":"debug","message":"[RISK-LOOP] checking 2 open position(s)","timestamp":"2026-09-10T23:45:30.358Z"}
{"level":"debug","message":"[RISK-LOOP] checking 2 open position(s)","timestamp":"2026-09-10T23:47:30.360Z"}
{"level":"debug","message":"[RISK-LOOP] checking 2 open position(s)","timestamp":"2026-09-10T23:49:30.365Z"}
{"level":"debug","message":"[RISK-LOOP] checking 2 open position(s)","timestamp":"2026-09-10T23:51:30.370Z"}
{"level":"debug","message":"[RISK-LOOP] checking 2 open position(s)","timestamp":"2026-09-10T23:53:30.371Z"}
{"level":"info","message":"[MTF-CACHE] 15m refresh complete: 37/37 symbols","timestamp":"2026-09-10T23:53:49.264Z"}
{"level":"debug","message":"[RISK-LOOP] checking 2 open position(s)","timestamp":"2026-09-10T23:55:30.375Z"}
{"level":"debug","message":"[RISK-LOOP] checking 2 open position(s)","timestamp":"2026-09-10T23:57:30.377Z"}
{"level":"debug","message":"[RISK-LOOP] checking 2 open position(s)","timestamp":"2026-09-10T23:59:30.383Z"}
