{"level":"debug","message":"[CYCLE] ATR sizing: medianATRPct=4.15% (37 symbols)","timestamp":"2026-06-22T00:00:03.022Z"}
{"level":"debug","message":"[CYCLE] BTC macro: bull=false EMA200","timestamp":"2026-06-22T00:00:03.029Z"}
{"level":"debug","message":"[CYCLE] BTC/USDC: starting cycle, candles=1472 lastClose=63268.11000000 lastTs=2026-06-22T00:00:00.000Z","timestamp":"2026-06-22T00:00:03.957Z"}
{"level":"debug","message":"[AGG] BTC/USDC: strategy[0]=unknown → HOLD conf=0.20 \"No EMA crossover (fast 64057.1320 vs slow 64516.3661)\"","timestamp":"2026-06-22T00:00:03.964Z"}
{"level":"debug","message":"[AGG] BTC/USDC: strategy[1]=unknown → HOLD conf=0.10 \"PSAR downtrend continues (SAR 65553.1445)\"","timestamp":"2026-06-22T00:00:03.964Z"}
{"level":"debug","message":"[AGG] BTC/USDC: strategy[2]=unknown → HOLD conf=0.15 \"HA bullish continuation\"","timestamp":"2026-06-22T00:00:03.965Z"}
{"level":"debug","message":"[AGG] BTC/USDC: votes BUY=0.00 SELL=0.00 HOLD=3.00 total_weight=0.00 external=0","timestamp":"2026-06-22T00:00:03.965Z"}
{"level":"debug","message":"[AGG] BTC/USDC: decision=HOLD confidence=0.00 tie=false belowMin=true (minConf=0.55)","timestamp":"2026-06-22T00:00:03.965Z"}
{"level":"debug","message":"[CYCLE] LTC/USDC: starting cycle, candles=1472 lastClose=44.43000000 lastTs=2026-06-22T00:00:00.000Z","timestamp":"2026-06-22T00:00:04.064Z"}
{"level":"debug","message":"[AGG] LTC/USDC: strategy[0]=unknown → HOLD conf=0.20 \"Price 45.0200 inside BB [42.8089–46.2161]\"","timestamp":"2026-06-22T00:00:04.101Z"}
{"level":"debug","message":"[AGG] LTC/USDC: strategy[1]=unknown → HOLD conf=0.20 \"No EMA crossover (fast 44.5138 vs slow 44.7111)\"","timestamp":"2026-06-22T00:00:04.101Z"}
{"level":"debug","message":"[AGG] LTC/USDC: strategy[2]=unknown → HOLD conf=0.20 \"%R -38.9 neutral\"","timestamp":"2026-06-22T00:00:04.101Z"}
{"level":"debug","message":"[AGG] LTC/USDC: votes BUY=0.00 SELL=0.00 HOLD=3.00 total_weight=0.00 external=0","timestamp":"2026-06-22T00:00:04.101Z"}
{"level":"debug","message":"[AGG] LTC/USDC: decision=HOLD confidence=0.00 tie=false belowMin=true (minConf=0.55)","timestamp":"2026-06-22T00:00:04.101Z"}
{"level":"debug","message":"[CYCLE] NEAR/USDC: starting cycle, candles=1472 lastClose=2.10100000 lastTs=2026-06-22T00:00:00.000Z","timestamp":"2026-06-22T00:00:04.119Z"}
{"level":"debug","message":"[AGG] NEAR/USDC: strategy[0]=unknown → HOLD conf=0.20 \"RSI 49.1 neutral\"","timestamp":"2026-06-22T00:00:04.141Z"}
{"level":"debug","message":"[AGG] NEAR/USDC: strategy[1]=unknown → HOLD conf=0.20 \"Price 2.1820 inside BB [1.9620–2.4535]\"","timestamp":"2026-06-22T00:00:04.141Z"}
{"level":"debug","message":"[AGG] NEAR/USDC: strategy[2]=unknown → HOLD conf=0.20 \"Stoch K=20.5 D=27.0 — no crossover in extreme zone\"","timestamp":"2026-06-22T00:00:04.141Z"}
{"level":"debug","message":"[AGG] NEAR/USDC: strategy[3]=unknown → HOLD conf=0.10 \"No significant S/R zone nearby\"","timestamp":"2026-06-22T00:00:04.141Z"}
{"level":"debug","message":"[AGG] NEAR/USDC: votes BUY=0.00 SELL=0.00 HOLD=4.00 total_weight=0.00 external=0","timestamp":"2026-06-22T00:00:04.141Z"}
{"level":"debug","message":"[AGG] NEAR/USDC: decision=HOLD confidence=0.00 tie=false belowMin=true (minConf=0.7)","timestamp":"2026-06-22T00:00:04.142Z"}
{"level":"debug","message":"[CYCLE] ACH/USDC: starting cycle, candles=853 lastClose=0.00508000 lastTs=2026-06-22T00:00:00.000Z","timestamp":"2026-06-22T00:00:04.150Z"}
{"level":"debug","message":"[AGG] ACH/USDC: strategy[0]=unknown → HOLD conf=0.20 \"RSI 42.3 neutral\"","timestamp":"2026-06-22T00:00:04.176Z"}
{"level":"debug","message":"[AGG] ACH/USDC: strategy[1]=unknown → HOLD conf=0.20 \"Price 0.0052 inside BB [0.0050–0.0057]\"","timestamp":"2026-06-22T00:00:04.176Z"}
{"level":"debug","message":"[AGG] ACH/USDC: strategy[2]=unknown → HOLD conf=0.20 \"CCI -60.0 neutral\"","timestamp":"2026-06-22T00:00:04.176Z"}
{"level":"debug","message":"[AGG] ACH/USDC: votes BUY=0.00 SELL=0.00 HOLD=3.00 total_weight=0.00 external=0","timestamp":"2026-06-22T00:00:04.176Z"}
{"level":"debug","message":"[AGG] ACH/USDC: decision=HOLD confidence=0.00 tie=false belowMin=true (minConf=0.7)","timestamp":"2026-06-22T00:00:04.176Z"}
{"level":"debug","message":"[CYCLE] BCH/USDC: starting cycle, candles=1472 lastClose=194.80000000 lastTs=2026-06-22T00:00:00.000Z","timestamp":"2026-06-22T00:00:04.181Z"}
{"level":"debug","message":"[AGG] BCH/USDC: strategy[0]=unknown → HOLD conf=0.20 \"Price 198.5000 inside BB [189.2063–224.9637]\"","timestamp":"2026-06-22T00:00:04.201Z"}
{"level":"debug","message":"[AGG] BCH/USDC: strategy[1]=unknown → HOLD conf=0.20 \"OBV below EMA-20 — no cross\"","timestamp":"2026-06-22T00:00:04.201Z"}
{"level":"debug","message":"[AGG] BCH/USDC: strategy[2]=unknown → BUY conf=0.62 \"%R -84.9 oversold ↑ reversal confirmed\"","timestamp":"2026-06-22T00:00:04.201Z"}
{"level":"debug","message":"[AGG] BCH/USDC: votes BUY=1.00 SELL=0.00 HOLD=2.00 total_weight=1.00 external=0","timestamp":"2026-06-22T00:00:04.202Z"}
{"level":"debug","message":"[AGG] BCH/USDC: decision=HOLD confidence=2.00 tie=false belowMin=false (minConf=0.55)","timestamp":"2026-06-22T00:00:04.202Z"}
{"level":"debug","message":"[CYCLE] CRV/USDC: starting cycle, candles=1472 lastClose=0.20710000 lastTs=2026-06-22T00:00:00.000Z","timestamp":"2026-06-22T00:00:04.217Z"}
{"level":"debug","message":"[AGG] CRV/USDC: strategy[0]=unknown → HOLD conf=0.10 \"ADX 21.9 < 25 — ranging, skip\"","timestamp":"2026-06-22T00:00:04.238Z"}
{"level":"debug","message":"[AGG] CRV/USDC: strategy[1]=unknown → HOLD conf=0.20 \"StochRSI K=0.5 D=5.5 — no extreme crossover\"","timestamp":"2026-06-22T00:00:04.238Z"}
{"level":"debug","message":"[AGG] CRV/USDC: strategy[2]=unknown → HOLD conf=0.10 \"No significant S/R zone nearby\"","timestamp":"2026-06-22T00:00:04.238Z"}
{"level":"debug","message":"[AGG] CRV/USDC: votes BUY=0.00 SELL=0.00 HOLD=3.00 total_weight=0.00 external=0","timestamp":"2026-06-22T00:00:04.238Z"}
{"level":"debug","message":"[AGG] CRV/USDC: decision=HOLD confidence=0.00 tie=false belowMin=true (minConf=0.55)","timestamp":"2026-06-22T00:00:04.239Z"}
{"level":"debug","message":"[CYCLE] JTO/USDC: starting cycle, candles=1472 lastClose=0.64240000 lastTs=2026-06-22T00:00:00.000Z","timestamp":"2026-06-22T00:00:04.258Z"}
{"level":"debug","message":"[AGG] JTO/USDC: strategy[0]=unknown → HOLD conf=0.20 \"CCI 18.5 neutral\"","timestamp":"2026-06-22T00:00:04.268Z"}
{"level":"debug","message":"[AGG] JTO/USDC: strategy[1]=unknown → HOLD conf=0.10 \"PSAR downtrend continues (SAR 0.8674)\"","timestamp":"2026-06-22T00:00:04.268Z"}
{"level":"debug","message":"[AGG] JTO/USDC: strategy[2]=unknown → SELL conf=0.50 \"Resistance 0.7015 (2×)\"","timestamp":"2026-06-22T00:00:04.268Z"}
{"level":"debug","message":"[AGG] JTO/USDC: votes BUY=0.00 SELL=1.00 HOLD=2.00 total_weight=1.00 external=0","timestamp":"2026-06-22T00:00:04.268Z"}
{"level":"debug","message":"[AGG] JTO/USDC: decision=HOLD confidence=2.00 tie=false belowMin=false (minConf=0.55)","timestamp":"2026-06-22T00:00:04.269Z"}
{"level":"debug","message":"[CYCLE] MANTA/USDC: starting cycle, candles=1472 lastClose=0.07971000 lastTs=2026-06-22T00:00:00.000Z","timestamp":"2026-06-22T00:00:04.279Z"}
{"level":"debug","message":"[AGG] MANTA/USDC: strategy[0]=unknown → HOLD conf=0.20 \"RSI 49.9 neutral\"","timestamp":"2026-06-22T00:00:04.287Z"}
{"level":"debug","message":"[AGG] MANTA/USDC: strategy[1]=unknown → HOLD conf=0.20 \"Price 0.0804 inside BB [0.0787–0.0833]\"","timestamp":"2026-06-22T00:00:04.287Z"}
{"level":"debug","message":"[AGG] MANTA/USDC: strategy[2]=unknown → HOLD conf=0.20 \"CCI -9.3 neutral\"","timestamp":"2026-06-22T00:00:04.287Z"}
{"level":"debug","message":"[AGG] MANTA/USDC: votes BUY=0.00 SELL=0.00 HOLD=3.00 total_weight=0.00 external=0","timestamp":"2026-06-22T00:00:04.287Z"}
{"level":"debug","message":"[AGG] MANTA/USDC: decision=HOLD confidence=0.00 tie=false belowMin=true (minConf=0.7)","timestamp":"2026-06-22T00:00:04.287Z"}
{"level":"debug","message":"[CYCLE] LDO/USDC: starting cycle, candles=1472 lastClose=0.26740000 lastTs=2026-06-22T00:00:00.000Z","timestamp":"2026-06-22T00:00:04.294Z"}
{"level":"debug","message":"[AGG] LDO/USDC: strategy[0]=unknown → HOLD conf=0.20 \"MACD -0.0004 vs signal -0.0022 hist:0.0018\"","timestamp":"2026-06-22T00:00:04.303Z"}
{"level":"debug","message":"[AGG] LDO/USDC: strategy[1]=unknown → HOLD conf=0.10 \"ADX 21.9 < 25 — ranging, skip\"","timestamp":"2026-06-22T00:00:04.303Z"}
{"level":"debug","message":"[AGG] LDO/USDC: strategy[2]=unknown → HOLD conf=0.20 \"%R -59.7 neutral\"","timestamp":"2026-06-22T00:00:04.303Z"}
{"level":"debug","message":"[AGG] LDO/USDC: votes BUY=0.00 SELL=0.00 HOLD=3.00 total_weight=0.00 external=0","timestamp":"2026-06-22T00:00:04.303Z"}
{"level":"debug","message":"[AGG] LDO/USDC: decision=HOLD confidence=0.00 tie=false belowMin=true (minConf=0.55)","timestamp":"2026-06-22T00:00:04.303Z"}
{"level":"debug","message":"[CYCLE] PIXEL/USDC: starting cycle, candles=1472 lastClose=0.00530000 lastTs=2026-06-22T00:00:00.000Z","timestamp":"2026-06-22T00:00:04.331Z"}
{"level":"debug","message":"[AGG] PIXEL/USDC: strategy[0]=unknown → HOLD conf=0.20 \"No EMA crossover (fast 0.0054 vs slow 0.0055)\"","timestamp":"2026-06-22T00:00:04.335Z"}
{"level":"debug","message":"[AGG] PIXEL/USDC: strategy[1]=unknown → BUY conf=0.51 \"ADX 23.9 uptrend (+DI 24.9 > -DI 22.4)\"","timestamp":"2026-06-22T00:00:04.335Z"}
{"level":"debug","message":"[AGG] PIXEL/USDC: strategy[2]=unknown → HOLD conf=0.10 \"No significant S/R zone nearby\"","timestamp":"2026-06-22T00:00:04.335Z"}
{"level":"debug","message":"[AGG] PIXEL/USDC: votes BUY=1.00 SELL=0.00 HOLD=2.00 total_weight=1.00 external=0","timestamp":"2026-06-22T00:00:04.335Z"}
{"level":"debug","message":"[AGG] PIXEL/USDC: decision=HOLD confidence=2.00 tie=false belowMin=false (minConf=0.55)","timestamp":"2026-06-22T00:00:04.335Z"}
{"level":"debug","message":"[CYCLE] SUI/USDC: starting cycle, candles=1472 lastClose=0.69300000 lastTs=2026-06-22T00:00:00.000Z","timestamp":"2026-06-22T00:00:04.352Z"}
{"level":"debug","message":"[AGG] SUI/USDC: strategy[0]=unknown → HOLD conf=0.20 \"RSI 33.6 neutral\"","timestamp":"2026-06-22T00:00:04.368Z"}
{"level":"debug","message":"[AGG] SUI/USDC: strategy[1]=unknown → BUY conf=0.77 \"Stoch K=8.8 crossed above D=8.5 in oversold zone\"","timestamp":"2026-06-22T00:00:04.368Z"}
{"level":"debug","message":"[AGG] SUI/USDC: strategy[2]=unknown → HOLD conf=0.20 \"MFI 20.8 neutral\"","timestamp":"2026-06-22T00:00:04.368Z"}
{"level":"debug","message":"[AGG] SUI/USDC: votes BUY=1.00 SELL=0.00 HOLD=2.00 total_weight=1.00 external=0","timestamp":"2026-06-22T00:00:04.368Z"}
{"level":"debug","message":"[AGG] SUI/USDC: decision=HOLD confidence=2.00 tie=false belowMin=false (minConf=0.7)","timestamp":"2026-06-22T00:00:04.368Z"}
{"level":"debug","message":"[CYCLE] THETA/USDC: starting cycle, candles=891 lastClose=0.15260000 lastTs=2026-06-22T00:00:00.000Z","timestamp":"2026-06-22T00:00:04.376Z"}
{"level":"debug","message":"[AGG] THETA/USDC: strategy[0]=unknown → HOLD conf=0.20 \"RSI 45.5 neutral\"","timestamp":"2026-06-22T00:00:04.385Z"}
{"level":"debug","message":"[AGG] THETA/USDC: strategy[1]=unknown → HOLD conf=0.20 \"CCI -32.3 neutral\"","timestamp":"2026-06-22T00:00:04.385Z"}
{"level":"debug","message":"[AGG] THETA/USDC: strategy[2]=unknown → HOLD conf=0.20 \"OBV above EMA-20 — no cross\"","timestamp":"2026-06-22T00:00:04.385Z"}
{"level":"debug","message":"[AGG] THETA/USDC: votes BUY=0.00 SELL=0.00 HOLD=3.00 total_weight=0.00 external=0","timestamp":"2026-06-22T00:00:04.385Z"}
{"level":"debug","message":"[AGG] THETA/USDC: decision=HOLD confidence=0.00 tie=false belowMin=true (minConf=0.55)","timestamp":"2026-06-22T00:00:04.385Z"}
{"level":"debug","message":"[CYCLE] VANRY/USDC: starting cycle, candles=919 lastClose=0.00335700 lastTs=2026-06-22T00:00:00.000Z","timestamp":"2026-06-22T00:00:04.416Z"}
{"level":"debug","message":"[AGG] VANRY/USDC: strategy[0]=unknown → HOLD conf=0.20 \"No EMA crossover (fast 0.0035 vs slow 0.0036)\"","timestamp":"2026-06-22T00:00:04.418Z"}
{"level":"debug","message":"[AGG] VANRY/USDC: strategy[1]=unknown → HOLD conf=0.20 \"MACD -0.0001 vs signal -0.0001 hist:0.0000\"","timestamp":"2026-06-22T00:00:04.419Z"}
{"level":"debug","message":"[AGG] VANRY/USDC: strategy[2]=unknown → BUY conf=0.64 \"ADX 32.7 uptrend (+DI 25.2 > -DI 16.9)\"","timestamp":"2026-06-22T00:00:04.419Z"}
{"level":"debug","message":"[AGG] VANRY/USDC: votes BUY=1.00 SELL=0.00 HOLD=2.00 total_weight=1.00 external=0","timestamp":"2026-06-22T00:00:04.419Z"}
{"level":"debug","message":"[AGG] VANRY/USDC: decision=HOLD confidence=2.00 tie=false belowMin=false (minConf=0.55)","timestamp":"2026-06-22T00:00:04.419Z"}
{"level":"debug","message":"[CYCLE] ADA/USDC: starting cycle, candles=1472 lastClose=0.15650000 lastTs=2026-06-22T00:00:00.000Z","timestamp":"2026-06-22T00:00:04.453Z"}
{"level":"debug","message":"[AGG] ADA/USDC: strategy[0]=unknown → HOLD conf=0.20 \"RSI 37.3 neutral\"","timestamp":"2026-06-22T00:00:04.482Z"}
{"level":"debug","message":"[AGG] ADA/USDC: strategy[1]=unknown → HOLD conf=0.20 \"Price 0.1618 inside BB [0.1548–0.1839]\"","timestamp":"2026-06-22T00:00:04.482Z"}
{"level":"debug","message":"[AGG] ADA/USDC: strategy[2]=unknown → HOLD conf=0.20 \"CCI -90.8 neutral\"","timestamp":"2026-06-22T00:00:04.482Z"}
{"level":"debug","message":"[AGG] ADA/USDC: votes BUY=0.00 SELL=0.00 HOLD=3.00 total_weight=0.00 external=0","timestamp":"2026-06-22T00:00:04.482Z"}
{"level":"debug","message":"[AGG] ADA/USDC: decision=HOLD confidence=0.00 tie=false belowMin=true (minConf=0.55)","timestamp":"2026-06-22T00:00:04.482Z"}
{"level":"debug","message":"[CYCLE] AVAX/USDC: starting cycle, candles=1472 lastClose=6.10900000 lastTs=2026-06-22T00:00:00.000Z","timestamp":"2026-06-22T00:00:04.485Z"}
{"level":"debug","message":"[AGG] AVAX/USDC: strategy[0]=unknown → HOLD conf=0.20 \"RSI 36.9 neutral\"","timestamp":"2026-06-22T00:00:04.489Z"}
{"level":"debug","message":"[AGG] AVAX/USDC: strategy[1]=unknown → BUY conf=0.70 \"MACD crossed above signal ↑ hist:0.0084\"","timestamp":"2026-06-22T00:00:04.489Z"}
{"level":"debug","message":"[AGG] AVAX/USDC: strategy[2]=unknown → HOLD conf=0.10 \"PSAR downtrend continues (SAR 6.6022)\"","timestamp":"2026-06-22T00:00:04.489Z"}
{"level":"debug","message":"[AGG] AVAX/USDC: votes BUY=1.00 SELL=0.00 HOLD=2.00 total_weight=1.00 external=0","timestamp":"2026-06-22T00:00:04.489Z"}
{"level":"debug","message":"[AGG] AVAX/USDC: decision=HOLD confidence=2.00 tie=false belowMin=false (minConf=0.55)","timestamp":"2026-06-22T00:00:04.489Z"}
{"level":"debug","message":"[CYCLE] TRX/USDC: starting cycle, candles=1313 lastClose=0.32740000 lastTs=2026-06-22T00:00:00.000Z","timestamp":"2026-06-22T00:00:04.608Z"}
{"level":"debug","message":"[AGG] TRX/USDC: strategy[0]=unknown → SELL conf=0.84 \"CCI 160.5 overbought ↓ reversal confirmed\"","timestamp":"2026-06-22T00:00:04.625Z"}
{"level":"debug","message":"[AGG] TRX/USDC: strategy[1]=unknown → HOLD conf=0.20 \"Stoch K=99.1 D=97.0 — no crossover in extreme zone\"","timestamp":"2026-06-22T00:00:04.625Z"}
{"level":"debug","message":"[AGG] TRX/USDC: strategy[2]=unknown → HOLD conf=0.20 \"StochRSI K=100.0 D=100.0 — no extreme crossover\"","timestamp":"2026-06-22T00:00:04.626Z"}
{"level":"debug","message":"[AGG] TRX/USDC: votes BUY=0.00 SELL=1.00 HOLD=2.00 total_weight=1.00 external=0","timestamp":"2026-06-22T00:00:04.626Z"}
{"level":"debug","message":"[AGG] TRX/USDC: decision=HOLD confidence=2.00 tie=false belowMin=false (minConf=0.7)","timestamp":"2026-06-22T00:00:04.626Z"}
{"level":"debug","message":"[CYCLE] ENA/USDC: starting cycle, candles=1472 lastClose=0.08680000 lastTs=2026-06-22T00:00:00.000Z","timestamp":"2026-06-22T00:00:04.634Z"}
{"level":"debug","message":"[AGG] ENA/USDC: strategy[0]=unknown → HOLD conf=0.20 \"RSI 53.5 neutral\"","timestamp":"2026-06-22T00:00:04.641Z"}
{"level":"debug","message":"[AGG] ENA/USDC: strategy[1]=unknown → HOLD conf=0.20 \"Price 0.0905 inside BB [0.0781–0.0959]\"","timestamp":"2026-06-22T00:00:04.641Z"}
{"level":"debug","message":"[AGG] ENA/USDC: strategy[2]=unknown → HOLD conf=0.20 \"CCI 74.7 neutral\"","timestamp":"2026-06-22T00:00:04.641Z"}
{"level":"debug","message":"[AGG] ENA/USDC: votes BUY=0.00 SELL=0.00 HOLD=3.00 total_weight=0.00 external=0","timestamp":"2026-06-22T00:00:04.641Z"}
{"level":"debug","message":"[AGG] ENA/USDC: decision=HOLD confidence=0.00 tie=false belowMin=true (minConf=0.55)","timestamp":"2026-06-22T00:00:04.641Z"}
{"level":"debug","message":"[CYCLE] ENS/USDC: starting cycle, candles=1472 lastClose=4.67000000 lastTs=2026-06-22T00:00:00.000Z","timestamp":"2026-06-22T00:00:04.654Z"}
{"level":"debug","message":"[AGG] ENS/USDC: strategy[0]=unknown → HOLD conf=0.20 \"Price 4.7500 inside BB [4.6133–5.5747]\"","timestamp":"2026-06-22T00:00:04.658Z"}
{"level":"debug","message":"[AGG] ENS/USDC: strategy[1]=unknown → HOLD conf=0.10 \"PSAR downtrend continues (SAR 5.4222)\"","timestamp":"2026-06-22T00:00:04.659Z"}
{"level":"debug","message":"[AGG] ENS/USDC: strategy[2]=unknown → HOLD conf=0.10 \"No significant S/R zone nearby\"","timestamp":"2026-06-22T00:00:04.659Z"}
{"level":"debug","message":"[AGG] ENS/USDC: votes BUY=0.00 SELL=0.00 HOLD=3.00 total_weight=0.00 external=0","timestamp":"2026-06-22T00:00:04.659Z"}
{"level":"debug","message":"[AGG] ENS/USDC: decision=HOLD confidence=0.00 tie=false belowMin=true (minConf=0.55)","timestamp":"2026-06-22T00:00:04.659Z"}
{"level":"debug","message":"[CYCLE] APT/USDC: starting cycle, candles=1472 lastClose=0.64700000 lastTs=2026-06-22T00:00:00.000Z","timestamp":"2026-06-22T00:00:04.673Z"}
{"level":"debug","message":"[AGG] APT/USDC: strategy[0]=unknown → HOLD conf=0.20 \"Price 0.6570 inside BB [0.6235–0.6944]\"","timestamp":"2026-06-22T00:00:04.684Z"}
{"level":"debug","message":"[AGG] APT/USDC: strategy[1]=unknown → HOLD conf=0.20 \"Stoch K=42.6 D=37.0 — no crossover in extreme zone\"","timestamp":"2026-06-22T00:00:04.684Z"}
{"level":"debug","message":"[AGG] APT/USDC: strategy[2]=unknown → HOLD conf=0.20 \"MFI 57.2 neutral\"","timestamp":"2026-06-22T00:00:04.684Z"}
{"level":"debug","message":"[AGG] APT/USDC: votes BUY=0.00 SELL=0.00 HOLD=3.00 total_weight=0.00 external=0","timestamp":"2026-06-22T00:00:04.684Z"}
{"level":"debug","message":"[AGG] APT/USDC: decision=HOLD confidence=0.00 tie=false belowMin=true (minConf=0.55)","timestamp":"2026-06-22T00:00:04.684Z"}
{"level":"info","message":"[RISK] Day rollover — resetting daily stats (prev: pnl=0.00 trades=0)","timestamp":"2026-06-22T00:00:04.700Z"}
{"level":"debug","message":"[CYCLE] BTC/USDC: sizing positionPct=0.0900 (base=0.15 atr=0.041502254791431756 regime=on conf=0.00 macro=bear mtf=1.0)","timestamp":"2026-06-22T00:00:04.700Z"}
{"level":"info","message":"BTC/USDC: decision=HOLD confidence=0% price=63268.11000000 external_signals=0","timestamp":"2026-06-22T00:00:04.700Z"}
{"level":"info","message":"BTC/USDC: No EMA crossover (fast 64057.1320 vs slow 64516.3661) | PSAR downtrend continues (SAR 65553.1445) | HA bullish continuation","timestamp":"2026-06-22T00:00:04.701Z"}
{"level":"debug","message":"[CYCLE] LSK/USDC: starting cycle, candles=413 lastClose=0.09200000 lastTs=2026-06-12T00:00:00.000Z","timestamp":"2026-06-22T00:00:04.725Z"}
{"level":"debug","message":"[AGG] LSK/USDC: strategy[0]=unknown → BUY conf=0.55 \"MACD crossed above signal hist:0.0001\"","timestamp":"2026-06-22T00:00:04.727Z"}
{"level":"debug","message":"[AGG] LSK/USDC: strategy[1]=unknown → HOLD conf=0.20 \"MFI 58.7 neutral\"","timestamp":"2026-06-22T00:00:04.727Z"}
{"level":"debug","message":"[AGG] LSK/USDC: strategy[2]=unknown → HOLD conf=0.10 \"PSAR downtrend continues (SAR 0.0960)\"","timestamp":"2026-06-22T00:00:04.727Z"}
{"level":"debug","message":"[AGG] LSK/USDC: votes BUY=1.00 SELL=0.00 HOLD=2.00 total_weight=1.00 external=0","timestamp":"2026-06-22T00:00:04.727Z"}
{"level":"debug","message":"[AGG] LSK/USDC: decision=HOLD confidence=2.00 tie=false belowMin=false (minConf=0.55)","timestamp":"2026-06-22T00:00:04.727Z"}
{"level":"debug","message":"[CYCLE] NEAR/USDC: sizing positionPct=0.0146 (base=0.15 atr=0.041502254791431756 regime=on conf=0.00 macro=bear mtf=1.0)","timestamp":"2026-06-22T00:00:04.754Z"}
{"level":"info","message":"NEAR/USDC: decision=HOLD confidence=0% price=2.10100000 external_signals=0","timestamp":"2026-06-22T00:00:04.754Z"}
{"level":"info","message":"NEAR/USDC: RSI 49.1 neutral | Price 2.1820 inside BB [1.9620–2.4535] | Stoch K=20.5 D=27.0 — no crossover in extreme zone | No significant S/R zone nearby","timestamp":"2026-06-22T00:00:04.754Z"}
{"level":"debug","message":"[CYCLE] PAXG/USDC: starting cycle, candles=867 lastClose=4134.03000000 lastTs=2026-06-22T00:00:00.000Z","timestamp":"2026-06-22T00:00:04.828Z"}
{"level":"debug","message":"[AGG] PAXG/USDC: strategy[0]=unknown → HOLD conf=0.20 \"MACD -44.1035 vs signal -39.1681 hist:-4.9354\"","timestamp":"2026-06-22T00:00:04.831Z"}
{"level":"debug","message":"[AGG] PAXG/USDC: strategy[1]=unknown → SELL conf=0.67 \"ADX 27.3 downtrend (-DI 30.0 > +DI 14.1)\"","timestamp":"2026-06-22T00:00:04.831Z"}
{"level":"debug","message":"[AGG] PAXG/USDC: strategy[2]=unknown → HOLD conf=0.10 \"Supertrend downtrend continues (ST 4299.0234)\"","timestamp":"2026-06-22T00:00:04.831Z"}
{"level":"debug","message":"[AGG] PAXG/USDC: votes BUY=0.00 SELL=1.00 HOLD=2.00 total_weight=1.00 external=0","timestamp":"2026-06-22T00:00:04.831Z"}
{"level":"debug","message":"[AGG] PAXG/USDC: decision=HOLD confidence=2.00 tie=false belowMin=false (minConf=0.55)","timestamp":"2026-06-22T00:00:04.831Z"}
{"level":"debug","message":"[CYCLE] TIA/USDC: starting cycle, candles=1472 lastClose=0.36340000 lastTs=2026-06-22T00:00:00.000Z","timestamp":"2026-06-22T00:00:04.897Z"}
{"level":"debug","message":"[AGG] TIA/USDC: strategy[0]=unknown → HOLD conf=0.20 \"CCI 13.2 neutral\"","timestamp":"2026-06-22T00:00:04.907Z"}
{"level":"debug","message":"[AGG] TIA/USDC: strategy[1]=unknown → SELL conf=0.55 \"MACD crossed below signal hist:-0.0003\"","timestamp":"2026-06-22T00:00:04.907Z"}
{"level":"debug","message":"[AGG] TIA/USDC: strategy[2]=unknown → HOLD conf=0.15 \"HA bearish continuation\"","timestamp":"2026-06-22T00:00:04.907Z"}
{"level":"debug","message":"[AGG] TIA/USDC: votes BUY=0.00 SELL=1.00 HOLD=2.00 total_weight=1.00 external=0","timestamp":"2026-06-22T00:00:04.907Z"}
{"level":"debug","message":"[AGG] TIA/USDC: decision=HOLD confidence=2.00 tie=false belowMin=false (minConf=0.55)","timestamp":"2026-06-22T00:00:04.907Z"}
{"level":"debug","message":"[CYCLE] ACH/USDC: sizing positionPct=0.0719 (base=0.15 atr=0.041502254791431756 regime=on conf=0.00 macro=bear mtf=1.0)","timestamp":"2026-06-22T00:00:04.958Z"}
{"level":"info","message":"ACH/USDC: decision=HOLD confidence=0% price=0.00508000 external_signals=0","timestamp":"2026-06-22T00:00:04.959Z"}
{"level":"info","message":"ACH/USDC: RSI 42.3 neutral | Price 0.0052 inside BB [0.0050–0.0057] | CCI -60.0 neutral","timestamp":"2026-06-22T00:00:04.959Z"}
{"level":"debug","message":"[CYCLE] INJ/USDC: starting cycle, candles=1472 lastClose=4.81600000 lastTs=2026-06-22T00:00:00.000Z","timestamp":"2026-06-22T00:00:04.967Z"}
{"level":"debug","message":"[AGG] INJ/USDC: strategy[0]=unknown → HOLD conf=0.10 \"ADX 13.6 < 25 — ranging, skip\"","timestamp":"2026-06-22T00:00:04.980Z"}
{"level":"debug","message":"[AGG] INJ/USDC: strategy[1]=unknown → SELL conf=0.55 \"OBV crossed below EMA-20 — volume sellers in control\"","timestamp":"2026-06-22T00:00:04.980Z"}
{"level":"debug","message":"[AGG] INJ/USDC: strategy[2]=unknown → HOLD conf=0.20 \"StochRSI K=0.0 D=0.7 — no extreme crossover\"","timestamp":"2026-06-22T00:00:04.980Z"}
{"level":"debug","message":"[AGG] INJ/USDC: votes BUY=0.00 SELL=1.00 HOLD=2.00 total_weight=1.00 external=0","timestamp":"2026-06-22T00:00:04.980Z"}
{"level":"debug","message":"[AGG] INJ/USDC: decision=HOLD confidence=2.00 tie=false belowMin=false (minConf=0.55)","timestamp":"2026-06-22T00:00:04.980Z"}
{"level":"debug","message":"[CYCLE] DOGE/USDC: starting cycle, candles=1472 lastClose=0.08219000 lastTs=2026-06-22T00:00:00.000Z","timestamp":"2026-06-22T00:00:04.984Z"}
{"level":"debug","message":"[AGG] DOGE/USDC: strategy[0]=unknown → HOLD conf=0.20 \"No EMA crossover (fast 0.0844 vs slow 0.0859)\"","timestamp":"2026-06-22T00:00:04.985Z"}
{"level":"debug","message":"[AGG] DOGE/USDC: strategy[1]=unknown → HOLD conf=0.10 \"PSAR downtrend continues (SAR 0.0900)\"","timestamp":"2026-06-22T00:00:04.986Z"}
{"level":"debug","message":"[AGG] DOGE/USDC: strategy[2]=unknown → HOLD conf=0.15 \"HA bearish continuation\"","timestamp":"2026-06-22T00:00:04.986Z"}
{"level":"debug","message":"[AGG] DOGE/USDC: votes BUY=0.00 SELL=0.00 HOLD=3.00 total_weight=0.00 external=0","timestamp":"2026-06-22T00:00:04.986Z"}
{"level":"debug","message":"[AGG] DOGE/USDC: decision=HOLD confidence=0.00 tie=false belowMin=true (minConf=0.55)","timestamp":"2026-06-22T00:00:04.986Z"}
{"level":"debug","message":"[CYCLE] ETH/USDC: starting cycle, candles=1472 lastClose=1706.04000000 lastTs=2026-06-22T00:00:00.000Z","timestamp":"2026-06-22T00:00:04.999Z"}
{"level":"debug","message":"[AGG] ETH/USDC: strategy[0]=unknown → HOLD conf=0.10 \"Supertrend uptrend continues (ST 1631.9562)\"","timestamp":"2026-06-22T00:00:05.002Z"}
{"level":"debug","message":"[AGG] ETH/USDC: strategy[1]=unknown → HOLD conf=0.20 \"MFI 49.0 neutral\"","timestamp":"2026-06-22T00:00:05.002Z"}
{"level":"debug","message":"[AGG] ETH/USDC: strategy[2]=unknown → HOLD conf=0.10 \"No significant S/R zone nearby\"","timestamp":"2026-06-22T00:00:05.002Z"}
{"level":"debug","message":"[AGG] ETH/USDC: votes BUY=0.00 SELL=0.00 HOLD=3.00 total_weight=0.00 external=0","timestamp":"2026-06-22T00:00:05.002Z"}
{"level":"debug","message":"[AGG] ETH/USDC: decision=HOLD confidence=0.00 tie=false belowMin=true (minConf=0.55)","timestamp":"2026-06-22T00:00:05.002Z"}
{"level":"debug","message":"[CYCLE] LTC/USDC: sizing positionPct=0.1032 (base=0.15 atr=0.041502254791431756 regime=on conf=0.00 macro=bear mtf=1.0)","timestamp":"2026-06-22T00:00:05.018Z"}
{"level":"info","message":"LTC/USDC: decision=HOLD confidence=0% price=44.43000000 external_signals=0","timestamp":"2026-06-22T00:00:05.018Z"}
{"level":"info","message":"LTC/USDC: Price 45.0200 inside BB [42.8089–46.2161] | No EMA crossover (fast 44.5138 vs slow 44.7111) | %R -38.9 neutral","timestamp":"2026-06-22T00:00:05.019Z"}
{"level":"debug","message":"[CYCLE] TON/USDC: starting cycle, candles=1339 lastClose=1.64100000 lastTs=2026-06-22T00:00:00.000Z","timestamp":"2026-06-22T00:00:05.080Z"}
{"level":"debug","message":"[AGG] TON/USDC: strategy[0]=unknown → HOLD conf=0.20 \"No EMA crossover (fast 1.6571 vs slow 1.6814)\"","timestamp":"2026-06-22T00:00:05.085Z"}
{"level":"debug","message":"[AGG] TON/USDC: strategy[1]=unknown → HOLD conf=0.20 \"OBV above EMA-20 — no cross\"","timestamp":"2026-06-22T00:00:05.085Z"}
{"level":"debug","message":"[AGG] TON/USDC: strategy[2]=unknown → HOLD conf=0.20 \"StochRSI K=70.8 D=55.9 — no extreme crossover\"","timestamp":"2026-06-22T00:00:05.085Z"}
{"level":"debug","message":"[AGG] TON/USDC: votes BUY=0.00 SELL=0.00 HOLD=3.00 total_weight=0.00 external=0","timestamp":"2026-06-22T00:00:05.085Z"}
{"level":"debug","message":"[AGG] TON/USDC: decision=HOLD confidence=0.00 tie=false belowMin=true (minConf=0.55)","timestamp":"2026-06-22T00:00:05.085Z"}
{"level":"debug","message":"[CYCLE] ICP/USDC: starting cycle, candles=1472 lastClose=2.20900000 lastTs=2026-06-22T00:00:00.000Z","timestamp":"2026-06-22T00:00:05.113Z"}
{"level":"debug","message":"[AGG] ICP/USDC: strategy[0]=unknown → HOLD conf=0.20 \"RSI 43.3 neutral\"","timestamp":"2026-06-22T00:00:05.120Z"}
{"level":"debug","message":"[AGG] ICP/USDC: strategy[1]=unknown → HOLD conf=0.20 \"Price 2.2760 inside BB [2.1549–2.5593]\"","timestamp":"2026-06-22T00:00:05.120Z"}
{"level":"debug","message":"[AGG] ICP/USDC: strategy[2]=unknown → HOLD conf=0.20 \"Stoch K=23.3 D=23.9 — no crossover in extreme zone\"","timestamp":"2026-06-22T00:00:05.121Z"}
{"level":"debug","message":"[AGG] ICP/USDC: votes BUY=0.00 SELL=0.00 HOLD=3.00 total_weight=0.00 external=0","timestamp":"2026-06-22T00:00:05.121Z"}
{"level":"debug","message":"[AGG] ICP/USDC: decision=HOLD confidence=0.00 tie=false belowMin=true (minConf=0.55)","timestamp":"2026-06-22T00:00:05.121Z"}
{"level":"debug","message":"[CYCLE] BCH/USDC: sizing positionPct=0.1604 (base=0.15 atr=0.041502254791431756 regime=on conf=2.00 macro=bear mtf=1.0)","timestamp":"2026-06-22T00:00:05.163Z"}
{"level":"info","message":"BCH/USDC: decision=HOLD confidence=200% price=194.80000000 external_signals=0","timestamp":"2026-06-22T00:00:05.163Z"}
{"level":"info","message":"BCH/USDC: Price 198.5000 inside BB [189.2063–224.9637] | OBV below EMA-20 — no cross | %R -84.9 oversold ↑ reversal confirmed","timestamp":"2026-06-22T00:00:05.163Z"}
{"level":"debug","message":"[CYCLE] ARB/USDC: starting cycle, candles=1472 lastClose=0.08180000 lastTs=2026-06-22T00:00:00.000Z","timestamp":"2026-06-22T00:00:05.206Z"}
{"level":"debug","message":"[AGG] ARB/USDC: strategy[0]=unknown → HOLD conf=0.20 \"RSI 44.8 neutral\"","timestamp":"2026-06-22T00:00:05.209Z"}
{"level":"debug","message":"[AGG] ARB/USDC: strategy[1]=unknown → HOLD conf=0.20 \"%R -70.1 neutral\"","timestamp":"2026-06-22T00:00:05.209Z"}
{"level":"debug","message":"[AGG] ARB/USDC: strategy[2]=unknown → HOLD conf=0.20 \"HA flipped but prior streak too short (1 < 3)\"","timestamp":"2026-06-22T00:00:05.209Z"}
{"level":"debug","message":"[AGG] ARB/USDC: votes BUY=0.00 SELL=0.00 HOLD=3.00 total_weight=0.00 external=0","timestamp":"2026-06-22T00:00:05.209Z"}
{"level":"debug","message":"[AGG] ARB/USDC: decision=HOLD confidence=0.00 tie=false belowMin=true (minConf=0.55)","timestamp":"2026-06-22T00:00:05.209Z"}
{"level":"debug","message":"[CYCLE] CRV/USDC: sizing positionPct=0.0384 (base=0.15 atr=0.041502254791431756 regime=on conf=0.00 macro=bear mtf=1.0)","timestamp":"2026-06-22T00:00:05.360Z"}
{"level":"info","message":"CRV/USDC: decision=HOLD confidence=0% price=0.20710000 external_signals=0","timestamp":"2026-06-22T00:00:05.361Z"}
{"level":"info","message":"CRV/USDC: ADX 21.9 < 25 — ranging, skip | StochRSI K=0.5 D=5.5 — no extreme crossover | No significant S/R zone nearby","timestamp":"2026-06-22T00:00:05.361Z"}
{"level":"debug","message":"[CYCLE] SOL/USDC: starting cycle, candles=1472 lastClose=72.42000000 lastTs=2026-06-22T00:00:00.000Z","timestamp":"2026-06-22T00:00:05.425Z"}
{"level":"debug","message":"[AGG] SOL/USDC: strategy[0]=unknown → HOLD conf=0.20 \"Price 74.2200 inside BB [66.0304–75.8806]\"","timestamp":"2026-06-22T00:00:05.434Z"}
{"level":"debug","message":"[AGG] SOL/USDC: strategy[1]=unknown → HOLD conf=0.20 \"%R -22.5 neutral\"","timestamp":"2026-06-22T00:00:05.435Z"}
{"level":"debug","message":"[AGG] SOL/USDC: strategy[2]=unknown → HOLD conf=0.20 \"StochRSI K=84.7 D=75.8 — no extreme crossover\"","timestamp":"2026-06-22T00:00:05.435Z"}
{"level":"debug","message":"[AGG] SOL/USDC: votes BUY=0.00 SELL=0.00 HOLD=3.00 total_weight=0.00 external=0","timestamp":"2026-06-22T00:00:05.435Z"}
{"level":"debug","message":"[AGG] SOL/USDC: decision=HOLD confidence=0.00 tie=false belowMin=true (minConf=0.55)","timestamp":"2026-06-22T00:00:05.435Z"}
{"level":"debug","message":"[CYCLE] LINK/USDC: starting cycle, candles=1472 lastClose=7.77700000 lastTs=2026-06-22T00:00:00.000Z","timestamp":"2026-06-22T00:00:05.493Z"}
{"level":"debug","message":"[AGG] LINK/USDC: strategy[0]=unknown → HOLD conf=0.20 \"Price 7.9450 inside BB [7.7291–8.3505]\"","timestamp":"2026-06-22T00:00:05.507Z"}
{"level":"debug","message":"[AGG] LINK/USDC: strategy[1]=unknown → HOLD conf=0.20 \"Stoch K=21.6 D=22.2 — no crossover in extreme zone\"","timestamp":"2026-06-22T00:00:05.507Z"}
{"level":"debug","message":"[AGG] LINK/USDC: strategy[2]=unknown → HOLD conf=0.10 \"Supertrend downtrend continues (ST 8.4740)\"","timestamp":"2026-06-22T00:00:05.507Z"}
{"level":"debug","message":"[AGG] LINK/USDC: votes BUY=0.00 SELL=0.00 HOLD=3.00 total_weight=0.00 external=0","timestamp":"2026-06-22T00:00:05.507Z"}
{"level":"debug","message":"[AGG] LINK/USDC: decision=HOLD confidence=0.00 tie=false belowMin=true (minConf=0.7)","timestamp":"2026-06-22T00:00:05.507Z"}
{"level":"debug","message":"[CYCLE] BNB/USDC: starting cycle, candles=1472 lastClose=583.66000000 lastTs=2026-06-22T00:00:00.000Z","timestamp":"2026-06-22T00:00:05.511Z"}
{"level":"debug","message":"[AGG] BNB/USDC: strategy[0]=unknown → HOLD conf=0.20 \"%R -67.3 neutral\"","timestamp":"2026-06-22T00:00:05.513Z"}
{"level":"debug","message":"[AGG] BNB/USDC: strategy[1]=unknown → HOLD conf=0.15 \"HA bullish continuation\"","timestamp":"2026-06-22T00:00:05.513Z"}
{"level":"debug","message":"[AGG] BNB/USDC: strategy[2]=unknown → HOLD conf=0.10 \"No significant S/R zone nearby\"","timestamp":"2026-06-22T00:00:05.513Z"}
{"level":"debug","message":"[AGG] BNB/USDC: votes BUY=0.00 SELL=0.00 HOLD=3.00 total_weight=0.00 external=0","timestamp":"2026-06-22T00:00:05.513Z"}
{"level":"debug","message":"[AGG] BNB/USDC: decision=HOLD confidence=0.00 tie=false belowMin=true (minConf=0.55)","timestamp":"2026-06-22T00:00:05.513Z"}
{"level":"debug","message":"[CYCLE] PEPE/USDC: starting cycle, candles=1472 lastClose=0.00000278 lastTs=2026-06-22T00:00:00.000Z","timestamp":"2026-06-22T00:00:05.541Z"}
{"level":"debug","message":"[AGG] PEPE/USDC: strategy[0]=unknown → HOLD conf=0.20 \"No EMA crossover (fast 0.0000 vs slow 0.0000)\"","timestamp":"2026-06-22T00:00:05.543Z"}
{"level":"debug","message":"[AGG] PEPE/USDC: strategy[1]=unknown → HOLD conf=0.10 \"Supertrend downtrend continues (ST 0.0000)\"","timestamp":"2026-06-22T00:00:05.543Z"}
{"level":"debug","message":"[AGG] PEPE/USDC: strategy[2]=unknown → HOLD conf=0.20 \"OBV below EMA-20 — no cross\"","timestamp":"2026-06-22T00:00:05.543Z"}
{"level":"debug","message":"[AGG] PEPE/USDC: votes BUY=0.00 SELL=0.00 HOLD=3.00 total_weight=0.00 external=0","timestamp":"2026-06-22T00:00:05.543Z"}
{"level":"debug","message":"[AGG] PEPE/USDC: decision=HOLD confidence=0.00 tie=false belowMin=true (minConf=0.55)","timestamp":"2026-06-22T00:00:05.543Z"}
{"level":"debug","message":"[CYCLE] JTO/USDC: sizing positionPct=0.0731 (base=0.15 atr=0.041502254791431756 regime=on conf=2.00 macro=bear mtf=1.0)","timestamp":"2026-06-22T00:00:05.552Z"}
{"level":"info","message":"JTO/USDC: decision=HOLD confidence=200% price=0.64240000 external_signals=0","timestamp":"2026-06-22T00:00:05.552Z"}
{"level":"info","message":"JTO/USDC: CCI 18.5 neutral | PSAR downtrend continues (SAR 0.8674) | Resistance 0.7015 (2×)","timestamp":"2026-06-22T00:00:05.552Z"}
{"level":"debug","message":"[CYCLE] RENDER/USDC: starting cycle, candles=1393 lastClose=1.65300000 lastTs=2026-06-22T00:00:00.000Z","timestamp":"2026-06-22T00:00:05.559Z"}
{"level":"debug","message":"[AGG] RENDER/USDC: strategy[0]=unknown → HOLD conf=0.20 \"No EMA crossover (fast 1.7116 vs slow 1.7306)\"","timestamp":"2026-06-22T00:00:05.561Z"}
{"level":"debug","message":"[AGG] RENDER/USDC: strategy[1]=unknown → HOLD conf=0.20 \"OBV below EMA-20 — no cross\"","timestamp":"2026-06-22T00:00:05.561Z"}
{"level":"debug","message":"[AGG] RENDER/USDC: strategy[2]=unknown → HOLD conf=0.20 \"%R -71.5 neutral\"","timestamp":"2026-06-22T00:00:05.561Z"}
{"level":"debug","message":"[AGG] RENDER/USDC: votes BUY=0.00 SELL=0.00 HOLD=3.00 total_weight=0.00 external=0","timestamp":"2026-06-22T00:00:05.561Z"}
{"level":"debug","message":"[AGG] RENDER/USDC: decision=HOLD confidence=0.00 tie=false belowMin=true (minConf=0.55)","timestamp":"2026-06-22T00:00:05.561Z"}
{"level":"debug","message":"[CYCLE] WLD/USDC: starting cycle, candles=1472 lastClose=0.60490000 lastTs=2026-06-22T00:00:00.000Z","timestamp":"2026-06-22T00:00:05.571Z"}
{"level":"debug","message":"[AGG] WLD/USDC: strategy[0]=unknown → HOLD conf=0.20 \"Price 0.6334 inside BB [0.4543–0.7201]\"","timestamp":"2026-06-22T00:00:05.579Z"}
{"level":"debug","message":"[AGG] WLD/USDC: strategy[1]=unknown → HOLD conf=0.20 \"CCI 47.8 neutral\"","timestamp":"2026-06-22T00:00:05.579Z"}
{"level":"debug","message":"[AGG] WLD/USDC: strategy[2]=unknown → BUY conf=0.88 \"ADX 49.3 uptrend (+DI 27.0 > -DI 7.9)\"","timestamp":"2026-06-22T00:00:05.580Z"}
{"level":"debug","message":"[AGG] WLD/USDC: votes BUY=1.00 SELL=0.00 HOLD=2.00 total_weight=1.00 external=0","timestamp":"2026-06-22T00:00:05.580Z"}
{"level":"debug","message":"[AGG] WLD/USDC: decision=HOLD confidence=2.00 tie=false belowMin=false (minConf=0.55)","timestamp":"2026-06-22T00:00:05.580Z"}
{"level":"debug","message":"[CYCLE] GMX/USDC: starting cycle, candles=923 lastClose=5.82000000 lastTs=2026-06-22T00:00:00.000Z","timestamp":"2026-06-22T00:00:05.654Z"}
{"level":"debug","message":"[AGG] GMX/USDC: strategy[0]=unknown → HOLD conf=0.20 \"RSI 54.5 neutral\"","timestamp":"2026-06-22T00:00:05.673Z"}
{"level":"debug","message":"[AGG] GMX/USDC: strategy[1]=unknown → HOLD conf=0.20 \"Price 5.9800 inside BB [5.4311–6.1759]\"","timestamp":"2026-06-22T00:00:05.674Z"}
{"level":"debug","message":"[AGG] GMX/USDC: strategy[2]=unknown → HOLD conf=0.20 \"CCI 70.6 neutral\"","timestamp":"2026-06-22T00:00:05.674Z"}
{"level":"debug","message":"[AGG] GMX/USDC: votes BUY=0.00 SELL=0.00 HOLD=3.00 total_weight=0.00 external=0","timestamp":"2026-06-22T00:00:05.674Z"}
{"level":"debug","message":"[AGG] GMX/USDC: decision=HOLD confidence=0.00 tie=false belowMin=true (minConf=0.7)","timestamp":"2026-06-22T00:00:05.674Z"}
{"level":"debug","message":"[CYCLE] JUP/USDC: starting cycle, candles=1472 lastClose=0.21390000 lastTs=2026-06-22T00:00:00.000Z","timestamp":"2026-06-22T00:00:05.732Z"}
{"level":"debug","message":"[AGG] JUP/USDC: strategy[0]=unknown → HOLD conf=0.20 \"Price 0.2183 inside BB [0.1593–0.2200]\"","timestamp":"2026-06-22T00:00:05.751Z"}
{"level":"debug","message":"[AGG] JUP/USDC: strategy[1]=unknown → SELL conf=0.93 \"CCI 183.0 overbought ↓ reversal confirmed\"","timestamp":"2026-06-22T00:00:05.751Z"}
{"level":"debug","message":"[AGG] JUP/USDC: strategy[2]=unknown → HOLD conf=0.20 \"OBV above EMA-20 — no cross\"","timestamp":"2026-06-22T00:00:05.751Z"}
{"level":"debug","message":"[AGG] JUP/USDC: votes BUY=0.00 SELL=1.00 HOLD=2.00 total_weight=1.00 external=0","timestamp":"2026-06-22T00:00:05.751Z"}
{"level":"debug","message":"[AGG] JUP/USDC: decision=HOLD confidence=2.00 tie=false belowMin=false (minConf=0.55)","timestamp":"2026-06-22T00:00:05.751Z"}
{"level":"debug","message":"[CYCLE] MANTA/USDC: sizing positionPct=0.0434 (base=0.15 atr=0.041502254791431756 regime=on conf=0.00 macro=bear mtf=1.0)","timestamp":"2026-06-22T00:00:05.762Z"}
{"level":"info","message":"MANTA/USDC: decision=HOLD confidence=0% price=0.07971000 external_signals=0","timestamp":"2026-06-22T00:00:05.762Z"}
{"level":"info","message":"MANTA/USDC: RSI 49.9 neutral | Price 0.0804 inside BB [0.0787–0.0833] | CCI -9.3 neutral","timestamp":"2026-06-22T00:00:05.763Z"}
{"level":"debug","message":"[CYCLE] XRP/USDC: starting cycle, candles=1472 lastClose=1.12460000 lastTs=2026-06-22T00:00:00.000Z","timestamp":"2026-06-22T00:00:05.855Z"}
{"level":"debug","message":"[AGG] XRP/USDC: strategy[0]=unknown → HOLD conf=0.20 \"Price 1.1439 inside BB [1.0955–1.2399]\"","timestamp":"2026-06-22T00:00:05.862Z"}
{"level":"debug","message":"[AGG] XRP/USDC: strategy[1]=unknown → HOLD conf=0.20 \"Stoch K=14.6 D=15.1 — no crossover in extreme zone\"","timestamp":"2026-06-22T00:00:05.862Z"}
{"level":"debug","message":"[AGG] XRP/USDC: strategy[2]=unknown → HOLD conf=0.20 \"No EMA crossover (fast 1.1553 vs slow 1.1672)\"","timestamp":"2026-06-22T00:00:05.863Z"}
{"level":"debug","message":"[AGG] XRP/USDC: votes BUY=0.00 SELL=0.00 HOLD=3.00 total_weight=0.00 external=0","timestamp":"2026-06-22T00:00:05.863Z"}
{"level":"debug","message":"[AGG] XRP/USDC: decision=HOLD confidence=0.00 tie=false belowMin=true (minConf=0.55)","timestamp":"2026-06-22T00:00:05.863Z"}
{"level":"debug","message":"[CYCLE] LDO/USDC: sizing positionPct=0.0442 (base=0.15 atr=0.041502254791431756 regime=on conf=0.00 macro=bear mtf=1.0)","timestamp":"2026-06-22T00:00:05.962Z"}
{"level":"info","message":"LDO/USDC: decision=HOLD confidence=0% price=0.26740000 external_signals=0","timestamp":"2026-06-22T00:00:05.962Z"}
{"level":"info","message":"LDO/USDC: MACD -0.0004 vs signal -0.0022 hist:0.0018 | ADX 21.9 < 25 — ranging, skip | %R -59.7 neutral","timestamp":"2026-06-22T00:00:05.962Z"}
{"level":"debug","message":"[CYCLE] PIXEL/USDC: sizing positionPct=0.1155 (base=0.15 atr=0.041502254791431756 regime=on conf=2.00 macro=bear mtf=1.0)","timestamp":"2026-06-22T00:00:06.159Z"}
{"level":"info","message":"PIXEL/USDC: decision=HOLD confidence=200% price=0.00530000 external_signals=0","timestamp":"2026-06-22T00:00:06.159Z"}
{"level":"info","message":"PIXEL/USDC: No EMA crossover (fast 0.0054 vs slow 0.0055) | ADX 23.9 uptrend (+DI 24.9 > -DI 22.4) | No significant S/R zone nearby","timestamp":"2026-06-22T00:00:06.159Z"}
{"level":"debug","message":"[CYCLE] SUI/USDC: sizing positionPct=0.1481 (base=0.15 atr=0.041502254791431756 regime=on conf=2.00 macro=bear mtf=1.0)","timestamp":"2026-06-22T00:00:06.360Z"}
{"level":"info","message":"SUI/USDC: decision=HOLD confidence=200% price=0.69300000 external_signals=0","timestamp":"2026-06-22T00:00:06.360Z"}
{"level":"info","message":"SUI/USDC: RSI 33.6 neutral | Stoch K=8.8 crossed above D=8.5 in oversold zone | MFI 20.8 neutral","timestamp":"2026-06-22T00:00:06.360Z"}
{"level":"debug","message":"[CYCLE] THETA/USDC: sizing positionPct=0.0471 (base=0.15 atr=0.041502254791431756 regime=on conf=0.00 macro=bear mtf=1.0)","timestamp":"2026-06-22T00:00:06.561Z"}
{"level":"info","message":"THETA/USDC: decision=HOLD confidence=0% price=0.15260000 external_signals=0","timestamp":"2026-06-22T00:00:06.561Z"}
{"level":"info","message":"THETA/USDC: RSI 45.5 neutral | CCI -32.3 neutral | OBV above EMA-20 — no cross","timestamp":"2026-06-22T00:00:06.562Z"}
{"level":"debug","message":"[CYCLE] VANRY/USDC: sizing positionPct=0.1142 (base=0.15 atr=0.041502254791431756 regime=on conf=2.00 macro=bear mtf=1.0)","timestamp":"2026-06-22T00:00:06.763Z"}
{"level":"info","message":"VANRY/USDC: decision=HOLD confidence=200% price=0.00335700 external_signals=0","timestamp":"2026-06-22T00:00:06.764Z"}
{"level":"info","message":"VANRY/USDC: No EMA crossover (fast 0.0035 vs slow 0.0036) | MACD -0.0001 vs signal -0.0001 hist:0.0000 | ADX 32.7 uptrend (+DI 25.2 > -DI 16.9)","timestamp":"2026-06-22T00:00:06.764Z"}
{"level":"debug","message":"[CYCLE] ADA/USDC: sizing positionPct=0.0624 (base=0.15 atr=0.041502254791431756 regime=on conf=0.00 macro=bear mtf=1.0)","timestamp":"2026-06-22T00:00:06.952Z"}
{"level":"info","message":"ADA/USDC: decision=HOLD confidence=0% price=0.15650000 external_signals=0","timestamp":"2026-06-22T00:00:06.952Z"}
{"level":"info","message":"ADA/USDC: RSI 37.3 neutral | Price 0.1618 inside BB [0.1548–0.1839] | CCI -90.8 neutral","timestamp":"2026-06-22T00:00:06.952Z"}
{"level":"debug","message":"[CYCLE] AVAX/USDC: sizing positionPct=0.1254 (base=0.15 atr=0.041502254791431756 regime=on conf=2.00 macro=bear mtf=1.0)","timestamp":"2026-06-22T00:00:07.159Z"}
{"level":"info","message":"AVAX/USDC: decision=HOLD confidence=200% price=6.10900000 external_signals=0","timestamp":"2026-06-22T00:00:07.159Z"}
{"level":"info","message":"AVAX/USDC: RSI 36.9 neutral | MACD crossed above signal ↑ hist:0.0084 | PSAR downtrend continues (SAR 6.6022)","timestamp":"2026-06-22T00:00:07.160Z"}
{"level":"debug","message":"[CYCLE] TRX/USDC: sizing positionPct=0.2925 (base=0.15 atr=0.041502254791431756 regime=on conf=2.00 macro=bear mtf=1.0)","timestamp":"2026-06-22T00:00:07.360Z"}
{"level":"info","message":"TRX/USDC: decision=HOLD confidence=200% price=0.32740000 external_signals=0","timestamp":"2026-06-22T00:00:07.361Z"}
{"level":"info","message":"TRX/USDC: CCI 160.5 overbought ↓ reversal confirmed | Stoch K=99.1 D=97.0 — no crossover in extreme zone | StochRSI K=100.0 D=100.0 — no extreme crossover","timestamp":"2026-06-22T00:00:07.361Z"}
{"level":"debug","message":"[CYCLE] ENA/USDC: sizing positionPct=0.0139 (base=0.15 atr=0.041502254791431756 regime=on conf=0.00 macro=bear mtf=1.0)","timestamp":"2026-06-22T00:00:07.559Z"}
{"level":"info","message":"ENA/USDC: decision=HOLD confidence=0% price=0.08680000 external_signals=0","timestamp":"2026-06-22T00:00:07.559Z"}
{"level":"info","message":"ENA/USDC: RSI 53.5 neutral | Price 0.0905 inside BB [0.0781–0.0959] | CCI 74.7 neutral","timestamp":"2026-06-22T00:00:07.559Z"}
{"level":"debug","message":"[CYCLE] ENS/USDC: sizing positionPct=0.0450 (base=0.15 atr=0.041502254791431756 regime=on conf=0.00 macro=bear mtf=1.0)","timestamp":"2026-06-22T00:00:07.759Z"}
{"level":"info","message":"ENS/USDC: decision=HOLD confidence=0% price=4.67000000 external_signals=0","timestamp":"2026-06-22T00:00:07.759Z"}
{"level":"info","message":"ENS/USDC: Price 4.7500 inside BB [4.6133–5.5747] | PSAR downtrend continues (SAR 5.4222) | No significant S/R zone nearby","timestamp":"2026-06-22T00:00:07.759Z"}
{"level":"debug","message":"[CYCLE] APT/USDC: sizing positionPct=0.0535 (base=0.15 atr=0.041502254791431756 regime=on conf=0.00 macro=bear mtf=1.0)","timestamp":"2026-06-22T00:00:07.958Z"}
{"level":"info","message":"APT/USDC: decision=HOLD confidence=0% price=0.64700000 external_signals=0","timestamp":"2026-06-22T00:00:07.958Z"}
{"level":"info","message":"APT/USDC: Price 0.6570 inside BB [0.6235–0.6944] | Stoch K=42.6 D=37.0 — no crossover in extreme zone | MFI 57.2 neutral","timestamp":"2026-06-22T00:00:07.958Z"}
{"level":"info","message":"BTC/USDC: live balance=190.51 pnl=0.00 open_positions=0 daily_pnl=0.00 blocked=false","timestamp":"2026-06-22T00:00:08.167Z"}
{"level":"debug","message":"[CYCLE] LSK/USDC: sizing positionPct=0.1629 (base=0.15 atr=0.041502254791431756 regime=on conf=2.00 macro=bear mtf=1.0)","timestamp":"2026-06-22T00:00:08.357Z"}
{"level":"info","message":"LSK/USDC: decision=HOLD confidence=200% price=0.09200000 external_signals=0","timestamp":"2026-06-22T00:00:08.357Z"}
{"level":"info","message":"LSK/USDC: MACD crossed above signal hist:0.0001 | MFI 58.7 neutral | PSAR downtrend continues (SAR 0.0960)","timestamp":"2026-06-22T00:00:08.357Z"}
{"level":"info","message":"NEAR/USDC: live balance=190.51 pnl=0.00 open_positions=0 daily_pnl=0.00 blocked=false","timestamp":"2026-06-22T00:00:08.559Z"}
{"level":"debug","message":"[CYCLE] PAXG/USDC: sizing positionPct=0.2925 (base=0.15 atr=0.041502254791431756 regime=on conf=2.00 macro=bear mtf=1.0)","timestamp":"2026-06-22T00:00:08.760Z"}
{"level":"info","message":"PAXG/USDC: decision=HOLD confidence=200% price=4134.03000000 external_signals=0","timestamp":"2026-06-22T00:00:08.761Z"}
{"level":"info","message":"PAXG/USDC: MACD -44.1035 vs signal -39.1681 hist:-4.9354 | ADX 27.3 downtrend (-DI 30.0 > +DI 14.1) | Supertrend downtrend continues (ST 4299.0234)","timestamp":"2026-06-22T00:00:08.761Z"}
{"level":"debug","message":"[CYCLE] TIA/USDC: sizing positionPct=0.1064 (base=0.15 atr=0.041502254791431756 regime=on conf=2.00 macro=bear mtf=1.0)","timestamp":"2026-06-22T00:00:08.964Z"}
{"level":"info","message":"TIA/USDC: decision=HOLD confidence=200% price=0.36340000 external_signals=0","timestamp":"2026-06-22T00:00:08.965Z"}
{"level":"info","message":"TIA/USDC: CCI 13.2 neutral | MACD crossed below signal hist:-0.0003 | HA bearish continuation","timestamp":"2026-06-22T00:00:08.965Z"}
{"level":"info","message":"ACH/USDC: live balance=190.51 pnl=0.00 open_positions=0 daily_pnl=0.00 blocked=false","timestamp":"2026-06-22T00:00:09.165Z"}
{"level":"debug","message":"[CYCLE] INJ/USDC: sizing positionPct=0.0369 (base=0.15 atr=0.041502254791431756 regime=on conf=2.00 macro=bear mtf=1.0)","timestamp":"2026-06-22T00:00:09.358Z"}
{"level":"info","message":"INJ/USDC: decision=HOLD confidence=200% price=4.81600000 external_signals=0","timestamp":"2026-06-22T00:00:09.358Z"}
{"level":"info","message":"INJ/USDC: ADX 13.6 < 25 — ranging, skip | OBV crossed below EMA-20 — volume sellers in control | StochRSI K=0.0 D=0.7 — no extreme crossover","timestamp":"2026-06-22T00:00:09.358Z"}
{"level":"debug","message":"[CYCLE] DOGE/USDC: sizing positionPct=0.0941 (base=0.15 atr=0.041502254791431756 regime=on conf=0.00 macro=bear mtf=1.0)","timestamp":"2026-06-22T00:00:09.563Z"}
{"level":"info","message":"DOGE/USDC: decision=HOLD confidence=0% price=0.08219000 external_signals=0","timestamp":"2026-06-22T00:00:09.563Z"}
{"level":"info","message":"DOGE/USDC: No EMA crossover (fast 0.0844 vs slow 0.0859) | PSAR downtrend continues (SAR 0.0900) | HA bearish continuation","timestamp":"2026-06-22T00:00:09.564Z"}
{"level":"debug","message":"[CYCLE] ETH/USDC: sizing positionPct=0.0658 (base=0.15 atr=0.041502254791431756 regime=on conf=0.00 macro=bear mtf=1.0)","timestamp":"2026-06-22T00:00:09.764Z"}
{"level":"info","message":"ETH/USDC: decision=HOLD confidence=0% price=1706.04000000 external_signals=0","timestamp":"2026-06-22T00:00:09.764Z"}
{"level":"info","message":"ETH/USDC: Supertrend uptrend continues (ST 1631.9562) | MFI 49.0 neutral | No significant S/R zone nearby","timestamp":"2026-06-22T00:00:09.765Z"}
{"level":"info","message":"LTC/USDC: live balance=190.51 pnl=0.00 open_positions=0 daily_pnl=0.00 blocked=false","timestamp":"2026-06-22T00:00:09.964Z"}
{"level":"debug","message":"[CYCLE] TON/USDC: sizing positionPct=0.0233 (base=0.15 atr=0.041502254791431756 regime=on conf=0.00 macro=bear mtf=1.0)","timestamp":"2026-06-22T00:00:10.158Z"}
{"level":"info","message":"TON/USDC: decision=HOLD confidence=0% price=1.64100000 external_signals=0","timestamp":"2026-06-22T00:00:10.158Z"}
{"level":"info","message":"TON/USDC: No EMA crossover (fast 1.6571 vs slow 1.6814) | OBV above EMA-20 — no cross | StochRSI K=70.8 D=55.9 — no extreme crossover","timestamp":"2026-06-22T00:00:10.159Z"}
{"level":"debug","message":"[CYCLE] ICP/USDC: sizing positionPct=0.0435 (base=0.15 atr=0.041502254791431756 regime=on conf=0.00 macro=bear mtf=1.0)","timestamp":"2026-06-22T00:00:10.364Z"}
{"level":"info","message":"ICP/USDC: decision=HOLD confidence=0% price=2.20900000 external_signals=0","timestamp":"2026-06-22T00:00:10.365Z"}
{"level":"info","message":"ICP/USDC: RSI 43.3 neutral | Price 2.2760 inside BB [2.1549–2.5593] | Stoch K=23.3 D=23.9 — no crossover in extreme zone","timestamp":"2026-06-22T00:00:10.365Z"}
{"level":"info","message":"BCH/USDC: live balance=190.51 pnl=0.00 open_positions=0 daily_pnl=0.00 blocked=false","timestamp":"2026-06-22T00:00:10.564Z"}
{"level":"debug","message":"[CYCLE] ARB/USDC: sizing positionPct=0.0579 (base=0.15 atr=0.041502254791431756 regime=on conf=0.00 macro=bear mtf=1.0)","timestamp":"2026-06-22T00:00:10.759Z"}
{"level":"info","message":"ARB/USDC: decision=HOLD confidence=0% price=0.08180000 external_signals=0","timestamp":"2026-06-22T00:00:10.759Z"}
{"level":"info","message":"ARB/USDC: RSI 44.8 neutral | %R -70.1 neutral | HA flipped but prior streak too short (1 < 3)","timestamp":"2026-06-22T00:00:10.759Z"}
{"level":"info","message":"CRV/USDC: live balance=190.51 pnl=0.00 open_positions=0 daily_pnl=0.00 blocked=false","timestamp":"2026-06-22T00:00:10.960Z"}
{"level":"debug","message":"[CYCLE] SOL/USDC: sizing positionPct=0.0645 (base=0.15 atr=0.041502254791431756 regime=on conf=0.00 macro=bear mtf=1.0)","timestamp":"2026-06-22T00:00:11.158Z"}
{"level":"info","message":"SOL/USDC: decision=HOLD confidence=0% price=72.42000000 external_signals=0","timestamp":"2026-06-22T00:00:11.158Z"}
{"level":"info","message":"SOL/USDC: Price 74.2200 inside BB [66.0304–75.8806] | %R -22.5 neutral | StochRSI K=84.7 D=75.8 — no extreme crossover","timestamp":"2026-06-22T00:00:11.158Z"}
{"level":"debug","message":"[CYCLE] LINK/USDC: sizing positionPct=0.0758 (base=0.15 atr=0.041502254791431756 regime=on conf=0.00 macro=bear mtf=1.0)","timestamp":"2026-06-22T00:00:11.355Z"}
{"level":"info","message":"LINK/USDC: decision=HOLD confidence=0% price=7.77700000 external_signals=0","timestamp":"2026-06-22T00:00:11.355Z"}
{"level":"info","message":"LINK/USDC: Price 7.9450 inside BB [7.7291–8.3505] | Stoch K=21.6 D=22.2 — no crossover in extreme zone | Supertrend downtrend continues (ST 8.4740)","timestamp":"2026-06-22T00:00:11.356Z"}
{"level":"debug","message":"[CYCLE] BNB/USDC: sizing positionPct=0.0450 (base=0.15 atr=0.041502254791431756 regime=on conf=0.00 macro=bear mtf=1.0)","timestamp":"2026-06-22T00:00:11.558Z"}
{"level":"info","message":"BNB/USDC: decision=HOLD confidence=0% price=583.66000000 external_signals=0","timestamp":"2026-06-22T00:00:11.559Z"}
{"level":"info","message":"BNB/USDC: %R -67.3 neutral | HA bullish continuation | No significant S/R zone nearby","timestamp":"2026-06-22T00:00:11.559Z"}
{"level":"debug","message":"[CYCLE] PEPE/USDC: sizing positionPct=0.0675 (base=0.15 atr=0.041502254791431756 regime=on conf=0.00 macro=bear mtf=1.0)","timestamp":"2026-06-22T00:00:11.763Z"}
{"level":"info","message":"PEPE/USDC: decision=HOLD confidence=0% price=0.00000278 external_signals=0","timestamp":"2026-06-22T00:00:11.763Z"}
{"level":"info","message":"PEPE/USDC: No EMA crossover (fast 0.0000 vs slow 0.0000) | Supertrend downtrend continues (ST 0.0000) | OBV below EMA-20 — no cross","timestamp":"2026-06-22T00:00:11.764Z"}
{"level":"info","message":"JTO/USDC: live balance=190.51 pnl=0.00 open_positions=0 daily_pnl=0.00 blocked=false","timestamp":"2026-06-22T00:00:11.963Z"}
{"level":"debug","message":"[CYCLE] RENDER/USDC: sizing positionPct=0.0407 (base=0.15 atr=0.041502254791431756 regime=on conf=0.00 macro=bear mtf=1.0)","timestamp":"2026-06-22T00:00:12.161Z"}
{"level":"info","message":"RENDER/USDC: decision=HOLD confidence=0% price=1.65300000 external_signals=0","timestamp":"2026-06-22T00:00:12.161Z"}
{"level":"info","message":"RENDER/USDC: No EMA crossover (fast 1.7116 vs slow 1.7306) | OBV below EMA-20 — no cross | %R -71.5 neutral","timestamp":"2026-06-22T00:00:12.162Z"}
{"level":"debug","message":"[CYCLE] WLD/USDC: sizing positionPct=0.0731 (base=0.15 atr=0.041502254791431756 regime=on conf=2.00 macro=bear mtf=1.0)","timestamp":"2026-06-22T00:00:12.359Z"}
{"level":"info","message":"WLD/USDC: decision=HOLD confidence=200% price=0.60490000 external_signals=0","timestamp":"2026-06-22T00:00:12.359Z"}
{"level":"info","message":"WLD/USDC: Price 0.6334 inside BB [0.4543–0.7201] | CCI 47.8 neutral | ADX 49.3 uptrend (+DI 27.0 > -DI 7.9)","timestamp":"2026-06-22T00:00:12.359Z"}
{"level":"debug","message":"[CYCLE] GMX/USDC: sizing positionPct=0.0570 (base=0.15 atr=0.041502254791431756 regime=on conf=0.00 macro=bear mtf=1.0)","timestamp":"2026-06-22T00:00:12.562Z"}
{"level":"info","message":"GMX/USDC: decision=HOLD confidence=0% price=5.82000000 external_signals=0","timestamp":"2026-06-22T00:00:12.562Z"}
{"level":"info","message":"GMX/USDC: RSI 54.5 neutral | Price 5.9800 inside BB [5.4311–6.1759] | CCI 70.6 neutral","timestamp":"2026-06-22T00:00:12.563Z"}
{"level":"debug","message":"[CYCLE] JUP/USDC: sizing positionPct=0.1028 (base=0.15 atr=0.041502254791431756 regime=on conf=2.00 macro=bear mtf=1.0)","timestamp":"2026-06-22T00:00:12.762Z"}
{"level":"info","message":"JUP/USDC: decision=HOLD confidence=200% price=0.21390000 external_signals=0","timestamp":"2026-06-22T00:00:12.762Z"}
{"level":"info","message":"JUP/USDC: Price 0.2183 inside BB [0.1593–0.2200] | CCI 183.0 overbought ↓ reversal confirmed | OBV above EMA-20 — no cross","timestamp":"2026-06-22T00:00:12.762Z"}
{"level":"info","message":"MANTA/USDC: live balance=190.51 pnl=0.00 open_positions=0 daily_pnl=0.00 blocked=false","timestamp":"2026-06-22T00:00:12.961Z"}
{"level":"debug","message":"[CYCLE] XRP/USDC: sizing positionPct=0.0638 (base=0.15 atr=0.041502254791431756 regime=on conf=0.00 macro=bear mtf=1.0)","timestamp":"2026-06-22T00:00:13.162Z"}
{"level":"info","message":"XRP/USDC: decision=HOLD confidence=0% price=1.12460000 external_signals=0","timestamp":"2026-06-22T00:00:13.163Z"}
{"level":"info","message":"XRP/USDC: Price 1.1439 inside BB [1.0955–1.2399] | Stoch K=14.6 D=15.1 — no crossover in extreme zone | No EMA crossover (fast 1.1553 vs slow 1.1672)","timestamp":"2026-06-22T00:00:13.163Z"}
{"level":"info","message":"LDO/USDC: live balance=190.51 pnl=0.00 open_positions=0 daily_pnl=0.00 blocked=false","timestamp":"2026-06-22T00:00:13.361Z"}
{"level":"info","message":"PIXEL/USDC: live balance=190.51 pnl=0.00 open_positions=0 daily_pnl=0.00 blocked=false","timestamp":"2026-06-22T00:00:13.570Z"}
{"level":"info","message":"SUI/USDC: live balance=190.51 pnl=0.00 open_positions=0 daily_pnl=0.00 blocked=false","timestamp":"2026-06-22T00:00:13.761Z"}
{"level":"info","message":"THETA/USDC: live balance=190.51 pnl=0.00 open_positions=0 daily_pnl=0.00 blocked=false","timestamp":"2026-06-22T00:00:13.960Z"}
{"level":"info","message":"VANRY/USDC: live balance=190.51 pnl=0.00 open_positions=0 daily_pnl=0.00 blocked=false","timestamp":"2026-06-22T00:00:14.159Z"}
{"level":"info","message":"ADA/USDC: live balance=190.51 pnl=0.00 open_positions=0 daily_pnl=0.00 blocked=false","timestamp":"2026-06-22T00:00:14.351Z"}
{"level":"info","message":"AVAX/USDC: live balance=190.51 pnl=0.00 open_positions=0 daily_pnl=0.00 blocked=false","timestamp":"2026-06-22T00:00:14.760Z"}
{"level":"info","message":"ENA/USDC: live balance=190.51 pnl=0.00 open_positions=0 daily_pnl=0.00 blocked=false","timestamp":"2026-06-22T00:00:15.158Z"}
{"level":"info","message":"ENS/USDC: live balance=190.51 pnl=0.00 open_positions=0 daily_pnl=0.00 blocked=false","timestamp":"2026-06-22T00:00:15.361Z"}
{"level":"info","message":"TRX/USDC: live balance=190.51 pnl=0.00 open_positions=0 daily_pnl=0.00 blocked=false","timestamp":"2026-06-22T00:00:15.429Z"}
{"level":"info","message":"APT/USDC: live balance=190.51 pnl=0.00 open_positions=0 daily_pnl=0.00 blocked=false","timestamp":"2026-06-22T00:00:15.557Z"}
{"level":"info","message":"LSK/USDC: live balance=190.51 pnl=0.00 open_positions=0 daily_pnl=0.00 blocked=false","timestamp":"2026-06-22T00:00:15.759Z"}
{"level":"info","message":"PAXG/USDC: live balance=190.51 pnl=0.00 open_positions=0 daily_pnl=0.00 blocked=false","timestamp":"2026-06-22T00:00:15.958Z"}
{"level":"info","message":"TIA/USDC: live balance=190.51 pnl=0.00 open_positions=0 daily_pnl=0.00 blocked=false","timestamp":"2026-06-22T00:00:16.158Z"}
{"level":"info","message":"INJ/USDC: live balance=190.51 pnl=0.00 open_positions=0 daily_pnl=0.00 blocked=false","timestamp":"2026-06-22T00:00:16.364Z"}
{"level":"info","message":"ETH/USDC: live balance=190.51 pnl=0.00 open_positions=0 daily_pnl=0.00 blocked=false","timestamp":"2026-06-22T00:00:16.760Z"}
{"level":"info","message":"TON/USDC: live balance=190.51 pnl=0.00 open_positions=0 daily_pnl=0.00 blocked=false","timestamp":"2026-06-22T00:00:16.953Z"}
{"level":"info","message":"DOGE/USDC: live balance=190.51 pnl=0.00 open_positions=0 daily_pnl=0.00 blocked=false","timestamp":"2026-06-22T00:00:17.009Z"}
{"level":"info","message":"ICP/USDC: live balance=190.51 pnl=0.00 open_positions=0 daily_pnl=0.00 blocked=false","timestamp":"2026-06-22T00:00:17.164Z"}
{"level":"info","message":"ARB/USDC: live balance=190.51 pnl=0.00 open_positions=0 daily_pnl=0.00 blocked=false","timestamp":"2026-06-22T00:00:17.353Z"}
{"level":"info","message":"SOL/USDC: live balance=190.51 pnl=0.00 open_positions=0 daily_pnl=0.00 blocked=false","timestamp":"2026-06-22T00:00:17.555Z"}
{"level":"info","message":"LINK/USDC: live balance=190.51 pnl=0.00 open_positions=0 daily_pnl=0.00 blocked=false","timestamp":"2026-06-22T00:00:17.753Z"}
{"level":"info","message":"PEPE/USDC: live balance=190.51 pnl=0.00 open_positions=0 daily_pnl=0.00 blocked=false","timestamp":"2026-06-22T00:00:18.154Z"}
{"level":"info","message":"BNB/USDC: live balance=190.51 pnl=0.00 open_positions=0 daily_pnl=0.00 blocked=false","timestamp":"2026-06-22T00:00:18.421Z"}
{"level":"info","message":"RENDER/USDC: live balance=190.51 pnl=0.00 open_positions=0 daily_pnl=0.00 blocked=false","timestamp":"2026-06-22T00:00:18.556Z"}
{"level":"info","message":"WLD/USDC: live balance=190.51 pnl=0.00 open_positions=0 daily_pnl=0.00 blocked=false","timestamp":"2026-06-22T00:00:18.754Z"}
{"level":"info","message":"GMX/USDC: live balance=190.51 pnl=0.00 open_positions=0 daily_pnl=0.00 blocked=false","timestamp":"2026-06-22T00:00:18.954Z"}
{"level":"info","message":"JUP/USDC: live balance=190.51 pnl=0.00 open_positions=0 daily_pnl=0.00 blocked=false","timestamp":"2026-06-22T00:00:19.153Z"}
{"level":"info","message":"XRP/USDC: live balance=190.51 pnl=0.00 open_positions=0 daily_pnl=0.00 blocked=false","timestamp":"2026-06-22T00:00:19.354Z"}
{"level":"info","message":"[MTF-CACHE] 15m refresh complete: 37/37 symbols","timestamp":"2026-06-22T00:09:49.140Z"}
{"level":"info","message":"[MTF-CACHE] 15m refresh complete: 37/37 symbols","timestamp":"2026-06-22T00:24:49.129Z"}
{"level":"info","message":"[MTF-CACHE] 15m refresh complete: 37/37 symbols","timestamp":"2026-06-22T00:39:50.994Z"}
{"level":"info","message":"[MTF-CACHE] 15m refresh complete: 37/37 symbols","timestamp":"2026-06-22T00:54:50.049Z"}
{"level":"info","message":"[MTF-CACHE] 15m refresh complete: 37/37 symbols","timestamp":"2026-06-22T01:09:49.112Z"}
{"level":"info","message":"[MTF-CACHE] 15m refresh complete: 37/37 symbols","timestamp":"2026-06-22T01:24:49.096Z"}
{"level":"info","message":"[MTF-CACHE] 15m refresh complete: 37/37 symbols","timestamp":"2026-06-22T01:39:49.119Z"}
{"level":"info","message":"[MTF-CACHE] 15m refresh complete: 37/37 symbols","timestamp":"2026-06-22T01:54:49.113Z"}
{"level":"info","message":"[MTF-CACHE] 15m refresh complete: 37/37 symbols","timestamp":"2026-06-22T02:09:49.117Z"}
{"level":"info","message":"[MTF-CACHE] 15m refresh complete: 37/37 symbols","timestamp":"2026-06-22T02:24:50.059Z"}
{"level":"info","message":"[MTF-CACHE] 15m refresh complete: 37/37 symbols","timestamp":"2026-06-22T02:39:52.518Z"}
{"level":"info","message":"[MTF-CACHE] 15m refresh complete: 37/37 symbols","timestamp":"2026-06-22T02:54:52.525Z"}
{"level":"info","message":"[MTF-CACHE] 15m refresh complete: 37/37 symbols","timestamp":"2026-06-22T03:09:50.110Z"}
{"level":"info","message":"[MTF-CACHE] 4h refresh complete: 37/37 symbols","timestamp":"2026-06-22T03:09:51.142Z"}
{"level":"info","message":"[MTF-CACHE] 15m refresh complete: 37/37 symbols","timestamp":"2026-06-22T03:24:53.801Z"}
{"level":"info","message":"[MTF-CACHE] 15m refresh complete: 37/37 symbols","timestamp":"2026-06-22T03:39:50.968Z"}
{"level":"info","message":"[MTF-CACHE] 15m refresh complete: 37/37 symbols","timestamp":"2026-06-22T03:54:49.750Z"}
{"level":"info","message":"[MTF-CACHE] 15m refresh complete: 37/37 symbols","timestamp":"2026-06-22T04:09:49.124Z"}
{"level":"info","message":"[MTF-CACHE] 15m refresh complete: 37/37 symbols","timestamp":"2026-06-22T04:24:51.125Z"}
{"level":"info","message":"[MTF-CACHE] 15m refresh complete: 37/37 symbols","timestamp":"2026-06-22T04:39:49.139Z"}
{"level":"info","message":"[MTF-CACHE] 15m refresh complete: 37/37 symbols","timestamp":"2026-06-22T04:54:49.119Z"}
{"level":"info","message":"[MTF-CACHE] 15m refresh complete: 37/37 symbols","timestamp":"2026-06-22T05:09:49.576Z"}
{"level":"info","message":"[MTF-CACHE] 15m refresh complete: 37/37 symbols","timestamp":"2026-06-22T05:24:49.131Z"}
{"level":"info","message":"[MTF-CACHE] 15m refresh complete: 37/37 symbols","timestamp":"2026-06-22T05:39:49.131Z"}
{"level":"info","message":"[MTF-CACHE] 15m refresh complete: 37/37 symbols","timestamp":"2026-06-22T05:54:49.130Z"}
{"level":"info","message":"[MTF-CACHE] 15m refresh complete: 37/37 symbols","timestamp":"2026-06-22T06:09:49.104Z"}
{"level":"info","message":"[MTF-CACHE] 15m refresh complete: 37/37 symbols","timestamp":"2026-06-22T06:24:49.183Z"}
{"level":"info","message":"[MTF-CACHE] 15m refresh complete: 37/37 symbols","timestamp":"2026-06-22T06:39:49.145Z"}
{"level":"info","message":"[MTF-CACHE] 15m refresh complete: 37/37 symbols","timestamp":"2026-06-22T06:54:49.311Z"}
{"level":"info","message":"[MTF-CACHE] 15m refresh complete: 37/37 symbols","timestamp":"2026-06-22T07:09:49.589Z"}
{"level":"info","message":"[MTF-CACHE] 4h refresh complete: 37/37 symbols","timestamp":"2026-06-22T07:09:50.338Z"}
{"level":"info","message":"[MTF-CACHE] 15m refresh complete: 37/37 symbols","timestamp":"2026-06-22T07:24:49.113Z"}
{"level":"info","message":"[MTF-CACHE] 15m refresh complete: 37/37 symbols","timestamp":"2026-06-22T07:39:50.052Z"}
{"level":"info","message":"[MTF-CACHE] 15m refresh complete: 37/37 symbols","timestamp":"2026-06-22T07:54:49.147Z"}
{"level":"info","message":"[MTF-CACHE] 15m refresh complete: 37/37 symbols","timestamp":"2026-06-22T08:09:49.141Z"}
{"level":"info","message":"[MTF-CACHE] 15m refresh complete: 37/37 symbols","timestamp":"2026-06-22T08:24:49.609Z"}
{"level":"info","message":"[MTF-CACHE] 15m refresh complete: 37/37 symbols","timestamp":"2026-06-22T08:39:49.128Z"}
{"level":"info","message":"[MTF-CACHE] 15m refresh complete: 37/37 symbols","timestamp":"2026-06-22T08:54:49.582Z"}
{"level":"info","message":"[MTF-CACHE] 15m refresh complete: 37/37 symbols","timestamp":"2026-06-22T09:09:49.131Z"}
{"level":"info","message":"[MTF-CACHE] 15m refresh complete: 37/37 symbols","timestamp":"2026-06-22T09:24:49.124Z"}
{"level":"info","message":"[MTF-CACHE] 15m refresh complete: 37/37 symbols","timestamp":"2026-06-22T09:39:49.277Z"}
{"level":"info","message":"[MTF-CACHE] 15m refresh complete: 37/37 symbols","timestamp":"2026-06-22T09:54:49.772Z"}
{"level":"info","message":"[MTF-CACHE] 15m refresh complete: 37/37 symbols","timestamp":"2026-06-22T10:09:49.144Z"}
{"level":"info","message":"[MTF-CACHE] 15m refresh complete: 37/37 symbols","timestamp":"2026-06-22T10:24:50.691Z"}
{"level":"info","message":"[MTF-CACHE] 15m refresh complete: 37/37 symbols","timestamp":"2026-06-22T10:39:49.595Z"}
{"level":"info","message":"[MTF-CACHE] 15m refresh complete: 37/37 symbols","timestamp":"2026-06-22T10:54:49.156Z"}
{"level":"info","message":"[MTF-CACHE] 15m refresh complete: 37/37 symbols","timestamp":"2026-06-22T11:09:49.036Z"}
{"level":"info","message":"[MTF-CACHE] 4h refresh complete: 37/37 symbols","timestamp":"2026-06-22T11:09:49.813Z"}
{"level":"info","message":"[MTF-CACHE] 15m refresh complete: 37/37 symbols","timestamp":"2026-06-22T11:24:49.609Z"}
{"level":"info","message":"[MTF-CACHE] 15m refresh complete: 37/37 symbols","timestamp":"2026-06-22T11:39:49.132Z"}
{"level":"info","message":"[MTF-CACHE] 15m refresh complete: 37/37 symbols","timestamp":"2026-06-22T11:54:49.933Z"}
{"level":"debug","message":"[CYCLE] ATR sizing: medianATRPct=4.04% (37 symbols)","timestamp":"2026-06-22T12:00:19.368Z"}
{"level":"debug","message":"[CYCLE] BTC macro: bull=false EMA200","timestamp":"2026-06-22T12:00:19.370Z"}
{"level":"debug","message":"[CYCLE] BTC/USDC: starting cycle, candles=1473 lastClose=64604.68000000 lastTs=2026-06-22T12:00:00.000Z","timestamp":"2026-06-22T12:00:19.654Z"}
{"level":"debug","message":"[AGG] BTC/USDC: strategy[0]=unknown → HOLD conf=0.20 \"No EMA crossover (fast 63935.7440 vs slow 64423.9027)\"","timestamp":"2026-06-22T12:00:19.659Z"}
{"level":"debug","message":"[AGG] BTC/USDC: strategy[1]=unknown → HOLD conf=0.10 \"PSAR downtrend continues (SAR 65352.1574)\"","timestamp":"2026-06-22T12:00:19.659Z"}
{"level":"debug","message":"[AGG] BTC/USDC: strategy[2]=unknown → SELL conf=0.87 \"HA flipped bearish ↓ after 4-bar bull streak (no upper shadow)\"","timestamp":"2026-06-22T12:00:19.659Z"}
{"level":"debug","message":"[AGG] BTC/USDC: votes BUY=0.00 SELL=1.00 HOLD=2.00 total_weight=1.00 external=0","timestamp":"2026-06-22T12:00:19.659Z"}
{"level":"debug","message":"[AGG] BTC/USDC: decision=HOLD confidence=2.00 tie=false belowMin=false (minConf=0.55)","timestamp":"2026-06-22T12:00:19.659Z"}
{"level":"debug","message":"[CYCLE] XRP/USDC: starting cycle, candles=1473 lastClose=1.14720000 lastTs=2026-06-22T12:00:00.000Z","timestamp":"2026-06-22T12:00:19.663Z"}
{"level":"debug","message":"[AGG] XRP/USDC: strategy[0]=unknown → HOLD conf=0.20 \"Price 1.1246 inside BB [1.0932–1.2406]\"","timestamp":"2026-06-22T12:00:19.692Z"}
{"level":"debug","message":"[AGG] XRP/USDC: strategy[1]=unknown → HOLD conf=0.20 \"Stoch K=3.6 D=10.5 — no crossover in extreme zone\"","timestamp":"2026-06-22T12:00:19.692Z"}
{"level":"debug","message":"[AGG] XRP/USDC: strategy[2]=unknown → HOLD conf=0.20 \"No EMA crossover (fast 1.1506 vs slow 1.1641)\"","timestamp":"2026-06-22T12:00:19.692Z"}
{"level":"debug","message":"[AGG] XRP/USDC: votes BUY=0.00 SELL=0.00 HOLD=3.00 total_weight=0.00 external=0","timestamp":"2026-06-22T12:00:19.692Z"}
{"level":"debug","message":"[AGG] XRP/USDC: decision=HOLD confidence=0.00 tie=false belowMin=true (minConf=0.55)","timestamp":"2026-06-22T12:00:19.692Z"}
{"level":"debug","message":"[CYCLE] LINK/USDC: starting cycle, candles=1473 lastClose=8.08600000 lastTs=2026-06-22T12:00:00.000Z","timestamp":"2026-06-22T12:00:19.705Z"}
{"level":"debug","message":"[AGG] LINK/USDC: strategy[0]=unknown → HOLD conf=0.20 \"Price 7.7770 inside BB [7.7083–8.3595]\"","timestamp":"2026-06-22T12:00:19.756Z"}
{"level":"debug","message":"[AGG] LINK/USDC: strategy[1]=unknown → HOLD conf=0.20 \"Stoch K=1.4 D=13.9 — no crossover in extreme zone\"","timestamp":"2026-06-22T12:00:19.756Z"}
{"level":"debug","message":"[AGG] LINK/USDC: strategy[2]=unknown → HOLD conf=0.10 \"Supertrend downtrend continues (ST 8.4704)\"","timestamp":"2026-06-22T12:00:19.756Z"}
{"level":"debug","message":"[AGG] LINK/USDC: votes BUY=0.00 SELL=0.00 HOLD=3.00 total_weight=0.00 external=0","timestamp":"2026-06-22T12:00:19.756Z"}
{"level":"debug","message":"[AGG] LINK/USDC: decision=HOLD confidence=0.00 tie=false belowMin=true (minConf=0.7)","timestamp":"2026-06-22T12:00:19.756Z"}
{"level":"debug","message":"[CYCLE] BNB/USDC: starting cycle, candles=1473 lastClose=597.66000000 lastTs=2026-06-22T12:00:00.000Z","timestamp":"2026-06-22T12:00:19.765Z"}
{"level":"debug","message":"[AGG] BNB/USDC: strategy[0]=unknown → HOLD conf=0.20 \"%R -78.5 neutral\"","timestamp":"2026-06-22T12:00:19.773Z"}
{"level":"debug","message":"[AGG] BNB/USDC: strategy[1]=unknown → SELL conf=0.87 \"HA flipped bearish ↓ after 4-bar bull streak (no upper shadow)\"","timestamp":"2026-06-22T12:00:19.773Z"}
{"level":"debug","message":"[AGG] BNB/USDC: strategy[2]=unknown → HOLD conf=0.10 \"No significant S/R zone nearby\"","timestamp":"2026-06-22T12:00:19.773Z"}
{"level":"debug","message":"[AGG] BNB/USDC: votes BUY=0.00 SELL=1.00 HOLD=2.00 total_weight=1.00 external=0","timestamp":"2026-06-22T12:00:19.774Z"}
{"level":"debug","message":"[AGG] BNB/USDC: decision=HOLD confidence=2.00 tie=false belowMin=false (minConf=0.55)","timestamp":"2026-06-22T12:00:19.774Z"}
{"level":"debug","message":"[CYCLE] NEAR/USDC: starting cycle, candles=1473 lastClose=2.16400000 lastTs=2026-06-22T12:00:00.000Z","timestamp":"2026-06-22T12:00:19.780Z"}
{"level":"debug","message":"[AGG] NEAR/USDC: strategy[0]=unknown → HOLD conf=0.20 \"RSI 45.4 neutral\"","timestamp":"2026-06-22T12:00:19.818Z"}
{"level":"debug","message":"[AGG] NEAR/USDC: strategy[1]=unknown → HOLD conf=0.20 \"Price 2.1010 inside BB [1.9634–2.4531]\"","timestamp":"2026-06-22T12:00:19.818Z"}
{"level":"debug","message":"[AGG] NEAR/USDC: strategy[2]=unknown → HOLD conf=0.20 \"Stoch K=3.6 D=19.5 — no crossover in extreme zone\"","timestamp":"2026-06-22T12:00:19.818Z"}
{"level":"debug","message":"[AGG] NEAR/USDC: strategy[3]=unknown → BUY conf=0.62 \"Support 2.0913 (3×)\"","timestamp":"2026-06-22T12:00:19.818Z"}
{"level":"debug","message":"[AGG] NEAR/USDC: votes BUY=1.00 SELL=0.00 HOLD=3.00 total_weight=1.00 external=0","timestamp":"2026-06-22T12:00:19.818Z"}
{"level":"debug","message":"[AGG] NEAR/USDC: decision=HOLD confidence=3.00 tie=false belowMin=false (minConf=0.7)","timestamp":"2026-06-22T12:00:19.818Z"}
{"level":"debug","message":"[CYCLE] TRX/USDC: starting cycle, candles=1314 lastClose=0.33110000 lastTs=2026-06-22T12:00:00.000Z","timestamp":"2026-06-22T12:00:19.838Z"}
{"level":"debug","message":"[AGG] TRX/USDC: strategy[0]=unknown → SELL conf=0.82 \"CCI 154.7 overbought ↓ reversal confirmed\"","timestamp":"2026-06-22T12:00:19.857Z"}
{"level":"debug","message":"[AGG] TRX/USDC: strategy[1]=unknown → HOLD conf=0.20 \"Stoch K=100.0 D=97.6 — no crossover in extreme zone\"","timestamp":"2026-06-22T12:00:19.857Z"}
{"level":"debug","message":"[AGG] TRX/USDC: strategy[2]=unknown → HOLD conf=0.20 \"StochRSI K=100.0 D=100.0 — no extreme crossover\"","timestamp":"2026-06-22T12:00:19.857Z"}
{"level":"debug","message":"[AGG] TRX/USDC: votes BUY=0.00 SELL=1.00 HOLD=2.00 total_weight=1.00 external=0","timestamp":"2026-06-22T12:00:19.857Z"}
{"level":"debug","message":"[AGG] TRX/USDC: decision=HOLD confidence=2.00 tie=false belowMin=false (minConf=0.7)","timestamp":"2026-06-22T12:00:19.857Z"}
{"level":"debug","message":"[CYCLE] BCH/USDC: starting cycle, candles=1473 lastClose=201.20000000 lastTs=2026-06-22T12:00:00.000Z","timestamp":"2026-06-22T12:00:19.859Z"}
{"level":"debug","message":"[AGG] BCH/USDC: strategy[0]=unknown → HOLD conf=0.20 \"Price 194.8000 inside BB [187.9571–225.2429]\"","timestamp":"2026-06-22T12:00:19.867Z"}
{"level":"debug","message":"[AGG] BCH/USDC: strategy[1]=unknown → HOLD conf=0.20 \"OBV below EMA-20 — no cross\"","timestamp":"2026-06-22T12:00:19.867Z"}
{"level":"debug","message":"[AGG] BCH/USDC: strategy[2]=unknown → HOLD conf=0.57 \"%R -94.5 oversold — still falling, wait\"","timestamp":"2026-06-22T12:00:19.867Z"}
{"level":"debug","message":"[AGG] BCH/USDC: votes BUY=0.00 SELL=0.00 HOLD=3.00 total_weight=0.00 external=0","timestamp":"2026-06-22T12:00:19.867Z"}
{"level":"debug","message":"[AGG] BCH/USDC: decision=HOLD confidence=0.00 tie=false belowMin=true (minConf=0.55)","timestamp":"2026-06-22T12:00:19.867Z"}
{"level":"debug","message":"[CYCLE] ACH/USDC: starting cycle, candles=854 lastClose=0.00514000 lastTs=2026-06-22T12:00:00.000Z","timestamp":"2026-06-22T12:00:19.880Z"}
{"level":"debug","message":"[AGG] ACH/USDC: strategy[0]=unknown → HOLD conf=0.20 \"RSI 38.1 neutral\"","timestamp":"2026-06-22T12:00:19.887Z"}
{"level":"debug","message":"[AGG] ACH/USDC: strategy[1]=unknown → HOLD conf=0.20 \"Price 0.0051 inside BB [0.0049–0.0057]\"","timestamp":"2026-06-22T12:00:19.887Z"}
{"level":"debug","message":"[AGG] ACH/USDC: strategy[2]=unknown → HOLD conf=0.20 \"CCI -93.5 neutral\"","timestamp":"2026-06-22T12:00:19.887Z"}
{"level":"debug","message":"[AGG] ACH/USDC: votes BUY=0.00 SELL=0.00 HOLD=3.00 total_weight=0.00 external=0","timestamp":"2026-06-22T12:00:19.887Z"}
{"level":"debug","message":"[AGG] ACH/USDC: decision=HOLD confidence=0.00 tie=false belowMin=true (minConf=0.7)","timestamp":"2026-06-22T12:00:19.887Z"}
{"level":"debug","message":"[CYCLE] CRV/USDC: starting cycle, candles=1473 lastClose=0.21380000 lastTs=2026-06-22T12:00:00.000Z","timestamp":"2026-06-22T12:00:19.890Z"}
{"level":"debug","message":"[AGG] CRV/USDC: strategy[0]=unknown → HOLD conf=0.10 \"ADX 21.4 < 25 — ranging, skip\"","timestamp":"2026-06-22T12:00:19.904Z"}
{"level":"debug","message":"[AGG] CRV/USDC: strategy[1]=unknown → HOLD conf=0.20 \"StochRSI K=0.0 D=2.2 — no extreme crossover\"","timestamp":"2026-06-22T12:00:19.905Z"}
{"level":"debug","message":"[AGG] CRV/USDC: strategy[2]=unknown → HOLD conf=0.10 \"No significant S/R zone nearby\"","timestamp":"2026-06-22T12:00:19.905Z"}
{"level":"debug","message":"[AGG] CRV/USDC: votes BUY=0.00 SELL=0.00 HOLD=3.00 total_weight=0.00 external=0","timestamp":"2026-06-22T12:00:19.905Z"}
{"level":"debug","message":"[AGG] CRV/USDC: decision=HOLD confidence=0.00 tie=false belowMin=true (minConf=0.55)","timestamp":"2026-06-22T12:00:19.905Z"}
{"level":"debug","message":"[CYCLE] ENS/USDC: starting cycle, candles=1473 lastClose=4.72000000 lastTs=2026-06-22T12:00:00.000Z","timestamp":"2026-06-22T12:00:19.907Z"}
{"level":"debug","message":"[AGG] ENS/USDC: strategy[0]=unknown → HOLD conf=0.20 \"Price 4.6700 inside BB [4.5802–5.5898]\"","timestamp":"2026-06-22T12:00:19.917Z"}
{"level":"debug","message":"[AGG] ENS/USDC: strategy[1]=unknown → HOLD conf=0.10 \"PSAR downtrend continues (SAR 5.3516)\"","timestamp":"2026-06-22T12:00:19.917Z"}
{"level":"debug","message":"[AGG] ENS/USDC: strategy[2]=unknown → HOLD conf=0.10 \"No significant S/R zone nearby\"","timestamp":"2026-06-22T12:00:19.917Z"}
{"level":"debug","message":"[AGG] ENS/USDC: votes BUY=0.00 SELL=0.00 HOLD=3.00 total_weight=0.00 external=0","timestamp":"2026-06-22T12:00:19.918Z"}
{"level":"debug","message":"[AGG] ENS/USDC: decision=HOLD confidence=0.00 tie=false belowMin=true (minConf=0.55)","timestamp":"2026-06-22T12:00:19.918Z"}
{"level":"debug","message":"[CYCLE] GMX/USDC: starting cycle, candles=924 lastClose=5.94000000 lastTs=2026-06-22T12:00:00.000Z","timestamp":"2026-06-22T12:00:19.920Z"}
{"level":"debug","message":"[AGG] GMX/USDC: strategy[0]=unknown → HOLD conf=0.20 \"RSI 49.0 neutral\"","timestamp":"2026-06-22T12:00:19.925Z"}
{"level":"debug","message":"[AGG] GMX/USDC: strategy[1]=unknown → HOLD conf=0.20 \"Price 5.8200 inside BB [5.4558–6.1742]\"","timestamp":"2026-06-22T12:00:19.925Z"}
{"level":"debug","message":"[AGG] GMX/USDC: strategy[2]=unknown → HOLD conf=0.20 \"CCI 3.1 neutral\"","timestamp":"2026-06-22T12:00:19.925Z"}
{"level":"debug","message":"[AGG] GMX/USDC: votes BUY=0.00 SELL=0.00 HOLD=3.00 total_weight=0.00 external=0","timestamp":"2026-06-22T12:00:19.925Z"}
{"level":"debug","message":"[AGG] GMX/USDC: decision=HOLD confidence=0.00 tie=false belowMin=true (minConf=0.7)","timestamp":"2026-06-22T12:00:19.926Z"}
{"level":"debug","message":"[CYCLE] LDO/USDC: starting cycle, candles=1473 lastClose=0.27840000 lastTs=2026-06-22T12:00:00.000Z","timestamp":"2026-06-22T12:00:19.928Z"}
{"level":"debug","message":"[AGG] LDO/USDC: strategy[0]=unknown → HOLD conf=0.20 \"MACD -0.0011 vs signal -0.0020 hist:0.0009\"","timestamp":"2026-06-22T12:00:19.940Z"}
{"level":"debug","message":"[AGG] LDO/USDC: strategy[1]=unknown → HOLD conf=0.10 \"ADX 21.0 < 25 — ranging, skip\"","timestamp":"2026-06-22T12:00:19.940Z"}
{"level":"debug","message":"[AGG] LDO/USDC: strategy[2]=unknown → HOLD conf=0.55 \"%R -90.9 oversold — still falling, wait\"","timestamp":"2026-06-22T12:00:19.940Z"}
{"level":"debug","message":"[AGG] LDO/USDC: votes BUY=0.00 SELL=0.00 HOLD=3.00 total_weight=0.00 external=0","timestamp":"2026-06-22T12:00:19.940Z"}
{"level":"debug","message":"[AGG] LDO/USDC: decision=HOLD confidence=0.00 tie=false belowMin=true (minConf=0.55)","timestamp":"2026-06-22T12:00:19.940Z"}
{"level":"debug","message":"[CYCLE] LSK/USDC: starting cycle, candles=413 lastClose=0.09200000 lastTs=2026-06-12T00:00:00.000Z","timestamp":"2026-06-22T12:00:19.948Z"}
{"level":"debug","message":"[AGG] LSK/USDC: strategy[0]=unknown → BUY conf=0.55 \"MACD crossed above signal hist:0.0001\"","timestamp":"2026-06-22T12:00:19.952Z"}
{"level":"debug","message":"[AGG] LSK/USDC: strategy[1]=unknown → HOLD conf=0.20 \"MFI 58.7 neutral\"","timestamp":"2026-06-22T12:00:19.952Z"}
{"level":"debug","message":"[AGG] LSK/USDC: strategy[2]=unknown → HOLD conf=0.10 \"PSAR downtrend continues (SAR 0.0960)\"","timestamp":"2026-06-22T12:00:19.952Z"}
{"level":"debug","message":"[AGG] LSK/USDC: votes BUY=1.00 SELL=0.00 HOLD=2.00 total_weight=1.00 external=0","timestamp":"2026-06-22T12:00:19.952Z"}
{"level":"debug","message":"[AGG] LSK/USDC: decision=HOLD confidence=2.00 tie=false belowMin=false (minConf=0.55)","timestamp":"2026-06-22T12:00:19.952Z"}
{"level":"debug","message":"[CYCLE] JTO/USDC: starting cycle, candles=1473 lastClose=0.64800000 lastTs=2026-06-22T12:00:00.000Z","timestamp":"2026-06-22T12:00:19.959Z"}
{"level":"debug","message":"[AGG] JTO/USDC: strategy[0]=unknown → HOLD conf=0.20 \"CCI -30.4 neutral\"","timestamp":"2026-06-22T12:00:19.971Z"}
{"level":"debug","message":"[AGG] JTO/USDC: strategy[1]=unknown → HOLD conf=0.10 \"PSAR downtrend continues (SAR 0.8593)\"","timestamp":"2026-06-22T12:00:19.971Z"}
{"level":"debug","message":"[AGG] JTO/USDC: strategy[2]=unknown → HOLD conf=0.10 \"No significant S/R zone nearby\"","timestamp":"2026-06-22T12:00:19.971Z"}
{"level":"debug","message":"[AGG] JTO/USDC: votes BUY=0.00 SELL=0.00 HOLD=3.00 total_weight=0.00 external=0","timestamp":"2026-06-22T12:00:19.971Z"}
{"level":"debug","message":"[AGG] JTO/USDC: decision=HOLD confidence=0.00 tie=false belowMin=true (minConf=0.55)","timestamp":"2026-06-22T12:00:19.971Z"}
{"level":"debug","message":"[CYCLE] PAXG/USDC: starting cycle, candles=868 lastClose=4197.79000000 lastTs=2026-06-22T12:00:00.000Z","timestamp":"2026-06-22T12:00:20.007Z"}
{"level":"debug","message":"[AGG] PAXG/USDC: strategy[0]=unknown → HOLD conf=0.20 \"MACD -45.4261 vs signal -40.4197 hist:-5.0064\"","timestamp":"2026-06-22T12:00:20.010Z"}
{"level":"debug","message":"[AGG] PAXG/USDC: strategy[1]=unknown → SELL conf=0.70 \"ADX 28.2 downtrend (-DI 31.6 > +DI 13.7)\"","timestamp":"2026-06-22T12:00:20.010Z"}
{"level":"debug","message":"[AGG] PAXG/USDC: strategy[2]=unknown → HOLD conf=0.10 \"Supertrend downtrend continues (ST 4269.5865)\"","timestamp":"2026-06-22T12:00:20.010Z"}
{"level":"debug","message":"[AGG] PAXG/USDC: votes BUY=0.00 SELL=1.00 HOLD=2.00 total_weight=1.00 external=0","timestamp":"2026-06-22T12:00:20.010Z"}
{"level":"debug","message":"[AGG] PAXG/USDC: decision=HOLD confidence=2.00 tie=false belowMin=false (minConf=0.55)","timestamp":"2026-06-22T12:00:20.010Z"}
{"level":"debug","message":"[CYCLE] PIXEL/USDC: starting cycle, candles=1473 lastClose=0.00548000 lastTs=2026-06-22T12:00:00.000Z","timestamp":"2026-06-22T12:00:20.013Z"}
{"level":"debug","message":"[AGG] PIXEL/USDC: strategy[0]=unknown → HOLD conf=0.20 \"No EMA crossover (fast 0.0054 vs slow 0.0055)\"","timestamp":"2026-06-22T12:00:20.017Z"}
{"level":"debug","message":"[AGG] PIXEL/USDC: strategy[1]=unknown → SELL conf=0.47 \"ADX 22.2 downtrend (-DI 24.2 > +DI 24.2)\"","timestamp":"2026-06-22T12:00:20.017Z"}
{"level":"debug","message":"[AGG] PIXEL/USDC: strategy[2]=unknown → HOLD conf=0.10 \"No significant S/R zone nearby\"","timestamp":"2026-06-22T12:00:20.017Z"}
{"level":"debug","message":"[AGG] PIXEL/USDC: votes BUY=0.00 SELL=1.00 HOLD=2.00 total_weight=1.00 external=0","timestamp":"2026-06-22T12:00:20.017Z"}
{"level":"debug","message":"[AGG] PIXEL/USDC: decision=HOLD confidence=2.00 tie=false belowMin=false (minConf=0.55)","timestamp":"2026-06-22T12:00:20.017Z"}
{"level":"debug","message":"[CYCLE] THETA/USDC: starting cycle, candles=892 lastClose=0.15570000 lastTs=2026-06-22T12:00:00.000Z","timestamp":"2026-06-22T12:00:20.027Z"}
{"level":"debug","message":"[AGG] THETA/USDC: strategy[0]=unknown → HOLD conf=0.20 \"RSI 39.7 neutral\"","timestamp":"2026-06-22T12:00:20.031Z"}
{"level":"debug","message":"[AGG] THETA/USDC: strategy[1]=unknown → HOLD conf=0.55 \"CCI -111.3 oversold — still falling, wait\"","timestamp":"2026-06-22T12:00:20.031Z"}
{"level":"debug","message":"[AGG] THETA/USDC: strategy[2]=unknown → HOLD conf=0.20 \"OBV above EMA-20 — no cross\"","timestamp":"2026-06-22T12:00:20.031Z"}
{"level":"debug","message":"[AGG] THETA/USDC: votes BUY=0.00 SELL=0.00 HOLD=3.00 total_weight=0.00 external=0","timestamp":"2026-06-22T12:00:20.031Z"}
{"level":"debug","message":"[AGG] THETA/USDC: decision=HOLD confidence=0.00 tie=false belowMin=true (minConf=0.55)","timestamp":"2026-06-22T12:00:20.031Z"}
{"level":"debug","message":"[CYCLE] MANTA/USDC: starting cycle, candles=1473 lastClose=0.07990000 lastTs=2026-06-22T12:00:00.000Z","timestamp":"2026-06-22T12:00:20.033Z"}
{"level":"debug","message":"[AGG] MANTA/USDC: strategy[0]=unknown → HOLD conf=0.20 \"RSI 48.3 neutral\"","timestamp":"2026-06-22T12:00:20.047Z"}
{"level":"debug","message":"[AGG] MANTA/USDC: strategy[1]=unknown → HOLD conf=0.20 \"Price 0.0797 inside BB [0.0786–0.0833]\"","timestamp":"2026-06-22T12:00:20.048Z"}
{"level":"debug","message":"[AGG] MANTA/USDC: strategy[2]=unknown → HOLD conf=0.20 \"CCI -72.7 neutral\"","timestamp":"2026-06-22T12:00:20.048Z"}
{"level":"debug","message":"[AGG] MANTA/USDC: votes BUY=0.00 SELL=0.00 HOLD=3.00 total_weight=0.00 external=0","timestamp":"2026-06-22T12:00:20.048Z"}
{"level":"debug","message":"[AGG] MANTA/USDC: decision=HOLD confidence=0.00 tie=false belowMin=true (minConf=0.7)","timestamp":"2026-06-22T12:00:20.048Z"}
{"level":"debug","message":"[CYCLE] SOL/USDC: starting cycle, candles=1473 lastClose=74.09000000 lastTs=2026-06-22T12:00:00.000Z","timestamp":"2026-06-22T12:00:20.082Z"}
{"level":"debug","message":"[AGG] SOL/USDC: strategy[0]=unknown → HOLD conf=0.20 \"Price 72.4200 inside BB [66.6461–75.8199]\"","timestamp":"2026-06-22T12:00:20.092Z"}
{"level":"debug","message":"[AGG] SOL/USDC: strategy[1]=unknown → HOLD conf=0.20 \"%R -44.4 neutral\"","timestamp":"2026-06-22T12:00:20.092Z"}
{"level":"debug","message":"[AGG] SOL/USDC: strategy[2]=unknown → HOLD conf=0.20 \"StochRSI K=54.6 D=70.1 — no extreme crossover\"","timestamp":"2026-06-22T12:00:20.092Z"}
{"level":"debug","message":"[AGG] SOL/USDC: votes BUY=0.00 SELL=0.00 HOLD=3.00 total_weight=0.00 external=0","timestamp":"2026-06-22T12:00:20.092Z"}
{"level":"debug","message":"[AGG] SOL/USDC: decision=HOLD confidence=0.00 tie=false belowMin=true (minConf=0.55)","timestamp":"2026-06-22T12:00:20.092Z"}
{"level":"debug","message":"[CYCLE] SUI/USDC: starting cycle, candles=1473 lastClose=0.74080000 lastTs=2026-06-22T12:00:00.000Z","timestamp":"2026-06-22T12:00:20.096Z"}
{"level":"debug","message":"[AGG] SUI/USDC: strategy[0]=unknown → HOLD conf=0.20 \"RSI 30.1 neutral\"","timestamp":"2026-06-22T12:00:20.110Z"}
{"level":"debug","message":"[AGG] SUI/USDC: strategy[1]=unknown → HOLD conf=0.20 \"Stoch K=0.1 D=4.6 — no crossover in extreme zone\"","timestamp":"2026-06-22T12:00:20.110Z"}
{"level":"debug","message":"[AGG] SUI/USDC: strategy[2]=unknown → HOLD conf=0.67 \"MFI 11.7 oversold — still falling, wait\"","timestamp":"2026-06-22T12:00:20.110Z"}
{"level":"debug","message":"[AGG] SUI/USDC: votes BUY=0.00 SELL=0.00 HOLD=3.00 total_weight=0.00 external=0","timestamp":"2026-06-22T12:00:20.110Z"}
{"level":"debug","message":"[AGG] SUI/USDC: decision=HOLD confidence=0.00 tie=false belowMin=true (minConf=0.7)","timestamp":"2026-06-22T12:00:20.110Z"}
{"level":"debug","message":"[CYCLE] ADA/USDC: starting cycle, candles=1473 lastClose=0.16170000 lastTs=2026-06-22T12:00:00.000Z","timestamp":"2026-06-22T12:00:20.130Z"}
{"level":"debug","message":"[AGG] ADA/USDC: strategy[0]=unknown → HOLD conf=0.20 \"RSI 32.8 neutral\"","timestamp":"2026-06-22T12:00:20.140Z"}
{"level":"debug","message":"[AGG] ADA/USDC: strategy[1]=unknown → HOLD conf=0.20 \"Price 0.1565 inside BB [0.1531–0.1842]\"","timestamp":"2026-06-22T12:00:20.140Z"}
{"level":"debug","message":"[AGG] ADA/USDC: strategy[2]=unknown → HOLD conf=0.61 \"CCI -127.3 oversold — still falling, wait\"","timestamp":"2026-06-22T12:00:20.140Z"}
{"level":"debug","message":"[AGG] ADA/USDC: votes BUY=0.00 SELL=0.00 HOLD=3.00 total_weight=0.00 external=0","timestamp":"2026-06-22T12:00:20.140Z"}
{"level":"debug","message":"[AGG] ADA/USDC: decision=HOLD confidence=0.00 tie=false belowMin=true (minConf=0.55)","timestamp":"2026-06-22T12:00:20.140Z"}
{"level":"debug","message":"[CYCLE] TIA/USDC: starting cycle, candles=1473 lastClose=0.39620000 lastTs=2026-06-22T12:00:00.000Z","timestamp":"2026-06-22T12:00:20.143Z"}
{"level":"debug","message":"[AGG] TIA/USDC: strategy[0]=unknown → HOLD conf=0.20 \"CCI -25.6 neutral\"","timestamp":"2026-06-22T12:00:20.148Z"}
{"level":"debug","message":"[AGG] TIA/USDC: strategy[1]=unknown → HOLD conf=0.20 \"MACD 0.0059 vs signal 0.0072 hist:-0.0013\"","timestamp":"2026-06-22T12:00:20.148Z"}
{"level":"debug","message":"[AGG] TIA/USDC: strategy[2]=unknown → HOLD conf=0.15 \"HA bearish continuation\"","timestamp":"2026-06-22T12:00:20.148Z"}
{"level":"debug","message":"[AGG] TIA/USDC: votes BUY=0.00 SELL=0.00 HOLD=3.00 total_weight=0.00 external=0","timestamp":"2026-06-22T12:00:20.148Z"}
{"level":"debug","message":"[AGG] TIA/USDC: decision=HOLD confidence=0.00 tie=false belowMin=true (minConf=0.55)","timestamp":"2026-06-22T12:00:20.148Z"}
{"level":"debug","message":"[CYCLE] AVAX/USDC: starting cycle, candles=1473 lastClose=6.36100000 lastTs=2026-06-22T12:00:00.000Z","timestamp":"2026-06-22T12:00:20.158Z"}
{"level":"debug","message":"[AGG] AVAX/USDC: strategy[0]=unknown → HOLD conf=0.20 \"RSI 33.6 neutral\"","timestamp":"2026-06-22T12:00:20.161Z"}
{"level":"debug","message":"[AGG] AVAX/USDC: strategy[1]=unknown → HOLD conf=0.20 \"MACD -0.2784 vs signal -0.2853 hist:0.0069\"","timestamp":"2026-06-22T12:00:20.161Z"}
{"level":"debug","message":"[AGG] AVAX/USDC: strategy[2]=unknown → HOLD conf=0.10 \"PSAR downtrend continues (SAR 6.5285)\"","timestamp":"2026-06-22T12:00:20.161Z"}
{"level":"debug","message":"[AGG] AVAX/USDC: votes BUY=0.00 SELL=0.00 HOLD=3.00 total_weight=0.00 external=0","timestamp":"2026-06-22T12:00:20.161Z"}
{"level":"debug","message":"[AGG] AVAX/USDC: decision=HOLD confidence=0.00 tie=false belowMin=true (minConf=0.55)","timestamp":"2026-06-22T12:00:20.161Z"}
{"level":"debug","message":"[CYCLE] VANRY/USDC: starting cycle, candles=920 lastClose=0.00345700 lastTs=2026-06-22T12:00:00.000Z","timestamp":"2026-06-22T12:00:20.164Z"}
{"level":"debug","message":"[AGG] VANRY/USDC: strategy[0]=unknown → HOLD conf=0.20 \"No EMA crossover (fast 0.0034 vs slow 0.0035)\"","timestamp":"2026-06-22T12:00:20.166Z"}
{"level":"debug","message":"[AGG] VANRY/USDC: strategy[1]=unknown → HOLD conf=0.20 \"MACD -0.0001 vs signal -0.0001 hist:0.0000\"","timestamp":"2026-06-22T12:00:20.166Z"}
{"level":"debug","message":"[AGG] VANRY/USDC: strategy[2]=unknown → BUY conf=0.63 \"ADX 31.8 uptrend (+DI 24.5 > -DI 16.7)\"","timestamp":"2026-06-22T12:00:20.166Z"}
{"level":"debug","message":"[AGG] VANRY/USDC: votes BUY=1.00 SELL=0.00 HOLD=2.00 total_weight=1.00 external=0","timestamp":"2026-06-22T12:00:20.167Z"}
{"level":"debug","message":"[AGG] VANRY/USDC: decision=HOLD confidence=2.00 tie=false belowMin=false (minConf=0.55)","timestamp":"2026-06-22T12:00:20.167Z"}
{"level":"debug","message":"[CYCLE] DOGE/USDC: starting cycle, candles=1473 lastClose=0.08421000 lastTs=2026-06-22T12:00:00.000Z","timestamp":"2026-06-22T12:00:20.170Z"}
{"level":"debug","message":"[AGG] DOGE/USDC: strategy[0]=unknown → HOLD conf=0.20 \"No EMA crossover (fast 0.0840 vs slow 0.0857)\"","timestamp":"2026-06-22T12:00:20.171Z"}
{"level":"debug","message":"[AGG] DOGE/USDC: strategy[1]=unknown → HOLD conf=0.10 \"PSAR downtrend continues (SAR 0.0896)\"","timestamp":"2026-06-22T12:00:20.171Z"}
{"level":"debug","message":"[AGG] DOGE/USDC: strategy[2]=unknown → HOLD conf=0.15 \"HA bearish continuation\"","timestamp":"2026-06-22T12:00:20.171Z"}
{"level":"debug","message":"[AGG] DOGE/USDC: votes BUY=0.00 SELL=0.00 HOLD=3.00 total_weight=0.00 external=0","timestamp":"2026-06-22T12:00:20.171Z"}
{"level":"debug","message":"[AGG] DOGE/USDC: decision=HOLD confidence=0.00 tie=false belowMin=true (minConf=0.55)","timestamp":"2026-06-22T12:00:20.171Z"}
{"level":"debug","message":"[CYCLE] INJ/USDC: starting cycle, candles=1473 lastClose=4.94400000 lastTs=2026-06-22T12:00:00.000Z","timestamp":"2026-06-22T12:00:20.173Z"}
{"level":"debug","message":"[AGG] INJ/USDC: strategy[0]=unknown → HOLD conf=0.10 \"ADX 14.1 < 25 — ranging, skip\"","timestamp":"2026-06-22T12:00:20.180Z"}
{"level":"debug","message":"[AGG] INJ/USDC: strategy[1]=unknown → HOLD conf=0.20 \"OBV below EMA-20 — no cross\"","timestamp":"2026-06-22T12:00:20.180Z"}
{"level":"debug","message":"[AGG] INJ/USDC: strategy[2]=unknown → HOLD conf=0.20 \"StochRSI K=0.0 D=0.0 — no extreme crossover\"","timestamp":"2026-06-22T12:00:20.180Z"}
{"level":"debug","message":"[AGG] INJ/USDC: votes BUY=0.00 SELL=0.00 HOLD=3.00 total_weight=0.00 external=0","timestamp":"2026-06-22T12:00:20.180Z"}
{"level":"debug","message":"[AGG] INJ/USDC: decision=HOLD confidence=0.00 tie=false belowMin=true (minConf=0.55)","timestamp":"2026-06-22T12:00:20.180Z"}
{"level":"debug","message":"[CYCLE] LTC/USDC: starting cycle, candles=1473 lastClose=45.25000000 lastTs=2026-06-22T12:00:00.000Z","timestamp":"2026-06-22T12:00:20.189Z"}
{"level":"debug","message":"[AGG] LTC/USDC: strategy[0]=unknown → HOLD conf=0.20 \"Price 44.4300 inside BB [43.0317–46.1383]\"","timestamp":"2026-06-22T12:00:20.194Z"}
{"level":"debug","message":"[AGG] LTC/USDC: strategy[1]=unknown → HOLD conf=0.20 \"No EMA crossover (fast 44.5009 vs slow 44.6902)\"","timestamp":"2026-06-22T12:00:20.194Z"}
{"level":"debug","message":"[AGG] LTC/USDC: strategy[2]=unknown → HOLD conf=0.20 \"%R -56.4 neutral\"","timestamp":"2026-06-22T12:00:20.194Z"}
{"level":"debug","message":"[AGG] LTC/USDC: votes BUY=0.00 SELL=0.00 HOLD=3.00 total_weight=0.00 external=0","timestamp":"2026-06-22T12:00:20.194Z"}
{"level":"debug","message":"[AGG] LTC/USDC: decision=HOLD confidence=0.00 tie=false belowMin=true (minConf=0.55)","timestamp":"2026-06-22T12:00:20.194Z"}
{"level":"debug","message":"[CYCLE] ETH/USDC: starting cycle, candles=1473 lastClose=1765.81000000 lastTs=2026-06-22T12:00:00.000Z","timestamp":"2026-06-22T12:00:20.197Z"}
{"level":"debug","message":"[AGG] ETH/USDC: strategy[0]=unknown → HOLD conf=0.10 \"Supertrend uptrend continues (ST 1631.9562)\"","timestamp":"2026-06-22T12:00:20.200Z"}
{"level":"debug","message":"[AGG] ETH/USDC: strategy[1]=unknown → HOLD conf=0.20 \"MFI 43.8 neutral\"","timestamp":"2026-06-22T12:00:20.200Z"}
{"level":"debug","message":"[AGG] ETH/USDC: strategy[2]=unknown → HOLD conf=0.10 \"No significant S/R zone nearby\"","timestamp":"2026-06-22T12:00:20.200Z"}
{"level":"debug","message":"[AGG] ETH/USDC: votes BUY=0.00 SELL=0.00 HOLD=3.00 total_weight=0.00 external=0","timestamp":"2026-06-22T12:00:20.200Z"}
{"level":"debug","message":"[AGG] ETH/USDC: decision=HOLD confidence=0.00 tie=false belowMin=true (minConf=0.55)","timestamp":"2026-06-22T12:00:20.200Z"}
{"level":"debug","message":"[CYCLE] WLD/USDC: starting cycle, candles=1473 lastClose=0.62620000 lastTs=2026-06-22T12:00:00.000Z","timestamp":"2026-06-22T12:00:20.209Z"}
{"level":"debug","message":"[AGG] WLD/USDC: strategy[0]=unknown → HOLD conf=0.20 \"Price 0.6049 inside BB [0.4702–0.7168]\"","timestamp":"2026-06-22T12:00:20.223Z"}
{"level":"debug","message":"[AGG] WLD/USDC: strategy[1]=unknown → HOLD conf=0.20 \"CCI 17.8 neutral\"","timestamp":"2026-06-22T12:00:20.223Z"}
{"level":"debug","message":"[AGG] WLD/USDC: strategy[2]=unknown → BUY conf=0.88 \"ADX 49.7 uptrend (+DI 26.0 > -DI 7.6)\"","timestamp":"2026-06-22T12:00:20.224Z"}
{"level":"debug","message":"[AGG] WLD/USDC: votes BUY=1.00 SELL=0.00 HOLD=2.00 total_weight=1.00 external=0","timestamp":"2026-06-22T12:00:20.224Z"}
{"level":"debug","message":"[AGG] WLD/USDC: decision=HOLD confidence=2.00 tie=false belowMin=false (minConf=0.55)","timestamp":"2026-06-22T12:00:20.224Z"}
{"level":"debug","message":"[CYCLE] PEPE/USDC: starting cycle, candles=1473 lastClose=0.00000287 lastTs=2026-06-22T12:00:00.000Z","timestamp":"2026-06-22T12:00:20.227Z"}
{"level":"debug","message":"[AGG] PEPE/USDC: strategy[0]=unknown → HOLD conf=0.20 \"No EMA crossover (fast 0.0000 vs slow 0.0000)\"","timestamp":"2026-06-22T12:00:20.228Z"}
{"level":"debug","message":"[AGG] PEPE/USDC: strategy[1]=unknown → HOLD conf=0.10 \"Supertrend downtrend continues (ST 0.0000)\"","timestamp":"2026-06-22T12:00:20.228Z"}
{"level":"debug","message":"[AGG] PEPE/USDC: strategy[2]=unknown → HOLD conf=0.20 \"OBV below EMA-20 — no cross\"","timestamp":"2026-06-22T12:00:20.228Z"}
{"level":"debug","message":"[AGG] PEPE/USDC: votes BUY=0.00 SELL=0.00 HOLD=3.00 total_weight=0.00 external=0","timestamp":"2026-06-22T12:00:20.228Z"}
{"level":"debug","message":"[AGG] PEPE/USDC: decision=HOLD confidence=0.00 tie=false belowMin=true (minConf=0.55)","timestamp":"2026-06-22T12:00:20.228Z"}
{"level":"debug","message":"[CYCLE] TON/USDC: starting cycle, candles=1340 lastClose=1.66000000 lastTs=2026-06-22T12:00:00.000Z","timestamp":"2026-06-22T12:00:20.240Z"}
{"level":"debug","message":"[AGG] TON/USDC: strategy[0]=unknown → HOLD conf=0.20 \"No EMA crossover (fast 1.6546 vs slow 1.6784)\"","timestamp":"2026-06-22T12:00:20.244Z"}
{"level":"debug","message":"[AGG] TON/USDC: strategy[1]=unknown → HOLD conf=0.20 \"OBV above EMA-20 — no cross\"","timestamp":"2026-06-22T12:00:20.244Z"}
{"level":"debug","message":"[AGG] TON/USDC: strategy[2]=unknown → HOLD conf=0.20 \"StochRSI K=56.9 D=65.0 — no extreme crossover\"","timestamp":"2026-06-22T12:00:20.244Z"}
{"level":"debug","message":"[AGG] TON/USDC: votes BUY=0.00 SELL=0.00 HOLD=3.00 total_weight=0.00 external=0","timestamp":"2026-06-22T12:00:20.244Z"}
{"level":"debug","message":"[AGG] TON/USDC: decision=HOLD confidence=0.00 tie=false belowMin=true (minConf=0.55)","timestamp":"2026-06-22T12:00:20.244Z"}
{"level":"debug","message":"[CYCLE] RENDER/USDC: starting cycle, candles=1394 lastClose=1.69200000 lastTs=2026-06-22T12:00:00.000Z","timestamp":"2026-06-22T12:00:20.257Z"}
{"level":"debug","message":"[AGG] RENDER/USDC: strategy[0]=unknown → HOLD conf=0.20 \"No EMA crossover (fast 1.7026 vs slow 1.7248)\"","timestamp":"2026-06-22T12:00:20.260Z"}
{"level":"debug","message":"[AGG] RENDER/USDC: strategy[1]=unknown → HOLD conf=0.20 \"OBV below EMA-20 — no cross\"","timestamp":"2026-06-22T12:00:20.260Z"}
{"level":"debug","message":"[AGG] RENDER/USDC: strategy[2]=unknown → HOLD conf=0.53 \"%R -86.3 oversold — still falling, wait\"","timestamp":"2026-06-22T12:00:20.260Z"}
{"level":"debug","message":"[AGG] RENDER/USDC: votes BUY=0.00 SELL=0.00 HOLD=3.00 total_weight=0.00 external=0","timestamp":"2026-06-22T12:00:20.260Z"}
{"level":"debug","message":"[AGG] RENDER/USDC: decision=HOLD confidence=0.00 tie=false belowMin=true (minConf=0.55)","timestamp":"2026-06-22T12:00:20.260Z"}
{"level":"debug","message":"[CYCLE] ENA/USDC: starting cycle, candles=1473 lastClose=0.09640000 lastTs=2026-06-22T12:00:00.000Z","timestamp":"2026-06-22T12:00:20.304Z"}
{"level":"debug","message":"[AGG] ENA/USDC: strategy[0]=unknown → HOLD conf=0.20 \"RSI 48.3 neutral\"","timestamp":"2026-06-22T12:00:20.313Z"}
{"level":"debug","message":"[AGG] ENA/USDC: strategy[1]=unknown → HOLD conf=0.20 \"Price 0.0868 inside BB [0.0792–0.0955]\"","timestamp":"2026-06-22T12:00:20.313Z"}
{"level":"debug","message":"[AGG] ENA/USDC: strategy[2]=unknown → HOLD conf=0.20 \"CCI -12.2 neutral\"","timestamp":"2026-06-22T12:00:20.313Z"}
{"level":"debug","message":"[AGG] ENA/USDC: votes BUY=0.00 SELL=0.00 HOLD=3.00 total_weight=0.00 external=0","timestamp":"2026-06-22T12:00:20.313Z"}
{"level":"debug","message":"[AGG] ENA/USDC: decision=HOLD confidence=0.00 tie=false belowMin=true (minConf=0.55)","timestamp":"2026-06-22T12:00:20.313Z"}
{"level":"debug","message":"[CYCLE] ICP/USDC: starting cycle, candles=1473 lastClose=2.29600000 lastTs=2026-06-22T12:00:00.000Z","timestamp":"2026-06-22T12:00:20.315Z"}
{"level":"debug","message":"[AGG] ICP/USDC: strategy[0]=unknown → HOLD conf=0.20 \"RSI 39.3 neutral\"","timestamp":"2026-06-22T12:00:20.333Z"}
{"level":"debug","message":"[AGG] ICP/USDC: strategy[1]=unknown → HOLD conf=0.20 \"Price 2.2090 inside BB [2.1440–2.5634]\"","timestamp":"2026-06-22T12:00:20.333Z"}
{"level":"debug","message":"[AGG] ICP/USDC: strategy[2]=unknown → HOLD conf=0.20 \"Stoch K=7.4 D=16.9 — no crossover in extreme zone\"","timestamp":"2026-06-22T12:00:20.333Z"}
{"level":"debug","message":"[AGG] ICP/USDC: votes BUY=0.00 SELL=0.00 HOLD=3.00 total_weight=0.00 external=0","timestamp":"2026-06-22T12:00:20.333Z"}
{"level":"debug","message":"[AGG] ICP/USDC: decision=HOLD confidence=0.00 tie=false belowMin=true (minConf=0.55)","timestamp":"2026-06-22T12:00:20.333Z"}
{"level":"debug","message":"[CYCLE] APT/USDC: starting cycle, candles=1473 lastClose=0.68200000 lastTs=2026-06-22T12:00:00.000Z","timestamp":"2026-06-22T12:00:20.337Z"}
{"level":"debug","message":"[AGG] APT/USDC: strategy[0]=unknown → HOLD conf=0.20 \"Price 0.6470 inside BB [0.6225–0.6942]\"","timestamp":"2026-06-22T12:00:20.346Z"}
{"level":"debug","message":"[AGG] APT/USDC: strategy[1]=unknown → HOLD conf=0.20 \"Stoch K=32.7 D=37.6 — no crossover in extreme zone\"","timestamp":"2026-06-22T12:00:20.346Z"}
{"level":"debug","message":"[AGG] APT/USDC: strategy[2]=unknown → HOLD conf=0.20 \"MFI 54.7 neutral\"","timestamp":"2026-06-22T12:00:20.346Z"}
{"level":"debug","message":"[AGG] APT/USDC: votes BUY=0.00 SELL=0.00 HOLD=3.00 total_weight=0.00 external=0","timestamp":"2026-06-22T12:00:20.346Z"}
{"level":"debug","message":"[AGG] APT/USDC: decision=HOLD confidence=0.00 tie=false belowMin=true (minConf=0.55)","timestamp":"2026-06-22T12:00:20.346Z"}
{"level":"debug","message":"[CYCLE] ARB/USDC: starting cycle, candles=1473 lastClose=0.08610000 lastTs=2026-06-22T12:00:00.000Z","timestamp":"2026-06-22T12:00:20.349Z"}
{"level":"debug","message":"[AGG] ARB/USDC: strategy[0]=unknown → HOLD conf=0.20 \"RSI 40.1 neutral\"","timestamp":"2026-06-22T12:00:20.352Z"}
{"level":"debug","message":"[AGG] ARB/USDC: strategy[1]=unknown → HOLD conf=0.57 \"%R -93.1 oversold — still falling, wait\"","timestamp":"2026-06-22T12:00:20.352Z"}
{"level":"debug","message":"[AGG] ARB/USDC: strategy[2]=unknown → HOLD conf=0.15 \"HA bearish continuation\"","timestamp":"2026-06-22T12:00:20.352Z"}
{"level":"debug","message":"[AGG] ARB/USDC: votes BUY=0.00 SELL=0.00 HOLD=3.00 total_weight=0.00 external=0","timestamp":"2026-06-22T12:00:20.352Z"}
{"level":"debug","message":"[AGG] ARB/USDC: decision=HOLD confidence=0.00 tie=false belowMin=true (minConf=0.55)","timestamp":"2026-06-22T12:00:20.353Z"}
{"level":"debug","message":"[CYCLE] JUP/USDC: starting cycle, candles=1473 lastClose=0.21170000 lastTs=2026-06-22T12:00:00.000Z","timestamp":"2026-06-22T12:00:20.368Z"}
{"level":"debug","message":"[AGG] JUP/USDC: strategy[0]=unknown → HOLD conf=0.20 \"Price 0.2139 inside BB [0.1621–0.2220]\"","timestamp":"2026-06-22T12:00:20.381Z"}
{"level":"debug","message":"[AGG] JUP/USDC: strategy[1]=unknown → SELL conf=0.72 \"CCI 130.9 overbought ↓ reversal confirmed\"","timestamp":"2026-06-22T12:00:20.381Z"}
{"level":"debug","message":"[AGG] JUP/USDC: strategy[2]=unknown → HOLD conf=0.20 \"OBV above EMA-20 — no cross\"","timestamp":"2026-06-22T12:00:20.381Z"}
{"level":"debug","message":"[AGG] JUP/USDC: votes BUY=0.00 SELL=1.00 HOLD=2.00 total_weight=1.00 external=0","timestamp":"2026-06-22T12:00:20.381Z"}
{"level":"debug","message":"[AGG] JUP/USDC: decision=HOLD confidence=2.00 tie=false belowMin=false (minConf=0.55)","timestamp":"2026-06-22T12:00:20.381Z"}
{"level":"debug","message":"[CYCLE] BTC/USDC: sizing positionPct=0.2250 (base=0.15 atr=0.04043126684636119 regime=on conf=2.00 macro=bear mtf=1.0)","timestamp":"2026-06-22T12:00:20.396Z"}
{"level":"info","message":"BTC/USDC: decision=HOLD confidence=200% price=64604.68000000 external_signals=0","timestamp":"2026-06-22T12:00:20.396Z"}
{"level":"info","message":"BTC/USDC: No EMA crossover (fast 63935.7440 vs slow 64423.9027) | PSAR downtrend continues (SAR 65352.1574) | HA flipped bearish ↓ after 4-bar bull streak (no upper shadow)","timestamp":"2026-06-22T12:00:20.397Z"}
{"level":"debug","message":"[CYCLE] XRP/USDC: sizing positionPct=0.0701 (base=0.15 atr=0.04043126684636119 regime=on conf=0.00 macro=bear mtf=1.0)","timestamp":"2026-06-22T12:00:20.583Z"}
{"level":"info","message":"XRP/USDC: decision=HOLD confidence=0% price=1.14720000 external_signals=0","timestamp":"2026-06-22T12:00:20.583Z"}
{"level":"info","message":"XRP/USDC: Price 1.1246 inside BB [1.0932–1.2406] | Stoch K=3.6 D=10.5 — no crossover in extreme zone | No EMA crossover (fast 1.1506 vs slow 1.1641)","timestamp":"2026-06-22T12:00:20.583Z"}
{"level":"debug","message":"[CYCLE] LINK/USDC: sizing positionPct=0.0597 (base=0.15 atr=0.04043126684636119 regime=on conf=0.00 macro=bear mtf=1.0)","timestamp":"2026-06-22T12:00:20.788Z"}
{"level":"info","message":"LINK/USDC: decision=HOLD confidence=0% price=8.08600000 external_signals=0","timestamp":"2026-06-22T12:00:20.788Z"}
{"level":"info","message":"LINK/USDC: Price 7.7770 inside BB [7.7083–8.3595] | Stoch K=1.4 D=13.9 — no crossover in extreme zone | Supertrend downtrend continues (ST 8.4704)","timestamp":"2026-06-22T12:00:20.789Z"}
{"level":"debug","message":"[CYCLE] BNB/USDC: sizing positionPct=0.1125 (base=0.15 atr=0.04043126684636119 regime=on conf=2.00 macro=bear mtf=1.0)","timestamp":"2026-06-22T12:00:20.990Z"}
{"level":"info","message":"BNB/USDC: decision=HOLD confidence=200% price=597.66000000 external_signals=0","timestamp":"2026-06-22T12:00:20.990Z"}
{"level":"info","message":"BNB/USDC: %R -78.5 neutral | HA flipped bearish ↓ after 4-bar bull streak (no upper shadow) | No significant S/R zone nearby","timestamp":"2026-06-22T12:00:20.990Z"}
{"level":"debug","message":"[CYCLE] NEAR/USDC: sizing positionPct=0.0389 (base=0.15 atr=0.04043126684636119 regime=on conf=3.00 macro=bear mtf=1.0)","timestamp":"2026-06-22T12:00:21.184Z"}
{"level":"info","message":"NEAR/USDC: decision=HOLD confidence=300% price=2.16400000 external_signals=0","timestamp":"2026-06-22T12:00:21.184Z"}
{"level":"info","message":"NEAR/USDC: RSI 45.4 neutral | Price 2.1010 inside BB [1.9634–2.4531] | Stoch K=3.6 D=19.5 — no crossover in extreme zone | Support 2.0913 (3×)","timestamp":"2026-06-22T12:00:21.185Z"}
{"level":"debug","message":"[CYCLE] TRX/USDC: sizing positionPct=0.2250 (base=0.15 atr=0.04043126684636119 regime=on conf=2.00 macro=bear mtf=1.0)","timestamp":"2026-06-22T12:00:21.394Z"}
{"level":"info","message":"TRX/USDC: decision=HOLD confidence=200% price=0.33110000 external_signals=0","timestamp":"2026-06-22T12:00:21.395Z"}
{"level":"info","message":"TRX/USDC: CCI 154.7 overbought ↓ reversal confirmed | Stoch K=100.0 D=97.6 — no crossover in extreme zone | StochRSI K=100.0 D=100.0 — no extreme crossover","timestamp":"2026-06-22T12:00:21.395Z"}
{"level":"debug","message":"[CYCLE] BCH/USDC: sizing positionPct=0.0672 (base=0.15 atr=0.04043126684636119 regime=on conf=0.00 macro=bear mtf=1.0)","timestamp":"2026-06-22T12:00:21.587Z"}
{"level":"info","message":"BCH/USDC: decision=HOLD confidence=0% price=201.20000000 external_signals=0","timestamp":"2026-06-22T12:00:21.587Z"}
{"level":"info","message":"BCH/USDC: Price 194.8000 inside BB [187.9571–225.2429] | OBV below EMA-20 — no cross | %R -94.5 oversold — still falling, wait","timestamp":"2026-06-22T12:00:21.587Z"}
{"level":"debug","message":"[CYCLE] ACH/USDC: sizing positionPct=0.0777 (base=0.15 atr=0.04043126684636119 regime=on conf=0.00 macro=bear mtf=1.0)","timestamp":"2026-06-22T12:00:21.781Z"}
{"level":"info","message":"ACH/USDC: decision=HOLD confidence=0% price=0.00514000 external_signals=0","timestamp":"2026-06-22T12:00:21.781Z"}
{"level":"info","message":"ACH/USDC: RSI 38.1 neutral | Price 0.0051 inside BB [0.0049–0.0057] | CCI -93.5 neutral","timestamp":"2026-06-22T12:00:21.781Z"}
{"level":"debug","message":"[CYCLE] CRV/USDC: sizing positionPct=0.0389 (base=0.15 atr=0.04043126684636119 regime=on conf=0.00 macro=bear mtf=1.0)","timestamp":"2026-06-22T12:00:21.992Z"}
{"level":"info","message":"CRV/USDC: decision=HOLD confidence=0% price=0.21380000 external_signals=0","timestamp":"2026-06-22T12:00:21.992Z"}
{"level":"info","message":"CRV/USDC: ADX 21.4 < 25 — ranging, skip | StochRSI K=0.0 D=2.2 — no extreme crossover | No significant S/R zone nearby","timestamp":"2026-06-22T12:00:21.992Z"}
{"level":"debug","message":"[CYCLE] ENS/USDC: sizing positionPct=0.0516 (base=0.15 atr=0.04043126684636119 regime=on conf=0.00 macro=bear mtf=1.0)","timestamp":"2026-06-22T12:00:22.188Z"}
{"level":"info","message":"ENS/USDC: decision=HOLD confidence=0% price=4.72000000 external_signals=0","timestamp":"2026-06-22T12:00:22.188Z"}
{"level":"info","message":"ENS/USDC: Price 4.6700 inside BB [4.5802–5.5898] | PSAR downtrend continues (SAR 5.3516) | No significant S/R zone nearby","timestamp":"2026-06-22T12:00:22.189Z"}
{"level":"debug","message":"[CYCLE] GMX/USDC: sizing positionPct=0.0584 (base=0.15 atr=0.04043126684636119 regime=on conf=0.00 macro=bear mtf=1.0)","timestamp":"2026-06-22T12:00:22.379Z"}
{"level":"info","message":"GMX/USDC: decision=HOLD confidence=0% price=5.94000000 external_signals=0","timestamp":"2026-06-22T12:00:22.380Z"}
{"level":"info","message":"GMX/USDC: RSI 49.0 neutral | Price 5.8200 inside BB [5.4558–6.1742] | CCI 3.1 neutral","timestamp":"2026-06-22T12:00:22.380Z"}
{"level":"debug","message":"[CYCLE] LDO/USDC: sizing positionPct=0.0353 (base=0.15 atr=0.04043126684636119 regime=on conf=0.00 macro=bear mtf=1.0)","timestamp":"2026-06-22T12:00:22.590Z"}
{"level":"info","message":"LDO/USDC: decision=HOLD confidence=0% price=0.27840000 external_signals=0","timestamp":"2026-06-22T12:00:22.590Z"}
{"level":"info","message":"LDO/USDC: MACD -0.0011 vs signal -0.0020 hist:0.0009 | ADX 21.0 < 25 — ranging, skip | %R -90.9 oversold — still falling, wait","timestamp":"2026-06-22T12:00:22.590Z"}
{"level":"debug","message":"[CYCLE] LSK/USDC: sizing positionPct=0.1587 (base=0.15 atr=0.04043126684636119 regime=on conf=2.00 macro=bear mtf=1.0)","timestamp":"2026-06-22T12:00:22.781Z"}
{"level":"info","message":"LSK/USDC: decision=HOLD confidence=200% price=0.09200000 external_signals=0","timestamp":"2026-06-22T12:00:22.781Z"}
{"level":"info","message":"LSK/USDC: MACD crossed above signal hist:0.0001 | MFI 58.7 neutral | PSAR downtrend continues (SAR 0.0960)","timestamp":"2026-06-22T12:00:22.781Z"}
{"level":"debug","message":"[CYCLE] JTO/USDC: sizing positionPct=0.0292 (base=0.15 atr=0.04043126684636119 regime=on conf=0.00 macro=bear mtf=1.0)","timestamp":"2026-06-22T12:00:22.982Z"}
{"level":"info","message":"JTO/USDC: decision=HOLD confidence=0% price=0.64800000 external_signals=0","timestamp":"2026-06-22T12:00:22.982Z"}
{"level":"info","message":"JTO/USDC: CCI -30.4 neutral | PSAR downtrend continues (SAR 0.8593) | No significant S/R zone nearby","timestamp":"2026-06-22T12:00:22.983Z"}
{"level":"debug","message":"[CYCLE] PAXG/USDC: sizing positionPct=0.2925 (base=0.15 atr=0.04043126684636119 regime=on conf=2.00 macro=bear mtf=1.0)","timestamp":"2026-06-22T12:00:23.194Z"}
{"level":"info","message":"PAXG/USDC: decision=HOLD confidence=200% price=4197.79000000 external_signals=0","timestamp":"2026-06-22T12:00:23.194Z"}
{"level":"info","message":"PAXG/USDC: MACD -45.4261 vs signal -40.4197 hist:-5.0064 | ADX 28.2 downtrend (-DI 31.6 > +DI 13.7) | Supertrend downtrend continues (ST 4269.5865)","timestamp":"2026-06-22T12:00:23.195Z"}
{"level":"debug","message":"[CYCLE] PIXEL/USDC: sizing positionPct=0.1167 (base=0.15 atr=0.04043126684636119 regime=on conf=2.00 macro=bear mtf=1.0)","timestamp":"2026-06-22T12:00:23.384Z"}
{"level":"info","message":"PIXEL/USDC: decision=HOLD confidence=200% price=0.00548000 external_signals=0","timestamp":"2026-06-22T12:00:23.384Z"}
{"level":"info","message":"PIXEL/USDC: No EMA crossover (fast 0.0054 vs slow 0.0055) | ADX 22.2 downtrend (-DI 24.2 > +DI 24.2) | No significant S/R zone nearby","timestamp":"2026-06-22T12:00:23.384Z"}
{"level":"debug","message":"[CYCLE] THETA/USDC: sizing positionPct=0.0489 (base=0.15 atr=0.04043126684636119 regime=on conf=0.00 macro=bear mtf=1.0)","timestamp":"2026-06-22T12:00:23.581Z"}
{"level":"info","message":"THETA/USDC: decision=HOLD confidence=0% price=0.15570000 external_signals=0","timestamp":"2026-06-22T12:00:23.581Z"}
{"level":"info","message":"THETA/USDC: RSI 39.7 neutral | CCI -111.3 oversold — still falling, wait | OBV above EMA-20 — no cross","timestamp":"2026-06-22T12:00:23.582Z"}
{"level":"debug","message":"[CYCLE] MANTA/USDC: sizing positionPct=0.0479 (base=0.15 atr=0.04043126684636119 regime=on conf=0.00 macro=bear mtf=1.0)","timestamp":"2026-06-22T12:00:23.790Z"}
{"level":"info","message":"MANTA/USDC: decision=HOLD confidence=0% price=0.07990000 external_signals=0","timestamp":"2026-06-22T12:00:23.791Z"}
{"level":"info","message":"MANTA/USDC: RSI 48.3 neutral | Price 0.0797 inside BB [0.0786–0.0833] | CCI -72.7 neutral","timestamp":"2026-06-22T12:00:23.791Z"}
{"level":"debug","message":"[CYCLE] SOL/USDC: sizing positionPct=0.0679 (base=0.15 atr=0.04043126684636119 regime=on conf=0.00 macro=bear mtf=1.0)","timestamp":"2026-06-22T12:00:23.983Z"}
{"level":"info","message":"SOL/USDC: decision=HOLD confidence=0% price=74.09000000 external_signals=0","timestamp":"2026-06-22T12:00:23.984Z"}
{"level":"info","message":"SOL/USDC: Price 72.4200 inside BB [66.6461–75.8199] | %R -44.4 neutral | StochRSI K=54.6 D=70.1 — no extreme crossover","timestamp":"2026-06-22T12:00:23.984Z"}
{"level":"debug","message":"[CYCLE] SUI/USDC: sizing positionPct=0.0604 (base=0.15 atr=0.04043126684636119 regime=on conf=0.00 macro=bear mtf=1.0)","timestamp":"2026-06-22T12:00:24.183Z"}
{"level":"info","message":"SUI/USDC: decision=HOLD confidence=0% price=0.74080000 external_signals=0","timestamp":"2026-06-22T12:00:24.183Z"}
{"level":"info","message":"SUI/USDC: RSI 30.1 neutral | Stoch K=0.1 D=4.6 — no crossover in extreme zone | MFI 11.7 oversold — still falling, wait","timestamp":"2026-06-22T12:00:24.183Z"}
{"level":"debug","message":"[CYCLE] ADA/USDC: sizing positionPct=0.0691 (base=0.15 atr=0.04043126684636119 regime=on conf=0.00 macro=bear mtf=1.0)","timestamp":"2026-06-22T12:00:24.381Z"}
{"level":"info","message":"ADA/USDC: decision=HOLD confidence=0% price=0.16170000 external_signals=0","timestamp":"2026-06-22T12:00:24.382Z"}
{"level":"info","message":"ADA/USDC: RSI 32.8 neutral | Price 0.1565 inside BB [0.1531–0.1842] | CCI -127.3 oversold — still falling, wait","timestamp":"2026-06-22T12:00:24.382Z"}
{"level":"debug","message":"[CYCLE] TIA/USDC: sizing positionPct=0.0438 (base=0.15 atr=0.04043126684636119 regime=on conf=0.00 macro=bear mtf=1.0)","timestamp":"2026-06-22T12:00:24.582Z"}
{"level":"info","message":"TIA/USDC: decision=HOLD confidence=0% price=0.39620000 external_signals=0","timestamp":"2026-06-22T12:00:24.582Z"}
{"level":"info","message":"TIA/USDC: CCI -25.6 neutral | MACD 0.0059 vs signal 0.0072 hist:-0.0013 | HA bearish continuation","timestamp":"2026-06-22T12:00:24.582Z"}
{"level":"debug","message":"[CYCLE] AVAX/USDC: sizing positionPct=0.0511 (base=0.15 atr=0.04043126684636119 regime=on conf=0.00 macro=bear mtf=1.0)","timestamp":"2026-06-22T12:00:24.790Z"}
{"level":"info","message":"AVAX/USDC: decision=HOLD confidence=0% price=6.36100000 external_signals=0","timestamp":"2026-06-22T12:00:24.790Z"}
{"level":"info","message":"AVAX/USDC: RSI 33.6 neutral | MACD -0.2784 vs signal -0.2853 hist:0.0069 | PSAR downtrend continues (SAR 6.5285)","timestamp":"2026-06-22T12:00:24.790Z"}
{"level":"debug","message":"[CYCLE] VANRY/USDC: sizing positionPct=0.1179 (base=0.15 atr=0.04043126684636119 regime=on conf=2.00 macro=bear mtf=1.0)","timestamp":"2026-06-22T12:00:24.984Z"}
{"level":"info","message":"VANRY/USDC: decision=HOLD confidence=200% price=0.00345700 external_signals=0","timestamp":"2026-06-22T12:00:24.984Z"}
{"level":"info","message":"VANRY/USDC: No EMA crossover (fast 0.0034 vs slow 0.0035) | MACD -0.0001 vs signal -0.0001 hist:0.0000 | ADX 31.8 uptrend (+DI 24.5 > -DI 16.7)","timestamp":"2026-06-22T12:00:24.985Z"}
{"level":"debug","message":"[CYCLE] DOGE/USDC: sizing positionPct=0.0975 (base=0.15 atr=0.04043126684636119 regime=on conf=0.00 macro=bear mtf=1.0)","timestamp":"2026-06-22T12:00:25.194Z"}
{"level":"info","message":"DOGE/USDC: decision=HOLD confidence=0% price=0.08421000 external_signals=0","timestamp":"2026-06-22T12:00:25.194Z"}
{"level":"info","message":"DOGE/USDC: No EMA crossover (fast 0.0840 vs slow 0.0857) | PSAR downtrend continues (SAR 0.0896) | HA bearish continuation","timestamp":"2026-06-22T12:00:25.194Z"}
{"level":"debug","message":"[CYCLE] INJ/USDC: sizing positionPct=0.0156 (base=0.15 atr=0.04043126684636119 regime=on conf=0.00 macro=bear mtf=1.0)","timestamp":"2026-06-22T12:00:25.380Z"}
{"level":"info","message":"INJ/USDC: decision=HOLD confidence=0% price=4.94400000 external_signals=0","timestamp":"2026-06-22T12:00:25.380Z"}
{"level":"info","message":"INJ/USDC: ADX 14.1 < 25 — ranging, skip | OBV below EMA-20 — no cross | StochRSI K=0.0 D=0.0 — no extreme crossover","timestamp":"2026-06-22T12:00:25.380Z"}
{"level":"debug","message":"[CYCLE] LTC/USDC: sizing positionPct=0.1032 (base=0.15 atr=0.04043126684636119 regime=on conf=0.00 macro=bear mtf=1.0)","timestamp":"2026-06-22T12:00:25.586Z"}
{"level":"info","message":"LTC/USDC: decision=HOLD confidence=0% price=45.25000000 external_signals=0","timestamp":"2026-06-22T12:00:25.587Z"}
{"level":"info","message":"LTC/USDC: Price 44.4300 inside BB [43.0317–46.1383] | No EMA crossover (fast 44.5009 vs slow 44.6902) | %R -56.4 neutral","timestamp":"2026-06-22T12:00:25.587Z"}
{"level":"debug","message":"[CYCLE] ETH/USDC: sizing positionPct=0.0692 (base=0.15 atr=0.04043126684636119 regime=on conf=0.00 macro=bear mtf=1.0)","timestamp":"2026-06-22T12:00:25.787Z"}
{"level":"info","message":"ETH/USDC: decision=HOLD confidence=0% price=1765.81000000 external_signals=0","timestamp":"2026-06-22T12:00:25.788Z"}
{"level":"info","message":"ETH/USDC: Supertrend uptrend continues (ST 1631.9562) | MFI 43.8 neutral | No significant S/R zone nearby","timestamp":"2026-06-22T12:00:25.788Z"}
{"level":"debug","message":"[CYCLE] WLD/USDC: sizing positionPct=0.0731 (base=0.15 atr=0.04043126684636119 regime=on conf=2.00 macro=bear mtf=1.0)","timestamp":"2026-06-22T12:00:25.991Z"}
{"level":"info","message":"WLD/USDC: decision=HOLD confidence=200% price=0.62620000 external_signals=0","timestamp":"2026-06-22T12:00:25.991Z"}
{"level":"info","message":"WLD/USDC: Price 0.6049 inside BB [0.4702–0.7168] | CCI 17.8 neutral | ADX 49.7 uptrend (+DI 26.0 > -DI 7.6)","timestamp":"2026-06-22T12:00:25.991Z"}
{"level":"debug","message":"[CYCLE] PEPE/USDC: sizing positionPct=0.0571 (base=0.15 atr=0.04043126684636119 regime=on conf=0.00 macro=bear mtf=1.0)","timestamp":"2026-06-22T12:00:26.189Z"}
{"level":"info","message":"PEPE/USDC: decision=HOLD confidence=0% price=0.00000287 external_signals=0","timestamp":"2026-06-22T12:00:26.190Z"}
{"level":"info","message":"PEPE/USDC: No EMA crossover (fast 0.0000 vs slow 0.0000) | Supertrend downtrend continues (ST 0.0000) | OBV below EMA-20 — no cross","timestamp":"2026-06-22T12:00:26.190Z"}
{"level":"debug","message":"[CYCLE] TON/USDC: sizing positionPct=0.0258 (base=0.15 atr=0.04043126684636119 regime=on conf=0.00 macro=bear mtf=1.0)","timestamp":"2026-06-22T12:00:26.385Z"}
{"level":"info","message":"TON/USDC: decision=HOLD confidence=0% price=1.66000000 external_signals=0","timestamp":"2026-06-22T12:00:26.385Z"}
{"level":"info","message":"TON/USDC: No EMA crossover (fast 1.6546 vs slow 1.6784) | OBV above EMA-20 — no cross | StochRSI K=56.9 D=65.0 — no extreme crossover","timestamp":"2026-06-22T12:00:26.385Z"}
{"level":"debug","message":"[CYCLE] RENDER/USDC: sizing positionPct=0.0428 (base=0.15 atr=0.04043126684636119 regime=on conf=0.00 macro=bear mtf=1.0)","timestamp":"2026-06-22T12:00:26.591Z"}
{"level":"info","message":"RENDER/USDC: decision=HOLD confidence=0% price=1.69200000 external_signals=0","timestamp":"2026-06-22T12:00:26.591Z"}
{"level":"info","message":"RENDER/USDC: No EMA crossover (fast 1.7026 vs slow 1.7248) | OBV below EMA-20 — no cross | %R -86.3 oversold — still falling, wait","timestamp":"2026-06-22T12:00:26.592Z"}
{"level":"debug","message":"[CYCLE] ENA/USDC: sizing positionPct=0.0290 (base=0.15 atr=0.04043126684636119 regime=on conf=0.00 macro=bear mtf=1.0)","timestamp":"2026-06-22T12:00:26.787Z"}
{"level":"info","message":"ENA/USDC: decision=HOLD confidence=0% price=0.09640000 external_signals=0","timestamp":"2026-06-22T12:00:26.788Z"}
{"level":"info","message":"ENA/USDC: RSI 48.3 neutral | Price 0.0868 inside BB [0.0792–0.0955] | CCI -12.2 neutral","timestamp":"2026-06-22T12:00:26.788Z"}
{"level":"debug","message":"[CYCLE] ICP/USDC: sizing positionPct=0.0482 (base=0.15 atr=0.04043126684636119 regime=on conf=0.00 macro=bear mtf=1.0)","timestamp":"2026-06-22T12:00:26.988Z"}
{"level":"info","message":"ICP/USDC: decision=HOLD confidence=0% price=2.29600000 external_signals=0","timestamp":"2026-06-22T12:00:26.988Z"}
{"level":"info","message":"ICP/USDC: RSI 39.3 neutral | Price 2.2090 inside BB [2.1440–2.5634] | Stoch K=7.4 D=16.9 — no crossover in extreme zone","timestamp":"2026-06-22T12:00:26.988Z"}
{"level":"debug","message":"[CYCLE] APT/USDC: sizing positionPct=0.0562 (base=0.15 atr=0.04043126684636119 regime=on conf=0.00 macro=bear mtf=1.0)","timestamp":"2026-06-22T12:00:27.182Z"}
{"level":"info","message":"APT/USDC: decision=HOLD confidence=0% price=0.68200000 external_signals=0","timestamp":"2026-06-22T12:00:27.182Z"}
{"level":"info","message":"APT/USDC: Price 0.6470 inside BB [0.6225–0.6942] | Stoch K=32.7 D=37.6 — no crossover in extreme zone | MFI 54.7 neutral","timestamp":"2026-06-22T12:00:27.182Z"}
{"level":"debug","message":"[CYCLE] ARB/USDC: sizing positionPct=0.0596 (base=0.15 atr=0.04043126684636119 regime=on conf=0.00 macro=bear mtf=1.0)","timestamp":"2026-06-22T12:00:27.383Z"}
{"level":"info","message":"ARB/USDC: decision=HOLD confidence=0% price=0.08610000 external_signals=0","timestamp":"2026-06-22T12:00:27.383Z"}
{"level":"info","message":"ARB/USDC: RSI 40.1 neutral | %R -93.1 oversold — still falling, wait | HA bearish continuation","timestamp":"2026-06-22T12:00:27.383Z"}
{"level":"debug","message":"[CYCLE] JUP/USDC: sizing positionPct=0.1053 (base=0.15 atr=0.04043126684636119 regime=on conf=2.00 macro=bear mtf=1.0)","timestamp":"2026-06-22T12:00:27.590Z"}
{"level":"info","message":"JUP/USDC: decision=HOLD confidence=200% price=0.21170000 external_signals=0","timestamp":"2026-06-22T12:00:27.590Z"}
{"level":"info","message":"JUP/USDC: Price 0.2139 inside BB [0.1621–0.2220] | CCI 130.9 overbought ↓ reversal confirmed | OBV above EMA-20 — no cross","timestamp":"2026-06-22T12:00:27.590Z"}
{"level":"info","message":"BTC/USDC: live balance=190.51 pnl=0.00 open_positions=0 daily_pnl=0.00 blocked=false","timestamp":"2026-06-22T12:00:27.781Z"}
{"level":"info","message":"XRP/USDC: live balance=190.51 pnl=0.00 open_positions=0 daily_pnl=0.00 blocked=false","timestamp":"2026-06-22T12:00:27.983Z"}
{"level":"info","message":"LINK/USDC: live balance=190.51 pnl=0.00 open_positions=0 daily_pnl=0.00 blocked=false","timestamp":"2026-06-22T12:00:28.190Z"}
{"level":"info","message":"BNB/USDC: live balance=190.51 pnl=0.00 open_positions=0 daily_pnl=0.00 blocked=false","timestamp":"2026-06-22T12:00:28.396Z"}
{"level":"info","message":"NEAR/USDC: live balance=190.51 pnl=0.00 open_positions=0 daily_pnl=0.00 blocked=false","timestamp":"2026-06-22T12:00:28.592Z"}
{"level":"info","message":"TRX/USDC: live balance=190.51 pnl=0.00 open_positions=0 daily_pnl=0.00 blocked=false","timestamp":"2026-06-22T12:00:28.791Z"}
{"level":"info","message":"BCH/USDC: live balance=190.51 pnl=0.00 open_positions=0 daily_pnl=0.00 blocked=false","timestamp":"2026-06-22T12:00:28.986Z"}
{"level":"info","message":"ACH/USDC: live balance=190.51 pnl=0.00 open_positions=0 daily_pnl=0.00 blocked=false","timestamp":"2026-06-22T12:00:29.182Z"}
{"level":"info","message":"CRV/USDC: live balance=190.51 pnl=0.00 open_positions=0 daily_pnl=0.00 blocked=false","timestamp":"2026-06-22T12:00:29.389Z"}
{"level":"info","message":"ENS/USDC: live balance=190.51 pnl=0.00 open_positions=0 daily_pnl=0.00 blocked=false","timestamp":"2026-06-22T12:00:29.589Z"}
{"level":"info","message":"GMX/USDC: live balance=190.51 pnl=0.00 open_positions=0 daily_pnl=0.00 blocked=false","timestamp":"2026-06-22T12:00:29.783Z"}
{"level":"info","message":"LDO/USDC: live balance=190.51 pnl=0.00 open_positions=0 daily_pnl=0.00 blocked=false","timestamp":"2026-06-22T12:00:29.982Z"}
{"level":"info","message":"LSK/USDC: live balance=190.51 pnl=0.00 open_positions=0 daily_pnl=0.00 blocked=false","timestamp":"2026-06-22T12:00:30.193Z"}
{"level":"info","message":"JTO/USDC: live balance=190.51 pnl=0.00 open_positions=0 daily_pnl=0.00 blocked=false","timestamp":"2026-06-22T12:00:30.385Z"}
{"level":"info","message":"PAXG/USDC: live balance=190.51 pnl=0.00 open_positions=0 daily_pnl=0.00 blocked=false","timestamp":"2026-06-22T12:00:30.590Z"}
{"level":"info","message":"PIXEL/USDC: live balance=190.51 pnl=0.00 open_positions=0 daily_pnl=0.00 blocked=false","timestamp":"2026-06-22T12:00:30.986Z"}
{"level":"info","message":"THETA/USDC: live balance=190.51 pnl=0.00 open_positions=0 daily_pnl=0.00 blocked=false","timestamp":"2026-06-22T12:00:31.188Z"}
{"level":"info","message":"MANTA/USDC: live balance=190.51 pnl=0.00 open_positions=0 daily_pnl=0.00 blocked=false","timestamp":"2026-06-22T12:00:31.381Z"}
{"level":"info","message":"SOL/USDC: live balance=190.51 pnl=0.00 open_positions=0 daily_pnl=0.00 blocked=false","timestamp":"2026-06-22T12:00:31.597Z"}
{"level":"info","message":"SUI/USDC: live balance=190.51 pnl=0.00 open_positions=0 daily_pnl=0.00 blocked=false","timestamp":"2026-06-22T12:00:31.781Z"}
{"level":"info","message":"ADA/USDC: live balance=190.51 pnl=0.00 open_positions=0 daily_pnl=0.00 blocked=false","timestamp":"2026-06-22T12:00:31.983Z"}
{"level":"info","message":"TIA/USDC: live balance=190.51 pnl=0.00 open_positions=0 daily_pnl=0.00 blocked=false","timestamp":"2026-06-22T12:00:32.181Z"}
{"level":"info","message":"AVAX/USDC: live balance=190.51 pnl=0.00 open_positions=0 daily_pnl=0.00 blocked=false","timestamp":"2026-06-22T12:00:32.379Z"}
{"level":"info","message":"VANRY/USDC: live balance=190.51 pnl=0.00 open_positions=0 daily_pnl=0.00 blocked=false","timestamp":"2026-06-22T12:00:32.589Z"}
{"level":"info","message":"DOGE/USDC: live balance=190.51 pnl=0.00 open_positions=0 daily_pnl=0.00 blocked=false","timestamp":"2026-06-22T12:00:32.785Z"}
{"level":"info","message":"INJ/USDC: live balance=190.51 pnl=0.00 open_positions=0 daily_pnl=0.00 blocked=false","timestamp":"2026-06-22T12:00:32.997Z"}
{"level":"info","message":"LTC/USDC: live balance=190.51 pnl=0.00 open_positions=0 daily_pnl=0.00 blocked=false","timestamp":"2026-06-22T12:00:33.186Z"}
{"level":"info","message":"ETH/USDC: live balance=190.51 pnl=0.00 open_positions=0 daily_pnl=0.00 blocked=false","timestamp":"2026-06-22T12:00:33.381Z"}
{"level":"info","message":"WLD/USDC: live balance=190.51 pnl=0.00 open_positions=0 daily_pnl=0.00 blocked=false","timestamp":"2026-06-22T12:00:33.588Z"}
{"level":"info","message":"PEPE/USDC: live balance=190.51 pnl=0.00 open_positions=0 daily_pnl=0.00 blocked=false","timestamp":"2026-06-22T12:00:33.780Z"}
{"level":"info","message":"TON/USDC: live balance=190.51 pnl=0.00 open_positions=0 daily_pnl=0.00 blocked=false","timestamp":"2026-06-22T12:00:33.989Z"}
{"level":"info","message":"RENDER/USDC: live balance=190.51 pnl=0.00 open_positions=0 daily_pnl=0.00 blocked=false","timestamp":"2026-06-22T12:00:34.188Z"}
{"level":"info","message":"ENA/USDC: live balance=190.51 pnl=0.00 open_positions=0 daily_pnl=0.00 blocked=false","timestamp":"2026-06-22T12:00:34.384Z"}
{"level":"info","message":"ICP/USDC: live balance=190.51 pnl=0.00 open_positions=0 daily_pnl=0.00 blocked=false","timestamp":"2026-06-22T12:00:34.582Z"}
{"level":"info","message":"APT/USDC: live balance=190.51 pnl=0.00 open_positions=0 daily_pnl=0.00 blocked=false","timestamp":"2026-06-22T12:00:34.781Z"}
{"level":"info","message":"ARB/USDC: live balance=190.51 pnl=0.00 open_positions=0 daily_pnl=0.00 blocked=false","timestamp":"2026-06-22T12:00:34.988Z"}
{"level":"info","message":"JUP/USDC: live balance=190.51 pnl=0.00 open_positions=0 daily_pnl=0.00 blocked=false","timestamp":"2026-06-22T12:00:35.189Z"}
{"level":"info","message":"[MTF-CACHE] 15m refresh complete: 37/37 symbols","timestamp":"2026-06-22T12:09:49.431Z"}
{"level":"info","message":"[MTF-CACHE] 15m refresh complete: 37/37 symbols","timestamp":"2026-06-22T12:24:50.420Z"}
{"level":"info","message":"[MTF-CACHE] 15m refresh complete: 37/37 symbols","timestamp":"2026-06-22T12:39:49.226Z"}
{"level":"info","message":"Starting playAIStocks Phase 4 bot","timestamp":"2026-06-22T12:41:42.969Z"}
{"level":"info","message":"Mode=LIVE symbols=BTC/USDC, XRP/USDC, LINK/USDC, BNB/USDC, LTC/USDC, NEAR/USDC, TRX/USDC, BCH/USDC, ACH/USDC, CRV/USDC, ENS/USDC, GMX/USDC, JTO/USDC, LDO/USDC, LSK/USDC, MANTA/USDC, PAXG/USDC, PIXEL/USDC, SUI/USDC, THETA/USDC, TIA/USDC, VANRY/USDC, SOL/USDC, ADA/USDC, AVAX/USDC, DOGE/USDC, INJ/USDC, ETH/USDC, WLD/USDC, PEPE/USDC, TON/USDC, RENDER/USDC, ENA/USDC, ICP/USDC, APT/USDC, ARB/USDC, JUP/USDC timeframe=12h interval=43200000ms","timestamp":"2026-06-22T12:41:42.972Z"}
{"level":"info","message":"  BTC/USDC [custom]: strategies=[EMA+PSAR+HeikinAshi]  SL=5%  TP=12%  conf=0.55","timestamp":"2026-06-22T12:41:42.972Z"}
{"level":"info","message":"  XRP/USDC [custom]: strategies=[BB+Stoch+EMA]  SL=7%  TP=18%  conf=0.55","timestamp":"2026-06-22T12:41:42.973Z"}
{"level":"info","message":"  LINK/USDC [custom]: strategies=[BB+Stoch+Supertrend]  SL=5%  TP=12%  conf=0.7","timestamp":"2026-06-22T12:41:42.973Z"}
{"level":"info","message":"  BNB/USDC [custom]: strategies=[WilliamsR+HeikinAshi+SR]  SL=5%  TP=12%  conf=0.55","timestamp":"2026-06-22T12:41:42.974Z"}
{"level":"info","message":"  LTC/USDC [custom]: strategies=[BB+EMA+WilliamsR]  SL=5%  TP=12%  conf=0.55","timestamp":"2026-06-22T12:41:42.974Z"}
{"level":"info","message":"  NEAR/USDC [default]: strategies=[RSI+BB+Stoch+SR]  SL=5%  TP=12%  conf=0.7","timestamp":"2026-06-22T12:41:42.974Z"}
{"level":"info","message":"  TRX/USDC [custom]: strategies=[CCI+Stoch+StochRSI]  SL=12%  TP=30%  conf=0.7","timestamp":"2026-06-22T12:41:42.975Z"}
{"level":"info","message":"  BCH/USDC [custom]: strategies=[BB+OBV+WilliamsR]  SL=7%  TP=18%  conf=0.55","timestamp":"2026-06-22T12:41:42.975Z"}
{"level":"info","message":"  ACH/USDC [custom]: strategies=[RSI+BB+CCI]  SL=5%  TP=12%  conf=0.7","timestamp":"2026-06-22T12:41:42.976Z"}
{"level":"info","message":"  CRV/USDC [custom]: strategies=[ADX+StochRSI+SR]  SL=5%  TP=12%  conf=0.55","timestamp":"2026-06-22T12:41:42.976Z"}
{"level":"info","message":"  ENS/USDC [custom]: strategies=[BB+PSAR+SR]  SL=5%  TP=12%  conf=0.55","timestamp":"2026-06-22T12:41:42.976Z"}
{"level":"info","message":"  GMX/USDC [custom]: strategies=[RSI+BB+CCI]  SL=5%  TP=12%  conf=0.7","timestamp":"2026-06-22T12:41:42.976Z"}
{"level":"info","message":"  JTO/USDC [custom]: strategies=[CCI+PSAR+SR]  SL=5%  TP=12%  conf=0.55","timestamp":"2026-06-22T12:41:42.977Z"}
{"level":"info","message":"  LDO/USDC [custom]: strategies=[MACD+ADX+WilliamsR]  SL=5%  TP=12%  conf=0.55","timestamp":"2026-06-22T12:41:42.977Z"}
{"level":"info","message":"  LSK/USDC [custom]: strategies=[MACD+MFI+PSAR]  SL=7%  TP=18%  conf=0.55","timestamp":"2026-06-22T12:41:42.977Z"}
{"level":"info","message":"  MANTA/USDC [custom]: strategies=[RSI+BB+CCI]  SL=5%  TP=12%  conf=0.7","timestamp":"2026-06-22T12:41:42.977Z"}
{"level":"info","message":"  PAXG/USDC [custom]: strategies=[MACD+ADX+Supertrend]  SL=7%  TP=18%  conf=0.55","timestamp":"2026-06-22T12:41:42.977Z"}
{"level":"info","message":"  PIXEL/USDC [custom]: strategies=[EMA+ADX+SR]  SL=5%  TP=12%  conf=0.55","timestamp":"2026-06-22T12:41:42.977Z"}
{"level":"info","message":"  SUI/USDC [custom]: strategies=[RSI+Stoch+MFI]  SL=5%  TP=12%  conf=0.7","timestamp":"2026-06-22T12:41:42.978Z"}
{"level":"info","message":"  THETA/USDC [custom]: strategies=[RSI+CCI+OBV]  SL=5%  TP=12%  conf=0.55","timestamp":"2026-06-22T12:41:42.978Z"}
{"level":"info","message":"  TIA/USDC [custom]: strategies=[CCI+MACD+HeikinAshi]  SL=5%  TP=12%  conf=0.55","timestamp":"2026-06-22T12:41:42.978Z"}
{"level":"info","message":"  VANRY/USDC [custom]: strategies=[EMA+MACD+ADX]  SL=5%  TP=12%  conf=0.55","timestamp":"2026-06-22T12:41:42.978Z"}
{"level":"info","message":"  SOL/USDC [custom]: strategies=[BB+WilliamsR+StochRSI]  SL=7%  TP=18%  conf=0.55","timestamp":"2026-06-22T12:41:42.978Z"}
{"level":"info","message":"  ADA/USDC [custom]: strategies=[RSI+BB+CCI]  SL=5%  TP=12%  conf=0.55","timestamp":"2026-06-22T12:41:42.978Z"}
{"level":"info","message":"  AVAX/USDC [custom]: strategies=[RSI+MACD+PSAR]  SL=7%  TP=18%  conf=0.55","timestamp":"2026-06-22T12:41:42.978Z"}
{"level":"info","message":"  DOGE/USDC [custom]: strategies=[EMA+PSAR+HeikinAshi]  SL=7%  TP=18%  conf=0.55","timestamp":"2026-06-22T12:41:42.979Z"}
{"level":"info","message":"  INJ/USDC [custom]: strategies=[ADX+OBV+StochRSI]  SL=7%  TP=18%  conf=0.55","timestamp":"2026-06-22T12:41:42.979Z"}
{"level":"info","message":"  ETH/USDC [custom]: strategies=[Supertrend+MFI+SR]  SL=5%  TP=12%  conf=0.55","timestamp":"2026-06-22T12:41:42.979Z"}
{"level":"info","message":"  WLD/USDC [custom]: strategies=[BB+CCI+ADX]  SL=7%  TP=18%  conf=0.55","timestamp":"2026-06-22T12:41:42.979Z"}
{"level":"info","message":"  PEPE/USDC [custom]: strategies=[EMA+Supertrend+OBV]  SL=7%  TP=18%  conf=0.55","timestamp":"2026-06-22T12:41:42.979Z"}
{"level":"info","message":"  TON/USDC [custom]: strategies=[EMA+OBV+StochRSI]  SL=7%  TP=18%  conf=0.55","timestamp":"2026-06-22T12:41:42.980Z"}
{"level":"info","message":"  RENDER/USDC [custom]: strategies=[EMA+OBV+WilliamsR]  SL=7%  TP=18%  conf=0.55","timestamp":"2026-06-22T12:41:42.980Z"}
{"level":"info","message":"  ENA/USDC [custom]: strategies=[RSI+BB+CCI]  SL=7%  TP=18%  conf=0.55","timestamp":"2026-06-22T12:41:42.980Z"}
{"level":"info","message":"  ICP/USDC [custom]: strategies=[RSI+BB+Stoch]  SL=7%  TP=18%  conf=0.55","timestamp":"2026-06-22T12:41:42.980Z"}
{"level":"info","message":"  APT/USDC [custom]: strategies=[BB+Stoch+MFI]  SL=7%  TP=18%  conf=0.55","timestamp":"2026-06-22T12:41:42.980Z"}
{"level":"info","message":"  ARB/USDC [custom]: strategies=[RSI+WilliamsR+HeikinAshi]  SL=7%  TP=18%  conf=0.55","timestamp":"2026-06-22T12:41:42.980Z"}
{"level":"info","message":"  JUP/USDC [custom]: strategies=[BB+CCI+OBV]  SL=7%  TP=18%  conf=0.55","timestamp":"2026-06-22T12:41:42.980Z"}
{"level":"info","message":"Risk: balance=1000.00 maxPositionPct=0.15 stopLossPct=0.05 takeProfitPct=0.12 trailingStopPct=0","timestamp":"2026-06-22T12:41:42.981Z"}
{"level":"info","message":"Risk limits: maxDailyLossPct=0.05 maxOpenPositions=3 minConfidence=0.7","timestamp":"2026-06-22T12:41:42.981Z"}
{"level":"info","message":"Signals: webhook=on:3000 telegram=off algoWeight=1 minConfidence=0.7","timestamp":"2026-06-22T12:41:42.981Z"}
{"level":"info","message":"Regime filter: OFF","timestamp":"2026-06-22T12:41:42.981Z"}
{"level":"info","message":"ATR sizing: ON — period=14, inverse-vol scaling [0.5×–2×]","timestamp":"2026-06-22T12:41:42.981Z"}
{"level":"info","message":"Macro filter: ON — BTC EMA200 bear → 50% position size","timestamp":"2026-06-22T12:41:42.981Z"}
{"level":"info","message":"Correlation filter: OFF","timestamp":"2026-06-22T12:41:42.982Z"}
{"level":"info","message":"MTF filter: ON — 15m×16 bars, min 50% green to allow BUY (misaligned → skip)","timestamp":"2026-06-22T12:41:42.982Z"}
{"level":"info","message":"4h MTF filter: ON — EMA(8/21)+RSI(14), min score 45%, lookback=21","timestamp":"2026-06-22T12:41:42.982Z"}
{"level":"info","message":"Regime sizing: ON — ADX≥25→1.3× ADX<15→0.5×","timestamp":"2026-06-22T12:41:42.982Z"}
{"level":"info","message":"Dashboard: http://localhost:3001","timestamp":"2026-06-22T12:41:42.982Z"}
{"level":"info","message":"[NOTIFY] Telegram notifier ready → 1 chat(s)","timestamp":"2026-06-22T12:41:42.983Z"}
{"level":"info","message":"Initializing 12h candle history for 37 symbols…","timestamp":"2026-06-22T12:41:42.989Z"}
{"level":"info","message":"Dashboard running at http://localhost:3001","timestamp":"2026-06-22T12:41:42.992Z"}
{"level":"info","message":"Cache hit: BTC/USDC 12h — 1471 candles from disk","timestamp":"2026-06-22T12:41:43.021Z"}
{"level":"info","message":"BTC/USDC: cache has 1471 candles, fetching new ones since last close…","timestamp":"2026-06-22T12:41:43.021Z"}
{"level":"info","message":"Cache hit: LINK/USDC 12h — 1471 candles from disk","timestamp":"2026-06-22T12:41:43.064Z"}
{"level":"info","message":"LINK/USDC: cache has 1471 candles, fetching new ones since last close…","timestamp":"2026-06-22T12:41:43.064Z"}
{"level":"info","message":"Cache hit: XRP/USDC 12h — 1471 candles from disk","timestamp":"2026-06-22T12:41:43.066Z"}
{"level":"info","message":"XRP/USDC: cache has 1471 candles, fetching new ones since last close…","timestamp":"2026-06-22T12:41:43.066Z"}
{"level":"info","message":"Cache hit: BNB/USDC 12h — 1471 candles from disk","timestamp":"2026-06-22T12:41:43.068Z"}
{"level":"info","message":"BNB/USDC: cache has 1471 candles, fetching new ones since last close…","timestamp":"2026-06-22T12:41:43.068Z"}
{"level":"info","message":"Cache hit: LTC/USDC 12h — 1471 candles from disk","timestamp":"2026-06-22T12:41:43.070Z"}
{"level":"info","message":"LTC/USDC: cache has 1471 candles, fetching new ones since last close…","timestamp":"2026-06-22T12:41:43.070Z"}
{"level":"info","message":"Cache hit: TRX/USDC 12h — 1312 candles from disk","timestamp":"2026-06-22T12:41:43.071Z"}
{"level":"info","message":"TRX/USDC: cache has 1312 candles, fetching new ones since last close…","timestamp":"2026-06-22T12:41:43.072Z"}
{"level":"info","message":"Cache hit: NEAR/USDC 12h — 1471 candles from disk","timestamp":"2026-06-22T12:41:43.084Z"}
{"level":"info","message":"NEAR/USDC: cache has 1471 candles, fetching new ones since last close…","timestamp":"2026-06-22T12:41:43.084Z"}
{"level":"info","message":"Cache hit: BCH/USDC 12h — 1471 candles from disk","timestamp":"2026-06-22T12:41:43.086Z"}
{"level":"info","message":"BCH/USDC: cache has 1471 candles, fetching new ones since last close…","timestamp":"2026-06-22T12:41:43.086Z"}
{"level":"info","message":"Cache hit: ACH/USDC 12h — 852 candles from disk","timestamp":"2026-06-22T12:41:43.088Z"}
{"level":"info","message":"ACH/USDC: cache has 852 candles, fetching new ones since last close…","timestamp":"2026-06-22T12:41:43.088Z"}
{"level":"info","message":"Cache hit: CRV/USDC 12h — 1471 candles from disk","timestamp":"2026-06-22T12:41:43.090Z"}
{"level":"info","message":"CRV/USDC: cache has 1471 candles, fetching new ones since last close…","timestamp":"2026-06-22T12:41:43.090Z"}
{"level":"info","message":"Cache hit: ENS/USDC 12h — 1471 candles from disk","timestamp":"2026-06-22T12:41:43.092Z"}
{"level":"info","message":"ENS/USDC: cache has 1471 candles, fetching new ones since last close…","timestamp":"2026-06-22T12:41:43.092Z"}
{"level":"info","message":"Cache hit: GMX/USDC 12h — 922 candles from disk","timestamp":"2026-06-22T12:41:43.093Z"}
{"level":"info","message":"GMX/USDC: cache has 922 candles, fetching new ones since last close…","timestamp":"2026-06-22T12:41:43.094Z"}
{"level":"info","message":"Cache hit: LSK/USDC 12h — 413 candles from disk","timestamp":"2026-06-22T12:41:43.094Z"}
{"level":"info","message":"LSK/USDC: cache has 413 candles, fetching new ones since last close…","timestamp":"2026-06-22T12:41:43.094Z"}
{"level":"info","message":"Cache hit: LDO/USDC 12h — 1471 candles from disk","timestamp":"2026-06-22T12:41:43.096Z"}
{"level":"info","message":"LDO/USDC: cache has 1471 candles, fetching new ones since last close…","timestamp":"2026-06-22T12:41:43.097Z"}
{"level":"info","message":"Cache hit: JTO/USDC 12h — 1471 candles from disk","timestamp":"2026-06-22T12:41:43.098Z"}
{"level":"info","message":"JTO/USDC: cache has 1471 candles, fetching new ones since last close…","timestamp":"2026-06-22T12:41:43.098Z"}
{"level":"info","message":"Cache hit: MANTA/USDC 12h — 1471 candles from disk","timestamp":"2026-06-22T12:41:43.100Z"}
{"level":"info","message":"MANTA/USDC: cache has 1471 candles, fetching new ones since last close…","timestamp":"2026-06-22T12:41:43.100Z"}
{"level":"info","message":"Cache hit: PAXG/USDC 12h — 866 candles from disk","timestamp":"2026-06-22T12:41:43.101Z"}
{"level":"info","message":"PAXG/USDC: cache has 866 candles, fetching new ones since last close…","timestamp":"2026-06-22T12:41:43.101Z"}
{"level":"info","message":"Cache hit: PIXEL/USDC 12h — 1471 candles from disk","timestamp":"2026-06-22T12:41:43.103Z"}
{"level":"info","message":"PIXEL/USDC: cache has 1471 candles, fetching new ones since last close…","timestamp":"2026-06-22T12:41:43.103Z"}
{"level":"info","message":"Cache hit: THETA/USDC 12h — 890 candles from disk","timestamp":"2026-06-22T12:41:43.104Z"}
{"level":"info","message":"THETA/USDC: cache has 890 candles, fetching new ones since last close…","timestamp":"2026-06-22T12:41:43.105Z"}
{"level":"info","message":"Cache hit: SUI/USDC 12h — 1471 candles from disk","timestamp":"2026-06-22T12:41:43.107Z"}
{"level":"info","message":"SUI/USDC: cache has 1471 candles, fetching new ones since last close…","timestamp":"2026-06-22T12:41:43.107Z"}
{"level":"info","message":"Cache hit: TIA/USDC 12h — 1471 candles from disk","timestamp":"2026-06-22T12:41:43.109Z"}
{"level":"info","message":"TIA/USDC: cache has 1471 candles, fetching new ones since last close…","timestamp":"2026-06-22T12:41:43.109Z"}
{"level":"info","message":"Cache hit: VANRY/USDC 12h — 918 candles from disk","timestamp":"2026-06-22T12:41:43.110Z"}
{"level":"info","message":"VANRY/USDC: cache has 918 candles, fetching new ones since last close…","timestamp":"2026-06-22T12:41:43.110Z"}
{"level":"info","message":"Cache hit: SOL/USDC 12h — 1471 candles from disk","timestamp":"2026-06-22T12:41:43.112Z"}
{"level":"info","message":"SOL/USDC: cache has 1471 candles, fetching new ones since last close…","timestamp":"2026-06-22T12:41:43.112Z"}
{"level":"info","message":"Cache hit: ADA/USDC 12h — 1471 candles from disk","timestamp":"2026-06-22T12:41:43.114Z"}
{"level":"info","message":"ADA/USDC: cache has 1471 candles, fetching new ones since last close…","timestamp":"2026-06-22T12:41:43.114Z"}
{"level":"info","message":"Cache hit: AVAX/USDC 12h — 1471 candles from disk","timestamp":"2026-06-22T12:41:43.116Z"}
{"level":"info","message":"AVAX/USDC: cache has 1471 candles, fetching new ones since last close…","timestamp":"2026-06-22T12:41:43.116Z"}
{"level":"info","message":"Cache hit: DOGE/USDC 12h — 1471 candles from disk","timestamp":"2026-06-22T12:41:43.118Z"}
{"level":"info","message":"DOGE/USDC: cache has 1471 candles, fetching new ones since last close…","timestamp":"2026-06-22T12:41:43.118Z"}
{"level":"info","message":"Cache hit: INJ/USDC 12h — 1471 candles from disk","timestamp":"2026-06-22T12:41:43.120Z"}
{"level":"info","message":"INJ/USDC: cache has 1471 candles, fetching new ones since last close…","timestamp":"2026-06-22T12:41:43.120Z"}
{"level":"info","message":"Cache hit: ETH/USDC 12h — 1471 candles from disk","timestamp":"2026-06-22T12:41:43.122Z"}
{"level":"info","message":"ETH/USDC: cache has 1471 candles, fetching new ones since last close…","timestamp":"2026-06-22T12:41:43.122Z"}
{"level":"info","message":"Cache hit: WLD/USDC 12h — 1471 candles from disk","timestamp":"2026-06-22T12:41:43.124Z"}
{"level":"info","message":"WLD/USDC: cache has 1471 candles, fetching new ones since last close…","timestamp":"2026-06-22T12:41:43.125Z"}
{"level":"info","message":"Cache hit: PEPE/USDC 12h — 1471 candles from disk","timestamp":"2026-06-22T12:41:43.126Z"}
{"level":"info","message":"PEPE/USDC: cache has 1471 candles, fetching new ones since last close…","timestamp":"2026-06-22T12:41:43.127Z"}
{"level":"info","message":"Cache hit: RENDER/USDC 12h — 1392 candles from disk","timestamp":"2026-06-22T12:41:43.129Z"}
{"level":"info","message":"RENDER/USDC: cache has 1392 candles, fetching new ones since last close…","timestamp":"2026-06-22T12:41:43.129Z"}
{"level":"info","message":"Cache hit: TON/USDC 12h — 1338 candles from disk","timestamp":"2026-06-22T12:41:43.131Z"}
{"level":"info","message":"TON/USDC: cache has 1338 candles, fetching new ones since last close…","timestamp":"2026-06-22T12:41:43.131Z"}
{"level":"info","message":"Cache hit: ENA/USDC 12h — 1471 candles from disk","timestamp":"2026-06-22T12:41:43.133Z"}
{"level":"info","message":"ENA/USDC: cache has 1471 candles, fetching new ones since last close…","timestamp":"2026-06-22T12:41:43.133Z"}
{"level":"info","message":"Cache hit: ICP/USDC 12h — 1471 candles from disk","timestamp":"2026-06-22T12:41:43.135Z"}
{"level":"info","message":"ICP/USDC: cache has 1471 candles, fetching new ones since last close…","timestamp":"2026-06-22T12:41:43.135Z"}
{"level":"info","message":"Cache hit: APT/USDC 12h — 1471 candles from disk","timestamp":"2026-06-22T12:41:43.137Z"}
{"level":"info","message":"APT/USDC: cache has 1471 candles, fetching new ones since last close…","timestamp":"2026-06-22T12:41:43.137Z"}
{"level":"info","message":"Cache hit: JUP/USDC 12h — 1471 candles from disk","timestamp":"2026-06-22T12:41:43.139Z"}
{"level":"info","message":"JUP/USDC: cache has 1471 candles, fetching new ones since last close…","timestamp":"2026-06-22T12:41:43.139Z"}
{"level":"info","message":"Cache hit: ARB/USDC 12h — 1471 candles from disk","timestamp":"2026-06-22T12:41:43.141Z"}
{"level":"info","message":"ARB/USDC: cache has 1471 candles, fetching new ones since last close…","timestamp":"2026-06-22T12:41:43.141Z"}
{"level":"info","message":"BTC/USDC: appended 2 new candles","timestamp":"2026-06-22T12:41:46.154Z"}
{"level":"debug","message":"Cache saved: BTC/USDC 12h — 1473 candles","timestamp":"2026-06-22T12:41:46.158Z"}
{"level":"info","message":"BTC/USDC: 1473 12h candles ready","timestamp":"2026-06-22T12:41:46.159Z"}
{"level":"info","message":"LINK/USDC: appended 2 new candles","timestamp":"2026-06-22T12:41:46.171Z"}
{"level":"debug","message":"Cache saved: LINK/USDC 12h — 1473 candles","timestamp":"2026-06-22T12:41:46.174Z"}
{"level":"info","message":"LINK/USDC: 1473 12h candles ready","timestamp":"2026-06-22T12:41:46.174Z"}
{"level":"info","message":"XRP/USDC: appended 2 new candles","timestamp":"2026-06-22T12:41:46.184Z"}
{"level":"debug","message":"Cache saved: XRP/USDC 12h — 1473 candles","timestamp":"2026-06-22T12:41:46.187Z"}
{"level":"info","message":"XRP/USDC: 1473 12h candles ready","timestamp":"2026-06-22T12:41:46.188Z"}
{"level":"info","message":"BNB/USDC: appended 2 new candles","timestamp":"2026-06-22T12:41:46.235Z"}
{"level":"debug","message":"Cache saved: BNB/USDC 12h — 1473 candles","timestamp":"2026-06-22T12:41:46.239Z"}
{"level":"info","message":"BNB/USDC: 1473 12h candles ready","timestamp":"2026-06-22T12:41:46.239Z"}
{"level":"info","message":"LTC/USDC: appended 2 new candles","timestamp":"2026-06-22T12:41:46.251Z"}
{"level":"debug","message":"Cache saved: LTC/USDC 12h — 1473 candles","timestamp":"2026-06-22T12:41:46.259Z"}
{"level":"info","message":"LTC/USDC: 1473 12h candles ready","timestamp":"2026-06-22T12:41:46.259Z"}
{"level":"info","message":"TRX/USDC: appended 2 new candles","timestamp":"2026-06-22T12:41:46.287Z"}
{"level":"debug","message":"Cache saved: TRX/USDC 12h — 1314 candles","timestamp":"2026-06-22T12:41:46.290Z"}
{"level":"info","message":"TRX/USDC: 1314 12h candles ready","timestamp":"2026-06-22T12:41:46.291Z"}
{"level":"info","message":"NEAR/USDC: appended 2 new candles","timestamp":"2026-06-22T12:41:46.299Z"}
{"level":"debug","message":"Cache saved: NEAR/USDC 12h — 1473 candles","timestamp":"2026-06-22T12:41:46.302Z"}
{"level":"info","message":"NEAR/USDC: 1473 12h candles ready","timestamp":"2026-06-22T12:41:46.302Z"}
{"level":"info","message":"BCH/USDC: appended 2 new candles","timestamp":"2026-06-22T12:41:46.323Z"}
{"level":"debug","message":"Cache saved: BCH/USDC 12h — 1473 candles","timestamp":"2026-06-22T12:41:46.326Z"}
{"level":"info","message":"BCH/USDC: 1473 12h candles ready","timestamp":"2026-06-22T12:41:46.326Z"}
{"level":"info","message":"ACH/USDC: appended 2 new candles","timestamp":"2026-06-22T12:41:46.329Z"}
{"level":"debug","message":"Cache saved: ACH/USDC 12h — 854 candles","timestamp":"2026-06-22T12:41:46.332Z"}
{"level":"info","message":"ACH/USDC: 854 12h candles ready","timestamp":"2026-06-22T12:41:46.332Z"}
{"level":"info","message":"ENS/USDC: appended 2 new candles","timestamp":"2026-06-22T12:41:46.374Z"}
{"level":"info","message":"CRV/USDC: appended 2 new candles","timestamp":"2026-06-22T12:41:46.375Z"}
{"level":"debug","message":"Cache saved: ENS/USDC 12h — 1473 candles","timestamp":"2026-06-22T12:41:46.382Z"}
{"level":"info","message":"ENS/USDC: 1473 12h candles ready","timestamp":"2026-06-22T12:41:46.382Z"}
{"level":"debug","message":"Cache saved: CRV/USDC 12h — 1473 candles","timestamp":"2026-06-22T12:41:46.382Z"}
{"level":"info","message":"CRV/USDC: 1473 12h candles ready","timestamp":"2026-06-22T12:41:46.382Z"}
{"level":"info","message":"GMX/USDC: appended 2 new candles","timestamp":"2026-06-22T12:41:46.397Z"}
{"level":"debug","message":"Cache saved: GMX/USDC 12h — 924 candles","timestamp":"2026-06-22T12:41:46.399Z"}
{"level":"info","message":"GMX/USDC: 924 12h candles ready","timestamp":"2026-06-22T12:41:46.400Z"}
{"level":"info","message":"LDO/USDC: appended 2 new candles","timestamp":"2026-06-22T12:41:46.404Z"}
{"level":"info","message":"LSK/USDC: appended 0 new candles","timestamp":"2026-06-22T12:41:46.409Z"}
{"level":"debug","message":"Cache saved: LDO/USDC 12h — 1473 candles","timestamp":"2026-06-22T12:41:46.410Z"}
{"level":"info","message":"LDO/USDC: 1473 12h candles ready","timestamp":"2026-06-22T12:41:46.410Z"}
{"level":"debug","message":"Cache saved: LSK/USDC 12h — 413 candles","timestamp":"2026-06-22T12:41:46.410Z"}
{"level":"info","message":"LSK/USDC: 413 12h candles ready","timestamp":"2026-06-22T12:41:46.410Z"}
{"level":"info","message":"JTO/USDC: appended 2 new candles","timestamp":"2026-06-22T12:41:46.440Z"}
{"level":"debug","message":"Cache saved: JTO/USDC 12h — 1473 candles","timestamp":"2026-06-22T12:41:46.444Z"}
{"level":"info","message":"JTO/USDC: 1473 12h candles ready","timestamp":"2026-06-22T12:41:46.444Z"}
{"level":"info","message":"MANTA/USDC: appended 2 new candles","timestamp":"2026-06-22T12:41:46.452Z"}
{"level":"debug","message":"Cache saved: MANTA/USDC 12h — 1473 candles","timestamp":"2026-06-22T12:41:46.454Z"}
{"level":"info","message":"MANTA/USDC: 1473 12h candles ready","timestamp":"2026-06-22T12:41:46.455Z"}
{"level":"info","message":"PIXEL/USDC: appended 2 new candles","timestamp":"2026-06-22T12:41:46.481Z"}
{"level":"debug","message":"Cache saved: PIXEL/USDC 12h — 1473 candles","timestamp":"2026-06-22T12:41:46.489Z"}
{"level":"info","message":"PIXEL/USDC: 1473 12h candles ready","timestamp":"2026-06-22T12:41:46.489Z"}
{"level":"info","message":"PAXG/USDC: appended 2 new candles","timestamp":"2026-06-22T12:41:46.494Z"}
{"level":"debug","message":"Cache saved: PAXG/USDC 12h — 868 candles","timestamp":"2026-06-22T12:41:46.497Z"}
{"level":"info","message":"PAXG/USDC: 868 12h candles ready","timestamp":"2026-06-22T12:41:46.498Z"}
{"level":"info","message":"THETA/USDC: appended 2 new candles","timestamp":"2026-06-22T12:41:46.509Z"}
{"level":"debug","message":"Cache saved: THETA/USDC 12h — 892 candles","timestamp":"2026-06-22T12:41:46.512Z"}
{"level":"info","message":"THETA/USDC: 892 12h candles ready","timestamp":"2026-06-22T12:41:46.512Z"}
{"level":"info","message":"TIA/USDC: appended 2 new candles","timestamp":"2026-06-22T12:41:46.543Z"}
{"level":"debug","message":"Cache saved: TIA/USDC 12h — 1473 candles","timestamp":"2026-06-22T12:41:46.548Z"}
{"level":"info","message":"TIA/USDC: 1473 12h candles ready","timestamp":"2026-06-22T12:41:46.548Z"}
{"level":"info","message":"SUI/USDC: appended 2 new candles","timestamp":"2026-06-22T12:41:46.561Z"}
{"level":"info","message":"VANRY/USDC: appended 2 new candles","timestamp":"2026-06-22T12:41:46.566Z"}
{"level":"debug","message":"Cache saved: SUI/USDC 12h — 1473 candles","timestamp":"2026-06-22T12:41:46.567Z"}
{"level":"info","message":"SUI/USDC: 1473 12h candles ready","timestamp":"2026-06-22T12:41:46.567Z"}
{"level":"debug","message":"Cache saved: VANRY/USDC 12h — 920 candles","timestamp":"2026-06-22T12:41:46.568Z"}
{"level":"info","message":"VANRY/USDC: 920 12h candles ready","timestamp":"2026-06-22T12:41:46.568Z"}
{"level":"info","message":"SOL/USDC: appended 2 new candles","timestamp":"2026-06-22T12:41:46.583Z"}
{"level":"debug","message":"Cache saved: SOL/USDC 12h — 1473 candles","timestamp":"2026-06-22T12:41:46.586Z"}
{"level":"info","message":"SOL/USDC: 1473 12h candles ready","timestamp":"2026-06-22T12:41:46.587Z"}
{"level":"info","message":"ADA/USDC: appended 2 new candles","timestamp":"2026-06-22T12:41:46.605Z"}
{"level":"debug","message":"Cache saved: ADA/USDC 12h — 1473 candles","timestamp":"2026-06-22T12:41:46.607Z"}
{"level":"info","message":"ADA/USDC: 1473 12h candles ready","timestamp":"2026-06-22T12:41:46.608Z"}
{"level":"info","message":"AVAX/USDC: appended 2 new candles","timestamp":"2026-06-22T12:41:46.627Z"}
{"level":"debug","message":"Cache saved: AVAX/USDC 12h — 1473 candles","timestamp":"2026-06-22T12:41:46.630Z"}
{"level":"info","message":"AVAX/USDC: 1473 12h candles ready","timestamp":"2026-06-22T12:41:46.630Z"}
{"level":"info","message":"DOGE/USDC: appended 2 new candles","timestamp":"2026-06-22T12:41:46.647Z"}
{"level":"debug","message":"Cache saved: DOGE/USDC 12h — 1473 candles","timestamp":"2026-06-22T12:41:46.650Z"}
{"level":"info","message":"DOGE/USDC: 1473 12h candles ready","timestamp":"2026-06-22T12:41:46.651Z"}
{"level":"info","message":"INJ/USDC: appended 2 new candles","timestamp":"2026-06-22T12:41:46.664Z"}
{"level":"debug","message":"Cache saved: INJ/USDC 12h — 1473 candles","timestamp":"2026-06-22T12:41:46.667Z"}
{"level":"info","message":"INJ/USDC: 1473 12h candles ready","timestamp":"2026-06-22T12:41:46.667Z"}
{"level":"info","message":"ETH/USDC: appended 2 new candles","timestamp":"2026-06-22T12:41:46.684Z"}
{"level":"debug","message":"Cache saved: ETH/USDC 12h — 1473 candles","timestamp":"2026-06-22T12:41:46.688Z"}
{"level":"info","message":"ETH/USDC: 1473 12h candles ready","timestamp":"2026-06-22T12:41:46.688Z"}
{"level":"info","message":"WLD/USDC: appended 2 new candles","timestamp":"2026-06-22T12:41:46.719Z"}
{"level":"info","message":"PEPE/USDC: appended 2 new candles","timestamp":"2026-06-22T12:41:46.724Z"}
{"level":"debug","message":"Cache saved: WLD/USDC 12h — 1473 candles","timestamp":"2026-06-22T12:41:46.725Z"}
{"level":"info","message":"WLD/USDC: 1473 12h candles ready","timestamp":"2026-06-22T12:41:46.725Z"}
{"level":"debug","message":"Cache saved: PEPE/USDC 12h — 1473 candles","timestamp":"2026-06-22T12:41:46.729Z"}
{"level":"info","message":"PEPE/USDC: 1473 12h candles ready","timestamp":"2026-06-22T12:41:46.729Z"}
{"level":"info","message":"RENDER/USDC: appended 2 new candles","timestamp":"2026-06-22T12:41:46.746Z"}
{"level":"debug","message":"Cache saved: RENDER/USDC 12h — 1394 candles","timestamp":"2026-06-22T12:41:46.756Z"}
{"level":"info","message":"RENDER/USDC: 1394 12h candles ready","timestamp":"2026-06-22T12:41:46.756Z"}
{"level":"info","message":"TON/USDC: appended 2 new candles","timestamp":"2026-06-22T12:41:46.766Z"}
{"level":"debug","message":"Cache saved: TON/USDC 12h — 1340 candles","timestamp":"2026-06-22T12:41:46.770Z"}
{"level":"info","message":"TON/USDC: 1340 12h candles ready","timestamp":"2026-06-22T12:41:46.770Z"}
{"level":"info","message":"ENA/USDC: appended 2 new candles","timestamp":"2026-06-22T12:41:46.783Z"}
{"level":"debug","message":"Cache saved: ENA/USDC 12h — 1473 candles","timestamp":"2026-06-22T12:41:46.787Z"}
{"level":"info","message":"ENA/USDC: 1473 12h candles ready","timestamp":"2026-06-22T12:41:46.787Z"}
{"level":"info","message":"ICP/USDC: appended 2 new candles","timestamp":"2026-06-22T12:41:46.806Z"}
{"level":"debug","message":"Cache saved: ICP/USDC 12h — 1473 candles","timestamp":"2026-06-22T12:41:46.810Z"}
{"level":"info","message":"ICP/USDC: 1473 12h candles ready","timestamp":"2026-06-22T12:41:46.810Z"}
{"level":"info","message":"APT/USDC: appended 2 new candles","timestamp":"2026-06-22T12:41:46.825Z"}
{"level":"debug","message":"Cache saved: APT/USDC 12h — 1473 candles","timestamp":"2026-06-22T12:41:46.828Z"}
{"level":"info","message":"APT/USDC: 1473 12h candles ready","timestamp":"2026-06-22T12:41:46.828Z"}
{"level":"info","message":"JUP/USDC: appended 2 new candles","timestamp":"2026-06-22T12:41:46.845Z"}
{"level":"debug","message":"Cache saved: JUP/USDC 12h — 1473 candles","timestamp":"2026-06-22T12:41:46.849Z"}
{"level":"info","message":"JUP/USDC: 1473 12h candles ready","timestamp":"2026-06-22T12:41:46.849Z"}
{"level":"info","message":"ARB/USDC: appended 2 new candles","timestamp":"2026-06-22T12:41:46.864Z"}
{"level":"debug","message":"Cache saved: ARB/USDC 12h — 1473 candles","timestamp":"2026-06-22T12:41:46.867Z"}
{"level":"info","message":"ARB/USDC: 1473 12h candles ready","timestamp":"2026-06-22T12:41:46.867Z"}
{"level":"debug","message":"[AGG] BTC/USDC: strategy[0]=unknown → HOLD conf=0.20 \"No EMA crossover (fast 64140.8994 vs slow 64522.6812)\"","timestamp":"2026-06-22T12:41:48.141Z"}
{"level":"debug","message":"[AGG] BTC/USDC: strategy[1]=unknown → HOLD conf=0.10 \"PSAR downtrend continues (SAR 65352.1574)\"","timestamp":"2026-06-22T12:41:48.141Z"}
{"level":"debug","message":"[AGG] BTC/USDC: strategy[2]=unknown → SELL conf=0.62 \"HA flipped bearish ↓ after 4-bar bull streak\"","timestamp":"2026-06-22T12:41:48.141Z"}
{"level":"debug","message":"[AGG] BTC/USDC: votes BUY=0.00 SELL=1.00 HOLD=2.00 total_weight=1.00 external=0","timestamp":"2026-06-22T12:41:48.142Z"}
{"level":"debug","message":"[AGG] BTC/USDC: decision=HOLD confidence=2.00 tie=false belowMin=false (minConf=0.55)","timestamp":"2026-06-22T12:41:48.142Z"}
{"level":"debug","message":"[AGG] XRP/USDC: strategy[0]=unknown → HOLD conf=0.20 \"Price 1.1470 inside BB [1.0963–1.2398]\"","timestamp":"2026-06-22T12:41:48.181Z"}
{"level":"debug","message":"[AGG] XRP/USDC: strategy[1]=unknown → BUY conf=0.62 \"Stoch K=16.4 crossed above D=14.8 in oversold zone\"","timestamp":"2026-06-22T12:41:48.181Z"}
{"level":"debug","message":"[AGG] XRP/USDC: strategy[2]=unknown → HOLD conf=0.20 \"No EMA crossover (fast 1.1540 vs slow 1.1657)\"","timestamp":"2026-06-22T12:41:48.181Z"}
{"level":"debug","message":"[AGG] XRP/USDC: votes BUY=1.00 SELL=0.00 HOLD=2.00 total_weight=1.00 external=0","timestamp":"2026-06-22T12:41:48.181Z"}
{"level":"debug","message":"[AGG] XRP/USDC: decision=HOLD confidence=2.00 tie=false belowMin=false (minConf=0.55)","timestamp":"2026-06-22T12:41:48.181Z"}
{"level":"debug","message":"[AGG] LINK/USDC: strategy[0]=unknown → HOLD conf=0.20 \"Price 8.0800 inside BB [7.7452–8.3529]\"","timestamp":"2026-06-22T12:41:48.202Z"}
{"level":"debug","message":"[AGG] LINK/USDC: strategy[1]=unknown → HOLD conf=0.20 \"Stoch K=37.9 D=26.1 — no crossover in extreme zone\"","timestamp":"2026-06-22T12:41:48.203Z"}
{"level":"debug","message":"[AGG] LINK/USDC: strategy[2]=unknown → HOLD conf=0.10 \"Supertrend downtrend continues (ST 8.4740)\"","timestamp":"2026-06-22T12:41:48.203Z"}
{"level":"debug","message":"[AGG] LINK/USDC: votes BUY=0.00 SELL=0.00 HOLD=3.00 total_weight=0.00 external=0","timestamp":"2026-06-22T12:41:48.203Z"}
{"level":"debug","message":"[AGG] LINK/USDC: decision=HOLD confidence=0.00 tie=false belowMin=true (minConf=0.7)","timestamp":"2026-06-22T12:41:48.203Z"}
{"level":"debug","message":"[AGG] BNB/USDC: strategy[0]=unknown → HOLD conf=0.20 \"%R -57.6 neutral\"","timestamp":"2026-06-22T12:41:48.214Z"}
{"level":"debug","message":"[AGG] BNB/USDC: strategy[1]=unknown → HOLD conf=0.15 \"HA bullish continuation\"","timestamp":"2026-06-22T12:41:48.214Z"}
{"level":"debug","message":"[AGG] BNB/USDC: strategy[2]=unknown → SELL conf=0.62 \"Resistance 597.8000 (2×)\"","timestamp":"2026-06-22T12:41:48.214Z"}
{"level":"debug","message":"[AGG] BNB/USDC: votes BUY=0.00 SELL=1.00 HOLD=2.00 total_weight=1.00 external=0","timestamp":"2026-06-22T12:41:48.214Z"}
{"level":"debug","message":"[AGG] BNB/USDC: decision=HOLD confidence=2.00 tie=false belowMin=false (minConf=0.55)","timestamp":"2026-06-22T12:41:48.214Z"}
{"level":"debug","message":"[AGG] LTC/USDC: strategy[0]=unknown → HOLD conf=0.20 \"Price 45.2300 inside BB [43.0487–46.2013]\"","timestamp":"2026-06-22T12:41:48.221Z"}
{"level":"debug","message":"[AGG] LTC/USDC: strategy[1]=unknown → HOLD conf=0.20 \"No EMA crossover (fast 44.6240 vs slow 44.7495)\"","timestamp":"2026-06-22T12:41:48.221Z"}
{"level":"debug","message":"[AGG] LTC/USDC: strategy[2]=unknown → HOLD conf=0.20 \"%R -32.6 neutral\"","timestamp":"2026-06-22T12:41:48.221Z"}
{"level":"debug","message":"[AGG] LTC/USDC: votes BUY=0.00 SELL=0.00 HOLD=3.00 total_weight=0.00 external=0","timestamp":"2026-06-22T12:41:48.221Z"}
{"level":"debug","message":"[AGG] LTC/USDC: decision=HOLD confidence=0.00 tie=false belowMin=true (minConf=0.55)","timestamp":"2026-06-22T12:41:48.221Z"}
{"level":"debug","message":"[AGG] NEAR/USDC: strategy[0]=unknown → HOLD conf=0.20 \"RSI 48.3 neutral\"","timestamp":"2026-06-22T12:41:48.234Z"}
{"level":"debug","message":"[AGG] NEAR/USDC: strategy[1]=unknown → HOLD conf=0.20 \"Price 2.1650 inside BB [1.9706–2.4523]\"","timestamp":"2026-06-22T12:41:48.234Z"}
{"level":"debug","message":"[AGG] NEAR/USDC: strategy[2]=unknown → HOLD conf=0.20 \"Stoch K=16.9 D=23.9 — no crossover in extreme zone\"","timestamp":"2026-06-22T12:41:48.234Z"}
{"level":"debug","message":"[AGG] NEAR/USDC: strategy[3]=unknown → HOLD conf=0.10 \"No significant S/R zone nearby\"","timestamp":"2026-06-22T12:41:48.234Z"}
{"level":"debug","message":"[AGG] NEAR/USDC: votes BUY=0.00 SELL=0.00 HOLD=4.00 total_weight=0.00 external=0","timestamp":"2026-06-22T12:41:48.234Z"}
{"level":"debug","message":"[AGG] NEAR/USDC: decision=HOLD confidence=0.00 tie=false belowMin=true (minConf=0.7)","timestamp":"2026-06-22T12:41:48.234Z"}
{"level":"debug","message":"[AGG] TRX/USDC: strategy[0]=unknown → HOLD conf=0.90 \"CCI 199.2 overbought — still rising, wait\"","timestamp":"2026-06-22T12:41:48.259Z"}
{"level":"debug","message":"[AGG] TRX/USDC: strategy[1]=unknown → HOLD conf=0.20 \"Stoch K=97.4 D=96.8 — no crossover in extreme zone\"","timestamp":"2026-06-22T12:41:48.260Z"}
{"level":"debug","message":"[AGG] TRX/USDC: strategy[2]=unknown → HOLD conf=0.20 \"StochRSI K=100.0 D=100.0 — no extreme crossover\"","timestamp":"2026-06-22T12:41:48.260Z"}
{"level":"debug","message":"[AGG] TRX/USDC: votes BUY=0.00 SELL=0.00 HOLD=3.00 total_weight=0.00 external=0","timestamp":"2026-06-22T12:41:48.260Z"}
{"level":"debug","message":"[AGG] TRX/USDC: decision=HOLD confidence=0.00 tie=false belowMin=true (minConf=0.7)","timestamp":"2026-06-22T12:41:48.260Z"}
{"level":"debug","message":"[AGG] BCH/USDC: strategy[0]=unknown → HOLD conf=0.20 \"Price 201.0000 inside BB [188.8657–224.9543]\"","timestamp":"2026-06-22T12:41:48.269Z"}
{"level":"debug","message":"[AGG] BCH/USDC: strategy[1]=unknown → HOLD conf=0.20 \"OBV below EMA-20 — no cross\"","timestamp":"2026-06-22T12:41:48.269Z"}
{"level":"debug","message":"[AGG] BCH/USDC: strategy[2]=unknown → HOLD conf=0.20 \"%R -78.3 neutral\"","timestamp":"2026-06-22T12:41:48.269Z"}
{"level":"debug","message":"[AGG] BCH/USDC: votes BUY=0.00 SELL=0.00 HOLD=3.00 total_weight=0.00 external=0","timestamp":"2026-06-22T12:41:48.269Z"}
{"level":"debug","message":"[AGG] BCH/USDC: decision=HOLD confidence=0.00 tie=false belowMin=true (minConf=0.55)","timestamp":"2026-06-22T12:41:48.269Z"}
{"level":"debug","message":"[AGG] ACH/USDC: strategy[0]=unknown → HOLD conf=0.20 \"RSI 40.3 neutral\"","timestamp":"2026-06-22T12:41:48.282Z"}
{"level":"debug","message":"[AGG] ACH/USDC: strategy[1]=unknown → HOLD conf=0.20 \"Price 0.0051 inside BB [0.0049–0.0057]\"","timestamp":"2026-06-22T12:41:48.282Z"}
{"level":"debug","message":"[AGG] ACH/USDC: strategy[2]=unknown → HOLD conf=0.20 \"CCI -80.1 neutral\"","timestamp":"2026-06-22T12:41:48.282Z"}
{"level":"debug","message":"[AGG] ACH/USDC: votes BUY=0.00 SELL=0.00 HOLD=3.00 total_weight=0.00 external=0","timestamp":"2026-06-22T12:41:48.282Z"}
{"level":"debug","message":"[AGG] ACH/USDC: decision=HOLD confidence=0.00 tie=false belowMin=true (minConf=0.7)","timestamp":"2026-06-22T12:41:48.283Z"}
{"level":"debug","message":"[AGG] CRV/USDC: strategy[0]=unknown → HOLD conf=0.10 \"ADX 21.6 < 25 — ranging, skip\"","timestamp":"2026-06-22T12:41:48.299Z"}
{"level":"debug","message":"[AGG] CRV/USDC: strategy[1]=unknown → BUY conf=0.79 \"StochRSI K=8.0 crossed above D=4.9 in oversold ↑\"","timestamp":"2026-06-22T12:41:48.299Z"}
{"level":"debug","message":"[AGG] CRV/USDC: strategy[2]=unknown → HOLD conf=0.10 \"No significant S/R zone nearby\"","timestamp":"2026-06-22T12:41:48.299Z"}
{"level":"debug","message":"[AGG] CRV/USDC: votes BUY=1.00 SELL=0.00 HOLD=2.00 total_weight=1.00 external=0","timestamp":"2026-06-22T12:41:48.299Z"}
{"level":"debug","message":"[AGG] CRV/USDC: decision=HOLD confidence=2.00 tie=false belowMin=false (minConf=0.55)","timestamp":"2026-06-22T12:41:48.300Z"}
{"level":"debug","message":"[AGG] ENS/USDC: strategy[0]=unknown → HOLD conf=0.20 \"Price 4.7100 inside BB [4.5886–5.5854]\"","timestamp":"2026-06-22T12:41:48.306Z"}
{"level":"debug","message":"[AGG] ENS/USDC: strategy[1]=unknown → HOLD conf=0.10 \"PSAR downtrend continues (SAR 5.3516)\"","timestamp":"2026-06-22T12:41:48.306Z"}
{"level":"debug","message":"[AGG] ENS/USDC: strategy[2]=unknown → HOLD conf=0.10 \"No significant S/R zone nearby\"","timestamp":"2026-06-22T12:41:48.306Z"}
{"level":"debug","message":"[AGG] ENS/USDC: votes BUY=0.00 SELL=0.00 HOLD=3.00 total_weight=0.00 external=0","timestamp":"2026-06-22T12:41:48.306Z"}
{"level":"debug","message":"[AGG] ENS/USDC: decision=HOLD confidence=0.00 tie=false belowMin=true (minConf=0.55)","timestamp":"2026-06-22T12:41:48.306Z"}
{"level":"debug","message":"[AGG] GMX/USDC: strategy[0]=unknown → HOLD conf=0.20 \"RSI 53.0 neutral\"","timestamp":"2026-06-22T12:41:48.323Z"}
{"level":"debug","message":"[AGG] GMX/USDC: strategy[1]=unknown → HOLD conf=0.20 \"Price 5.9400 inside BB [5.4576–6.1844]\"","timestamp":"2026-06-22T12:41:48.323Z"}
{"level":"debug","message":"[AGG] GMX/USDC: strategy[2]=unknown → HOLD conf=0.20 \"CCI 43.1 neutral\"","timestamp":"2026-06-22T12:41:48.324Z"}
{"level":"debug","message":"[AGG] GMX/USDC: votes BUY=0.00 SELL=0.00 HOLD=3.00 total_weight=0.00 external=0","timestamp":"2026-06-22T12:41:48.324Z"}
{"level":"debug","message":"[AGG] GMX/USDC: decision=HOLD confidence=0.00 tie=false belowMin=true (minConf=0.7)","timestamp":"2026-06-22T12:41:48.324Z"}
{"level":"debug","message":"[AGG] JTO/USDC: strategy[0]=unknown → HOLD conf=0.20 \"CCI -23.8 neutral\"","timestamp":"2026-06-22T12:41:48.333Z"}
{"level":"debug","message":"[AGG] JTO/USDC: strategy[1]=unknown → HOLD conf=0.10 \"PSAR downtrend continues (SAR 0.8593)\"","timestamp":"2026-06-22T12:41:48.333Z"}
{"level":"debug","message":"[AGG] JTO/USDC: strategy[2]=unknown → HOLD conf=0.10 \"No significant S/R zone nearby\"","timestamp":"2026-06-22T12:41:48.334Z"}
{"level":"debug","message":"[AGG] JTO/USDC: votes BUY=0.00 SELL=0.00 HOLD=3.00 total_weight=0.00 external=0","timestamp":"2026-06-22T12:41:48.334Z"}
{"level":"debug","message":"[AGG] JTO/USDC: decision=HOLD confidence=0.00 tie=false belowMin=true (minConf=0.55)","timestamp":"2026-06-22T12:41:48.334Z"}
{"level":"debug","message":"[AGG] LDO/USDC: strategy[0]=unknown → HOLD conf=0.20 \"MACD -0.0002 vs signal -0.0018 hist:0.0016\"","timestamp":"2026-06-22T12:41:48.350Z"}
{"level":"debug","message":"[AGG] LDO/USDC: strategy[1]=unknown → HOLD conf=0.10 \"ADX 20.9 < 25 — ranging, skip\"","timestamp":"2026-06-22T12:41:48.350Z"}
{"level":"debug","message":"[AGG] LDO/USDC: strategy[2]=unknown → HOLD conf=0.20 \"%R -61.0 neutral\"","timestamp":"2026-06-22T12:41:48.350Z"}
{"level":"debug","message":"[AGG] LDO/USDC: votes BUY=0.00 SELL=0.00 HOLD=3.00 total_weight=0.00 external=0","timestamp":"2026-06-22T12:41:48.350Z"}
{"level":"debug","message":"[AGG] LDO/USDC: decision=HOLD confidence=0.00 tie=false belowMin=true (minConf=0.55)","timestamp":"2026-06-22T12:41:48.350Z"}
{"level":"debug","message":"[AGG] LSK/USDC: strategy[0]=unknown → BUY conf=0.55 \"MACD crossed above signal hist:0.0001\"","timestamp":"2026-06-22T12:41:48.355Z"}
{"level":"debug","message":"[AGG] LSK/USDC: strategy[1]=unknown → HOLD conf=0.20 \"MFI 58.7 neutral\"","timestamp":"2026-06-22T12:41:48.355Z"}
{"level":"debug","message":"[AGG] LSK/USDC: strategy[2]=unknown → HOLD conf=0.10 \"PSAR downtrend continues (SAR 0.0960)\"","timestamp":"2026-06-22T12:41:48.355Z"}
{"level":"debug","message":"[AGG] LSK/USDC: votes BUY=1.00 SELL=0.00 HOLD=2.00 total_weight=1.00 external=0","timestamp":"2026-06-22T12:41:48.355Z"}
{"level":"debug","message":"[AGG] LSK/USDC: decision=HOLD confidence=2.00 tie=false belowMin=false (minConf=0.55)","timestamp":"2026-06-22T12:41:48.356Z"}
{"level":"debug","message":"[AGG] MANTA/USDC: strategy[0]=unknown → HOLD conf=0.20 \"RSI 48.7 neutral\"","timestamp":"2026-06-22T12:41:48.396Z"}
{"level":"debug","message":"[AGG] MANTA/USDC: strategy[1]=unknown → HOLD conf=0.20 \"Price 0.0799 inside BB [0.0787–0.0833]\"","timestamp":"2026-06-22T12:41:48.397Z"}
{"level":"debug","message":"[AGG] MANTA/USDC: strategy[2]=unknown → HOLD conf=0.20 \"CCI -77.7 neutral\"","timestamp":"2026-06-22T12:41:48.397Z"}
{"level":"debug","message":"[AGG] MANTA/USDC: votes BUY=0.00 SELL=0.00 HOLD=3.00 total_weight=0.00 external=0","timestamp":"2026-06-22T12:41:48.397Z"}
{"level":"debug","message":"[AGG] MANTA/USDC: decision=HOLD confidence=0.00 tie=false belowMin=true (minConf=0.7)","timestamp":"2026-06-22T12:41:48.397Z"}
{"level":"debug","message":"[AGG] PAXG/USDC: strategy[0]=unknown → HOLD conf=0.20 \"MACD -40.3398 vs signal -39.4025 hist:-0.9374\"","timestamp":"2026-06-22T12:41:48.404Z"}
{"level":"debug","message":"[AGG] PAXG/USDC: strategy[1]=unknown → SELL conf=0.58 \"ADX 26.5 downtrend (-DI 27.0 > +DI 19.7)\"","timestamp":"2026-06-22T12:41:48.404Z"}
{"level":"debug","message":"[AGG] PAXG/USDC: strategy[2]=unknown → HOLD conf=0.10 \"Supertrend downtrend continues (ST 4299.0234)\"","timestamp":"2026-06-22T12:41:48.404Z"}
{"level":"debug","message":"[AGG] PAXG/USDC: votes BUY=0.00 SELL=1.00 HOLD=2.00 total_weight=1.00 external=0","timestamp":"2026-06-22T12:41:48.404Z"}
{"level":"debug","message":"[AGG] PAXG/USDC: decision=HOLD confidence=2.00 tie=false belowMin=false (minConf=0.55)","timestamp":"2026-06-22T12:41:48.404Z"}
{"level":"debug","message":"[AGG] PIXEL/USDC: strategy[0]=unknown → HOLD conf=0.20 \"No EMA crossover (fast 0.0054 vs slow 0.0055)\"","timestamp":"2026-06-22T12:41:48.421Z"}
{"level":"debug","message":"[AGG] PIXEL/USDC: strategy[1]=unknown → BUY conf=0.48 \"ADX 22.4 uptrend (+DI 23.8 > -DI 22.6)\"","timestamp":"2026-06-22T12:41:48.421Z"}
{"level":"debug","message":"[AGG] PIXEL/USDC: strategy[2]=unknown → HOLD conf=0.10 \"No significant S/R zone nearby\"","timestamp":"2026-06-22T12:41:48.421Z"}
{"level":"debug","message":"[AGG] PIXEL/USDC: votes BUY=1.00 SELL=0.00 HOLD=2.00 total_weight=1.00 external=0","timestamp":"2026-06-22T12:41:48.422Z"}
{"level":"debug","message":"[AGG] PIXEL/USDC: decision=HOLD confidence=2.00 tie=false belowMin=false (minConf=0.55)","timestamp":"2026-06-22T12:41:48.422Z"}
{"level":"debug","message":"[AGG] SUI/USDC: strategy[0]=unknown → HOLD conf=0.20 \"RSI 44.5 neutral\"","timestamp":"2026-06-22T12:41:48.434Z"}
{"level":"debug","message":"[AGG] SUI/USDC: strategy[1]=unknown → HOLD conf=0.20 \"Stoch K=33.3 D=15.7 — no crossover in extreme zone\"","timestamp":"2026-06-22T12:41:48.434Z"}
{"level":"debug","message":"[AGG] SUI/USDC: strategy[2]=unknown → HOLD conf=0.51 \"MFI 19.5 oversold — still falling, wait\"","timestamp":"2026-06-22T12:41:48.434Z"}
{"level":"debug","message":"[AGG] SUI/USDC: votes BUY=0.00 SELL=0.00 HOLD=3.00 total_weight=0.00 external=0","timestamp":"2026-06-22T12:41:48.434Z"}
{"level":"debug","message":"[AGG] SUI/USDC: decision=HOLD confidence=0.00 tie=false belowMin=true (minConf=0.7)","timestamp":"2026-06-22T12:41:48.434Z"}
{"level":"debug","message":"[AGG] THETA/USDC: strategy[0]=unknown → HOLD conf=0.20 \"RSI 43.6 neutral\"","timestamp":"2026-06-22T12:41:48.439Z"}
{"level":"debug","message":"[AGG] THETA/USDC: strategy[1]=unknown → HOLD conf=0.20 \"CCI -81.2 neutral\"","timestamp":"2026-06-22T12:41:48.439Z"}
{"level":"debug","message":"[AGG] THETA/USDC: strategy[2]=unknown → SELL conf=0.55 \"OBV crossed below EMA-20 — volume sellers in control\"","timestamp":"2026-06-22T12:41:48.439Z"}
{"level":"debug","message":"[AGG] THETA/USDC: votes BUY=0.00 SELL=1.00 HOLD=2.00 total_weight=1.00 external=0","timestamp":"2026-06-22T12:41:48.439Z"}
{"level":"debug","message":"[AGG] THETA/USDC: decision=HOLD confidence=2.00 tie=false belowMin=false (minConf=0.55)","timestamp":"2026-06-22T12:41:48.439Z"}
{"level":"debug","message":"[AGG] TIA/USDC: strategy[0]=unknown → HOLD conf=0.20 \"CCI 55.8 neutral\"","timestamp":"2026-06-22T12:41:48.446Z"}
{"level":"debug","message":"[AGG] TIA/USDC: strategy[1]=unknown → BUY conf=0.85 \"MACD crossed above signal (above zero) ↑ hist:0.0007\"","timestamp":"2026-06-22T12:41:48.446Z"}
{"level":"debug","message":"[AGG] TIA/USDC: strategy[2]=unknown → BUY conf=0.73 \"HA flipped bullish ↑ after 8-bar bear streak\"","timestamp":"2026-06-22T12:41:48.446Z"}
{"level":"debug","message":"[AGG] TIA/USDC: votes BUY=2.00 SELL=0.00 HOLD=1.00 total_weight=2.00 external=0","timestamp":"2026-06-22T12:41:48.446Z"}
{"level":"debug","message":"[AGG] TIA/USDC: decision=BUY confidence=1.00 tie=false","timestamp":"2026-06-22T12:41:48.446Z"}
{"level":"debug","message":"[AGG] VANRY/USDC: strategy[0]=unknown → HOLD conf=0.20 \"No EMA crossover (fast 0.0035 vs slow 0.0035)\"","timestamp":"2026-06-22T12:41:48.452Z"}
{"level":"debug","message":"[AGG] VANRY/USDC: strategy[1]=unknown → HOLD conf=0.20 \"MACD -0.0001 vs signal -0.0001 hist:0.0000\"","timestamp":"2026-06-22T12:41:48.452Z"}
{"level":"debug","message":"[AGG] VANRY/USDC: strategy[2]=unknown → BUY conf=0.65 \"ADX 32.0 uptrend (+DI 25.4 > -DI 16.2)\"","timestamp":"2026-06-22T12:41:48.452Z"}
{"level":"debug","message":"[AGG] VANRY/USDC: votes BUY=1.00 SELL=0.00 HOLD=2.00 total_weight=1.00 external=0","timestamp":"2026-06-22T12:41:48.452Z"}
{"level":"debug","message":"[AGG] VANRY/USDC: decision=HOLD confidence=2.00 tie=false belowMin=false (minConf=0.55)","timestamp":"2026-06-22T12:41:48.452Z"}
{"level":"debug","message":"[AGG] SOL/USDC: strategy[0]=unknown → HOLD conf=0.20 \"Price 74.1100 inside BB [66.5863–76.0487]\"","timestamp":"2026-06-22T12:41:48.471Z"}
{"level":"debug","message":"[AGG] SOL/USDC: strategy[1]=unknown → HOLD conf=0.20 \"%R -23.8 neutral\"","timestamp":"2026-06-22T12:41:48.471Z"}
{"level":"debug","message":"[AGG] SOL/USDC: strategy[2]=unknown → HOLD conf=0.20 \"StochRSI K=82.7 D=79.5 — no extreme crossover\"","timestamp":"2026-06-22T12:41:48.472Z"}
{"level":"debug","message":"[AGG] SOL/USDC: votes BUY=0.00 SELL=0.00 HOLD=3.00 total_weight=0.00 external=0","timestamp":"2026-06-22T12:41:48.472Z"}
{"level":"debug","message":"[AGG] SOL/USDC: decision=HOLD confidence=0.00 tie=false belowMin=true (minConf=0.55)","timestamp":"2026-06-22T12:41:48.472Z"}
{"level":"debug","message":"[AGG] ADA/USDC: strategy[0]=unknown → HOLD conf=0.20 \"RSI 37.1 neutral\"","timestamp":"2026-06-22T12:41:48.482Z"}
{"level":"debug","message":"[AGG] ADA/USDC: strategy[1]=unknown → HOLD conf=0.20 \"Price 0.1616 inside BB [0.1540–0.1838]\"","timestamp":"2026-06-22T12:41:48.482Z"}
{"level":"debug","message":"[AGG] ADA/USDC: strategy[2]=unknown → HOLD conf=0.20 \"CCI -93.2 neutral\"","timestamp":"2026-06-22T12:41:48.482Z"}
{"level":"debug","message":"[AGG] ADA/USDC: votes BUY=0.00 SELL=0.00 HOLD=3.00 total_weight=0.00 external=0","timestamp":"2026-06-22T12:41:48.482Z"}
{"level":"debug","message":"[AGG] ADA/USDC: decision=HOLD confidence=0.00 tie=false belowMin=true (minConf=0.55)","timestamp":"2026-06-22T12:41:48.482Z"}
{"level":"debug","message":"[AGG] AVAX/USDC: strategy[0]=unknown → HOLD conf=0.20 \"RSI 40.8 neutral\"","timestamp":"2026-06-22T12:41:48.486Z"}
{"level":"debug","message":"[AGG] AVAX/USDC: strategy[1]=unknown → HOLD conf=0.20 \"MACD -0.2584 vs signal -0.2813 hist:0.0229\"","timestamp":"2026-06-22T12:41:48.486Z"}
{"level":"debug","message":"[AGG] AVAX/USDC: strategy[2]=unknown → HOLD conf=0.10 \"PSAR downtrend continues (SAR 6.5285)\"","timestamp":"2026-06-22T12:41:48.486Z"}
{"level":"debug","message":"[AGG] AVAX/USDC: votes BUY=0.00 SELL=0.00 HOLD=3.00 total_weight=0.00 external=0","timestamp":"2026-06-22T12:41:48.486Z"}
{"level":"debug","message":"[AGG] AVAX/USDC: decision=HOLD confidence=0.00 tie=false belowMin=true (minConf=0.55)","timestamp":"2026-06-22T12:41:48.486Z"}
{"level":"debug","message":"[AGG] DOGE/USDC: strategy[0]=unknown → HOLD conf=0.20 \"No EMA crossover (fast 0.0843 vs slow 0.0858)\"","timestamp":"2026-06-22T12:41:48.492Z"}
{"level":"debug","message":"[AGG] DOGE/USDC: strategy[1]=unknown → HOLD conf=0.10 \"PSAR downtrend continues (SAR 0.0896)\"","timestamp":"2026-06-22T12:41:48.493Z"}
{"level":"debug","message":"[AGG] DOGE/USDC: strategy[2]=unknown → HOLD conf=0.15 \"HA bearish continuation\"","timestamp":"2026-06-22T12:41:48.493Z"}
{"level":"debug","message":"[AGG] DOGE/USDC: votes BUY=0.00 SELL=0.00 HOLD=3.00 total_weight=0.00 external=0","timestamp":"2026-06-22T12:41:48.493Z"}
{"level":"debug","message":"[AGG] DOGE/USDC: decision=HOLD confidence=0.00 tie=false belowMin=true (minConf=0.55)","timestamp":"2026-06-22T12:41:48.493Z"}
{"level":"debug","message":"[AGG] INJ/USDC: strategy[0]=unknown → HOLD conf=0.10 \"ADX 14.1 < 25 — ranging, skip\"","timestamp":"2026-06-22T12:41:48.502Z"}
{"level":"debug","message":"[AGG] INJ/USDC: strategy[1]=unknown → BUY conf=0.56 \"OBV crossed above EMA-20 — volume buyers in control\"","timestamp":"2026-06-22T12:41:48.502Z"}
{"level":"debug","message":"[AGG] INJ/USDC: strategy[2]=unknown → BUY conf=0.94 \"StochRSI K=0.7 crossed above D=0.2 in oversold ↑\"","timestamp":"2026-06-22T12:41:48.502Z"}
{"level":"debug","message":"[AGG] INJ/USDC: votes BUY=2.00 SELL=0.00 HOLD=1.00 total_weight=2.00 external=0","timestamp":"2026-06-22T12:41:48.502Z"}
{"level":"debug","message":"[AGG] INJ/USDC: decision=BUY confidence=1.00 tie=false","timestamp":"2026-06-22T12:41:48.502Z"}
{"level":"debug","message":"[AGG] ETH/USDC: strategy[0]=unknown → HOLD conf=0.10 \"Supertrend uptrend continues (ST 1631.9562)\"","timestamp":"2026-06-22T12:41:48.509Z"}
{"level":"debug","message":"[AGG] ETH/USDC: strategy[1]=unknown → HOLD conf=0.20 \"MFI 47.0 neutral\"","timestamp":"2026-06-22T12:41:48.510Z"}
{"level":"debug","message":"[AGG] ETH/USDC: strategy[2]=unknown → BUY conf=0.62 \"Support 1749.5100 (4×)\"","timestamp":"2026-06-22T12:41:48.510Z"}
{"level":"debug","message":"[AGG] ETH/USDC: votes BUY=1.00 SELL=0.00 HOLD=2.00 total_weight=1.00 external=0","timestamp":"2026-06-22T12:41:48.510Z"}
{"level":"debug","message":"[AGG] ETH/USDC: decision=HOLD confidence=2.00 tie=false belowMin=false (minConf=0.55)","timestamp":"2026-06-22T12:41:48.510Z"}
{"level":"debug","message":"[AGG] WLD/USDC: strategy[0]=unknown → HOLD conf=0.20 \"Price 0.6263 inside BB [0.4706–0.7186]\"","timestamp":"2026-06-22T12:41:48.527Z"}
{"level":"debug","message":"[AGG] WLD/USDC: strategy[1]=unknown → HOLD conf=0.20 \"CCI 47.6 neutral\"","timestamp":"2026-06-22T12:41:48.527Z"}
{"level":"debug","message":"[AGG] WLD/USDC: strategy[2]=unknown → BUY conf=0.88 \"ADX 49.7 uptrend (+DI 25.4 > -DI 7.4)\"","timestamp":"2026-06-22T12:41:48.527Z"}
{"level":"debug","message":"[AGG] WLD/USDC: votes BUY=1.00 SELL=0.00 HOLD=2.00 total_weight=1.00 external=0","timestamp":"2026-06-22T12:41:48.527Z"}
{"level":"debug","message":"[AGG] WLD/USDC: decision=HOLD confidence=2.00 tie=false belowMin=false (minConf=0.55)","timestamp":"2026-06-22T12:41:48.527Z"}
{"level":"debug","message":"[AGG] PEPE/USDC: strategy[0]=unknown → HOLD conf=0.20 \"No EMA crossover (fast 0.0000 vs slow 0.0000)\"","timestamp":"2026-06-22T12:41:48.531Z"}
{"level":"debug","message":"[AGG] PEPE/USDC: strategy[1]=unknown → HOLD conf=0.10 \"Supertrend downtrend continues (ST 0.0000)\"","timestamp":"2026-06-22T12:41:48.531Z"}
{"level":"debug","message":"[AGG] PEPE/USDC: strategy[2]=unknown → BUY conf=0.57 \"OBV crossed above EMA-20 — volume buyers in control\"","timestamp":"2026-06-22T12:41:48.531Z"}
{"level":"debug","message":"[AGG] PEPE/USDC: votes BUY=1.00 SELL=0.00 HOLD=2.00 total_weight=1.00 external=0","timestamp":"2026-06-22T12:41:48.531Z"}
{"level":"debug","message":"[AGG] PEPE/USDC: decision=HOLD confidence=2.00 tie=false belowMin=false (minConf=0.55)","timestamp":"2026-06-22T12:41:48.532Z"}
{"level":"debug","message":"[AGG] TON/USDC: strategy[0]=unknown → HOLD conf=0.20 \"No EMA crossover (fast 1.6573 vs slow 1.6797)\"","timestamp":"2026-06-22T12:41:48.537Z"}
{"level":"debug","message":"[AGG] TON/USDC: strategy[1]=unknown → HOLD conf=0.20 \"OBV above EMA-20 — no cross\"","timestamp":"2026-06-22T12:41:48.537Z"}
{"level":"debug","message":"[AGG] TON/USDC: strategy[2]=unknown → HOLD conf=0.20 \"StochRSI K=72.9 D=70.3 — no extreme crossover\"","timestamp":"2026-06-22T12:41:48.537Z"}
{"level":"debug","message":"[AGG] TON/USDC: votes BUY=0.00 SELL=0.00 HOLD=3.00 total_weight=0.00 external=0","timestamp":"2026-06-22T12:41:48.537Z"}
{"level":"debug","message":"[AGG] TON/USDC: decision=HOLD confidence=0.00 tie=false belowMin=true (minConf=0.55)","timestamp":"2026-06-22T12:41:48.538Z"}
{"level":"debug","message":"[AGG] RENDER/USDC: strategy[0]=unknown → HOLD conf=0.20 \"No EMA crossover (fast 1.7086 vs slow 1.7277)\"","timestamp":"2026-06-22T12:41:48.541Z"}
{"level":"debug","message":"[AGG] RENDER/USDC: strategy[1]=unknown → HOLD conf=0.20 \"OBV below EMA-20 — no cross\"","timestamp":"2026-06-22T12:41:48.541Z"}
{"level":"debug","message":"[AGG] RENDER/USDC: strategy[2]=unknown → HOLD conf=0.20 \"%R -70.7 neutral\"","timestamp":"2026-06-22T12:41:48.542Z"}
{"level":"debug","message":"[AGG] RENDER/USDC: votes BUY=0.00 SELL=0.00 HOLD=3.00 total_weight=0.00 external=0","timestamp":"2026-06-22T12:41:48.542Z"}
{"level":"debug","message":"[AGG] RENDER/USDC: decision=HOLD confidence=0.00 tie=false belowMin=true (minConf=0.55)","timestamp":"2026-06-22T12:41:48.542Z"}
{"level":"debug","message":"[AGG] ENA/USDC: strategy[0]=unknown → HOLD conf=0.20 \"RSI 60.1 neutral\"","timestamp":"2026-06-22T12:41:48.560Z"}
{"level":"debug","message":"[AGG] ENA/USDC: strategy[1]=unknown → HOLD conf=0.20 \"Price 0.0963 inside BB [0.0788–0.0969]\"","timestamp":"2026-06-22T12:41:48.560Z"}
{"level":"debug","message":"[AGG] ENA/USDC: strategy[2]=unknown → HOLD conf=0.57 \"CCI 116.8 overbought — still rising, wait\"","timestamp":"2026-06-22T12:41:48.560Z"}
{"level":"debug","message":"[AGG] ENA/USDC: votes BUY=0.00 SELL=0.00 HOLD=3.00 total_weight=0.00 external=0","timestamp":"2026-06-22T12:41:48.560Z"}
{"level":"debug","message":"[AGG] ENA/USDC: decision=HOLD confidence=0.00 tie=false belowMin=true (minConf=0.55)","timestamp":"2026-06-22T12:41:48.560Z"}
{"level":"debug","message":"[AGG] ICP/USDC: strategy[0]=unknown → HOLD conf=0.20 \"RSI 44.9 neutral\"","timestamp":"2026-06-22T12:41:48.568Z"}
{"level":"debug","message":"[AGG] ICP/USDC: strategy[1]=unknown → HOLD conf=0.20 \"Price 2.2950 inside BB [2.1570–2.5590]\"","timestamp":"2026-06-22T12:41:48.568Z"}
{"level":"debug","message":"[AGG] ICP/USDC: strategy[2]=unknown → BUY conf=0.55 \"Stoch K=27.8 crossed above D=23.7 in oversold zone\"","timestamp":"2026-06-22T12:41:48.568Z"}
{"level":"debug","message":"[AGG] ICP/USDC: votes BUY=1.00 SELL=0.00 HOLD=2.00 total_weight=1.00 external=0","timestamp":"2026-06-22T12:41:48.569Z"}
{"level":"debug","message":"[AGG] ICP/USDC: decision=HOLD confidence=2.00 tie=false belowMin=false (minConf=0.55)","timestamp":"2026-06-22T12:41:48.569Z"}
{"level":"debug","message":"[AGG] APT/USDC: strategy[0]=unknown → HOLD conf=0.20 \"Price 0.6800 inside BB [0.6233–0.6967]\"","timestamp":"2026-06-22T12:41:48.579Z"}
{"level":"debug","message":"[AGG] APT/USDC: strategy[1]=unknown → HOLD conf=0.20 \"Stoch K=65.3 D=48.5 — no crossover in extreme zone\"","timestamp":"2026-06-22T12:41:48.580Z"}
{"level":"debug","message":"[AGG] APT/USDC: strategy[2]=unknown → HOLD conf=0.20 \"MFI 58.5 neutral\"","timestamp":"2026-06-22T12:41:48.580Z"}
{"level":"debug","message":"[AGG] APT/USDC: votes BUY=0.00 SELL=0.00 HOLD=3.00 total_weight=0.00 external=0","timestamp":"2026-06-22T12:41:48.580Z"}
{"level":"debug","message":"[AGG] APT/USDC: decision=HOLD confidence=0.00 tie=false belowMin=true (minConf=0.55)","timestamp":"2026-06-22T12:41:48.580Z"}
{"level":"debug","message":"[AGG] ARB/USDC: strategy[0]=unknown → HOLD conf=0.20 \"RSI 51.4 neutral\"","timestamp":"2026-06-22T12:41:48.591Z"}
{"level":"debug","message":"[AGG] ARB/USDC: strategy[1]=unknown → HOLD conf=0.20 \"%R -43.7 neutral\"","timestamp":"2026-06-22T12:41:48.591Z"}
{"level":"debug","message":"[AGG] ARB/USDC: strategy[2]=unknown → HOLD conf=0.20 \"HA flipped but prior streak too short (1 < 3)\"","timestamp":"2026-06-22T12:41:48.591Z"}
{"level":"debug","message":"[AGG] ARB/USDC: votes BUY=0.00 SELL=0.00 HOLD=3.00 total_weight=0.00 external=0","timestamp":"2026-06-22T12:41:48.591Z"}
{"level":"debug","message":"[AGG] ARB/USDC: decision=HOLD confidence=0.00 tie=false belowMin=true (minConf=0.55)","timestamp":"2026-06-22T12:41:48.591Z"}
{"level":"debug","message":"[AGG] JUP/USDC: strategy[0]=unknown → HOLD conf=0.20 \"Price 0.2124 inside BB [0.1622–0.2217]\"","timestamp":"2026-06-22T12:41:48.600Z"}
{"level":"debug","message":"[AGG] JUP/USDC: strategy[1]=unknown → SELL conf=0.70 \"CCI 124.5 overbought ↓ reversal confirmed\"","timestamp":"2026-06-22T12:41:48.600Z"}
{"level":"debug","message":"[AGG] JUP/USDC: strategy[2]=unknown → HOLD conf=0.20 \"OBV above EMA-20 — no cross\"","timestamp":"2026-06-22T12:41:48.600Z"}
{"level":"debug","message":"[AGG] JUP/USDC: votes BUY=0.00 SELL=1.00 HOLD=2.00 total_weight=1.00 external=0","timestamp":"2026-06-22T12:41:48.600Z"}
{"level":"debug","message":"[AGG] JUP/USDC: decision=HOLD confidence=2.00 tie=false belowMin=false (minConf=0.55)","timestamp":"2026-06-22T12:41:48.600Z"}
{"level":"info","message":"Initial signals seeded for 37/37 symbols from cached candles","timestamp":"2026-06-22T12:41:48.601Z"}
{"level":"debug","message":"[CYCLE] ATR sizing: medianATRPct=3.73% (37 symbols)","timestamp":"2026-06-22T12:41:48.615Z"}
{"level":"debug","message":"[CYCLE] BTC macro: bull=false EMA200","timestamp":"2026-06-22T12:41:48.616Z"}
{"level":"warn","message":"Macro filter: BTC BELOW EMA200 — new positions reduced to 50%","timestamp":"2026-06-22T12:41:48.616Z"}
{"level":"debug","message":"[CYCLE] BTC/USDC: starting cycle, candles=1473 lastClose=65065.78000000 lastTs=2026-06-22T12:00:00.000Z","timestamp":"2026-06-22T12:41:48.890Z"}
{"level":"debug","message":"[AGG] BTC/USDC: strategy[0]=unknown → HOLD conf=0.20 \"No EMA crossover (fast 64140.8994 vs slow 64522.6812)\"","timestamp":"2026-06-22T12:41:48.891Z"}
{"level":"debug","message":"[AGG] BTC/USDC: strategy[1]=unknown → HOLD conf=0.10 \"PSAR downtrend continues (SAR 65352.1574)\"","timestamp":"2026-06-22T12:41:48.892Z"}
{"level":"debug","message":"[AGG] BTC/USDC: strategy[2]=unknown → SELL conf=0.62 \"HA flipped bearish ↓ after 4-bar bull streak\"","timestamp":"2026-06-22T12:41:48.892Z"}
{"level":"debug","message":"[AGG] BTC/USDC: votes BUY=0.00 SELL=1.00 HOLD=2.00 total_weight=1.00 external=0","timestamp":"2026-06-22T12:41:48.892Z"}
{"level":"debug","message":"[AGG] BTC/USDC: decision=HOLD confidence=2.00 tie=false belowMin=false (minConf=0.55)","timestamp":"2026-06-22T12:41:48.892Z"}
{"level":"debug","message":"[CYCLE] XRP/USDC: starting cycle, candles=1473 lastClose=1.15030000 lastTs=2026-06-22T12:00:00.000Z","timestamp":"2026-06-22T12:41:48.911Z"}
{"level":"debug","message":"[AGG] XRP/USDC: strategy[0]=unknown → HOLD conf=0.20 \"Price 1.1470 inside BB [1.0963–1.2398]\"","timestamp":"2026-06-22T12:41:48.920Z"}
{"level":"debug","message":"[AGG] XRP/USDC: strategy[1]=unknown → BUY conf=0.62 \"Stoch K=16.4 crossed above D=14.8 in oversold zone\"","timestamp":"2026-06-22T12:41:48.920Z"}
{"level":"debug","message":"[AGG] XRP/USDC: strategy[2]=unknown → HOLD conf=0.20 \"No EMA crossover (fast 1.1540 vs slow 1.1657)\"","timestamp":"2026-06-22T12:41:48.920Z"}
{"level":"debug","message":"[AGG] XRP/USDC: votes BUY=1.00 SELL=0.00 HOLD=2.00 total_weight=1.00 external=0","timestamp":"2026-06-22T12:41:48.920Z"}
{"level":"debug","message":"[AGG] XRP/USDC: decision=HOLD confidence=2.00 tie=false belowMin=false (minConf=0.55)","timestamp":"2026-06-22T12:41:48.920Z"}
{"level":"debug","message":"[CYCLE] LINK/USDC: starting cycle, candles=1473 lastClose=8.10000000 lastTs=2026-06-22T12:00:00.000Z","timestamp":"2026-06-22T12:41:48.933Z"}
{"level":"debug","message":"[AGG] LINK/USDC: strategy[0]=unknown → HOLD conf=0.20 \"Price 8.0800 inside BB [7.7452–8.3529]\"","timestamp":"2026-06-22T12:41:48.939Z"}
{"level":"debug","message":"[AGG] LINK/USDC: strategy[1]=unknown → HOLD conf=0.20 \"Stoch K=37.9 D=26.1 — no crossover in extreme zone\"","timestamp":"2026-06-22T12:41:48.939Z"}
{"level":"debug","message":"[AGG] LINK/USDC: strategy[2]=unknown → HOLD conf=0.10 \"Supertrend downtrend continues (ST 8.4740)\"","timestamp":"2026-06-22T12:41:48.939Z"}
{"level":"debug","message":"[AGG] LINK/USDC: votes BUY=0.00 SELL=0.00 HOLD=3.00 total_weight=0.00 external=0","timestamp":"2026-06-22T12:41:48.939Z"}
{"level":"debug","message":"[AGG] LINK/USDC: decision=HOLD confidence=0.00 tie=false belowMin=true (minConf=0.7)","timestamp":"2026-06-22T12:41:48.940Z"}
{"level":"debug","message":"[CYCLE] BNB/USDC: starting cycle, candles=1473 lastClose=599.31000000 lastTs=2026-06-22T12:00:00.000Z","timestamp":"2026-06-22T12:41:48.947Z"}
{"level":"debug","message":"[AGG] BNB/USDC: strategy[0]=unknown → HOLD conf=0.20 \"%R -57.6 neutral\"","timestamp":"2026-06-22T12:41:48.950Z"}
{"level":"debug","message":"[AGG] BNB/USDC: strategy[1]=unknown → HOLD conf=0.15 \"HA bullish continuation\"","timestamp":"2026-06-22T12:41:48.951Z"}
{"level":"debug","message":"[AGG] BNB/USDC: strategy[2]=unknown → SELL conf=0.62 \"Resistance 597.8000 (2×)\"","timestamp":"2026-06-22T12:41:48.951Z"}
{"level":"debug","message":"[AGG] BNB/USDC: votes BUY=0.00 SELL=1.00 HOLD=2.00 total_weight=1.00 external=0","timestamp":"2026-06-22T12:41:48.951Z"}
{"level":"debug","message":"[AGG] BNB/USDC: decision=HOLD confidence=2.00 tie=false belowMin=false (minConf=0.55)","timestamp":"2026-06-22T12:41:48.951Z"}
{"level":"debug","message":"[CYCLE] LTC/USDC: starting cycle, candles=1473 lastClose=45.45000000 lastTs=2026-06-22T12:00:00.000Z","timestamp":"2026-06-22T12:41:48.971Z"}
{"level":"debug","message":"[AGG] LTC/USDC: strategy[0]=unknown → HOLD conf=0.20 \"Price 45.2300 inside BB [43.0487–46.2013]\"","timestamp":"2026-06-22T12:41:48.985Z"}
{"level":"debug","message":"[AGG] LTC/USDC: strategy[1]=unknown → HOLD conf=0.20 \"No EMA crossover (fast 44.6240 vs slow 44.7495)\"","timestamp":"2026-06-22T12:41:48.985Z"}
{"level":"debug","message":"[AGG] LTC/USDC: strategy[2]=unknown → HOLD conf=0.20 \"%R -32.6 neutral\"","timestamp":"2026-06-22T12:41:48.985Z"}
{"level":"debug","message":"[AGG] LTC/USDC: votes BUY=0.00 SELL=0.00 HOLD=3.00 total_weight=0.00 external=0","timestamp":"2026-06-22T12:41:48.985Z"}
{"level":"debug","message":"[AGG] LTC/USDC: decision=HOLD confidence=0.00 tie=false belowMin=true (minConf=0.55)","timestamp":"2026-06-22T12:41:48.985Z"}
{"level":"debug","message":"[CYCLE] NEAR/USDC: starting cycle, candles=1473 lastClose=2.18000000 lastTs=2026-06-22T12:00:00.000Z","timestamp":"2026-06-22T12:41:48.989Z"}
{"level":"debug","message":"[AGG] NEAR/USDC: strategy[0]=unknown → HOLD conf=0.20 \"RSI 48.3 neutral\"","timestamp":"2026-06-22T12:41:48.996Z"}
{"level":"debug","message":"[AGG] NEAR/USDC: strategy[1]=unknown → HOLD conf=0.20 \"Price 2.1650 inside BB [1.9706–2.4523]\"","timestamp":"2026-06-22T12:41:48.996Z"}
{"level":"debug","message":"[AGG] NEAR/USDC: strategy[2]=unknown → HOLD conf=0.20 \"Stoch K=16.9 D=23.9 — no crossover in extreme zone\"","timestamp":"2026-06-22T12:41:48.996Z"}
{"level":"debug","message":"[AGG] NEAR/USDC: strategy[3]=unknown → HOLD conf=0.10 \"No significant S/R zone nearby\"","timestamp":"2026-06-22T12:41:48.997Z"}
{"level":"debug","message":"[AGG] NEAR/USDC: votes BUY=0.00 SELL=0.00 HOLD=4.00 total_weight=0.00 external=0","timestamp":"2026-06-22T12:41:48.997Z"}
{"level":"debug","message":"[AGG] NEAR/USDC: decision=HOLD confidence=0.00 tie=false belowMin=true (minConf=0.7)","timestamp":"2026-06-22T12:41:48.997Z"}
{"level":"debug","message":"[CYCLE] TRX/USDC: starting cycle, candles=1314 lastClose=0.33140000 lastTs=2026-06-22T12:00:00.000Z","timestamp":"2026-06-22T12:41:49.009Z"}
{"level":"debug","message":"[AGG] TRX/USDC: strategy[0]=unknown → HOLD conf=0.90 \"CCI 199.2 overbought — still rising, wait\"","timestamp":"2026-06-22T12:41:49.022Z"}
{"level":"debug","message":"[AGG] TRX/USDC: strategy[1]=unknown → HOLD conf=0.20 \"Stoch K=97.4 D=96.8 — no crossover in extreme zone\"","timestamp":"2026-06-22T12:41:49.022Z"}
{"level":"debug","message":"[AGG] TRX/USDC: strategy[2]=unknown → HOLD conf=0.20 \"StochRSI K=100.0 D=100.0 — no extreme crossover\"","timestamp":"2026-06-22T12:41:49.022Z"}
{"level":"debug","message":"[AGG] TRX/USDC: votes BUY=0.00 SELL=0.00 HOLD=3.00 total_weight=0.00 external=0","timestamp":"2026-06-22T12:41:49.022Z"}
{"level":"debug","message":"[AGG] TRX/USDC: decision=HOLD confidence=0.00 tie=false belowMin=true (minConf=0.7)","timestamp":"2026-06-22T12:41:49.022Z"}
{"level":"debug","message":"[CYCLE] BCH/USDC: starting cycle, candles=1473 lastClose=202.40000000 lastTs=2026-06-22T12:00:00.000Z","timestamp":"2026-06-22T12:41:49.026Z"}
{"level":"debug","message":"[AGG] BCH/USDC: strategy[0]=unknown → HOLD conf=0.20 \"Price 201.0000 inside BB [188.8657–224.9543]\"","timestamp":"2026-06-22T12:41:49.032Z"}
{"level":"debug","message":"[AGG] BCH/USDC: strategy[1]=unknown → HOLD conf=0.20 \"OBV below EMA-20 — no cross\"","timestamp":"2026-06-22T12:41:49.032Z"}
{"level":"debug","message":"[AGG] BCH/USDC: strategy[2]=unknown → HOLD conf=0.20 \"%R -78.3 neutral\"","timestamp":"2026-06-22T12:41:49.032Z"}
{"level":"debug","message":"[AGG] BCH/USDC: votes BUY=0.00 SELL=0.00 HOLD=3.00 total_weight=0.00 external=0","timestamp":"2026-06-22T12:41:49.032Z"}
{"level":"debug","message":"[AGG] BCH/USDC: decision=HOLD confidence=0.00 tie=false belowMin=true (minConf=0.55)","timestamp":"2026-06-22T12:41:49.032Z"}
{"level":"debug","message":"[CYCLE] ACH/USDC: starting cycle, candles=854 lastClose=0.00517000 lastTs=2026-06-22T12:00:00.000Z","timestamp":"2026-06-22T12:41:49.050Z"}
{"level":"debug","message":"[AGG] ACH/USDC: strategy[0]=unknown → HOLD conf=0.20 \"RSI 40.3 neutral\"","timestamp":"2026-06-22T12:41:49.054Z"}
{"level":"debug","message":"[AGG] ACH/USDC: strategy[1]=unknown → HOLD conf=0.20 \"Price 0.0051 inside BB [0.0049–0.0057]\"","timestamp":"2026-06-22T12:41:49.054Z"}
{"level":"debug","message":"[AGG] ACH/USDC: strategy[2]=unknown → HOLD conf=0.20 \"CCI -80.1 neutral\"","timestamp":"2026-06-22T12:41:49.054Z"}
{"level":"debug","message":"[AGG] ACH/USDC: votes BUY=0.00 SELL=0.00 HOLD=3.00 total_weight=0.00 external=0","timestamp":"2026-06-22T12:41:49.054Z"}
{"level":"debug","message":"[AGG] ACH/USDC: decision=HOLD confidence=0.00 tie=false belowMin=true (minConf=0.7)","timestamp":"2026-06-22T12:41:49.054Z"}
{"level":"debug","message":"[CYCLE] CRV/USDC: starting cycle, candles=1473 lastClose=0.21320000 lastTs=2026-06-22T12:00:00.000Z","timestamp":"2026-06-22T12:41:49.069Z"}
{"level":"debug","message":"[AGG] CRV/USDC: strategy[0]=unknown → HOLD conf=0.10 \"ADX 21.6 < 25 — ranging, skip\"","timestamp":"2026-06-22T12:41:49.075Z"}
{"level":"debug","message":"[AGG] CRV/USDC: strategy[1]=unknown → BUY conf=0.79 \"StochRSI K=8.0 crossed above D=4.9 in oversold ↑\"","timestamp":"2026-06-22T12:41:49.075Z"}
{"level":"debug","message":"[AGG] CRV/USDC: strategy[2]=unknown → HOLD conf=0.10 \"No significant S/R zone nearby\"","timestamp":"2026-06-22T12:41:49.075Z"}
{"level":"debug","message":"[AGG] CRV/USDC: votes BUY=1.00 SELL=0.00 HOLD=2.00 total_weight=1.00 external=0","timestamp":"2026-06-22T12:41:49.075Z"}
{"level":"debug","message":"[AGG] CRV/USDC: decision=HOLD confidence=2.00 tie=false belowMin=false (minConf=0.55)","timestamp":"2026-06-22T12:41:49.075Z"}
{"level":"debug","message":"[CYCLE] ENS/USDC: starting cycle, candles=1473 lastClose=4.78000000 lastTs=2026-06-22T12:00:00.000Z","timestamp":"2026-06-22T12:41:49.089Z"}
{"level":"debug","message":"[AGG] ENS/USDC: strategy[0]=unknown → HOLD conf=0.20 \"Price 4.7100 inside BB [4.5886–5.5854]\"","timestamp":"2026-06-22T12:41:49.094Z"}
{"level":"debug","message":"[AGG] ENS/USDC: strategy[1]=unknown → HOLD conf=0.10 \"PSAR downtrend continues (SAR 5.3516)\"","timestamp":"2026-06-22T12:41:49.094Z"}
{"level":"debug","message":"[AGG] ENS/USDC: strategy[2]=unknown → HOLD conf=0.10 \"No significant S/R zone nearby\"","timestamp":"2026-06-22T12:41:49.095Z"}
{"level":"debug","message":"[AGG] ENS/USDC: votes BUY=0.00 SELL=0.00 HOLD=3.00 total_weight=0.00 external=0","timestamp":"2026-06-22T12:41:49.095Z"}
{"level":"debug","message":"[AGG] ENS/USDC: decision=HOLD confidence=0.00 tie=false belowMin=true (minConf=0.55)","timestamp":"2026-06-22T12:41:49.095Z"}
{"level":"debug","message":"[CYCLE] GMX/USDC: starting cycle, candles=924 lastClose=5.94000000 lastTs=2026-06-22T12:00:00.000Z","timestamp":"2026-06-22T12:41:49.107Z"}
{"level":"debug","message":"[AGG] GMX/USDC: strategy[0]=unknown → HOLD conf=0.20 \"RSI 53.0 neutral\"","timestamp":"2026-06-22T12:41:49.120Z"}
{"level":"debug","message":"[AGG] GMX/USDC: strategy[1]=unknown → HOLD conf=0.20 \"Price 5.9400 inside BB [5.4576–6.1844]\"","timestamp":"2026-06-22T12:41:49.120Z"}
{"level":"debug","message":"[AGG] GMX/USDC: strategy[2]=unknown → HOLD conf=0.20 \"CCI 43.1 neutral\"","timestamp":"2026-06-22T12:41:49.120Z"}
{"level":"debug","message":"[AGG] GMX/USDC: votes BUY=0.00 SELL=0.00 HOLD=3.00 total_weight=0.00 external=0","timestamp":"2026-06-22T12:41:49.120Z"}
{"level":"debug","message":"[AGG] GMX/USDC: decision=HOLD confidence=0.00 tie=false belowMin=true (minConf=0.7)","timestamp":"2026-06-22T12:41:49.120Z"}
{"level":"debug","message":"[CYCLE] JTO/USDC: starting cycle, candles=1473 lastClose=0.64500000 lastTs=2026-06-22T12:00:00.000Z","timestamp":"2026-06-22T12:41:49.132Z"}
{"level":"debug","message":"[AGG] JTO/USDC: strategy[0]=unknown → HOLD conf=0.20 \"CCI -23.8 neutral\"","timestamp":"2026-06-22T12:41:49.139Z"}
{"level":"debug","message":"[AGG] JTO/USDC: strategy[1]=unknown → HOLD conf=0.10 \"PSAR downtrend continues (SAR 0.8593)\"","timestamp":"2026-06-22T12:41:49.140Z"}
{"level":"debug","message":"[AGG] JTO/USDC: strategy[2]=unknown → HOLD conf=0.10 \"No significant S/R zone nearby\"","timestamp":"2026-06-22T12:41:49.140Z"}
{"level":"debug","message":"[AGG] JTO/USDC: votes BUY=0.00 SELL=0.00 HOLD=3.00 total_weight=0.00 external=0","timestamp":"2026-06-22T12:41:49.140Z"}
{"level":"debug","message":"[AGG] JTO/USDC: decision=HOLD confidence=0.00 tie=false belowMin=true (minConf=0.55)","timestamp":"2026-06-22T12:41:49.140Z"}
{"level":"debug","message":"[CYCLE] LDO/USDC: starting cycle, candles=1473 lastClose=0.27980000 lastTs=2026-06-22T12:00:00.000Z","timestamp":"2026-06-22T12:41:49.155Z"}
{"level":"debug","message":"[AGG] LDO/USDC: strategy[0]=unknown → HOLD conf=0.20 \"MACD -0.0002 vs signal -0.0018 hist:0.0016\"","timestamp":"2026-06-22T12:41:49.160Z"}
{"level":"debug","message":"[AGG] LDO/USDC: strategy[1]=unknown → HOLD conf=0.10 \"ADX 20.9 < 25 — ranging, skip\"","timestamp":"2026-06-22T12:41:49.161Z"}
{"level":"debug","message":"[AGG] LDO/USDC: strategy[2]=unknown → HOLD conf=0.20 \"%R -61.0 neutral\"","timestamp":"2026-06-22T12:41:49.161Z"}
{"level":"debug","message":"[AGG] LDO/USDC: votes BUY=0.00 SELL=0.00 HOLD=3.00 total_weight=0.00 external=0","timestamp":"2026-06-22T12:41:49.161Z"}
{"level":"debug","message":"[AGG] LDO/USDC: decision=HOLD confidence=0.00 tie=false belowMin=true (minConf=0.55)","timestamp":"2026-06-22T12:41:49.161Z"}
{"level":"debug","message":"[CYCLE] LSK/USDC: starting cycle, candles=413 lastClose=0.09200000 lastTs=2026-06-12T00:00:00.000Z","timestamp":"2026-06-22T12:41:49.183Z"}
{"level":"debug","message":"[AGG] LSK/USDC: strategy[0]=unknown → BUY conf=0.55 \"MACD crossed above signal hist:0.0001\"","timestamp":"2026-06-22T12:41:49.185Z"}
{"level":"debug","message":"[AGG] LSK/USDC: strategy[1]=unknown → HOLD conf=0.20 \"MFI 58.7 neutral\"","timestamp":"2026-06-22T12:41:49.185Z"}
{"level":"debug","message":"[AGG] LSK/USDC: strategy[2]=unknown → HOLD conf=0.10 \"PSAR downtrend continues (SAR 0.0960)\"","timestamp":"2026-06-22T12:41:49.185Z"}
{"level":"debug","message":"[AGG] LSK/USDC: votes BUY=1.00 SELL=0.00 HOLD=2.00 total_weight=1.00 external=0","timestamp":"2026-06-22T12:41:49.185Z"}
{"level":"debug","message":"[AGG] LSK/USDC: decision=HOLD confidence=2.00 tie=false belowMin=false (minConf=0.55)","timestamp":"2026-06-22T12:41:49.185Z"}
{"level":"debug","message":"[CYCLE] MANTA/USDC: starting cycle, candles=1473 lastClose=0.07925000 lastTs=2026-06-22T12:00:00.000Z","timestamp":"2026-06-22T12:41:49.194Z"}
{"level":"debug","message":"[AGG] MANTA/USDC: strategy[0]=unknown → HOLD conf=0.20 \"RSI 48.7 neutral\"","timestamp":"2026-06-22T12:41:49.206Z"}
{"level":"debug","message":"[AGG] MANTA/USDC: strategy[1]=unknown → HOLD conf=0.20 \"Price 0.0799 inside BB [0.0787–0.0833]\"","timestamp":"2026-06-22T12:41:49.207Z"}
{"level":"debug","message":"[AGG] MANTA/USDC: strategy[2]=unknown → HOLD conf=0.20 \"CCI -77.7 neutral\"","timestamp":"2026-06-22T12:41:49.207Z"}
{"level":"debug","message":"[AGG] MANTA/USDC: votes BUY=0.00 SELL=0.00 HOLD=3.00 total_weight=0.00 external=0","timestamp":"2026-06-22T12:41:49.207Z"}
{"level":"debug","message":"[AGG] MANTA/USDC: decision=HOLD confidence=0.00 tie=false belowMin=true (minConf=0.7)","timestamp":"2026-06-22T12:41:49.207Z"}
{"level":"debug","message":"[CYCLE] PAXG/USDC: starting cycle, candles=868 lastClose=4196.31000000 lastTs=2026-06-22T12:00:00.000Z","timestamp":"2026-06-22T12:41:49.213Z"}
{"level":"debug","message":"[AGG] PAXG/USDC: strategy[0]=unknown → HOLD conf=0.20 \"MACD -40.3398 vs signal -39.4025 hist:-0.9374\"","timestamp":"2026-06-22T12:41:49.216Z"}
{"level":"debug","message":"[AGG] PAXG/USDC: strategy[1]=unknown → SELL conf=0.58 \"ADX 26.5 downtrend (-DI 27.0 > +DI 19.7)\"","timestamp":"2026-06-22T12:41:49.217Z"}
{"level":"debug","message":"[AGG] PAXG/USDC: strategy[2]=unknown → HOLD conf=0.10 \"Supertrend downtrend continues (ST 4299.0234)\"","timestamp":"2026-06-22T12:41:49.217Z"}
{"level":"debug","message":"[AGG] PAXG/USDC: votes BUY=0.00 SELL=1.00 HOLD=2.00 total_weight=1.00 external=0","timestamp":"2026-06-22T12:41:49.217Z"}
{"level":"debug","message":"[AGG] PAXG/USDC: decision=HOLD confidence=2.00 tie=false belowMin=false (minConf=0.55)","timestamp":"2026-06-22T12:41:49.217Z"}
{"level":"debug","message":"[CYCLE] PIXEL/USDC: starting cycle, candles=1473 lastClose=0.00548000 lastTs=2026-06-22T12:00:00.000Z","timestamp":"2026-06-22T12:41:49.249Z"}
{"level":"debug","message":"[AGG] PIXEL/USDC: strategy[0]=unknown → HOLD conf=0.20 \"No EMA crossover (fast 0.0054 vs slow 0.0055)\"","timestamp":"2026-06-22T12:41:49.253Z"}
{"level":"debug","message":"[AGG] PIXEL/USDC: strategy[1]=unknown → BUY conf=0.48 \"ADX 22.4 uptrend (+DI 23.8 > -DI 22.6)\"","timestamp":"2026-06-22T12:41:49.253Z"}
{"level":"debug","message":"[AGG] PIXEL/USDC: strategy[2]=unknown → HOLD conf=0.10 \"No significant S/R zone nearby\"","timestamp":"2026-06-22T12:41:49.253Z"}
{"level":"debug","message":"[AGG] PIXEL/USDC: votes BUY=1.00 SELL=0.00 HOLD=2.00 total_weight=1.00 external=0","timestamp":"2026-06-22T12:41:49.253Z"}
{"level":"debug","message":"[AGG] PIXEL/USDC: decision=HOLD confidence=2.00 tie=false belowMin=false (minConf=0.55)","timestamp":"2026-06-22T12:41:49.254Z"}
{"level":"debug","message":"[CYCLE] SUI/USDC: starting cycle, candles=1473 lastClose=0.73460000 lastTs=2026-06-22T12:00:00.000Z","timestamp":"2026-06-22T12:41:49.257Z"}
{"level":"debug","message":"[AGG] SUI/USDC: strategy[0]=unknown → HOLD conf=0.20 \"RSI 44.5 neutral\"","timestamp":"2026-06-22T12:41:49.267Z"}
{"level":"debug","message":"[AGG] SUI/USDC: strategy[1]=unknown → HOLD conf=0.20 \"Stoch K=33.3 D=15.7 — no crossover in extreme zone\"","timestamp":"2026-06-22T12:41:49.267Z"}
{"level":"debug","message":"[AGG] SUI/USDC: strategy[2]=unknown → HOLD conf=0.51 \"MFI 19.5 oversold — still falling, wait\"","timestamp":"2026-06-22T12:41:49.267Z"}
{"level":"debug","message":"[AGG] SUI/USDC: votes BUY=0.00 SELL=0.00 HOLD=3.00 total_weight=0.00 external=0","timestamp":"2026-06-22T12:41:49.267Z"}
{"level":"debug","message":"[AGG] SUI/USDC: decision=HOLD confidence=0.00 tie=false belowMin=true (minConf=0.7)","timestamp":"2026-06-22T12:41:49.267Z"}
{"level":"debug","message":"[CYCLE] THETA/USDC: starting cycle, candles=892 lastClose=0.15670000 lastTs=2026-06-22T12:00:00.000Z","timestamp":"2026-06-22T12:41:49.274Z"}
{"level":"debug","message":"[AGG] THETA/USDC: strategy[0]=unknown → HOLD conf=0.20 \"RSI 43.6 neutral\"","timestamp":"2026-06-22T12:41:49.277Z"}
{"level":"debug","message":"[AGG] THETA/USDC: strategy[1]=unknown → HOLD conf=0.20 \"CCI -81.2 neutral\"","timestamp":"2026-06-22T12:41:49.277Z"}
{"level":"debug","message":"[AGG] THETA/USDC: strategy[2]=unknown → SELL conf=0.55 \"OBV crossed below EMA-20 — volume sellers in control\"","timestamp":"2026-06-22T12:41:49.278Z"}
{"level":"debug","message":"[AGG] THETA/USDC: votes BUY=0.00 SELL=1.00 HOLD=2.00 total_weight=1.00 external=0","timestamp":"2026-06-22T12:41:49.278Z"}
{"level":"debug","message":"[AGG] THETA/USDC: decision=HOLD confidence=2.00 tie=false belowMin=false (minConf=0.55)","timestamp":"2026-06-22T12:41:49.278Z"}
{"level":"debug","message":"[CYCLE] TIA/USDC: starting cycle, candles=1473 lastClose=0.39670000 lastTs=2026-06-22T12:00:00.000Z","timestamp":"2026-06-22T12:41:49.287Z"}
{"level":"debug","message":"[AGG] TIA/USDC: strategy[0]=unknown → HOLD conf=0.20 \"CCI 55.8 neutral\"","timestamp":"2026-06-22T12:41:49.306Z"}
{"level":"debug","message":"[AGG] TIA/USDC: strategy[1]=unknown → BUY conf=0.85 \"MACD crossed above signal (above zero) ↑ hist:0.0007\"","timestamp":"2026-06-22T12:41:49.306Z"}
{"level":"debug","message":"[AGG] TIA/USDC: strategy[2]=unknown → BUY conf=0.73 \"HA flipped bullish ↑ after 8-bar bear streak\"","timestamp":"2026-06-22T12:41:49.306Z"}
{"level":"debug","message":"[AGG] TIA/USDC: votes BUY=2.00 SELL=0.00 HOLD=1.00 total_weight=2.00 external=0","timestamp":"2026-06-22T12:41:49.306Z"}
{"level":"debug","message":"[AGG] TIA/USDC: decision=BUY confidence=1.00 tie=false","timestamp":"2026-06-22T12:41:49.306Z"}
{"level":"debug","message":"[CYCLE] VANRY/USDC: starting cycle, candles=920 lastClose=0.00348600 lastTs=2026-06-22T12:00:00.000Z","timestamp":"2026-06-22T12:41:49.314Z"}
{"level":"debug","message":"[AGG] VANRY/USDC: strategy[0]=unknown → HOLD conf=0.20 \"No EMA crossover (fast 0.0035 vs slow 0.0035)\"","timestamp":"2026-06-22T12:41:49.317Z"}
{"level":"debug","message":"[AGG] VANRY/USDC: strategy[1]=unknown → HOLD conf=0.20 \"MACD -0.0001 vs signal -0.0001 hist:0.0000\"","timestamp":"2026-06-22T12:41:49.317Z"}
{"level":"debug","message":"[AGG] VANRY/USDC: strategy[2]=unknown → BUY conf=0.65 \"ADX 32.0 uptrend (+DI 25.4 > -DI 16.2)\"","timestamp":"2026-06-22T12:41:49.317Z"}
{"level":"debug","message":"[AGG] VANRY/USDC: votes BUY=1.00 SELL=0.00 HOLD=2.00 total_weight=1.00 external=0","timestamp":"2026-06-22T12:41:49.317Z"}
{"level":"debug","message":"[AGG] VANRY/USDC: decision=HOLD confidence=2.00 tie=false belowMin=false (minConf=0.55)","timestamp":"2026-06-22T12:41:49.318Z"}
{"level":"debug","message":"[CYCLE] SOL/USDC: starting cycle, candles=1473 lastClose=74.42000000 lastTs=2026-06-22T12:00:00.000Z","timestamp":"2026-06-22T12:41:49.331Z"}
{"level":"debug","message":"[AGG] SOL/USDC: strategy[0]=unknown → HOLD conf=0.20 \"Price 74.1100 inside BB [66.5863–76.0487]\"","timestamp":"2026-06-22T12:41:49.340Z"}
{"level":"debug","message":"[AGG] SOL/USDC: strategy[1]=unknown → HOLD conf=0.20 \"%R -23.8 neutral\"","timestamp":"2026-06-22T12:41:49.340Z"}
{"level":"debug","message":"[AGG] SOL/USDC: strategy[2]=unknown → HOLD conf=0.20 \"StochRSI K=82.7 D=79.5 — no extreme crossover\"","timestamp":"2026-06-22T12:41:49.340Z"}
{"level":"debug","message":"[AGG] SOL/USDC: votes BUY=0.00 SELL=0.00 HOLD=3.00 total_weight=0.00 external=0","timestamp":"2026-06-22T12:41:49.340Z"}
{"level":"debug","message":"[AGG] SOL/USDC: decision=HOLD confidence=0.00 tie=false belowMin=true (minConf=0.55)","timestamp":"2026-06-22T12:41:49.340Z"}
{"level":"debug","message":"[CYCLE] ADA/USDC: starting cycle, candles=1473 lastClose=0.16190000 lastTs=2026-06-22T12:00:00.000Z","timestamp":"2026-06-22T12:41:49.355Z"}
{"level":"debug","message":"[AGG] ADA/USDC: strategy[0]=unknown → HOLD conf=0.20 \"RSI 37.1 neutral\"","timestamp":"2026-06-22T12:41:49.363Z"}
{"level":"debug","message":"[AGG] ADA/USDC: strategy[1]=unknown → HOLD conf=0.20 \"Price 0.1616 inside BB [0.1540–0.1838]\"","timestamp":"2026-06-22T12:41:49.363Z"}
{"level":"debug","message":"[AGG] ADA/USDC: strategy[2]=unknown → HOLD conf=0.20 \"CCI -93.2 neutral\"","timestamp":"2026-06-22T12:41:49.364Z"}
{"level":"debug","message":"[AGG] ADA/USDC: votes BUY=0.00 SELL=0.00 HOLD=3.00 total_weight=0.00 external=0","timestamp":"2026-06-22T12:41:49.364Z"}
{"level":"debug","message":"[AGG] ADA/USDC: decision=HOLD confidence=0.00 tie=false belowMin=true (minConf=0.55)","timestamp":"2026-06-22T12:41:49.364Z"}
{"level":"debug","message":"[CYCLE] AVAX/USDC: starting cycle, candles=1473 lastClose=6.37200000 lastTs=2026-06-22T12:00:00.000Z","timestamp":"2026-06-22T12:41:49.388Z"}
{"level":"debug","message":"[AGG] AVAX/USDC: strategy[0]=unknown → HOLD conf=0.20 \"RSI 40.8 neutral\"","timestamp":"2026-06-22T12:41:49.391Z"}
{"level":"debug","message":"[AGG] AVAX/USDC: strategy[1]=unknown → HOLD conf=0.20 \"MACD -0.2584 vs signal -0.2813 hist:0.0229\"","timestamp":"2026-06-22T12:41:49.392Z"}
{"level":"debug","message":"[AGG] AVAX/USDC: strategy[2]=unknown → HOLD conf=0.10 \"PSAR downtrend continues (SAR 6.5285)\"","timestamp":"2026-06-22T12:41:49.392Z"}
{"level":"debug","message":"[AGG] AVAX/USDC: votes BUY=0.00 SELL=0.00 HOLD=3.00 total_weight=0.00 external=0","timestamp":"2026-06-22T12:41:49.392Z"}
{"level":"debug","message":"[AGG] AVAX/USDC: decision=HOLD confidence=0.00 tie=false belowMin=true (minConf=0.55)","timestamp":"2026-06-22T12:41:49.392Z"}
{"level":"debug","message":"[CYCLE] DOGE/USDC: starting cycle, candles=1473 lastClose=0.08440000 lastTs=2026-06-22T12:00:00.000Z","timestamp":"2026-06-22T12:41:49.396Z"}
{"level":"debug","message":"[AGG] DOGE/USDC: strategy[0]=unknown → HOLD conf=0.20 \"No EMA crossover (fast 0.0843 vs slow 0.0858)\"","timestamp":"2026-06-22T12:41:49.397Z"}
{"level":"debug","message":"[AGG] DOGE/USDC: strategy[1]=unknown → HOLD conf=0.10 \"PSAR downtrend continues (SAR 0.0896)\"","timestamp":"2026-06-22T12:41:49.397Z"}
{"level":"debug","message":"[AGG] DOGE/USDC: strategy[2]=unknown → HOLD conf=0.15 \"HA bearish continuation\"","timestamp":"2026-06-22T12:41:49.397Z"}
{"level":"debug","message":"[AGG] DOGE/USDC: votes BUY=0.00 SELL=0.00 HOLD=3.00 total_weight=0.00 external=0","timestamp":"2026-06-22T12:41:49.398Z"}
{"level":"debug","message":"[AGG] DOGE/USDC: decision=HOLD confidence=0.00 tie=false belowMin=true (minConf=0.55)","timestamp":"2026-06-22T12:41:49.398Z"}
{"level":"debug","message":"[CYCLE] INJ/USDC: starting cycle, candles=1473 lastClose=4.96300000 lastTs=2026-06-22T12:00:00.000Z","timestamp":"2026-06-22T12:41:49.443Z"}
{"level":"debug","message":"[AGG] INJ/USDC: strategy[0]=unknown → HOLD conf=0.10 \"ADX 14.1 < 25 — ranging, skip\"","timestamp":"2026-06-22T12:41:49.455Z"}
{"level":"debug","message":"[AGG] INJ/USDC: strategy[1]=unknown → BUY conf=0.56 \"OBV crossed above EMA-20 — volume buyers in control\"","timestamp":"2026-06-22T12:41:49.455Z"}
{"level":"debug","message":"[AGG] INJ/USDC: strategy[2]=unknown → BUY conf=0.94 \"StochRSI K=0.7 crossed above D=0.2 in oversold ↑\"","timestamp":"2026-06-22T12:41:49.455Z"}
{"level":"debug","message":"[AGG] INJ/USDC: votes BUY=2.00 SELL=0.00 HOLD=1.00 total_weight=2.00 external=0","timestamp":"2026-06-22T12:41:49.455Z"}
{"level":"debug","message":"[AGG] INJ/USDC: decision=BUY confidence=1.00 tie=false","timestamp":"2026-06-22T12:41:49.455Z"}
{"level":"debug","message":"[CYCLE] ETH/USDC: starting cycle, candles=1473 lastClose=1763.76000000 lastTs=2026-06-22T12:00:00.000Z","timestamp":"2026-06-22T12:41:49.458Z"}
{"level":"debug","message":"[AGG] ETH/USDC: strategy[0]=unknown → HOLD conf=0.10 \"Supertrend uptrend continues (ST 1631.9562)\"","timestamp":"2026-06-22T12:41:49.462Z"}
{"level":"debug","message":"[AGG] ETH/USDC: strategy[1]=unknown → HOLD conf=0.20 \"MFI 47.0 neutral\"","timestamp":"2026-06-22T12:41:49.462Z"}
{"level":"debug","message":"[AGG] ETH/USDC: strategy[2]=unknown → BUY conf=0.62 \"Support 1749.5100 (4×)\"","timestamp":"2026-06-22T12:41:49.463Z"}
{"level":"debug","message":"[AGG] ETH/USDC: votes BUY=1.00 SELL=0.00 HOLD=2.00 total_weight=1.00 external=0","timestamp":"2026-06-22T12:41:49.463Z"}
{"level":"debug","message":"[AGG] ETH/USDC: decision=HOLD confidence=2.00 tie=false belowMin=false (minConf=0.55)","timestamp":"2026-06-22T12:41:49.463Z"}
{"level":"debug","message":"[CYCLE] WLD/USDC: starting cycle, candles=1473 lastClose=0.63590000 lastTs=2026-06-22T12:00:00.000Z","timestamp":"2026-06-22T12:41:49.471Z"}
{"level":"debug","message":"[AGG] WLD/USDC: strategy[0]=unknown → HOLD conf=0.20 \"Price 0.6263 inside BB [0.4706–0.7186]\"","timestamp":"2026-06-22T12:41:49.493Z"}
{"level":"debug","message":"[AGG] WLD/USDC: strategy[1]=unknown → HOLD conf=0.20 \"CCI 47.6 neutral\"","timestamp":"2026-06-22T12:41:49.493Z"}
{"level":"debug","message":"[AGG] WLD/USDC: strategy[2]=unknown → BUY conf=0.88 \"ADX 49.7 uptrend (+DI 25.4 > -DI 7.4)\"","timestamp":"2026-06-22T12:41:49.493Z"}
{"level":"debug","message":"[AGG] WLD/USDC: votes BUY=1.00 SELL=0.00 HOLD=2.00 total_weight=1.00 external=0","timestamp":"2026-06-22T12:41:49.493Z"}
{"level":"debug","message":"[AGG] WLD/USDC: decision=HOLD confidence=2.00 tie=false belowMin=false (minConf=0.55)","timestamp":"2026-06-22T12:41:49.493Z"}
{"level":"debug","message":"[CYCLE] TON/USDC: starting cycle, candles=1340 lastClose=1.68000000 lastTs=2026-06-22T12:00:00.000Z","timestamp":"2026-06-22T12:41:49.504Z"}
{"level":"debug","message":"[AGG] TON/USDC: strategy[0]=unknown → HOLD conf=0.20 \"No EMA crossover (fast 1.6573 vs slow 1.6797)\"","timestamp":"2026-06-22T12:41:49.517Z"}
{"level":"debug","message":"[AGG] TON/USDC: strategy[1]=unknown → HOLD conf=0.20 \"OBV above EMA-20 — no cross\"","timestamp":"2026-06-22T12:41:49.517Z"}
{"level":"debug","message":"[AGG] TON/USDC: strategy[2]=unknown → HOLD conf=0.20 \"StochRSI K=72.9 D=70.3 — no extreme crossover\"","timestamp":"2026-06-22T12:41:49.517Z"}
{"level":"debug","message":"[AGG] TON/USDC: votes BUY=0.00 SELL=0.00 HOLD=3.00 total_weight=0.00 external=0","timestamp":"2026-06-22T12:41:49.518Z"}
{"level":"debug","message":"[AGG] TON/USDC: decision=HOLD confidence=0.00 tie=false belowMin=true (minConf=0.55)","timestamp":"2026-06-22T12:41:49.518Z"}
{"level":"debug","message":"[CYCLE] PEPE/USDC: starting cycle, candles=1473 lastClose=0.00000288 lastTs=2026-06-22T12:00:00.000Z","timestamp":"2026-06-22T12:41:49.522Z"}
{"level":"debug","message":"[AGG] PEPE/USDC: strategy[0]=unknown → HOLD conf=0.20 \"No EMA crossover (fast 0.0000 vs slow 0.0000)\"","timestamp":"2026-06-22T12:41:49.527Z"}
{"level":"debug","message":"[AGG] PEPE/USDC: strategy[1]=unknown → HOLD conf=0.10 \"Supertrend downtrend continues (ST 0.0000)\"","timestamp":"2026-06-22T12:41:49.527Z"}
{"level":"debug","message":"[AGG] PEPE/USDC: strategy[2]=unknown → BUY conf=0.57 \"OBV crossed above EMA-20 — volume buyers in control\"","timestamp":"2026-06-22T12:41:49.527Z"}
{"level":"debug","message":"[AGG] PEPE/USDC: votes BUY=1.00 SELL=0.00 HOLD=2.00 total_weight=1.00 external=0","timestamp":"2026-06-22T12:41:49.528Z"}
{"level":"debug","message":"[AGG] PEPE/USDC: decision=HOLD confidence=2.00 tie=false belowMin=false (minConf=0.55)","timestamp":"2026-06-22T12:41:49.528Z"}
{"level":"debug","message":"[CYCLE] RENDER/USDC: starting cycle, candles=1394 lastClose=1.71100000 lastTs=2026-06-22T12:00:00.000Z","timestamp":"2026-06-22T12:41:49.539Z"}
{"level":"debug","message":"[AGG] RENDER/USDC: strategy[0]=unknown → HOLD conf=0.20 \"No EMA crossover (fast 1.7086 vs slow 1.7277)\"","timestamp":"2026-06-22T12:41:49.546Z"}
{"level":"debug","message":"[AGG] RENDER/USDC: strategy[1]=unknown → HOLD conf=0.20 \"OBV below EMA-20 — no cross\"","timestamp":"2026-06-22T12:41:49.546Z"}
{"level":"debug","message":"[AGG] RENDER/USDC: strategy[2]=unknown → HOLD conf=0.20 \"%R -70.7 neutral\"","timestamp":"2026-06-22T12:41:49.546Z"}
{"level":"debug","message":"[AGG] RENDER/USDC: votes BUY=0.00 SELL=0.00 HOLD=3.00 total_weight=0.00 external=0","timestamp":"2026-06-22T12:41:49.546Z"}
{"level":"debug","message":"[AGG] RENDER/USDC: decision=HOLD confidence=0.00 tie=false belowMin=true (minConf=0.55)","timestamp":"2026-06-22T12:41:49.546Z"}
{"level":"debug","message":"[CYCLE] ENA/USDC: starting cycle, candles=1473 lastClose=0.09660000 lastTs=2026-06-22T12:00:00.000Z","timestamp":"2026-06-22T12:41:49.566Z"}
{"level":"debug","message":"[AGG] ENA/USDC: strategy[0]=unknown → HOLD conf=0.20 \"RSI 60.1 neutral\"","timestamp":"2026-06-22T12:41:49.588Z"}
{"level":"debug","message":"[AGG] ENA/USDC: strategy[1]=unknown → HOLD conf=0.20 \"Price 0.0963 inside BB [0.0788–0.0969]\"","timestamp":"2026-06-22T12:41:49.588Z"}
{"level":"debug","message":"[AGG] ENA/USDC: strategy[2]=unknown → HOLD conf=0.57 \"CCI 116.8 overbought — still rising, wait\"","timestamp":"2026-06-22T12:41:49.588Z"}
{"level":"debug","message":"[AGG] ENA/USDC: votes BUY=0.00 SELL=0.00 HOLD=3.00 total_weight=0.00 external=0","timestamp":"2026-06-22T12:41:49.588Z"}
{"level":"debug","message":"[AGG] ENA/USDC: decision=HOLD confidence=0.00 tie=false belowMin=true (minConf=0.55)","timestamp":"2026-06-22T12:41:49.588Z"}
{"level":"debug","message":"[CYCLE] ICP/USDC: starting cycle, candles=1473 lastClose=2.29000000 lastTs=2026-06-22T12:00:00.000Z","timestamp":"2026-06-22T12:41:49.596Z"}
{"level":"debug","message":"[AGG] ICP/USDC: strategy[0]=unknown → HOLD conf=0.20 \"RSI 44.9 neutral\"","timestamp":"2026-06-22T12:41:49.614Z"}
{"level":"debug","message":"[AGG] ICP/USDC: strategy[1]=unknown → HOLD conf=0.20 \"Price 2.2950 inside BB [2.1570–2.5590]\"","timestamp":"2026-06-22T12:41:49.614Z"}
{"level":"debug","message":"[AGG] ICP/USDC: strategy[2]=unknown → BUY conf=0.55 \"Stoch K=27.8 crossed above D=23.7 in oversold zone\"","timestamp":"2026-06-22T12:41:49.614Z"}
{"level":"debug","message":"[AGG] ICP/USDC: votes BUY=1.00 SELL=0.00 HOLD=2.00 total_weight=1.00 external=0","timestamp":"2026-06-22T12:41:49.614Z"}
{"level":"debug","message":"[AGG] ICP/USDC: decision=HOLD confidence=2.00 tie=false belowMin=false (minConf=0.55)","timestamp":"2026-06-22T12:41:49.614Z"}
{"level":"debug","message":"[CYCLE] APT/USDC: starting cycle, candles=1473 lastClose=0.68200000 lastTs=2026-06-22T12:00:00.000Z","timestamp":"2026-06-22T12:41:49.653Z"}
{"level":"debug","message":"[AGG] APT/USDC: strategy[0]=unknown → HOLD conf=0.20 \"Price 0.6800 inside BB [0.6233–0.6967]\"","timestamp":"2026-06-22T12:41:49.683Z"}
{"level":"debug","message":"[AGG] APT/USDC: strategy[1]=unknown → HOLD conf=0.20 \"Stoch K=65.3 D=48.5 — no crossover in extreme zone\"","timestamp":"2026-06-22T12:41:49.683Z"}
{"level":"debug","message":"[AGG] APT/USDC: strategy[2]=unknown → HOLD conf=0.20 \"MFI 58.5 neutral\"","timestamp":"2026-06-22T12:41:49.683Z"}
{"level":"debug","message":"[AGG] APT/USDC: votes BUY=0.00 SELL=0.00 HOLD=3.00 total_weight=0.00 external=0","timestamp":"2026-06-22T12:41:49.683Z"}
{"level":"debug","message":"[AGG] APT/USDC: decision=HOLD confidence=0.00 tie=false belowMin=true (minConf=0.55)","timestamp":"2026-06-22T12:41:49.683Z"}
{"level":"debug","message":"[CYCLE] BTC/USDC: sizing positionPct=0.2200 (base=0.15 atr=0.037267080745341644 regime=on conf=2.00 macro=bear mtf=1.0)","timestamp":"2026-06-22T12:41:49.726Z"}
{"level":"info","message":"BTC/USDC: decision=HOLD confidence=200% price=65065.78000000 external_signals=0","timestamp":"2026-06-22T12:41:49.727Z"}
{"level":"info","message":"BTC/USDC: No EMA crossover (fast 64140.8994 vs slow 64522.6812) | PSAR downtrend continues (SAR 65352.1574) | HA flipped bearish ↓ after 4-bar bull streak","timestamp":"2026-06-22T12:41:49.727Z"}
{"level":"debug","message":"[CYCLE] JUP/USDC: starting cycle, candles=1473 lastClose=0.21330000 lastTs=2026-06-22T12:00:00.000Z","timestamp":"2026-06-22T12:41:49.730Z"}
{"level":"debug","message":"[AGG] JUP/USDC: strategy[0]=unknown → HOLD conf=0.20 \"Price 0.2124 inside BB [0.1622–0.2217]\"","timestamp":"2026-06-22T12:41:49.738Z"}
{"level":"debug","message":"[AGG] JUP/USDC: strategy[1]=unknown → SELL conf=0.70 \"CCI 124.5 overbought ↓ reversal confirmed\"","timestamp":"2026-06-22T12:41:49.738Z"}
{"level":"debug","message":"[AGG] JUP/USDC: strategy[2]=unknown → HOLD conf=0.20 \"OBV above EMA-20 — no cross\"","timestamp":"2026-06-22T12:41:49.738Z"}
{"level":"debug","message":"[AGG] JUP/USDC: votes BUY=0.00 SELL=1.00 HOLD=2.00 total_weight=1.00 external=0","timestamp":"2026-06-22T12:41:49.738Z"}
{"level":"debug","message":"[AGG] JUP/USDC: decision=HOLD confidence=2.00 tie=false belowMin=false (minConf=0.55)","timestamp":"2026-06-22T12:41:49.738Z"}
{"level":"debug","message":"[CYCLE] ARB/USDC: starting cycle, candles=1473 lastClose=0.08610000 lastTs=2026-06-22T12:00:00.000Z","timestamp":"2026-06-22T12:41:49.740Z"}
{"level":"debug","message":"[AGG] ARB/USDC: strategy[0]=unknown → HOLD conf=0.20 \"RSI 51.4 neutral\"","timestamp":"2026-06-22T12:41:49.743Z"}
{"level":"debug","message":"[AGG] ARB/USDC: strategy[1]=unknown → HOLD conf=0.20 \"%R -43.7 neutral\"","timestamp":"2026-06-22T12:41:49.744Z"}
{"level":"debug","message":"[AGG] ARB/USDC: strategy[2]=unknown → HOLD conf=0.20 \"HA flipped but prior streak too short (1 < 3)\"","timestamp":"2026-06-22T12:41:49.744Z"}
{"level":"debug","message":"[AGG] ARB/USDC: votes BUY=0.00 SELL=0.00 HOLD=3.00 total_weight=0.00 external=0","timestamp":"2026-06-22T12:41:49.744Z"}
{"level":"debug","message":"[AGG] ARB/USDC: decision=HOLD confidence=0.00 tie=false belowMin=true (minConf=0.55)","timestamp":"2026-06-22T12:41:49.745Z"}
{"level":"debug","message":"[CYCLE] XRP/USDC: sizing positionPct=0.1658 (base=0.15 atr=0.037267080745341644 regime=on conf=2.00 macro=bear mtf=1.0)","timestamp":"2026-06-22T12:41:49.844Z"}
{"level":"info","message":"XRP/USDC: decision=HOLD confidence=200% price=1.15030000 external_signals=0","timestamp":"2026-06-22T12:41:49.844Z"}
{"level":"info","message":"XRP/USDC: Price 1.1470 inside BB [1.0963–1.2398] | Stoch K=16.4 crossed above D=14.8 in oversold zone | No EMA crossover (fast 1.1540 vs slow 1.1657)","timestamp":"2026-06-22T12:41:49.845Z"}
{"level":"debug","message":"[CYCLE] LINK/USDC: sizing positionPct=0.0742 (base=0.15 atr=0.037267080745341644 regime=on conf=0.00 macro=bear mtf=1.0)","timestamp":"2026-06-22T12:41:50.031Z"}
{"level":"info","message":"LINK/USDC: decision=HOLD confidence=0% price=8.10000000 external_signals=0","timestamp":"2026-06-22T12:41:50.032Z"}
{"level":"info","message":"LINK/USDC: Price 8.0800 inside BB [7.7452–8.3529] | Stoch K=37.9 D=26.1 — no crossover in extreme zone | Supertrend downtrend continues (ST 8.4740)","timestamp":"2026-06-22T12:41:50.032Z"}
{"level":"debug","message":"[CYCLE] BNB/USDC: sizing positionPct=0.1125 (base=0.15 atr=0.037267080745341644 regime=on conf=2.00 macro=bear mtf=1.0)","timestamp":"2026-06-22T12:41:50.231Z"}
{"level":"info","message":"BNB/USDC: decision=HOLD confidence=200% price=599.31000000 external_signals=0","timestamp":"2026-06-22T12:41:50.231Z"}
{"level":"info","message":"BNB/USDC: %R -57.6 neutral | HA bullish continuation | Resistance 597.8000 (2×)","timestamp":"2026-06-22T12:41:50.231Z"}
{"level":"debug","message":"[CYCLE] LTC/USDC: sizing positionPct=0.0955 (base=0.15 atr=0.037267080745341644 regime=on conf=0.00 macro=bear mtf=1.0)","timestamp":"2026-06-22T12:41:50.433Z"}
{"level":"info","message":"LTC/USDC: decision=HOLD confidence=0% price=45.45000000 external_signals=0","timestamp":"2026-06-22T12:41:50.433Z"}
{"level":"info","message":"LTC/USDC: Price 45.2300 inside BB [43.0487–46.2013] | No EMA crossover (fast 44.6240 vs slow 44.7495) | %R -32.6 neutral","timestamp":"2026-06-22T12:41:50.433Z"}
{"level":"debug","message":"[CYCLE] NEAR/USDC: sizing positionPct=0.0146 (base=0.15 atr=0.037267080745341644 regime=on conf=0.00 macro=bear mtf=1.0)","timestamp":"2026-06-22T12:41:50.631Z"}
{"level":"info","message":"NEAR/USDC: decision=HOLD confidence=0% price=2.18000000 external_signals=0","timestamp":"2026-06-22T12:41:50.632Z"}
{"level":"info","message":"NEAR/USDC: RSI 48.3 neutral | Price 2.1650 inside BB [1.9706–2.4523] | Stoch K=16.9 D=23.9 — no crossover in extreme zone | No significant S/R zone nearby","timestamp":"2026-06-22T12:41:50.632Z"}
{"level":"debug","message":"[CYCLE] TRX/USDC: sizing positionPct=0.0900 (base=0.15 atr=0.037267080745341644 regime=on conf=0.00 macro=bear mtf=1.0)","timestamp":"2026-06-22T12:41:50.833Z"}
{"level":"info","message":"TRX/USDC: decision=HOLD confidence=0% price=0.33140000 external_signals=0","timestamp":"2026-06-22T12:41:50.833Z"}
{"level":"info","message":"TRX/USDC: CCI 199.2 overbought — still rising, wait | Stoch K=97.4 D=96.8 — no crossover in extreme zone | StochRSI K=100.0 D=100.0 — no extreme crossover","timestamp":"2026-06-22T12:41:50.833Z"}
{"level":"debug","message":"[CYCLE] BCH/USDC: sizing positionPct=0.0627 (base=0.15 atr=0.037267080745341644 regime=on conf=0.00 macro=bear mtf=1.0)","timestamp":"2026-06-22T12:41:51.043Z"}
{"level":"info","message":"BCH/USDC: decision=HOLD confidence=0% price=202.40000000 external_signals=0","timestamp":"2026-06-22T12:41:51.043Z"}
{"level":"info","message":"BCH/USDC: Price 201.0000 inside BB [188.8657–224.9543] | OBV below EMA-20 — no cross | %R -78.3 neutral","timestamp":"2026-06-22T12:41:51.043Z"}
{"level":"debug","message":"[CYCLE] ACH/USDC: sizing positionPct=0.0724 (base=0.15 atr=0.037267080745341644 regime=on conf=0.00 macro=bear mtf=1.0)","timestamp":"2026-06-22T12:41:51.245Z"}
{"level":"info","message":"ACH/USDC: decision=HOLD confidence=0% price=0.00517000 external_signals=0","timestamp":"2026-06-22T12:41:51.246Z"}
{"level":"info","message":"ACH/USDC: RSI 40.3 neutral | Price 0.0051 inside BB [0.0049–0.0057] | CCI -80.1 neutral","timestamp":"2026-06-22T12:41:51.246Z"}
{"level":"debug","message":"[CYCLE] CRV/USDC: sizing positionPct=0.0904 (base=0.15 atr=0.037267080745341644 regime=on conf=2.00 macro=bear mtf=1.0)","timestamp":"2026-06-22T12:41:51.445Z"}
{"level":"info","message":"CRV/USDC: decision=HOLD confidence=200% price=0.21320000 external_signals=0","timestamp":"2026-06-22T12:41:51.445Z"}
{"level":"info","message":"CRV/USDC: ADX 21.6 < 25 — ranging, skip | StochRSI K=8.0 crossed above D=4.9 in oversold ↑ | No significant S/R zone nearby","timestamp":"2026-06-22T12:41:51.446Z"}
{"level":"debug","message":"[CYCLE] ENS/USDC: sizing positionPct=0.0468 (base=0.15 atr=0.037267080745341644 regime=on conf=0.00 macro=bear mtf=1.0)","timestamp":"2026-06-22T12:41:51.637Z"}
{"level":"info","message":"ENS/USDC: decision=HOLD confidence=0% price=4.78000000 external_signals=0","timestamp":"2026-06-22T12:41:51.637Z"}
{"level":"info","message":"ENS/USDC: Price 4.7100 inside BB [4.5886–5.5854] | PSAR downtrend continues (SAR 5.3516) | No significant S/R zone nearby","timestamp":"2026-06-22T12:41:51.638Z"}
{"level":"debug","message":"[CYCLE] GMX/USDC: sizing positionPct=0.0565 (base=0.15 atr=0.037267080745341644 regime=on conf=0.00 macro=bear mtf=1.0)","timestamp":"2026-06-22T12:41:51.839Z"}
{"level":"info","message":"GMX/USDC: decision=HOLD confidence=0% price=5.94000000 external_signals=0","timestamp":"2026-06-22T12:41:51.840Z"}
{"level":"info","message":"GMX/USDC: RSI 53.0 neutral | Price 5.9400 inside BB [5.4576–6.1844] | CCI 43.1 neutral","timestamp":"2026-06-22T12:41:51.842Z"}
{"level":"debug","message":"[CYCLE] JTO/USDC: sizing positionPct=0.0292 (base=0.15 atr=0.037267080745341644 regime=on conf=0.00 macro=bear mtf=1.0)","timestamp":"2026-06-22T12:41:52.033Z"}
{"level":"info","message":"JTO/USDC: decision=HOLD confidence=0% price=0.64500000 external_signals=0","timestamp":"2026-06-22T12:41:52.034Z"}
{"level":"info","message":"JTO/USDC: CCI -23.8 neutral | PSAR downtrend continues (SAR 0.8593) | No significant S/R zone nearby","timestamp":"2026-06-22T12:41:52.034Z"}
{"level":"debug","message":"[CYCLE] LDO/USDC: sizing positionPct=0.0341 (base=0.15 atr=0.037267080745341644 regime=on conf=0.00 macro=bear mtf=1.0)","timestamp":"2026-06-22T12:41:52.235Z"}
{"level":"info","message":"LDO/USDC: decision=HOLD confidence=0% price=0.27980000 external_signals=0","timestamp":"2026-06-22T12:41:52.236Z"}
{"level":"info","message":"LDO/USDC: MACD -0.0002 vs signal -0.0018 hist:0.0016 | ADX 20.9 < 25 — ranging, skip | %R -61.0 neutral","timestamp":"2026-06-22T12:41:52.236Z"}
{"level":"debug","message":"[CYCLE] LSK/USDC: sizing positionPct=0.1462 (base=0.15 atr=0.037267080745341644 regime=on conf=2.00 macro=bear mtf=1.0)","timestamp":"2026-06-22T12:41:52.438Z"}
{"level":"info","message":"LSK/USDC: decision=HOLD confidence=200% price=0.09200000 external_signals=0","timestamp":"2026-06-22T12:41:52.438Z"}
{"level":"info","message":"LSK/USDC: MACD crossed above signal hist:0.0001 | MFI 58.7 neutral | PSAR downtrend continues (SAR 0.0960)","timestamp":"2026-06-22T12:41:52.438Z"}
{"level":"debug","message":"[CYCLE] MANTA/USDC: sizing positionPct=0.0414 (base=0.15 atr=0.037267080745341644 regime=on conf=0.00 macro=bear mtf=1.0)","timestamp":"2026-06-22T12:41:52.634Z"}
{"level":"info","message":"MANTA/USDC: decision=HOLD confidence=0% price=0.07925000 external_signals=0","timestamp":"2026-06-22T12:41:52.635Z"}
{"level":"info","message":"MANTA/USDC: RSI 48.7 neutral | Price 0.0799 inside BB [0.0787–0.0833] | CCI -77.7 neutral","timestamp":"2026-06-22T12:41:52.635Z"}
{"level":"debug","message":"[CYCLE] PAXG/USDC: sizing positionPct=0.2925 (base=0.15 atr=0.037267080745341644 regime=on conf=2.00 macro=bear mtf=1.0)","timestamp":"2026-06-22T12:41:52.838Z"}
{"level":"info","message":"PAXG/USDC: decision=HOLD confidence=200% price=4196.31000000 external_signals=0","timestamp":"2026-06-22T12:41:52.838Z"}
{"level":"info","message":"PAXG/USDC: MACD -40.3398 vs signal -39.4025 hist:-0.9374 | ADX 26.5 downtrend (-DI 27.0 > +DI 19.7) | Supertrend downtrend continues (ST 4299.0234)","timestamp":"2026-06-22T12:41:52.838Z"}
{"level":"debug","message":"[CYCLE] PIXEL/USDC: sizing positionPct=0.1121 (base=0.15 atr=0.037267080745341644 regime=on conf=2.00 macro=bear mtf=1.0)","timestamp":"2026-06-22T12:41:53.045Z"}
{"level":"info","message":"PIXEL/USDC: decision=HOLD confidence=200% price=0.00548000 external_signals=0","timestamp":"2026-06-22T12:41:53.045Z"}
{"level":"info","message":"PIXEL/USDC: No EMA crossover (fast 0.0054 vs slow 0.0055) | ADX 22.4 uptrend (+DI 23.8 > -DI 22.6) | No significant S/R zone nearby","timestamp":"2026-06-22T12:41:53.046Z"}
{"level":"debug","message":"[CYCLE] SUI/USDC: sizing positionPct=0.0566 (base=0.15 atr=0.037267080745341644 regime=on conf=0.00 macro=bear mtf=1.0)","timestamp":"2026-06-22T12:41:53.258Z"}
{"level":"info","message":"SUI/USDC: decision=HOLD confidence=0% price=0.73460000 external_signals=0","timestamp":"2026-06-22T12:41:53.258Z"}
{"level":"info","message":"SUI/USDC: RSI 44.5 neutral | Stoch K=33.3 D=15.7 — no crossover in extreme zone | MFI 19.5 oversold — still falling, wait","timestamp":"2026-06-22T12:41:53.259Z"}
{"level":"debug","message":"[CYCLE] THETA/USDC: sizing positionPct=0.1145 (base=0.15 atr=0.037267080745341644 regime=on conf=2.00 macro=bear mtf=1.0)","timestamp":"2026-06-22T12:41:53.434Z"}
{"level":"info","message":"THETA/USDC: decision=HOLD confidence=200% price=0.15670000 external_signals=0","timestamp":"2026-06-22T12:41:53.435Z"}
{"level":"info","message":"THETA/USDC: RSI 43.6 neutral | CCI -81.2 neutral | OBV crossed below EMA-20 — volume sellers in control","timestamp":"2026-06-22T12:41:53.435Z"}
{"level":"debug","message":"[CYCLE] VANRY/USDC: sizing positionPct=0.1100 (base=0.15 atr=0.037267080745341644 regime=on conf=2.00 macro=bear mtf=1.0)","timestamp":"2026-06-22T12:41:53.837Z"}
{"level":"info","message":"VANRY/USDC: decision=HOLD confidence=200% price=0.00348600 external_signals=0","timestamp":"2026-06-22T12:41:53.837Z"}
{"level":"info","message":"VANRY/USDC: No EMA crossover (fast 0.0035 vs slow 0.0035) | MACD -0.0001 vs signal -0.0001 hist:0.0000 | ADX 32.0 uptrend (+DI 25.4 > -DI 16.2)","timestamp":"2026-06-22T12:41:53.837Z"}
{"level":"debug","message":"[CYCLE] SOL/USDC: sizing positionPct=0.0637 (base=0.15 atr=0.037267080745341644 regime=on conf=0.00 macro=bear mtf=1.0)","timestamp":"2026-06-22T12:41:54.036Z"}
{"level":"info","message":"SOL/USDC: decision=HOLD confidence=0% price=74.42000000 external_signals=0","timestamp":"2026-06-22T12:41:54.037Z"}
{"level":"info","message":"SOL/USDC: Price 74.1100 inside BB [66.5863–76.0487] | %R -23.8 neutral | StochRSI K=82.7 D=79.5 — no extreme crossover","timestamp":"2026-06-22T12:41:54.037Z"}
{"level":"debug","message":"[CYCLE] ADA/USDC: sizing positionPct=0.0665 (base=0.15 atr=0.037267080745341644 regime=on conf=0.00 macro=bear mtf=1.0)","timestamp":"2026-06-22T12:41:54.229Z"}
{"level":"info","message":"ADA/USDC: decision=HOLD confidence=0% price=0.16190000 external_signals=0","timestamp":"2026-06-22T12:41:54.230Z"}
{"level":"info","message":"ADA/USDC: RSI 37.1 neutral | Price 0.1616 inside BB [0.1540–0.1838] | CCI -93.2 neutral","timestamp":"2026-06-22T12:41:54.230Z"}
{"level":"debug","message":"[CYCLE] AVAX/USDC: sizing positionPct=0.0484 (base=0.15 atr=0.037267080745341644 regime=on conf=0.00 macro=bear mtf=1.0)","timestamp":"2026-06-22T12:41:54.431Z"}
{"level":"info","message":"AVAX/USDC: decision=HOLD confidence=0% price=6.37200000 external_signals=0","timestamp":"2026-06-22T12:41:54.433Z"}
{"level":"info","message":"AVAX/USDC: RSI 40.8 neutral | MACD -0.2584 vs signal -0.2813 hist:0.0229 | PSAR downtrend continues (SAR 6.5285)","timestamp":"2026-06-22T12:41:54.433Z"}
{"level":"debug","message":"[CYCLE] DOGE/USDC: sizing positionPct=0.0922 (base=0.15 atr=0.037267080745341644 regime=on conf=0.00 macro=bear mtf=1.0)","timestamp":"2026-06-22T12:41:54.647Z"}
{"level":"info","message":"DOGE/USDC: decision=HOLD confidence=0% price=0.08440000 external_signals=0","timestamp":"2026-06-22T12:41:54.647Z"}
{"level":"info","message":"DOGE/USDC: No EMA crossover (fast 0.0843 vs slow 0.0858) | PSAR downtrend continues (SAR 0.0896) | HA bearish continuation","timestamp":"2026-06-22T12:41:54.647Z"}
{"level":"debug","message":"[CYCLE] ETH/USDC: sizing positionPct=0.1615 (base=0.15 atr=0.037267080745341644 regime=on conf=2.00 macro=bear mtf=1.0)","timestamp":"2026-06-22T12:41:55.042Z"}
{"level":"info","message":"ETH/USDC: decision=HOLD confidence=200% price=1763.76000000 external_signals=0","timestamp":"2026-06-22T12:41:55.042Z"}
{"level":"info","message":"ETH/USDC: Supertrend uptrend continues (ST 1631.9562) | MFI 47.0 neutral | Support 1749.5100 (4×)","timestamp":"2026-06-22T12:41:55.042Z"}
{"level":"debug","message":"[CYCLE] WLD/USDC: sizing positionPct=0.0731 (base=0.15 atr=0.037267080745341644 regime=on conf=2.00 macro=bear mtf=1.0)","timestamp":"2026-06-22T12:41:55.229Z"}
{"level":"info","message":"WLD/USDC: decision=HOLD confidence=200% price=0.63590000 external_signals=0","timestamp":"2026-06-22T12:41:55.230Z"}
{"level":"info","message":"WLD/USDC: Price 0.6263 inside BB [0.4706–0.7186] | CCI 47.6 neutral | ADX 49.7 uptrend (+DI 25.4 > -DI 7.4)","timestamp":"2026-06-22T12:41:55.230Z"}
{"level":"debug","message":"[CYCLE] TON/USDC: sizing positionPct=0.0231 (base=0.15 atr=0.037267080745341644 regime=on conf=0.00 macro=bear mtf=1.0)","timestamp":"2026-06-22T12:41:55.450Z"}
{"level":"info","message":"TON/USDC: decision=HOLD confidence=0% price=1.68000000 external_signals=0","timestamp":"2026-06-22T12:41:55.451Z"}
{"level":"info","message":"TON/USDC: No EMA crossover (fast 1.6573 vs slow 1.6797) | OBV above EMA-20 — no cross | StochRSI K=72.9 D=70.3 — no extreme crossover","timestamp":"2026-06-22T12:41:55.451Z"}
{"level":"debug","message":"[CYCLE] PEPE/USDC: sizing positionPct=0.1342 (base=0.15 atr=0.037267080745341644 regime=on conf=2.00 macro=bear mtf=1.0)","timestamp":"2026-06-22T12:41:55.639Z"}
{"level":"info","message":"PEPE/USDC: decision=HOLD confidence=200% price=0.00000288 external_signals=0","timestamp":"2026-06-22T12:41:55.639Z"}
{"level":"info","message":"PEPE/USDC: No EMA crossover (fast 0.0000 vs slow 0.0000) | Supertrend downtrend continues (ST 0.0000) | OBV crossed above EMA-20 — volume buyers in control","timestamp":"2026-06-22T12:41:55.639Z"}
{"level":"debug","message":"[CYCLE] RENDER/USDC: sizing positionPct=0.0523 (base=0.15 atr=0.037267080745341644 regime=on conf=0.00 macro=bear mtf=1.0)","timestamp":"2026-06-22T12:41:55.829Z"}
{"level":"info","message":"RENDER/USDC: decision=HOLD confidence=0% price=1.71100000 external_signals=0","timestamp":"2026-06-22T12:41:55.829Z"}
{"level":"info","message":"RENDER/USDC: No EMA crossover (fast 1.7086 vs slow 1.7277) | OBV below EMA-20 — no cross | %R -70.7 neutral","timestamp":"2026-06-22T12:41:55.829Z"}
{"level":"debug","message":"[CYCLE] ENA/USDC: sizing positionPct=0.0274 (base=0.15 atr=0.037267080745341644 regime=on conf=0.00 macro=bear mtf=1.0)","timestamp":"2026-06-22T12:41:56.034Z"}
{"level":"info","message":"ENA/USDC: decision=HOLD confidence=0% price=0.09660000 external_signals=0","timestamp":"2026-06-22T12:41:56.035Z"}
{"level":"info","message":"ENA/USDC: RSI 60.1 neutral | Price 0.0963 inside BB [0.0788–0.0969] | CCI 116.8 overbought — still rising, wait","timestamp":"2026-06-22T12:41:56.035Z"}
{"level":"debug","message":"[CYCLE] ICP/USDC: sizing positionPct=0.1155 (base=0.15 atr=0.037267080745341644 regime=on conf=2.00 macro=bear mtf=1.0)","timestamp":"2026-06-22T12:41:56.230Z"}
{"level":"info","message":"ICP/USDC: decision=HOLD confidence=200% price=2.29000000 external_signals=0","timestamp":"2026-06-22T12:41:56.231Z"}
{"level":"info","message":"ICP/USDC: RSI 44.9 neutral | Price 2.2950 inside BB [2.1570–2.5590] | Stoch K=27.8 crossed above D=23.7 in oversold zone","timestamp":"2026-06-22T12:41:56.231Z"}
{"level":"debug","message":"[CYCLE] APT/USDC: sizing positionPct=0.0523 (base=0.15 atr=0.037267080745341644 regime=on conf=0.00 macro=bear mtf=1.0)","timestamp":"2026-06-22T12:41:56.435Z"}
{"level":"info","message":"APT/USDC: decision=HOLD confidence=0% price=0.68200000 external_signals=0","timestamp":"2026-06-22T12:41:56.436Z"}
{"level":"info","message":"APT/USDC: Price 0.6800 inside BB [0.6233–0.6967] | Stoch K=65.3 D=48.5 — no crossover in extreme zone | MFI 58.5 neutral","timestamp":"2026-06-22T12:41:56.436Z"}
{"level":"info","message":"BTC/USDC: live balance=190.51 pnl=0.00 open_positions=0 daily_pnl=0.00 blocked=false","timestamp":"2026-06-22T12:41:56.627Z"}
{"level":"debug","message":"[CYCLE] JUP/USDC: sizing positionPct=0.0944 (base=0.15 atr=0.037267080745341644 regime=on conf=2.00 macro=bear mtf=1.0)","timestamp":"2026-06-22T12:41:56.831Z"}
{"level":"info","message":"JUP/USDC: decision=HOLD confidence=200% price=0.21330000 external_signals=0","timestamp":"2026-06-22T12:41:56.832Z"}
{"level":"info","message":"JUP/USDC: Price 0.2124 inside BB [0.1622–0.2217] | CCI 124.5 overbought ↓ reversal confirmed | OBV above EMA-20 — no cross","timestamp":"2026-06-22T12:41:56.833Z"}
{"level":"debug","message":"[CYCLE] ARB/USDC: sizing positionPct=0.0565 (base=0.15 atr=0.037267080745341644 regime=on conf=0.00 macro=bear mtf=1.0)","timestamp":"2026-06-22T12:41:57.041Z"}
{"level":"info","message":"ARB/USDC: decision=HOLD confidence=0% price=0.08610000 external_signals=0","timestamp":"2026-06-22T12:41:57.041Z"}
{"level":"info","message":"ARB/USDC: RSI 51.4 neutral | %R -43.7 neutral | HA flipped but prior streak too short (1 < 3)","timestamp":"2026-06-22T12:41:57.042Z"}
{"level":"info","message":"XRP/USDC: live balance=190.51 pnl=0.00 open_positions=0 daily_pnl=0.00 blocked=false","timestamp":"2026-06-22T12:41:57.238Z"}
{"level":"info","message":"LINK/USDC: live balance=190.51 pnl=0.00 open_positions=0 daily_pnl=0.00 blocked=false","timestamp":"2026-06-22T12:41:57.431Z"}
{"level":"info","message":"BNB/USDC: live balance=190.51 pnl=0.00 open_positions=0 daily_pnl=0.00 blocked=false","timestamp":"2026-06-22T12:41:57.638Z"}
{"level":"info","message":"LTC/USDC: live balance=190.51 pnl=0.00 open_positions=0 daily_pnl=0.00 blocked=false","timestamp":"2026-06-22T12:41:57.835Z"}
{"level":"info","message":"NEAR/USDC: live balance=190.51 pnl=0.00 open_positions=0 daily_pnl=0.00 blocked=false","timestamp":"2026-06-22T12:41:58.034Z"}
{"level":"info","message":"TRX/USDC: live balance=190.51 pnl=0.00 open_positions=0 daily_pnl=0.00 blocked=false","timestamp":"2026-06-22T12:41:58.231Z"}
{"level":"info","message":"BCH/USDC: live balance=190.51 pnl=0.00 open_positions=0 daily_pnl=0.00 blocked=false","timestamp":"2026-06-22T12:41:58.433Z"}
{"level":"info","message":"ACH/USDC: live balance=190.51 pnl=0.00 open_positions=0 daily_pnl=0.00 blocked=false","timestamp":"2026-06-22T12:41:58.633Z"}
{"level":"info","message":"CRV/USDC: live balance=190.51 pnl=0.00 open_positions=0 daily_pnl=0.00 blocked=false","timestamp":"2026-06-22T12:41:58.840Z"}
{"level":"info","message":"ENS/USDC: live balance=190.51 pnl=0.00 open_positions=0 daily_pnl=0.00 blocked=false","timestamp":"2026-06-22T12:41:59.031Z"}
{"level":"info","message":"GMX/USDC: live balance=190.51 pnl=0.00 open_positions=0 daily_pnl=0.00 blocked=false","timestamp":"2026-06-22T12:41:59.229Z"}
{"level":"info","message":"JTO/USDC: live balance=190.51 pnl=0.00 open_positions=0 daily_pnl=0.00 blocked=false","timestamp":"2026-06-22T12:41:59.446Z"}
{"level":"info","message":"LDO/USDC: live balance=190.51 pnl=0.00 open_positions=0 daily_pnl=0.00 blocked=false","timestamp":"2026-06-22T12:41:59.632Z"}
{"level":"info","message":"LSK/USDC: live balance=190.51 pnl=0.00 open_positions=0 daily_pnl=0.00 blocked=false","timestamp":"2026-06-22T12:41:59.836Z"}
{"level":"info","message":"MANTA/USDC: live balance=190.51 pnl=0.00 open_positions=0 daily_pnl=0.00 blocked=false","timestamp":"2026-06-22T12:42:00.035Z"}
{"level":"info","message":"PAXG/USDC: live balance=190.51 pnl=0.00 open_positions=0 daily_pnl=0.00 blocked=false","timestamp":"2026-06-22T12:42:00.231Z"}
{"level":"info","message":"PIXEL/USDC: live balance=190.51 pnl=0.00 open_positions=0 daily_pnl=0.00 blocked=false","timestamp":"2026-06-22T12:42:00.438Z"}
{"level":"info","message":"SUI/USDC: live balance=190.51 pnl=0.00 open_positions=0 daily_pnl=0.00 blocked=false","timestamp":"2026-06-22T12:42:00.633Z"}
{"level":"info","message":"THETA/USDC: live balance=190.51 pnl=0.00 open_positions=0 daily_pnl=0.00 blocked=false","timestamp":"2026-06-22T12:42:00.831Z"}
{"level":"info","message":"VANRY/USDC: live balance=190.51 pnl=0.00 open_positions=0 daily_pnl=0.00 blocked=false","timestamp":"2026-06-22T12:42:01.051Z"}
{"level":"info","message":"SOL/USDC: live balance=190.51 pnl=0.00 open_positions=0 daily_pnl=0.00 blocked=false","timestamp":"2026-06-22T12:42:01.250Z"}
{"level":"info","message":"ADA/USDC: live balance=190.51 pnl=0.00 open_positions=0 daily_pnl=0.00 blocked=false","timestamp":"2026-06-22T12:42:01.467Z"}
{"level":"info","message":"AVAX/USDC: live balance=190.51 pnl=0.00 open_positions=0 daily_pnl=0.00 blocked=false","timestamp":"2026-06-22T12:42:01.658Z"}
{"level":"info","message":"DOGE/USDC: live balance=190.51 pnl=0.00 open_positions=0 daily_pnl=0.00 blocked=false","timestamp":"2026-06-22T12:42:01.851Z"}
{"level":"info","message":"WLD/USDC: live balance=190.51 pnl=0.00 open_positions=0 daily_pnl=0.00 blocked=false","timestamp":"2026-06-22T12:42:02.289Z"}
{"level":"info","message":"TON/USDC: live balance=190.51 pnl=0.00 open_positions=0 daily_pnl=0.00 blocked=false","timestamp":"2026-06-22T12:42:02.469Z"}
{"level":"info","message":"ETH/USDC: live balance=190.51 pnl=0.00 open_positions=0 daily_pnl=0.00 blocked=false","timestamp":"2026-06-22T12:42:02.530Z"}
{"level":"info","message":"PEPE/USDC: live balance=190.51 pnl=0.00 open_positions=0 daily_pnl=0.00 blocked=false","timestamp":"2026-06-22T12:42:02.691Z"}
{"level":"info","message":"RENDER/USDC: live balance=190.51 pnl=0.00 open_positions=0 daily_pnl=0.00 blocked=false","timestamp":"2026-06-22T12:42:02.870Z"}
{"level":"info","message":"ENA/USDC: live balance=190.51 pnl=0.00 open_positions=0 daily_pnl=0.00 blocked=false","timestamp":"2026-06-22T12:42:03.069Z"}
{"level":"info","message":"ICP/USDC: live balance=190.51 pnl=0.00 open_positions=0 daily_pnl=0.00 blocked=false","timestamp":"2026-06-22T12:42:03.288Z"}
{"level":"info","message":"APT/USDC: live balance=190.51 pnl=0.00 open_positions=0 daily_pnl=0.00 blocked=false","timestamp":"2026-06-22T12:42:03.498Z"}
{"level":"info","message":"JUP/USDC: live balance=190.51 pnl=0.00 open_positions=0 daily_pnl=0.00 blocked=false","timestamp":"2026-06-22T12:42:03.676Z"}
{"level":"info","message":"ARB/USDC: live balance=190.51 pnl=0.00 open_positions=0 daily_pnl=0.00 blocked=false","timestamp":"2026-06-22T12:42:03.899Z"}
{"level":"debug","message":"[RISK] TIA/USDC: canTrade=true decision=BUY conf=1.00 positions=0/3 dailyPnL=0.00","timestamp":"2026-06-22T12:42:04.065Z"}
{"level":"debug","message":"[CYCLE] TIA/USDC: sizing positionPct=0.1002 (base=0.15 atr=0.037267080745341644 regime=on conf=1.00 macro=bear mtf=1.0)","timestamp":"2026-06-22T12:42:04.065Z"}
{"level":"info","message":"INJ/USDC: BUY suppressed — 4h momentum bearish (score=43% < 45% required)","timestamp":"2026-06-22T12:42:04.102Z"}
{"level":"debug","message":"[CYCLE] INJ/USDC: sizing positionPct=0.0361 (base=0.15 atr=0.037267080745341644 regime=on conf=1.00 macro=bear mtf=1.0)","timestamp":"2026-06-22T12:42:04.103Z"}
{"level":"info","message":"INJ/USDC: trade blocked - 4h momentum bearish (score=43% < 45% required)","timestamp":"2026-06-22T12:42:04.103Z"}
{"level":"info","message":"INJ/USDC: decision=BUY confidence=100% price=4.96300000 external_signals=0","timestamp":"2026-06-22T12:42:04.103Z"}
{"level":"info","message":"INJ/USDC: ADX 14.1 < 25 — ranging, skip | OBV crossed above EMA-20 — volume buyers in control | StochRSI K=0.7 crossed above D=0.2 in oversold ↑","timestamp":"2026-06-22T12:42:04.103Z"}
{"level":"debug","message":"[LIVE] TIA/USDC: sizing balance=190.51 maxPositionPct=0.1002 allocation=19.09 rawQty=48.12200655 qty=48.12 notional=19.09 minNotional=11 minQty=0.01","timestamp":"2026-06-22T12:42:04.338Z"}
{"level":"info","message":"INJ/USDC: live balance=190.51 pnl=0.00 open_positions=0 daily_pnl=0.00 blocked=false","timestamp":"2026-06-22T12:42:04.556Z"}
{"level":"debug","message":"[LIVE] TIA/USDC: BUY order response id=438395254 status=closed filled=48.12 avg=0.3971","timestamp":"2026-06-22T12:42:04.790Z"}
{"level":"info","message":"[LIVE] BUY TIA/USDC qty=48.12000000 price=0.39710000 balance=171.40 orderId=438395254","timestamp":"2026-06-22T12:42:05.054Z"}
{"level":"debug","message":"[LIVE] TIA/USDC: position opened SL=0.37724500 TP=0.44475200 trailingPct=off","timestamp":"2026-06-22T12:42:05.054Z"}
{"level":"info","message":"[CYCLE] TIA/USDC: TRADE EXECUTED → BUY qty=48.12 price=0.3971","timestamp":"2026-06-22T12:42:05.055Z"}
{"level":"info","message":"TIA/USDC: decision=BUY confidence=100% price=0.39670000 external_signals=0","timestamp":"2026-06-22T12:42:05.056Z"}
{"level":"info","message":"TIA/USDC: CCI 55.8 neutral | MACD crossed above signal (above zero) ↑ hist:0.0007 | HA flipped bullish ↑ after 8-bar bear streak","timestamp":"2026-06-22T12:42:05.056Z"}
{"level":"info","message":"TIA/USDC: live balance=171.40 pnl=0.00 open_positions=1 daily_pnl=0.00 blocked=false","timestamp":"2026-06-22T12:42:05.510Z"}
{"level":"info","message":"Risk-check loop active: every 120s for open positions","timestamp":"2026-06-22T12:42:05.511Z"}
{"level":"info","message":"MTF 15m cache: refresh every 15 min","timestamp":"2026-06-22T12:42:05.511Z"}
{"level":"info","message":"MTF 4h cache: refresh every 4h","timestamp":"2026-06-22T12:42:05.511Z"}
{"level":"info","message":"Next cycle aligned to candle close in 678 min (Tue, 23 Jun 2026 00:00:03 GMT)","timestamp":"2026-06-22T12:42:05.511Z"}
{"level":"info","message":"[MTF-CACHE] 4h refresh complete: 37/37 symbols","timestamp":"2026-06-22T12:42:16.524Z"}
{"level":"info","message":"[MTF-CACHE] 15m refresh complete: 37/37 symbols","timestamp":"2026-06-22T12:42:16.825Z"}
{"level":"debug","message":"[RISK-LOOP] checking 1 open position(s)","timestamp":"2026-06-22T12:44:05.798Z"}
{"level":"debug","message":"[LIVE] TIA/USDC: checkRisk price=0.39580000 SL=0.37724500 TP=0.44475200 HWM=0.39710000 entry=0.39710000","timestamp":"2026-06-22T12:44:06.245Z"}
{"level":"debug","message":"[RISK-LOOP] checking 1 open position(s)","timestamp":"2026-06-22T12:46:05.795Z"}
{"level":"debug","message":"[LIVE] TIA/USDC: checkRisk price=0.39490000 SL=0.37724500 TP=0.44475200 HWM=0.39710000 entry=0.39710000","timestamp":"2026-06-22T12:46:06.260Z"}
{"level":"debug","message":"[RISK-LOOP] checking 1 open position(s)","timestamp":"2026-06-22T12:48:05.812Z"}
{"level":"debug","message":"[LIVE] TIA/USDC: checkRisk price=0.39710000 SL=0.37724500 TP=0.44475200 HWM=0.39710000 entry=0.39710000","timestamp":"2026-06-22T12:48:06.309Z"}
{"level":"debug","message":"[RISK-LOOP] checking 1 open position(s)","timestamp":"2026-06-22T12:50:05.795Z"}
{"level":"debug","message":"[LIVE] TIA/USDC: checkRisk price=0.39570000 SL=0.37724500 TP=0.44475200 HWM=0.39710000 entry=0.39710000","timestamp":"2026-06-22T12:50:06.342Z"}
{"level":"debug","message":"[RISK-LOOP] checking 1 open position(s)","timestamp":"2026-06-22T12:52:05.997Z"}
{"level":"debug","message":"[LIVE] TIA/USDC: checkRisk price=0.39520000 SL=0.37724500 TP=0.44475200 HWM=0.39710000 entry=0.39710000","timestamp":"2026-06-22T12:52:06.440Z"}
{"level":"info","message":"Starting playAIStocks Phase 4 bot","timestamp":"2026-06-22T12:53:58.191Z"}
{"level":"info","message":"Mode=LIVE symbols=BTC/USDC, XRP/USDC, LINK/USDC, BNB/USDC, LTC/USDC, NEAR/USDC, TRX/USDC, BCH/USDC, ACH/USDC, CRV/USDC, ENS/USDC, GMX/USDC, JTO/USDC, LDO/USDC, LSK/USDC, MANTA/USDC, PAXG/USDC, PIXEL/USDC, SUI/USDC, THETA/USDC, TIA/USDC, VANRY/USDC, SOL/USDC, ADA/USDC, AVAX/USDC, DOGE/USDC, INJ/USDC, ETH/USDC, WLD/USDC, PEPE/USDC, TON/USDC, RENDER/USDC, ENA/USDC, ICP/USDC, APT/USDC, ARB/USDC, JUP/USDC timeframe=12h interval=43200000ms","timestamp":"2026-06-22T12:53:58.194Z"}
{"level":"info","message":"  BTC/USDC [custom]: strategies=[EMA+PSAR+HeikinAshi]  SL=5%  TP=12%  conf=0.55","timestamp":"2026-06-22T12:53:58.195Z"}
{"level":"info","message":"  XRP/USDC [custom]: strategies=[BB+Stoch+EMA]  SL=7%  TP=18%  conf=0.55","timestamp":"2026-06-22T12:53:58.195Z"}
{"level":"info","message":"  LINK/USDC [custom]: strategies=[BB+Stoch+Supertrend]  SL=5%  TP=12%  conf=0.7","timestamp":"2026-06-22T12:53:58.196Z"}
{"level":"info","message":"  BNB/USDC [custom]: strategies=[WilliamsR+HeikinAshi+SR]  SL=5%  TP=12%  conf=0.55","timestamp":"2026-06-22T12:53:58.196Z"}
{"level":"info","message":"  LTC/USDC [custom]: strategies=[BB+EMA+WilliamsR]  SL=5%  TP=12%  conf=0.55","timestamp":"2026-06-22T12:53:58.196Z"}
{"level":"info","message":"  NEAR/USDC [default]: strategies=[RSI+BB+Stoch+SR]  SL=5%  TP=12%  conf=0.7","timestamp":"2026-06-22T12:53:58.197Z"}
{"level":"info","message":"  TRX/USDC [custom]: strategies=[CCI+Stoch+StochRSI]  SL=12%  TP=30%  conf=0.7","timestamp":"2026-06-22T12:53:58.197Z"}
{"level":"info","message":"  BCH/USDC [custom]: strategies=[BB+OBV+WilliamsR]  SL=7%  TP=18%  conf=0.55","timestamp":"2026-06-22T12:53:58.198Z"}
{"level":"info","message":"  ACH/USDC [custom]: strategies=[RSI+BB+CCI]  SL=5%  TP=12%  conf=0.7","timestamp":"2026-06-22T12:53:58.198Z"}
{"level":"info","message":"  CRV/USDC [custom]: strategies=[ADX+StochRSI+SR]  SL=5%  TP=12%  conf=0.55","timestamp":"2026-06-22T12:53:58.199Z"}
{"level":"info","message":"  ENS/USDC [custom]: strategies=[BB+PSAR+SR]  SL=5%  TP=12%  conf=0.55","timestamp":"2026-06-22T12:53:58.199Z"}
{"level":"info","message":"  GMX/USDC [custom]: strategies=[RSI+BB+CCI]  SL=5%  TP=12%  conf=0.7","timestamp":"2026-06-22T12:53:58.199Z"}
{"level":"info","message":"  JTO/USDC [custom]: strategies=[CCI+PSAR+SR]  SL=5%  TP=12%  conf=0.55","timestamp":"2026-06-22T12:53:58.199Z"}
{"level":"info","message":"  LDO/USDC [custom]: strategies=[MACD+ADX+WilliamsR]  SL=5%  TP=12%  conf=0.55","timestamp":"2026-06-22T12:53:58.199Z"}
{"level":"info","message":"  LSK/USDC [custom]: strategies=[MACD+MFI+PSAR]  SL=7%  TP=18%  conf=0.55","timestamp":"2026-06-22T12:53:58.199Z"}
{"level":"info","message":"  MANTA/USDC [custom]: strategies=[RSI+BB+CCI]  SL=5%  TP=12%  conf=0.7","timestamp":"2026-06-22T12:53:58.199Z"}
{"level":"info","message":"  PAXG/USDC [custom]: strategies=[MACD+ADX+Supertrend]  SL=7%  TP=18%  conf=0.55","timestamp":"2026-06-22T12:53:58.200Z"}
{"level":"info","message":"  PIXEL/USDC [custom]: strategies=[EMA+ADX+SR]  SL=5%  TP=12%  conf=0.55","timestamp":"2026-06-22T12:53:58.200Z"}
{"level":"info","message":"  SUI/USDC [custom]: strategies=[RSI+Stoch+MFI]  SL=5%  TP=12%  conf=0.7","timestamp":"2026-06-22T12:53:58.200Z"}
{"level":"info","message":"  THETA/USDC [custom]: strategies=[RSI+CCI+OBV]  SL=5%  TP=12%  conf=0.55","timestamp":"2026-06-22T12:53:58.200Z"}
{"level":"info","message":"  TIA/USDC [custom]: strategies=[CCI+MACD+HeikinAshi]  SL=5%  TP=12%  conf=0.55","timestamp":"2026-06-22T12:53:58.200Z"}
{"level":"info","message":"  VANRY/USDC [custom]: strategies=[EMA+MACD+ADX]  SL=5%  TP=12%  conf=0.55","timestamp":"2026-06-22T12:53:58.200Z"}
{"level":"info","message":"  SOL/USDC [custom]: strategies=[BB+WilliamsR+StochRSI]  SL=7%  TP=18%  conf=0.55","timestamp":"2026-06-22T12:53:58.201Z"}
{"level":"info","message":"  ADA/USDC [custom]: strategies=[RSI+BB+CCI]  SL=5%  TP=12%  conf=0.55","timestamp":"2026-06-22T12:53:58.201Z"}
{"level":"info","message":"  AVAX/USDC [custom]: strategies=[RSI+MACD+PSAR]  SL=7%  TP=18%  conf=0.55","timestamp":"2026-06-22T12:53:58.201Z"}
{"level":"info","message":"  DOGE/USDC [custom]: strategies=[EMA+PSAR+HeikinAshi]  SL=7%  TP=18%  conf=0.55","timestamp":"2026-06-22T12:53:58.201Z"}
{"level":"info","message":"  INJ/USDC [custom]: strategies=[ADX+OBV+StochRSI]  SL=7%  TP=18%  conf=0.55","timestamp":"2026-06-22T12:53:58.201Z"}
{"level":"info","message":"  ETH/USDC [custom]: strategies=[Supertrend+MFI+SR]  SL=5%  TP=12%  conf=0.55","timestamp":"2026-06-22T12:53:58.201Z"}
{"level":"info","message":"  WLD/USDC [custom]: strategies=[BB+CCI+ADX]  SL=7%  TP=18%  conf=0.55","timestamp":"2026-06-22T12:53:58.201Z"}
{"level":"info","message":"  PEPE/USDC [custom]: strategies=[EMA+Supertrend+OBV]  SL=7%  TP=18%  conf=0.55","timestamp":"2026-06-22T12:53:58.201Z"}
{"level":"info","message":"  TON/USDC [custom]: strategies=[EMA+OBV+StochRSI]  SL=7%  TP=18%  conf=0.55","timestamp":"2026-06-22T12:53:58.201Z"}
{"level":"info","message":"  RENDER/USDC [custom]: strategies=[EMA+OBV+WilliamsR]  SL=7%  TP=18%  conf=0.55","timestamp":"2026-06-22T12:53:58.201Z"}
{"level":"info","message":"  ENA/USDC [custom]: strategies=[RSI+BB+CCI]  SL=7%  TP=18%  conf=0.55","timestamp":"2026-06-22T12:53:58.202Z"}
{"level":"info","message":"  ICP/USDC [custom]: strategies=[RSI+BB+Stoch]  SL=7%  TP=18%  conf=0.55","timestamp":"2026-06-22T12:53:58.202Z"}
{"level":"info","message":"  APT/USDC [custom]: strategies=[BB+Stoch+MFI]  SL=7%  TP=18%  conf=0.55","timestamp":"2026-06-22T12:53:58.202Z"}
{"level":"info","message":"  ARB/USDC [custom]: strategies=[RSI+WilliamsR+HeikinAshi]  SL=7%  TP=18%  conf=0.55","timestamp":"2026-06-22T12:53:58.202Z"}
{"level":"info","message":"  JUP/USDC [custom]: strategies=[BB+CCI+OBV]  SL=7%  TP=18%  conf=0.55","timestamp":"2026-06-22T12:53:58.202Z"}
{"level":"info","message":"Risk: balance=1000.00 maxPositionPct=0.15 stopLossPct=0.05 takeProfitPct=0.12 trailingStopPct=0","timestamp":"2026-06-22T12:53:58.202Z"}
{"level":"info","message":"Risk limits: maxDailyLossPct=0.05 maxOpenPositions=3 minConfidence=0.7","timestamp":"2026-06-22T12:53:58.202Z"}
{"level":"info","message":"Signals: webhook=on:3000 telegram=off algoWeight=1 minConfidence=0.7","timestamp":"2026-06-22T12:53:58.202Z"}
{"level":"info","message":"Regime filter: OFF","timestamp":"2026-06-22T12:53:58.202Z"}
{"level":"info","message":"ATR sizing: ON — period=14, inverse-vol scaling [0.5×–2×]","timestamp":"2026-06-22T12:53:58.203Z"}
{"level":"info","message":"Macro filter: ON — BTC EMA200 bear → 50% position size","timestamp":"2026-06-22T12:53:58.203Z"}
{"level":"info","message":"Correlation filter: OFF","timestamp":"2026-06-22T12:53:58.203Z"}
{"level":"info","message":"MTF filter: ON — 15m×16 bars, min 50% green to allow BUY (misaligned → skip)","timestamp":"2026-06-22T12:53:58.203Z"}
{"level":"info","message":"4h MTF filter: ON — EMA(8/21)+RSI(14), min score 45%, lookback=21","timestamp":"2026-06-22T12:53:58.203Z"}
{"level":"info","message":"Regime sizing: ON — ADX≥25→1.3× ADX<15→0.5×","timestamp":"2026-06-22T12:53:58.203Z"}
{"level":"info","message":"Dashboard: http://localhost:3001","timestamp":"2026-06-22T12:53:58.203Z"}
{"level":"info","message":"[NOTIFY] Telegram notifier ready → 1 chat(s)","timestamp":"2026-06-22T12:53:58.204Z"}
{"level":"info","message":"Initializing 12h candle history for 37 symbols…","timestamp":"2026-06-22T12:53:58.209Z"}
{"level":"info","message":"Dashboard running at http://localhost:3001","timestamp":"2026-06-22T12:53:58.212Z"}
{"level":"info","message":"Cache hit: BTC/USDC 12h — 1473 candles from disk","timestamp":"2026-06-22T12:53:58.243Z"}
{"level":"info","message":"BTC/USDC: cache is up-to-date (1473 candles)","timestamp":"2026-06-22T12:53:58.244Z"}
{"level":"info","message":"Cache hit: XRP/USDC 12h — 1473 candles from disk","timestamp":"2026-06-22T12:53:58.246Z"}
{"level":"info","message":"XRP/USDC: cache is up-to-date (1473 candles)","timestamp":"2026-06-22T12:53:58.246Z"}
{"level":"info","message":"Cache hit: LINK/USDC 12h — 1473 candles from disk","timestamp":"2026-06-22T12:53:58.248Z"}
{"level":"info","message":"LINK/USDC: cache is up-to-date (1473 candles)","timestamp":"2026-06-22T12:53:58.248Z"}
{"level":"info","message":"Cache hit: BNB/USDC 12h — 1473 candles from disk","timestamp":"2026-06-22T12:53:58.250Z"}
{"level":"info","message":"BNB/USDC: cache is up-to-date (1473 candles)","timestamp":"2026-06-22T12:53:58.250Z"}
{"level":"info","message":"Cache hit: LTC/USDC 12h — 1473 candles from disk","timestamp":"2026-06-22T12:53:58.252Z"}
{"level":"info","message":"LTC/USDC: cache is up-to-date (1473 candles)","timestamp":"2026-06-22T12:53:58.252Z"}
{"level":"info","message":"Cache hit: NEAR/USDC 12h — 1473 candles from disk","timestamp":"2026-06-22T12:53:58.254Z"}
{"level":"info","message":"NEAR/USDC: cache is up-to-date (1473 candles)","timestamp":"2026-06-22T12:53:58.254Z"}
{"level":"info","message":"Cache hit: TRX/USDC 12h — 1314 candles from disk","timestamp":"2026-06-22T12:53:58.256Z"}
{"level":"info","message":"TRX/USDC: cache is up-to-date (1314 candles)","timestamp":"2026-06-22T12:53:58.256Z"}
{"level":"info","message":"Cache hit: BCH/USDC 12h — 1473 candles from disk","timestamp":"2026-06-22T12:53:58.258Z"}
{"level":"info","message":"BCH/USDC: cache is up-to-date (1473 candles)","timestamp":"2026-06-22T12:53:58.258Z"}
{"level":"info","message":"Cache hit: ACH/USDC 12h — 854 candles from disk","timestamp":"2026-06-22T12:53:58.259Z"}
{"level":"info","message":"ACH/USDC: cache is up-to-date (854 candles)","timestamp":"2026-06-22T12:53:58.259Z"}
{"level":"info","message":"Cache hit: CRV/USDC 12h — 1473 candles from disk","timestamp":"2026-06-22T12:53:58.261Z"}
{"level":"info","message":"CRV/USDC: cache is up-to-date (1473 candles)","timestamp":"2026-06-22T12:53:58.261Z"}
{"level":"info","message":"Cache hit: ENS/USDC 12h — 1473 candles from disk","timestamp":"2026-06-22T12:53:58.263Z"}
{"level":"info","message":"ENS/USDC: cache is up-to-date (1473 candles)","timestamp":"2026-06-22T12:53:58.263Z"}
{"level":"info","message":"Cache hit: GMX/USDC 12h — 924 candles from disk","timestamp":"2026-06-22T12:53:58.264Z"}
{"level":"info","message":"GMX/USDC: cache is up-to-date (924 candles)","timestamp":"2026-06-22T12:53:58.265Z"}
{"level":"info","message":"Cache hit: JTO/USDC 12h — 1473 candles from disk","timestamp":"2026-06-22T12:53:58.266Z"}
{"level":"info","message":"JTO/USDC: cache is up-to-date (1473 candles)","timestamp":"2026-06-22T12:53:58.267Z"}
{"level":"info","message":"Cache hit: LSK/USDC 12h — 413 candles from disk","timestamp":"2026-06-22T12:53:58.267Z"}
{"level":"info","message":"LSK/USDC: cache has 413 candles, fetching new ones since last close…","timestamp":"2026-06-22T12:53:58.267Z"}
{"level":"info","message":"Cache hit: LDO/USDC 12h — 1473 candles from disk","timestamp":"2026-06-22T12:53:58.317Z"}
{"level":"info","message":"LDO/USDC: cache is up-to-date (1473 candles)","timestamp":"2026-06-22T12:53:58.317Z"}
{"level":"info","message":"Cache hit: MANTA/USDC 12h — 1473 candles from disk","timestamp":"2026-06-22T12:53:58.319Z"}
{"level":"info","message":"MANTA/USDC: cache is up-to-date (1473 candles)","timestamp":"2026-06-22T12:53:58.319Z"}
{"level":"info","message":"Cache hit: PAXG/USDC 12h — 868 candles from disk","timestamp":"2026-06-22T12:53:58.320Z"}
{"level":"info","message":"PAXG/USDC: cache is up-to-date (868 candles)","timestamp":"2026-06-22T12:53:58.321Z"}
{"level":"info","message":"Cache hit: PIXEL/USDC 12h — 1473 candles from disk","timestamp":"2026-06-22T12:53:58.322Z"}
{"level":"info","message":"PIXEL/USDC: cache is up-to-date (1473 candles)","timestamp":"2026-06-22T12:53:58.322Z"}
{"level":"info","message":"Cache hit: SUI/USDC 12h — 1473 candles from disk","timestamp":"2026-06-22T12:53:58.324Z"}
{"level":"info","message":"SUI/USDC: cache is up-to-date (1473 candles)","timestamp":"2026-06-22T12:53:58.324Z"}
{"level":"info","message":"Cache hit: THETA/USDC 12h — 892 candles from disk","timestamp":"2026-06-22T12:53:58.325Z"}
{"level":"info","message":"THETA/USDC: cache is up-to-date (892 candles)","timestamp":"2026-06-22T12:53:58.325Z"}
{"level":"info","message":"Cache hit: TIA/USDC 12h — 1473 candles from disk","timestamp":"2026-06-22T12:53:58.327Z"}
{"level":"info","message":"TIA/USDC: cache is up-to-date (1473 candles)","timestamp":"2026-06-22T12:53:58.328Z"}
{"level":"info","message":"Cache hit: VANRY/USDC 12h — 920 candles from disk","timestamp":"2026-06-22T12:53:58.329Z"}
{"level":"info","message":"VANRY/USDC: cache is up-to-date (920 candles)","timestamp":"2026-06-22T12:53:58.329Z"}
{"level":"info","message":"Cache hit: SOL/USDC 12h — 1473 candles from disk","timestamp":"2026-06-22T12:53:58.331Z"}
{"level":"info","message":"SOL/USDC: cache is up-to-date (1473 candles)","timestamp":"2026-06-22T12:53:58.331Z"}
{"level":"info","message":"Cache hit: ADA/USDC 12h — 1473 candles from disk","timestamp":"2026-06-22T12:53:58.333Z"}
{"level":"info","message":"ADA/USDC: cache is up-to-date (1473 candles)","timestamp":"2026-06-22T12:53:58.333Z"}
{"level":"info","message":"Cache hit: AVAX/USDC 12h — 1473 candles from disk","timestamp":"2026-06-22T12:53:58.335Z"}
{"level":"info","message":"AVAX/USDC: cache is up-to-date (1473 candles)","timestamp":"2026-06-22T12:53:58.335Z"}
{"level":"info","message":"Cache hit: DOGE/USDC 12h — 1473 candles from disk","timestamp":"2026-06-22T12:53:58.337Z"}
{"level":"info","message":"DOGE/USDC: cache is up-to-date (1473 candles)","timestamp":"2026-06-22T12:53:58.337Z"}
{"level":"info","message":"Cache hit: INJ/USDC 12h — 1473 candles from disk","timestamp":"2026-06-22T12:53:58.339Z"}
{"level":"info","message":"INJ/USDC: cache is up-to-date (1473 candles)","timestamp":"2026-06-22T12:53:58.339Z"}
{"level":"info","message":"Cache hit: ETH/USDC 12h — 1473 candles from disk","timestamp":"2026-06-22T12:53:58.341Z"}
{"level":"info","message":"ETH/USDC: cache is up-to-date (1473 candles)","timestamp":"2026-06-22T12:53:58.341Z"}
{"level":"info","message":"Cache hit: WLD/USDC 12h — 1473 candles from disk","timestamp":"2026-06-22T12:53:58.343Z"}
{"level":"info","message":"WLD/USDC: cache is up-to-date (1473 candles)","timestamp":"2026-06-22T12:53:58.343Z"}
{"level":"info","message":"Cache hit: PEPE/USDC 12h — 1473 candles from disk","timestamp":"2026-06-22T12:53:58.345Z"}
{"level":"info","message":"PEPE/USDC: cache is up-to-date (1473 candles)","timestamp":"2026-06-22T12:53:58.345Z"}
{"level":"info","message":"Cache hit: TON/USDC 12h — 1340 candles from disk","timestamp":"2026-06-22T12:53:58.346Z"}
{"level":"info","message":"TON/USDC: cache is up-to-date (1340 candles)","timestamp":"2026-06-22T12:53:58.347Z"}
{"level":"info","message":"Cache hit: RENDER/USDC 12h — 1394 candles from disk","timestamp":"2026-06-22T12:53:58.348Z"}
{"level":"info","message":"RENDER/USDC: cache is up-to-date (1394 candles)","timestamp":"2026-06-22T12:53:58.348Z"}
{"level":"info","message":"Cache hit: ICP/USDC 12h — 1473 candles from disk","timestamp":"2026-06-22T12:53:58.350Z"}
{"level":"info","message":"ICP/USDC: cache is up-to-date (1473 candles)","timestamp":"2026-06-22T12:53:58.350Z"}
{"level":"info","message":"Cache hit: ENA/USDC 12h — 1473 candles from disk","timestamp":"2026-06-22T12:53:58.352Z"}
{"level":"info","message":"ENA/USDC: cache is up-to-date (1473 candles)","timestamp":"2026-06-22T12:53:58.352Z"}
{"level":"info","message":"Cache hit: APT/USDC 12h — 1473 candles from disk","timestamp":"2026-06-22T12:53:58.354Z"}
{"level":"info","message":"APT/USDC: cache is up-to-date (1473 candles)","timestamp":"2026-06-22T12:53:58.354Z"}
{"level":"info","message":"Cache hit: ARB/USDC 12h — 1473 candles from disk","timestamp":"2026-06-22T12:53:58.356Z"}
{"level":"info","message":"ARB/USDC: cache is up-to-date (1473 candles)","timestamp":"2026-06-22T12:53:58.356Z"}
{"level":"info","message":"Cache hit: JUP/USDC 12h — 1473 candles from disk","timestamp":"2026-06-22T12:53:58.358Z"}
{"level":"info","message":"JUP/USDC: cache is up-to-date (1473 candles)","timestamp":"2026-06-22T12:53:58.358Z"}
{"level":"debug","message":"Cache saved: BTC/USDC 12h — 1473 candles","timestamp":"2026-06-22T12:53:58.463Z"}
{"level":"info","message":"BTC/USDC: 1473 12h candles ready","timestamp":"2026-06-22T12:53:58.464Z"}
{"level":"debug","message":"Cache saved: XRP/USDC 12h — 1473 candles","timestamp":"2026-06-22T12:53:58.464Z"}
{"level":"info","message":"XRP/USDC: 1473 12h candles ready","timestamp":"2026-06-22T12:53:58.464Z"}
{"level":"debug","message":"Cache saved: LINK/USDC 12h — 1473 candles","timestamp":"2026-06-22T12:53:58.464Z"}
{"level":"info","message":"LINK/USDC: 1473 12h candles ready","timestamp":"2026-06-22T12:53:58.465Z"}
{"level":"debug","message":"Cache saved: LTC/USDC 12h — 1473 candles","timestamp":"2026-06-22T12:53:58.465Z"}
{"level":"info","message":"LTC/USDC: 1473 12h candles ready","timestamp":"2026-06-22T12:53:58.465Z"}
{"level":"debug","message":"Cache saved: BNB/USDC 12h — 1473 candles","timestamp":"2026-06-22T12:53:58.465Z"}
{"level":"info","message":"BNB/USDC: 1473 12h candles ready","timestamp":"2026-06-22T12:53:58.465Z"}
{"level":"debug","message":"Cache saved: NEAR/USDC 12h — 1473 candles","timestamp":"2026-06-22T12:53:58.466Z"}
{"level":"info","message":"NEAR/USDC: 1473 12h candles ready","timestamp":"2026-06-22T12:53:58.466Z"}
{"level":"debug","message":"Cache saved: TRX/USDC 12h — 1314 candles","timestamp":"2026-06-22T12:53:58.466Z"}
{"level":"info","message":"TRX/USDC: 1314 12h candles ready","timestamp":"2026-06-22T12:53:58.466Z"}
{"level":"debug","message":"Cache saved: ACH/USDC 12h — 854 candles","timestamp":"2026-06-22T12:53:58.466Z"}
{"level":"info","message":"ACH/USDC: 854 12h candles ready","timestamp":"2026-06-22T12:53:58.467Z"}
{"level":"debug","message":"Cache saved: BCH/USDC 12h — 1473 candles","timestamp":"2026-06-22T12:53:58.468Z"}
{"level":"info","message":"BCH/USDC: 1473 12h candles ready","timestamp":"2026-06-22T12:53:58.468Z"}
{"level":"debug","message":"Cache saved: ENS/USDC 12h — 1473 candles","timestamp":"2026-06-22T12:53:58.468Z"}
{"level":"info","message":"ENS/USDC: 1473 12h candles ready","timestamp":"2026-06-22T12:53:58.468Z"}
{"level":"debug","message":"Cache saved: GMX/USDC 12h — 924 candles","timestamp":"2026-06-22T12:53:58.469Z"}
{"level":"info","message":"GMX/USDC: 924 12h candles ready","timestamp":"2026-06-22T12:53:58.469Z"}
{"level":"debug","message":"Cache saved: CRV/USDC 12h — 1473 candles","timestamp":"2026-06-22T12:53:58.469Z"}
{"level":"info","message":"CRV/USDC: 1473 12h candles ready","timestamp":"2026-06-22T12:53:58.469Z"}
{"level":"debug","message":"Cache saved: PAXG/USDC 12h — 868 candles","timestamp":"2026-06-22T12:53:58.469Z"}
{"level":"info","message":"PAXG/USDC: 868 12h candles ready","timestamp":"2026-06-22T12:53:58.469Z"}
{"level":"debug","message":"Cache saved: LDO/USDC 12h — 1473 candles","timestamp":"2026-06-22T12:53:58.469Z"}
{"level":"info","message":"LDO/USDC: 1473 12h candles ready","timestamp":"2026-06-22T12:53:58.470Z"}
{"level":"debug","message":"Cache saved: JTO/USDC 12h — 1473 candles","timestamp":"2026-06-22T12:53:58.470Z"}
{"level":"info","message":"JTO/USDC: 1473 12h candles ready","timestamp":"2026-06-22T12:53:58.470Z"}
{"level":"debug","message":"Cache saved: MANTA/USDC 12h — 1473 candles","timestamp":"2026-06-22T12:53:58.470Z"}
{"level":"info","message":"MANTA/USDC: 1473 12h candles ready","timestamp":"2026-06-22T12:53:58.470Z"}
{"level":"debug","message":"Cache saved: THETA/USDC 12h — 892 candles","timestamp":"2026-06-22T12:53:58.471Z"}
{"level":"info","message":"THETA/USDC: 892 12h candles ready","timestamp":"2026-06-22T12:53:58.471Z"}
{"level":"debug","message":"Cache saved: TIA/USDC 12h — 1473 candles","timestamp":"2026-06-22T12:53:58.471Z"}
{"level":"info","message":"TIA/USDC: 1473 12h candles ready","timestamp":"2026-06-22T12:53:58.471Z"}
{"level":"debug","message":"Cache saved: SUI/USDC 12h — 1473 candles","timestamp":"2026-06-22T12:53:58.471Z"}
{"level":"info","message":"SUI/USDC: 1473 12h candles ready","timestamp":"2026-06-22T12:53:58.471Z"}
{"level":"debug","message":"Cache saved: VANRY/USDC 12h — 920 candles","timestamp":"2026-06-22T12:53:58.471Z"}
{"level":"info","message":"VANRY/USDC: 920 12h candles ready","timestamp":"2026-06-22T12:53:58.472Z"}
{"level":"debug","message":"Cache saved: SOL/USDC 12h — 1473 candles","timestamp":"2026-06-22T12:53:58.472Z"}
{"level":"info","message":"SOL/USDC: 1473 12h candles ready","timestamp":"2026-06-22T12:53:58.472Z"}
{"level":"debug","message":"Cache saved: ADA/USDC 12h — 1473 candles","timestamp":"2026-06-22T12:53:58.472Z"}
{"level":"info","message":"ADA/USDC: 1473 12h candles ready","timestamp":"2026-06-22T12:53:58.472Z"}
{"level":"debug","message":"Cache saved: PIXEL/USDC 12h — 1473 candles","timestamp":"2026-06-22T12:53:58.473Z"}
{"level":"info","message":"PIXEL/USDC: 1473 12h candles ready","timestamp":"2026-06-22T12:53:58.473Z"}
{"level":"debug","message":"Cache saved: AVAX/USDC 12h — 1473 candles","timestamp":"2026-06-22T12:53:58.473Z"}
{"level":"info","message":"AVAX/USDC: 1473 12h candles ready","timestamp":"2026-06-22T12:53:58.473Z"}
{"level":"debug","message":"Cache saved: ETH/USDC 12h — 1473 candles","timestamp":"2026-06-22T12:53:58.477Z"}
{"level":"info","message":"ETH/USDC: 1473 12h candles ready","timestamp":"2026-06-22T12:53:58.477Z"}
{"level":"debug","message":"Cache saved: TON/USDC 12h — 1340 candles","timestamp":"2026-06-22T12:53:58.477Z"}
{"level":"info","message":"TON/USDC: 1340 12h candles ready","timestamp":"2026-06-22T12:53:58.477Z"}
{"level":"debug","message":"Cache saved: ENA/USDC 12h — 1473 candles","timestamp":"2026-06-22T12:53:58.477Z"}
{"level":"info","message":"ENA/USDC: 1473 12h candles ready","timestamp":"2026-06-22T12:53:58.478Z"}
{"level":"debug","message":"Cache saved: WLD/USDC 12h — 1473 candles","timestamp":"2026-06-22T12:53:58.478Z"}
{"level":"info","message":"WLD/USDC: 1473 12h candles ready","timestamp":"2026-06-22T12:53:58.478Z"}
{"level":"debug","message":"Cache saved: INJ/USDC 12h — 1473 candles","timestamp":"2026-06-22T12:53:58.478Z"}
{"level":"info","message":"INJ/USDC: 1473 12h candles ready","timestamp":"2026-06-22T12:53:58.478Z"}
{"level":"debug","message":"Cache saved: ICP/USDC 12h — 1473 candles","timestamp":"2026-06-22T12:53:58.479Z"}
{"level":"info","message":"ICP/USDC: 1473 12h candles ready","timestamp":"2026-06-22T12:53:58.479Z"}
{"level":"debug","message":"Cache saved: PEPE/USDC 12h — 1473 candles","timestamp":"2026-06-22T12:53:58.479Z"}
{"level":"info","message":"PEPE/USDC: 1473 12h candles ready","timestamp":"2026-06-22T12:53:58.479Z"}
{"level":"debug","message":"Cache saved: APT/USDC 12h — 1473 candles","timestamp":"2026-06-22T12:53:58.479Z"}
{"level":"info","message":"APT/USDC: 1473 12h candles ready","timestamp":"2026-06-22T12:53:58.479Z"}
{"level":"debug","message":"Cache saved: DOGE/USDC 12h — 1473 candles","timestamp":"2026-06-22T12:53:58.480Z"}
{"level":"info","message":"DOGE/USDC: 1473 12h candles ready","timestamp":"2026-06-22T12:53:58.480Z"}
{"level":"debug","message":"Cache saved: ARB/USDC 12h — 1473 candles","timestamp":"2026-06-22T12:53:58.480Z"}
{"level":"info","message":"ARB/USDC: 1473 12h candles ready","timestamp":"2026-06-22T12:53:58.480Z"}
{"level":"debug","message":"Cache saved: JUP/USDC 12h — 1473 candles","timestamp":"2026-06-22T12:53:58.480Z"}
{"level":"info","message":"JUP/USDC: 1473 12h candles ready","timestamp":"2026-06-22T12:53:58.480Z"}
{"level":"debug","message":"Cache saved: RENDER/USDC 12h — 1394 candles","timestamp":"2026-06-22T12:53:58.481Z"}
{"level":"info","message":"RENDER/USDC: 1394 12h candles ready","timestamp":"2026-06-22T12:53:58.481Z"}
{"level":"info","message":"LSK/USDC: appended 0 new candles","timestamp":"2026-06-22T12:54:01.513Z"}
{"level":"debug","message":"Cache saved: LSK/USDC 12h — 413 candles","timestamp":"2026-06-22T12:54:01.517Z"}
{"level":"info","message":"LSK/USDC: 413 12h candles ready","timestamp":"2026-06-22T12:54:01.517Z"}
{"level":"info","message":"[LIVE] TIA/USDC: restored persisted stop=0.37724500 HWM=0.39710000","timestamp":"2026-06-22T12:54:02.561Z"}
{"level":"debug","message":"[LIVE] TIA/USDC: 42 candles checked, none reached BE level 0.416955","timestamp":"2026-06-22T12:54:02.846Z"}
{"level":"info","message":"[LIVE] Restored position from exchange: TIA/USDC qty=48.074286 entry=0.3971 notional=$18.94 SL=0.377245","timestamp":"2026-06-22T12:54:02.847Z"}
{"level":"debug","message":"[AGG] BTC/USDC: strategy[0]=unknown → HOLD conf=0.20 \"No EMA crossover (fast 64140.8994 vs slow 64522.6812)\"","timestamp":"2026-06-22T12:54:03.693Z"}
{"level":"debug","message":"[AGG] BTC/USDC: strategy[1]=unknown → HOLD conf=0.10 \"PSAR downtrend continues (SAR 65352.1574)\"","timestamp":"2026-06-22T12:54:03.694Z"}
{"level":"debug","message":"[AGG] BTC/USDC: strategy[2]=unknown → SELL conf=0.62 \"HA flipped bearish ↓ after 4-bar bull streak\"","timestamp":"2026-06-22T12:54:03.694Z"}
{"level":"debug","message":"[AGG] BTC/USDC: votes BUY=0.00 SELL=1.00 HOLD=2.00 total_weight=1.00 external=0","timestamp":"2026-06-22T12:54:03.694Z"}
{"level":"debug","message":"[AGG] BTC/USDC: decision=HOLD confidence=2.00 tie=false belowMin=false (minConf=0.55)","timestamp":"2026-06-22T12:54:03.694Z"}
{"level":"debug","message":"[AGG] XRP/USDC: strategy[0]=unknown → HOLD conf=0.20 \"Price 1.1470 inside BB [1.0963–1.2398]\"","timestamp":"2026-06-22T12:54:03.725Z"}
{"level":"debug","message":"[AGG] XRP/USDC: strategy[1]=unknown → BUY conf=0.62 \"Stoch K=16.4 crossed above D=14.8 in oversold zone\"","timestamp":"2026-06-22T12:54:03.725Z"}
{"level":"debug","message":"[AGG] XRP/USDC: strategy[2]=unknown → HOLD conf=0.20 \"No EMA crossover (fast 1.1540 vs slow 1.1657)\"","timestamp":"2026-06-22T12:54:03.725Z"}
{"level":"debug","message":"[AGG] XRP/USDC: votes BUY=1.00 SELL=0.00 HOLD=2.00 total_weight=1.00 external=0","timestamp":"2026-06-22T12:54:03.725Z"}
{"level":"debug","message":"[AGG] XRP/USDC: decision=HOLD confidence=2.00 tie=false belowMin=false (minConf=0.55)","timestamp":"2026-06-22T12:54:03.725Z"}
{"level":"debug","message":"[AGG] LINK/USDC: strategy[0]=unknown → HOLD conf=0.20 \"Price 8.0800 inside BB [7.7452–8.3529]\"","timestamp":"2026-06-22T12:54:03.752Z"}
{"level":"debug","message":"[AGG] LINK/USDC: strategy[1]=unknown → HOLD conf=0.20 \"Stoch K=37.9 D=26.1 — no crossover in extreme zone\"","timestamp":"2026-06-22T12:54:03.752Z"}
{"level":"debug","message":"[AGG] LINK/USDC: strategy[2]=unknown → HOLD conf=0.10 \"Supertrend downtrend continues (ST 8.4740)\"","timestamp":"2026-06-22T12:54:03.752Z"}
{"level":"debug","message":"[AGG] LINK/USDC: votes BUY=0.00 SELL=0.00 HOLD=3.00 total_weight=0.00 external=0","timestamp":"2026-06-22T12:54:03.752Z"}
{"level":"debug","message":"[AGG] LINK/USDC: decision=HOLD confidence=0.00 tie=false belowMin=true (minConf=0.7)","timestamp":"2026-06-22T12:54:03.752Z"}
{"level":"debug","message":"[AGG] BNB/USDC: strategy[0]=unknown → HOLD conf=0.20 \"%R -57.6 neutral\"","timestamp":"2026-06-22T12:54:03.757Z"}
{"level":"debug","message":"[AGG] BNB/USDC: strategy[1]=unknown → HOLD conf=0.15 \"HA bullish continuation\"","timestamp":"2026-06-22T12:54:03.757Z"}
{"level":"debug","message":"[AGG] BNB/USDC: strategy[2]=unknown → SELL conf=0.62 \"Resistance 597.8000 (2×)\"","timestamp":"2026-06-22T12:54:03.757Z"}
{"level":"debug","message":"[AGG] BNB/USDC: votes BUY=0.00 SELL=1.00 HOLD=2.00 total_weight=1.00 external=0","timestamp":"2026-06-22T12:54:03.757Z"}
{"level":"debug","message":"[AGG] BNB/USDC: decision=HOLD confidence=2.00 tie=false belowMin=false (minConf=0.55)","timestamp":"2026-06-22T12:54:03.757Z"}
{"level":"debug","message":"[AGG] LTC/USDC: strategy[0]=unknown → HOLD conf=0.20 \"Price 45.2300 inside BB [43.0487–46.2013]\"","timestamp":"2026-06-22T12:54:03.764Z"}
{"level":"debug","message":"[AGG] LTC/USDC: strategy[1]=unknown → HOLD conf=0.20 \"No EMA crossover (fast 44.6240 vs slow 44.7495)\"","timestamp":"2026-06-22T12:54:03.764Z"}
{"level":"debug","message":"[AGG] LTC/USDC: strategy[2]=unknown → HOLD conf=0.20 \"%R -32.6 neutral\"","timestamp":"2026-06-22T12:54:03.764Z"}
{"level":"debug","message":"[AGG] LTC/USDC: votes BUY=0.00 SELL=0.00 HOLD=3.00 total_weight=0.00 external=0","timestamp":"2026-06-22T12:54:03.764Z"}
{"level":"debug","message":"[AGG] LTC/USDC: decision=HOLD confidence=0.00 tie=false belowMin=true (minConf=0.55)","timestamp":"2026-06-22T12:54:03.765Z"}
{"level":"debug","message":"[AGG] NEAR/USDC: strategy[0]=unknown → HOLD conf=0.20 \"RSI 48.3 neutral\"","timestamp":"2026-06-22T12:54:03.781Z"}
{"level":"debug","message":"[AGG] NEAR/USDC: strategy[1]=unknown → HOLD conf=0.20 \"Price 2.1650 inside BB [1.9706–2.4523]\"","timestamp":"2026-06-22T12:54:03.781Z"}
{"level":"debug","message":"[AGG] NEAR/USDC: strategy[2]=unknown → HOLD conf=0.20 \"Stoch K=16.9 D=23.9 — no crossover in extreme zone\"","timestamp":"2026-06-22T12:54:03.781Z"}
{"level":"debug","message":"[AGG] NEAR/USDC: strategy[3]=unknown → HOLD conf=0.10 \"No significant S/R zone nearby\"","timestamp":"2026-06-22T12:54:03.781Z"}
{"level":"debug","message":"[AGG] NEAR/USDC: votes BUY=0.00 SELL=0.00 HOLD=4.00 total_weight=0.00 external=0","timestamp":"2026-06-22T12:54:03.781Z"}
{"level":"debug","message":"[AGG] NEAR/USDC: decision=HOLD confidence=0.00 tie=false belowMin=true (minConf=0.7)","timestamp":"2026-06-22T12:54:03.781Z"}
{"level":"debug","message":"[AGG] TRX/USDC: strategy[0]=unknown → HOLD conf=0.90 \"CCI 199.2 overbought — still rising, wait\"","timestamp":"2026-06-22T12:54:03.795Z"}
{"level":"debug","message":"[AGG] TRX/USDC: strategy[1]=unknown → HOLD conf=0.20 \"Stoch K=97.4 D=96.8 — no crossover in extreme zone\"","timestamp":"2026-06-22T12:54:03.795Z"}
{"level":"debug","message":"[AGG] TRX/USDC: strategy[2]=unknown → HOLD conf=0.20 \"StochRSI K=100.0 D=100.0 — no extreme crossover\"","timestamp":"2026-06-22T12:54:03.795Z"}
{"level":"debug","message":"[AGG] TRX/USDC: votes BUY=0.00 SELL=0.00 HOLD=3.00 total_weight=0.00 external=0","timestamp":"2026-06-22T12:54:03.795Z"}
{"level":"debug","message":"[AGG] TRX/USDC: decision=HOLD confidence=0.00 tie=false belowMin=true (minConf=0.7)","timestamp":"2026-06-22T12:54:03.795Z"}
{"level":"debug","message":"[AGG] BCH/USDC: strategy[0]=unknown → HOLD conf=0.20 \"Price 201.0000 inside BB [188.8657–224.9543]\"","timestamp":"2026-06-22T12:54:03.810Z"}
{"level":"debug","message":"[AGG] BCH/USDC: strategy[1]=unknown → HOLD conf=0.20 \"OBV below EMA-20 — no cross\"","timestamp":"2026-06-22T12:54:03.810Z"}
{"level":"debug","message":"[AGG] BCH/USDC: strategy[2]=unknown → HOLD conf=0.20 \"%R -78.3 neutral\"","timestamp":"2026-06-22T12:54:03.810Z"}
{"level":"debug","message":"[AGG] BCH/USDC: votes BUY=0.00 SELL=0.00 HOLD=3.00 total_weight=0.00 external=0","timestamp":"2026-06-22T12:54:03.810Z"}
{"level":"debug","message":"[AGG] BCH/USDC: decision=HOLD confidence=0.00 tie=false belowMin=true (minConf=0.55)","timestamp":"2026-06-22T12:54:03.811Z"}
{"level":"debug","message":"[AGG] ACH/USDC: strategy[0]=unknown → HOLD conf=0.20 \"RSI 40.3 neutral\"","timestamp":"2026-06-22T12:54:03.819Z"}
{"level":"debug","message":"[AGG] ACH/USDC: strategy[1]=unknown → HOLD conf=0.20 \"Price 0.0051 inside BB [0.0049–0.0057]\"","timestamp":"2026-06-22T12:54:03.819Z"}
{"level":"debug","message":"[AGG] ACH/USDC: strategy[2]=unknown → HOLD conf=0.20 \"CCI -80.1 neutral\"","timestamp":"2026-06-22T12:54:03.819Z"}
{"level":"debug","message":"[AGG] ACH/USDC: votes BUY=0.00 SELL=0.00 HOLD=3.00 total_weight=0.00 external=0","timestamp":"2026-06-22T12:54:03.819Z"}
{"level":"debug","message":"[AGG] ACH/USDC: decision=HOLD confidence=0.00 tie=false belowMin=true (minConf=0.7)","timestamp":"2026-06-22T12:54:03.819Z"}
{"level":"debug","message":"[AGG] CRV/USDC: strategy[0]=unknown → HOLD conf=0.10 \"ADX 21.6 < 25 — ranging, skip\"","timestamp":"2026-06-22T12:54:03.838Z"}
{"level":"debug","message":"[AGG] CRV/USDC: strategy[1]=unknown → BUY conf=0.79 \"StochRSI K=8.0 crossed above D=4.9 in oversold ↑\"","timestamp":"2026-06-22T12:54:03.838Z"}
{"level":"debug","message":"[AGG] CRV/USDC: strategy[2]=unknown → HOLD conf=0.10 \"No significant S/R zone nearby\"","timestamp":"2026-06-22T12:54:03.838Z"}
{"level":"debug","message":"[AGG] CRV/USDC: votes BUY=1.00 SELL=0.00 HOLD=2.00 total_weight=1.00 external=0","timestamp":"2026-06-22T12:54:03.838Z"}
{"level":"debug","message":"[AGG] CRV/USDC: decision=HOLD confidence=2.00 tie=false belowMin=false (minConf=0.55)","timestamp":"2026-06-22T12:54:03.838Z"}
{"level":"debug","message":"[AGG] ENS/USDC: strategy[0]=unknown → HOLD conf=0.20 \"Price 4.7100 inside BB [4.5886–5.5854]\"","timestamp":"2026-06-22T12:54:03.844Z"}
{"level":"debug","message":"[AGG] ENS/USDC: strategy[1]=unknown → HOLD conf=0.10 \"PSAR downtrend continues (SAR 5.3516)\"","timestamp":"2026-06-22T12:54:03.844Z"}
{"level":"debug","message":"[AGG] ENS/USDC: strategy[2]=unknown → HOLD conf=0.10 \"No significant S/R zone nearby\"","timestamp":"2026-06-22T12:54:03.844Z"}
{"level":"debug","message":"[AGG] ENS/USDC: votes BUY=0.00 SELL=0.00 HOLD=3.00 total_weight=0.00 external=0","timestamp":"2026-06-22T12:54:03.844Z"}
{"level":"debug","message":"[AGG] ENS/USDC: decision=HOLD confidence=0.00 tie=false belowMin=true (minConf=0.55)","timestamp":"2026-06-22T12:54:03.845Z"}
{"level":"debug","message":"[AGG] GMX/USDC: strategy[0]=unknown → HOLD conf=0.20 \"RSI 53.0 neutral\"","timestamp":"2026-06-22T12:54:03.852Z"}
{"level":"debug","message":"[AGG] GMX/USDC: strategy[1]=unknown → HOLD conf=0.20 \"Price 5.9400 inside BB [5.4576–6.1844]\"","timestamp":"2026-06-22T12:54:03.852Z"}
{"level":"debug","message":"[AGG] GMX/USDC: strategy[2]=unknown → HOLD conf=0.20 \"CCI 43.1 neutral\"","timestamp":"2026-06-22T12:54:03.852Z"}
{"level":"debug","message":"[AGG] GMX/USDC: votes BUY=0.00 SELL=0.00 HOLD=3.00 total_weight=0.00 external=0","timestamp":"2026-06-22T12:54:03.852Z"}
{"level":"debug","message":"[AGG] GMX/USDC: decision=HOLD confidence=0.00 tie=false belowMin=true (minConf=0.7)","timestamp":"2026-06-22T12:54:03.852Z"}
{"level":"debug","message":"[AGG] JTO/USDC: strategy[0]=unknown → HOLD conf=0.20 \"CCI -23.8 neutral\"","timestamp":"2026-06-22T12:54:03.862Z"}
{"level":"debug","message":"[AGG] JTO/USDC: strategy[1]=unknown → HOLD conf=0.10 \"PSAR downtrend continues (SAR 0.8593)\"","timestamp":"2026-06-22T12:54:03.862Z"}
{"level":"debug","message":"[AGG] JTO/USDC: strategy[2]=unknown → HOLD conf=0.10 \"No significant S/R zone nearby\"","timestamp":"2026-06-22T12:54:03.862Z"}
{"level":"debug","message":"[AGG] JTO/USDC: votes BUY=0.00 SELL=0.00 HOLD=3.00 total_weight=0.00 external=0","timestamp":"2026-06-22T12:54:03.862Z"}
{"level":"debug","message":"[AGG] JTO/USDC: decision=HOLD confidence=0.00 tie=false belowMin=true (minConf=0.55)","timestamp":"2026-06-22T12:54:03.862Z"}
{"level":"debug","message":"[AGG] LDO/USDC: strategy[0]=unknown → HOLD conf=0.20 \"MACD -0.0002 vs signal -0.0018 hist:0.0016\"","timestamp":"2026-06-22T12:54:03.873Z"}
{"level":"debug","message":"[AGG] LDO/USDC: strategy[1]=unknown → HOLD conf=0.10 \"ADX 20.9 < 25 — ranging, skip\"","timestamp":"2026-06-22T12:54:03.873Z"}
{"level":"debug","message":"[AGG] LDO/USDC: strategy[2]=unknown → HOLD conf=0.20 \"%R -61.0 neutral\"","timestamp":"2026-06-22T12:54:03.873Z"}
{"level":"debug","message":"[AGG] LDO/USDC: votes BUY=0.00 SELL=0.00 HOLD=3.00 total_weight=0.00 external=0","timestamp":"2026-06-22T12:54:03.873Z"}
{"level":"debug","message":"[AGG] LDO/USDC: decision=HOLD confidence=0.00 tie=false belowMin=true (minConf=0.55)","timestamp":"2026-06-22T12:54:03.873Z"}
{"level":"debug","message":"[AGG] LSK/USDC: strategy[0]=unknown → BUY conf=0.55 \"MACD crossed above signal hist:0.0001\"","timestamp":"2026-06-22T12:54:03.877Z"}
{"level":"debug","message":"[AGG] LSK/USDC: strategy[1]=unknown → HOLD conf=0.20 \"MFI 58.7 neutral\"","timestamp":"2026-06-22T12:54:03.877Z"}
{"level":"debug","message":"[AGG] LSK/USDC: strategy[2]=unknown → HOLD conf=0.10 \"PSAR downtrend continues (SAR 0.0960)\"","timestamp":"2026-06-22T12:54:03.877Z"}
{"level":"debug","message":"[AGG] LSK/USDC: votes BUY=1.00 SELL=0.00 HOLD=2.00 total_weight=1.00 external=0","timestamp":"2026-06-22T12:54:03.877Z"}
{"level":"debug","message":"[AGG] LSK/USDC: decision=HOLD confidence=2.00 tie=false belowMin=false (minConf=0.55)","timestamp":"2026-06-22T12:54:03.878Z"}
{"level":"debug","message":"[AGG] MANTA/USDC: strategy[0]=unknown → HOLD conf=0.20 \"RSI 48.7 neutral\"","timestamp":"2026-06-22T12:54:03.907Z"}
{"level":"debug","message":"[AGG] MANTA/USDC: strategy[1]=unknown → HOLD conf=0.20 \"Price 0.0799 inside BB [0.0787–0.0833]\"","timestamp":"2026-06-22T12:54:03.907Z"}
{"level":"debug","message":"[AGG] MANTA/USDC: strategy[2]=unknown → HOLD conf=0.20 \"CCI -77.7 neutral\"","timestamp":"2026-06-22T12:54:03.907Z"}
{"level":"debug","message":"[AGG] MANTA/USDC: votes BUY=0.00 SELL=0.00 HOLD=3.00 total_weight=0.00 external=0","timestamp":"2026-06-22T12:54:03.907Z"}
{"level":"debug","message":"[AGG] MANTA/USDC: decision=HOLD confidence=0.00 tie=false belowMin=true (minConf=0.7)","timestamp":"2026-06-22T12:54:03.907Z"}
{"level":"debug","message":"[AGG] PAXG/USDC: strategy[0]=unknown → HOLD conf=0.20 \"MACD -40.3398 vs signal -39.4025 hist:-0.9374\"","timestamp":"2026-06-22T12:54:03.914Z"}
{"level":"debug","message":"[AGG] PAXG/USDC: strategy[1]=unknown → SELL conf=0.58 \"ADX 26.5 downtrend (-DI 27.0 > +DI 19.7)\"","timestamp":"2026-06-22T12:54:03.914Z"}
{"level":"debug","message":"[AGG] PAXG/USDC: strategy[2]=unknown → HOLD conf=0.10 \"Supertrend downtrend continues (ST 4299.0234)\"","timestamp":"2026-06-22T12:54:03.915Z"}
{"level":"debug","message":"[AGG] PAXG/USDC: votes BUY=0.00 SELL=1.00 HOLD=2.00 total_weight=1.00 external=0","timestamp":"2026-06-22T12:54:03.915Z"}
{"level":"debug","message":"[AGG] PAXG/USDC: decision=HOLD confidence=2.00 tie=false belowMin=false (minConf=0.55)","timestamp":"2026-06-22T12:54:03.915Z"}
{"level":"debug","message":"[AGG] PIXEL/USDC: strategy[0]=unknown → HOLD conf=0.20 \"No EMA crossover (fast 0.0054 vs slow 0.0055)\"","timestamp":"2026-06-22T12:54:03.922Z"}
{"level":"debug","message":"[AGG] PIXEL/USDC: strategy[1]=unknown → BUY conf=0.48 \"ADX 22.4 uptrend (+DI 23.8 > -DI 22.6)\"","timestamp":"2026-06-22T12:54:03.923Z"}
{"level":"debug","message":"[AGG] PIXEL/USDC: strategy[2]=unknown → HOLD conf=0.10 \"No significant S/R zone nearby\"","timestamp":"2026-06-22T12:54:03.923Z"}
{"level":"debug","message":"[AGG] PIXEL/USDC: votes BUY=1.00 SELL=0.00 HOLD=2.00 total_weight=1.00 external=0","timestamp":"2026-06-22T12:54:03.923Z"}
{"level":"debug","message":"[AGG] PIXEL/USDC: decision=HOLD confidence=2.00 tie=false belowMin=false (minConf=0.55)","timestamp":"2026-06-22T12:54:03.923Z"}
{"level":"debug","message":"[AGG] SUI/USDC: strategy[0]=unknown → HOLD conf=0.20 \"RSI 44.5 neutral\"","timestamp":"2026-06-22T12:54:03.932Z"}
{"level":"debug","message":"[AGG] SUI/USDC: strategy[1]=unknown → HOLD conf=0.20 \"Stoch K=33.3 D=15.7 — no crossover in extreme zone\"","timestamp":"2026-06-22T12:54:03.932Z"}
{"level":"debug","message":"[AGG] SUI/USDC: strategy[2]=unknown → HOLD conf=0.51 \"MFI 19.5 oversold — still falling, wait\"","timestamp":"2026-06-22T12:54:03.932Z"}
{"level":"debug","message":"[AGG] SUI/USDC: votes BUY=0.00 SELL=0.00 HOLD=3.00 total_weight=0.00 external=0","timestamp":"2026-06-22T12:54:03.932Z"}
{"level":"debug","message":"[AGG] SUI/USDC: decision=HOLD confidence=0.00 tie=false belowMin=true (minConf=0.7)","timestamp":"2026-06-22T12:54:03.932Z"}
{"level":"debug","message":"[AGG] THETA/USDC: strategy[0]=unknown → HOLD conf=0.20 \"RSI 43.6 neutral\"","timestamp":"2026-06-22T12:54:03.937Z"}
{"level":"debug","message":"[AGG] THETA/USDC: strategy[1]=unknown → HOLD conf=0.20 \"CCI -81.2 neutral\"","timestamp":"2026-06-22T12:54:03.937Z"}
{"level":"debug","message":"[AGG] THETA/USDC: strategy[2]=unknown → SELL conf=0.55 \"OBV crossed below EMA-20 — volume sellers in control\"","timestamp":"2026-06-22T12:54:03.937Z"}
{"level":"debug","message":"[AGG] THETA/USDC: votes BUY=0.00 SELL=1.00 HOLD=2.00 total_weight=1.00 external=0","timestamp":"2026-06-22T12:54:03.937Z"}
{"level":"debug","message":"[AGG] THETA/USDC: decision=HOLD confidence=2.00 tie=false belowMin=false (minConf=0.55)","timestamp":"2026-06-22T12:54:03.937Z"}
{"level":"debug","message":"[AGG] TIA/USDC: strategy[0]=unknown → HOLD conf=0.20 \"CCI 55.8 neutral\"","timestamp":"2026-06-22T12:54:03.953Z"}
{"level":"debug","message":"[AGG] TIA/USDC: strategy[1]=unknown → BUY conf=0.85 \"MACD crossed above signal (above zero) ↑ hist:0.0007\"","timestamp":"2026-06-22T12:54:03.954Z"}
{"level":"debug","message":"[AGG] TIA/USDC: strategy[2]=unknown → BUY conf=0.73 \"HA flipped bullish ↑ after 8-bar bear streak\"","timestamp":"2026-06-22T12:54:03.954Z"}
{"level":"debug","message":"[AGG] TIA/USDC: votes BUY=2.00 SELL=0.00 HOLD=1.00 total_weight=2.00 external=0","timestamp":"2026-06-22T12:54:03.954Z"}
{"level":"debug","message":"[AGG] TIA/USDC: decision=BUY confidence=1.00 tie=false","timestamp":"2026-06-22T12:54:03.954Z"}
{"level":"debug","message":"[AGG] VANRY/USDC: strategy[0]=unknown → HOLD conf=0.20 \"No EMA crossover (fast 0.0035 vs slow 0.0035)\"","timestamp":"2026-06-22T12:54:03.960Z"}
{"level":"debug","message":"[AGG] VANRY/USDC: strategy[1]=unknown → HOLD conf=0.20 \"MACD -0.0001 vs signal -0.0001 hist:0.0000\"","timestamp":"2026-06-22T12:54:03.960Z"}
{"level":"debug","message":"[AGG] VANRY/USDC: strategy[2]=unknown → BUY conf=0.65 \"ADX 32.0 uptrend (+DI 25.4 > -DI 16.2)\"","timestamp":"2026-06-22T12:54:03.961Z"}
{"level":"debug","message":"[AGG] VANRY/USDC: votes BUY=1.00 SELL=0.00 HOLD=2.00 total_weight=1.00 external=0","timestamp":"2026-06-22T12:54:03.961Z"}
{"level":"debug","message":"[AGG] VANRY/USDC: decision=HOLD confidence=2.00 tie=false belowMin=false (minConf=0.55)","timestamp":"2026-06-22T12:54:03.961Z"}
{"level":"debug","message":"[AGG] SOL/USDC: strategy[0]=unknown → HOLD conf=0.20 \"Price 74.1100 inside BB [66.5863–76.0487]\"","timestamp":"2026-06-22T12:54:03.970Z"}
{"level":"debug","message":"[AGG] SOL/USDC: strategy[1]=unknown → HOLD conf=0.20 \"%R -23.8 neutral\"","timestamp":"2026-06-22T12:54:03.970Z"}
{"level":"debug","message":"[AGG] SOL/USDC: strategy[2]=unknown → HOLD conf=0.20 \"StochRSI K=82.7 D=79.5 — no extreme crossover\"","timestamp":"2026-06-22T12:54:03.970Z"}
{"level":"debug","message":"[AGG] SOL/USDC: votes BUY=0.00 SELL=0.00 HOLD=3.00 total_weight=0.00 external=0","timestamp":"2026-06-22T12:54:03.970Z"}
{"level":"debug","message":"[AGG] SOL/USDC: decision=HOLD confidence=0.00 tie=false belowMin=true (minConf=0.55)","timestamp":"2026-06-22T12:54:03.970Z"}
{"level":"debug","message":"[AGG] ADA/USDC: strategy[0]=unknown → HOLD conf=0.20 \"RSI 37.1 neutral\"","timestamp":"2026-06-22T12:54:03.982Z"}
{"level":"debug","message":"[AGG] ADA/USDC: strategy[1]=unknown → HOLD conf=0.20 \"Price 0.1616 inside BB [0.1540–0.1838]\"","timestamp":"2026-06-22T12:54:03.982Z"}
{"level":"debug","message":"[AGG] ADA/USDC: strategy[2]=unknown → HOLD conf=0.20 \"CCI -93.2 neutral\"","timestamp":"2026-06-22T12:54:03.982Z"}
{"level":"debug","message":"[AGG] ADA/USDC: votes BUY=0.00 SELL=0.00 HOLD=3.00 total_weight=0.00 external=0","timestamp":"2026-06-22T12:54:03.982Z"}
{"level":"debug","message":"[AGG] ADA/USDC: decision=HOLD confidence=0.00 tie=false belowMin=true (minConf=0.55)","timestamp":"2026-06-22T12:54:03.982Z"}
{"level":"debug","message":"[AGG] AVAX/USDC: strategy[0]=unknown → HOLD conf=0.20 \"RSI 40.8 neutral\"","timestamp":"2026-06-22T12:54:03.986Z"}
{"level":"debug","message":"[AGG] AVAX/USDC: strategy[1]=unknown → HOLD conf=0.20 \"MACD -0.2584 vs signal -0.2813 hist:0.0229\"","timestamp":"2026-06-22T12:54:03.986Z"}
{"level":"debug","message":"[AGG] AVAX/USDC: strategy[2]=unknown → HOLD conf=0.10 \"PSAR downtrend continues (SAR 6.5285)\"","timestamp":"2026-06-22T12:54:03.986Z"}
{"level":"debug","message":"[AGG] AVAX/USDC: votes BUY=0.00 SELL=0.00 HOLD=3.00 total_weight=0.00 external=0","timestamp":"2026-06-22T12:54:03.986Z"}
{"level":"debug","message":"[AGG] AVAX/USDC: decision=HOLD confidence=0.00 tie=false belowMin=true (minConf=0.55)","timestamp":"2026-06-22T12:54:03.986Z"}
{"level":"debug","message":"[AGG] DOGE/USDC: strategy[0]=unknown → HOLD conf=0.20 \"No EMA crossover (fast 0.0843 vs slow 0.0858)\"","timestamp":"2026-06-22T12:54:03.988Z"}
{"level":"debug","message":"[AGG] DOGE/USDC: strategy[1]=unknown → HOLD conf=0.10 \"PSAR downtrend continues (SAR 0.0896)\"","timestamp":"2026-06-22T12:54:03.988Z"}
{"level":"debug","message":"[AGG] DOGE/USDC: strategy[2]=unknown → HOLD conf=0.15 \"HA bearish continuation\"","timestamp":"2026-06-22T12:54:03.988Z"}
{"level":"debug","message":"[AGG] DOGE/USDC: votes BUY=0.00 SELL=0.00 HOLD=3.00 total_weight=0.00 external=0","timestamp":"2026-06-22T12:54:03.988Z"}
{"level":"debug","message":"[AGG] DOGE/USDC: decision=HOLD confidence=0.00 tie=false belowMin=true (minConf=0.55)","timestamp":"2026-06-22T12:54:03.988Z"}
{"level":"debug","message":"[AGG] INJ/USDC: strategy[0]=unknown → HOLD conf=0.10 \"ADX 14.1 < 25 — ranging, skip\"","timestamp":"2026-06-22T12:54:03.999Z"}
{"level":"debug","message":"[AGG] INJ/USDC: strategy[1]=unknown → BUY conf=0.56 \"OBV crossed above EMA-20 — volume buyers in control\"","timestamp":"2026-06-22T12:54:03.999Z"}
{"level":"debug","message":"[AGG] INJ/USDC: strategy[2]=unknown → BUY conf=0.94 \"StochRSI K=0.7 crossed above D=0.2 in oversold ↑\"","timestamp":"2026-06-22T12:54:03.999Z"}
{"level":"debug","message":"[AGG] INJ/USDC: votes BUY=2.00 SELL=0.00 HOLD=1.00 total_weight=2.00 external=0","timestamp":"2026-06-22T12:54:03.999Z"}
{"level":"debug","message":"[AGG] INJ/USDC: decision=BUY confidence=1.00 tie=false","timestamp":"2026-06-22T12:54:03.999Z"}
{"level":"debug","message":"[AGG] ETH/USDC: strategy[0]=unknown → HOLD conf=0.10 \"Supertrend uptrend continues (ST 1631.9562)\"","timestamp":"2026-06-22T12:54:04.008Z"}
{"level":"debug","message":"[AGG] ETH/USDC: strategy[1]=unknown → HOLD conf=0.20 \"MFI 47.0 neutral\"","timestamp":"2026-06-22T12:54:04.009Z"}
{"level":"debug","message":"[AGG] ETH/USDC: strategy[2]=unknown → BUY conf=0.62 \"Support 1749.5100 (4×)\"","timestamp":"2026-06-22T12:54:04.009Z"}
{"level":"debug","message":"[AGG] ETH/USDC: votes BUY=1.00 SELL=0.00 HOLD=2.00 total_weight=1.00 external=0","timestamp":"2026-06-22T12:54:04.009Z"}
{"level":"debug","message":"[AGG] ETH/USDC: decision=HOLD confidence=2.00 tie=false belowMin=false (minConf=0.55)","timestamp":"2026-06-22T12:54:04.009Z"}
{"level":"debug","message":"[AGG] WLD/USDC: strategy[0]=unknown → HOLD conf=0.20 \"Price 0.6263 inside BB [0.4706–0.7186]\"","timestamp":"2026-06-22T12:54:04.019Z"}
{"level":"debug","message":"[AGG] WLD/USDC: strategy[1]=unknown → HOLD conf=0.20 \"CCI 47.6 neutral\"","timestamp":"2026-06-22T12:54:04.019Z"}
{"level":"debug","message":"[AGG] WLD/USDC: strategy[2]=unknown → BUY conf=0.88 \"ADX 49.7 uptrend (+DI 25.4 > -DI 7.4)\"","timestamp":"2026-06-22T12:54:04.019Z"}
{"level":"debug","message":"[AGG] WLD/USDC: votes BUY=1.00 SELL=0.00 HOLD=2.00 total_weight=1.00 external=0","timestamp":"2026-06-22T12:54:04.019Z"}
{"level":"debug","message":"[AGG] WLD/USDC: decision=HOLD confidence=2.00 tie=false belowMin=false (minConf=0.55)","timestamp":"2026-06-22T12:54:04.019Z"}
{"level":"debug","message":"[AGG] PEPE/USDC: strategy[0]=unknown → HOLD conf=0.20 \"No EMA crossover (fast 0.0000 vs slow 0.0000)\"","timestamp":"2026-06-22T12:54:04.023Z"}
{"level":"debug","message":"[AGG] PEPE/USDC: strategy[1]=unknown → HOLD conf=0.10 \"Supertrend downtrend continues (ST 0.0000)\"","timestamp":"2026-06-22T12:54:04.024Z"}
{"level":"debug","message":"[AGG] PEPE/USDC: strategy[2]=unknown → BUY conf=0.57 \"OBV crossed above EMA-20 — volume buyers in control\"","timestamp":"2026-06-22T12:54:04.024Z"}
{"level":"debug","message":"[AGG] PEPE/USDC: votes BUY=1.00 SELL=0.00 HOLD=2.00 total_weight=1.00 external=0","timestamp":"2026-06-22T12:54:04.024Z"}
{"level":"debug","message":"[AGG] PEPE/USDC: decision=HOLD confidence=2.00 tie=false belowMin=false (minConf=0.55)","timestamp":"2026-06-22T12:54:04.024Z"}
{"level":"debug","message":"[AGG] TON/USDC: strategy[0]=unknown → HOLD conf=0.20 \"No EMA crossover (fast 1.6573 vs slow 1.6797)\"","timestamp":"2026-06-22T12:54:04.029Z"}
{"level":"debug","message":"[AGG] TON/USDC: strategy[1]=unknown → HOLD conf=0.20 \"OBV above EMA-20 — no cross\"","timestamp":"2026-06-22T12:54:04.029Z"}
{"level":"debug","message":"[AGG] TON/USDC: strategy[2]=unknown → HOLD conf=0.20 \"StochRSI K=72.9 D=70.3 — no extreme crossover\"","timestamp":"2026-06-22T12:54:04.029Z"}
{"level":"debug","message":"[AGG] TON/USDC: votes BUY=0.00 SELL=0.00 HOLD=3.00 total_weight=0.00 external=0","timestamp":"2026-06-22T12:54:04.029Z"}
{"level":"debug","message":"[AGG] TON/USDC: decision=HOLD confidence=0.00 tie=false belowMin=true (minConf=0.55)","timestamp":"2026-06-22T12:54:04.029Z"}
{"level":"debug","message":"[AGG] RENDER/USDC: strategy[0]=unknown → HOLD conf=0.20 \"No EMA crossover (fast 1.7086 vs slow 1.7277)\"","timestamp":"2026-06-22T12:54:04.036Z"}
{"level":"debug","message":"[AGG] RENDER/USDC: strategy[1]=unknown → HOLD conf=0.20 \"OBV below EMA-20 — no cross\"","timestamp":"2026-06-22T12:54:04.036Z"}
{"level":"debug","message":"[AGG] RENDER/USDC: strategy[2]=unknown → HOLD conf=0.20 \"%R -70.7 neutral\"","timestamp":"2026-06-22T12:54:04.036Z"}
{"level":"debug","message":"[AGG] RENDER/USDC: votes BUY=0.00 SELL=0.00 HOLD=3.00 total_weight=0.00 external=0","timestamp":"2026-06-22T12:54:04.037Z"}
{"level":"debug","message":"[AGG] RENDER/USDC: decision=HOLD confidence=0.00 tie=false belowMin=true (minConf=0.55)","timestamp":"2026-06-22T12:54:04.037Z"}
{"level":"debug","message":"[AGG] ENA/USDC: strategy[0]=unknown → HOLD conf=0.20 \"RSI 60.1 neutral\"","timestamp":"2026-06-22T12:54:04.045Z"}
{"level":"debug","message":"[AGG] ENA/USDC: strategy[1]=unknown → HOLD conf=0.20 \"Price 0.0963 inside BB [0.0788–0.0969]\"","timestamp":"2026-06-22T12:54:04.046Z"}
{"level":"debug","message":"[AGG] ENA/USDC: strategy[2]=unknown → HOLD conf=0.57 \"CCI 116.8 overbought — still rising, wait\"","timestamp":"2026-06-22T12:54:04.046Z"}
{"level":"debug","message":"[AGG] ENA/USDC: votes BUY=0.00 SELL=0.00 HOLD=3.00 total_weight=0.00 external=0","timestamp":"2026-06-22T12:54:04.046Z"}
{"level":"debug","message":"[AGG] ENA/USDC: decision=HOLD confidence=0.00 tie=false belowMin=true (minConf=0.55)","timestamp":"2026-06-22T12:54:04.046Z"}
{"level":"debug","message":"[AGG] ICP/USDC: strategy[0]=unknown → HOLD conf=0.20 \"RSI 44.9 neutral\"","timestamp":"2026-06-22T12:54:04.052Z"}
{"level":"debug","message":"[AGG] ICP/USDC: strategy[1]=unknown → HOLD conf=0.20 \"Price 2.2950 inside BB [2.1570–2.5590]\"","timestamp":"2026-06-22T12:54:04.052Z"}
{"level":"debug","message":"[AGG] ICP/USDC: strategy[2]=unknown → BUY conf=0.55 \"Stoch K=27.8 crossed above D=23.7 in oversold zone\"","timestamp":"2026-06-22T12:54:04.052Z"}
{"level":"debug","message":"[AGG] ICP/USDC: votes BUY=1.00 SELL=0.00 HOLD=2.00 total_weight=1.00 external=0","timestamp":"2026-06-22T12:54:04.052Z"}
{"level":"debug","message":"[AGG] ICP/USDC: decision=HOLD confidence=2.00 tie=false belowMin=false (minConf=0.55)","timestamp":"2026-06-22T12:54:04.052Z"}
{"level":"debug","message":"[AGG] APT/USDC: strategy[0]=unknown → HOLD conf=0.20 \"Price 0.6800 inside BB [0.6233–0.6967]\"","timestamp":"2026-06-22T12:54:04.067Z"}
{"level":"debug","message":"[AGG] APT/USDC: strategy[1]=unknown → HOLD conf=0.20 \"Stoch K=65.3 D=48.5 — no crossover in extreme zone\"","timestamp":"2026-06-22T12:54:04.067Z"}
{"level":"debug","message":"[AGG] APT/USDC: strategy[2]=unknown → HOLD conf=0.20 \"MFI 58.5 neutral\"","timestamp":"2026-06-22T12:54:04.067Z"}
{"level":"debug","message":"[AGG] APT/USDC: votes BUY=0.00 SELL=0.00 HOLD=3.00 total_weight=0.00 external=0","timestamp":"2026-06-22T12:54:04.067Z"}
{"level":"debug","message":"[AGG] APT/USDC: decision=HOLD confidence=0.00 tie=false belowMin=true (minConf=0.55)","timestamp":"2026-06-22T12:54:04.067Z"}
{"level":"debug","message":"[AGG] ARB/USDC: strategy[0]=unknown → HOLD conf=0.20 \"RSI 51.4 neutral\"","timestamp":"2026-06-22T12:54:04.070Z"}
{"level":"debug","message":"[AGG] ARB/USDC: strategy[1]=unknown → HOLD conf=0.20 \"%R -43.7 neutral\"","timestamp":"2026-06-22T12:54:04.070Z"}
{"level":"debug","message":"[AGG] ARB/USDC: strategy[2]=unknown → HOLD conf=0.20 \"HA flipped but prior streak too short (1 < 3)\"","timestamp":"2026-06-22T12:54:04.071Z"}
{"level":"debug","message":"[AGG] ARB/USDC: votes BUY=0.00 SELL=0.00 HOLD=3.00 total_weight=0.00 external=0","timestamp":"2026-06-22T12:54:04.071Z"}
{"level":"debug","message":"[AGG] ARB/USDC: decision=HOLD confidence=0.00 tie=false belowMin=true (minConf=0.55)","timestamp":"2026-06-22T12:54:04.071Z"}
{"level":"debug","message":"[AGG] JUP/USDC: strategy[0]=unknown → HOLD conf=0.20 \"Price 0.2124 inside BB [0.1622–0.2217]\"","timestamp":"2026-06-22T12:54:04.078Z"}
{"level":"debug","message":"[AGG] JUP/USDC: strategy[1]=unknown → SELL conf=0.70 \"CCI 124.5 overbought ↓ reversal confirmed\"","timestamp":"2026-06-22T12:54:04.078Z"}
{"level":"debug","message":"[AGG] JUP/USDC: strategy[2]=unknown → HOLD conf=0.20 \"OBV above EMA-20 — no cross\"","timestamp":"2026-06-22T12:54:04.078Z"}
{"level":"debug","message":"[AGG] JUP/USDC: votes BUY=0.00 SELL=1.00 HOLD=2.00 total_weight=1.00 external=0","timestamp":"2026-06-22T12:54:04.078Z"}
{"level":"debug","message":"[AGG] JUP/USDC: decision=HOLD confidence=2.00 tie=false belowMin=false (minConf=0.55)","timestamp":"2026-06-22T12:54:04.078Z"}
{"level":"info","message":"Initial signals seeded for 37/37 symbols from cached candles","timestamp":"2026-06-22T12:54:04.079Z"}
{"level":"debug","message":"[CYCLE] ATR sizing: medianATRPct=3.73% (37 symbols)","timestamp":"2026-06-22T12:54:04.093Z"}
{"level":"debug","message":"[CYCLE] BTC macro: bull=false EMA200","timestamp":"2026-06-22T12:54:04.094Z"}
{"level":"warn","message":"Macro filter: BTC BELOW EMA200 — new positions reduced to 50%","timestamp":"2026-06-22T12:54:04.094Z"}
{"level":"debug","message":"[CYCLE] BTC/USDC: starting cycle, candles=1473 lastClose=65065.78000000 lastTs=2026-06-22T12:00:00.000Z","timestamp":"2026-06-22T12:54:04.547Z"}
{"level":"debug","message":"[AGG] BTC/USDC: strategy[0]=unknown → HOLD conf=0.20 \"No EMA crossover (fast 64140.8994 vs slow 64522.6812)\"","timestamp":"2026-06-22T12:54:04.549Z"}
{"level":"debug","message":"[AGG] BTC/USDC: strategy[1]=unknown → HOLD conf=0.10 \"PSAR downtrend continues (SAR 65352.1574)\"","timestamp":"2026-06-22T12:54:04.549Z"}
{"level":"debug","message":"[AGG] BTC/USDC: strategy[2]=unknown → SELL conf=0.62 \"HA flipped bearish ↓ after 4-bar bull streak\"","timestamp":"2026-06-22T12:54:04.549Z"}
{"level":"debug","message":"[AGG] BTC/USDC: votes BUY=0.00 SELL=1.00 HOLD=2.00 total_weight=1.00 external=0","timestamp":"2026-06-22T12:54:04.549Z"}
{"level":"debug","message":"[AGG] BTC/USDC: decision=HOLD confidence=2.00 tie=false belowMin=false (minConf=0.55)","timestamp":"2026-06-22T12:54:04.549Z"}
{"level":"debug","message":"[CYCLE] XRP/USDC: starting cycle, candles=1473 lastClose=1.15030000 lastTs=2026-06-22T12:00:00.000Z","timestamp":"2026-06-22T12:54:04.567Z"}
{"level":"debug","message":"[AGG] XRP/USDC: strategy[0]=unknown → HOLD conf=0.20 \"Price 1.1470 inside BB [1.0963–1.2398]\"","timestamp":"2026-06-22T12:54:04.573Z"}
{"level":"debug","message":"[AGG] XRP/USDC: strategy[1]=unknown → BUY conf=0.62 \"Stoch K=16.4 crossed above D=14.8 in oversold zone\"","timestamp":"2026-06-22T12:54:04.574Z"}
{"level":"debug","message":"[AGG] XRP/USDC: strategy[2]=unknown → HOLD conf=0.20 \"No EMA crossover (fast 1.1540 vs slow 1.1657)\"","timestamp":"2026-06-22T12:54:04.574Z"}
{"level":"debug","message":"[AGG] XRP/USDC: votes BUY=1.00 SELL=0.00 HOLD=2.00 total_weight=1.00 external=0","timestamp":"2026-06-22T12:54:04.574Z"}
{"level":"debug","message":"[AGG] XRP/USDC: decision=HOLD confidence=2.00 tie=false belowMin=false (minConf=0.55)","timestamp":"2026-06-22T12:54:04.574Z"}
{"level":"debug","message":"[CYCLE] LINK/USDC: starting cycle, candles=1473 lastClose=8.10000000 lastTs=2026-06-22T12:00:00.000Z","timestamp":"2026-06-22T12:54:04.585Z"}
{"level":"debug","message":"[AGG] LINK/USDC: strategy[0]=unknown → HOLD conf=0.20 \"Price 8.0800 inside BB [7.7452–8.3529]\"","timestamp":"2026-06-22T12:54:04.591Z"}
{"level":"debug","message":"[AGG] LINK/USDC: strategy[1]=unknown → HOLD conf=0.20 \"Stoch K=37.9 D=26.1 — no crossover in extreme zone\"","timestamp":"2026-06-22T12:54:04.591Z"}
{"level":"debug","message":"[AGG] LINK/USDC: strategy[2]=unknown → HOLD conf=0.10 \"Supertrend downtrend continues (ST 8.4740)\"","timestamp":"2026-06-22T12:54:04.591Z"}
{"level":"debug","message":"[AGG] LINK/USDC: votes BUY=0.00 SELL=0.00 HOLD=3.00 total_weight=0.00 external=0","timestamp":"2026-06-22T12:54:04.591Z"}
{"level":"debug","message":"[AGG] LINK/USDC: decision=HOLD confidence=0.00 tie=false belowMin=true (minConf=0.7)","timestamp":"2026-06-22T12:54:04.591Z"}
{"level":"debug","message":"[CYCLE] BNB/USDC: starting cycle, candles=1473 lastClose=599.31000000 lastTs=2026-06-22T12:00:00.000Z","timestamp":"2026-06-22T12:54:04.641Z"}
{"level":"debug","message":"[AGG] BNB/USDC: strategy[0]=unknown → HOLD conf=0.20 \"%R -57.6 neutral\"","timestamp":"2026-06-22T12:54:04.643Z"}
{"level":"debug","message":"[AGG] BNB/USDC: strategy[1]=unknown → HOLD conf=0.15 \"HA bullish continuation\"","timestamp":"2026-06-22T12:54:04.643Z"}
{"level":"debug","message":"[AGG] BNB/USDC: strategy[2]=unknown → SELL conf=0.62 \"Resistance 597.8000 (2×)\"","timestamp":"2026-06-22T12:54:04.644Z"}
{"level":"debug","message":"[AGG] BNB/USDC: votes BUY=0.00 SELL=1.00 HOLD=2.00 total_weight=1.00 external=0","timestamp":"2026-06-22T12:54:04.644Z"}
{"level":"debug","message":"[AGG] BNB/USDC: decision=HOLD confidence=2.00 tie=false belowMin=false (minConf=0.55)","timestamp":"2026-06-22T12:54:04.644Z"}
{"level":"debug","message":"[CYCLE] LTC/USDC: starting cycle, candles=1473 lastClose=45.45000000 lastTs=2026-06-22T12:00:00.000Z","timestamp":"2026-06-22T12:54:04.653Z"}
{"level":"debug","message":"[AGG] LTC/USDC: strategy[0]=unknown → HOLD conf=0.20 \"Price 45.2300 inside BB [43.0487–46.2013]\"","timestamp":"2026-06-22T12:54:04.658Z"}
{"level":"debug","message":"[AGG] LTC/USDC: strategy[1]=unknown → HOLD conf=0.20 \"No EMA crossover (fast 44.6240 vs slow 44.7495)\"","timestamp":"2026-06-22T12:54:04.658Z"}
{"level":"debug","message":"[AGG] LTC/USDC: strategy[2]=unknown → HOLD conf=0.20 \"%R -32.6 neutral\"","timestamp":"2026-06-22T12:54:04.658Z"}
{"level":"debug","message":"[AGG] LTC/USDC: votes BUY=0.00 SELL=0.00 HOLD=3.00 total_weight=0.00 external=0","timestamp":"2026-06-22T12:54:04.658Z"}
{"level":"debug","message":"[AGG] LTC/USDC: decision=HOLD confidence=0.00 tie=false belowMin=true (minConf=0.55)","timestamp":"2026-06-22T12:54:04.658Z"}
{"level":"debug","message":"[CYCLE] NEAR/USDC: starting cycle, candles=1473 lastClose=2.18000000 lastTs=2026-06-22T12:00:00.000Z","timestamp":"2026-06-22T12:54:04.673Z"}
{"level":"debug","message":"[AGG] NEAR/USDC: strategy[0]=unknown → HOLD conf=0.20 \"RSI 48.3 neutral\"","timestamp":"2026-06-22T12:54:04.687Z"}
{"level":"debug","message":"[AGG] NEAR/USDC: strategy[1]=unknown → HOLD conf=0.20 \"Price 2.1650 inside BB [1.9706–2.4523]\"","timestamp":"2026-06-22T12:54:04.687Z"}
{"level":"debug","message":"[AGG] NEAR/USDC: strategy[2]=unknown → HOLD conf=0.20 \"Stoch K=16.9 D=23.9 — no crossover in extreme zone\"","timestamp":"2026-06-22T12:54:04.687Z"}
{"level":"debug","message":"[AGG] NEAR/USDC: strategy[3]=unknown → HOLD conf=0.10 \"No significant S/R zone nearby\"","timestamp":"2026-06-22T12:54:04.687Z"}
{"level":"debug","message":"[AGG] NEAR/USDC: votes BUY=0.00 SELL=0.00 HOLD=4.00 total_weight=0.00 external=0","timestamp":"2026-06-22T12:54:04.687Z"}
{"level":"debug","message":"[AGG] NEAR/USDC: decision=HOLD confidence=0.00 tie=false belowMin=true (minConf=0.7)","timestamp":"2026-06-22T12:54:04.687Z"}
{"level":"debug","message":"[CYCLE] TRX/USDC: starting cycle, candles=1314 lastClose=0.33140000 lastTs=2026-06-22T12:00:00.000Z","timestamp":"2026-06-22T12:54:04.699Z"}
{"level":"debug","message":"[AGG] TRX/USDC: strategy[0]=unknown → HOLD conf=0.90 \"CCI 199.2 overbought — still rising, wait\"","timestamp":"2026-06-22T12:54:04.705Z"}
{"level":"debug","message":"[AGG] TRX/USDC: strategy[1]=unknown → HOLD conf=0.20 \"Stoch K=97.4 D=96.8 — no crossover in extreme zone\"","timestamp":"2026-06-22T12:54:04.705Z"}
{"level":"debug","message":"[AGG] TRX/USDC: strategy[2]=unknown → HOLD conf=0.20 \"StochRSI K=100.0 D=100.0 — no extreme crossover\"","timestamp":"2026-06-22T12:54:04.705Z"}
{"level":"debug","message":"[AGG] TRX/USDC: votes BUY=0.00 SELL=0.00 HOLD=3.00 total_weight=0.00 external=0","timestamp":"2026-06-22T12:54:04.705Z"}
{"level":"debug","message":"[AGG] TRX/USDC: decision=HOLD confidence=0.00 tie=false belowMin=true (minConf=0.7)","timestamp":"2026-06-22T12:54:04.705Z"}
{"level":"debug","message":"[CYCLE] BCH/USDC: starting cycle, candles=1473 lastClose=202.40000000 lastTs=2026-06-22T12:00:00.000Z","timestamp":"2026-06-22T12:54:04.718Z"}
{"level":"debug","message":"[AGG] BCH/USDC: strategy[0]=unknown → HOLD conf=0.20 \"Price 201.0000 inside BB [188.8657–224.9543]\"","timestamp":"2026-06-22T12:54:04.729Z"}
{"level":"debug","message":"[AGG] BCH/USDC: strategy[1]=unknown → HOLD conf=0.20 \"OBV below EMA-20 — no cross\"","timestamp":"2026-06-22T12:54:04.729Z"}
{"level":"debug","message":"[AGG] BCH/USDC: strategy[2]=unknown → HOLD conf=0.20 \"%R -78.3 neutral\"","timestamp":"2026-06-22T12:54:04.729Z"}
{"level":"debug","message":"[AGG] BCH/USDC: votes BUY=0.00 SELL=0.00 HOLD=3.00 total_weight=0.00 external=0","timestamp":"2026-06-22T12:54:04.729Z"}
{"level":"debug","message":"[AGG] BCH/USDC: decision=HOLD confidence=0.00 tie=false belowMin=true (minConf=0.55)","timestamp":"2026-06-22T12:54:04.729Z"}
{"level":"debug","message":"[CYCLE] ACH/USDC: starting cycle, candles=854 lastClose=0.00517000 lastTs=2026-06-22T12:00:00.000Z","timestamp":"2026-06-22T12:54:04.742Z"}
{"level":"debug","message":"[AGG] ACH/USDC: strategy[0]=unknown → HOLD conf=0.20 \"RSI 40.3 neutral\"","timestamp":"2026-06-22T12:54:04.746Z"}
{"level":"debug","message":"[AGG] ACH/USDC: strategy[1]=unknown → HOLD conf=0.20 \"Price 0.0051 inside BB [0.0049–0.0057]\"","timestamp":"2026-06-22T12:54:04.747Z"}
{"level":"debug","message":"[AGG] ACH/USDC: strategy[2]=unknown → HOLD conf=0.20 \"CCI -80.1 neutral\"","timestamp":"2026-06-22T12:54:04.747Z"}
{"level":"debug","message":"[AGG] ACH/USDC: votes BUY=0.00 SELL=0.00 HOLD=3.00 total_weight=0.00 external=0","timestamp":"2026-06-22T12:54:04.747Z"}
{"level":"debug","message":"[AGG] ACH/USDC: decision=HOLD confidence=0.00 tie=false belowMin=true (minConf=0.7)","timestamp":"2026-06-22T12:54:04.747Z"}
{"level":"debug","message":"[CYCLE] CRV/USDC: starting cycle, candles=1473 lastClose=0.21320000 lastTs=2026-06-22T12:00:00.000Z","timestamp":"2026-06-22T12:54:04.757Z"}
{"level":"debug","message":"[AGG] CRV/USDC: strategy[0]=unknown → HOLD conf=0.10 \"ADX 21.6 < 25 — ranging, skip\"","timestamp":"2026-06-22T12:54:04.763Z"}
{"level":"debug","message":"[AGG] CRV/USDC: strategy[1]=unknown → BUY conf=0.79 \"StochRSI K=8.0 crossed above D=4.9 in oversold ↑\"","timestamp":"2026-06-22T12:54:04.763Z"}
{"level":"debug","message":"[AGG] CRV/USDC: strategy[2]=unknown → HOLD conf=0.10 \"No significant S/R zone nearby\"","timestamp":"2026-06-22T12:54:04.763Z"}
{"level":"debug","message":"[AGG] CRV/USDC: votes BUY=1.00 SELL=0.00 HOLD=2.00 total_weight=1.00 external=0","timestamp":"2026-06-22T12:54:04.763Z"}
{"level":"debug","message":"[AGG] CRV/USDC: decision=HOLD confidence=2.00 tie=false belowMin=false (minConf=0.55)","timestamp":"2026-06-22T12:54:04.763Z"}
{"level":"debug","message":"[CYCLE] ENS/USDC: starting cycle, candles=1473 lastClose=4.78000000 lastTs=2026-06-22T12:00:00.000Z","timestamp":"2026-06-22T12:54:04.776Z"}
{"level":"debug","message":"[AGG] ENS/USDC: strategy[0]=unknown → HOLD conf=0.20 \"Price 4.7100 inside BB [4.5886–5.5854]\"","timestamp":"2026-06-22T12:54:04.781Z"}
{"level":"debug","message":"[AGG] ENS/USDC: strategy[1]=unknown → HOLD conf=0.10 \"PSAR downtrend continues (SAR 5.3516)\"","timestamp":"2026-06-22T12:54:04.782Z"}
{"level":"debug","message":"[AGG] ENS/USDC: strategy[2]=unknown → HOLD conf=0.10 \"No significant S/R zone nearby\"","timestamp":"2026-06-22T12:54:04.782Z"}
{"level":"debug","message":"[AGG] ENS/USDC: votes BUY=0.00 SELL=0.00 HOLD=3.00 total_weight=0.00 external=0","timestamp":"2026-06-22T12:54:04.782Z"}
{"level":"debug","message":"[AGG] ENS/USDC: decision=HOLD confidence=0.00 tie=false belowMin=true (minConf=0.55)","timestamp":"2026-06-22T12:54:04.782Z"}
{"level":"debug","message":"[CYCLE] GMX/USDC: starting cycle, candles=924 lastClose=5.94000000 lastTs=2026-06-22T12:00:00.000Z","timestamp":"2026-06-22T12:54:04.791Z"}
{"level":"debug","message":"[AGG] GMX/USDC: strategy[0]=unknown → HOLD conf=0.20 \"RSI 53.0 neutral\"","timestamp":"2026-06-22T12:54:04.796Z"}
{"level":"debug","message":"[AGG] GMX/USDC: strategy[1]=unknown → HOLD conf=0.20 \"Price 5.9400 inside BB [5.4576–6.1844]\"","timestamp":"2026-06-22T12:54:04.796Z"}
{"level":"debug","message":"[AGG] GMX/USDC: strategy[2]=unknown → HOLD conf=0.20 \"CCI 43.1 neutral\"","timestamp":"2026-06-22T12:54:04.796Z"}
{"level":"debug","message":"[AGG] GMX/USDC: votes BUY=0.00 SELL=0.00 HOLD=3.00 total_weight=0.00 external=0","timestamp":"2026-06-22T12:54:04.796Z"}
{"level":"debug","message":"[AGG] GMX/USDC: decision=HOLD confidence=0.00 tie=false belowMin=true (minConf=0.7)","timestamp":"2026-06-22T12:54:04.796Z"}
{"level":"debug","message":"[CYCLE] LDO/USDC: starting cycle, candles=1473 lastClose=0.27980000 lastTs=2026-06-22T12:00:00.000Z","timestamp":"2026-06-22T12:54:04.808Z"}
{"level":"debug","message":"[AGG] LDO/USDC: strategy[0]=unknown → HOLD conf=0.20 \"MACD -0.0002 vs signal -0.0018 hist:0.0016\"","timestamp":"2026-06-22T12:54:04.819Z"}
{"level":"debug","message":"[AGG] LDO/USDC: strategy[1]=unknown → HOLD conf=0.10 \"ADX 20.9 < 25 — ranging, skip\"","timestamp":"2026-06-22T12:54:04.819Z"}
{"level":"debug","message":"[AGG] LDO/USDC: strategy[2]=unknown → HOLD conf=0.20 \"%R -61.0 neutral\"","timestamp":"2026-06-22T12:54:04.819Z"}
{"level":"debug","message":"[AGG] LDO/USDC: votes BUY=0.00 SELL=0.00 HOLD=3.00 total_weight=0.00 external=0","timestamp":"2026-06-22T12:54:04.819Z"}
{"level":"debug","message":"[AGG] LDO/USDC: decision=HOLD confidence=0.00 tie=false belowMin=true (minConf=0.55)","timestamp":"2026-06-22T12:54:04.819Z"}
{"level":"debug","message":"[CYCLE] LSK/USDC: starting cycle, candles=413 lastClose=0.09200000 lastTs=2026-06-12T00:00:00.000Z","timestamp":"2026-06-22T12:54:04.826Z"}
{"level":"debug","message":"[AGG] LSK/USDC: strategy[0]=unknown → BUY conf=0.55 \"MACD crossed above signal hist:0.0001\"","timestamp":"2026-06-22T12:54:04.828Z"}
{"level":"debug","message":"[AGG] LSK/USDC: strategy[1]=unknown → HOLD conf=0.20 \"MFI 58.7 neutral\"","timestamp":"2026-06-22T12:54:04.828Z"}
{"level":"debug","message":"[AGG] LSK/USDC: strategy[2]=unknown → HOLD conf=0.10 \"PSAR downtrend continues (SAR 0.0960)\"","timestamp":"2026-06-22T12:54:04.828Z"}
{"level":"debug","message":"[AGG] LSK/USDC: votes BUY=1.00 SELL=0.00 HOLD=2.00 total_weight=1.00 external=0","timestamp":"2026-06-22T12:54:04.828Z"}
{"level":"debug","message":"[AGG] LSK/USDC: decision=HOLD confidence=2.00 tie=false belowMin=false (minConf=0.55)","timestamp":"2026-06-22T12:54:04.828Z"}
{"level":"debug","message":"[CYCLE] JTO/USDC: starting cycle, candles=1473 lastClose=0.64500000 lastTs=2026-06-22T12:00:00.000Z","timestamp":"2026-06-22T12:54:04.831Z"}
{"level":"debug","message":"[AGG] JTO/USDC: strategy[0]=unknown → HOLD conf=0.20 \"CCI -23.8 neutral\"","timestamp":"2026-06-22T12:54:04.835Z"}
{"level":"debug","message":"[AGG] JTO/USDC: strategy[1]=unknown → HOLD conf=0.10 \"PSAR downtrend continues (SAR 0.8593)\"","timestamp":"2026-06-22T12:54:04.835Z"}
{"level":"debug","message":"[AGG] JTO/USDC: strategy[2]=unknown → HOLD conf=0.10 \"No significant S/R zone nearby\"","timestamp":"2026-06-22T12:54:04.835Z"}
{"level":"debug","message":"[AGG] JTO/USDC: votes BUY=0.00 SELL=0.00 HOLD=3.00 total_weight=0.00 external=0","timestamp":"2026-06-22T12:54:04.835Z"}
{"level":"debug","message":"[AGG] JTO/USDC: decision=HOLD confidence=0.00 tie=false belowMin=true (minConf=0.55)","timestamp":"2026-06-22T12:54:04.835Z"}
{"level":"debug","message":"[CYCLE] MANTA/USDC: starting cycle, candles=1473 lastClose=0.07925000 lastTs=2026-06-22T12:00:00.000Z","timestamp":"2026-06-22T12:54:04.844Z"}
{"level":"debug","message":"[AGG] MANTA/USDC: strategy[0]=unknown → HOLD conf=0.20 \"RSI 48.7 neutral\"","timestamp":"2026-06-22T12:54:04.857Z"}
{"level":"debug","message":"[AGG] MANTA/USDC: strategy[1]=unknown → HOLD conf=0.20 \"Price 0.0799 inside BB [0.0787–0.0833]\"","timestamp":"2026-06-22T12:54:04.857Z"}
{"level":"debug","message":"[AGG] MANTA/USDC: strategy[2]=unknown → HOLD conf=0.20 \"CCI -77.7 neutral\"","timestamp":"2026-06-22T12:54:04.857Z"}
{"level":"debug","message":"[AGG] MANTA/USDC: votes BUY=0.00 SELL=0.00 HOLD=3.00 total_weight=0.00 external=0","timestamp":"2026-06-22T12:54:04.857Z"}
{"level":"debug","message":"[AGG] MANTA/USDC: decision=HOLD confidence=0.00 tie=false belowMin=true (minConf=0.7)","timestamp":"2026-06-22T12:54:04.857Z"}
{"level":"debug","message":"[CYCLE] PIXEL/USDC: starting cycle, candles=1473 lastClose=0.00548000 lastTs=2026-06-22T12:00:00.000Z","timestamp":"2026-06-22T12:54:04.889Z"}
{"level":"debug","message":"[AGG] PIXEL/USDC: strategy[0]=unknown → HOLD conf=0.20 \"No EMA crossover (fast 0.0054 vs slow 0.0055)\"","timestamp":"2026-06-22T12:54:04.893Z"}
{"level":"debug","message":"[AGG] PIXEL/USDC: strategy[1]=unknown → BUY conf=0.48 \"ADX 22.4 uptrend (+DI 23.8 > -DI 22.6)\"","timestamp":"2026-06-22T12:54:04.893Z"}
{"level":"debug","message":"[AGG] PIXEL/USDC: strategy[2]=unknown → HOLD conf=0.10 \"No significant S/R zone nearby\"","timestamp":"2026-06-22T12:54:04.893Z"}
{"level":"debug","message":"[AGG] PIXEL/USDC: votes BUY=1.00 SELL=0.00 HOLD=2.00 total_weight=1.00 external=0","timestamp":"2026-06-22T12:54:04.893Z"}
{"level":"debug","message":"[AGG] PIXEL/USDC: decision=HOLD confidence=2.00 tie=false belowMin=false (minConf=0.55)","timestamp":"2026-06-22T12:54:04.893Z"}
{"level":"debug","message":"[CYCLE] SUI/USDC: starting cycle, candles=1473 lastClose=0.73460000 lastTs=2026-06-22T12:00:00.000Z","timestamp":"2026-06-22T12:54:04.911Z"}
{"level":"debug","message":"[AGG] SUI/USDC: strategy[0]=unknown → HOLD conf=0.20 \"RSI 44.5 neutral\"","timestamp":"2026-06-22T12:54:04.918Z"}
{"level":"debug","message":"[AGG] SUI/USDC: strategy[1]=unknown → HOLD conf=0.20 \"Stoch K=33.3 D=15.7 — no crossover in extreme zone\"","timestamp":"2026-06-22T12:54:04.918Z"}
{"level":"debug","message":"[AGG] SUI/USDC: strategy[2]=unknown → HOLD conf=0.51 \"MFI 19.5 oversold — still falling, wait\"","timestamp":"2026-06-22T12:54:04.918Z"}
{"level":"debug","message":"[AGG] SUI/USDC: votes BUY=0.00 SELL=0.00 HOLD=3.00 total_weight=0.00 external=0","timestamp":"2026-06-22T12:54:04.918Z"}
{"level":"debug","message":"[AGG] SUI/USDC: decision=HOLD confidence=0.00 tie=false belowMin=true (minConf=0.7)","timestamp":"2026-06-22T12:54:04.918Z"}
{"level":"debug","message":"[CYCLE] PAXG/USDC: starting cycle, candles=868 lastClose=4196.31000000 lastTs=2026-06-22T12:00:00.000Z","timestamp":"2026-06-22T12:54:04.921Z"}
{"level":"debug","message":"[AGG] PAXG/USDC: strategy[0]=unknown → HOLD conf=0.20 \"MACD -40.3398 vs signal -39.4025 hist:-0.9374\"","timestamp":"2026-06-22T12:54:04.925Z"}
{"level":"debug","message":"[AGG] PAXG/USDC: strategy[1]=unknown → SELL conf=0.58 \"ADX 26.5 downtrend (-DI 27.0 > +DI 19.7)\"","timestamp":"2026-06-22T12:54:04.925Z"}
{"level":"debug","message":"[AGG] PAXG/USDC: strategy[2]=unknown → HOLD conf=0.10 \"Supertrend downtrend continues (ST 4299.0234)\"","timestamp":"2026-06-22T12:54:04.925Z"}
{"level":"debug","message":"[AGG] PAXG/USDC: votes BUY=0.00 SELL=1.00 HOLD=2.00 total_weight=1.00 external=0","timestamp":"2026-06-22T12:54:04.925Z"}
{"level":"debug","message":"[AGG] PAXG/USDC: decision=HOLD confidence=2.00 tie=false belowMin=false (minConf=0.55)","timestamp":"2026-06-22T12:54:04.925Z"}
{"level":"debug","message":"[CYCLE] THETA/USDC: starting cycle, candles=892 lastClose=0.15670000 lastTs=2026-06-22T12:00:00.000Z","timestamp":"2026-06-22T12:54:04.938Z"}
{"level":"debug","message":"[AGG] THETA/USDC: strategy[0]=unknown → HOLD conf=0.20 \"RSI 43.6 neutral\"","timestamp":"2026-06-22T12:54:04.941Z"}
{"level":"debug","message":"[AGG] THETA/USDC: strategy[1]=unknown → HOLD conf=0.20 \"CCI -81.2 neutral\"","timestamp":"2026-06-22T12:54:04.941Z"}
{"level":"debug","message":"[AGG] THETA/USDC: strategy[2]=unknown → SELL conf=0.55 \"OBV crossed below EMA-20 — volume sellers in control\"","timestamp":"2026-06-22T12:54:04.941Z"}
{"level":"debug","message":"[AGG] THETA/USDC: votes BUY=0.00 SELL=1.00 HOLD=2.00 total_weight=1.00 external=0","timestamp":"2026-06-22T12:54:04.942Z"}
{"level":"debug","message":"[AGG] THETA/USDC: decision=HOLD confidence=2.00 tie=false belowMin=false (minConf=0.55)","timestamp":"2026-06-22T12:54:04.942Z"}
{"level":"debug","message":"[CYCLE] VANRY/USDC: starting cycle, candles=920 lastClose=0.00348600 lastTs=2026-06-22T12:00:00.000Z","timestamp":"2026-06-22T12:54:04.966Z"}
{"level":"debug","message":"[AGG] VANRY/USDC: strategy[0]=unknown → HOLD conf=0.20 \"No EMA crossover (fast 0.0035 vs slow 0.0035)\"","timestamp":"2026-06-22T12:54:04.969Z"}
{"level":"debug","message":"[AGG] VANRY/USDC: strategy[1]=unknown → HOLD conf=0.20 \"MACD -0.0001 vs signal -0.0001 hist:0.0000\"","timestamp":"2026-06-22T12:54:04.969Z"}
{"level":"debug","message":"[AGG] VANRY/USDC: strategy[2]=unknown → BUY conf=0.65 \"ADX 32.0 uptrend (+DI 25.4 > -DI 16.2)\"","timestamp":"2026-06-22T12:54:04.969Z"}
{"level":"debug","message":"[AGG] VANRY/USDC: votes BUY=1.00 SELL=0.00 HOLD=2.00 total_weight=1.00 external=0","timestamp":"2026-06-22T12:54:04.969Z"}
{"level":"debug","message":"[AGG] VANRY/USDC: decision=HOLD confidence=2.00 tie=false belowMin=false (minConf=0.55)","timestamp":"2026-06-22T12:54:04.969Z"}
{"level":"debug","message":"[CYCLE] SOL/USDC: starting cycle, candles=1473 lastClose=74.42000000 lastTs=2026-06-22T12:00:00.000Z","timestamp":"2026-06-22T12:54:04.985Z"}
{"level":"debug","message":"[AGG] SOL/USDC: strategy[0]=unknown → HOLD conf=0.20 \"Price 74.1100 inside BB [66.5863–76.0487]\"","timestamp":"2026-06-22T12:54:04.991Z"}
{"level":"debug","message":"[AGG] SOL/USDC: strategy[1]=unknown → HOLD conf=0.20 \"%R -23.8 neutral\"","timestamp":"2026-06-22T12:54:04.992Z"}
{"level":"debug","message":"[AGG] SOL/USDC: strategy[2]=unknown → HOLD conf=0.20 \"StochRSI K=82.7 D=79.5 — no extreme crossover\"","timestamp":"2026-06-22T12:54:04.992Z"}
{"level":"debug","message":"[AGG] SOL/USDC: votes BUY=0.00 SELL=0.00 HOLD=3.00 total_weight=0.00 external=0","timestamp":"2026-06-22T12:54:04.992Z"}
{"level":"debug","message":"[AGG] SOL/USDC: decision=HOLD confidence=0.00 tie=false belowMin=true (minConf=0.55)","timestamp":"2026-06-22T12:54:04.992Z"}
{"level":"debug","message":"[CYCLE] TIA/USDC: starting cycle, candles=1473 lastClose=0.39670000 lastTs=2026-06-22T12:00:00.000Z","timestamp":"2026-06-22T12:54:05.011Z"}
{"level":"debug","message":"[AGG] TIA/USDC: strategy[0]=unknown → HOLD conf=0.20 \"CCI 55.8 neutral\"","timestamp":"2026-06-22T12:54:05.016Z"}
{"level":"debug","message":"[AGG] TIA/USDC: strategy[1]=unknown → BUY conf=0.85 \"MACD crossed above signal (above zero) ↑ hist:0.0007\"","timestamp":"2026-06-22T12:54:05.016Z"}
{"level":"debug","message":"[AGG] TIA/USDC: strategy[2]=unknown → BUY conf=0.73 \"HA flipped bullish ↑ after 8-bar bear streak\"","timestamp":"2026-06-22T12:54:05.016Z"}
{"level":"debug","message":"[AGG] TIA/USDC: votes BUY=2.00 SELL=0.00 HOLD=1.00 total_weight=2.00 external=0","timestamp":"2026-06-22T12:54:05.016Z"}
{"level":"debug","message":"[AGG] TIA/USDC: decision=BUY confidence=1.00 tie=false","timestamp":"2026-06-22T12:54:05.016Z"}
{"level":"debug","message":"[CYCLE] ADA/USDC: starting cycle, candles=1473 lastClose=0.16190000 lastTs=2026-06-22T12:00:00.000Z","timestamp":"2026-06-22T12:54:05.020Z"}
{"level":"debug","message":"[AGG] ADA/USDC: strategy[0]=unknown → HOLD conf=0.20 \"RSI 37.1 neutral\"","timestamp":"2026-06-22T12:54:05.027Z"}
{"level":"debug","message":"[AGG] ADA/USDC: strategy[1]=unknown → HOLD conf=0.20 \"Price 0.1616 inside BB [0.1540–0.1838]\"","timestamp":"2026-06-22T12:54:05.027Z"}
{"level":"debug","message":"[AGG] ADA/USDC: strategy[2]=unknown → HOLD conf=0.20 \"CCI -93.2 neutral\"","timestamp":"2026-06-22T12:54:05.027Z"}
{"level":"debug","message":"[AGG] ADA/USDC: votes BUY=0.00 SELL=0.00 HOLD=3.00 total_weight=0.00 external=0","timestamp":"2026-06-22T12:54:05.027Z"}
{"level":"debug","message":"[AGG] ADA/USDC: decision=HOLD confidence=0.00 tie=false belowMin=true (minConf=0.55)","timestamp":"2026-06-22T12:54:05.028Z"}
{"level":"debug","message":"[CYCLE] DOGE/USDC: starting cycle, candles=1473 lastClose=0.08440000 lastTs=2026-06-22T12:00:00.000Z","timestamp":"2026-06-22T12:54:05.046Z"}
{"level":"debug","message":"[AGG] DOGE/USDC: strategy[0]=unknown → HOLD conf=0.20 \"No EMA crossover (fast 0.0843 vs slow 0.0858)\"","timestamp":"2026-06-22T12:54:05.047Z"}
{"level":"debug","message":"[AGG] DOGE/USDC: strategy[1]=unknown → HOLD conf=0.10 \"PSAR downtrend continues (SAR 0.0896)\"","timestamp":"2026-06-22T12:54:05.047Z"}
{"level":"debug","message":"[AGG] DOGE/USDC: strategy[2]=unknown → HOLD conf=0.15 \"HA bearish continuation\"","timestamp":"2026-06-22T12:54:05.047Z"}
{"level":"debug","message":"[AGG] DOGE/USDC: votes BUY=0.00 SELL=0.00 HOLD=3.00 total_weight=0.00 external=0","timestamp":"2026-06-22T12:54:05.047Z"}
{"level":"debug","message":"[AGG] DOGE/USDC: decision=HOLD confidence=0.00 tie=false belowMin=true (minConf=0.55)","timestamp":"2026-06-22T12:54:05.048Z"}
{"level":"debug","message":"[CYCLE] AVAX/USDC: starting cycle, candles=1473 lastClose=6.37200000 lastTs=2026-06-22T12:00:00.000Z","timestamp":"2026-06-22T12:54:05.049Z"}
{"level":"debug","message":"[AGG] AVAX/USDC: strategy[0]=unknown → HOLD conf=0.20 \"RSI 40.8 neutral\"","timestamp":"2026-06-22T12:54:05.052Z"}
{"level":"debug","message":"[AGG] AVAX/USDC: strategy[1]=unknown → HOLD conf=0.20 \"MACD -0.2584 vs signal -0.2813 hist:0.0229\"","timestamp":"2026-06-22T12:54:05.052Z"}
{"level":"debug","message":"[AGG] AVAX/USDC: strategy[2]=unknown → HOLD conf=0.10 \"PSAR downtrend continues (SAR 6.5285)\"","timestamp":"2026-06-22T12:54:05.052Z"}
{"level":"debug","message":"[AGG] AVAX/USDC: votes BUY=0.00 SELL=0.00 HOLD=3.00 total_weight=0.00 external=0","timestamp":"2026-06-22T12:54:05.052Z"}
{"level":"debug","message":"[AGG] AVAX/USDC: decision=HOLD confidence=0.00 tie=false belowMin=true (minConf=0.55)","timestamp":"2026-06-22T12:54:05.052Z"}
{"level":"debug","message":"[CYCLE] INJ/USDC: starting cycle, candles=1473 lastClose=4.96300000 lastTs=2026-06-22T12:00:00.000Z","timestamp":"2026-06-22T12:54:05.072Z"}
{"level":"debug","message":"[AGG] INJ/USDC: strategy[0]=unknown → HOLD conf=0.10 \"ADX 14.1 < 25 — ranging, skip\"","timestamp":"2026-06-22T12:54:05.077Z"}
{"level":"debug","message":"[AGG] INJ/USDC: strategy[1]=unknown → BUY conf=0.56 \"OBV crossed above EMA-20 — volume buyers in control\"","timestamp":"2026-06-22T12:54:05.077Z"}
{"level":"debug","message":"[AGG] INJ/USDC: strategy[2]=unknown → BUY conf=0.94 \"StochRSI K=0.7 crossed above D=0.2 in oversold ↑\"","timestamp":"2026-06-22T12:54:05.077Z"}
{"level":"debug","message":"[AGG] INJ/USDC: votes BUY=2.00 SELL=0.00 HOLD=1.00 total_weight=2.00 external=0","timestamp":"2026-06-22T12:54:05.077Z"}
{"level":"debug","message":"[AGG] INJ/USDC: decision=BUY confidence=1.00 tie=false","timestamp":"2026-06-22T12:54:05.077Z"}
{"level":"debug","message":"[CYCLE] ETH/USDC: starting cycle, candles=1473 lastClose=1763.76000000 lastTs=2026-06-22T12:00:00.000Z","timestamp":"2026-06-22T12:54:05.087Z"}
{"level":"debug","message":"[AGG] ETH/USDC: strategy[0]=unknown → HOLD conf=0.10 \"Supertrend uptrend continues (ST 1631.9562)\"","timestamp":"2026-06-22T12:54:05.091Z"}
{"level":"debug","message":"[AGG] ETH/USDC: strategy[1]=unknown → HOLD conf=0.20 \"MFI 47.0 neutral\"","timestamp":"2026-06-22T12:54:05.091Z"}
{"level":"debug","message":"[AGG] ETH/USDC: strategy[2]=unknown → BUY conf=0.62 \"Support 1749.5100 (4×)\"","timestamp":"2026-06-22T12:54:05.091Z"}
{"level":"debug","message":"[AGG] ETH/USDC: votes BUY=1.00 SELL=0.00 HOLD=2.00 total_weight=1.00 external=0","timestamp":"2026-06-22T12:54:05.091Z"}
{"level":"debug","message":"[AGG] ETH/USDC: decision=HOLD confidence=2.00 tie=false belowMin=false (minConf=0.55)","timestamp":"2026-06-22T12:54:05.091Z"}
{"level":"debug","message":"[CYCLE] WLD/USDC: starting cycle, candles=1473 lastClose=0.63590000 lastTs=2026-06-22T12:00:00.000Z","timestamp":"2026-06-22T12:54:05.109Z"}
{"level":"debug","message":"[AGG] WLD/USDC: strategy[0]=unknown → HOLD conf=0.20 \"Price 0.6263 inside BB [0.4706–0.7186]\"","timestamp":"2026-06-22T12:54:05.117Z"}
{"level":"debug","message":"[AGG] WLD/USDC: strategy[1]=unknown → HOLD conf=0.20 \"CCI 47.6 neutral\"","timestamp":"2026-06-22T12:54:05.117Z"}
{"level":"debug","message":"[AGG] WLD/USDC: strategy[2]=unknown → BUY conf=0.88 \"ADX 49.7 uptrend (+DI 25.4 > -DI 7.4)\"","timestamp":"2026-06-22T12:54:05.117Z"}
{"level":"debug","message":"[AGG] WLD/USDC: votes BUY=1.00 SELL=0.00 HOLD=2.00 total_weight=1.00 external=0","timestamp":"2026-06-22T12:54:05.117Z"}
{"level":"debug","message":"[AGG] WLD/USDC: decision=HOLD confidence=2.00 tie=false belowMin=false (minConf=0.55)","timestamp":"2026-06-22T12:54:05.117Z"}
{"level":"debug","message":"[CYCLE] PEPE/USDC: starting cycle, candles=1473 lastClose=0.00000288 lastTs=2026-06-22T12:00:00.000Z","timestamp":"2026-06-22T12:54:05.126Z"}
{"level":"debug","message":"[AGG] PEPE/USDC: strategy[0]=unknown → HOLD conf=0.20 \"No EMA crossover (fast 0.0000 vs slow 0.0000)\"","timestamp":"2026-06-22T12:54:05.127Z"}
{"level":"debug","message":"[AGG] PEPE/USDC: strategy[1]=unknown → HOLD conf=0.10 \"Supertrend downtrend continues (ST 0.0000)\"","timestamp":"2026-06-22T12:54:05.127Z"}
{"level":"debug","message":"[AGG] PEPE/USDC: strategy[2]=unknown → BUY conf=0.57 \"OBV crossed above EMA-20 — volume buyers in control\"","timestamp":"2026-06-22T12:54:05.128Z"}
{"level":"debug","message":"[AGG] PEPE/USDC: votes BUY=1.00 SELL=0.00 HOLD=2.00 total_weight=1.00 external=0","timestamp":"2026-06-22T12:54:05.128Z"}
{"level":"debug","message":"[AGG] PEPE/USDC: decision=HOLD confidence=2.00 tie=false belowMin=false (minConf=0.55)","timestamp":"2026-06-22T12:54:05.128Z"}
{"level":"debug","message":"[CYCLE] TON/USDC: starting cycle, candles=1340 lastClose=1.68000000 lastTs=2026-06-22T12:00:00.000Z","timestamp":"2026-06-22T12:54:05.147Z"}
{"level":"debug","message":"[AGG] TON/USDC: strategy[0]=unknown → HOLD conf=0.20 \"No EMA crossover (fast 1.6573 vs slow 1.6797)\"","timestamp":"2026-06-22T12:54:05.150Z"}
{"level":"debug","message":"[AGG] TON/USDC: strategy[1]=unknown → HOLD conf=0.20 \"OBV above EMA-20 — no cross\"","timestamp":"2026-06-22T12:54:05.151Z"}
{"level":"debug","message":"[AGG] TON/USDC: strategy[2]=unknown → HOLD conf=0.20 \"StochRSI K=72.9 D=70.3 — no extreme crossover\"","timestamp":"2026-06-22T12:54:05.151Z"}
{"level":"debug","message":"[AGG] TON/USDC: votes BUY=0.00 SELL=0.00 HOLD=3.00 total_weight=0.00 external=0","timestamp":"2026-06-22T12:54:05.151Z"}
{"level":"debug","message":"[AGG] TON/USDC: decision=HOLD confidence=0.00 tie=false belowMin=true (minConf=0.55)","timestamp":"2026-06-22T12:54:05.151Z"}
{"level":"debug","message":"[CYCLE] RENDER/USDC: starting cycle, candles=1394 lastClose=1.71100000 lastTs=2026-06-22T12:00:00.000Z","timestamp":"2026-06-22T12:54:05.170Z"}
{"level":"debug","message":"[AGG] RENDER/USDC: strategy[0]=unknown → HOLD conf=0.20 \"No EMA crossover (fast 1.7086 vs slow 1.7277)\"","timestamp":"2026-06-22T12:54:05.172Z"}
{"level":"debug","message":"[AGG] RENDER/USDC: strategy[1]=unknown → HOLD conf=0.20 \"OBV below EMA-20 — no cross\"","timestamp":"2026-06-22T12:54:05.172Z"}
{"level":"debug","message":"[AGG] RENDER/USDC: strategy[2]=unknown → HOLD conf=0.20 \"%R -70.7 neutral\"","timestamp":"2026-06-22T12:54:05.172Z"}
{"level":"debug","message":"[AGG] RENDER/USDC: votes BUY=0.00 SELL=0.00 HOLD=3.00 total_weight=0.00 external=0","timestamp":"2026-06-22T12:54:05.172Z"}
{"level":"debug","message":"[AGG] RENDER/USDC: decision=HOLD confidence=0.00 tie=false belowMin=true (minConf=0.55)","timestamp":"2026-06-22T12:54:05.172Z"}
{"level":"debug","message":"[CYCLE] ENA/USDC: starting cycle, candles=1473 lastClose=0.09660000 lastTs=2026-06-22T12:00:00.000Z","timestamp":"2026-06-22T12:54:05.188Z"}
{"level":"debug","message":"[AGG] ENA/USDC: strategy[0]=unknown → HOLD conf=0.20 \"RSI 60.1 neutral\"","timestamp":"2026-06-22T12:54:05.204Z"}
{"level":"debug","message":"[AGG] ENA/USDC: strategy[1]=unknown → HOLD conf=0.20 \"Price 0.0963 inside BB [0.0788–0.0969]\"","timestamp":"2026-06-22T12:54:05.205Z"}
{"level":"debug","message":"[AGG] ENA/USDC: strategy[2]=unknown → HOLD conf=0.57 \"CCI 116.8 overbought — still rising, wait\"","timestamp":"2026-06-22T12:54:05.205Z"}
{"level":"debug","message":"[AGG] ENA/USDC: votes BUY=0.00 SELL=0.00 HOLD=3.00 total_weight=0.00 external=0","timestamp":"2026-06-22T12:54:05.205Z"}
{"level":"debug","message":"[AGG] ENA/USDC: decision=HOLD confidence=0.00 tie=false belowMin=true (minConf=0.55)","timestamp":"2026-06-22T12:54:05.205Z"}
{"level":"debug","message":"[CYCLE] ICP/USDC: starting cycle, candles=1473 lastClose=2.29000000 lastTs=2026-06-22T12:00:00.000Z","timestamp":"2026-06-22T12:54:05.214Z"}
{"level":"debug","message":"[AGG] ICP/USDC: strategy[0]=unknown → HOLD conf=0.20 \"RSI 44.9 neutral\"","timestamp":"2026-06-22T12:54:05.231Z"}
{"level":"debug","message":"[AGG] ICP/USDC: strategy[1]=unknown → HOLD conf=0.20 \"Price 2.2950 inside BB [2.1570–2.5590]\"","timestamp":"2026-06-22T12:54:05.231Z"}
{"level":"debug","message":"[AGG] ICP/USDC: strategy[2]=unknown → BUY conf=0.55 \"Stoch K=27.8 crossed above D=23.7 in oversold zone\"","timestamp":"2026-06-22T12:54:05.231Z"}
{"level":"debug","message":"[AGG] ICP/USDC: votes BUY=1.00 SELL=0.00 HOLD=2.00 total_weight=1.00 external=0","timestamp":"2026-06-22T12:54:05.231Z"}
{"level":"debug","message":"[AGG] ICP/USDC: decision=HOLD confidence=2.00 tie=false belowMin=false (minConf=0.55)","timestamp":"2026-06-22T12:54:05.231Z"}
{"level":"debug","message":"[CYCLE] APT/USDC: starting cycle, candles=1473 lastClose=0.68200000 lastTs=2026-06-22T12:00:00.000Z","timestamp":"2026-06-22T12:54:05.238Z"}
{"level":"debug","message":"[AGG] APT/USDC: strategy[0]=unknown → HOLD conf=0.20 \"Price 0.6800 inside BB [0.6233–0.6967]\"","timestamp":"2026-06-22T12:54:05.259Z"}
{"level":"debug","message":"[AGG] APT/USDC: strategy[1]=unknown → HOLD conf=0.20 \"Stoch K=65.3 D=48.5 — no crossover in extreme zone\"","timestamp":"2026-06-22T12:54:05.259Z"}
{"level":"debug","message":"[AGG] APT/USDC: strategy[2]=unknown → HOLD conf=0.20 \"MFI 58.5 neutral\"","timestamp":"2026-06-22T12:54:05.259Z"}
{"level":"debug","message":"[AGG] APT/USDC: votes BUY=0.00 SELL=0.00 HOLD=3.00 total_weight=0.00 external=0","timestamp":"2026-06-22T12:54:05.259Z"}
{"level":"debug","message":"[AGG] APT/USDC: decision=HOLD confidence=0.00 tie=false belowMin=true (minConf=0.55)","timestamp":"2026-06-22T12:54:05.259Z"}
{"level":"debug","message":"[CYCLE] ARB/USDC: starting cycle, candles=1473 lastClose=0.08610000 lastTs=2026-06-22T12:00:00.000Z","timestamp":"2026-06-22T12:54:05.284Z"}
{"level":"debug","message":"[AGG] ARB/USDC: strategy[0]=unknown → HOLD conf=0.20 \"RSI 51.4 neutral\"","timestamp":"2026-06-22T12:54:05.292Z"}
{"level":"debug","message":"[AGG] ARB/USDC: strategy[1]=unknown → HOLD conf=0.20 \"%R -43.7 neutral\"","timestamp":"2026-06-22T12:54:05.292Z"}
{"level":"debug","message":"[AGG] ARB/USDC: strategy[2]=unknown → HOLD conf=0.20 \"HA flipped but prior streak too short (1 < 3)\"","timestamp":"2026-06-22T12:54:05.293Z"}
{"level":"debug","message":"[AGG] ARB/USDC: votes BUY=0.00 SELL=0.00 HOLD=3.00 total_weight=0.00 external=0","timestamp":"2026-06-22T12:54:05.293Z"}
{"level":"debug","message":"[AGG] ARB/USDC: decision=HOLD confidence=0.00 tie=false belowMin=true (minConf=0.55)","timestamp":"2026-06-22T12:54:05.293Z"}
{"level":"debug","message":"[CYCLE] JUP/USDC: starting cycle, candles=1473 lastClose=0.21330000 lastTs=2026-06-22T12:00:00.000Z","timestamp":"2026-06-22T12:54:05.298Z"}
{"level":"debug","message":"[AGG] JUP/USDC: strategy[0]=unknown → HOLD conf=0.20 \"Price 0.2124 inside BB [0.1622–0.2217]\"","timestamp":"2026-06-22T12:54:05.316Z"}
{"level":"debug","message":"[AGG] JUP/USDC: strategy[1]=unknown → SELL conf=0.70 \"CCI 124.5 overbought ↓ reversal confirmed\"","timestamp":"2026-06-22T12:54:05.316Z"}
{"level":"debug","message":"[AGG] JUP/USDC: strategy[2]=unknown → HOLD conf=0.20 \"OBV above EMA-20 — no cross\"","timestamp":"2026-06-22T12:54:05.316Z"}
{"level":"debug","message":"[AGG] JUP/USDC: votes BUY=0.00 SELL=1.00 HOLD=2.00 total_weight=1.00 external=0","timestamp":"2026-06-22T12:54:05.317Z"}
{"level":"debug","message":"[AGG] JUP/USDC: decision=HOLD confidence=2.00 tie=false belowMin=false (minConf=0.55)","timestamp":"2026-06-22T12:54:05.317Z"}
{"level":"debug","message":"[CYCLE] BTC/USDC: sizing positionPct=0.2200 (base=0.15 atr=0.037267080745341644 regime=on conf=2.00 macro=bear mtf=1.0)","timestamp":"2026-06-22T12:54:05.345Z"}
{"level":"info","message":"BTC/USDC: decision=HOLD confidence=200% price=65065.78000000 external_signals=0","timestamp":"2026-06-22T12:54:05.345Z"}
{"level":"info","message":"BTC/USDC: No EMA crossover (fast 64140.8994 vs slow 64522.6812) | PSAR downtrend continues (SAR 65352.1574) | HA flipped bearish ↓ after 4-bar bull streak","timestamp":"2026-06-22T12:54:05.345Z"}
{"level":"debug","message":"[CYCLE] XRP/USDC: sizing positionPct=0.1658 (base=0.15 atr=0.037267080745341644 regime=on conf=2.00 macro=bear mtf=1.0)","timestamp":"2026-06-22T12:54:05.540Z"}
{"level":"info","message":"XRP/USDC: decision=HOLD confidence=200% price=1.15030000 external_signals=0","timestamp":"2026-06-22T12:54:05.540Z"}
{"level":"info","message":"XRP/USDC: Price 1.1470 inside BB [1.0963–1.2398] | Stoch K=16.4 crossed above D=14.8 in oversold zone | No EMA crossover (fast 1.1540 vs slow 1.1657)","timestamp":"2026-06-22T12:54:05.541Z"}
{"level":"debug","message":"[CYCLE] LINK/USDC: sizing positionPct=0.0742 (base=0.15 atr=0.037267080745341644 regime=on conf=0.00 macro=bear mtf=1.0)","timestamp":"2026-06-22T12:54:05.701Z"}
{"level":"info","message":"LINK/USDC: decision=HOLD confidence=0% price=8.10000000 external_signals=0","timestamp":"2026-06-22T12:54:05.702Z"}
{"level":"info","message":"LINK/USDC: Price 8.0800 inside BB [7.7452–8.3529] | Stoch K=37.9 D=26.1 — no crossover in extreme zone | Supertrend downtrend continues (ST 8.4740)","timestamp":"2026-06-22T12:54:05.703Z"}
{"level":"debug","message":"[CYCLE] BNB/USDC: sizing positionPct=0.1125 (base=0.15 atr=0.037267080745341644 regime=on conf=2.00 macro=bear mtf=1.0)","timestamp":"2026-06-22T12:54:05.887Z"}
{"level":"info","message":"BNB/USDC: decision=HOLD confidence=200% price=599.31000000 external_signals=0","timestamp":"2026-06-22T12:54:05.887Z"}
{"level":"info","message":"BNB/USDC: %R -57.6 neutral | HA bullish continuation | Resistance 597.8000 (2×)","timestamp":"2026-06-22T12:54:05.887Z"}
{"level":"debug","message":"[CYCLE] LTC/USDC: sizing positionPct=0.0955 (base=0.15 atr=0.037267080745341644 regime=on conf=0.00 macro=bear mtf=1.0)","timestamp":"2026-06-22T12:54:06.101Z"}
{"level":"info","message":"LTC/USDC: decision=HOLD confidence=0% price=45.45000000 external_signals=0","timestamp":"2026-06-22T12:54:06.102Z"}
{"level":"info","message":"LTC/USDC: Price 45.2300 inside BB [43.0487–46.2013] | No EMA crossover (fast 44.6240 vs slow 44.7495) | %R -32.6 neutral","timestamp":"2026-06-22T12:54:06.102Z"}
{"level":"debug","message":"[CYCLE] NEAR/USDC: sizing positionPct=0.0146 (base=0.15 atr=0.037267080745341644 regime=on conf=0.00 macro=bear mtf=1.0)","timestamp":"2026-06-22T12:54:06.299Z"}
{"level":"info","message":"NEAR/USDC: decision=HOLD confidence=0% price=2.18000000 external_signals=0","timestamp":"2026-06-22T12:54:06.300Z"}
{"level":"info","message":"NEAR/USDC: RSI 48.3 neutral | Price 2.1650 inside BB [1.9706–2.4523] | Stoch K=16.9 D=23.9 — no crossover in extreme zone | No significant S/R zone nearby","timestamp":"2026-06-22T12:54:06.300Z"}
{"level":"debug","message":"[CYCLE] TRX/USDC: sizing positionPct=0.0900 (base=0.15 atr=0.037267080745341644 regime=on conf=0.00 macro=bear mtf=1.0)","timestamp":"2026-06-22T12:54:06.501Z"}
{"level":"info","message":"TRX/USDC: decision=HOLD confidence=0% price=0.33140000 external_signals=0","timestamp":"2026-06-22T12:54:06.501Z"}
{"level":"info","message":"TRX/USDC: CCI 199.2 overbought — still rising, wait | Stoch K=97.4 D=96.8 — no crossover in extreme zone | StochRSI K=100.0 D=100.0 — no extreme crossover","timestamp":"2026-06-22T12:54:06.502Z"}
{"level":"debug","message":"[CYCLE] BCH/USDC: sizing positionPct=0.0627 (base=0.15 atr=0.037267080745341644 regime=on conf=0.00 macro=bear mtf=1.0)","timestamp":"2026-06-22T12:54:06.696Z"}
{"level":"info","message":"BCH/USDC: decision=HOLD confidence=0% price=202.40000000 external_signals=0","timestamp":"2026-06-22T12:54:06.697Z"}
{"level":"info","message":"BCH/USDC: Price 201.0000 inside BB [188.8657–224.9543] | OBV below EMA-20 — no cross | %R -78.3 neutral","timestamp":"2026-06-22T12:54:06.697Z"}
{"level":"debug","message":"[CYCLE] ACH/USDC: sizing positionPct=0.0724 (base=0.15 atr=0.037267080745341644 regime=on conf=0.00 macro=bear mtf=1.0)","timestamp":"2026-06-22T12:54:06.899Z"}
{"level":"info","message":"ACH/USDC: decision=HOLD confidence=0% price=0.00517000 external_signals=0","timestamp":"2026-06-22T12:54:06.900Z"}
{"level":"info","message":"ACH/USDC: RSI 40.3 neutral | Price 0.0051 inside BB [0.0049–0.0057] | CCI -80.1 neutral","timestamp":"2026-06-22T12:54:06.900Z"}
{"level":"debug","message":"[CYCLE] CRV/USDC: sizing positionPct=0.0904 (base=0.15 atr=0.037267080745341644 regime=on conf=2.00 macro=bear mtf=1.0)","timestamp":"2026-06-22T12:54:07.090Z"}
{"level":"info","message":"CRV/USDC: decision=HOLD confidence=200% price=0.21320000 external_signals=0","timestamp":"2026-06-22T12:54:07.090Z"}
{"level":"info","message":"CRV/USDC: ADX 21.6 < 25 — ranging, skip | StochRSI K=8.0 crossed above D=4.9 in oversold ↑ | No significant S/R zone nearby","timestamp":"2026-06-22T12:54:07.090Z"}
{"level":"debug","message":"[CYCLE] ENS/USDC: sizing positionPct=0.0468 (base=0.15 atr=0.037267080745341644 regime=on conf=0.00 macro=bear mtf=1.0)","timestamp":"2026-06-22T12:54:07.289Z"}
{"level":"info","message":"ENS/USDC: decision=HOLD confidence=0% price=4.78000000 external_signals=0","timestamp":"2026-06-22T12:54:07.289Z"}
{"level":"info","message":"ENS/USDC: Price 4.7100 inside BB [4.5886–5.5854] | PSAR downtrend continues (SAR 5.3516) | No significant S/R zone nearby","timestamp":"2026-06-22T12:54:07.290Z"}
{"level":"debug","message":"[CYCLE] GMX/USDC: sizing positionPct=0.0565 (base=0.15 atr=0.037267080745341644 regime=on conf=0.00 macro=bear mtf=1.0)","timestamp":"2026-06-22T12:54:07.488Z"}
{"level":"info","message":"GMX/USDC: decision=HOLD confidence=0% price=5.94000000 external_signals=0","timestamp":"2026-06-22T12:54:07.488Z"}
{"level":"info","message":"GMX/USDC: RSI 53.0 neutral | Price 5.9400 inside BB [5.4576–6.1844] | CCI 43.1 neutral","timestamp":"2026-06-22T12:54:07.488Z"}
{"level":"debug","message":"[CYCLE] LDO/USDC: sizing positionPct=0.0341 (base=0.15 atr=0.037267080745341644 regime=on conf=0.00 macro=bear mtf=1.0)","timestamp":"2026-06-22T12:54:07.701Z"}
{"level":"info","message":"LDO/USDC: decision=HOLD confidence=0% price=0.27980000 external_signals=0","timestamp":"2026-06-22T12:54:07.701Z"}
{"level":"info","message":"LDO/USDC: MACD -0.0002 vs signal -0.0018 hist:0.0016 | ADX 20.9 < 25 — ranging, skip | %R -61.0 neutral","timestamp":"2026-06-22T12:54:07.702Z"}
{"level":"debug","message":"[CYCLE] LSK/USDC: sizing positionPct=0.1462 (base=0.15 atr=0.037267080745341644 regime=on conf=2.00 macro=bear mtf=1.0)","timestamp":"2026-06-22T12:54:07.898Z"}
{"level":"info","message":"LSK/USDC: decision=HOLD confidence=200% price=0.09200000 external_signals=0","timestamp":"2026-06-22T12:54:07.898Z"}
{"level":"info","message":"LSK/USDC: MACD crossed above signal hist:0.0001 | MFI 58.7 neutral | PSAR downtrend continues (SAR 0.0960)","timestamp":"2026-06-22T12:54:07.899Z"}
{"level":"debug","message":"[CYCLE] JTO/USDC: sizing positionPct=0.0292 (base=0.15 atr=0.037267080745341644 regime=on conf=0.00 macro=bear mtf=1.0)","timestamp":"2026-06-22T12:54:08.094Z"}
{"level":"info","message":"JTO/USDC: decision=HOLD confidence=0% price=0.64500000 external_signals=0","timestamp":"2026-06-22T12:54:08.095Z"}
{"level":"info","message":"JTO/USDC: CCI -23.8 neutral | PSAR downtrend continues (SAR 0.8593) | No significant S/R zone nearby","timestamp":"2026-06-22T12:54:08.095Z"}
{"level":"debug","message":"[CYCLE] MANTA/USDC: sizing positionPct=0.0414 (base=0.15 atr=0.037267080745341644 regime=on conf=0.00 macro=bear mtf=1.0)","timestamp":"2026-06-22T12:54:08.299Z"}
{"level":"info","message":"MANTA/USDC: decision=HOLD confidence=0% price=0.07925000 external_signals=0","timestamp":"2026-06-22T12:54:08.299Z"}
{"level":"info","message":"MANTA/USDC: RSI 48.7 neutral | Price 0.0799 inside BB [0.0787–0.0833] | CCI -77.7 neutral","timestamp":"2026-06-22T12:54:08.299Z"}
{"level":"debug","message":"[CYCLE] PIXEL/USDC: sizing positionPct=0.1121 (base=0.15 atr=0.037267080745341644 regime=on conf=2.00 macro=bear mtf=1.0)","timestamp":"2026-06-22T12:54:08.493Z"}
{"level":"info","message":"PIXEL/USDC: decision=HOLD confidence=200% price=0.00548000 external_signals=0","timestamp":"2026-06-22T12:54:08.493Z"}
{"level":"info","message":"PIXEL/USDC: No EMA crossover (fast 0.0054 vs slow 0.0055) | ADX 22.4 uptrend (+DI 23.8 > -DI 22.6) | No significant S/R zone nearby","timestamp":"2026-06-22T12:54:08.493Z"}
{"level":"debug","message":"[CYCLE] SUI/USDC: sizing positionPct=0.0566 (base=0.15 atr=0.037267080745341644 regime=on conf=0.00 macro=bear mtf=1.0)","timestamp":"2026-06-22T12:54:08.703Z"}
{"level":"info","message":"SUI/USDC: decision=HOLD confidence=0% price=0.73460000 external_signals=0","timestamp":"2026-06-22T12:54:08.703Z"}
{"level":"info","message":"SUI/USDC: RSI 44.5 neutral | Stoch K=33.3 D=15.7 — no crossover in extreme zone | MFI 19.5 oversold — still falling, wait","timestamp":"2026-06-22T12:54:08.703Z"}
{"level":"debug","message":"[CYCLE] PAXG/USDC: sizing positionPct=0.2925 (base=0.15 atr=0.037267080745341644 regime=on conf=2.00 macro=bear mtf=1.0)","timestamp":"2026-06-22T12:54:08.893Z"}
{"level":"info","message":"PAXG/USDC: decision=HOLD confidence=200% price=4196.31000000 external_signals=0","timestamp":"2026-06-22T12:54:08.893Z"}
{"level":"info","message":"PAXG/USDC: MACD -40.3398 vs signal -39.4025 hist:-0.9374 | ADX 26.5 downtrend (-DI 27.0 > +DI 19.7) | Supertrend downtrend continues (ST 4299.0234)","timestamp":"2026-06-22T12:54:08.893Z"}
{"level":"debug","message":"[CYCLE] THETA/USDC: sizing positionPct=0.1145 (base=0.15 atr=0.037267080745341644 regime=on conf=2.00 macro=bear mtf=1.0)","timestamp":"2026-06-22T12:54:09.093Z"}
{"level":"info","message":"THETA/USDC: decision=HOLD confidence=200% price=0.15670000 external_signals=0","timestamp":"2026-06-22T12:54:09.093Z"}
{"level":"info","message":"THETA/USDC: RSI 43.6 neutral | CCI -81.2 neutral | OBV crossed below EMA-20 — volume sellers in control","timestamp":"2026-06-22T12:54:09.093Z"}
{"level":"debug","message":"[CYCLE] VANRY/USDC: sizing positionPct=0.1100 (base=0.15 atr=0.037267080745341644 regime=on conf=2.00 macro=bear mtf=1.0)","timestamp":"2026-06-22T12:54:09.299Z"}
{"level":"info","message":"VANRY/USDC: decision=HOLD confidence=200% price=0.00348600 external_signals=0","timestamp":"2026-06-22T12:54:09.299Z"}
{"level":"info","message":"VANRY/USDC: No EMA crossover (fast 0.0035 vs slow 0.0035) | MACD -0.0001 vs signal -0.0001 hist:0.0000 | ADX 32.0 uptrend (+DI 25.4 > -DI 16.2)","timestamp":"2026-06-22T12:54:09.299Z"}
{"level":"debug","message":"[CYCLE] SOL/USDC: sizing positionPct=0.0637 (base=0.15 atr=0.037267080745341644 regime=on conf=0.00 macro=bear mtf=1.0)","timestamp":"2026-06-22T12:54:09.488Z"}
{"level":"info","message":"SOL/USDC: decision=HOLD confidence=0% price=74.42000000 external_signals=0","timestamp":"2026-06-22T12:54:09.488Z"}
{"level":"info","message":"SOL/USDC: Price 74.1100 inside BB [66.5863–76.0487] | %R -23.8 neutral | StochRSI K=82.7 D=79.5 — no extreme crossover","timestamp":"2026-06-22T12:54:09.488Z"}
{"level":"debug","message":"[CYCLE] ADA/USDC: sizing positionPct=0.0665 (base=0.15 atr=0.037267080745341644 regime=on conf=0.00 macro=bear mtf=1.0)","timestamp":"2026-06-22T12:54:09.895Z"}
{"level":"info","message":"ADA/USDC: decision=HOLD confidence=0% price=0.16190000 external_signals=0","timestamp":"2026-06-22T12:54:09.896Z"}
{"level":"info","message":"ADA/USDC: RSI 37.1 neutral | Price 0.1616 inside BB [0.1540–0.1838] | CCI -93.2 neutral","timestamp":"2026-06-22T12:54:09.896Z"}
{"level":"debug","message":"[CYCLE] DOGE/USDC: sizing positionPct=0.0922 (base=0.15 atr=0.037267080745341644 regime=on conf=0.00 macro=bear mtf=1.0)","timestamp":"2026-06-22T12:54:10.088Z"}
{"level":"info","message":"DOGE/USDC: decision=HOLD confidence=0% price=0.08440000 external_signals=0","timestamp":"2026-06-22T12:54:10.088Z"}
{"level":"info","message":"DOGE/USDC: No EMA crossover (fast 0.0843 vs slow 0.0858) | PSAR downtrend continues (SAR 0.0896) | HA bearish continuation","timestamp":"2026-06-22T12:54:10.088Z"}
{"level":"debug","message":"[CYCLE] AVAX/USDC: sizing positionPct=0.0484 (base=0.15 atr=0.037267080745341644 regime=on conf=0.00 macro=bear mtf=1.0)","timestamp":"2026-06-22T12:54:10.292Z"}
{"level":"info","message":"AVAX/USDC: decision=HOLD confidence=0% price=6.37200000 external_signals=0","timestamp":"2026-06-22T12:54:10.292Z"}
{"level":"info","message":"AVAX/USDC: RSI 40.8 neutral | MACD -0.2584 vs signal -0.2813 hist:0.0229 | PSAR downtrend continues (SAR 6.5285)","timestamp":"2026-06-22T12:54:10.293Z"}
{"level":"debug","message":"[CYCLE] ETH/USDC: sizing positionPct=0.1615 (base=0.15 atr=0.037267080745341644 regime=on conf=2.00 macro=bear mtf=1.0)","timestamp":"2026-06-22T12:54:10.698Z"}
{"level":"info","message":"ETH/USDC: decision=HOLD confidence=200% price=1763.76000000 external_signals=0","timestamp":"2026-06-22T12:54:10.698Z"}
{"level":"info","message":"ETH/USDC: Supertrend uptrend continues (ST 1631.9562) | MFI 47.0 neutral | Support 1749.5100 (4×)","timestamp":"2026-06-22T12:54:10.699Z"}
{"level":"debug","message":"[CYCLE] WLD/USDC: sizing positionPct=0.0731 (base=0.15 atr=0.037267080745341644 regime=on conf=2.00 macro=bear mtf=1.0)","timestamp":"2026-06-22T12:54:10.913Z"}
{"level":"info","message":"WLD/USDC: decision=HOLD confidence=200% price=0.63590000 external_signals=0","timestamp":"2026-06-22T12:54:10.913Z"}
{"level":"info","message":"WLD/USDC: Price 0.6263 inside BB [0.4706–0.7186] | CCI 47.6 neutral | ADX 49.7 uptrend (+DI 25.4 > -DI 7.4)","timestamp":"2026-06-22T12:54:10.913Z"}
{"level":"debug","message":"[CYCLE] PEPE/USDC: sizing positionPct=0.1342 (base=0.15 atr=0.037267080745341644 regime=on conf=2.00 macro=bear mtf=1.0)","timestamp":"2026-06-22T12:54:11.091Z"}
{"level":"info","message":"PEPE/USDC: decision=HOLD confidence=200% price=0.00000288 external_signals=0","timestamp":"2026-06-22T12:54:11.091Z"}
{"level":"info","message":"PEPE/USDC: No EMA crossover (fast 0.0000 vs slow 0.0000) | Supertrend downtrend continues (ST 0.0000) | OBV crossed above EMA-20 — volume buyers in control","timestamp":"2026-06-22T12:54:11.092Z"}
{"level":"debug","message":"[CYCLE] TON/USDC: sizing positionPct=0.0231 (base=0.15 atr=0.037267080745341644 regime=on conf=0.00 macro=bear mtf=1.0)","timestamp":"2026-06-22T12:54:11.289Z"}
{"level":"info","message":"TON/USDC: decision=HOLD confidence=0% price=1.68000000 external_signals=0","timestamp":"2026-06-22T12:54:11.290Z"}
{"level":"info","message":"TON/USDC: No EMA crossover (fast 1.6573 vs slow 1.6797) | OBV above EMA-20 — no cross | StochRSI K=72.9 D=70.3 — no extreme crossover","timestamp":"2026-06-22T12:54:11.290Z"}
{"level":"debug","message":"[CYCLE] RENDER/USDC: sizing positionPct=0.0523 (base=0.15 atr=0.037267080745341644 regime=on conf=0.00 macro=bear mtf=1.0)","timestamp":"2026-06-22T12:54:11.516Z"}
{"level":"info","message":"RENDER/USDC: decision=HOLD confidence=0% price=1.71100000 external_signals=0","timestamp":"2026-06-22T12:54:11.517Z"}
{"level":"info","message":"RENDER/USDC: No EMA crossover (fast 1.7086 vs slow 1.7277) | OBV below EMA-20 — no cross | %R -70.7 neutral","timestamp":"2026-06-22T12:54:11.517Z"}
{"level":"debug","message":"[CYCLE] ENA/USDC: sizing positionPct=0.0274 (base=0.15 atr=0.037267080745341644 regime=on conf=0.00 macro=bear mtf=1.0)","timestamp":"2026-06-22T12:54:11.687Z"}
{"level":"info","message":"ENA/USDC: decision=HOLD confidence=0% price=0.09660000 external_signals=0","timestamp":"2026-06-22T12:54:11.687Z"}
{"level":"info","message":"ENA/USDC: RSI 60.1 neutral | Price 0.0963 inside BB [0.0788–0.0969] | CCI 116.8 overbought — still rising, wait","timestamp":"2026-06-22T12:54:11.687Z"}
{"level":"debug","message":"[CYCLE] ICP/USDC: sizing positionPct=0.1155 (base=0.15 atr=0.037267080745341644 regime=on conf=2.00 macro=bear mtf=1.0)","timestamp":"2026-06-22T12:54:11.892Z"}
{"level":"info","message":"ICP/USDC: decision=HOLD confidence=200% price=2.29000000 external_signals=0","timestamp":"2026-06-22T12:54:11.892Z"}
{"level":"info","message":"ICP/USDC: RSI 44.9 neutral | Price 2.2950 inside BB [2.1570–2.5590] | Stoch K=27.8 crossed above D=23.7 in oversold zone","timestamp":"2026-06-22T12:54:11.892Z"}
{"level":"debug","message":"[CYCLE] APT/USDC: sizing positionPct=0.0523 (base=0.15 atr=0.037267080745341644 regime=on conf=0.00 macro=bear mtf=1.0)","timestamp":"2026-06-22T12:54:12.088Z"}
{"level":"info","message":"APT/USDC: decision=HOLD confidence=0% price=0.68200000 external_signals=0","timestamp":"2026-06-22T12:54:12.088Z"}
{"level":"info","message":"APT/USDC: Price 0.6800 inside BB [0.6233–0.6967] | Stoch K=65.3 D=48.5 — no crossover in extreme zone | MFI 58.5 neutral","timestamp":"2026-06-22T12:54:12.089Z"}
{"level":"debug","message":"[CYCLE] ARB/USDC: sizing positionPct=0.0565 (base=0.15 atr=0.037267080745341644 regime=on conf=0.00 macro=bear mtf=1.0)","timestamp":"2026-06-22T12:54:12.287Z"}
{"level":"info","message":"ARB/USDC: decision=HOLD confidence=0% price=0.08610000 external_signals=0","timestamp":"2026-06-22T12:54:12.288Z"}
{"level":"info","message":"ARB/USDC: RSI 51.4 neutral | %R -43.7 neutral | HA flipped but prior streak too short (1 < 3)","timestamp":"2026-06-22T12:54:12.288Z"}
{"level":"debug","message":"[CYCLE] JUP/USDC: sizing positionPct=0.0944 (base=0.15 atr=0.037267080745341644 regime=on conf=2.00 macro=bear mtf=1.0)","timestamp":"2026-06-22T12:54:12.486Z"}
{"level":"info","message":"JUP/USDC: decision=HOLD confidence=200% price=0.21330000 external_signals=0","timestamp":"2026-06-22T12:54:12.487Z"}
{"level":"info","message":"JUP/USDC: Price 0.2124 inside BB [0.1622–0.2217] | CCI 124.5 overbought ↓ reversal confirmed | OBV above EMA-20 — no cross","timestamp":"2026-06-22T12:54:12.487Z"}
{"level":"info","message":"BTC/USDC: live balance=171.40 pnl=0.00 open_positions=1 daily_pnl=0.00 blocked=false","timestamp":"2026-06-22T12:54:12.687Z"}
{"level":"info","message":"XRP/USDC: live balance=171.40 pnl=0.00 open_positions=1 daily_pnl=0.00 blocked=false","timestamp":"2026-06-22T12:54:12.901Z"}
{"level":"info","message":"LINK/USDC: live balance=171.40 pnl=0.00 open_positions=1 daily_pnl=0.00 blocked=false","timestamp":"2026-06-22T12:54:13.090Z"}
{"level":"info","message":"BNB/USDC: live balance=171.40 pnl=0.00 open_positions=1 daily_pnl=0.00 blocked=false","timestamp":"2026-06-22T12:54:13.288Z"}
{"level":"info","message":"LTC/USDC: live balance=171.40 pnl=0.00 open_positions=1 daily_pnl=0.00 blocked=false","timestamp":"2026-06-22T12:54:13.505Z"}
{"level":"info","message":"NEAR/USDC: live balance=171.40 pnl=0.00 open_positions=1 daily_pnl=0.00 blocked=false","timestamp":"2026-06-22T12:54:13.703Z"}
{"level":"info","message":"TRX/USDC: live balance=171.40 pnl=0.00 open_positions=1 daily_pnl=0.00 blocked=false","timestamp":"2026-06-22T12:54:13.955Z"}
{"level":"info","message":"BCH/USDC: live balance=171.40 pnl=0.00 open_positions=1 daily_pnl=0.00 blocked=false","timestamp":"2026-06-22T12:54:14.087Z"}
{"level":"info","message":"ACH/USDC: live balance=171.40 pnl=0.00 open_positions=1 daily_pnl=0.00 blocked=false","timestamp":"2026-06-22T12:54:14.288Z"}
{"level":"info","message":"CRV/USDC: live balance=171.40 pnl=0.00 open_positions=1 daily_pnl=0.00 blocked=false","timestamp":"2026-06-22T12:54:14.498Z"}
{"level":"info","message":"ENS/USDC: live balance=171.40 pnl=0.00 open_positions=1 daily_pnl=0.00 blocked=false","timestamp":"2026-06-22T12:54:14.686Z"}
{"level":"info","message":"GMX/USDC: live balance=171.40 pnl=0.00 open_positions=1 daily_pnl=0.00 blocked=false","timestamp":"2026-06-22T12:54:14.892Z"}
{"level":"info","message":"LDO/USDC: live balance=171.40 pnl=0.00 open_positions=1 daily_pnl=0.00 blocked=false","timestamp":"2026-06-22T12:54:15.096Z"}
{"level":"info","message":"LSK/USDC: live balance=171.40 pnl=0.00 open_positions=1 daily_pnl=0.00 blocked=false","timestamp":"2026-06-22T12:54:15.301Z"}
{"level":"info","message":"JTO/USDC: live balance=171.40 pnl=0.00 open_positions=1 daily_pnl=0.00 blocked=false","timestamp":"2026-06-22T12:54:15.502Z"}
{"level":"info","message":"MANTA/USDC: live balance=171.40 pnl=0.00 open_positions=1 daily_pnl=0.00 blocked=false","timestamp":"2026-06-22T12:54:15.702Z"}
{"level":"info","message":"PIXEL/USDC: live balance=171.40 pnl=0.00 open_positions=1 daily_pnl=0.00 blocked=false","timestamp":"2026-06-22T12:54:15.893Z"}
{"level":"info","message":"SUI/USDC: live balance=171.40 pnl=0.00 open_positions=1 daily_pnl=0.00 blocked=false","timestamp":"2026-06-22T12:54:16.097Z"}
{"level":"info","message":"PAXG/USDC: live balance=171.40 pnl=0.00 open_positions=1 daily_pnl=0.00 blocked=false","timestamp":"2026-06-22T12:54:16.295Z"}
{"level":"info","message":"THETA/USDC: live balance=171.40 pnl=0.00 open_positions=1 daily_pnl=0.00 blocked=false","timestamp":"2026-06-22T12:54:16.512Z"}
{"level":"info","message":"VANRY/USDC: live balance=171.40 pnl=0.00 open_positions=1 daily_pnl=0.00 blocked=false","timestamp":"2026-06-22T12:54:16.687Z"}
{"level":"info","message":"SOL/USDC: live balance=171.40 pnl=0.00 open_positions=1 daily_pnl=0.00 blocked=false","timestamp":"2026-06-22T12:54:16.901Z"}
{"level":"info","message":"ADA/USDC: live balance=171.40 pnl=0.00 open_positions=1 daily_pnl=0.00 blocked=false","timestamp":"2026-06-22T12:54:17.121Z"}
{"level":"info","message":"DOGE/USDC: live balance=171.40 pnl=0.00 open_positions=1 daily_pnl=0.00 blocked=false","timestamp":"2026-06-22T12:54:17.307Z"}
{"level":"info","message":"AVAX/USDC: live balance=171.40 pnl=0.00 open_positions=1 daily_pnl=0.00 blocked=false","timestamp":"2026-06-22T12:54:17.510Z"}
{"level":"info","message":"ETH/USDC: live balance=171.40 pnl=0.00 open_positions=1 daily_pnl=0.00 blocked=false","timestamp":"2026-06-22T12:54:17.729Z"}
{"level":"info","message":"WLD/USDC: live balance=171.40 pnl=0.00 open_positions=1 daily_pnl=0.00 blocked=false","timestamp":"2026-06-22T12:54:17.933Z"}
{"level":"info","message":"PEPE/USDC: live balance=171.40 pnl=0.00 open_positions=1 daily_pnl=0.00 blocked=false","timestamp":"2026-06-22T12:54:18.140Z"}
{"level":"info","message":"TON/USDC: live balance=171.40 pnl=0.00 open_positions=1 daily_pnl=0.00 blocked=false","timestamp":"2026-06-22T12:54:18.344Z"}
{"level":"info","message":"RENDER/USDC: live balance=171.40 pnl=0.00 open_positions=1 daily_pnl=0.00 blocked=false","timestamp":"2026-06-22T12:54:18.542Z"}
{"level":"info","message":"ENA/USDC: live balance=171.40 pnl=0.00 open_positions=1 daily_pnl=0.00 blocked=false","timestamp":"2026-06-22T12:54:18.746Z"}
{"level":"info","message":"ICP/USDC: live balance=171.40 pnl=0.00 open_positions=1 daily_pnl=0.00 blocked=false","timestamp":"2026-06-22T12:54:18.928Z"}
{"level":"info","message":"APT/USDC: live balance=171.40 pnl=0.00 open_positions=1 daily_pnl=0.00 blocked=false","timestamp":"2026-06-22T12:54:19.129Z"}
{"level":"info","message":"ARB/USDC: live balance=171.40 pnl=0.00 open_positions=1 daily_pnl=0.00 blocked=false","timestamp":"2026-06-22T12:54:19.333Z"}
{"level":"info","message":"JUP/USDC: live balance=171.40 pnl=0.00 open_positions=1 daily_pnl=0.00 blocked=false","timestamp":"2026-06-22T12:54:19.527Z"}
{"level":"debug","message":"[RISK] TIA/USDC: canTrade=true (managing existing position) decision=BUY","timestamp":"2026-06-22T12:54:19.723Z"}
{"level":"debug","message":"[CYCLE] TIA/USDC: sizing positionPct=0.1002 (base=0.15 atr=0.037267080745341644 regime=on conf=1.00 macro=bear mtf=1.0)","timestamp":"2026-06-22T12:54:19.724Z"}
{"level":"debug","message":"[LIVE] TIA/USDC: checkRisk price=0.39670000 SL=0.37724500 TP=0.44475200 HWM=0.39710000 entry=0.39710000","timestamp":"2026-06-22T12:54:19.724Z"}
{"level":"info","message":"[LIVE] TIA/USDC: BUY skipped, existing position open","timestamp":"2026-06-22T12:54:19.726Z"}
{"level":"info","message":"TIA/USDC: decision=BUY confidence=100% price=0.39670000 external_signals=0","timestamp":"2026-06-22T12:54:19.727Z"}
{"level":"info","message":"TIA/USDC: CCI 55.8 neutral | MACD crossed above signal (above zero) ↑ hist:0.0007 | HA flipped bullish ↑ after 8-bar bear streak","timestamp":"2026-06-22T12:54:19.727Z"}
{"level":"info","message":"TIA/USDC: live balance=171.40 pnl=0.00 open_positions=1 daily_pnl=0.00 blocked=false","timestamp":"2026-06-22T12:54:20.016Z"}
{"level":"info","message":"INJ/USDC: BUY suppressed — 4h momentum bearish (score=43% < 45% required)","timestamp":"2026-06-22T12:54:20.202Z"}
{"level":"debug","message":"[CYCLE] INJ/USDC: sizing positionPct=0.0361 (base=0.15 atr=0.037267080745341644 regime=on conf=1.00 macro=bear mtf=1.0)","timestamp":"2026-06-22T12:54:20.203Z"}
{"level":"info","message":"INJ/USDC: trade blocked - 4h momentum bearish (score=43% < 45% required)","timestamp":"2026-06-22T12:54:20.203Z"}
{"level":"info","message":"INJ/USDC: decision=BUY confidence=100% price=4.96300000 external_signals=0","timestamp":"2026-06-22T12:54:20.204Z"}
{"level":"info","message":"INJ/USDC: ADX 14.1 < 25 — ranging, skip | OBV crossed above EMA-20 — volume buyers in control | StochRSI K=0.7 crossed above D=0.2 in oversold ↑","timestamp":"2026-06-22T12:54:20.204Z"}
{"level":"info","message":"INJ/USDC: live balance=171.40 pnl=0.00 open_positions=1 daily_pnl=0.00 blocked=false","timestamp":"2026-06-22T12:54:20.684Z"}
{"level":"info","message":"Risk-check loop active: every 120s for open positions","timestamp":"2026-06-22T12:54:20.685Z"}
{"level":"info","message":"MTF 15m cache: refresh every 15 min","timestamp":"2026-06-22T12:54:20.685Z"}
{"level":"info","message":"MTF 4h cache: refresh every 4h","timestamp":"2026-06-22T12:54:20.686Z"}
{"level":"info","message":"Next cycle aligned to candle close in 666 min (Tue, 23 Jun 2026 00:00:03 GMT)","timestamp":"2026-06-22T12:54:20.687Z"}
{"level":"info","message":"[MTF-CACHE] 15m refresh complete: 37/37 symbols","timestamp":"2026-06-22T12:54:31.221Z"}
{"level":"info","message":"[MTF-CACHE] 4h refresh complete: 37/37 symbols","timestamp":"2026-06-22T12:54:31.505Z"}
{"level":"info","message":"Starting playAIStocks Phase 4 bot","timestamp":"2026-06-22T12:55:55.750Z"}
{"level":"info","message":"Mode=LIVE symbols=BTC/USDC, XRP/USDC, LINK/USDC, BNB/USDC, LTC/USDC, NEAR/USDC, TRX/USDC, BCH/USDC, ACH/USDC, CRV/USDC, ENS/USDC, GMX/USDC, JTO/USDC, LDO/USDC, LSK/USDC, MANTA/USDC, PAXG/USDC, PIXEL/USDC, SUI/USDC, THETA/USDC, TIA/USDC, VANRY/USDC, SOL/USDC, ADA/USDC, AVAX/USDC, DOGE/USDC, INJ/USDC, ETH/USDC, WLD/USDC, PEPE/USDC, TON/USDC, RENDER/USDC, ENA/USDC, ICP/USDC, APT/USDC, ARB/USDC, JUP/USDC timeframe=12h interval=43200000ms","timestamp":"2026-06-22T12:55:55.754Z"}
{"level":"info","message":"  BTC/USDC [custom]: strategies=[EMA+PSAR+HeikinAshi]  SL=5%  TP=12%  conf=0.55","timestamp":"2026-06-22T12:55:55.754Z"}
{"level":"info","message":"  XRP/USDC [custom]: strategies=[BB+Stoch+EMA]  SL=7%  TP=18%  conf=0.55","timestamp":"2026-06-22T12:55:55.755Z"}
{"level":"info","message":"  LINK/USDC [custom]: strategies=[BB+Stoch+Supertrend]  SL=5%  TP=12%  conf=0.7","timestamp":"2026-06-22T12:55:55.755Z"}
{"level":"info","message":"  BNB/USDC [custom]: strategies=[WilliamsR+HeikinAshi+SR]  SL=5%  TP=12%  conf=0.55","timestamp":"2026-06-22T12:55:55.755Z"}
{"level":"info","message":"  LTC/USDC [custom]: strategies=[BB+EMA+WilliamsR]  SL=5%  TP=12%  conf=0.55","timestamp":"2026-06-22T12:55:55.756Z"}
{"level":"info","message":"  NEAR/USDC [default]: strategies=[RSI+BB+Stoch+SR]  SL=5%  TP=12%  conf=0.7","timestamp":"2026-06-22T12:55:55.756Z"}
{"level":"info","message":"  TRX/USDC [custom]: strategies=[CCI+Stoch+StochRSI]  SL=12%  TP=30%  conf=0.7","timestamp":"2026-06-22T12:55:55.756Z"}
{"level":"info","message":"  BCH/USDC [custom]: strategies=[BB+OBV+WilliamsR]  SL=7%  TP=18%  conf=0.55","timestamp":"2026-06-22T12:55:55.757Z"}
{"level":"info","message":"  ACH/USDC [custom]: strategies=[RSI+BB+CCI]  SL=5%  TP=12%  conf=0.7","timestamp":"2026-06-22T12:55:55.757Z"}
{"level":"info","message":"  CRV/USDC [custom]: strategies=[ADX+StochRSI+SR]  SL=5%  TP=12%  conf=0.55","timestamp":"2026-06-22T12:55:55.758Z"}
{"level":"info","message":"  ENS/USDC [custom]: strategies=[BB+PSAR+SR]  SL=5%  TP=12%  conf=0.55","timestamp":"2026-06-22T12:55:55.758Z"}
{"level":"info","message":"  GMX/USDC [custom]: strategies=[RSI+BB+CCI]  SL=5%  TP=12%  conf=0.7","timestamp":"2026-06-22T12:55:55.758Z"}
{"level":"info","message":"  JTO/USDC [custom]: strategies=[CCI+PSAR+SR]  SL=5%  TP=12%  conf=0.55","timestamp":"2026-06-22T12:55:55.758Z"}
{"level":"info","message":"  LDO/USDC [custom]: strategies=[MACD+ADX+WilliamsR]  SL=5%  TP=12%  conf=0.55","timestamp":"2026-06-22T12:55:55.758Z"}
{"level":"info","message":"  LSK/USDC [custom]: strategies=[MACD+MFI+PSAR]  SL=7%  TP=18%  conf=0.55","timestamp":"2026-06-22T12:55:55.758Z"}
{"level":"info","message":"  MANTA/USDC [custom]: strategies=[RSI+BB+CCI]  SL=5%  TP=12%  conf=0.7","timestamp":"2026-06-22T12:55:55.759Z"}
{"level":"info","message":"  PAXG/USDC [custom]: strategies=[MACD+ADX+Supertrend]  SL=7%  TP=18%  conf=0.55","timestamp":"2026-06-22T12:55:55.759Z"}
{"level":"info","message":"  PIXEL/USDC [custom]: strategies=[EMA+ADX+SR]  SL=5%  TP=12%  conf=0.55","timestamp":"2026-06-22T12:55:55.759Z"}
{"level":"info","message":"  SUI/USDC [custom]: strategies=[RSI+Stoch+MFI]  SL=5%  TP=12%  conf=0.7","timestamp":"2026-06-22T12:55:55.759Z"}
{"level":"info","message":"  THETA/USDC [custom]: strategies=[RSI+CCI+OBV]  SL=5%  TP=12%  conf=0.55","timestamp":"2026-06-22T12:55:55.759Z"}
{"level":"info","message":"  TIA/USDC [custom]: strategies=[CCI+MACD+HeikinAshi]  SL=5%  TP=12%  conf=0.55","timestamp":"2026-06-22T12:55:55.759Z"}
{"level":"info","message":"  VANRY/USDC [custom]: strategies=[EMA+MACD+ADX]  SL=5%  TP=12%  conf=0.55","timestamp":"2026-06-22T12:55:55.759Z"}
{"level":"info","message":"  SOL/USDC [custom]: strategies=[BB+WilliamsR+StochRSI]  SL=7%  TP=18%  conf=0.55","timestamp":"2026-06-22T12:55:55.760Z"}
{"level":"info","message":"  ADA/USDC [custom]: strategies=[RSI+BB+CCI]  SL=5%  TP=12%  conf=0.55","timestamp":"2026-06-22T12:55:55.760Z"}
{"level":"info","message":"  AVAX/USDC [custom]: strategies=[RSI+MACD+PSAR]  SL=7%  TP=18%  conf=0.55","timestamp":"2026-06-22T12:55:55.760Z"}
{"level":"info","message":"  DOGE/USDC [custom]: strategies=[EMA+PSAR+HeikinAshi]  SL=7%  TP=18%  conf=0.55","timestamp":"2026-06-22T12:55:55.760Z"}
{"level":"info","message":"  INJ/USDC [custom]: strategies=[ADX+OBV+StochRSI]  SL=7%  TP=18%  conf=0.55","timestamp":"2026-06-22T12:55:55.760Z"}
{"level":"info","message":"  ETH/USDC [custom]: strategies=[Supertrend+MFI+SR]  SL=5%  TP=12%  conf=0.55","timestamp":"2026-06-22T12:55:55.760Z"}
{"level":"info","message":"  WLD/USDC [custom]: strategies=[BB+CCI+ADX]  SL=7%  TP=18%  conf=0.55","timestamp":"2026-06-22T12:55:55.760Z"}
{"level":"info","message":"  PEPE/USDC [custom]: strategies=[EMA+Supertrend+OBV]  SL=7%  TP=18%  conf=0.55","timestamp":"2026-06-22T12:55:55.760Z"}
{"level":"info","message":"  TON/USDC [custom]: strategies=[EMA+OBV+StochRSI]  SL=7%  TP=18%  conf=0.55","timestamp":"2026-06-22T12:55:55.761Z"}
{"level":"info","message":"  RENDER/USDC [custom]: strategies=[EMA+OBV+WilliamsR]  SL=7%  TP=18%  conf=0.55","timestamp":"2026-06-22T12:55:55.761Z"}
{"level":"info","message":"  ENA/USDC [custom]: strategies=[RSI+BB+CCI]  SL=7%  TP=18%  conf=0.55","timestamp":"2026-06-22T12:55:55.761Z"}
{"level":"info","message":"  ICP/USDC [custom]: strategies=[RSI+BB+Stoch]  SL=7%  TP=18%  conf=0.55","timestamp":"2026-06-22T12:55:55.761Z"}
{"level":"info","message":"  APT/USDC [custom]: strategies=[BB+Stoch+MFI]  SL=7%  TP=18%  conf=0.55","timestamp":"2026-06-22T12:55:55.761Z"}
{"level":"info","message":"  ARB/USDC [custom]: strategies=[RSI+WilliamsR+HeikinAshi]  SL=7%  TP=18%  conf=0.55","timestamp":"2026-06-22T12:55:55.761Z"}
{"level":"info","message":"  JUP/USDC [custom]: strategies=[BB+CCI+OBV]  SL=7%  TP=18%  conf=0.55","timestamp":"2026-06-22T12:55:55.761Z"}
{"level":"info","message":"Risk: balance=1000.00 maxPositionPct=0.15 stopLossPct=0.05 takeProfitPct=0.12 trailingStopPct=0","timestamp":"2026-06-22T12:55:55.761Z"}
{"level":"info","message":"Risk limits: maxDailyLossPct=0.05 maxOpenPositions=3 minConfidence=0.7","timestamp":"2026-06-22T12:55:55.761Z"}
{"level":"info","message":"Signals: webhook=on:3000 telegram=off algoWeight=1 minConfidence=0.7","timestamp":"2026-06-22T12:55:55.761Z"}
{"level":"info","message":"Regime filter: OFF","timestamp":"2026-06-22T12:55:55.762Z"}
{"level":"info","message":"ATR sizing: ON — period=14, inverse-vol scaling [0.5×–2×]","timestamp":"2026-06-22T12:55:55.762Z"}
{"level":"info","message":"Macro filter: ON — BTC EMA200 bear → 50% position size","timestamp":"2026-06-22T12:55:55.762Z"}
{"level":"info","message":"Correlation filter: OFF","timestamp":"2026-06-22T12:55:55.762Z"}
{"level":"info","message":"MTF filter: ON — 15m×16 bars, min 50% green to allow BUY (misaligned → skip)","timestamp":"2026-06-22T12:55:55.762Z"}
{"level":"info","message":"4h MTF filter: ON — EMA(8/21)+RSI(14), min score 45%, lookback=21","timestamp":"2026-06-22T12:55:55.762Z"}
{"level":"info","message":"Regime sizing: ON — ADX≥25→1.3× ADX<15→0.5×","timestamp":"2026-06-22T12:55:55.762Z"}
{"level":"info","message":"Dashboard: http://localhost:3001","timestamp":"2026-06-22T12:55:55.762Z"}
{"level":"info","message":"[NOTIFY] Telegram notifier ready → 1 chat(s)","timestamp":"2026-06-22T12:55:55.763Z"}
{"level":"info","message":"Initializing 12h candle history for 37 symbols…","timestamp":"2026-06-22T12:55:55.769Z"}
{"level":"info","message":"Dashboard running at http://localhost:3001","timestamp":"2026-06-22T12:55:55.773Z"}
{"level":"info","message":"Cache hit: BTC/USDC 12h — 1473 candles from disk","timestamp":"2026-06-22T12:55:55.803Z"}
{"level":"info","message":"BTC/USDC: cache is up-to-date (1473 candles)","timestamp":"2026-06-22T12:55:55.803Z"}
{"level":"info","message":"Cache hit: XRP/USDC 12h — 1473 candles from disk","timestamp":"2026-06-22T12:55:55.805Z"}
{"level":"info","message":"XRP/USDC: cache is up-to-date (1473 candles)","timestamp":"2026-06-22T12:55:55.805Z"}
{"level":"info","message":"Cache hit: BNB/USDC 12h — 1473 candles from disk","timestamp":"2026-06-22T12:55:55.807Z"}
{"level":"info","message":"BNB/USDC: cache is up-to-date (1473 candles)","timestamp":"2026-06-22T12:55:55.807Z"}
{"level":"info","message":"Cache hit: LTC/USDC 12h — 1473 candles from disk","timestamp":"2026-06-22T12:55:55.809Z"}
{"level":"info","message":"LTC/USDC: cache is up-to-date (1473 candles)","timestamp":"2026-06-22T12:55:55.809Z"}
{"level":"info","message":"Cache hit: LINK/USDC 12h — 1473 candles from disk","timestamp":"2026-06-22T12:55:55.811Z"}
{"level":"info","message":"LINK/USDC: cache is up-to-date (1473 candles)","timestamp":"2026-06-22T12:55:55.811Z"}
{"level":"info","message":"Cache hit: NEAR/USDC 12h — 1473 candles from disk","timestamp":"2026-06-22T12:55:55.813Z"}
{"level":"info","message":"NEAR/USDC: cache is up-to-date (1473 candles)","timestamp":"2026-06-22T12:55:55.813Z"}
{"level":"info","message":"Cache hit: TRX/USDC 12h — 1314 candles from disk","timestamp":"2026-06-22T12:55:55.815Z"}
{"level":"info","message":"TRX/USDC: cache is up-to-date (1314 candles)","timestamp":"2026-06-22T12:55:55.815Z"}
{"level":"info","message":"Cache hit: ACH/USDC 12h — 854 candles from disk","timestamp":"2026-06-22T12:55:55.817Z"}
{"level":"info","message":"ACH/USDC: cache is up-to-date (854 candles)","timestamp":"2026-06-22T12:55:55.817Z"}
{"level":"info","message":"Cache hit: BCH/USDC 12h — 1473 candles from disk","timestamp":"2026-06-22T12:55:55.819Z"}
{"level":"info","message":"BCH/USDC: cache is up-to-date (1473 candles)","timestamp":"2026-06-22T12:55:55.819Z"}
{"level":"info","message":"Cache hit: CRV/USDC 12h — 1473 candles from disk","timestamp":"2026-06-22T12:55:55.821Z"}
{"level":"info","message":"CRV/USDC: cache is up-to-date (1473 candles)","timestamp":"2026-06-22T12:55:55.821Z"}
{"level":"info","message":"Cache hit: ENS/USDC 12h — 1473 candles from disk","timestamp":"2026-06-22T12:55:55.823Z"}
{"level":"info","message":"ENS/USDC: cache is up-to-date (1473 candles)","timestamp":"2026-06-22T12:55:55.823Z"}
{"level":"info","message":"Cache hit: GMX/USDC 12h — 924 candles from disk","timestamp":"2026-06-22T12:55:55.824Z"}
{"level":"info","message":"GMX/USDC: cache is up-to-date (924 candles)","timestamp":"2026-06-22T12:55:55.824Z"}
{"level":"info","message":"Cache hit: JTO/USDC 12h — 1473 candles from disk","timestamp":"2026-06-22T12:55:55.826Z"}
{"level":"info","message":"JTO/USDC: cache is up-to-date (1473 candles)","timestamp":"2026-06-22T12:55:55.826Z"}
{"level":"info","message":"Cache hit: LSK/USDC 12h — 413 candles from disk","timestamp":"2026-06-22T12:55:55.827Z"}
{"level":"info","message":"LSK/USDC: cache has 413 candles, fetching new ones since last close…","timestamp":"2026-06-22T12:55:55.827Z"}
{"level":"info","message":"Cache hit: LDO/USDC 12h — 1473 candles from disk","timestamp":"2026-06-22T12:55:55.880Z"}
{"level":"info","message":"LDO/USDC: cache is up-to-date (1473 candles)","timestamp":"2026-06-22T12:55:55.880Z"}
{"level":"info","message":"Cache hit: MANTA/USDC 12h — 1473 candles from disk","timestamp":"2026-06-22T12:55:55.883Z"}
{"level":"info","message":"MANTA/USDC: cache is up-to-date (1473 candles)","timestamp":"2026-06-22T12:55:55.883Z"}
{"level":"info","message":"Cache hit: PAXG/USDC 12h — 868 candles from disk","timestamp":"2026-06-22T12:55:55.884Z"}
{"level":"info","message":"PAXG/USDC: cache is up-to-date (868 candles)","timestamp":"2026-06-22T12:55:55.884Z"}
{"level":"info","message":"Cache hit: PIXEL/USDC 12h — 1473 candles from disk","timestamp":"2026-06-22T12:55:55.887Z"}
{"level":"info","message":"PIXEL/USDC: cache is up-to-date (1473 candles)","timestamp":"2026-06-22T12:55:55.887Z"}
{"level":"info","message":"Cache hit: SUI/USDC 12h — 1473 candles from disk","timestamp":"2026-06-22T12:55:55.889Z"}
{"level":"info","message":"SUI/USDC: cache is up-to-date (1473 candles)","timestamp":"2026-06-22T12:55:55.889Z"}
{"level":"info","message":"Cache hit: THETA/USDC 12h — 892 candles from disk","timestamp":"2026-06-22T12:55:55.890Z"}
{"level":"info","message":"THETA/USDC: cache is up-to-date (892 candles)","timestamp":"2026-06-22T12:55:55.890Z"}
{"level":"info","message":"Cache hit: TIA/USDC 12h — 1473 candles from disk","timestamp":"2026-06-22T12:55:55.892Z"}
{"level":"info","message":"TIA/USDC: cache is up-to-date (1473 candles)","timestamp":"2026-06-22T12:55:55.892Z"}
{"level":"info","message":"Cache hit: VANRY/USDC 12h — 920 candles from disk","timestamp":"2026-06-22T12:55:55.894Z"}
{"level":"info","message":"VANRY/USDC: cache is up-to-date (920 candles)","timestamp":"2026-06-22T12:55:55.894Z"}
{"level":"info","message":"Cache hit: SOL/USDC 12h — 1473 candles from disk","timestamp":"2026-06-22T12:55:55.896Z"}
{"level":"info","message":"SOL/USDC: cache is up-to-date (1473 candles)","timestamp":"2026-06-22T12:55:55.896Z"}
{"level":"info","message":"Cache hit: ADA/USDC 12h — 1473 candles from disk","timestamp":"2026-06-22T12:55:55.899Z"}
{"level":"info","message":"ADA/USDC: cache is up-to-date (1473 candles)","timestamp":"2026-06-22T12:55:55.900Z"}
{"level":"info","message":"Cache hit: DOGE/USDC 12h — 1473 candles from disk","timestamp":"2026-06-22T12:55:55.902Z"}
{"level":"info","message":"DOGE/USDC: cache is up-to-date (1473 candles)","timestamp":"2026-06-22T12:55:55.902Z"}
{"level":"info","message":"Cache hit: AVAX/USDC 12h — 1473 candles from disk","timestamp":"2026-06-22T12:55:55.904Z"}
{"level":"info","message":"AVAX/USDC: cache is up-to-date (1473 candles)","timestamp":"2026-06-22T12:55:55.904Z"}
{"level":"info","message":"Cache hit: INJ/USDC 12h — 1473 candles from disk","timestamp":"2026-06-22T12:55:55.907Z"}
{"level":"info","message":"INJ/USDC: cache is up-to-date (1473 candles)","timestamp":"2026-06-22T12:55:55.907Z"}
{"level":"info","message":"Cache hit: ETH/USDC 12h — 1473 candles from disk","timestamp":"2026-06-22T12:55:55.909Z"}
{"level":"info","message":"ETH/USDC: cache is up-to-date (1473 candles)","timestamp":"2026-06-22T12:55:55.909Z"}
{"level":"info","message":"Cache hit: WLD/USDC 12h — 1473 candles from disk","timestamp":"2026-06-22T12:55:55.911Z"}
{"level":"info","message":"WLD/USDC: cache is up-to-date (1473 candles)","timestamp":"2026-06-22T12:55:55.911Z"}
{"level":"info","message":"Cache hit: TON/USDC 12h — 1340 candles from disk","timestamp":"2026-06-22T12:55:55.913Z"}
{"level":"info","message":"TON/USDC: cache is up-to-date (1340 candles)","timestamp":"2026-06-22T12:55:55.913Z"}
{"level":"info","message":"Cache hit: PEPE/USDC 12h — 1473 candles from disk","timestamp":"2026-06-22T12:55:55.915Z"}
{"level":"info","message":"PEPE/USDC: cache is up-to-date (1473 candles)","timestamp":"2026-06-22T12:55:55.916Z"}
{"level":"info","message":"Cache hit: RENDER/USDC 12h — 1394 candles from disk","timestamp":"2026-06-22T12:55:55.918Z"}
{"level":"info","message":"RENDER/USDC: cache is up-to-date (1394 candles)","timestamp":"2026-06-22T12:55:55.918Z"}
{"level":"info","message":"Cache hit: APT/USDC 12h — 1473 candles from disk","timestamp":"2026-06-22T12:55:55.920Z"}
{"level":"info","message":"APT/USDC: cache is up-to-date (1473 candles)","timestamp":"2026-06-22T12:55:55.920Z"}
{"level":"info","message":"Cache hit: ENA/USDC 12h — 1473 candles from disk","timestamp":"2026-06-22T12:55:55.923Z"}
{"level":"info","message":"ENA/USDC: cache is up-to-date (1473 candles)","timestamp":"2026-06-22T12:55:55.923Z"}
{"level":"info","message":"Cache hit: ICP/USDC 12h — 1473 candles from disk","timestamp":"2026-06-22T12:55:55.925Z"}
{"level":"info","message":"ICP/USDC: cache is up-to-date (1473 candles)","timestamp":"2026-06-22T12:55:55.925Z"}
{"level":"info","message":"Cache hit: ARB/USDC 12h — 1473 candles from disk","timestamp":"2026-06-22T12:55:55.927Z"}
{"level":"info","message":"ARB/USDC: cache is up-to-date (1473 candles)","timestamp":"2026-06-22T12:55:55.927Z"}
{"level":"info","message":"Cache hit: JUP/USDC 12h — 1473 candles from disk","timestamp":"2026-06-22T12:55:55.947Z"}
{"level":"info","message":"JUP/USDC: cache is up-to-date (1473 candles)","timestamp":"2026-06-22T12:55:55.947Z"}
{"level":"debug","message":"Cache saved: BTC/USDC 12h — 1473 candles","timestamp":"2026-06-22T12:55:56.045Z"}
{"level":"info","message":"BTC/USDC: 1473 12h candles ready","timestamp":"2026-06-22T12:55:56.046Z"}
{"level":"debug","message":"Cache saved: BNB/USDC 12h — 1473 candles","timestamp":"2026-06-22T12:55:56.046Z"}
{"level":"info","message":"BNB/USDC: 1473 12h candles ready","timestamp":"2026-06-22T12:55:56.047Z"}
{"level":"debug","message":"Cache saved: LTC/USDC 12h — 1473 candles","timestamp":"2026-06-22T12:55:56.047Z"}
{"level":"info","message":"LTC/USDC: 1473 12h candles ready","timestamp":"2026-06-22T12:55:56.047Z"}
{"level":"debug","message":"Cache saved: ACH/USDC 12h — 854 candles","timestamp":"2026-06-22T12:55:56.047Z"}
{"level":"info","message":"ACH/USDC: 854 12h candles ready","timestamp":"2026-06-22T12:55:56.047Z"}
{"level":"debug","message":"Cache saved: BCH/USDC 12h — 1473 candles","timestamp":"2026-06-22T12:55:56.048Z"}
{"level":"info","message":"BCH/USDC: 1473 12h candles ready","timestamp":"2026-06-22T12:55:56.048Z"}
{"level":"debug","message":"Cache saved: CRV/USDC 12h — 1473 candles","timestamp":"2026-06-22T12:55:56.048Z"}
{"level":"info","message":"CRV/USDC: 1473 12h candles ready","timestamp":"2026-06-22T12:55:56.048Z"}
{"level":"debug","message":"Cache saved: ENS/USDC 12h — 1473 candles","timestamp":"2026-06-22T12:55:56.048Z"}
{"level":"info","message":"ENS/USDC: 1473 12h candles ready","timestamp":"2026-06-22T12:55:56.048Z"}
{"level":"debug","message":"Cache saved: NEAR/USDC 12h — 1473 candles","timestamp":"2026-06-22T12:55:56.049Z"}
{"level":"info","message":"NEAR/USDC: 1473 12h candles ready","timestamp":"2026-06-22T12:55:56.049Z"}
{"level":"debug","message":"Cache saved: TRX/USDC 12h — 1314 candles","timestamp":"2026-06-22T12:55:56.049Z"}
{"level":"info","message":"TRX/USDC: 1314 12h candles ready","timestamp":"2026-06-22T12:55:56.050Z"}
{"level":"debug","message":"Cache saved: GMX/USDC 12h — 924 candles","timestamp":"2026-06-22T12:55:56.050Z"}
{"level":"info","message":"GMX/USDC: 924 12h candles ready","timestamp":"2026-06-22T12:55:56.050Z"}
{"level":"debug","message":"Cache saved: JTO/USDC 12h — 1473 candles","timestamp":"2026-06-22T12:55:56.050Z"}
{"level":"info","message":"JTO/USDC: 1473 12h candles ready","timestamp":"2026-06-22T12:55:56.050Z"}
{"level":"debug","message":"Cache saved: XRP/USDC 12h — 1473 candles","timestamp":"2026-06-22T12:55:56.050Z"}
{"level":"info","message":"XRP/USDC: 1473 12h candles ready","timestamp":"2026-06-22T12:55:56.051Z"}
{"level":"debug","message":"Cache saved: LDO/USDC 12h — 1473 candles","timestamp":"2026-06-22T12:55:56.051Z"}
{"level":"info","message":"LDO/USDC: 1473 12h candles ready","timestamp":"2026-06-22T12:55:56.051Z"}
{"level":"debug","message":"Cache saved: MANTA/USDC 12h — 1473 candles","timestamp":"2026-06-22T12:55:56.051Z"}
{"level":"info","message":"MANTA/USDC: 1473 12h candles ready","timestamp":"2026-06-22T12:55:56.051Z"}
{"level":"debug","message":"Cache saved: THETA/USDC 12h — 892 candles","timestamp":"2026-06-22T12:55:56.052Z"}
{"level":"info","message":"THETA/USDC: 892 12h candles ready","timestamp":"2026-06-22T12:55:56.052Z"}
{"level":"debug","message":"Cache saved: SUI/USDC 12h — 1473 candles","timestamp":"2026-06-22T12:55:56.052Z"}
{"level":"info","message":"SUI/USDC: 1473 12h candles ready","timestamp":"2026-06-22T12:55:56.052Z"}
{"level":"debug","message":"Cache saved: VANRY/USDC 12h — 920 candles","timestamp":"2026-06-22T12:55:56.055Z"}
{"level":"info","message":"VANRY/USDC: 920 12h candles ready","timestamp":"2026-06-22T12:55:56.055Z"}
{"level":"debug","message":"Cache saved: TIA/USDC 12h — 1473 candles","timestamp":"2026-06-22T12:55:56.056Z"}
{"level":"info","message":"TIA/USDC: 1473 12h candles ready","timestamp":"2026-06-22T12:55:56.056Z"}
{"level":"debug","message":"Cache saved: SOL/USDC 12h — 1473 candles","timestamp":"2026-06-22T12:55:56.056Z"}
{"level":"info","message":"SOL/USDC: 1473 12h candles ready","timestamp":"2026-06-22T12:55:56.056Z"}
{"level":"debug","message":"Cache saved: AVAX/USDC 12h — 1473 candles","timestamp":"2026-06-22T12:55:56.056Z"}
{"level":"info","message":"AVAX/USDC: 1473 12h candles ready","timestamp":"2026-06-22T12:55:56.057Z"}
{"level":"debug","message":"Cache saved: DOGE/USDC 12h — 1473 candles","timestamp":"2026-06-22T12:55:56.057Z"}
{"level":"info","message":"DOGE/USDC: 1473 12h candles ready","timestamp":"2026-06-22T12:55:56.057Z"}
{"level":"debug","message":"Cache saved: INJ/USDC 12h — 1473 candles","timestamp":"2026-06-22T12:55:56.057Z"}
{"level":"info","message":"INJ/USDC: 1473 12h candles ready","timestamp":"2026-06-22T12:55:56.057Z"}
{"level":"debug","message":"Cache saved: ADA/USDC 12h — 1473 candles","timestamp":"2026-06-22T12:55:56.057Z"}
{"level":"info","message":"ADA/USDC: 1473 12h candles ready","timestamp":"2026-06-22T12:55:56.058Z"}
{"level":"debug","message":"Cache saved: PIXEL/USDC 12h — 1473 candles","timestamp":"2026-06-22T12:55:56.058Z"}
{"level":"info","message":"PIXEL/USDC: 1473 12h candles ready","timestamp":"2026-06-22T12:55:56.058Z"}
{"level":"debug","message":"Cache saved: PAXG/USDC 12h — 868 candles","timestamp":"2026-06-22T12:55:56.058Z"}
{"level":"info","message":"PAXG/USDC: 868 12h candles ready","timestamp":"2026-06-22T12:55:56.058Z"}
{"level":"debug","message":"Cache saved: WLD/USDC 12h — 1473 candles","timestamp":"2026-06-22T12:55:56.058Z"}
{"level":"info","message":"WLD/USDC: 1473 12h candles ready","timestamp":"2026-06-22T12:55:56.059Z"}
{"level":"debug","message":"Cache saved: ETH/USDC 12h — 1473 candles","timestamp":"2026-06-22T12:55:56.059Z"}
{"level":"info","message":"ETH/USDC: 1473 12h candles ready","timestamp":"2026-06-22T12:55:56.059Z"}
{"level":"debug","message":"Cache saved: TON/USDC 12h — 1340 candles","timestamp":"2026-06-22T12:55:56.059Z"}
{"level":"info","message":"TON/USDC: 1340 12h candles ready","timestamp":"2026-06-22T12:55:56.059Z"}
{"level":"debug","message":"Cache saved: APT/USDC 12h — 1473 candles","timestamp":"2026-06-22T12:55:56.059Z"}
{"level":"info","message":"APT/USDC: 1473 12h candles ready","timestamp":"2026-06-22T12:55:56.060Z"}
{"level":"debug","message":"Cache saved: ENA/USDC 12h — 1473 candles","timestamp":"2026-06-22T12:55:56.060Z"}
{"level":"info","message":"ENA/USDC: 1473 12h candles ready","timestamp":"2026-06-22T12:55:56.060Z"}
{"level":"debug","message":"Cache saved: LINK/USDC 12h — 1473 candles","timestamp":"2026-06-22T12:55:56.060Z"}
{"level":"info","message":"LINK/USDC: 1473 12h candles ready","timestamp":"2026-06-22T12:55:56.060Z"}
{"level":"debug","message":"Cache saved: PEPE/USDC 12h — 1473 candles","timestamp":"2026-06-22T12:55:56.060Z"}
{"level":"info","message":"PEPE/USDC: 1473 12h candles ready","timestamp":"2026-06-22T12:55:56.061Z"}
{"level":"debug","message":"Cache saved: ICP/USDC 12h — 1473 candles","timestamp":"2026-06-22T12:55:56.061Z"}
{"level":"info","message":"ICP/USDC: 1473 12h candles ready","timestamp":"2026-06-22T12:55:56.061Z"}
{"level":"debug","message":"Cache saved: JUP/USDC 12h — 1473 candles","timestamp":"2026-06-22T12:55:56.061Z"}
{"level":"info","message":"JUP/USDC: 1473 12h candles ready","timestamp":"2026-06-22T12:55:56.061Z"}
{"level":"debug","message":"Cache saved: ARB/USDC 12h — 1473 candles","timestamp":"2026-06-22T12:55:56.062Z"}
{"level":"info","message":"ARB/USDC: 1473 12h candles ready","timestamp":"2026-06-22T12:55:56.062Z"}
{"level":"debug","message":"Cache saved: RENDER/USDC 12h — 1394 candles","timestamp":"2026-06-22T12:55:56.062Z"}
{"level":"info","message":"RENDER/USDC: 1394 12h candles ready","timestamp":"2026-06-22T12:55:56.062Z"}
{"level":"info","message":"LSK/USDC: appended 0 new candles","timestamp":"2026-06-22T12:55:59.196Z"}
{"level":"debug","message":"Cache saved: LSK/USDC 12h — 413 candles","timestamp":"2026-06-22T12:55:59.202Z"}
{"level":"info","message":"LSK/USDC: 413 12h candles ready","timestamp":"2026-06-22T12:55:59.202Z"}
{"level":"info","message":"[LIVE] TIA/USDC: restored persisted stop=0.37724500 HWM=0.39710000","timestamp":"2026-06-22T12:56:00.210Z"}
{"level":"info","message":"[LIVE] Restored position from exchange: TIA/USDC qty=48.074286 entry=0.3971 notional=$18.97 SL=0.377245","timestamp":"2026-06-22T12:56:00.211Z"}
{"level":"debug","message":"[AGG] BTC/USDC: strategy[0]=unknown → HOLD conf=0.20 \"No EMA crossover (fast 64140.8994 vs slow 64522.6812)\"","timestamp":"2026-06-22T12:56:01.066Z"}
{"level":"debug","message":"[AGG] BTC/USDC: strategy[1]=unknown → HOLD conf=0.10 \"PSAR downtrend continues (SAR 65352.1574)\"","timestamp":"2026-06-22T12:56:01.066Z"}
{"level":"debug","message":"[AGG] BTC/USDC: strategy[2]=unknown → SELL conf=0.62 \"HA flipped bearish ↓ after 4-bar bull streak\"","timestamp":"2026-06-22T12:56:01.067Z"}
{"level":"debug","message":"[AGG] BTC/USDC: votes BUY=0.00 SELL=1.00 HOLD=2.00 total_weight=1.00 external=0","timestamp":"2026-06-22T12:56:01.067Z"}
{"level":"debug","message":"[AGG] BTC/USDC: decision=HOLD confidence=2.00 tie=false belowMin=false (minConf=0.55)","timestamp":"2026-06-22T12:56:01.067Z"}
{"level":"debug","message":"[AGG] XRP/USDC: strategy[0]=unknown → HOLD conf=0.20 \"Price 1.1470 inside BB [1.0963–1.2398]\"","timestamp":"2026-06-22T12:56:01.094Z"}
{"level":"debug","message":"[AGG] XRP/USDC: strategy[1]=unknown → BUY conf=0.62 \"Stoch K=16.4 crossed above D=14.8 in oversold zone\"","timestamp":"2026-06-22T12:56:01.095Z"}
{"level":"debug","message":"[AGG] XRP/USDC: strategy[2]=unknown → HOLD conf=0.20 \"No EMA crossover (fast 1.1540 vs slow 1.1657)\"","timestamp":"2026-06-22T12:56:01.095Z"}
{"level":"debug","message":"[AGG] XRP/USDC: votes BUY=1.00 SELL=0.00 HOLD=2.00 total_weight=1.00 external=0","timestamp":"2026-06-22T12:56:01.095Z"}
{"level":"debug","message":"[AGG] XRP/USDC: decision=HOLD confidence=2.00 tie=false belowMin=false (minConf=0.55)","timestamp":"2026-06-22T12:56:01.095Z"}
{"level":"debug","message":"[AGG] LINK/USDC: strategy[0]=unknown → HOLD conf=0.20 \"Price 8.0800 inside BB [7.7452–8.3529]\"","timestamp":"2026-06-22T12:56:01.123Z"}
{"level":"debug","message":"[AGG] LINK/USDC: strategy[1]=unknown → HOLD conf=0.20 \"Stoch K=37.9 D=26.1 — no crossover in extreme zone\"","timestamp":"2026-06-22T12:56:01.124Z"}
{"level":"debug","message":"[AGG] LINK/USDC: strategy[2]=unknown → HOLD conf=0.10 \"Supertrend downtrend continues (ST 8.4740)\"","timestamp":"2026-06-22T12:56:01.124Z"}
{"level":"debug","message":"[AGG] LINK/USDC: votes BUY=0.00 SELL=0.00 HOLD=3.00 total_weight=0.00 external=0","timestamp":"2026-06-22T12:56:01.124Z"}
{"level":"debug","message":"[AGG] LINK/USDC: decision=HOLD confidence=0.00 tie=false belowMin=true (minConf=0.7)","timestamp":"2026-06-22T12:56:01.124Z"}
{"level":"debug","message":"[AGG] BNB/USDC: strategy[0]=unknown → HOLD conf=0.20 \"%R -57.6 neutral\"","timestamp":"2026-06-22T12:56:01.129Z"}
{"level":"debug","message":"[AGG] BNB/USDC: strategy[1]=unknown → HOLD conf=0.15 \"HA bullish continuation\"","timestamp":"2026-06-22T12:56:01.129Z"}
{"level":"debug","message":"[AGG] BNB/USDC: strategy[2]=unknown → SELL conf=0.62 \"Resistance 597.8000 (2×)\"","timestamp":"2026-06-22T12:56:01.129Z"}
{"level":"debug","message":"[AGG] BNB/USDC: votes BUY=0.00 SELL=1.00 HOLD=2.00 total_weight=1.00 external=0","timestamp":"2026-06-22T12:56:01.129Z"}
{"level":"debug","message":"[AGG] BNB/USDC: decision=HOLD confidence=2.00 tie=false belowMin=false (minConf=0.55)","timestamp":"2026-06-22T12:56:01.129Z"}
{"level":"debug","message":"[AGG] LTC/USDC: strategy[0]=unknown → HOLD conf=0.20 \"Price 45.2300 inside BB [43.0487–46.2013]\"","timestamp":"2026-06-22T12:56:01.137Z"}
{"level":"debug","message":"[AGG] LTC/USDC: strategy[1]=unknown → HOLD conf=0.20 \"No EMA crossover (fast 44.6240 vs slow 44.7495)\"","timestamp":"2026-06-22T12:56:01.137Z"}
{"level":"debug","message":"[AGG] LTC/USDC: strategy[2]=unknown → HOLD conf=0.20 \"%R -32.6 neutral\"","timestamp":"2026-06-22T12:56:01.137Z"}
{"level":"debug","message":"[AGG] LTC/USDC: votes BUY=0.00 SELL=0.00 HOLD=3.00 total_weight=0.00 external=0","timestamp":"2026-06-22T12:56:01.137Z"}
{"level":"debug","message":"[AGG] LTC/USDC: decision=HOLD confidence=0.00 tie=false belowMin=true (minConf=0.55)","timestamp":"2026-06-22T12:56:01.137Z"}
{"level":"debug","message":"[AGG] NEAR/USDC: strategy[0]=unknown → HOLD conf=0.20 \"RSI 48.3 neutral\"","timestamp":"2026-06-22T12:56:01.155Z"}
{"level":"debug","message":"[AGG] NEAR/USDC: strategy[1]=unknown → HOLD conf=0.20 \"Price 2.1650 inside BB [1.9706–2.4523]\"","timestamp":"2026-06-22T12:56:01.156Z"}
{"level":"debug","message":"[AGG] NEAR/USDC: strategy[2]=unknown → HOLD conf=0.20 \"Stoch K=16.9 D=23.9 — no crossover in extreme zone\"","timestamp":"2026-06-22T12:56:01.156Z"}
{"level":"debug","message":"[AGG] NEAR/USDC: strategy[3]=unknown → HOLD conf=0.10 \"No significant S/R zone nearby\"","timestamp":"2026-06-22T12:56:01.156Z"}
{"level":"debug","message":"[AGG] NEAR/USDC: votes BUY=0.00 SELL=0.00 HOLD=4.00 total_weight=0.00 external=0","timestamp":"2026-06-22T12:56:01.156Z"}
{"level":"debug","message":"[AGG] NEAR/USDC: decision=HOLD confidence=0.00 tie=false belowMin=true (minConf=0.7)","timestamp":"2026-06-22T12:56:01.156Z"}
{"level":"debug","message":"[AGG] TRX/USDC: strategy[0]=unknown → HOLD conf=0.90 \"CCI 199.2 overbought — still rising, wait\"","timestamp":"2026-06-22T12:56:01.172Z"}
{"level":"debug","message":"[AGG] TRX/USDC: strategy[1]=unknown → HOLD conf=0.20 \"Stoch K=97.4 D=96.8 — no crossover in extreme zone\"","timestamp":"2026-06-22T12:56:01.173Z"}
{"level":"debug","message":"[AGG] TRX/USDC: strategy[2]=unknown → HOLD conf=0.20 \"StochRSI K=100.0 D=100.0 — no extreme crossover\"","timestamp":"2026-06-22T12:56:01.173Z"}
{"level":"debug","message":"[AGG] TRX/USDC: votes BUY=0.00 SELL=0.00 HOLD=3.00 total_weight=0.00 external=0","timestamp":"2026-06-22T12:56:01.173Z"}
{"level":"debug","message":"[AGG] TRX/USDC: decision=HOLD confidence=0.00 tie=false belowMin=true (minConf=0.7)","timestamp":"2026-06-22T12:56:01.173Z"}
{"level":"debug","message":"[AGG] BCH/USDC: strategy[0]=unknown → HOLD conf=0.20 \"Price 201.0000 inside BB [188.8657–224.9543]\"","timestamp":"2026-06-22T12:56:01.192Z"}
{"level":"debug","message":"[AGG] BCH/USDC: strategy[1]=unknown → HOLD conf=0.20 \"OBV below EMA-20 — no cross\"","timestamp":"2026-06-22T12:56:01.193Z"}
{"level":"debug","message":"[AGG] BCH/USDC: strategy[2]=unknown → HOLD conf=0.20 \"%R -78.3 neutral\"","timestamp":"2026-06-22T12:56:01.193Z"}
{"level":"debug","message":"[AGG] BCH/USDC: votes BUY=0.00 SELL=0.00 HOLD=3.00 total_weight=0.00 external=0","timestamp":"2026-06-22T12:56:01.193Z"}
{"level":"debug","message":"[AGG] BCH/USDC: decision=HOLD confidence=0.00 tie=false belowMin=true (minConf=0.55)","timestamp":"2026-06-22T12:56:01.193Z"}
{"level":"debug","message":"[AGG] ACH/USDC: strategy[0]=unknown → HOLD conf=0.20 \"RSI 40.3 neutral\"","timestamp":"2026-06-22T12:56:01.201Z"}
{"level":"debug","message":"[AGG] ACH/USDC: strategy[1]=unknown → HOLD conf=0.20 \"Price 0.0051 inside BB [0.0049–0.0057]\"","timestamp":"2026-06-22T12:56:01.201Z"}
{"level":"debug","message":"[AGG] ACH/USDC: strategy[2]=unknown → HOLD conf=0.20 \"CCI -80.1 neutral\"","timestamp":"2026-06-22T12:56:01.201Z"}
{"level":"debug","message":"[AGG] ACH/USDC: votes BUY=0.00 SELL=0.00 HOLD=3.00 total_weight=0.00 external=0","timestamp":"2026-06-22T12:56:01.201Z"}
{"level":"debug","message":"[AGG] ACH/USDC: decision=HOLD confidence=0.00 tie=false belowMin=true (minConf=0.7)","timestamp":"2026-06-22T12:56:01.201Z"}
{"level":"debug","message":"[AGG] CRV/USDC: strategy[0]=unknown → HOLD conf=0.10 \"ADX 21.6 < 25 — ranging, skip\"","timestamp":"2026-06-22T12:56:01.215Z"}
{"level":"debug","message":"[AGG] CRV/USDC: strategy[1]=unknown → BUY conf=0.79 \"StochRSI K=8.0 crossed above D=4.9 in oversold ↑\"","timestamp":"2026-06-22T12:56:01.215Z"}
{"level":"debug","message":"[AGG] CRV/USDC: strategy[2]=unknown → HOLD conf=0.10 \"No significant S/R zone nearby\"","timestamp":"2026-06-22T12:56:01.215Z"}
{"level":"debug","message":"[AGG] CRV/USDC: votes BUY=1.00 SELL=0.00 HOLD=2.00 total_weight=1.00 external=0","timestamp":"2026-06-22T12:56:01.216Z"}
{"level":"debug","message":"[AGG] CRV/USDC: decision=HOLD confidence=2.00 tie=false belowMin=false (minConf=0.55)","timestamp":"2026-06-22T12:56:01.216Z"}
{"level":"debug","message":"[AGG] ENS/USDC: strategy[0]=unknown → HOLD conf=0.20 \"Price 4.7100 inside BB [4.5886–5.5854]\"","timestamp":"2026-06-22T12:56:01.225Z"}
{"level":"debug","message":"[AGG] ENS/USDC: strategy[1]=unknown → HOLD conf=0.10 \"PSAR downtrend continues (SAR 5.3516)\"","timestamp":"2026-06-22T12:56:01.225Z"}
{"level":"debug","message":"[AGG] ENS/USDC: strategy[2]=unknown → HOLD conf=0.10 \"No significant S/R zone nearby\"","timestamp":"2026-06-22T12:56:01.225Z"}
{"level":"debug","message":"[AGG] ENS/USDC: votes BUY=0.00 SELL=0.00 HOLD=3.00 total_weight=0.00 external=0","timestamp":"2026-06-22T12:56:01.225Z"}
{"level":"debug","message":"[AGG] ENS/USDC: decision=HOLD confidence=0.00 tie=false belowMin=true (minConf=0.55)","timestamp":"2026-06-22T12:56:01.225Z"}
{"level":"debug","message":"[AGG] GMX/USDC: strategy[0]=unknown → HOLD conf=0.20 \"RSI 53.0 neutral\"","timestamp":"2026-06-22T12:56:01.232Z"}
{"level":"debug","message":"[AGG] GMX/USDC: strategy[1]=unknown → HOLD conf=0.20 \"Price 5.9400 inside BB [5.4576–6.1844]\"","timestamp":"2026-06-22T12:56:01.232Z"}
{"level":"debug","message":"[AGG] GMX/USDC: strategy[2]=unknown → HOLD conf=0.20 \"CCI 43.1 neutral\"","timestamp":"2026-06-22T12:56:01.232Z"}
{"level":"debug","message":"[AGG] GMX/USDC: votes BUY=0.00 SELL=0.00 HOLD=3.00 total_weight=0.00 external=0","timestamp":"2026-06-22T12:56:01.232Z"}
{"level":"debug","message":"[AGG] GMX/USDC: decision=HOLD confidence=0.00 tie=false belowMin=true (minConf=0.7)","timestamp":"2026-06-22T12:56:01.232Z"}
{"level":"debug","message":"[AGG] JTO/USDC: strategy[0]=unknown → HOLD conf=0.20 \"CCI -23.8 neutral\"","timestamp":"2026-06-22T12:56:01.238Z"}
{"level":"debug","message":"[AGG] JTO/USDC: strategy[1]=unknown → HOLD conf=0.10 \"PSAR downtrend continues (SAR 0.8593)\"","timestamp":"2026-06-22T12:56:01.239Z"}
{"level":"debug","message":"[AGG] JTO/USDC: strategy[2]=unknown → HOLD conf=0.10 \"No significant S/R zone nearby\"","timestamp":"2026-06-22T12:56:01.239Z"}
{"level":"debug","message":"[AGG] JTO/USDC: votes BUY=0.00 SELL=0.00 HOLD=3.00 total_weight=0.00 external=0","timestamp":"2026-06-22T12:56:01.239Z"}
{"level":"debug","message":"[AGG] JTO/USDC: decision=HOLD confidence=0.00 tie=false belowMin=true (minConf=0.55)","timestamp":"2026-06-22T12:56:01.239Z"}
{"level":"debug","message":"[AGG] LDO/USDC: strategy[0]=unknown → HOLD conf=0.20 \"MACD -0.0002 vs signal -0.0018 hist:0.0016\"","timestamp":"2026-06-22T12:56:01.253Z"}
{"level":"debug","message":"[AGG] LDO/USDC: strategy[1]=unknown → HOLD conf=0.10 \"ADX 20.9 < 25 — ranging, skip\"","timestamp":"2026-06-22T12:56:01.254Z"}
{"level":"debug","message":"[AGG] LDO/USDC: strategy[2]=unknown → HOLD conf=0.20 \"%R -61.0 neutral\"","timestamp":"2026-06-22T12:56:01.254Z"}
{"level":"debug","message":"[AGG] LDO/USDC: votes BUY=0.00 SELL=0.00 HOLD=3.00 total_weight=0.00 external=0","timestamp":"2026-06-22T12:56:01.254Z"}
{"level":"debug","message":"[AGG] LDO/USDC: decision=HOLD confidence=0.00 tie=false belowMin=true (minConf=0.55)","timestamp":"2026-06-22T12:56:01.254Z"}
{"level":"debug","message":"[AGG] LSK/USDC: strategy[0]=unknown → BUY conf=0.55 \"MACD crossed above signal hist:0.0001\"","timestamp":"2026-06-22T12:56:01.258Z"}
{"level":"debug","message":"[AGG] LSK/USDC: strategy[1]=unknown → HOLD conf=0.20 \"MFI 58.7 neutral\"","timestamp":"2026-06-22T12:56:01.258Z"}
{"level":"debug","message":"[AGG] LSK/USDC: strategy[2]=unknown → HOLD conf=0.10 \"PSAR downtrend continues (SAR 0.0960)\"","timestamp":"2026-06-22T12:56:01.259Z"}
{"level":"debug","message":"[AGG] LSK/USDC: votes BUY=1.00 SELL=0.00 HOLD=2.00 total_weight=1.00 external=0","timestamp":"2026-06-22T12:56:01.259Z"}
{"level":"debug","message":"[AGG] LSK/USDC: decision=HOLD confidence=2.00 tie=false belowMin=false (minConf=0.55)","timestamp":"2026-06-22T12:56:01.259Z"}
{"level":"debug","message":"[AGG] MANTA/USDC: strategy[0]=unknown → HOLD conf=0.20 \"RSI 48.7 neutral\"","timestamp":"2026-06-22T12:56:01.285Z"}
{"level":"debug","message":"[AGG] MANTA/USDC: strategy[1]=unknown → HOLD conf=0.20 \"Price 0.0799 inside BB [0.0787–0.0833]\"","timestamp":"2026-06-22T12:56:01.285Z"}
{"level":"debug","message":"[AGG] MANTA/USDC: strategy[2]=unknown → HOLD conf=0.20 \"CCI -77.7 neutral\"","timestamp":"2026-06-22T12:56:01.286Z"}
{"level":"debug","message":"[AGG] MANTA/USDC: votes BUY=0.00 SELL=0.00 HOLD=3.00 total_weight=0.00 external=0","timestamp":"2026-06-22T12:56:01.286Z"}
{"level":"debug","message":"[AGG] MANTA/USDC: decision=HOLD confidence=0.00 tie=false belowMin=true (minConf=0.7)","timestamp":"2026-06-22T12:56:01.286Z"}
{"level":"debug","message":"[AGG] PAXG/USDC: strategy[0]=unknown → HOLD conf=0.20 \"MACD -40.3398 vs signal -39.4025 hist:-0.9374\"","timestamp":"2026-06-22T12:56:01.292Z"}
{"level":"debug","message":"[AGG] PAXG/USDC: strategy[1]=unknown → SELL conf=0.58 \"ADX 26.5 downtrend (-DI 27.0 > +DI 19.7)\"","timestamp":"2026-06-22T12:56:01.292Z"}
{"level":"debug","message":"[AGG] PAXG/USDC: strategy[2]=unknown → HOLD conf=0.10 \"Supertrend downtrend continues (ST 4299.0234)\"","timestamp":"2026-06-22T12:56:01.292Z"}
{"level":"debug","message":"[AGG] PAXG/USDC: votes BUY=0.00 SELL=1.00 HOLD=2.00 total_weight=1.00 external=0","timestamp":"2026-06-22T12:56:01.293Z"}
{"level":"debug","message":"[AGG] PAXG/USDC: decision=HOLD confidence=2.00 tie=false belowMin=false (minConf=0.55)","timestamp":"2026-06-22T12:56:01.293Z"}
{"level":"debug","message":"[AGG] PIXEL/USDC: strategy[0]=unknown → HOLD conf=0.20 \"No EMA crossover (fast 0.0054 vs slow 0.0055)\"","timestamp":"2026-06-22T12:56:01.304Z"}
{"level":"debug","message":"[AGG] PIXEL/USDC: strategy[1]=unknown → BUY conf=0.48 \"ADX 22.4 uptrend (+DI 23.8 > -DI 22.6)\"","timestamp":"2026-06-22T12:56:01.304Z"}
{"level":"debug","message":"[AGG] PIXEL/USDC: strategy[2]=unknown → HOLD conf=0.10 \"No significant S/R zone nearby\"","timestamp":"2026-06-22T12:56:01.304Z"}
{"level":"debug","message":"[AGG] PIXEL/USDC: votes BUY=1.00 SELL=0.00 HOLD=2.00 total_weight=1.00 external=0","timestamp":"2026-06-22T12:56:01.304Z"}
{"level":"debug","message":"[AGG] PIXEL/USDC: decision=HOLD confidence=2.00 tie=false belowMin=false (minConf=0.55)","timestamp":"2026-06-22T12:56:01.304Z"}
{"level":"debug","message":"[AGG] SUI/USDC: strategy[0]=unknown → HOLD conf=0.20 \"RSI 44.5 neutral\"","timestamp":"2026-06-22T12:56:01.314Z"}
{"level":"debug","message":"[AGG] SUI/USDC: strategy[1]=unknown → HOLD conf=0.20 \"Stoch K=33.3 D=15.7 — no crossover in extreme zone\"","timestamp":"2026-06-22T12:56:01.315Z"}
{"level":"debug","message":"[AGG] SUI/USDC: strategy[2]=unknown → HOLD conf=0.51 \"MFI 19.5 oversold — still falling, wait\"","timestamp":"2026-06-22T12:56:01.315Z"}
{"level":"debug","message":"[AGG] SUI/USDC: votes BUY=0.00 SELL=0.00 HOLD=3.00 total_weight=0.00 external=0","timestamp":"2026-06-22T12:56:01.315Z"}
{"level":"debug","message":"[AGG] SUI/USDC: decision=HOLD confidence=0.00 tie=false belowMin=true (minConf=0.7)","timestamp":"2026-06-22T12:56:01.315Z"}
{"level":"debug","message":"[AGG] THETA/USDC: strategy[0]=unknown → HOLD conf=0.20 \"RSI 43.6 neutral\"","timestamp":"2026-06-22T12:56:01.320Z"}
{"level":"debug","message":"[AGG] THETA/USDC: strategy[1]=unknown → HOLD conf=0.20 \"CCI -81.2 neutral\"","timestamp":"2026-06-22T12:56:01.320Z"}
{"level":"debug","message":"[AGG] THETA/USDC: strategy[2]=unknown → SELL conf=0.55 \"OBV crossed below EMA-20 — volume sellers in control\"","timestamp":"2026-06-22T12:56:01.320Z"}
{"level":"debug","message":"[AGG] THETA/USDC: votes BUY=0.00 SELL=1.00 HOLD=2.00 total_weight=1.00 external=0","timestamp":"2026-06-22T12:56:01.320Z"}
{"level":"debug","message":"[AGG] THETA/USDC: decision=HOLD confidence=2.00 tie=false belowMin=false (minConf=0.55)","timestamp":"2026-06-22T12:56:01.320Z"}
{"level":"debug","message":"[AGG] TIA/USDC: strategy[0]=unknown → HOLD conf=0.20 \"CCI 55.8 neutral\"","timestamp":"2026-06-22T12:56:01.327Z"}
{"level":"debug","message":"[AGG] TIA/USDC: strategy[1]=unknown → BUY conf=0.85 \"MACD crossed above signal (above zero) ↑ hist:0.0007\"","timestamp":"2026-06-22T12:56:01.327Z"}
{"level":"debug","message":"[AGG] TIA/USDC: strategy[2]=unknown → BUY conf=0.73 \"HA flipped bullish ↑ after 8-bar bear streak\"","timestamp":"2026-06-22T12:56:01.327Z"}
{"level":"debug","message":"[AGG] TIA/USDC: votes BUY=2.00 SELL=0.00 HOLD=1.00 total_weight=2.00 external=0","timestamp":"2026-06-22T12:56:01.327Z"}
{"level":"debug","message":"[AGG] TIA/USDC: decision=BUY confidence=1.00 tie=false","timestamp":"2026-06-22T12:56:01.327Z"}
{"level":"debug","message":"[AGG] VANRY/USDC: strategy[0]=unknown → HOLD conf=0.20 \"No EMA crossover (fast 0.0035 vs slow 0.0035)\"","timestamp":"2026-06-22T12:56:01.338Z"}
{"level":"debug","message":"[AGG] VANRY/USDC: strategy[1]=unknown → HOLD conf=0.20 \"MACD -0.0001 vs signal -0.0001 hist:0.0000\"","timestamp":"2026-06-22T12:56:01.338Z"}
{"level":"debug","message":"[AGG] VANRY/USDC: strategy[2]=unknown → BUY conf=0.65 \"ADX 32.0 uptrend (+DI 25.4 > -DI 16.2)\"","timestamp":"2026-06-22T12:56:01.338Z"}
{"level":"debug","message":"[AGG] VANRY/USDC: votes BUY=1.00 SELL=0.00 HOLD=2.00 total_weight=1.00 external=0","timestamp":"2026-06-22T12:56:01.338Z"}
{"level":"debug","message":"[AGG] VANRY/USDC: decision=HOLD confidence=2.00 tie=false belowMin=false (minConf=0.55)","timestamp":"2026-06-22T12:56:01.339Z"}
{"level":"debug","message":"[AGG] SOL/USDC: strategy[0]=unknown → HOLD conf=0.20 \"Price 74.1100 inside BB [66.5863–76.0487]\"","timestamp":"2026-06-22T12:56:01.348Z"}
{"level":"debug","message":"[AGG] SOL/USDC: strategy[1]=unknown → HOLD conf=0.20 \"%R -23.8 neutral\"","timestamp":"2026-06-22T12:56:01.348Z"}
{"level":"debug","message":"[AGG] SOL/USDC: strategy[2]=unknown → HOLD conf=0.20 \"StochRSI K=82.7 D=79.5 — no extreme crossover\"","timestamp":"2026-06-22T12:56:01.348Z"}
{"level":"debug","message":"[AGG] SOL/USDC: votes BUY=0.00 SELL=0.00 HOLD=3.00 total_weight=0.00 external=0","timestamp":"2026-06-22T12:56:01.348Z"}
{"level":"debug","message":"[AGG] SOL/USDC: decision=HOLD confidence=0.00 tie=false belowMin=true (minConf=0.55)","timestamp":"2026-06-22T12:56:01.348Z"}
{"level":"debug","message":"[AGG] ADA/USDC: strategy[0]=unknown → HOLD conf=0.20 \"RSI 37.1 neutral\"","timestamp":"2026-06-22T12:56:01.362Z"}
{"level":"debug","message":"[AGG] ADA/USDC: strategy[1]=unknown → HOLD conf=0.20 \"Price 0.1616 inside BB [0.1540–0.1838]\"","timestamp":"2026-06-22T12:56:01.362Z"}
{"level":"debug","message":"[AGG] ADA/USDC: strategy[2]=unknown → HOLD conf=0.20 \"CCI -93.2 neutral\"","timestamp":"2026-06-22T12:56:01.362Z"}
{"level":"debug","message":"[AGG] ADA/USDC: votes BUY=0.00 SELL=0.00 HOLD=3.00 total_weight=0.00 external=0","timestamp":"2026-06-22T12:56:01.362Z"}
{"level":"debug","message":"[AGG] ADA/USDC: decision=HOLD confidence=0.00 tie=false belowMin=true (minConf=0.55)","timestamp":"2026-06-22T12:56:01.362Z"}
{"level":"debug","message":"[AGG] AVAX/USDC: strategy[0]=unknown → HOLD conf=0.20 \"RSI 40.8 neutral\"","timestamp":"2026-06-22T12:56:01.366Z"}
{"level":"debug","message":"[AGG] AVAX/USDC: strategy[1]=unknown → HOLD conf=0.20 \"MACD -0.2584 vs signal -0.2813 hist:0.0229\"","timestamp":"2026-06-22T12:56:01.366Z"}
{"level":"debug","message":"[AGG] AVAX/USDC: strategy[2]=unknown → HOLD conf=0.10 \"PSAR downtrend continues (SAR 6.5285)\"","timestamp":"2026-06-22T12:56:01.367Z"}
{"level":"debug","message":"[AGG] AVAX/USDC: votes BUY=0.00 SELL=0.00 HOLD=3.00 total_weight=0.00 external=0","timestamp":"2026-06-22T12:56:01.367Z"}
{"level":"debug","message":"[AGG] AVAX/USDC: decision=HOLD confidence=0.00 tie=false belowMin=true (minConf=0.55)","timestamp":"2026-06-22T12:56:01.367Z"}
{"level":"debug","message":"[AGG] DOGE/USDC: strategy[0]=unknown → HOLD conf=0.20 \"No EMA crossover (fast 0.0843 vs slow 0.0858)\"","timestamp":"2026-06-22T12:56:01.368Z"}
{"level":"debug","message":"[AGG] DOGE/USDC: strategy[1]=unknown → HOLD conf=0.10 \"PSAR downtrend continues (SAR 0.0896)\"","timestamp":"2026-06-22T12:56:01.369Z"}
{"level":"debug","message":"[AGG] DOGE/USDC: strategy[2]=unknown → HOLD conf=0.15 \"HA bearish continuation\"","timestamp":"2026-06-22T12:56:01.369Z"}
{"level":"debug","message":"[AGG] DOGE/USDC: votes BUY=0.00 SELL=0.00 HOLD=3.00 total_weight=0.00 external=0","timestamp":"2026-06-22T12:56:01.369Z"}
{"level":"debug","message":"[AGG] DOGE/USDC: decision=HOLD confidence=0.00 tie=false belowMin=true (minConf=0.55)","timestamp":"2026-06-22T12:56:01.369Z"}
{"level":"debug","message":"[AGG] INJ/USDC: strategy[0]=unknown → HOLD conf=0.10 \"ADX 14.1 < 25 — ranging, skip\"","timestamp":"2026-06-22T12:56:01.379Z"}
{"level":"debug","message":"[AGG] INJ/USDC: strategy[1]=unknown → BUY conf=0.56 \"OBV crossed above EMA-20 — volume buyers in control\"","timestamp":"2026-06-22T12:56:01.379Z"}
{"level":"debug","message":"[AGG] INJ/USDC: strategy[2]=unknown → BUY conf=0.94 \"StochRSI K=0.7 crossed above D=0.2 in oversold ↑\"","timestamp":"2026-06-22T12:56:01.379Z"}
{"level":"debug","message":"[AGG] INJ/USDC: votes BUY=2.00 SELL=0.00 HOLD=1.00 total_weight=2.00 external=0","timestamp":"2026-06-22T12:56:01.379Z"}
{"level":"debug","message":"[AGG] INJ/USDC: decision=BUY confidence=1.00 tie=false","timestamp":"2026-06-22T12:56:01.379Z"}
{"level":"debug","message":"[AGG] ETH/USDC: strategy[0]=unknown → HOLD conf=0.10 \"Supertrend uptrend continues (ST 1631.9562)\"","timestamp":"2026-06-22T12:56:01.385Z"}
{"level":"debug","message":"[AGG] ETH/USDC: strategy[1]=unknown → HOLD conf=0.20 \"MFI 47.0 neutral\"","timestamp":"2026-06-22T12:56:01.385Z"}
{"level":"debug","message":"[AGG] ETH/USDC: strategy[2]=unknown → BUY conf=0.62 \"Support 1749.5100 (4×)\"","timestamp":"2026-06-22T12:56:01.385Z"}
{"level":"debug","message":"[AGG] ETH/USDC: votes BUY=1.00 SELL=0.00 HOLD=2.00 total_weight=1.00 external=0","timestamp":"2026-06-22T12:56:01.385Z"}
{"level":"debug","message":"[AGG] ETH/USDC: decision=HOLD confidence=2.00 tie=false belowMin=false (minConf=0.55)","timestamp":"2026-06-22T12:56:01.386Z"}
{"level":"debug","message":"[AGG] WLD/USDC: strategy[0]=unknown → HOLD conf=0.20 \"Price 0.6263 inside BB [0.4706–0.7186]\"","timestamp":"2026-06-22T12:56:01.400Z"}
{"level":"debug","message":"[AGG] WLD/USDC: strategy[1]=unknown → HOLD conf=0.20 \"CCI 47.6 neutral\"","timestamp":"2026-06-22T12:56:01.400Z"}
{"level":"debug","message":"[AGG] WLD/USDC: strategy[2]=unknown → BUY conf=0.88 \"ADX 49.7 uptrend (+DI 25.4 > -DI 7.4)\"","timestamp":"2026-06-22T12:56:01.400Z"}
{"level":"debug","message":"[AGG] WLD/USDC: votes BUY=1.00 SELL=0.00 HOLD=2.00 total_weight=1.00 external=0","timestamp":"2026-06-22T12:56:01.400Z"}
{"level":"debug","message":"[AGG] WLD/USDC: decision=HOLD confidence=2.00 tie=false belowMin=false (minConf=0.55)","timestamp":"2026-06-22T12:56:01.400Z"}
{"level":"debug","message":"[AGG] PEPE/USDC: strategy[0]=unknown → HOLD conf=0.20 \"No EMA crossover (fast 0.0000 vs slow 0.0000)\"","timestamp":"2026-06-22T12:56:01.404Z"}
{"level":"debug","message":"[AGG] PEPE/USDC: strategy[1]=unknown → HOLD conf=0.10 \"Supertrend downtrend continues (ST 0.0000)\"","timestamp":"2026-06-22T12:56:01.404Z"}
{"level":"debug","message":"[AGG] PEPE/USDC: strategy[2]=unknown → BUY conf=0.57 \"OBV crossed above EMA-20 — volume buyers in control\"","timestamp":"2026-06-22T12:56:01.404Z"}
{"level":"debug","message":"[AGG] PEPE/USDC: votes BUY=1.00 SELL=0.00 HOLD=2.00 total_weight=1.00 external=0","timestamp":"2026-06-22T12:56:01.404Z"}
{"level":"debug","message":"[AGG] PEPE/USDC: decision=HOLD confidence=2.00 tie=false belowMin=false (minConf=0.55)","timestamp":"2026-06-22T12:56:01.405Z"}
{"level":"debug","message":"[AGG] TON/USDC: strategy[0]=unknown → HOLD conf=0.20 \"No EMA crossover (fast 1.6573 vs slow 1.6797)\"","timestamp":"2026-06-22T12:56:01.409Z"}
{"level":"debug","message":"[AGG] TON/USDC: strategy[1]=unknown → HOLD conf=0.20 \"OBV above EMA-20 — no cross\"","timestamp":"2026-06-22T12:56:01.409Z"}
{"level":"debug","message":"[AGG] TON/USDC: strategy[2]=unknown → HOLD conf=0.20 \"StochRSI K=72.9 D=70.3 — no extreme crossover\"","timestamp":"2026-06-22T12:56:01.409Z"}
{"level":"debug","message":"[AGG] TON/USDC: votes BUY=0.00 SELL=0.00 HOLD=3.00 total_weight=0.00 external=0","timestamp":"2026-06-22T12:56:01.409Z"}
{"level":"debug","message":"[AGG] TON/USDC: decision=HOLD confidence=0.00 tie=false belowMin=true (minConf=0.55)","timestamp":"2026-06-22T12:56:01.409Z"}
{"level":"debug","message":"[AGG] RENDER/USDC: strategy[0]=unknown → HOLD conf=0.20 \"No EMA crossover (fast 1.7086 vs slow 1.7277)\"","timestamp":"2026-06-22T12:56:01.412Z"}
{"level":"debug","message":"[AGG] RENDER/USDC: strategy[1]=unknown → HOLD conf=0.20 \"OBV below EMA-20 — no cross\"","timestamp":"2026-06-22T12:56:01.413Z"}
{"level":"debug","message":"[AGG] RENDER/USDC: strategy[2]=unknown → HOLD conf=0.20 \"%R -70.7 neutral\"","timestamp":"2026-06-22T12:56:01.413Z"}
{"level":"debug","message":"[AGG] RENDER/USDC: votes BUY=0.00 SELL=0.00 HOLD=3.00 total_weight=0.00 external=0","timestamp":"2026-06-22T12:56:01.413Z"}
{"level":"debug","message":"[AGG] RENDER/USDC: decision=HOLD confidence=0.00 tie=false belowMin=true (minConf=0.55)","timestamp":"2026-06-22T12:56:01.413Z"}
{"level":"debug","message":"[AGG] ENA/USDC: strategy[0]=unknown → HOLD conf=0.20 \"RSI 60.1 neutral\"","timestamp":"2026-06-22T12:56:01.426Z"}
{"level":"debug","message":"[AGG] ENA/USDC: strategy[1]=unknown → HOLD conf=0.20 \"Price 0.0963 inside BB [0.0788–0.0969]\"","timestamp":"2026-06-22T12:56:01.426Z"}
{"level":"debug","message":"[AGG] ENA/USDC: strategy[2]=unknown → HOLD conf=0.57 \"CCI 116.8 overbought — still rising, wait\"","timestamp":"2026-06-22T12:56:01.426Z"}
{"level":"debug","message":"[AGG] ENA/USDC: votes BUY=0.00 SELL=0.00 HOLD=3.00 total_weight=0.00 external=0","timestamp":"2026-06-22T12:56:01.426Z"}
{"level":"debug","message":"[AGG] ENA/USDC: decision=HOLD confidence=0.00 tie=false belowMin=true (minConf=0.55)","timestamp":"2026-06-22T12:56:01.426Z"}
{"level":"debug","message":"[AGG] ICP/USDC: strategy[0]=unknown → HOLD conf=0.20 \"RSI 44.9 neutral\"","timestamp":"2026-06-22T12:56:01.433Z"}
{"level":"debug","message":"[AGG] ICP/USDC: strategy[1]=unknown → HOLD conf=0.20 \"Price 2.2950 inside BB [2.1570–2.5590]\"","timestamp":"2026-06-22T12:56:01.433Z"}
{"level":"debug","message":"[AGG] ICP/USDC: strategy[2]=unknown → BUY conf=0.55 \"Stoch K=27.8 crossed above D=23.7 in oversold zone\"","timestamp":"2026-06-22T12:56:01.433Z"}
{"level":"debug","message":"[AGG] ICP/USDC: votes BUY=1.00 SELL=0.00 HOLD=2.00 total_weight=1.00 external=0","timestamp":"2026-06-22T12:56:01.433Z"}
{"level":"debug","message":"[AGG] ICP/USDC: decision=HOLD confidence=2.00 tie=false belowMin=false (minConf=0.55)","timestamp":"2026-06-22T12:56:01.433Z"}
{"level":"debug","message":"[AGG] APT/USDC: strategy[0]=unknown → HOLD conf=0.20 \"Price 0.6800 inside BB [0.6233–0.6967]\"","timestamp":"2026-06-22T12:56:01.447Z"}
{"level":"debug","message":"[AGG] APT/USDC: strategy[1]=unknown → HOLD conf=0.20 \"Stoch K=65.3 D=48.5 — no crossover in extreme zone\"","timestamp":"2026-06-22T12:56:01.448Z"}
{"level":"debug","message":"[AGG] APT/USDC: strategy[2]=unknown → HOLD conf=0.20 \"MFI 58.5 neutral\"","timestamp":"2026-06-22T12:56:01.448Z"}
{"level":"debug","message":"[AGG] APT/USDC: votes BUY=0.00 SELL=0.00 HOLD=3.00 total_weight=0.00 external=0","timestamp":"2026-06-22T12:56:01.448Z"}
{"level":"debug","message":"[AGG] APT/USDC: decision=HOLD confidence=0.00 tie=false belowMin=true (minConf=0.55)","timestamp":"2026-06-22T12:56:01.448Z"}
{"level":"debug","message":"[AGG] ARB/USDC: strategy[0]=unknown → HOLD conf=0.20 \"RSI 51.4 neutral\"","timestamp":"2026-06-22T12:56:01.451Z"}
{"level":"debug","message":"[AGG] ARB/USDC: strategy[1]=unknown → HOLD conf=0.20 \"%R -43.7 neutral\"","timestamp":"2026-06-22T12:56:01.451Z"}
{"level":"debug","message":"[AGG] ARB/USDC: strategy[2]=unknown → HOLD conf=0.20 \"HA flipped but prior streak too short (1 < 3)\"","timestamp":"2026-06-22T12:56:01.451Z"}
{"level":"debug","message":"[AGG] ARB/USDC: votes BUY=0.00 SELL=0.00 HOLD=3.00 total_weight=0.00 external=0","timestamp":"2026-06-22T12:56:01.451Z"}
{"level":"debug","message":"[AGG] ARB/USDC: decision=HOLD confidence=0.00 tie=false belowMin=true (minConf=0.55)","timestamp":"2026-06-22T12:56:01.451Z"}
{"level":"debug","message":"[AGG] JUP/USDC: strategy[0]=unknown → HOLD conf=0.20 \"Price 0.2124 inside BB [0.1622–0.2217]\"","timestamp":"2026-06-22T12:56:01.458Z"}
{"level":"debug","message":"[AGG] JUP/USDC: strategy[1]=unknown → SELL conf=0.70 \"CCI 124.5 overbought ↓ reversal confirmed\"","timestamp":"2026-06-22T12:56:01.458Z"}
{"level":"debug","message":"[AGG] JUP/USDC: strategy[2]=unknown → HOLD conf=0.20 \"OBV above EMA-20 — no cross\"","timestamp":"2026-06-22T12:56:01.458Z"}
{"level":"debug","message":"[AGG] JUP/USDC: votes BUY=0.00 SELL=1.00 HOLD=2.00 total_weight=1.00 external=0","timestamp":"2026-06-22T12:56:01.458Z"}
{"level":"debug","message":"[AGG] JUP/USDC: decision=HOLD confidence=2.00 tie=false belowMin=false (minConf=0.55)","timestamp":"2026-06-22T12:56:01.458Z"}
{"level":"info","message":"Initial signals seeded for 37/37 symbols from cached candles","timestamp":"2026-06-22T12:56:01.459Z"}
{"level":"debug","message":"[CYCLE] ATR sizing: medianATRPct=3.73% (37 symbols)","timestamp":"2026-06-22T12:56:01.470Z"}
{"level":"debug","message":"[CYCLE] BTC macro: bull=false EMA200","timestamp":"2026-06-22T12:56:01.471Z"}
{"level":"warn","message":"Macro filter: BTC BELOW EMA200 — new positions reduced to 50%","timestamp":"2026-06-22T12:56:01.471Z"}
{"level":"debug","message":"[CYCLE] BTC/USDC: starting cycle, candles=1473 lastClose=65065.78000000 lastTs=2026-06-22T12:00:00.000Z","timestamp":"2026-06-22T12:56:01.927Z"}
{"level":"debug","message":"[AGG] BTC/USDC: strategy[0]=unknown → HOLD conf=0.20 \"No EMA crossover (fast 64140.8994 vs slow 64522.6812)\"","timestamp":"2026-06-22T12:56:01.929Z"}
{"level":"debug","message":"[AGG] BTC/USDC: strategy[1]=unknown → HOLD conf=0.10 \"PSAR downtrend continues (SAR 65352.1574)\"","timestamp":"2026-06-22T12:56:01.929Z"}
{"level":"debug","message":"[AGG] BTC/USDC: strategy[2]=unknown → SELL conf=0.62 \"HA flipped bearish ↓ after 4-bar bull streak\"","timestamp":"2026-06-22T12:56:01.929Z"}
{"level":"debug","message":"[AGG] BTC/USDC: votes BUY=0.00 SELL=1.00 HOLD=2.00 total_weight=1.00 external=0","timestamp":"2026-06-22T12:56:01.929Z"}
{"level":"debug","message":"[AGG] BTC/USDC: decision=HOLD confidence=2.00 tie=false belowMin=false (minConf=0.55)","timestamp":"2026-06-22T12:56:01.929Z"}
{"level":"debug","message":"[CYCLE] XRP/USDC: starting cycle, candles=1473 lastClose=1.15030000 lastTs=2026-06-22T12:00:00.000Z","timestamp":"2026-06-22T12:56:01.948Z"}
{"level":"debug","message":"[AGG] XRP/USDC: strategy[0]=unknown → HOLD conf=0.20 \"Price 1.1470 inside BB [1.0963–1.2398]\"","timestamp":"2026-06-22T12:56:01.959Z"}
{"level":"debug","message":"[AGG] XRP/USDC: strategy[1]=unknown → BUY conf=0.62 \"Stoch K=16.4 crossed above D=14.8 in oversold zone\"","timestamp":"2026-06-22T12:56:01.959Z"}
{"level":"debug","message":"[AGG] XRP/USDC: strategy[2]=unknown → HOLD conf=0.20 \"No EMA crossover (fast 1.1540 vs slow 1.1657)\"","timestamp":"2026-06-22T12:56:01.959Z"}
{"level":"debug","message":"[AGG] XRP/USDC: votes BUY=1.00 SELL=0.00 HOLD=2.00 total_weight=1.00 external=0","timestamp":"2026-06-22T12:56:01.960Z"}
{"level":"debug","message":"[AGG] XRP/USDC: decision=HOLD confidence=2.00 tie=false belowMin=false (minConf=0.55)","timestamp":"2026-06-22T12:56:01.960Z"}
{"level":"debug","message":"[CYCLE] LINK/USDC: starting cycle, candles=1473 lastClose=8.10000000 lastTs=2026-06-22T12:00:00.000Z","timestamp":"2026-06-22T12:56:01.965Z"}
{"level":"debug","message":"[AGG] LINK/USDC: strategy[0]=unknown → HOLD conf=0.20 \"Price 8.0800 inside BB [7.7452–8.3529]\"","timestamp":"2026-06-22T12:56:01.970Z"}
{"level":"debug","message":"[AGG] LINK/USDC: strategy[1]=unknown → HOLD conf=0.20 \"Stoch K=37.9 D=26.1 — no crossover in extreme zone\"","timestamp":"2026-06-22T12:56:01.971Z"}
{"level":"debug","message":"[AGG] LINK/USDC: strategy[2]=unknown → HOLD conf=0.10 \"Supertrend downtrend continues (ST 8.4740)\"","timestamp":"2026-06-22T12:56:01.971Z"}
{"level":"debug","message":"[AGG] LINK/USDC: votes BUY=0.00 SELL=0.00 HOLD=3.00 total_weight=0.00 external=0","timestamp":"2026-06-22T12:56:01.971Z"}
{"level":"debug","message":"[AGG] LINK/USDC: decision=HOLD confidence=0.00 tie=false belowMin=true (minConf=0.7)","timestamp":"2026-06-22T12:56:01.971Z"}
{"level":"debug","message":"[CYCLE] BNB/USDC: starting cycle, candles=1473 lastClose=599.31000000 lastTs=2026-06-22T12:00:00.000Z","timestamp":"2026-06-22T12:56:02.034Z"}
{"level":"debug","message":"[AGG] BNB/USDC: strategy[0]=unknown → HOLD conf=0.20 \"%R -57.6 neutral\"","timestamp":"2026-06-22T12:56:02.037Z"}
{"level":"debug","message":"[AGG] BNB/USDC: strategy[1]=unknown → HOLD conf=0.15 \"HA bullish continuation\"","timestamp":"2026-06-22T12:56:02.037Z"}
{"level":"debug","message":"[AGG] BNB/USDC: strategy[2]=unknown → SELL conf=0.62 \"Resistance 597.8000 (2×)\"","timestamp":"2026-06-22T12:56:02.037Z"}
{"level":"debug","message":"[AGG] BNB/USDC: votes BUY=0.00 SELL=1.00 HOLD=2.00 total_weight=1.00 external=0","timestamp":"2026-06-22T12:56:02.037Z"}
{"level":"debug","message":"[AGG] BNB/USDC: decision=HOLD confidence=2.00 tie=false belowMin=false (minConf=0.55)","timestamp":"2026-06-22T12:56:02.037Z"}
{"level":"debug","message":"[CYCLE] LTC/USDC: starting cycle, candles=1473 lastClose=45.45000000 lastTs=2026-06-22T12:00:00.000Z","timestamp":"2026-06-22T12:56:02.039Z"}
{"level":"debug","message":"[AGG] LTC/USDC: strategy[0]=unknown → HOLD conf=0.20 \"Price 45.2300 inside BB [43.0487–46.2013]\"","timestamp":"2026-06-22T12:56:02.050Z"}
{"level":"debug","message":"[AGG] LTC/USDC: strategy[1]=unknown → HOLD conf=0.20 \"No EMA crossover (fast 44.6240 vs slow 44.7495)\"","timestamp":"2026-06-22T12:56:02.051Z"}
{"level":"debug","message":"[AGG] LTC/USDC: strategy[2]=unknown → HOLD conf=0.20 \"%R -32.6 neutral\"","timestamp":"2026-06-22T12:56:02.051Z"}
{"level":"debug","message":"[AGG] LTC/USDC: votes BUY=0.00 SELL=0.00 HOLD=3.00 total_weight=0.00 external=0","timestamp":"2026-06-22T12:56:02.051Z"}
{"level":"debug","message":"[AGG] LTC/USDC: decision=HOLD confidence=0.00 tie=false belowMin=true (minConf=0.55)","timestamp":"2026-06-22T12:56:02.051Z"}
{"level":"debug","message":"[CYCLE] NEAR/USDC: starting cycle, candles=1473 lastClose=2.18000000 lastTs=2026-06-22T12:00:00.000Z","timestamp":"2026-06-22T12:56:02.055Z"}
{"level":"debug","message":"[AGG] NEAR/USDC: strategy[0]=unknown → HOLD conf=0.20 \"RSI 48.3 neutral\"","timestamp":"2026-06-22T12:56:02.062Z"}
{"level":"debug","message":"[AGG] NEAR/USDC: strategy[1]=unknown → HOLD conf=0.20 \"Price 2.1650 inside BB [1.9706–2.4523]\"","timestamp":"2026-06-22T12:56:02.062Z"}
{"level":"debug","message":"[AGG] NEAR/USDC: strategy[2]=unknown → HOLD conf=0.20 \"Stoch K=16.9 D=23.9 — no crossover in extreme zone\"","timestamp":"2026-06-22T12:56:02.062Z"}
{"level":"debug","message":"[AGG] NEAR/USDC: strategy[3]=unknown → HOLD conf=0.10 \"No significant S/R zone nearby\"","timestamp":"2026-06-22T12:56:02.062Z"}
{"level":"debug","message":"[AGG] NEAR/USDC: votes BUY=0.00 SELL=0.00 HOLD=4.00 total_weight=0.00 external=0","timestamp":"2026-06-22T12:56:02.062Z"}
{"level":"debug","message":"[AGG] NEAR/USDC: decision=HOLD confidence=0.00 tie=false belowMin=true (minConf=0.7)","timestamp":"2026-06-22T12:56:02.063Z"}
{"level":"debug","message":"[CYCLE] BCH/USDC: starting cycle, candles=1473 lastClose=202.40000000 lastTs=2026-06-22T12:00:00.000Z","timestamp":"2026-06-22T12:56:02.088Z"}
{"level":"debug","message":"[AGG] BCH/USDC: strategy[0]=unknown → HOLD conf=0.20 \"Price 201.0000 inside BB [188.8657–224.9543]\"","timestamp":"2026-06-22T12:56:02.100Z"}
{"level":"debug","message":"[AGG] BCH/USDC: strategy[1]=unknown → HOLD conf=0.20 \"OBV below EMA-20 — no cross\"","timestamp":"2026-06-22T12:56:02.101Z"}
{"level":"debug","message":"[AGG] BCH/USDC: strategy[2]=unknown → HOLD conf=0.20 \"%R -78.3 neutral\"","timestamp":"2026-06-22T12:56:02.101Z"}
{"level":"debug","message":"[AGG] BCH/USDC: votes BUY=0.00 SELL=0.00 HOLD=3.00 total_weight=0.00 external=0","timestamp":"2026-06-22T12:56:02.101Z"}
{"level":"debug","message":"[AGG] BCH/USDC: decision=HOLD confidence=0.00 tie=false belowMin=true (minConf=0.55)","timestamp":"2026-06-22T12:56:02.101Z"}
{"level":"debug","message":"[CYCLE] TRX/USDC: starting cycle, candles=1314 lastClose=0.33140000 lastTs=2026-06-22T12:00:00.000Z","timestamp":"2026-06-22T12:56:02.106Z"}
{"level":"debug","message":"[AGG] TRX/USDC: strategy[0]=unknown → HOLD conf=0.90 \"CCI 199.2 overbought — still rising, wait\"","timestamp":"2026-06-22T12:56:02.112Z"}
{"level":"debug","message":"[AGG] TRX/USDC: strategy[1]=unknown → HOLD conf=0.20 \"Stoch K=97.4 D=96.8 — no crossover in extreme zone\"","timestamp":"2026-06-22T12:56:02.112Z"}
{"level":"debug","message":"[AGG] TRX/USDC: strategy[2]=unknown → HOLD conf=0.20 \"StochRSI K=100.0 D=100.0 — no extreme crossover\"","timestamp":"2026-06-22T12:56:02.112Z"}
{"level":"debug","message":"[AGG] TRX/USDC: votes BUY=0.00 SELL=0.00 HOLD=3.00 total_weight=0.00 external=0","timestamp":"2026-06-22T12:56:02.112Z"}
{"level":"debug","message":"[AGG] TRX/USDC: decision=HOLD confidence=0.00 tie=false belowMin=true (minConf=0.7)","timestamp":"2026-06-22T12:56:02.113Z"}
{"level":"debug","message":"[CYCLE] ACH/USDC: starting cycle, candles=854 lastClose=0.00517000 lastTs=2026-06-22T12:00:00.000Z","timestamp":"2026-06-22T12:56:02.117Z"}
{"level":"debug","message":"[AGG] ACH/USDC: strategy[0]=unknown → HOLD conf=0.20 \"RSI 40.3 neutral\"","timestamp":"2026-06-22T12:56:02.121Z"}
{"level":"debug","message":"[AGG] ACH/USDC: strategy[1]=unknown → HOLD conf=0.20 \"Price 0.0051 inside BB [0.0049–0.0057]\"","timestamp":"2026-06-22T12:56:02.121Z"}
{"level":"debug","message":"[AGG] ACH/USDC: strategy[2]=unknown → HOLD conf=0.20 \"CCI -80.1 neutral\"","timestamp":"2026-06-22T12:56:02.121Z"}
{"level":"debug","message":"[AGG] ACH/USDC: votes BUY=0.00 SELL=0.00 HOLD=3.00 total_weight=0.00 external=0","timestamp":"2026-06-22T12:56:02.121Z"}
{"level":"debug","message":"[AGG] ACH/USDC: decision=HOLD confidence=0.00 tie=false belowMin=true (minConf=0.7)","timestamp":"2026-06-22T12:56:02.121Z"}
{"level":"debug","message":"[CYCLE] CRV/USDC: starting cycle, candles=1473 lastClose=0.21320000 lastTs=2026-06-22T12:00:00.000Z","timestamp":"2026-06-22T12:56:02.130Z"}
{"level":"debug","message":"[AGG] CRV/USDC: strategy[0]=unknown → HOLD conf=0.10 \"ADX 21.6 < 25 — ranging, skip\"","timestamp":"2026-06-22T12:56:02.136Z"}
{"level":"debug","message":"[AGG] CRV/USDC: strategy[1]=unknown → BUY conf=0.79 \"StochRSI K=8.0 crossed above D=4.9 in oversold ↑\"","timestamp":"2026-06-22T12:56:02.136Z"}
{"level":"debug","message":"[AGG] CRV/USDC: strategy[2]=unknown → HOLD conf=0.10 \"No significant S/R zone nearby\"","timestamp":"2026-06-22T12:56:02.136Z"}
{"level":"debug","message":"[AGG] CRV/USDC: votes BUY=1.00 SELL=0.00 HOLD=2.00 total_weight=1.00 external=0","timestamp":"2026-06-22T12:56:02.136Z"}
{"level":"debug","message":"[AGG] CRV/USDC: decision=HOLD confidence=2.00 tie=false belowMin=false (minConf=0.55)","timestamp":"2026-06-22T12:56:02.136Z"}
{"level":"debug","message":"[CYCLE] ENS/USDC: starting cycle, candles=1473 lastClose=4.78000000 lastTs=2026-06-22T12:00:00.000Z","timestamp":"2026-06-22T12:56:02.156Z"}
{"level":"debug","message":"[AGG] ENS/USDC: strategy[0]=unknown → HOLD conf=0.20 \"Price 4.7100 inside BB [4.5886–5.5854]\"","timestamp":"2026-06-22T12:56:02.161Z"}
{"level":"debug","message":"[AGG] ENS/USDC: strategy[1]=unknown → HOLD conf=0.10 \"PSAR downtrend continues (SAR 5.3516)\"","timestamp":"2026-06-22T12:56:02.161Z"}
{"level":"debug","message":"[AGG] ENS/USDC: strategy[2]=unknown → HOLD conf=0.10 \"No significant S/R zone nearby\"","timestamp":"2026-06-22T12:56:02.161Z"}
{"level":"debug","message":"[AGG] ENS/USDC: votes BUY=0.00 SELL=0.00 HOLD=3.00 total_weight=0.00 external=0","timestamp":"2026-06-22T12:56:02.161Z"}
{"level":"debug","message":"[AGG] ENS/USDC: decision=HOLD confidence=0.00 tie=false belowMin=true (minConf=0.55)","timestamp":"2026-06-22T12:56:02.161Z"}
{"level":"debug","message":"[CYCLE] GMX/USDC: starting cycle, candles=924 lastClose=5.94000000 lastTs=2026-06-22T12:00:00.000Z","timestamp":"2026-06-22T12:56:02.170Z"}
{"level":"debug","message":"[AGG] GMX/USDC: strategy[0]=unknown → HOLD conf=0.20 \"RSI 53.0 neutral\"","timestamp":"2026-06-22T12:56:02.182Z"}
{"level":"debug","message":"[AGG] GMX/USDC: strategy[1]=unknown → HOLD conf=0.20 \"Price 5.9400 inside BB [5.4576–6.1844]\"","timestamp":"2026-06-22T12:56:02.182Z"}
{"level":"debug","message":"[AGG] GMX/USDC: strategy[2]=unknown → HOLD conf=0.20 \"CCI 43.1 neutral\"","timestamp":"2026-06-22T12:56:02.182Z"}
{"level":"debug","message":"[AGG] GMX/USDC: votes BUY=0.00 SELL=0.00 HOLD=3.00 total_weight=0.00 external=0","timestamp":"2026-06-22T12:56:02.182Z"}
{"level":"debug","message":"[AGG] GMX/USDC: decision=HOLD confidence=0.00 tie=false belowMin=true (minConf=0.7)","timestamp":"2026-06-22T12:56:02.182Z"}
{"level":"debug","message":"[CYCLE] LDO/USDC: starting cycle, candles=1473 lastClose=0.27980000 lastTs=2026-06-22T12:00:00.000Z","timestamp":"2026-06-22T12:56:02.187Z"}
{"level":"debug","message":"[AGG] LDO/USDC: strategy[0]=unknown → HOLD conf=0.20 \"MACD -0.0002 vs signal -0.0018 hist:0.0016\"","timestamp":"2026-06-22T12:56:02.192Z"}
{"level":"debug","message":"[AGG] LDO/USDC: strategy[1]=unknown → HOLD conf=0.10 \"ADX 20.9 < 25 — ranging, skip\"","timestamp":"2026-06-22T12:56:02.192Z"}
{"level":"debug","message":"[AGG] LDO/USDC: strategy[2]=unknown → HOLD conf=0.20 \"%R -61.0 neutral\"","timestamp":"2026-06-22T12:56:02.192Z"}
{"level":"debug","message":"[AGG] LDO/USDC: votes BUY=0.00 SELL=0.00 HOLD=3.00 total_weight=0.00 external=0","timestamp":"2026-06-22T12:56:02.193Z"}
{"level":"debug","message":"[AGG] LDO/USDC: decision=HOLD confidence=0.00 tie=false belowMin=true (minConf=0.55)","timestamp":"2026-06-22T12:56:02.193Z"}
{"level":"debug","message":"[CYCLE] JTO/USDC: starting cycle, candles=1473 lastClose=0.64500000 lastTs=2026-06-22T12:00:00.000Z","timestamp":"2026-06-22T12:56:02.197Z"}
{"level":"debug","message":"[AGG] JTO/USDC: strategy[0]=unknown → HOLD conf=0.20 \"CCI -23.8 neutral\"","timestamp":"2026-06-22T12:56:02.202Z"}
{"level":"debug","message":"[AGG] JTO/USDC: strategy[1]=unknown → HOLD conf=0.10 \"PSAR downtrend continues (SAR 0.8593)\"","timestamp":"2026-06-22T12:56:02.202Z"}
{"level":"debug","message":"[AGG] JTO/USDC: strategy[2]=unknown → HOLD conf=0.10 \"No significant S/R zone nearby\"","timestamp":"2026-06-22T12:56:02.202Z"}
{"level":"debug","message":"[AGG] JTO/USDC: votes BUY=0.00 SELL=0.00 HOLD=3.00 total_weight=0.00 external=0","timestamp":"2026-06-22T12:56:02.202Z"}
{"level":"debug","message":"[AGG] JTO/USDC: decision=HOLD confidence=0.00 tie=false belowMin=true (minConf=0.55)","timestamp":"2026-06-22T12:56:02.203Z"}
{"level":"debug","message":"[CYCLE] LSK/USDC: starting cycle, candles=413 lastClose=0.09200000 lastTs=2026-06-12T00:00:00.000Z","timestamp":"2026-06-22T12:56:02.211Z"}
{"level":"debug","message":"[AGG] LSK/USDC: strategy[0]=unknown → BUY conf=0.55 \"MACD crossed above signal hist:0.0001\"","timestamp":"2026-06-22T12:56:02.213Z"}
{"level":"debug","message":"[AGG] LSK/USDC: strategy[1]=unknown → HOLD conf=0.20 \"MFI 58.7 neutral\"","timestamp":"2026-06-22T12:56:02.213Z"}
{"level":"debug","message":"[AGG] LSK/USDC: strategy[2]=unknown → HOLD conf=0.10 \"PSAR downtrend continues (SAR 0.0960)\"","timestamp":"2026-06-22T12:56:02.213Z"}
{"level":"debug","message":"[AGG] LSK/USDC: votes BUY=1.00 SELL=0.00 HOLD=2.00 total_weight=1.00 external=0","timestamp":"2026-06-22T12:56:02.213Z"}
{"level":"debug","message":"[AGG] LSK/USDC: decision=HOLD confidence=2.00 tie=false belowMin=false (minConf=0.55)","timestamp":"2026-06-22T12:56:02.213Z"}
{"level":"debug","message":"[CYCLE] MANTA/USDC: starting cycle, candles=1473 lastClose=0.07925000 lastTs=2026-06-22T12:00:00.000Z","timestamp":"2026-06-22T12:56:02.225Z"}
{"level":"debug","message":"[AGG] MANTA/USDC: strategy[0]=unknown → HOLD conf=0.20 \"RSI 48.7 neutral\"","timestamp":"2026-06-22T12:56:02.234Z"}
{"level":"debug","message":"[AGG] MANTA/USDC: strategy[1]=unknown → HOLD conf=0.20 \"Price 0.0799 inside BB [0.0787–0.0833]\"","timestamp":"2026-06-22T12:56:02.234Z"}
{"level":"debug","message":"[AGG] MANTA/USDC: strategy[2]=unknown → HOLD conf=0.20 \"CCI -77.7 neutral\"","timestamp":"2026-06-22T12:56:02.234Z"}
{"level":"debug","message":"[AGG] MANTA/USDC: votes BUY=0.00 SELL=0.00 HOLD=3.00 total_weight=0.00 external=0","timestamp":"2026-06-22T12:56:02.234Z"}
{"level":"debug","message":"[AGG] MANTA/USDC: decision=HOLD confidence=0.00 tie=false belowMin=true (minConf=0.7)","timestamp":"2026-06-22T12:56:02.234Z"}
{"level":"debug","message":"[CYCLE] PAXG/USDC: starting cycle, candles=868 lastClose=4196.31000000 lastTs=2026-06-22T12:00:00.000Z","timestamp":"2026-06-22T12:56:02.273Z"}
{"level":"debug","message":"[AGG] PAXG/USDC: strategy[0]=unknown → HOLD conf=0.20 \"MACD -40.3398 vs signal -39.4025 hist:-0.9374\"","timestamp":"2026-06-22T12:56:02.275Z"}
{"level":"debug","message":"[AGG] PAXG/USDC: strategy[1]=unknown → SELL conf=0.58 \"ADX 26.5 downtrend (-DI 27.0 > +DI 19.7)\"","timestamp":"2026-06-22T12:56:02.275Z"}
{"level":"debug","message":"[AGG] PAXG/USDC: strategy[2]=unknown → HOLD conf=0.10 \"Supertrend downtrend continues (ST 4299.0234)\"","timestamp":"2026-06-22T12:56:02.275Z"}
{"level":"debug","message":"[AGG] PAXG/USDC: votes BUY=0.00 SELL=1.00 HOLD=2.00 total_weight=1.00 external=0","timestamp":"2026-06-22T12:56:02.276Z"}
{"level":"debug","message":"[AGG] PAXG/USDC: decision=HOLD confidence=2.00 tie=false belowMin=false (minConf=0.55)","timestamp":"2026-06-22T12:56:02.276Z"}
{"level":"debug","message":"[CYCLE] SUI/USDC: starting cycle, candles=1473 lastClose=0.73460000 lastTs=2026-06-22T12:00:00.000Z","timestamp":"2026-06-22T12:56:02.285Z"}
{"level":"debug","message":"[AGG] SUI/USDC: strategy[0]=unknown → HOLD conf=0.20 \"RSI 44.5 neutral\"","timestamp":"2026-06-22T12:56:02.291Z"}
{"level":"debug","message":"[AGG] SUI/USDC: strategy[1]=unknown → HOLD conf=0.20 \"Stoch K=33.3 D=15.7 — no crossover in extreme zone\"","timestamp":"2026-06-22T12:56:02.291Z"}
{"level":"debug","message":"[AGG] SUI/USDC: strategy[2]=unknown → HOLD conf=0.51 \"MFI 19.5 oversold — still falling, wait\"","timestamp":"2026-06-22T12:56:02.291Z"}
{"level":"debug","message":"[AGG] SUI/USDC: votes BUY=0.00 SELL=0.00 HOLD=3.00 total_weight=0.00 external=0","timestamp":"2026-06-22T12:56:02.291Z"}
{"level":"debug","message":"[AGG] SUI/USDC: decision=HOLD confidence=0.00 tie=false belowMin=true (minConf=0.7)","timestamp":"2026-06-22T12:56:02.292Z"}
{"level":"debug","message":"[CYCLE] PIXEL/USDC: starting cycle, candles=1473 lastClose=0.00548000 lastTs=2026-06-22T12:00:00.000Z","timestamp":"2026-06-22T12:56:02.305Z"}
{"level":"debug","message":"[AGG] PIXEL/USDC: strategy[0]=unknown → HOLD conf=0.20 \"No EMA crossover (fast 0.0054 vs slow 0.0055)\"","timestamp":"2026-06-22T12:56:02.308Z"}
{"level":"debug","message":"[AGG] PIXEL/USDC: strategy[1]=unknown → BUY conf=0.48 \"ADX 22.4 uptrend (+DI 23.8 > -DI 22.6)\"","timestamp":"2026-06-22T12:56:02.308Z"}
{"level":"debug","message":"[AGG] PIXEL/USDC: strategy[2]=unknown → HOLD conf=0.10 \"No significant S/R zone nearby\"","timestamp":"2026-06-22T12:56:02.309Z"}
{"level":"debug","message":"[AGG] PIXEL/USDC: votes BUY=1.00 SELL=0.00 HOLD=2.00 total_weight=1.00 external=0","timestamp":"2026-06-22T12:56:02.309Z"}
{"level":"debug","message":"[AGG] PIXEL/USDC: decision=HOLD confidence=2.00 tie=false belowMin=false (minConf=0.55)","timestamp":"2026-06-22T12:56:02.309Z"}
{"level":"debug","message":"[CYCLE] THETA/USDC: starting cycle, candles=892 lastClose=0.15670000 lastTs=2026-06-22T12:00:00.000Z","timestamp":"2026-06-22T12:56:02.310Z"}
{"level":"debug","message":"[AGG] THETA/USDC: strategy[0]=unknown → HOLD conf=0.20 \"RSI 43.6 neutral\"","timestamp":"2026-06-22T12:56:02.314Z"}
{"level":"debug","message":"[AGG] THETA/USDC: strategy[1]=unknown → HOLD conf=0.20 \"CCI -81.2 neutral\"","timestamp":"2026-06-22T12:56:02.314Z"}
{"level":"debug","message":"[AGG] THETA/USDC: strategy[2]=unknown → SELL conf=0.55 \"OBV crossed below EMA-20 — volume sellers in control\"","timestamp":"2026-06-22T12:56:02.314Z"}
{"level":"debug","message":"[AGG] THETA/USDC: votes BUY=0.00 SELL=1.00 HOLD=2.00 total_weight=1.00 external=0","timestamp":"2026-06-22T12:56:02.314Z"}
{"level":"debug","message":"[AGG] THETA/USDC: decision=HOLD confidence=2.00 tie=false belowMin=false (minConf=0.55)","timestamp":"2026-06-22T12:56:02.314Z"}
{"level":"debug","message":"[CYCLE] TIA/USDC: starting cycle, candles=1473 lastClose=0.39670000 lastTs=2026-06-22T12:00:00.000Z","timestamp":"2026-06-22T12:56:02.321Z"}
{"level":"debug","message":"[AGG] TIA/USDC: strategy[0]=unknown → HOLD conf=0.20 \"CCI 55.8 neutral\"","timestamp":"2026-06-22T12:56:02.334Z"}
{"level":"debug","message":"[AGG] TIA/USDC: strategy[1]=unknown → BUY conf=0.85 \"MACD crossed above signal (above zero) ↑ hist:0.0007\"","timestamp":"2026-06-22T12:56:02.334Z"}
{"level":"debug","message":"[AGG] TIA/USDC: strategy[2]=unknown → BUY conf=0.73 \"HA flipped bullish ↑ after 8-bar bear streak\"","timestamp":"2026-06-22T12:56:02.334Z"}
{"level":"debug","message":"[AGG] TIA/USDC: votes BUY=2.00 SELL=0.00 HOLD=1.00 total_weight=2.00 external=0","timestamp":"2026-06-22T12:56:02.334Z"}
{"level":"debug","message":"[AGG] TIA/USDC: decision=BUY confidence=1.00 tie=false","timestamp":"2026-06-22T12:56:02.334Z"}
{"level":"debug","message":"[CYCLE] SOL/USDC: starting cycle, candles=1473 lastClose=74.42000000 lastTs=2026-06-22T12:00:00.000Z","timestamp":"2026-06-22T12:56:02.359Z"}
{"level":"debug","message":"[AGG] SOL/USDC: strategy[0]=unknown → HOLD conf=0.20 \"Price 74.1100 inside BB [66.5863–76.0487]\"","timestamp":"2026-06-22T12:56:02.367Z"}
{"level":"debug","message":"[AGG] SOL/USDC: strategy[1]=unknown → HOLD conf=0.20 \"%R -23.8 neutral\"","timestamp":"2026-06-22T12:56:02.367Z"}
{"level":"debug","message":"[AGG] SOL/USDC: strategy[2]=unknown → HOLD conf=0.20 \"StochRSI K=82.7 D=79.5 — no extreme crossover\"","timestamp":"2026-06-22T12:56:02.367Z"}
{"level":"debug","message":"[AGG] SOL/USDC: votes BUY=0.00 SELL=0.00 HOLD=3.00 total_weight=0.00 external=0","timestamp":"2026-06-22T12:56:02.367Z"}
{"level":"debug","message":"[AGG] SOL/USDC: decision=HOLD confidence=0.00 tie=false belowMin=true (minConf=0.55)","timestamp":"2026-06-22T12:56:02.367Z"}
{"level":"debug","message":"[CYCLE] ADA/USDC: starting cycle, candles=1473 lastClose=0.16190000 lastTs=2026-06-22T12:00:00.000Z","timestamp":"2026-06-22T12:56:02.388Z"}
{"level":"debug","message":"[AGG] ADA/USDC: strategy[0]=unknown → HOLD conf=0.20 \"RSI 37.1 neutral\"","timestamp":"2026-06-22T12:56:02.400Z"}
{"level":"debug","message":"[AGG] ADA/USDC: strategy[1]=unknown → HOLD conf=0.20 \"Price 0.1616 inside BB [0.1540–0.1838]\"","timestamp":"2026-06-22T12:56:02.400Z"}
{"level":"debug","message":"[AGG] ADA/USDC: strategy[2]=unknown → HOLD conf=0.20 \"CCI -93.2 neutral\"","timestamp":"2026-06-22T12:56:02.401Z"}
{"level":"debug","message":"[AGG] ADA/USDC: votes BUY=0.00 SELL=0.00 HOLD=3.00 total_weight=0.00 external=0","timestamp":"2026-06-22T12:56:02.401Z"}
{"level":"debug","message":"[AGG] ADA/USDC: decision=HOLD confidence=0.00 tie=false belowMin=true (minConf=0.55)","timestamp":"2026-06-22T12:56:02.401Z"}
{"level":"debug","message":"[CYCLE] AVAX/USDC: starting cycle, candles=1473 lastClose=6.37200000 lastTs=2026-06-22T12:00:00.000Z","timestamp":"2026-06-22T12:56:02.405Z"}
{"level":"debug","message":"[AGG] AVAX/USDC: strategy[0]=unknown → HOLD conf=0.20 \"RSI 40.8 neutral\"","timestamp":"2026-06-22T12:56:02.407Z"}
{"level":"debug","message":"[AGG] AVAX/USDC: strategy[1]=unknown → HOLD conf=0.20 \"MACD -0.2584 vs signal -0.2813 hist:0.0229\"","timestamp":"2026-06-22T12:56:02.407Z"}
{"level":"debug","message":"[AGG] AVAX/USDC: strategy[2]=unknown → HOLD conf=0.10 \"PSAR downtrend continues (SAR 6.5285)\"","timestamp":"2026-06-22T12:56:02.408Z"}
{"level":"debug","message":"[AGG] AVAX/USDC: votes BUY=0.00 SELL=0.00 HOLD=3.00 total_weight=0.00 external=0","timestamp":"2026-06-22T12:56:02.408Z"}
{"level":"debug","message":"[AGG] AVAX/USDC: decision=HOLD confidence=0.00 tie=false belowMin=true (minConf=0.55)","timestamp":"2026-06-22T12:56:02.408Z"}
{"level":"debug","message":"[CYCLE] DOGE/USDC: starting cycle, candles=1473 lastClose=0.08440000 lastTs=2026-06-22T12:00:00.000Z","timestamp":"2026-06-22T12:56:02.434Z"}
{"level":"debug","message":"[AGG] DOGE/USDC: strategy[0]=unknown → HOLD conf=0.20 \"No EMA crossover (fast 0.0843 vs slow 0.0858)\"","timestamp":"2026-06-22T12:56:02.435Z"}
{"level":"debug","message":"[AGG] DOGE/USDC: strategy[1]=unknown → HOLD conf=0.10 \"PSAR downtrend continues (SAR 0.0896)\"","timestamp":"2026-06-22T12:56:02.435Z"}
{"level":"debug","message":"[AGG] DOGE/USDC: strategy[2]=unknown → HOLD conf=0.15 \"HA bearish continuation\"","timestamp":"2026-06-22T12:56:02.436Z"}
{"level":"debug","message":"[AGG] DOGE/USDC: votes BUY=0.00 SELL=0.00 HOLD=3.00 total_weight=0.00 external=0","timestamp":"2026-06-22T12:56:02.436Z"}
{"level":"debug","message":"[AGG] DOGE/USDC: decision=HOLD confidence=0.00 tie=false belowMin=true (minConf=0.55)","timestamp":"2026-06-22T12:56:02.436Z"}
{"level":"debug","message":"[CYCLE] INJ/USDC: starting cycle, candles=1473 lastClose=4.96300000 lastTs=2026-06-22T12:00:00.000Z","timestamp":"2026-06-22T12:56:02.444Z"}
{"level":"debug","message":"[AGG] INJ/USDC: strategy[0]=unknown → HOLD conf=0.10 \"ADX 14.1 < 25 — ranging, skip\"","timestamp":"2026-06-22T12:56:02.449Z"}
{"level":"debug","message":"[AGG] INJ/USDC: strategy[1]=unknown → BUY conf=0.56 \"OBV crossed above EMA-20 — volume buyers in control\"","timestamp":"2026-06-22T12:56:02.449Z"}
{"level":"debug","message":"[AGG] INJ/USDC: strategy[2]=unknown → BUY conf=0.94 \"StochRSI K=0.7 crossed above D=0.2 in oversold ↑\"","timestamp":"2026-06-22T12:56:02.450Z"}
{"level":"debug","message":"[AGG] INJ/USDC: votes BUY=2.00 SELL=0.00 HOLD=1.00 total_weight=2.00 external=0","timestamp":"2026-06-22T12:56:02.450Z"}
{"level":"debug","message":"[AGG] INJ/USDC: decision=BUY confidence=1.00 tie=false","timestamp":"2026-06-22T12:56:02.450Z"}
{"level":"debug","message":"[CYCLE] ETH/USDC: starting cycle, candles=1473 lastClose=1763.76000000 lastTs=2026-06-22T12:00:00.000Z","timestamp":"2026-06-22T12:56:02.463Z"}
{"level":"debug","message":"[AGG] ETH/USDC: strategy[0]=unknown → HOLD conf=0.10 \"Supertrend uptrend continues (ST 1631.9562)\"","timestamp":"2026-06-22T12:56:02.467Z"}
{"level":"debug","message":"[AGG] ETH/USDC: strategy[1]=unknown → HOLD conf=0.20 \"MFI 47.0 neutral\"","timestamp":"2026-06-22T12:56:02.467Z"}
{"level":"debug","message":"[AGG] ETH/USDC: strategy[2]=unknown → BUY conf=0.62 \"Support 1749.5100 (4×)\"","timestamp":"2026-06-22T12:56:02.467Z"}
{"level":"debug","message":"[AGG] ETH/USDC: votes BUY=1.00 SELL=0.00 HOLD=2.00 total_weight=1.00 external=0","timestamp":"2026-06-22T12:56:02.467Z"}
{"level":"debug","message":"[AGG] ETH/USDC: decision=HOLD confidence=2.00 tie=false belowMin=false (minConf=0.55)","timestamp":"2026-06-22T12:56:02.467Z"}
{"level":"debug","message":"[CYCLE] WLD/USDC: starting cycle, candles=1473 lastClose=0.63590000 lastTs=2026-06-22T12:00:00.000Z","timestamp":"2026-06-22T12:56:02.484Z"}
{"level":"debug","message":"[AGG] WLD/USDC: strategy[0]=unknown → HOLD conf=0.20 \"Price 0.6263 inside BB [0.4706–0.7186]\"","timestamp":"2026-06-22T12:56:02.492Z"}
{"level":"debug","message":"[AGG] WLD/USDC: strategy[1]=unknown → HOLD conf=0.20 \"CCI 47.6 neutral\"","timestamp":"2026-06-22T12:56:02.492Z"}
{"level":"debug","message":"[AGG] WLD/USDC: strategy[2]=unknown → BUY conf=0.88 \"ADX 49.7 uptrend (+DI 25.4 > -DI 7.4)\"","timestamp":"2026-06-22T12:56:02.492Z"}
{"level":"debug","message":"[AGG] WLD/USDC: votes BUY=1.00 SELL=0.00 HOLD=2.00 total_weight=1.00 external=0","timestamp":"2026-06-22T12:56:02.492Z"}
{"level":"debug","message":"[AGG] WLD/USDC: decision=HOLD confidence=2.00 tie=false belowMin=false (minConf=0.55)","timestamp":"2026-06-22T12:56:02.492Z"}
{"level":"debug","message":"[CYCLE] PEPE/USDC: starting cycle, candles=1473 lastClose=0.00000288 lastTs=2026-06-22T12:00:00.000Z","timestamp":"2026-06-22T12:56:02.502Z"}
{"level":"debug","message":"[AGG] PEPE/USDC: strategy[0]=unknown → HOLD conf=0.20 \"No EMA crossover (fast 0.0000 vs slow 0.0000)\"","timestamp":"2026-06-22T12:56:02.504Z"}
{"level":"debug","message":"[AGG] PEPE/USDC: strategy[1]=unknown → HOLD conf=0.10 \"Supertrend downtrend continues (ST 0.0000)\"","timestamp":"2026-06-22T12:56:02.504Z"}
{"level":"debug","message":"[AGG] PEPE/USDC: strategy[2]=unknown → BUY conf=0.57 \"OBV crossed above EMA-20 — volume buyers in control\"","timestamp":"2026-06-22T12:56:02.504Z"}
{"level":"debug","message":"[AGG] PEPE/USDC: votes BUY=1.00 SELL=0.00 HOLD=2.00 total_weight=1.00 external=0","timestamp":"2026-06-22T12:56:02.504Z"}
{"level":"debug","message":"[AGG] PEPE/USDC: decision=HOLD confidence=2.00 tie=false belowMin=false (minConf=0.55)","timestamp":"2026-06-22T12:56:02.504Z"}
{"level":"debug","message":"[CYCLE] TON/USDC: starting cycle, candles=1340 lastClose=1.68000000 lastTs=2026-06-22T12:00:00.000Z","timestamp":"2026-06-22T12:56:02.531Z"}
{"level":"debug","message":"[AGG] TON/USDC: strategy[0]=unknown → HOLD conf=0.20 \"No EMA crossover (fast 1.6573 vs slow 1.6797)\"","timestamp":"2026-06-22T12:56:02.535Z"}
{"level":"debug","message":"[AGG] TON/USDC: strategy[1]=unknown → HOLD conf=0.20 \"OBV above EMA-20 — no cross\"","timestamp":"2026-06-22T12:56:02.535Z"}
{"level":"debug","message":"[AGG] TON/USDC: strategy[2]=unknown → HOLD conf=0.20 \"StochRSI K=72.9 D=70.3 — no extreme crossover\"","timestamp":"2026-06-22T12:56:02.535Z"}
{"level":"debug","message":"[AGG] TON/USDC: votes BUY=0.00 SELL=0.00 HOLD=3.00 total_weight=0.00 external=0","timestamp":"2026-06-22T12:56:02.535Z"}
{"level":"debug","message":"[AGG] TON/USDC: decision=HOLD confidence=0.00 tie=false belowMin=true (minConf=0.55)","timestamp":"2026-06-22T12:56:02.535Z"}
{"level":"debug","message":"[CYCLE] RENDER/USDC: starting cycle, candles=1394 lastClose=1.71100000 lastTs=2026-06-22T12:00:00.000Z","timestamp":"2026-06-22T12:56:02.544Z"}
{"level":"debug","message":"[AGG] RENDER/USDC: strategy[0]=unknown → HOLD conf=0.20 \"No EMA crossover (fast 1.7086 vs slow 1.7277)\"","timestamp":"2026-06-22T12:56:02.546Z"}
{"level":"debug","message":"[AGG] RENDER/USDC: strategy[1]=unknown → HOLD conf=0.20 \"OBV below EMA-20 — no cross\"","timestamp":"2026-06-22T12:56:02.546Z"}
{"level":"debug","message":"[AGG] RENDER/USDC: strategy[2]=unknown → HOLD conf=0.20 \"%R -70.7 neutral\"","timestamp":"2026-06-22T12:56:02.546Z"}
{"level":"debug","message":"[AGG] RENDER/USDC: votes BUY=0.00 SELL=0.00 HOLD=3.00 total_weight=0.00 external=0","timestamp":"2026-06-22T12:56:02.546Z"}
{"level":"debug","message":"[AGG] RENDER/USDC: decision=HOLD confidence=0.00 tie=false belowMin=true (minConf=0.55)","timestamp":"2026-06-22T12:56:02.546Z"}
{"level":"debug","message":"[CYCLE] ENA/USDC: starting cycle, candles=1473 lastClose=0.09660000 lastTs=2026-06-22T12:00:00.000Z","timestamp":"2026-06-22T12:56:02.564Z"}
{"level":"debug","message":"[AGG] ENA/USDC: strategy[0]=unknown → HOLD conf=0.20 \"RSI 60.1 neutral\"","timestamp":"2026-06-22T12:56:02.583Z"}
{"level":"debug","message":"[AGG] ENA/USDC: strategy[1]=unknown → HOLD conf=0.20 \"Price 0.0963 inside BB [0.0788–0.0969]\"","timestamp":"2026-06-22T12:56:02.583Z"}
{"level":"debug","message":"[AGG] ENA/USDC: strategy[2]=unknown → HOLD conf=0.57 \"CCI 116.8 overbought — still rising, wait\"","timestamp":"2026-06-22T12:56:02.583Z"}
{"level":"debug","message":"[AGG] ENA/USDC: votes BUY=0.00 SELL=0.00 HOLD=3.00 total_weight=0.00 external=0","timestamp":"2026-06-22T12:56:02.583Z"}
{"level":"debug","message":"[AGG] ENA/USDC: decision=HOLD confidence=0.00 tie=false belowMin=true (minConf=0.55)","timestamp":"2026-06-22T12:56:02.583Z"}
{"level":"debug","message":"[CYCLE] ICP/USDC: starting cycle, candles=1473 lastClose=2.29000000 lastTs=2026-06-22T12:00:00.000Z","timestamp":"2026-06-22T12:56:02.587Z"}
{"level":"debug","message":"[AGG] ICP/USDC: strategy[0]=unknown → HOLD conf=0.20 \"RSI 44.9 neutral\"","timestamp":"2026-06-22T12:56:02.593Z"}
{"level":"debug","message":"[AGG] ICP/USDC: strategy[1]=unknown → HOLD conf=0.20 \"Price 2.2950 inside BB [2.1570–2.5590]\"","timestamp":"2026-06-22T12:56:02.593Z"}
{"level":"debug","message":"[AGG] ICP/USDC: strategy[2]=unknown → BUY conf=0.55 \"Stoch K=27.8 crossed above D=23.7 in oversold zone\"","timestamp":"2026-06-22T12:56:02.593Z"}
{"level":"debug","message":"[AGG] ICP/USDC: votes BUY=1.00 SELL=0.00 HOLD=2.00 total_weight=1.00 external=0","timestamp":"2026-06-22T12:56:02.593Z"}
{"level":"debug","message":"[AGG] ICP/USDC: decision=HOLD confidence=2.00 tie=false belowMin=false (minConf=0.55)","timestamp":"2026-06-22T12:56:02.593Z"}
{"level":"debug","message":"[CYCLE] APT/USDC: starting cycle, candles=1473 lastClose=0.68200000 lastTs=2026-06-22T12:00:00.000Z","timestamp":"2026-06-22T12:56:02.603Z"}
{"level":"debug","message":"[AGG] APT/USDC: strategy[0]=unknown → HOLD conf=0.20 \"Price 0.6800 inside BB [0.6233–0.6967]\"","timestamp":"2026-06-22T12:56:02.617Z"}
{"level":"debug","message":"[AGG] APT/USDC: strategy[1]=unknown → HOLD conf=0.20 \"Stoch K=65.3 D=48.5 — no crossover in extreme zone\"","timestamp":"2026-06-22T12:56:02.617Z"}
{"level":"debug","message":"[AGG] APT/USDC: strategy[2]=unknown → HOLD conf=0.20 \"MFI 58.5 neutral\"","timestamp":"2026-06-22T12:56:02.617Z"}
{"level":"debug","message":"[AGG] APT/USDC: votes BUY=0.00 SELL=0.00 HOLD=3.00 total_weight=0.00 external=0","timestamp":"2026-06-22T12:56:02.617Z"}
{"level":"debug","message":"[AGG] APT/USDC: decision=HOLD confidence=0.00 tie=false belowMin=true (minConf=0.55)","timestamp":"2026-06-22T12:56:02.618Z"}
{"level":"debug","message":"[CYCLE] ARB/USDC: starting cycle, candles=1473 lastClose=0.08610000 lastTs=2026-06-22T12:00:00.000Z","timestamp":"2026-06-22T12:56:02.638Z"}
{"level":"debug","message":"[AGG] ARB/USDC: strategy[0]=unknown → HOLD conf=0.20 \"RSI 51.4 neutral\"","timestamp":"2026-06-22T12:56:02.641Z"}
{"level":"debug","message":"[AGG] ARB/USDC: strategy[1]=unknown → HOLD conf=0.20 \"%R -43.7 neutral\"","timestamp":"2026-06-22T12:56:02.641Z"}
{"level":"debug","message":"[AGG] ARB/USDC: strategy[2]=unknown → HOLD conf=0.20 \"HA flipped but prior streak too short (1 < 3)\"","timestamp":"2026-06-22T12:56:02.641Z"}
{"level":"debug","message":"[AGG] ARB/USDC: votes BUY=0.00 SELL=0.00 HOLD=3.00 total_weight=0.00 external=0","timestamp":"2026-06-22T12:56:02.641Z"}
{"level":"debug","message":"[AGG] ARB/USDC: decision=HOLD confidence=0.00 tie=false belowMin=true (minConf=0.55)","timestamp":"2026-06-22T12:56:02.641Z"}
{"level":"debug","message":"[CYCLE] JUP/USDC: starting cycle, candles=1473 lastClose=0.21330000 lastTs=2026-06-22T12:00:00.000Z","timestamp":"2026-06-22T12:56:02.651Z"}
{"level":"debug","message":"[AGG] JUP/USDC: strategy[0]=unknown → HOLD conf=0.20 \"Price 0.2124 inside BB [0.1622–0.2217]\"","timestamp":"2026-06-22T12:56:02.661Z"}
{"level":"debug","message":"[AGG] JUP/USDC: strategy[1]=unknown → SELL conf=0.70 \"CCI 124.5 overbought ↓ reversal confirmed\"","timestamp":"2026-06-22T12:56:02.661Z"}
{"level":"debug","message":"[AGG] JUP/USDC: strategy[2]=unknown → HOLD conf=0.20 \"OBV above EMA-20 — no cross\"","timestamp":"2026-06-22T12:56:02.661Z"}
{"level":"debug","message":"[AGG] JUP/USDC: votes BUY=0.00 SELL=1.00 HOLD=2.00 total_weight=1.00 external=0","timestamp":"2026-06-22T12:56:02.661Z"}
{"level":"debug","message":"[AGG] JUP/USDC: decision=HOLD confidence=2.00 tie=false belowMin=false (minConf=0.55)","timestamp":"2026-06-22T12:56:02.661Z"}
{"level":"debug","message":"[CYCLE] BTC/USDC: sizing positionPct=0.2200 (base=0.15 atr=0.037267080745341644 regime=on conf=2.00 macro=bear mtf=1.0)","timestamp":"2026-06-22T12:56:02.677Z"}
{"level":"info","message":"BTC/USDC: decision=HOLD confidence=200% price=65065.78000000 external_signals=0","timestamp":"2026-06-22T12:56:02.677Z"}
{"level":"info","message":"BTC/USDC: No EMA crossover (fast 64140.8994 vs slow 64522.6812) | PSAR downtrend continues (SAR 65352.1574) | HA flipped bearish ↓ after 4-bar bull streak","timestamp":"2026-06-22T12:56:02.677Z"}
{"level":"debug","message":"[CYCLE] VANRY/USDC: starting cycle, candles=920 lastClose=0.00348600 lastTs=2026-06-22T12:00:00.000Z","timestamp":"2026-06-22T12:56:02.815Z"}
{"level":"debug","message":"[AGG] VANRY/USDC: strategy[0]=unknown → HOLD conf=0.20 \"No EMA crossover (fast 0.0035 vs slow 0.0035)\"","timestamp":"2026-06-22T12:56:02.817Z"}
{"level":"debug","message":"[AGG] VANRY/USDC: strategy[1]=unknown → HOLD conf=0.20 \"MACD -0.0001 vs signal -0.0001 hist:0.0000\"","timestamp":"2026-06-22T12:56:02.817Z"}
{"level":"debug","message":"[AGG] VANRY/USDC: strategy[2]=unknown → BUY conf=0.65 \"ADX 32.0 uptrend (+DI 25.4 > -DI 16.2)\"","timestamp":"2026-06-22T12:56:02.817Z"}
{"level":"debug","message":"[AGG] VANRY/USDC: votes BUY=1.00 SELL=0.00 HOLD=2.00 total_weight=1.00 external=0","timestamp":"2026-06-22T12:56:02.817Z"}
{"level":"debug","message":"[AGG] VANRY/USDC: decision=HOLD confidence=2.00 tie=false belowMin=false (minConf=0.55)","timestamp":"2026-06-22T12:56:02.817Z"}
{"level":"debug","message":"[CYCLE] XRP/USDC: sizing positionPct=0.1658 (base=0.15 atr=0.037267080745341644 regime=on conf=2.00 macro=bear mtf=1.0)","timestamp":"2026-06-22T12:56:02.875Z"}
{"level":"info","message":"XRP/USDC: decision=HOLD confidence=200% price=1.15030000 external_signals=0","timestamp":"2026-06-22T12:56:02.875Z"}
{"level":"info","message":"XRP/USDC: Price 1.1470 inside BB [1.0963–1.2398] | Stoch K=16.4 crossed above D=14.8 in oversold zone | No EMA crossover (fast 1.1540 vs slow 1.1657)","timestamp":"2026-06-22T12:56:02.875Z"}
{"level":"debug","message":"[CYCLE] LINK/USDC: sizing positionPct=0.0742 (base=0.15 atr=0.037267080745341644 regime=on conf=0.00 macro=bear mtf=1.0)","timestamp":"2026-06-22T12:56:03.072Z"}
{"level":"info","message":"LINK/USDC: decision=HOLD confidence=0% price=8.10000000 external_signals=0","timestamp":"2026-06-22T12:56:03.072Z"}
{"level":"info","message":"LINK/USDC: Price 8.0800 inside BB [7.7452–8.3529] | Stoch K=37.9 D=26.1 — no crossover in extreme zone | Supertrend downtrend continues (ST 8.4740)","timestamp":"2026-06-22T12:56:03.072Z"}
{"level":"debug","message":"[CYCLE] BNB/USDC: sizing positionPct=0.1125 (base=0.15 atr=0.037267080745341644 regime=on conf=2.00 macro=bear mtf=1.0)","timestamp":"2026-06-22T12:56:03.276Z"}
{"level":"info","message":"BNB/USDC: decision=HOLD confidence=200% price=599.31000000 external_signals=0","timestamp":"2026-06-22T12:56:03.276Z"}
{"level":"info","message":"BNB/USDC: %R -57.6 neutral | HA bullish continuation | Resistance 597.8000 (2×)","timestamp":"2026-06-22T12:56:03.277Z"}
{"level":"debug","message":"[CYCLE] LTC/USDC: sizing positionPct=0.0955 (base=0.15 atr=0.037267080745341644 regime=on conf=0.00 macro=bear mtf=1.0)","timestamp":"2026-06-22T12:56:03.468Z"}
{"level":"info","message":"LTC/USDC: decision=HOLD confidence=0% price=45.45000000 external_signals=0","timestamp":"2026-06-22T12:56:03.468Z"}
{"level":"info","message":"LTC/USDC: Price 45.2300 inside BB [43.0487–46.2013] | No EMA crossover (fast 44.6240 vs slow 44.7495) | %R -32.6 neutral","timestamp":"2026-06-22T12:56:03.468Z"}
{"level":"debug","message":"[CYCLE] NEAR/USDC: sizing positionPct=0.0146 (base=0.15 atr=0.037267080745341644 regime=on conf=0.00 macro=bear mtf=1.0)","timestamp":"2026-06-22T12:56:03.672Z"}
{"level":"info","message":"NEAR/USDC: decision=HOLD confidence=0% price=2.18000000 external_signals=0","timestamp":"2026-06-22T12:56:03.672Z"}
{"level":"info","message":"NEAR/USDC: RSI 48.3 neutral | Price 2.1650 inside BB [1.9706–2.4523] | Stoch K=16.9 D=23.9 — no crossover in extreme zone | No significant S/R zone nearby","timestamp":"2026-06-22T12:56:03.673Z"}
{"level":"debug","message":"[CYCLE] BCH/USDC: sizing positionPct=0.0627 (base=0.15 atr=0.037267080745341644 regime=on conf=0.00 macro=bear mtf=1.0)","timestamp":"2026-06-22T12:56:03.867Z"}
{"level":"info","message":"BCH/USDC: decision=HOLD confidence=0% price=202.40000000 external_signals=0","timestamp":"2026-06-22T12:56:03.868Z"}
{"level":"info","message":"BCH/USDC: Price 201.0000 inside BB [188.8657–224.9543] | OBV below EMA-20 — no cross | %R -78.3 neutral","timestamp":"2026-06-22T12:56:03.869Z"}
{"level":"debug","message":"[CYCLE] TRX/USDC: sizing positionPct=0.0900 (base=0.15 atr=0.037267080745341644 regime=on conf=0.00 macro=bear mtf=1.0)","timestamp":"2026-06-22T12:56:04.069Z"}
{"level":"info","message":"TRX/USDC: decision=HOLD confidence=0% price=0.33140000 external_signals=0","timestamp":"2026-06-22T12:56:04.069Z"}
{"level":"info","message":"TRX/USDC: CCI 199.2 overbought — still rising, wait | Stoch K=97.4 D=96.8 — no crossover in extreme zone | StochRSI K=100.0 D=100.0 — no extreme crossover","timestamp":"2026-06-22T12:56:04.070Z"}
{"level":"debug","message":"[CYCLE] CRV/USDC: sizing positionPct=0.0904 (base=0.15 atr=0.037267080745341644 regime=on conf=2.00 macro=bear mtf=1.0)","timestamp":"2026-06-22T12:56:04.482Z"}
{"level":"info","message":"CRV/USDC: decision=HOLD confidence=200% price=0.21320000 external_signals=0","timestamp":"2026-06-22T12:56:04.482Z"}
{"level":"info","message":"CRV/USDC: ADX 21.6 < 25 — ranging, skip | StochRSI K=8.0 crossed above D=4.9 in oversold ↑ | No significant S/R zone nearby","timestamp":"2026-06-22T12:56:04.482Z"}
{"level":"debug","message":"[CYCLE] ENS/USDC: sizing positionPct=0.0468 (base=0.15 atr=0.037267080745341644 regime=on conf=0.00 macro=bear mtf=1.0)","timestamp":"2026-06-22T12:56:04.665Z"}
{"level":"info","message":"ENS/USDC: decision=HOLD confidence=0% price=4.78000000 external_signals=0","timestamp":"2026-06-22T12:56:04.665Z"}
{"level":"info","message":"ENS/USDC: Price 4.7100 inside BB [4.5886–5.5854] | PSAR downtrend continues (SAR 5.3516) | No significant S/R zone nearby","timestamp":"2026-06-22T12:56:04.665Z"}
{"level":"debug","message":"[CYCLE] ACH/USDC: sizing positionPct=0.0724 (base=0.15 atr=0.037267080745341644 regime=on conf=0.00 macro=bear mtf=1.0)","timestamp":"2026-06-22T12:56:04.785Z"}
{"level":"info","message":"ACH/USDC: decision=HOLD confidence=0% price=0.00517000 external_signals=0","timestamp":"2026-06-22T12:56:04.785Z"}
{"level":"info","message":"ACH/USDC: RSI 40.3 neutral | Price 0.0051 inside BB [0.0049–0.0057] | CCI -80.1 neutral","timestamp":"2026-06-22T12:56:04.786Z"}
{"level":"debug","message":"[CYCLE] GMX/USDC: sizing positionPct=0.0565 (base=0.15 atr=0.037267080745341644 regime=on conf=0.00 macro=bear mtf=1.0)","timestamp":"2026-06-22T12:56:04.864Z"}
{"level":"info","message":"GMX/USDC: decision=HOLD confidence=0% price=5.94000000 external_signals=0","timestamp":"2026-06-22T12:56:04.864Z"}
{"level":"info","message":"GMX/USDC: RSI 53.0 neutral | Price 5.9400 inside BB [5.4576–6.1844] | CCI 43.1 neutral","timestamp":"2026-06-22T12:56:04.864Z"}
{"level":"debug","message":"[CYCLE] LDO/USDC: sizing positionPct=0.0341 (base=0.15 atr=0.037267080745341644 regime=on conf=0.00 macro=bear mtf=1.0)","timestamp":"2026-06-22T12:56:05.071Z"}
{"level":"info","message":"LDO/USDC: decision=HOLD confidence=0% price=0.27980000 external_signals=0","timestamp":"2026-06-22T12:56:05.072Z"}
{"level":"info","message":"LDO/USDC: MACD -0.0002 vs signal -0.0018 hist:0.0016 | ADX 20.9 < 25 — ranging, skip | %R -61.0 neutral","timestamp":"2026-06-22T12:56:05.072Z"}
{"level":"debug","message":"[CYCLE] JTO/USDC: sizing positionPct=0.0292 (base=0.15 atr=0.037267080745341644 regime=on conf=0.00 macro=bear mtf=1.0)","timestamp":"2026-06-22T12:56:05.274Z"}
{"level":"info","message":"JTO/USDC: decision=HOLD confidence=0% price=0.64500000 external_signals=0","timestamp":"2026-06-22T12:56:05.274Z"}
{"level":"info","message":"JTO/USDC: CCI -23.8 neutral | PSAR downtrend continues (SAR 0.8593) | No significant S/R zone nearby","timestamp":"2026-06-22T12:56:05.275Z"}
{"level":"debug","message":"[CYCLE] LSK/USDC: sizing positionPct=0.1462 (base=0.15 atr=0.037267080745341644 regime=on conf=2.00 macro=bear mtf=1.0)","timestamp":"2026-06-22T12:56:05.472Z"}
{"level":"info","message":"LSK/USDC: decision=HOLD confidence=200% price=0.09200000 external_signals=0","timestamp":"2026-06-22T12:56:05.472Z"}
{"level":"info","message":"LSK/USDC: MACD crossed above signal hist:0.0001 | MFI 58.7 neutral | PSAR downtrend continues (SAR 0.0960)","timestamp":"2026-06-22T12:56:05.473Z"}
{"level":"debug","message":"[CYCLE] MANTA/USDC: sizing positionPct=0.0414 (base=0.15 atr=0.037267080745341644 regime=on conf=0.00 macro=bear mtf=1.0)","timestamp":"2026-06-22T12:56:05.669Z"}
{"level":"info","message":"MANTA/USDC: decision=HOLD confidence=0% price=0.07925000 external_signals=0","timestamp":"2026-06-22T12:56:05.670Z"}
{"level":"info","message":"MANTA/USDC: RSI 48.7 neutral | Price 0.0799 inside BB [0.0787–0.0833] | CCI -77.7 neutral","timestamp":"2026-06-22T12:56:05.670Z"}
{"level":"debug","message":"[CYCLE] PAXG/USDC: sizing positionPct=0.2925 (base=0.15 atr=0.037267080745341644 regime=on conf=2.00 macro=bear mtf=1.0)","timestamp":"2026-06-22T12:56:05.861Z"}
{"level":"info","message":"PAXG/USDC: decision=HOLD confidence=200% price=4196.31000000 external_signals=0","timestamp":"2026-06-22T12:56:05.862Z"}
{"level":"info","message":"PAXG/USDC: MACD -40.3398 vs signal -39.4025 hist:-0.9374 | ADX 26.5 downtrend (-DI 27.0 > +DI 19.7) | Supertrend downtrend continues (ST 4299.0234)","timestamp":"2026-06-22T12:56:05.862Z"}
{"level":"debug","message":"[CYCLE] SUI/USDC: sizing positionPct=0.0566 (base=0.15 atr=0.037267080745341644 regime=on conf=0.00 macro=bear mtf=1.0)","timestamp":"2026-06-22T12:56:06.065Z"}
{"level":"info","message":"SUI/USDC: decision=HOLD confidence=0% price=0.73460000 external_signals=0","timestamp":"2026-06-22T12:56:06.065Z"}
{"level":"info","message":"SUI/USDC: RSI 44.5 neutral | Stoch K=33.3 D=15.7 — no crossover in extreme zone | MFI 19.5 oversold — still falling, wait","timestamp":"2026-06-22T12:56:06.065Z"}
{"level":"debug","message":"[CYCLE] PIXEL/USDC: sizing positionPct=0.1121 (base=0.15 atr=0.037267080745341644 regime=on conf=2.00 macro=bear mtf=1.0)","timestamp":"2026-06-22T12:56:06.265Z"}
{"level":"info","message":"PIXEL/USDC: decision=HOLD confidence=200% price=0.00548000 external_signals=0","timestamp":"2026-06-22T12:56:06.265Z"}
{"level":"info","message":"PIXEL/USDC: No EMA crossover (fast 0.0054 vs slow 0.0055) | ADX 22.4 uptrend (+DI 23.8 > -DI 22.6) | No significant S/R zone nearby","timestamp":"2026-06-22T12:56:06.265Z"}
{"level":"debug","message":"[CYCLE] THETA/USDC: sizing positionPct=0.1145 (base=0.15 atr=0.037267080745341644 regime=on conf=2.00 macro=bear mtf=1.0)","timestamp":"2026-06-22T12:56:06.464Z"}
{"level":"info","message":"THETA/USDC: decision=HOLD confidence=200% price=0.15670000 external_signals=0","timestamp":"2026-06-22T12:56:06.464Z"}
{"level":"info","message":"THETA/USDC: RSI 43.6 neutral | CCI -81.2 neutral | OBV crossed below EMA-20 — volume sellers in control","timestamp":"2026-06-22T12:56:06.464Z"}
{"level":"debug","message":"[CYCLE] SOL/USDC: sizing positionPct=0.0637 (base=0.15 atr=0.037267080745341644 regime=on conf=0.00 macro=bear mtf=1.0)","timestamp":"2026-06-22T12:56:06.874Z"}
{"level":"info","message":"SOL/USDC: decision=HOLD confidence=0% price=74.42000000 external_signals=0","timestamp":"2026-06-22T12:56:06.874Z"}
{"level":"info","message":"SOL/USDC: Price 74.1100 inside BB [66.5863–76.0487] | %R -23.8 neutral | StochRSI K=82.7 D=79.5 — no extreme crossover","timestamp":"2026-06-22T12:56:06.874Z"}
{"level":"debug","message":"[CYCLE] ADA/USDC: sizing positionPct=0.0665 (base=0.15 atr=0.037267080745341644 regime=on conf=0.00 macro=bear mtf=1.0)","timestamp":"2026-06-22T12:56:07.071Z"}
{"level":"info","message":"ADA/USDC: decision=HOLD confidence=0% price=0.16190000 external_signals=0","timestamp":"2026-06-22T12:56:07.071Z"}
{"level":"info","message":"ADA/USDC: RSI 37.1 neutral | Price 0.1616 inside BB [0.1540–0.1838] | CCI -93.2 neutral","timestamp":"2026-06-22T12:56:07.071Z"}
{"level":"debug","message":"[CYCLE] AVAX/USDC: sizing positionPct=0.0484 (base=0.15 atr=0.037267080745341644 regime=on conf=0.00 macro=bear mtf=1.0)","timestamp":"2026-06-22T12:56:07.270Z"}
{"level":"info","message":"AVAX/USDC: decision=HOLD confidence=0% price=6.37200000 external_signals=0","timestamp":"2026-06-22T12:56:07.271Z"}
{"level":"info","message":"AVAX/USDC: RSI 40.8 neutral | MACD -0.2584 vs signal -0.2813 hist:0.0229 | PSAR downtrend continues (SAR 6.5285)","timestamp":"2026-06-22T12:56:07.271Z"}
{"level":"debug","message":"[CYCLE] ETH/USDC: sizing positionPct=0.1615 (base=0.15 atr=0.037267080745341644 regime=on conf=2.00 macro=bear mtf=1.0)","timestamp":"2026-06-22T12:56:07.874Z"}
{"level":"info","message":"ETH/USDC: decision=HOLD confidence=200% price=1763.76000000 external_signals=0","timestamp":"2026-06-22T12:56:07.874Z"}
{"level":"info","message":"ETH/USDC: Supertrend uptrend continues (ST 1631.9562) | MFI 47.0 neutral | Support 1749.5100 (4×)","timestamp":"2026-06-22T12:56:07.874Z"}
{"level":"debug","message":"[CYCLE] DOGE/USDC: sizing positionPct=0.0922 (base=0.15 atr=0.037267080745341644 regime=on conf=0.00 macro=bear mtf=1.0)","timestamp":"2026-06-22T12:56:07.922Z"}
{"level":"info","message":"DOGE/USDC: decision=HOLD confidence=0% price=0.08440000 external_signals=0","timestamp":"2026-06-22T12:56:07.923Z"}
{"level":"info","message":"DOGE/USDC: No EMA crossover (fast 0.0843 vs slow 0.0858) | PSAR downtrend continues (SAR 0.0896) | HA bearish continuation","timestamp":"2026-06-22T12:56:07.923Z"}
{"level":"debug","message":"[CYCLE] WLD/USDC: sizing positionPct=0.0731 (base=0.15 atr=0.037267080745341644 regime=on conf=2.00 macro=bear mtf=1.0)","timestamp":"2026-06-22T12:56:08.090Z"}
{"level":"info","message":"WLD/USDC: decision=HOLD confidence=200% price=0.63590000 external_signals=0","timestamp":"2026-06-22T12:56:08.090Z"}
{"level":"info","message":"WLD/USDC: Price 0.6263 inside BB [0.4706–0.7186] | CCI 47.6 neutral | ADX 49.7 uptrend (+DI 25.4 > -DI 7.4)","timestamp":"2026-06-22T12:56:08.090Z"}
{"level":"debug","message":"[CYCLE] PEPE/USDC: sizing positionPct=0.1342 (base=0.15 atr=0.037267080745341644 regime=on conf=2.00 macro=bear mtf=1.0)","timestamp":"2026-06-22T12:56:08.265Z"}
{"level":"info","message":"PEPE/USDC: decision=HOLD confidence=200% price=0.00000288 external_signals=0","timestamp":"2026-06-22T12:56:08.265Z"}
{"level":"info","message":"PEPE/USDC: No EMA crossover (fast 0.0000 vs slow 0.0000) | Supertrend downtrend continues (ST 0.0000) | OBV crossed above EMA-20 — volume buyers in control","timestamp":"2026-06-22T12:56:08.265Z"}
{"level":"debug","message":"[CYCLE] TON/USDC: sizing positionPct=0.0231 (base=0.15 atr=0.037267080745341644 regime=on conf=0.00 macro=bear mtf=1.0)","timestamp":"2026-06-22T12:56:08.472Z"}
{"level":"info","message":"TON/USDC: decision=HOLD confidence=0% price=1.68000000 external_signals=0","timestamp":"2026-06-22T12:56:08.472Z"}
{"level":"info","message":"TON/USDC: No EMA crossover (fast 1.6573 vs slow 1.6797) | OBV above EMA-20 — no cross | StochRSI K=72.9 D=70.3 — no extreme crossover","timestamp":"2026-06-22T12:56:08.472Z"}
{"level":"debug","message":"[CYCLE] RENDER/USDC: sizing positionPct=0.0523 (base=0.15 atr=0.037267080745341644 regime=on conf=0.00 macro=bear mtf=1.0)","timestamp":"2026-06-22T12:56:08.668Z"}
{"level":"info","message":"RENDER/USDC: decision=HOLD confidence=0% price=1.71100000 external_signals=0","timestamp":"2026-06-22T12:56:08.668Z"}
{"level":"info","message":"RENDER/USDC: No EMA crossover (fast 1.7086 vs slow 1.7277) | OBV below EMA-20 — no cross | %R -70.7 neutral","timestamp":"2026-06-22T12:56:08.668Z"}
{"level":"debug","message":"[CYCLE] ENA/USDC: sizing positionPct=0.0274 (base=0.15 atr=0.037267080745341644 regime=on conf=0.00 macro=bear mtf=1.0)","timestamp":"2026-06-22T12:56:08.884Z"}
{"level":"info","message":"ENA/USDC: decision=HOLD confidence=0% price=0.09660000 external_signals=0","timestamp":"2026-06-22T12:56:08.884Z"}
{"level":"info","message":"ENA/USDC: RSI 60.1 neutral | Price 0.0963 inside BB [0.0788–0.0969] | CCI 116.8 overbought — still rising, wait","timestamp":"2026-06-22T12:56:08.885Z"}
{"level":"debug","message":"[CYCLE] ICP/USDC: sizing positionPct=0.1155 (base=0.15 atr=0.037267080745341644 regime=on conf=2.00 macro=bear mtf=1.0)","timestamp":"2026-06-22T12:56:09.074Z"}
{"level":"info","message":"ICP/USDC: decision=HOLD confidence=200% price=2.29000000 external_signals=0","timestamp":"2026-06-22T12:56:09.075Z"}
{"level":"info","message":"ICP/USDC: RSI 44.9 neutral | Price 2.2950 inside BB [2.1570–2.5590] | Stoch K=27.8 crossed above D=23.7 in oversold zone","timestamp":"2026-06-22T12:56:09.075Z"}
{"level":"debug","message":"[CYCLE] APT/USDC: sizing positionPct=0.0523 (base=0.15 atr=0.037267080745341644 regime=on conf=0.00 macro=bear mtf=1.0)","timestamp":"2026-06-22T12:56:09.270Z"}
{"level":"info","message":"APT/USDC: decision=HOLD confidence=0% price=0.68200000 external_signals=0","timestamp":"2026-06-22T12:56:09.270Z"}
{"level":"info","message":"APT/USDC: Price 0.6800 inside BB [0.6233–0.6967] | Stoch K=65.3 D=48.5 — no crossover in extreme zone | MFI 58.5 neutral","timestamp":"2026-06-22T12:56:09.271Z"}
{"level":"debug","message":"[CYCLE] ARB/USDC: sizing positionPct=0.0565 (base=0.15 atr=0.037267080745341644 regime=on conf=0.00 macro=bear mtf=1.0)","timestamp":"2026-06-22T12:56:09.467Z"}
{"level":"info","message":"ARB/USDC: decision=HOLD confidence=0% price=0.08610000 external_signals=0","timestamp":"2026-06-22T12:56:09.468Z"}
{"level":"info","message":"ARB/USDC: RSI 51.4 neutral | %R -43.7 neutral | HA flipped but prior streak too short (1 < 3)","timestamp":"2026-06-22T12:56:09.468Z"}
{"level":"debug","message":"[CYCLE] JUP/USDC: sizing positionPct=0.0944 (base=0.15 atr=0.037267080745341644 regime=on conf=2.00 macro=bear mtf=1.0)","timestamp":"2026-06-22T12:56:09.663Z"}
{"level":"info","message":"JUP/USDC: decision=HOLD confidence=200% price=0.21330000 external_signals=0","timestamp":"2026-06-22T12:56:09.663Z"}
{"level":"info","message":"JUP/USDC: Price 0.2124 inside BB [0.1622–0.2217] | CCI 124.5 overbought ↓ reversal confirmed | OBV above EMA-20 — no cross","timestamp":"2026-06-22T12:56:09.663Z"}
{"level":"info","message":"BTC/USDC: live balance=171.40 pnl=0.00 open_positions=1 daily_pnl=0.00 blocked=false","timestamp":"2026-06-22T12:56:09.868Z"}
{"level":"debug","message":"[CYCLE] VANRY/USDC: sizing positionPct=0.1100 (base=0.15 atr=0.037267080745341644 regime=on conf=2.00 macro=bear mtf=1.0)","timestamp":"2026-06-22T12:56:10.069Z"}
{"level":"info","message":"VANRY/USDC: decision=HOLD confidence=200% price=0.00348600 external_signals=0","timestamp":"2026-06-22T12:56:10.069Z"}
{"level":"info","message":"VANRY/USDC: No EMA crossover (fast 0.0035 vs slow 0.0035) | MACD -0.0001 vs signal -0.0001 hist:0.0000 | ADX 32.0 uptrend (+DI 25.4 > -DI 16.2)","timestamp":"2026-06-22T12:56:10.069Z"}
{"level":"info","message":"XRP/USDC: live balance=171.40 pnl=0.00 open_positions=1 daily_pnl=0.00 blocked=false","timestamp":"2026-06-22T12:56:10.269Z"}
{"level":"info","message":"LINK/USDC: live balance=171.40 pnl=0.00 open_positions=1 daily_pnl=0.00 blocked=false","timestamp":"2026-06-22T12:56:10.477Z"}
{"level":"info","message":"BNB/USDC: live balance=171.40 pnl=0.00 open_positions=1 daily_pnl=0.00 blocked=false","timestamp":"2026-06-22T12:56:10.666Z"}
{"level":"info","message":"LTC/USDC: live balance=171.40 pnl=0.00 open_positions=1 daily_pnl=0.00 blocked=false","timestamp":"2026-06-22T12:56:10.879Z"}
{"level":"info","message":"NEAR/USDC: live balance=171.40 pnl=0.00 open_positions=1 daily_pnl=0.00 blocked=false","timestamp":"2026-06-22T12:56:11.077Z"}
{"level":"info","message":"BCH/USDC: live balance=171.40 pnl=0.00 open_positions=1 daily_pnl=0.00 blocked=false","timestamp":"2026-06-22T12:56:11.284Z"}
{"level":"info","message":"TRX/USDC: live balance=171.40 pnl=0.00 open_positions=1 daily_pnl=0.00 blocked=false","timestamp":"2026-06-22T12:56:11.477Z"}
{"level":"info","message":"CRV/USDC: live balance=171.40 pnl=0.00 open_positions=1 daily_pnl=0.00 blocked=false","timestamp":"2026-06-22T12:56:11.670Z"}
{"level":"info","message":"ENS/USDC: live balance=171.40 pnl=0.00 open_positions=1 daily_pnl=0.00 blocked=false","timestamp":"2026-06-22T12:56:11.876Z"}
{"level":"info","message":"ACH/USDC: live balance=171.40 pnl=0.00 open_positions=1 daily_pnl=0.00 blocked=false","timestamp":"2026-06-22T12:56:12.063Z"}
{"level":"info","message":"GMX/USDC: live balance=171.40 pnl=0.00 open_positions=1 daily_pnl=0.00 blocked=false","timestamp":"2026-06-22T12:56:12.263Z"}
{"level":"info","message":"LDO/USDC: live balance=171.40 pnl=0.00 open_positions=1 daily_pnl=0.00 blocked=false","timestamp":"2026-06-22T12:56:12.470Z"}
{"level":"info","message":"JTO/USDC: live balance=171.40 pnl=0.00 open_positions=1 daily_pnl=0.00 blocked=false","timestamp":"2026-06-22T12:56:12.675Z"}
{"level":"info","message":"LSK/USDC: live balance=171.40 pnl=0.00 open_positions=1 daily_pnl=0.00 blocked=false","timestamp":"2026-06-22T12:56:12.871Z"}
{"level":"info","message":"MANTA/USDC: live balance=171.40 pnl=0.00 open_positions=1 daily_pnl=0.00 blocked=false","timestamp":"2026-06-22T12:56:13.064Z"}
{"level":"info","message":"PAXG/USDC: live balance=171.40 pnl=0.00 open_positions=1 daily_pnl=0.00 blocked=false","timestamp":"2026-06-22T12:56:13.264Z"}
{"level":"info","message":"PIXEL/USDC: live balance=171.40 pnl=0.00 open_positions=1 daily_pnl=0.00 blocked=false","timestamp":"2026-06-22T12:56:13.670Z"}
{"level":"info","message":"THETA/USDC: live balance=171.40 pnl=0.00 open_positions=1 daily_pnl=0.00 blocked=false","timestamp":"2026-06-22T12:56:13.876Z"}
{"level":"info","message":"SUI/USDC: live balance=171.40 pnl=0.00 open_positions=1 daily_pnl=0.00 blocked=false","timestamp":"2026-06-22T12:56:13.926Z"}
{"level":"info","message":"SOL/USDC: live balance=171.40 pnl=0.00 open_positions=1 daily_pnl=0.00 blocked=false","timestamp":"2026-06-22T12:56:14.089Z"}
{"level":"info","message":"ADA/USDC: live balance=171.40 pnl=0.00 open_positions=1 daily_pnl=0.00 blocked=false","timestamp":"2026-06-22T12:56:14.294Z"}
{"level":"info","message":"AVAX/USDC: live balance=171.40 pnl=0.00 open_positions=1 daily_pnl=0.00 blocked=false","timestamp":"2026-06-22T12:56:14.493Z"}
{"level":"info","message":"ETH/USDC: live balance=171.40 pnl=0.00 open_positions=1 daily_pnl=0.00 blocked=false","timestamp":"2026-06-22T12:56:14.704Z"}
{"level":"info","message":"DOGE/USDC: live balance=171.40 pnl=0.00 open_positions=1 daily_pnl=0.00 blocked=false","timestamp":"2026-06-22T12:56:14.910Z"}
{"level":"info","message":"WLD/USDC: live balance=171.40 pnl=0.00 open_positions=1 daily_pnl=0.00 blocked=false","timestamp":"2026-06-22T12:56:15.108Z"}
{"level":"info","message":"PEPE/USDC: live balance=171.40 pnl=0.00 open_positions=1 daily_pnl=0.00 blocked=false","timestamp":"2026-06-22T12:56:15.316Z"}
{"level":"info","message":"TON/USDC: live balance=171.40 pnl=0.00 open_positions=1 daily_pnl=0.00 blocked=false","timestamp":"2026-06-22T12:56:15.515Z"}
{"level":"info","message":"RENDER/USDC: live balance=171.40 pnl=0.00 open_positions=1 daily_pnl=0.00 blocked=false","timestamp":"2026-06-22T12:56:15.704Z"}
{"level":"info","message":"ENA/USDC: live balance=171.40 pnl=0.00 open_positions=1 daily_pnl=0.00 blocked=false","timestamp":"2026-06-22T12:56:15.933Z"}
{"level":"info","message":"ICP/USDC: live balance=171.40 pnl=0.00 open_positions=1 daily_pnl=0.00 blocked=false","timestamp":"2026-06-22T12:56:16.133Z"}
{"level":"info","message":"APT/USDC: live balance=171.40 pnl=0.00 open_positions=1 daily_pnl=0.00 blocked=false","timestamp":"2026-06-22T12:56:16.305Z"}
{"level":"info","message":"ARB/USDC: live balance=171.40 pnl=0.00 open_positions=1 daily_pnl=0.00 blocked=false","timestamp":"2026-06-22T12:56:16.512Z"}
{"level":"info","message":"JUP/USDC: live balance=171.40 pnl=0.00 open_positions=1 daily_pnl=0.00 blocked=false","timestamp":"2026-06-22T12:56:16.720Z"}
{"level":"info","message":"VANRY/USDC: live balance=171.40 pnl=0.00 open_positions=1 daily_pnl=0.00 blocked=false","timestamp":"2026-06-22T12:56:16.907Z"}
{"level":"debug","message":"[RISK] TIA/USDC: canTrade=true (managing existing position) decision=BUY","timestamp":"2026-06-22T12:56:17.100Z"}
{"level":"debug","message":"[CYCLE] TIA/USDC: sizing positionPct=0.1002 (base=0.15 atr=0.037267080745341644 regime=on conf=1.00 macro=bear mtf=1.0)","timestamp":"2026-06-22T12:56:17.101Z"}
{"level":"debug","message":"[LIVE] TIA/USDC: checkRisk price=0.39670000 SL=0.37724500 TP=0.44475200 HWM=0.39710000 entry=0.39710000","timestamp":"2026-06-22T12:56:17.101Z"}
{"level":"info","message":"[LIVE] TIA/USDC: BUY skipped, existing position open","timestamp":"2026-06-22T12:56:17.101Z"}
{"level":"info","message":"TIA/USDC: decision=BUY confidence=100% price=0.39670000 external_signals=0","timestamp":"2026-06-22T12:56:17.102Z"}
{"level":"info","message":"TIA/USDC: CCI 55.8 neutral | MACD crossed above signal (above zero) ↑ hist:0.0007 | HA flipped bullish ↑ after 8-bar bear streak","timestamp":"2026-06-22T12:56:17.102Z"}
{"level":"info","message":"INJ/USDC: BUY suppressed — 4h momentum bearish (score=43% < 45% required)","timestamp":"2026-06-22T12:56:17.121Z"}
{"level":"debug","message":"[CYCLE] INJ/USDC: sizing positionPct=0.0361 (base=0.15 atr=0.037267080745341644 regime=on conf=1.00 macro=bear mtf=1.0)","timestamp":"2026-06-22T12:56:17.122Z"}
{"level":"info","message":"INJ/USDC: trade blocked - 4h momentum bearish (score=43% < 45% required)","timestamp":"2026-06-22T12:56:17.122Z"}
{"level":"info","message":"INJ/USDC: decision=BUY confidence=100% price=4.96300000 external_signals=0","timestamp":"2026-06-22T12:56:17.123Z"}
{"level":"info","message":"INJ/USDC: ADX 14.1 < 25 — ranging, skip | OBV crossed above EMA-20 — volume buyers in control | StochRSI K=0.7 crossed above D=0.2 in oversold ↑","timestamp":"2026-06-22T12:56:17.123Z"}
{"level":"info","message":"TIA/USDC: live balance=171.40 pnl=0.00 open_positions=1 daily_pnl=0.00 blocked=false","timestamp":"2026-06-22T12:56:17.385Z"}
{"level":"info","message":"INJ/USDC: live balance=171.40 pnl=0.00 open_positions=1 daily_pnl=0.00 blocked=false","timestamp":"2026-06-22T12:56:17.587Z"}
{"level":"info","message":"Risk-check loop active: every 120s for open positions","timestamp":"2026-06-22T12:56:17.587Z"}
{"level":"info","message":"MTF 15m cache: refresh every 15 min","timestamp":"2026-06-22T12:56:17.588Z"}
{"level":"info","message":"MTF 4h cache: refresh every 4h","timestamp":"2026-06-22T12:56:17.588Z"}
{"level":"info","message":"Next cycle aligned to candle close in 664 min (Tue, 23 Jun 2026 00:00:03 GMT)","timestamp":"2026-06-22T12:56:17.588Z"}
{"level":"info","message":"[MTF-CACHE] 15m refresh complete: 37/37 symbols","timestamp":"2026-06-22T12:56:27.657Z"}
{"level":"info","message":"[MTF-CACHE] 4h refresh complete: 37/37 symbols","timestamp":"2026-06-22T12:56:28.060Z"}
{"level":"debug","message":"[RISK-LOOP] checking 1 open position(s)","timestamp":"2026-06-22T12:58:17.875Z"}
{"level":"debug","message":"[LIVE] TIA/USDC: checkRisk price=0.39590000 SL=0.37724500 TP=0.44475200 HWM=0.39710000 entry=0.39710000","timestamp":"2026-06-22T12:58:18.321Z"}
{"level":"debug","message":"[RISK-LOOP] checking 1 open position(s)","timestamp":"2026-06-22T13:00:17.874Z"}
{"level":"debug","message":"[LIVE] TIA/USDC: checkRisk price=0.39570000 SL=0.37724500 TP=0.44475200 HWM=0.39710000 entry=0.39710000","timestamp":"2026-06-22T13:00:18.356Z"}
{"level":"debug","message":"[RISK-LOOP] checking 1 open position(s)","timestamp":"2026-06-22T13:02:17.877Z"}
{"level":"debug","message":"[LIVE] TIA/USDC: checkRisk price=0.39980000 SL=0.37724500 TP=0.44475200 HWM=0.39710000 entry=0.39710000","timestamp":"2026-06-22T13:02:18.387Z"}
{"level":"debug","message":"[RISK-LOOP] checking 1 open position(s)","timestamp":"2026-06-22T13:04:17.872Z"}
{"level":"debug","message":"[LIVE] TIA/USDC: checkRisk price=0.39790000 SL=0.37724500 TP=0.44475200 HWM=0.39710000 entry=0.39710000","timestamp":"2026-06-22T13:04:18.422Z"}
{"level":"debug","message":"[RISK-LOOP] checking 1 open position(s)","timestamp":"2026-06-22T13:06:18.085Z"}
{"level":"debug","message":"[LIVE] TIA/USDC: checkRisk price=0.39820000 SL=0.37724500 TP=0.44475200 HWM=0.39710000 entry=0.39710000","timestamp":"2026-06-22T13:06:18.520Z"}
{"level":"debug","message":"[RISK-LOOP] checking 1 open position(s)","timestamp":"2026-06-22T13:08:17.882Z"}
{"level":"debug","message":"[LIVE] TIA/USDC: checkRisk price=0.39700000 SL=0.37724500 TP=0.44475200 HWM=0.39710000 entry=0.39710000","timestamp":"2026-06-22T13:08:18.423Z"}
{"level":"info","message":"Starting playAIStocks Phase 4 bot","timestamp":"2026-06-22T13:08:52.963Z"}
{"level":"info","message":"Mode=LIVE symbols=BTC/USDC, XRP/USDC, LINK/USDC, BNB/USDC, LTC/USDC, NEAR/USDC, TRX/USDC, BCH/USDC, ACH/USDC, CRV/USDC, ENS/USDC, GMX/USDC, JTO/USDC, LDO/USDC, LSK/USDC, MANTA/USDC, PAXG/USDC, PIXEL/USDC, SUI/USDC, THETA/USDC, TIA/USDC, VANRY/USDC, SOL/USDC, ADA/USDC, AVAX/USDC, DOGE/USDC, INJ/USDC, ETH/USDC, WLD/USDC, PEPE/USDC, TON/USDC, RENDER/USDC, ENA/USDC, ICP/USDC, APT/USDC, ARB/USDC, JUP/USDC timeframe=12h interval=43200000ms","timestamp":"2026-06-22T13:08:52.967Z"}
{"level":"info","message":"  BTC/USDC [custom]: strategies=[EMA+PSAR+HeikinAshi]  SL=5%  TP=12%  conf=0.55","timestamp":"2026-06-22T13:08:52.968Z"}
{"level":"info","message":"  XRP/USDC [custom]: strategies=[BB+Stoch+EMA]  SL=7%  TP=18%  conf=0.55","timestamp":"2026-06-22T13:08:52.968Z"}
{"level":"info","message":"  LINK/USDC [custom]: strategies=[BB+Stoch+Supertrend]  SL=5%  TP=12%  conf=0.7","timestamp":"2026-06-22T13:08:52.969Z"}
{"level":"info","message":"  BNB/USDC [custom]: strategies=[WilliamsR+HeikinAshi+SR]  SL=5%  TP=12%  conf=0.55","timestamp":"2026-06-22T13:08:52.970Z"}
{"level":"info","message":"  LTC/USDC [custom]: strategies=[BB+EMA+WilliamsR]  SL=5%  TP=12%  conf=0.55","timestamp":"2026-06-22T13:08:52.970Z"}
{"level":"info","message":"  NEAR/USDC [default]: strategies=[RSI+BB+Stoch+SR]  SL=5%  TP=12%  conf=0.7","timestamp":"2026-06-22T13:08:52.971Z"}
{"level":"info","message":"  TRX/USDC [custom]: strategies=[CCI+Stoch+StochRSI]  SL=12%  TP=30%  conf=0.7","timestamp":"2026-06-22T13:08:52.971Z"}
{"level":"info","message":"  BCH/USDC [custom]: strategies=[BB+OBV+WilliamsR]  SL=7%  TP=18%  conf=0.55","timestamp":"2026-06-22T13:08:52.972Z"}
{"level":"info","message":"  ACH/USDC [custom]: strategies=[RSI+BB+CCI]  SL=5%  TP=12%  conf=0.7","timestamp":"2026-06-22T13:08:52.973Z"}
{"level":"info","message":"  CRV/USDC [custom]: strategies=[ADX+StochRSI+SR]  SL=5%  TP=12%  conf=0.55","timestamp":"2026-06-22T13:08:52.973Z"}
{"level":"info","message":"  ENS/USDC [custom]: strategies=[BB+PSAR+SR]  SL=5%  TP=12%  conf=0.55","timestamp":"2026-06-22T13:08:52.973Z"}
{"level":"info","message":"  GMX/USDC [custom]: strategies=[RSI+BB+CCI]  SL=5%  TP=12%  conf=0.7","timestamp":"2026-06-22T13:08:52.973Z"}
{"level":"info","message":"  JTO/USDC [custom]: strategies=[CCI+PSAR+SR]  SL=5%  TP=12%  conf=0.55","timestamp":"2026-06-22T13:08:52.973Z"}
{"level":"info","message":"  LDO/USDC [custom]: strategies=[MACD+ADX+WilliamsR]  SL=5%  TP=12%  conf=0.55","timestamp":"2026-06-22T13:08:52.974Z"}
{"level":"info","message":"  LSK/USDC [custom]: strategies=[MACD+MFI+PSAR]  SL=7%  TP=18%  conf=0.55","timestamp":"2026-06-22T13:08:52.974Z"}
{"level":"info","message":"  MANTA/USDC [custom]: strategies=[RSI+BB+CCI]  SL=5%  TP=12%  conf=0.7","timestamp":"2026-06-22T13:08:52.974Z"}
{"level":"info","message":"  PAXG/USDC [custom]: strategies=[MACD+ADX+Supertrend]  SL=7%  TP=18%  conf=0.55","timestamp":"2026-06-22T13:08:52.974Z"}
{"level":"info","message":"  PIXEL/USDC [custom]: strategies=[EMA+ADX+SR]  SL=5%  TP=12%  conf=0.55","timestamp":"2026-06-22T13:08:52.974Z"}
{"level":"info","message":"  SUI/USDC [custom]: strategies=[RSI+Stoch+MFI]  SL=5%  TP=12%  conf=0.7","timestamp":"2026-06-22T13:08:52.974Z"}
{"level":"info","message":"  THETA/USDC [custom]: strategies=[RSI+CCI+OBV]  SL=5%  TP=12%  conf=0.55","timestamp":"2026-06-22T13:08:52.974Z"}
{"level":"info","message":"  TIA/USDC [custom]: strategies=[CCI+MACD+HeikinAshi]  SL=5%  TP=12%  conf=0.55","timestamp":"2026-06-22T13:08:52.975Z"}
{"level":"info","message":"  VANRY/USDC [custom]: strategies=[EMA+MACD+ADX]  SL=5%  TP=12%  conf=0.55","timestamp":"2026-06-22T13:08:52.975Z"}
{"level":"info","message":"  SOL/USDC [custom]: strategies=[BB+WilliamsR+StochRSI]  SL=7%  TP=18%  conf=0.55","timestamp":"2026-06-22T13:08:52.975Z"}
{"level":"info","message":"  ADA/USDC [custom]: strategies=[RSI+BB+CCI]  SL=5%  TP=12%  conf=0.55","timestamp":"2026-06-22T13:08:52.975Z"}
{"level":"info","message":"  AVAX/USDC [custom]: strategies=[RSI+MACD+PSAR]  SL=7%  TP=18%  conf=0.55","timestamp":"2026-06-22T13:08:52.975Z"}
{"level":"info","message":"  DOGE/USDC [custom]: strategies=[EMA+PSAR+HeikinAshi]  SL=7%  TP=18%  conf=0.55","timestamp":"2026-06-22T13:08:52.975Z"}
{"level":"info","message":"  INJ/USDC [custom]: strategies=[ADX+OBV+StochRSI]  SL=7%  TP=18%  conf=0.55","timestamp":"2026-06-22T13:08:52.975Z"}
{"level":"info","message":"  ETH/USDC [custom]: strategies=[Supertrend+MFI+SR]  SL=5%  TP=12%  conf=0.55","timestamp":"2026-06-22T13:08:52.975Z"}
{"level":"info","message":"  WLD/USDC [custom]: strategies=[BB+CCI+ADX]  SL=7%  TP=18%  conf=0.55","timestamp":"2026-06-22T13:08:52.976Z"}
{"level":"info","message":"  PEPE/USDC [custom]: strategies=[EMA+Supertrend+OBV]  SL=7%  TP=18%  conf=0.55","timestamp":"2026-06-22T13:08:52.976Z"}
{"level":"info","message":"  TON/USDC [custom]: strategies=[EMA+OBV+StochRSI]  SL=7%  TP=18%  conf=0.55","timestamp":"2026-06-22T13:08:52.976Z"}
{"level":"info","message":"  RENDER/USDC [custom]: strategies=[EMA+OBV+WilliamsR]  SL=7%  TP=18%  conf=0.55","timestamp":"2026-06-22T13:08:52.976Z"}
{"level":"info","message":"  ENA/USDC [custom]: strategies=[RSI+BB+CCI]  SL=7%  TP=18%  conf=0.55","timestamp":"2026-06-22T13:08:52.976Z"}
{"level":"info","message":"  ICP/USDC [custom]: strategies=[RSI+BB+Stoch]  SL=7%  TP=18%  conf=0.55","timestamp":"2026-06-22T13:08:52.976Z"}
{"level":"info","message":"  APT/USDC [custom]: strategies=[BB+Stoch+MFI]  SL=7%  TP=18%  conf=0.55","timestamp":"2026-06-22T13:08:52.976Z"}
{"level":"info","message":"  ARB/USDC [custom]: strategies=[RSI+WilliamsR+HeikinAshi]  SL=7%  TP=18%  conf=0.55","timestamp":"2026-06-22T13:08:52.976Z"}
{"level":"info","message":"  JUP/USDC [custom]: strategies=[BB+CCI+OBV]  SL=7%  TP=18%  conf=0.55","timestamp":"2026-06-22T13:08:52.976Z"}
{"level":"info","message":"Risk: balance=1000.00 maxPositionPct=0.15 stopLossPct=0.05 takeProfitPct=0.12 trailingStopPct=0","timestamp":"2026-06-22T13:08:52.977Z"}
{"level":"info","message":"Risk limits: maxDailyLossPct=0.05 maxOpenPositions=3 minConfidence=0.7","timestamp":"2026-06-22T13:08:52.977Z"}
{"level":"info","message":"Signals: webhook=on:3000 telegram=off algoWeight=1 minConfidence=0.7","timestamp":"2026-06-22T13:08:52.977Z"}
{"level":"info","message":"Regime filter: OFF","timestamp":"2026-06-22T13:08:52.977Z"}
{"level":"info","message":"ATR sizing: ON — period=14, inverse-vol scaling [0.5×–2×]","timestamp":"2026-06-22T13:08:52.977Z"}
{"level":"info","message":"Macro filter: ON — BTC EMA200 bear → 50% position size","timestamp":"2026-06-22T13:08:52.977Z"}
{"level":"info","message":"Correlation filter: OFF","timestamp":"2026-06-22T13:08:52.977Z"}
{"level":"info","message":"MTF filter: ON — 15m×16 bars, min 50% green to allow BUY (misaligned → skip)","timestamp":"2026-06-22T13:08:52.977Z"}
{"level":"info","message":"4h MTF filter: ON — EMA(8/21)+RSI(14), min score 45%, lookback=21","timestamp":"2026-06-22T13:08:52.977Z"}
{"level":"info","message":"Regime sizing: ON — ADX≥25→1.3× ADX<15→0.5×","timestamp":"2026-06-22T13:08:52.978Z"}
{"level":"info","message":"Dashboard: http://localhost:3001","timestamp":"2026-06-22T13:08:52.978Z"}
{"level":"info","message":"[NOTIFY] Telegram notifier ready → 1 chat(s)","timestamp":"2026-06-22T13:08:52.978Z"}
{"level":"info","message":"Initializing 12h candle history for 37 symbols…","timestamp":"2026-06-22T13:08:52.984Z"}
{"level":"info","message":"Dashboard running at http://localhost:3001","timestamp":"2026-06-22T13:08:52.987Z"}
{"level":"info","message":"Cache hit: BTC/USDC 12h — 1473 candles from disk","timestamp":"2026-06-22T13:08:53.016Z"}
{"level":"info","message":"BTC/USDC: cache is up-to-date (1473 candles)","timestamp":"2026-06-22T13:08:53.016Z"}
{"level":"info","message":"Cache hit: XRP/USDC 12h — 1473 candles from disk","timestamp":"2026-06-22T13:08:53.018Z"}
{"level":"info","message":"XRP/USDC: cache is up-to-date (1473 candles)","timestamp":"2026-06-22T13:08:53.019Z"}
{"level":"info","message":"Cache hit: LINK/USDC 12h — 1473 candles from disk","timestamp":"2026-06-22T13:08:53.020Z"}
{"level":"info","message":"LINK/USDC: cache is up-to-date (1473 candles)","timestamp":"2026-06-22T13:08:53.021Z"}
{"level":"info","message":"Cache hit: BNB/USDC 12h — 1473 candles from disk","timestamp":"2026-06-22T13:08:53.023Z"}
{"level":"info","message":"BNB/USDC: cache is up-to-date (1473 candles)","timestamp":"2026-06-22T13:08:53.023Z"}
{"level":"info","message":"Cache hit: LTC/USDC 12h — 1473 candles from disk","timestamp":"2026-06-22T13:08:53.025Z"}
{"level":"info","message":"LTC/USDC: cache is up-to-date (1473 candles)","timestamp":"2026-06-22T13:08:53.025Z"}
{"level":"info","message":"Cache hit: NEAR/USDC 12h — 1473 candles from disk","timestamp":"2026-06-22T13:08:53.027Z"}
{"level":"info","message":"NEAR/USDC: cache is up-to-date (1473 candles)","timestamp":"2026-06-22T13:08:53.027Z"}
{"level":"info","message":"Cache hit: TRX/USDC 12h — 1314 candles from disk","timestamp":"2026-06-22T13:08:53.029Z"}
{"level":"info","message":"TRX/USDC: cache is up-to-date (1314 candles)","timestamp":"2026-06-22T13:08:53.029Z"}
{"level":"info","message":"Cache hit: BCH/USDC 12h — 1473 candles from disk","timestamp":"2026-06-22T13:08:53.031Z"}
{"level":"info","message":"BCH/USDC: cache is up-to-date (1473 candles)","timestamp":"2026-06-22T13:08:53.031Z"}
{"level":"info","message":"Cache hit: ACH/USDC 12h — 854 candles from disk","timestamp":"2026-06-22T13:08:53.032Z"}
{"level":"info","message":"ACH/USDC: cache is up-to-date (854 candles)","timestamp":"2026-06-22T13:08:53.032Z"}
{"level":"info","message":"Cache hit: CRV/USDC 12h — 1473 candles from disk","timestamp":"2026-06-22T13:08:53.034Z"}
{"level":"info","message":"CRV/USDC: cache is up-to-date (1473 candles)","timestamp":"2026-06-22T13:08:53.034Z"}
{"level":"info","message":"Cache hit: ENS/USDC 12h — 1473 candles from disk","timestamp":"2026-06-22T13:08:53.036Z"}
{"level":"info","message":"ENS/USDC: cache is up-to-date (1473 candles)","timestamp":"2026-06-22T13:08:53.036Z"}
{"level":"info","message":"Cache hit: GMX/USDC 12h — 924 candles from disk","timestamp":"2026-06-22T13:08:53.037Z"}
{"level":"info","message":"GMX/USDC: cache is up-to-date (924 candles)","timestamp":"2026-06-22T13:08:53.037Z"}
{"level":"info","message":"Cache hit: JTO/USDC 12h — 1473 candles from disk","timestamp":"2026-06-22T13:08:53.039Z"}
{"level":"info","message":"JTO/USDC: cache is up-to-date (1473 candles)","timestamp":"2026-06-22T13:08:53.039Z"}
{"level":"info","message":"Cache hit: LDO/USDC 12h — 1473 candles from disk","timestamp":"2026-06-22T13:08:53.041Z"}
{"level":"info","message":"LDO/USDC: cache is up-to-date (1473 candles)","timestamp":"2026-06-22T13:08:53.041Z"}
{"level":"info","message":"Cache hit: LSK/USDC 12h — 413 candles from disk","timestamp":"2026-06-22T13:08:53.042Z"}
{"level":"info","message":"LSK/USDC: cache has 413 candles, fetching new ones since last close…","timestamp":"2026-06-22T13:08:53.042Z"}
{"level":"info","message":"Cache hit: PAXG/USDC 12h — 868 candles from disk","timestamp":"2026-06-22T13:08:53.090Z"}
{"level":"info","message":"PAXG/USDC: cache is up-to-date (868 candles)","timestamp":"2026-06-22T13:08:53.090Z"}
{"level":"info","message":"Cache hit: MANTA/USDC 12h — 1473 candles from disk","timestamp":"2026-06-22T13:08:53.092Z"}
{"level":"info","message":"MANTA/USDC: cache is up-to-date (1473 candles)","timestamp":"2026-06-22T13:08:53.092Z"}
{"level":"info","message":"Cache hit: PIXEL/USDC 12h — 1473 candles from disk","timestamp":"2026-06-22T13:08:53.094Z"}
{"level":"info","message":"PIXEL/USDC: cache is up-to-date (1473 candles)","timestamp":"2026-06-22T13:08:53.094Z"}
{"level":"info","message":"Cache hit: SUI/USDC 12h — 1473 candles from disk","timestamp":"2026-06-22T13:08:53.096Z"}
{"level":"info","message":"SUI/USDC: cache is up-to-date (1473 candles)","timestamp":"2026-06-22T13:08:53.096Z"}
{"level":"info","message":"Cache hit: THETA/USDC 12h — 892 candles from disk","timestamp":"2026-06-22T13:08:53.097Z"}
{"level":"info","message":"THETA/USDC: cache is up-to-date (892 candles)","timestamp":"2026-06-22T13:08:53.097Z"}
{"level":"info","message":"Cache hit: TIA/USDC 12h — 1473 candles from disk","timestamp":"2026-06-22T13:08:53.099Z"}
{"level":"info","message":"TIA/USDC: cache is up-to-date (1473 candles)","timestamp":"2026-06-22T13:08:53.099Z"}
{"level":"info","message":"Cache hit: VANRY/USDC 12h — 920 candles from disk","timestamp":"2026-06-22T13:08:53.101Z"}
{"level":"info","message":"VANRY/USDC: cache is up-to-date (920 candles)","timestamp":"2026-06-22T13:08:53.101Z"}
{"level":"info","message":"Cache hit: SOL/USDC 12h — 1473 candles from disk","timestamp":"2026-06-22T13:08:53.103Z"}
{"level":"info","message":"SOL/USDC: cache is up-to-date (1473 candles)","timestamp":"2026-06-22T13:08:53.103Z"}
{"level":"info","message":"Cache hit: ADA/USDC 12h — 1473 candles from disk","timestamp":"2026-06-22T13:08:53.105Z"}
{"level":"info","message":"ADA/USDC: cache is up-to-date (1473 candles)","timestamp":"2026-06-22T13:08:53.105Z"}
{"level":"info","message":"Cache hit: AVAX/USDC 12h — 1473 candles from disk","timestamp":"2026-06-22T13:08:53.107Z"}
{"level":"info","message":"AVAX/USDC: cache is up-to-date (1473 candles)","timestamp":"2026-06-22T13:08:53.107Z"}
{"level":"info","message":"Cache hit: DOGE/USDC 12h — 1473 candles from disk","timestamp":"2026-06-22T13:08:53.108Z"}
{"level":"info","message":"DOGE/USDC: cache is up-to-date (1473 candles)","timestamp":"2026-06-22T13:08:53.109Z"}
{"level":"info","message":"Cache hit: INJ/USDC 12h — 1473 candles from disk","timestamp":"2026-06-22T13:08:53.110Z"}
{"level":"info","message":"INJ/USDC: cache is up-to-date (1473 candles)","timestamp":"2026-06-22T13:08:53.110Z"}
{"level":"info","message":"Cache hit: ETH/USDC 12h — 1473 candles from disk","timestamp":"2026-06-22T13:08:53.112Z"}
{"level":"info","message":"ETH/USDC: cache is up-to-date (1473 candles)","timestamp":"2026-06-22T13:08:53.113Z"}
{"level":"info","message":"Cache hit: WLD/USDC 12h — 1473 candles from disk","timestamp":"2026-06-22T13:08:53.114Z"}
{"level":"info","message":"WLD/USDC: cache is up-to-date (1473 candles)","timestamp":"2026-06-22T13:08:53.114Z"}
{"level":"info","message":"Cache hit: TON/USDC 12h — 1340 candles from disk","timestamp":"2026-06-22T13:08:53.116Z"}
{"level":"info","message":"TON/USDC: cache is up-to-date (1340 candles)","timestamp":"2026-06-22T13:08:53.116Z"}
{"level":"info","message":"Cache hit: PEPE/USDC 12h — 1473 candles from disk","timestamp":"2026-06-22T13:08:53.118Z"}
{"level":"info","message":"PEPE/USDC: cache is up-to-date (1473 candles)","timestamp":"2026-06-22T13:08:53.118Z"}
{"level":"info","message":"Cache hit: RENDER/USDC 12h — 1394 candles from disk","timestamp":"2026-06-22T13:08:53.120Z"}
{"level":"info","message":"RENDER/USDC: cache is up-to-date (1394 candles)","timestamp":"2026-06-22T13:08:53.120Z"}
{"level":"info","message":"Cache hit: ENA/USDC 12h — 1473 candles from disk","timestamp":"2026-06-22T13:08:53.122Z"}
{"level":"info","message":"ENA/USDC: cache is up-to-date (1473 candles)","timestamp":"2026-06-22T13:08:53.122Z"}
{"level":"info","message":"Cache hit: ICP/USDC 12h — 1473 candles from disk","timestamp":"2026-06-22T13:08:53.124Z"}
{"level":"info","message":"ICP/USDC: cache is up-to-date (1473 candles)","timestamp":"2026-06-22T13:08:53.124Z"}
{"level":"info","message":"Cache hit: APT/USDC 12h — 1473 candles from disk","timestamp":"2026-06-22T13:08:53.126Z"}
{"level":"info","message":"APT/USDC: cache is up-to-date (1473 candles)","timestamp":"2026-06-22T13:08:53.126Z"}
{"level":"info","message":"Cache hit: ARB/USDC 12h — 1473 candles from disk","timestamp":"2026-06-22T13:08:53.128Z"}
{"level":"info","message":"ARB/USDC: cache is up-to-date (1473 candles)","timestamp":"2026-06-22T13:08:53.128Z"}
{"level":"info","message":"Cache hit: JUP/USDC 12h — 1473 candles from disk","timestamp":"2026-06-22T13:08:53.145Z"}
{"level":"info","message":"JUP/USDC: cache is up-to-date (1473 candles)","timestamp":"2026-06-22T13:08:53.145Z"}
{"level":"debug","message":"Cache saved: XRP/USDC 12h — 1473 candles","timestamp":"2026-06-22T13:08:53.244Z"}
{"level":"info","message":"XRP/USDC: 1473 12h candles ready","timestamp":"2026-06-22T13:08:53.245Z"}
{"level":"debug","message":"Cache saved: BTC/USDC 12h — 1473 candles","timestamp":"2026-06-22T13:08:53.245Z"}
{"level":"info","message":"BTC/USDC: 1473 12h candles ready","timestamp":"2026-06-22T13:08:53.245Z"}
{"level":"debug","message":"Cache saved: BNB/USDC 12h — 1473 candles","timestamp":"2026-06-22T13:08:53.245Z"}
{"level":"info","message":"BNB/USDC: 1473 12h candles ready","timestamp":"2026-06-22T13:08:53.246Z"}
{"level":"debug","message":"Cache saved: LTC/USDC 12h — 1473 candles","timestamp":"2026-06-22T13:08:53.246Z"}
{"level":"info","message":"LTC/USDC: 1473 12h candles ready","timestamp":"2026-06-22T13:08:53.246Z"}
{"level":"debug","message":"Cache saved: LINK/USDC 12h — 1473 candles","timestamp":"2026-06-22T13:08:53.246Z"}
{"level":"info","message":"LINK/USDC: 1473 12h candles ready","timestamp":"2026-06-22T13:08:53.246Z"}
{"level":"debug","message":"Cache saved: NEAR/USDC 12h — 1473 candles","timestamp":"2026-06-22T13:08:53.247Z"}
{"level":"info","message":"NEAR/USDC: 1473 12h candles ready","timestamp":"2026-06-22T13:08:53.247Z"}
{"level":"debug","message":"Cache saved: CRV/USDC 12h — 1473 candles","timestamp":"2026-06-22T13:08:53.247Z"}
{"level":"info","message":"CRV/USDC: 1473 12h candles ready","timestamp":"2026-06-22T13:08:53.247Z"}
{"level":"debug","message":"Cache saved: TRX/USDC 12h — 1314 candles","timestamp":"2026-06-22T13:08:53.247Z"}
{"level":"info","message":"TRX/USDC: 1314 12h candles ready","timestamp":"2026-06-22T13:08:53.247Z"}
{"level":"debug","message":"Cache saved: BCH/USDC 12h — 1473 candles","timestamp":"2026-06-22T13:08:53.248Z"}
{"level":"info","message":"BCH/USDC: 1473 12h candles ready","timestamp":"2026-06-22T13:08:53.248Z"}
{"level":"debug","message":"Cache saved: ACH/USDC 12h — 854 candles","timestamp":"2026-06-22T13:08:53.248Z"}
{"level":"info","message":"ACH/USDC: 854 12h candles ready","timestamp":"2026-06-22T13:08:53.248Z"}
{"level":"debug","message":"Cache saved: PAXG/USDC 12h — 868 candles","timestamp":"2026-06-22T13:08:53.249Z"}
{"level":"info","message":"PAXG/USDC: 868 12h candles ready","timestamp":"2026-06-22T13:08:53.249Z"}
{"level":"debug","message":"Cache saved: GMX/USDC 12h — 924 candles","timestamp":"2026-06-22T13:08:53.249Z"}
{"level":"info","message":"GMX/USDC: 924 12h candles ready","timestamp":"2026-06-22T13:08:53.249Z"}
{"level":"debug","message":"Cache saved: ENS/USDC 12h — 1473 candles","timestamp":"2026-06-22T13:08:53.249Z"}
{"level":"info","message":"ENS/USDC: 1473 12h candles ready","timestamp":"2026-06-22T13:08:53.249Z"}
{"level":"debug","message":"Cache saved: JTO/USDC 12h — 1473 candles","timestamp":"2026-06-22T13:08:53.250Z"}
{"level":"info","message":"JTO/USDC: 1473 12h candles ready","timestamp":"2026-06-22T13:08:53.250Z"}
{"level":"debug","message":"Cache saved: SUI/USDC 12h — 1473 candles","timestamp":"2026-06-22T13:08:53.250Z"}
{"level":"info","message":"SUI/USDC: 1473 12h candles ready","timestamp":"2026-06-22T13:08:53.251Z"}
{"level":"debug","message":"Cache saved: PIXEL/USDC 12h — 1473 candles","timestamp":"2026-06-22T13:08:53.251Z"}
{"level":"info","message":"PIXEL/USDC: 1473 12h candles ready","timestamp":"2026-06-22T13:08:53.251Z"}
{"level":"debug","message":"Cache saved: THETA/USDC 12h — 892 candles","timestamp":"2026-06-22T13:08:53.251Z"}
{"level":"info","message":"THETA/USDC: 892 12h candles ready","timestamp":"2026-06-22T13:08:53.251Z"}
{"level":"debug","message":"Cache saved: TIA/USDC 12h — 1473 candles","timestamp":"2026-06-22T13:08:53.252Z"}
{"level":"info","message":"TIA/USDC: 1473 12h candles ready","timestamp":"2026-06-22T13:08:53.252Z"}
{"level":"debug","message":"Cache saved: VANRY/USDC 12h — 920 candles","timestamp":"2026-06-22T13:08:53.252Z"}
{"level":"info","message":"VANRY/USDC: 920 12h candles ready","timestamp":"2026-06-22T13:08:53.252Z"}
{"level":"debug","message":"Cache saved: LDO/USDC 12h — 1473 candles","timestamp":"2026-06-22T13:08:53.252Z"}
{"level":"info","message":"LDO/USDC: 1473 12h candles ready","timestamp":"2026-06-22T13:08:53.252Z"}
{"level":"debug","message":"Cache saved: SOL/USDC 12h — 1473 candles","timestamp":"2026-06-22T13:08:53.253Z"}
{"level":"info","message":"SOL/USDC: 1473 12h candles ready","timestamp":"2026-06-22T13:08:53.253Z"}
{"level":"debug","message":"Cache saved: ADA/USDC 12h — 1473 candles","timestamp":"2026-06-22T13:08:53.253Z"}
{"level":"info","message":"ADA/USDC: 1473 12h candles ready","timestamp":"2026-06-22T13:08:53.253Z"}
{"level":"debug","message":"Cache saved: WLD/USDC 12h — 1473 candles","timestamp":"2026-06-22T13:08:53.253Z"}
{"level":"info","message":"WLD/USDC: 1473 12h candles ready","timestamp":"2026-06-22T13:08:53.254Z"}
{"level":"debug","message":"Cache saved: TON/USDC 12h — 1340 candles","timestamp":"2026-06-22T13:08:53.254Z"}
{"level":"info","message":"TON/USDC: 1340 12h candles ready","timestamp":"2026-06-22T13:08:53.254Z"}
{"level":"debug","message":"Cache saved: MANTA/USDC 12h — 1473 candles","timestamp":"2026-06-22T13:08:53.254Z"}
{"level":"info","message":"MANTA/USDC: 1473 12h candles ready","timestamp":"2026-06-22T13:08:53.254Z"}
{"level":"debug","message":"Cache saved: ETH/USDC 12h — 1473 candles","timestamp":"2026-06-22T13:08:53.254Z"}
{"level":"info","message":"ETH/USDC: 1473 12h candles ready","timestamp":"2026-06-22T13:08:53.255Z"}
{"level":"debug","message":"Cache saved: ENA/USDC 12h — 1473 candles","timestamp":"2026-06-22T13:08:53.255Z"}
{"level":"info","message":"ENA/USDC: 1473 12h candles ready","timestamp":"2026-06-22T13:08:53.255Z"}
{"level":"debug","message":"Cache saved: INJ/USDC 12h — 1473 candles","timestamp":"2026-06-22T13:08:53.256Z"}
{"level":"info","message":"INJ/USDC: 1473 12h candles ready","timestamp":"2026-06-22T13:08:53.256Z"}
{"level":"debug","message":"Cache saved: DOGE/USDC 12h — 1473 candles","timestamp":"2026-06-22T13:08:53.256Z"}
{"level":"info","message":"DOGE/USDC: 1473 12h candles ready","timestamp":"2026-06-22T13:08:53.256Z"}
{"level":"debug","message":"Cache saved: PEPE/USDC 12h — 1473 candles","timestamp":"2026-06-22T13:08:53.256Z"}
{"level":"info","message":"PEPE/USDC: 1473 12h candles ready","timestamp":"2026-06-22T13:08:53.257Z"}
{"level":"debug","message":"Cache saved: ICP/USDC 12h — 1473 candles","timestamp":"2026-06-22T13:08:53.257Z"}
{"level":"info","message":"ICP/USDC: 1473 12h candles ready","timestamp":"2026-06-22T13:08:53.257Z"}
{"level":"debug","message":"Cache saved: APT/USDC 12h — 1473 candles","timestamp":"2026-06-22T13:08:53.257Z"}
{"level":"info","message":"APT/USDC: 1473 12h candles ready","timestamp":"2026-06-22T13:08:53.257Z"}
{"level":"debug","message":"Cache saved: RENDER/USDC 12h — 1394 candles","timestamp":"2026-06-22T13:08:53.258Z"}
{"level":"info","message":"RENDER/USDC: 1394 12h candles ready","timestamp":"2026-06-22T13:08:53.258Z"}
{"level":"debug","message":"Cache saved: ARB/USDC 12h — 1473 candles","timestamp":"2026-06-22T13:08:53.258Z"}
{"level":"info","message":"ARB/USDC: 1473 12h candles ready","timestamp":"2026-06-22T13:08:53.258Z"}
{"level":"debug","message":"Cache saved: AVAX/USDC 12h — 1473 candles","timestamp":"2026-06-22T13:08:53.259Z"}
{"level":"info","message":"AVAX/USDC: 1473 12h candles ready","timestamp":"2026-06-22T13:08:53.259Z"}
{"level":"debug","message":"Cache saved: JUP/USDC 12h — 1473 candles","timestamp":"2026-06-22T13:08:53.259Z"}
{"level":"info","message":"JUP/USDC: 1473 12h candles ready","timestamp":"2026-06-22T13:08:53.260Z"}
{"level":"info","message":"LSK/USDC: appended 0 new candles","timestamp":"2026-06-22T13:08:56.487Z"}
{"level":"debug","message":"Cache saved: LSK/USDC 12h — 413 candles","timestamp":"2026-06-22T13:08:56.488Z"}
{"level":"info","message":"LSK/USDC: 413 12h candles ready","timestamp":"2026-06-22T13:08:56.488Z"}
{"level":"info","message":"[LIVE] TIA/USDC: restored persisted stop=0.37724500 HWM=0.39710000","timestamp":"2026-06-22T13:08:57.491Z"}
{"level":"info","message":"[LIVE] Restored position from exchange: TIA/USDC qty=48.074286 entry=0.3971 notional=$19.09 SL=0.377245","timestamp":"2026-06-22T13:08:57.491Z"}
{"level":"debug","message":"[AGG] BTC/USDC: strategy[0]=unknown → HOLD conf=0.20 \"No EMA crossover (fast 64140.8994 vs slow 64522.6812)\"","timestamp":"2026-06-22T13:08:58.319Z"}
{"level":"debug","message":"[AGG] BTC/USDC: strategy[1]=unknown → HOLD conf=0.10 \"PSAR downtrend continues (SAR 65352.1574)\"","timestamp":"2026-06-22T13:08:58.319Z"}
{"level":"debug","message":"[AGG] BTC/USDC: strategy[2]=unknown → SELL conf=0.62 \"HA flipped bearish ↓ after 4-bar bull streak\"","timestamp":"2026-06-22T13:08:58.319Z"}
{"level":"debug","message":"[AGG] BTC/USDC: votes BUY=0.00 SELL=1.00 HOLD=2.00 total_weight=1.00 external=0","timestamp":"2026-06-22T13:08:58.319Z"}
{"level":"debug","message":"[AGG] BTC/USDC: decision=HOLD confidence=2.00 tie=false belowMin=false (minConf=0.55)","timestamp":"2026-06-22T13:08:58.320Z"}
{"level":"debug","message":"[AGG] XRP/USDC: strategy[0]=unknown → HOLD conf=0.20 \"Price 1.1470 inside BB [1.0963–1.2398]\"","timestamp":"2026-06-22T13:08:58.356Z"}
{"level":"debug","message":"[AGG] XRP/USDC: strategy[1]=unknown → BUY conf=0.62 \"Stoch K=16.4 crossed above D=14.8 in oversold zone\"","timestamp":"2026-06-22T13:08:58.356Z"}
{"level":"debug","message":"[AGG] XRP/USDC: strategy[2]=unknown → HOLD conf=0.20 \"No EMA crossover (fast 1.1540 vs slow 1.1657)\"","timestamp":"2026-06-22T13:08:58.356Z"}
{"level":"debug","message":"[AGG] XRP/USDC: votes BUY=1.00 SELL=0.00 HOLD=2.00 total_weight=1.00 external=0","timestamp":"2026-06-22T13:08:58.356Z"}
{"level":"debug","message":"[AGG] XRP/USDC: decision=HOLD confidence=2.00 tie=false belowMin=false (minConf=0.55)","timestamp":"2026-06-22T13:08:58.357Z"}
{"level":"debug","message":"[AGG] LINK/USDC: strategy[0]=unknown → HOLD conf=0.20 \"Price 8.0800 inside BB [7.7452–8.3529]\"","timestamp":"2026-06-22T13:08:58.378Z"}
{"level":"debug","message":"[AGG] LINK/USDC: strategy[1]=unknown → HOLD conf=0.20 \"Stoch K=37.9 D=26.1 — no crossover in extreme zone\"","timestamp":"2026-06-22T13:08:58.378Z"}
{"level":"debug","message":"[AGG] LINK/USDC: strategy[2]=unknown → HOLD conf=0.10 \"Supertrend downtrend continues (ST 8.4740)\"","timestamp":"2026-06-22T13:08:58.378Z"}
{"level":"debug","message":"[AGG] LINK/USDC: votes BUY=0.00 SELL=0.00 HOLD=3.00 total_weight=0.00 external=0","timestamp":"2026-06-22T13:08:58.378Z"}
{"level":"debug","message":"[AGG] LINK/USDC: decision=HOLD confidence=0.00 tie=false belowMin=true (minConf=0.7)","timestamp":"2026-06-22T13:08:58.378Z"}
{"level":"debug","message":"[AGG] BNB/USDC: strategy[0]=unknown → HOLD conf=0.20 \"%R -57.6 neutral\"","timestamp":"2026-06-22T13:08:58.385Z"}
{"level":"debug","message":"[AGG] BNB/USDC: strategy[1]=unknown → HOLD conf=0.15 \"HA bullish continuation\"","timestamp":"2026-06-22T13:08:58.386Z"}
{"level":"debug","message":"[AGG] BNB/USDC: strategy[2]=unknown → SELL conf=0.62 \"Resistance 597.8000 (2×)\"","timestamp":"2026-06-22T13:08:58.386Z"}
{"level":"debug","message":"[AGG] BNB/USDC: votes BUY=0.00 SELL=1.00 HOLD=2.00 total_weight=1.00 external=0","timestamp":"2026-06-22T13:08:58.386Z"}
{"level":"debug","message":"[AGG] BNB/USDC: decision=HOLD confidence=2.00 tie=false belowMin=false (minConf=0.55)","timestamp":"2026-06-22T13:08:58.386Z"}
{"level":"debug","message":"[AGG] LTC/USDC: strategy[0]=unknown → HOLD conf=0.20 \"Price 45.2300 inside BB [43.0487–46.2013]\"","timestamp":"2026-06-22T13:08:58.400Z"}
{"level":"debug","message":"[AGG] LTC/USDC: strategy[1]=unknown → HOLD conf=0.20 \"No EMA crossover (fast 44.6240 vs slow 44.7495)\"","timestamp":"2026-06-22T13:08:58.400Z"}
{"level":"debug","message":"[AGG] LTC/USDC: strategy[2]=unknown → HOLD conf=0.20 \"%R -32.6 neutral\"","timestamp":"2026-06-22T13:08:58.401Z"}
{"level":"debug","message":"[AGG] LTC/USDC: votes BUY=0.00 SELL=0.00 HOLD=3.00 total_weight=0.00 external=0","timestamp":"2026-06-22T13:08:58.401Z"}
{"level":"debug","message":"[AGG] LTC/USDC: decision=HOLD confidence=0.00 tie=false belowMin=true (minConf=0.55)","timestamp":"2026-06-22T13:08:58.401Z"}
{"level":"debug","message":"[AGG] NEAR/USDC: strategy[0]=unknown → HOLD conf=0.20 \"RSI 48.3 neutral\"","timestamp":"2026-06-22T13:08:58.415Z"}
{"level":"debug","message":"[AGG] NEAR/USDC: strategy[1]=unknown → HOLD conf=0.20 \"Price 2.1650 inside BB [1.9706–2.4523]\"","timestamp":"2026-06-22T13:08:58.415Z"}
{"level":"debug","message":"[AGG] NEAR/USDC: strategy[2]=unknown → HOLD conf=0.20 \"Stoch K=16.9 D=23.9 — no crossover in extreme zone\"","timestamp":"2026-06-22T13:08:58.415Z"}
{"level":"debug","message":"[AGG] NEAR/USDC: strategy[3]=unknown → HOLD conf=0.10 \"No significant S/R zone nearby\"","timestamp":"2026-06-22T13:08:58.415Z"}
{"level":"debug","message":"[AGG] NEAR/USDC: votes BUY=0.00 SELL=0.00 HOLD=4.00 total_weight=0.00 external=0","timestamp":"2026-06-22T13:08:58.415Z"}
{"level":"debug","message":"[AGG] NEAR/USDC: decision=HOLD confidence=0.00 tie=false belowMin=true (minConf=0.7)","timestamp":"2026-06-22T13:08:58.415Z"}
{"level":"debug","message":"[AGG] TRX/USDC: strategy[0]=unknown → HOLD conf=0.90 \"CCI 199.2 overbought — still rising, wait\"","timestamp":"2026-06-22T13:08:58.441Z"}
{"level":"debug","message":"[AGG] TRX/USDC: strategy[1]=unknown → HOLD conf=0.20 \"Stoch K=97.4 D=96.8 — no crossover in extreme zone\"","timestamp":"2026-06-22T13:08:58.441Z"}
{"level":"debug","message":"[AGG] TRX/USDC: strategy[2]=unknown → HOLD conf=0.20 \"StochRSI K=100.0 D=100.0 — no extreme crossover\"","timestamp":"2026-06-22T13:08:58.441Z"}
{"level":"debug","message":"[AGG] TRX/USDC: votes BUY=0.00 SELL=0.00 HOLD=3.00 total_weight=0.00 external=0","timestamp":"2026-06-22T13:08:58.441Z"}
{"level":"debug","message":"[AGG] TRX/USDC: decision=HOLD confidence=0.00 tie=false belowMin=true (minConf=0.7)","timestamp":"2026-06-22T13:08:58.441Z"}
{"level":"debug","message":"[AGG] BCH/USDC: strategy[0]=unknown → HOLD conf=0.20 \"Price 201.0000 inside BB [188.8657–224.9543]\"","timestamp":"2026-06-22T13:08:58.453Z"}
{"level":"debug","message":"[AGG] BCH/USDC: strategy[1]=unknown → HOLD conf=0.20 \"OBV below EMA-20 — no cross\"","timestamp":"2026-06-22T13:08:58.453Z"}
{"level":"debug","message":"[AGG] BCH/USDC: strategy[2]=unknown → HOLD conf=0.20 \"%R -78.3 neutral\"","timestamp":"2026-06-22T13:08:58.453Z"}
{"level":"debug","message":"[AGG] BCH/USDC: votes BUY=0.00 SELL=0.00 HOLD=3.00 total_weight=0.00 external=0","timestamp":"2026-06-22T13:08:58.453Z"}
{"level":"debug","message":"[AGG] BCH/USDC: decision=HOLD confidence=0.00 tie=false belowMin=true (minConf=0.55)","timestamp":"2026-06-22T13:08:58.453Z"}
{"level":"debug","message":"[AGG] ACH/USDC: strategy[0]=unknown → HOLD conf=0.20 \"RSI 40.3 neutral\"","timestamp":"2026-06-22T13:08:58.470Z"}
{"level":"debug","message":"[AGG] ACH/USDC: strategy[1]=unknown → HOLD conf=0.20 \"Price 0.0051 inside BB [0.0049–0.0057]\"","timestamp":"2026-06-22T13:08:58.471Z"}
{"level":"debug","message":"[AGG] ACH/USDC: strategy[2]=unknown → HOLD conf=0.20 \"CCI -80.1 neutral\"","timestamp":"2026-06-22T13:08:58.471Z"}
{"level":"debug","message":"[AGG] ACH/USDC: votes BUY=0.00 SELL=0.00 HOLD=3.00 total_weight=0.00 external=0","timestamp":"2026-06-22T13:08:58.471Z"}
{"level":"debug","message":"[AGG] ACH/USDC: decision=HOLD confidence=0.00 tie=false belowMin=true (minConf=0.7)","timestamp":"2026-06-22T13:08:58.471Z"}
{"level":"debug","message":"[AGG] CRV/USDC: strategy[0]=unknown → HOLD conf=0.10 \"ADX 21.6 < 25 — ranging, skip\"","timestamp":"2026-06-22T13:08:58.490Z"}
{"level":"debug","message":"[AGG] CRV/USDC: strategy[1]=unknown → BUY conf=0.79 \"StochRSI K=8.0 crossed above D=4.9 in oversold ↑\"","timestamp":"2026-06-22T13:08:58.490Z"}
{"level":"debug","message":"[AGG] CRV/USDC: strategy[2]=unknown → HOLD conf=0.10 \"No significant S/R zone nearby\"","timestamp":"2026-06-22T13:08:58.490Z"}
{"level":"debug","message":"[AGG] CRV/USDC: votes BUY=1.00 SELL=0.00 HOLD=2.00 total_weight=1.00 external=0","timestamp":"2026-06-22T13:08:58.490Z"}
{"level":"debug","message":"[AGG] CRV/USDC: decision=HOLD confidence=2.00 tie=false belowMin=false (minConf=0.55)","timestamp":"2026-06-22T13:08:58.490Z"}
{"level":"debug","message":"[AGG] ENS/USDC: strategy[0]=unknown → HOLD conf=0.20 \"Price 4.7100 inside BB [4.5886–5.5854]\"","timestamp":"2026-06-22T13:08:58.498Z"}
{"level":"debug","message":"[AGG] ENS/USDC: strategy[1]=unknown → HOLD conf=0.10 \"PSAR downtrend continues (SAR 5.3516)\"","timestamp":"2026-06-22T13:08:58.498Z"}
{"level":"debug","message":"[AGG] ENS/USDC: strategy[2]=unknown → HOLD conf=0.10 \"No significant S/R zone nearby\"","timestamp":"2026-06-22T13:08:58.499Z"}
{"level":"debug","message":"[AGG] ENS/USDC: votes BUY=0.00 SELL=0.00 HOLD=3.00 total_weight=0.00 external=0","timestamp":"2026-06-22T13:08:58.499Z"}
{"level":"debug","message":"[AGG] ENS/USDC: decision=HOLD confidence=0.00 tie=false belowMin=true (minConf=0.55)","timestamp":"2026-06-22T13:08:58.499Z"}
{"level":"debug","message":"[AGG] GMX/USDC: strategy[0]=unknown → HOLD conf=0.20 \"RSI 53.0 neutral\"","timestamp":"2026-06-22T13:08:58.516Z"}
{"level":"debug","message":"[AGG] GMX/USDC: strategy[1]=unknown → HOLD conf=0.20 \"Price 5.9400 inside BB [5.4576–6.1844]\"","timestamp":"2026-06-22T13:08:58.517Z"}
{"level":"debug","message":"[AGG] GMX/USDC: strategy[2]=unknown → HOLD conf=0.20 \"CCI 43.1 neutral\"","timestamp":"2026-06-22T13:08:58.517Z"}
{"level":"debug","message":"[AGG] GMX/USDC: votes BUY=0.00 SELL=0.00 HOLD=3.00 total_weight=0.00 external=0","timestamp":"2026-06-22T13:08:58.517Z"}
{"level":"debug","message":"[AGG] GMX/USDC: decision=HOLD confidence=0.00 tie=false belowMin=true (minConf=0.7)","timestamp":"2026-06-22T13:08:58.517Z"}
{"level":"debug","message":"[AGG] JTO/USDC: strategy[0]=unknown → HOLD conf=0.20 \"CCI -23.8 neutral\"","timestamp":"2026-06-22T13:08:58.523Z"}
{"level":"debug","message":"[AGG] JTO/USDC: strategy[1]=unknown → HOLD conf=0.10 \"PSAR downtrend continues (SAR 0.8593)\"","timestamp":"2026-06-22T13:08:58.524Z"}
{"level":"debug","message":"[AGG] JTO/USDC: strategy[2]=unknown → HOLD conf=0.10 \"No significant S/R zone nearby\"","timestamp":"2026-06-22T13:08:58.524Z"}
{"level":"debug","message":"[AGG] JTO/USDC: votes BUY=0.00 SELL=0.00 HOLD=3.00 total_weight=0.00 external=0","timestamp":"2026-06-22T13:08:58.524Z"}
{"level":"debug","message":"[AGG] JTO/USDC: decision=HOLD confidence=0.00 tie=false belowMin=true (minConf=0.55)","timestamp":"2026-06-22T13:08:58.524Z"}
{"level":"debug","message":"[AGG] LDO/USDC: strategy[0]=unknown → HOLD conf=0.20 \"MACD -0.0002 vs signal -0.0018 hist:0.0016\"","timestamp":"2026-06-22T13:08:58.538Z"}
{"level":"debug","message":"[AGG] LDO/USDC: strategy[1]=unknown → HOLD conf=0.10 \"ADX 20.9 < 25 — ranging, skip\"","timestamp":"2026-06-22T13:08:58.539Z"}
{"level":"debug","message":"[AGG] LDO/USDC: strategy[2]=unknown → HOLD conf=0.20 \"%R -61.0 neutral\"","timestamp":"2026-06-22T13:08:58.539Z"}
{"level":"debug","message":"[AGG] LDO/USDC: votes BUY=0.00 SELL=0.00 HOLD=3.00 total_weight=0.00 external=0","timestamp":"2026-06-22T13:08:58.539Z"}
{"level":"debug","message":"[AGG] LDO/USDC: decision=HOLD confidence=0.00 tie=false belowMin=true (minConf=0.55)","timestamp":"2026-06-22T13:08:58.539Z"}
{"level":"debug","message":"[AGG] LSK/USDC: strategy[0]=unknown → BUY conf=0.55 \"MACD crossed above signal hist:0.0001\"","timestamp":"2026-06-22T13:08:58.545Z"}
{"level":"debug","message":"[AGG] LSK/USDC: strategy[1]=unknown → HOLD conf=0.20 \"MFI 58.7 neutral\"","timestamp":"2026-06-22T13:08:58.545Z"}
{"level":"debug","message":"[AGG] LSK/USDC: strategy[2]=unknown → HOLD conf=0.10 \"PSAR downtrend continues (SAR 0.0960)\"","timestamp":"2026-06-22T13:08:58.545Z"}
{"level":"debug","message":"[AGG] LSK/USDC: votes BUY=1.00 SELL=0.00 HOLD=2.00 total_weight=1.00 external=0","timestamp":"2026-06-22T13:08:58.545Z"}
{"level":"debug","message":"[AGG] LSK/USDC: decision=HOLD confidence=2.00 tie=false belowMin=false (minConf=0.55)","timestamp":"2026-06-22T13:08:58.546Z"}
{"level":"debug","message":"[AGG] MANTA/USDC: strategy[0]=unknown → HOLD conf=0.20 \"RSI 48.7 neutral\"","timestamp":"2026-06-22T13:08:58.599Z"}
{"level":"debug","message":"[AGG] MANTA/USDC: strategy[1]=unknown → HOLD conf=0.20 \"Price 0.0799 inside BB [0.0787–0.0833]\"","timestamp":"2026-06-22T13:08:58.599Z"}
{"level":"debug","message":"[AGG] MANTA/USDC: strategy[2]=unknown → HOLD conf=0.20 \"CCI -77.7 neutral\"","timestamp":"2026-06-22T13:08:58.599Z"}
{"level":"debug","message":"[AGG] MANTA/USDC: votes BUY=0.00 SELL=0.00 HOLD=3.00 total_weight=0.00 external=0","timestamp":"2026-06-22T13:08:58.599Z"}
{"level":"debug","message":"[AGG] MANTA/USDC: decision=HOLD confidence=0.00 tie=false belowMin=true (minConf=0.7)","timestamp":"2026-06-22T13:08:58.600Z"}
{"level":"debug","message":"[AGG] PAXG/USDC: strategy[0]=unknown → HOLD conf=0.20 \"MACD -40.3398 vs signal -39.4025 hist:-0.9374\"","timestamp":"2026-06-22T13:08:58.608Z"}
{"level":"debug","message":"[AGG] PAXG/USDC: strategy[1]=unknown → SELL conf=0.58 \"ADX 26.5 downtrend (-DI 27.0 > +DI 19.7)\"","timestamp":"2026-06-22T13:08:58.608Z"}
{"level":"debug","message":"[AGG] PAXG/USDC: strategy[2]=unknown → HOLD conf=0.10 \"Supertrend downtrend continues (ST 4299.0234)\"","timestamp":"2026-06-22T13:08:58.608Z"}
{"level":"debug","message":"[AGG] PAXG/USDC: votes BUY=0.00 SELL=1.00 HOLD=2.00 total_weight=1.00 external=0","timestamp":"2026-06-22T13:08:58.608Z"}
{"level":"debug","message":"[AGG] PAXG/USDC: decision=HOLD confidence=2.00 tie=false belowMin=false (minConf=0.55)","timestamp":"2026-06-22T13:08:58.608Z"}
{"level":"debug","message":"[AGG] PIXEL/USDC: strategy[0]=unknown → HOLD conf=0.20 \"No EMA crossover (fast 0.0054 vs slow 0.0055)\"","timestamp":"2026-06-22T13:08:58.623Z"}
{"level":"debug","message":"[AGG] PIXEL/USDC: strategy[1]=unknown → BUY conf=0.48 \"ADX 22.4 uptrend (+DI 23.8 > -DI 22.6)\"","timestamp":"2026-06-22T13:08:58.623Z"}
{"level":"debug","message":"[AGG] PIXEL/USDC: strategy[2]=unknown → HOLD conf=0.10 \"No significant S/R zone nearby\"","timestamp":"2026-06-22T13:08:58.623Z"}
{"level":"debug","message":"[AGG] PIXEL/USDC: votes BUY=1.00 SELL=0.00 HOLD=2.00 total_weight=1.00 external=0","timestamp":"2026-06-22T13:08:58.623Z"}
{"level":"debug","message":"[AGG] PIXEL/USDC: decision=HOLD confidence=2.00 tie=false belowMin=false (minConf=0.55)","timestamp":"2026-06-22T13:08:58.623Z"}
{"level":"debug","message":"[AGG] SUI/USDC: strategy[0]=unknown → HOLD conf=0.20 \"RSI 44.5 neutral\"","timestamp":"2026-06-22T13:08:58.649Z"}
{"level":"debug","message":"[AGG] SUI/USDC: strategy[1]=unknown → HOLD conf=0.20 \"Stoch K=33.3 D=15.7 — no crossover in extreme zone\"","timestamp":"2026-06-22T13:08:58.649Z"}
{"level":"debug","message":"[AGG] SUI/USDC: strategy[2]=unknown → HOLD conf=0.51 \"MFI 19.5 oversold — still falling, wait\"","timestamp":"2026-06-22T13:08:58.649Z"}
{"level":"debug","message":"[AGG] SUI/USDC: votes BUY=0.00 SELL=0.00 HOLD=3.00 total_weight=0.00 external=0","timestamp":"2026-06-22T13:08:58.649Z"}
{"level":"debug","message":"[AGG] SUI/USDC: decision=HOLD confidence=0.00 tie=false belowMin=true (minConf=0.7)","timestamp":"2026-06-22T13:08:58.649Z"}
{"level":"debug","message":"[AGG] THETA/USDC: strategy[0]=unknown → HOLD conf=0.20 \"RSI 43.6 neutral\"","timestamp":"2026-06-22T13:08:58.658Z"}
{"level":"debug","message":"[AGG] THETA/USDC: strategy[1]=unknown → HOLD conf=0.20 \"CCI -81.2 neutral\"","timestamp":"2026-06-22T13:08:58.658Z"}
{"level":"debug","message":"[AGG] THETA/USDC: strategy[2]=unknown → SELL conf=0.55 \"OBV crossed below EMA-20 — volume sellers in control\"","timestamp":"2026-06-22T13:08:58.658Z"}
{"level":"debug","message":"[AGG] THETA/USDC: votes BUY=0.00 SELL=1.00 HOLD=2.00 total_weight=1.00 external=0","timestamp":"2026-06-22T13:08:58.662Z"}
{"level":"debug","message":"[AGG] THETA/USDC: decision=HOLD confidence=2.00 tie=false belowMin=false (minConf=0.55)","timestamp":"2026-06-22T13:08:58.662Z"}
{"level":"debug","message":"[AGG] TIA/USDC: strategy[0]=unknown → HOLD conf=0.20 \"CCI 55.8 neutral\"","timestamp":"2026-06-22T13:08:58.679Z"}
{"level":"debug","message":"[AGG] TIA/USDC: strategy[1]=unknown → BUY conf=0.85 \"MACD crossed above signal (above zero) ↑ hist:0.0007\"","timestamp":"2026-06-22T13:08:58.679Z"}
{"level":"debug","message":"[AGG] TIA/USDC: strategy[2]=unknown → BUY conf=0.73 \"HA flipped bullish ↑ after 8-bar bear streak\"","timestamp":"2026-06-22T13:08:58.679Z"}
{"level":"debug","message":"[AGG] TIA/USDC: votes BUY=2.00 SELL=0.00 HOLD=1.00 total_weight=2.00 external=0","timestamp":"2026-06-22T13:08:58.679Z"}
{"level":"debug","message":"[AGG] TIA/USDC: decision=BUY confidence=1.00 tie=false","timestamp":"2026-06-22T13:08:58.679Z"}
{"level":"debug","message":"[AGG] VANRY/USDC: strategy[0]=unknown → HOLD conf=0.20 \"No EMA crossover (fast 0.0035 vs slow 0.0035)\"","timestamp":"2026-06-22T13:08:58.686Z"}
{"level":"debug","message":"[AGG] VANRY/USDC: strategy[1]=unknown → HOLD conf=0.20 \"MACD -0.0001 vs signal -0.0001 hist:0.0000\"","timestamp":"2026-06-22T13:08:58.686Z"}
{"level":"debug","message":"[AGG] VANRY/USDC: strategy[2]=unknown → BUY conf=0.65 \"ADX 32.0 uptrend (+DI 25.4 > -DI 16.2)\"","timestamp":"2026-06-22T13:08:58.686Z"}
{"level":"debug","message":"[AGG] VANRY/USDC: votes BUY=1.00 SELL=0.00 HOLD=2.00 total_weight=1.00 external=0","timestamp":"2026-06-22T13:08:58.686Z"}
{"level":"debug","message":"[AGG] VANRY/USDC: decision=HOLD confidence=2.00 tie=false belowMin=false (minConf=0.55)","timestamp":"2026-06-22T13:08:58.687Z"}
{"level":"debug","message":"[AGG] SOL/USDC: strategy[0]=unknown → HOLD conf=0.20 \"Price 74.1100 inside BB [66.5863–76.0487]\"","timestamp":"2026-06-22T13:08:58.713Z"}
{"level":"debug","message":"[AGG] SOL/USDC: strategy[1]=unknown → HOLD conf=0.20 \"%R -23.8 neutral\"","timestamp":"2026-06-22T13:08:58.713Z"}
{"level":"debug","message":"[AGG] SOL/USDC: strategy[2]=unknown → HOLD conf=0.20 \"StochRSI K=82.7 D=79.5 — no extreme crossover\"","timestamp":"2026-06-22T13:08:58.713Z"}
{"level":"debug","message":"[AGG] SOL/USDC: votes BUY=0.00 SELL=0.00 HOLD=3.00 total_weight=0.00 external=0","timestamp":"2026-06-22T13:08:58.713Z"}
{"level":"debug","message":"[AGG] SOL/USDC: decision=HOLD confidence=0.00 tie=false belowMin=true (minConf=0.55)","timestamp":"2026-06-22T13:08:58.713Z"}
{"level":"debug","message":"[AGG] ADA/USDC: strategy[0]=unknown → HOLD conf=0.20 \"RSI 37.1 neutral\"","timestamp":"2026-06-22T13:08:58.725Z"}
{"level":"debug","message":"[AGG] ADA/USDC: strategy[1]=unknown → HOLD conf=0.20 \"Price 0.1616 inside BB [0.1540–0.1838]\"","timestamp":"2026-06-22T13:08:58.725Z"}
{"level":"debug","message":"[AGG] ADA/USDC: strategy[2]=unknown → HOLD conf=0.20 \"CCI -93.2 neutral\"","timestamp":"2026-06-22T13:08:58.725Z"}
{"level":"debug","message":"[AGG] ADA/USDC: votes BUY=0.00 SELL=0.00 HOLD=3.00 total_weight=0.00 external=0","timestamp":"2026-06-22T13:08:58.725Z"}
{"level":"debug","message":"[AGG] ADA/USDC: decision=HOLD confidence=0.00 tie=false belowMin=true (minConf=0.55)","timestamp":"2026-06-22T13:08:58.726Z"}
{"level":"debug","message":"[AGG] AVAX/USDC: strategy[0]=unknown → HOLD conf=0.20 \"RSI 40.8 neutral\"","timestamp":"2026-06-22T13:08:58.730Z"}
{"level":"debug","message":"[AGG] AVAX/USDC: strategy[1]=unknown → HOLD conf=0.20 \"MACD -0.2584 vs signal -0.2813 hist:0.0229\"","timestamp":"2026-06-22T13:08:58.730Z"}
{"level":"debug","message":"[AGG] AVAX/USDC: strategy[2]=unknown → HOLD conf=0.10 \"PSAR downtrend continues (SAR 6.5285)\"","timestamp":"2026-06-22T13:08:58.730Z"}
{"level":"debug","message":"[AGG] AVAX/USDC: votes BUY=0.00 SELL=0.00 HOLD=3.00 total_weight=0.00 external=0","timestamp":"2026-06-22T13:08:58.730Z"}
{"level":"debug","message":"[AGG] AVAX/USDC: decision=HOLD confidence=0.00 tie=false belowMin=true (minConf=0.55)","timestamp":"2026-06-22T13:08:58.730Z"}
{"level":"debug","message":"[AGG] DOGE/USDC: strategy[0]=unknown → HOLD conf=0.20 \"No EMA crossover (fast 0.0843 vs slow 0.0858)\"","timestamp":"2026-06-22T13:08:58.732Z"}
{"level":"debug","message":"[AGG] DOGE/USDC: strategy[1]=unknown → HOLD conf=0.10 \"PSAR downtrend continues (SAR 0.0896)\"","timestamp":"2026-06-22T13:08:58.732Z"}
{"level":"debug","message":"[AGG] DOGE/USDC: strategy[2]=unknown → HOLD conf=0.15 \"HA bearish continuation\"","timestamp":"2026-06-22T13:08:58.732Z"}
{"level":"debug","message":"[AGG] DOGE/USDC: votes BUY=0.00 SELL=0.00 HOLD=3.00 total_weight=0.00 external=0","timestamp":"2026-06-22T13:08:58.732Z"}
{"level":"debug","message":"[AGG] DOGE/USDC: decision=HOLD confidence=0.00 tie=false belowMin=true (minConf=0.55)","timestamp":"2026-06-22T13:08:58.732Z"}
{"level":"debug","message":"[AGG] INJ/USDC: strategy[0]=unknown → HOLD conf=0.10 \"ADX 14.1 < 25 — ranging, skip\"","timestamp":"2026-06-22T13:08:58.750Z"}
{"level":"debug","message":"[AGG] INJ/USDC: strategy[1]=unknown → BUY conf=0.56 \"OBV crossed above EMA-20 — volume buyers in control\"","timestamp":"2026-06-22T13:08:58.750Z"}
{"level":"debug","message":"[AGG] INJ/USDC: strategy[2]=unknown → BUY conf=0.94 \"StochRSI K=0.7 crossed above D=0.2 in oversold ↑\"","timestamp":"2026-06-22T13:08:58.750Z"}
{"level":"debug","message":"[AGG] INJ/USDC: votes BUY=2.00 SELL=0.00 HOLD=1.00 total_weight=2.00 external=0","timestamp":"2026-06-22T13:08:58.750Z"}
{"level":"debug","message":"[AGG] INJ/USDC: decision=BUY confidence=1.00 tie=false","timestamp":"2026-06-22T13:08:58.750Z"}
{"level":"debug","message":"[AGG] ETH/USDC: strategy[0]=unknown → HOLD conf=0.10 \"Supertrend uptrend continues (ST 1631.9562)\"","timestamp":"2026-06-22T13:08:58.759Z"}
{"level":"debug","message":"[AGG] ETH/USDC: strategy[1]=unknown → HOLD conf=0.20 \"MFI 47.0 neutral\"","timestamp":"2026-06-22T13:08:58.759Z"}
{"level":"debug","message":"[AGG] ETH/USDC: strategy[2]=unknown → BUY conf=0.62 \"Support 1749.5100 (4×)\"","timestamp":"2026-06-22T13:08:58.759Z"}
{"level":"debug","message":"[AGG] ETH/USDC: votes BUY=1.00 SELL=0.00 HOLD=2.00 total_weight=1.00 external=0","timestamp":"2026-06-22T13:08:58.759Z"}
{"level":"debug","message":"[AGG] ETH/USDC: decision=HOLD confidence=2.00 tie=false belowMin=false (minConf=0.55)","timestamp":"2026-06-22T13:08:58.759Z"}
{"level":"debug","message":"[AGG] WLD/USDC: strategy[0]=unknown → HOLD conf=0.20 \"Price 0.6263 inside BB [0.4706–0.7186]\"","timestamp":"2026-06-22T13:08:58.779Z"}
{"level":"debug","message":"[AGG] WLD/USDC: strategy[1]=unknown → HOLD conf=0.20 \"CCI 47.6 neutral\"","timestamp":"2026-06-22T13:08:58.779Z"}
{"level":"debug","message":"[AGG] WLD/USDC: strategy[2]=unknown → BUY conf=0.88 \"ADX 49.7 uptrend (+DI 25.4 > -DI 7.4)\"","timestamp":"2026-06-22T13:08:58.779Z"}
{"level":"debug","message":"[AGG] WLD/USDC: votes BUY=1.00 SELL=0.00 HOLD=2.00 total_weight=1.00 external=0","timestamp":"2026-06-22T13:08:58.779Z"}
{"level":"debug","message":"[AGG] WLD/USDC: decision=HOLD confidence=2.00 tie=false belowMin=false (minConf=0.55)","timestamp":"2026-06-22T13:08:58.779Z"}
{"level":"debug","message":"[AGG] PEPE/USDC: strategy[0]=unknown → HOLD conf=0.20 \"No EMA crossover (fast 0.0000 vs slow 0.0000)\"","timestamp":"2026-06-22T13:08:58.783Z"}
{"level":"debug","message":"[AGG] PEPE/USDC: strategy[1]=unknown → HOLD conf=0.10 \"Supertrend downtrend continues (ST 0.0000)\"","timestamp":"2026-06-22T13:08:58.784Z"}
{"level":"debug","message":"[AGG] PEPE/USDC: strategy[2]=unknown → BUY conf=0.57 \"OBV crossed above EMA-20 — volume buyers in control\"","timestamp":"2026-06-22T13:08:58.784Z"}
{"level":"debug","message":"[AGG] PEPE/USDC: votes BUY=1.00 SELL=0.00 HOLD=2.00 total_weight=1.00 external=0","timestamp":"2026-06-22T13:08:58.784Z"}
{"level":"debug","message":"[AGG] PEPE/USDC: decision=HOLD confidence=2.00 tie=false belowMin=false (minConf=0.55)","timestamp":"2026-06-22T13:08:58.784Z"}
{"level":"debug","message":"[AGG] TON/USDC: strategy[0]=unknown → HOLD conf=0.20 \"No EMA crossover (fast 1.6573 vs slow 1.6797)\"","timestamp":"2026-06-22T13:08:58.789Z"}
{"level":"debug","message":"[AGG] TON/USDC: strategy[1]=unknown → HOLD conf=0.20 \"OBV above EMA-20 — no cross\"","timestamp":"2026-06-22T13:08:58.790Z"}
{"level":"debug","message":"[AGG] TON/USDC: strategy[2]=unknown → HOLD conf=0.20 \"StochRSI K=72.9 D=70.3 — no extreme crossover\"","timestamp":"2026-06-22T13:08:58.790Z"}
{"level":"debug","message":"[AGG] TON/USDC: votes BUY=0.00 SELL=0.00 HOLD=3.00 total_weight=0.00 external=0","timestamp":"2026-06-22T13:08:58.790Z"}
{"level":"debug","message":"[AGG] TON/USDC: decision=HOLD confidence=0.00 tie=false belowMin=true (minConf=0.55)","timestamp":"2026-06-22T13:08:58.790Z"}
{"level":"debug","message":"[AGG] RENDER/USDC: strategy[0]=unknown → HOLD conf=0.20 \"No EMA crossover (fast 1.7086 vs slow 1.7277)\"","timestamp":"2026-06-22T13:08:58.794Z"}
{"level":"debug","message":"[AGG] RENDER/USDC: strategy[1]=unknown → HOLD conf=0.20 \"OBV below EMA-20 — no cross\"","timestamp":"2026-06-22T13:08:58.794Z"}
{"level":"debug","message":"[AGG] RENDER/USDC: strategy[2]=unknown → HOLD conf=0.20 \"%R -70.7 neutral\"","timestamp":"2026-06-22T13:08:58.794Z"}
{"level":"debug","message":"[AGG] RENDER/USDC: votes BUY=0.00 SELL=0.00 HOLD=3.00 total_weight=0.00 external=0","timestamp":"2026-06-22T13:08:58.794Z"}
{"level":"debug","message":"[AGG] RENDER/USDC: decision=HOLD confidence=0.00 tie=false belowMin=true (minConf=0.55)","timestamp":"2026-06-22T13:08:58.794Z"}
{"level":"debug","message":"[AGG] ENA/USDC: strategy[0]=unknown → HOLD conf=0.20 \"RSI 60.1 neutral\"","timestamp":"2026-06-22T13:08:58.809Z"}
{"level":"debug","message":"[AGG] ENA/USDC: strategy[1]=unknown → HOLD conf=0.20 \"Price 0.0963 inside BB [0.0788–0.0969]\"","timestamp":"2026-06-22T13:08:58.809Z"}
{"level":"debug","message":"[AGG] ENA/USDC: strategy[2]=unknown → HOLD conf=0.57 \"CCI 116.8 overbought — still rising, wait\"","timestamp":"2026-06-22T13:08:58.809Z"}
{"level":"debug","message":"[AGG] ENA/USDC: votes BUY=0.00 SELL=0.00 HOLD=3.00 total_weight=0.00 external=0","timestamp":"2026-06-22T13:08:58.809Z"}
{"level":"debug","message":"[AGG] ENA/USDC: decision=HOLD confidence=0.00 tie=false belowMin=true (minConf=0.55)","timestamp":"2026-06-22T13:08:58.809Z"}
{"level":"debug","message":"[AGG] ICP/USDC: strategy[0]=unknown → HOLD conf=0.20 \"RSI 44.9 neutral\"","timestamp":"2026-06-22T13:08:58.817Z"}
{"level":"debug","message":"[AGG] ICP/USDC: strategy[1]=unknown → HOLD conf=0.20 \"Price 2.2950 inside BB [2.1570–2.5590]\"","timestamp":"2026-06-22T13:08:58.817Z"}
{"level":"debug","message":"[AGG] ICP/USDC: strategy[2]=unknown → BUY conf=0.55 \"Stoch K=27.8 crossed above D=23.7 in oversold zone\"","timestamp":"2026-06-22T13:08:58.817Z"}
{"level":"debug","message":"[AGG] ICP/USDC: votes BUY=1.00 SELL=0.00 HOLD=2.00 total_weight=1.00 external=0","timestamp":"2026-06-22T13:08:58.817Z"}
{"level":"debug","message":"[AGG] ICP/USDC: decision=HOLD confidence=2.00 tie=false belowMin=false (minConf=0.55)","timestamp":"2026-06-22T13:08:58.817Z"}
{"level":"debug","message":"[AGG] APT/USDC: strategy[0]=unknown → HOLD conf=0.20 \"Price 0.6800 inside BB [0.6233–0.6967]\"","timestamp":"2026-06-22T13:08:58.828Z"}
{"level":"debug","message":"[AGG] APT/USDC: strategy[1]=unknown → HOLD conf=0.20 \"Stoch K=65.3 D=48.5 — no crossover in extreme zone\"","timestamp":"2026-06-22T13:08:58.829Z"}
{"level":"debug","message":"[AGG] APT/USDC: strategy[2]=unknown → HOLD conf=0.20 \"MFI 58.5 neutral\"","timestamp":"2026-06-22T13:08:58.829Z"}
{"level":"debug","message":"[AGG] APT/USDC: votes BUY=0.00 SELL=0.00 HOLD=3.00 total_weight=0.00 external=0","timestamp":"2026-06-22T13:08:58.829Z"}
{"level":"debug","message":"[AGG] APT/USDC: decision=HOLD confidence=0.00 tie=false belowMin=true (minConf=0.55)","timestamp":"2026-06-22T13:08:58.829Z"}
{"level":"debug","message":"[AGG] ARB/USDC: strategy[0]=unknown → HOLD conf=0.20 \"RSI 51.4 neutral\"","timestamp":"2026-06-22T13:08:58.833Z"}
{"level":"debug","message":"[AGG] ARB/USDC: strategy[1]=unknown → HOLD conf=0.20 \"%R -43.7 neutral\"","timestamp":"2026-06-22T13:08:58.833Z"}
{"level":"debug","message":"[AGG] ARB/USDC: strategy[2]=unknown → HOLD conf=0.20 \"HA flipped but prior streak too short (1 < 3)\"","timestamp":"2026-06-22T13:08:58.833Z"}
{"level":"debug","message":"[AGG] ARB/USDC: votes BUY=0.00 SELL=0.00 HOLD=3.00 total_weight=0.00 external=0","timestamp":"2026-06-22T13:08:58.833Z"}
{"level":"debug","message":"[AGG] ARB/USDC: decision=HOLD confidence=0.00 tie=false belowMin=true (minConf=0.55)","timestamp":"2026-06-22T13:08:58.833Z"}
{"level":"debug","message":"[AGG] JUP/USDC: strategy[0]=unknown → HOLD conf=0.20 \"Price 0.2124 inside BB [0.1622–0.2217]\"","timestamp":"2026-06-22T13:08:58.849Z"}
{"level":"debug","message":"[AGG] JUP/USDC: strategy[1]=unknown → SELL conf=0.70 \"CCI 124.5 overbought ↓ reversal confirmed\"","timestamp":"2026-06-22T13:08:58.849Z"}
{"level":"debug","message":"[AGG] JUP/USDC: strategy[2]=unknown → HOLD conf=0.20 \"OBV above EMA-20 — no cross\"","timestamp":"2026-06-22T13:08:58.849Z"}
{"level":"debug","message":"[AGG] JUP/USDC: votes BUY=0.00 SELL=1.00 HOLD=2.00 total_weight=1.00 external=0","timestamp":"2026-06-22T13:08:58.849Z"}
{"level":"debug","message":"[AGG] JUP/USDC: decision=HOLD confidence=2.00 tie=false belowMin=false (minConf=0.55)","timestamp":"2026-06-22T13:08:58.850Z"}
{"level":"info","message":"Initial signals seeded for 37/37 symbols from cached candles","timestamp":"2026-06-22T13:08:58.851Z"}
{"level":"debug","message":"[CYCLE] ATR sizing: medianATRPct=3.73% (37 symbols)","timestamp":"2026-06-22T13:08:58.868Z"}
{"level":"debug","message":"[CYCLE] BTC macro: bull=false EMA200","timestamp":"2026-06-22T13:08:58.869Z"}
{"level":"warn","message":"Macro filter: BTC BELOW EMA200 — new positions reduced to 50%","timestamp":"2026-06-22T13:08:58.870Z"}
{"level":"debug","message":"[CYCLE] BTC/USDC: starting cycle, candles=1473 lastClose=65065.78000000 lastTs=2026-06-22T12:00:00.000Z","timestamp":"2026-06-22T13:08:59.325Z"}
{"level":"debug","message":"[AGG] BTC/USDC: strategy[0]=unknown → HOLD conf=0.20 \"No EMA crossover (fast 64140.8994 vs slow 64522.6812)\"","timestamp":"2026-06-22T13:08:59.327Z"}
{"level":"debug","message":"[AGG] BTC/USDC: strategy[1]=unknown → HOLD conf=0.10 \"PSAR downtrend continues (SAR 65352.1574)\"","timestamp":"2026-06-22T13:08:59.328Z"}
{"level":"debug","message":"[AGG] BTC/USDC: strategy[2]=unknown → SELL conf=0.62 \"HA flipped bearish ↓ after 4-bar bull streak\"","timestamp":"2026-06-22T13:08:59.328Z"}
{"level":"debug","message":"[AGG] BTC/USDC: votes BUY=0.00 SELL=1.00 HOLD=2.00 total_weight=1.00 external=0","timestamp":"2026-06-22T13:08:59.328Z"}
{"level":"debug","message":"[AGG] BTC/USDC: decision=HOLD confidence=2.00 tie=false belowMin=false (minConf=0.55)","timestamp":"2026-06-22T13:08:59.328Z"}
{"level":"debug","message":"[CYCLE] XRP/USDC: starting cycle, candles=1473 lastClose=1.15030000 lastTs=2026-06-22T12:00:00.000Z","timestamp":"2026-06-22T13:08:59.342Z"}
{"level":"debug","message":"[AGG] XRP/USDC: strategy[0]=unknown → HOLD conf=0.20 \"Price 1.1470 inside BB [1.0963–1.2398]\"","timestamp":"2026-06-22T13:08:59.349Z"}
{"level":"debug","message":"[AGG] XRP/USDC: strategy[1]=unknown → BUY conf=0.62 \"Stoch K=16.4 crossed above D=14.8 in oversold zone\"","timestamp":"2026-06-22T13:08:59.349Z"}
{"level":"debug","message":"[AGG] XRP/USDC: strategy[2]=unknown → HOLD conf=0.20 \"No EMA crossover (fast 1.1540 vs slow 1.1657)\"","timestamp":"2026-06-22T13:08:59.349Z"}
{"level":"debug","message":"[AGG] XRP/USDC: votes BUY=1.00 SELL=0.00 HOLD=2.00 total_weight=1.00 external=0","timestamp":"2026-06-22T13:08:59.349Z"}
{"level":"debug","message":"[AGG] XRP/USDC: decision=HOLD confidence=2.00 tie=false belowMin=false (minConf=0.55)","timestamp":"2026-06-22T13:08:59.350Z"}
{"level":"debug","message":"[CYCLE] LINK/USDC: starting cycle, candles=1473 lastClose=8.10000000 lastTs=2026-06-22T12:00:00.000Z","timestamp":"2026-06-22T13:08:59.365Z"}
{"level":"debug","message":"[AGG] LINK/USDC: strategy[0]=unknown → HOLD conf=0.20 \"Price 8.0800 inside BB [7.7452–8.3529]\"","timestamp":"2026-06-22T13:08:59.377Z"}
{"level":"debug","message":"[AGG] LINK/USDC: strategy[1]=unknown → HOLD conf=0.20 \"Stoch K=37.9 D=26.1 — no crossover in extreme zone\"","timestamp":"2026-06-22T13:08:59.377Z"}
{"level":"debug","message":"[AGG] LINK/USDC: strategy[2]=unknown → HOLD conf=0.10 \"Supertrend downtrend continues (ST 8.4740)\"","timestamp":"2026-06-22T13:08:59.377Z"}
{"level":"debug","message":"[AGG] LINK/USDC: votes BUY=0.00 SELL=0.00 HOLD=3.00 total_weight=0.00 external=0","timestamp":"2026-06-22T13:08:59.377Z"}
{"level":"debug","message":"[AGG] LINK/USDC: decision=HOLD confidence=0.00 tie=false belowMin=true (minConf=0.7)","timestamp":"2026-06-22T13:08:59.378Z"}
{"level":"debug","message":"[CYCLE] LTC/USDC: starting cycle, candles=1473 lastClose=45.45000000 lastTs=2026-06-22T12:00:00.000Z","timestamp":"2026-06-22T13:08:59.430Z"}
{"level":"debug","message":"[AGG] LTC/USDC: strategy[0]=unknown → HOLD conf=0.20 \"Price 45.2300 inside BB [43.0487–46.2013]\"","timestamp":"2026-06-22T13:08:59.436Z"}
{"level":"debug","message":"[AGG] LTC/USDC: strategy[1]=unknown → HOLD conf=0.20 \"No EMA crossover (fast 44.6240 vs slow 44.7495)\"","timestamp":"2026-06-22T13:08:59.436Z"}
{"level":"debug","message":"[AGG] LTC/USDC: strategy[2]=unknown → HOLD conf=0.20 \"%R -32.6 neutral\"","timestamp":"2026-06-22T13:08:59.436Z"}
{"level":"debug","message":"[AGG] LTC/USDC: votes BUY=0.00 SELL=0.00 HOLD=3.00 total_weight=0.00 external=0","timestamp":"2026-06-22T13:08:59.436Z"}
{"level":"debug","message":"[AGG] LTC/USDC: decision=HOLD confidence=0.00 tie=false belowMin=true (minConf=0.55)","timestamp":"2026-06-22T13:08:59.436Z"}
{"level":"debug","message":"[CYCLE] BNB/USDC: starting cycle, candles=1473 lastClose=599.31000000 lastTs=2026-06-22T12:00:00.000Z","timestamp":"2026-06-22T13:08:59.439Z"}
{"level":"debug","message":"[AGG] BNB/USDC: strategy[0]=unknown → HOLD conf=0.20 \"%R -57.6 neutral\"","timestamp":"2026-06-22T13:08:59.443Z"}
{"level":"debug","message":"[AGG] BNB/USDC: strategy[1]=unknown → HOLD conf=0.15 \"HA bullish continuation\"","timestamp":"2026-06-22T13:08:59.443Z"}
{"level":"debug","message":"[AGG] BNB/USDC: strategy[2]=unknown → SELL conf=0.62 \"Resistance 597.8000 (2×)\"","timestamp":"2026-06-22T13:08:59.443Z"}
{"level":"debug","message":"[AGG] BNB/USDC: votes BUY=0.00 SELL=1.00 HOLD=2.00 total_weight=1.00 external=0","timestamp":"2026-06-22T13:08:59.443Z"}
{"level":"debug","message":"[AGG] BNB/USDC: decision=HOLD confidence=2.00 tie=false belowMin=false (minConf=0.55)","timestamp":"2026-06-22T13:08:59.443Z"}
{"level":"debug","message":"[CYCLE] NEAR/USDC: starting cycle, candles=1473 lastClose=2.18000000 lastTs=2026-06-22T12:00:00.000Z","timestamp":"2026-06-22T13:08:59.458Z"}
{"level":"debug","message":"[AGG] NEAR/USDC: strategy[0]=unknown → HOLD conf=0.20 \"RSI 48.3 neutral\"","timestamp":"2026-06-22T13:08:59.465Z"}
{"level":"debug","message":"[AGG] NEAR/USDC: strategy[1]=unknown → HOLD conf=0.20 \"Price 2.1650 inside BB [1.9706–2.4523]\"","timestamp":"2026-06-22T13:08:59.465Z"}
{"level":"debug","message":"[AGG] NEAR/USDC: strategy[2]=unknown → HOLD conf=0.20 \"Stoch K=16.9 D=23.9 — no crossover in extreme zone\"","timestamp":"2026-06-22T13:08:59.465Z"}
{"level":"debug","message":"[AGG] NEAR/USDC: strategy[3]=unknown → HOLD conf=0.10 \"No significant S/R zone nearby\"","timestamp":"2026-06-22T13:08:59.465Z"}
{"level":"debug","message":"[AGG] NEAR/USDC: votes BUY=0.00 SELL=0.00 HOLD=4.00 total_weight=0.00 external=0","timestamp":"2026-06-22T13:08:59.466Z"}
{"level":"debug","message":"[AGG] NEAR/USDC: decision=HOLD confidence=0.00 tie=false belowMin=true (minConf=0.7)","timestamp":"2026-06-22T13:08:59.466Z"}
{"level":"debug","message":"[CYCLE] TRX/USDC: starting cycle, candles=1314 lastClose=0.33140000 lastTs=2026-06-22T12:00:00.000Z","timestamp":"2026-06-22T13:08:59.487Z"}
{"level":"debug","message":"[AGG] TRX/USDC: strategy[0]=unknown → HOLD conf=0.90 \"CCI 199.2 overbought — still rising, wait\"","timestamp":"2026-06-22T13:08:59.494Z"}
{"level":"debug","message":"[AGG] TRX/USDC: strategy[1]=unknown → HOLD conf=0.20 \"Stoch K=97.4 D=96.8 — no crossover in extreme zone\"","timestamp":"2026-06-22T13:08:59.494Z"}
{"level":"debug","message":"[AGG] TRX/USDC: strategy[2]=unknown → HOLD conf=0.20 \"StochRSI K=100.0 D=100.0 — no extreme crossover\"","timestamp":"2026-06-22T13:08:59.494Z"}
{"level":"debug","message":"[AGG] TRX/USDC: votes BUY=0.00 SELL=0.00 HOLD=3.00 total_weight=0.00 external=0","timestamp":"2026-06-22T13:08:59.494Z"}
{"level":"debug","message":"[AGG] TRX/USDC: decision=HOLD confidence=0.00 tie=false belowMin=true (minConf=0.7)","timestamp":"2026-06-22T13:08:59.494Z"}
{"level":"debug","message":"[CYCLE] BCH/USDC: starting cycle, candles=1473 lastClose=202.40000000 lastTs=2026-06-22T12:00:00.000Z","timestamp":"2026-06-22T13:08:59.507Z"}
{"level":"debug","message":"[AGG] BCH/USDC: strategy[0]=unknown → HOLD conf=0.20 \"Price 201.0000 inside BB [188.8657–224.9543]\"","timestamp":"2026-06-22T13:08:59.513Z"}
{"level":"debug","message":"[AGG] BCH/USDC: strategy[1]=unknown → HOLD conf=0.20 \"OBV below EMA-20 — no cross\"","timestamp":"2026-06-22T13:08:59.513Z"}
{"level":"debug","message":"[AGG] BCH/USDC: strategy[2]=unknown → HOLD conf=0.20 \"%R -78.3 neutral\"","timestamp":"2026-06-22T13:08:59.513Z"}
{"level":"debug","message":"[AGG] BCH/USDC: votes BUY=0.00 SELL=0.00 HOLD=3.00 total_weight=0.00 external=0","timestamp":"2026-06-22T13:08:59.513Z"}
{"level":"debug","message":"[AGG] BCH/USDC: decision=HOLD confidence=0.00 tie=false belowMin=true (minConf=0.55)","timestamp":"2026-06-22T13:08:59.513Z"}
{"level":"debug","message":"[CYCLE] ACH/USDC: starting cycle, candles=854 lastClose=0.00517000 lastTs=2026-06-22T12:00:00.000Z","timestamp":"2026-06-22T13:08:59.518Z"}
{"level":"debug","message":"[AGG] ACH/USDC: strategy[0]=unknown → HOLD conf=0.20 \"RSI 40.3 neutral\"","timestamp":"2026-06-22T13:08:59.523Z"}
{"level":"debug","message":"[AGG] ACH/USDC: strategy[1]=unknown → HOLD conf=0.20 \"Price 0.0051 inside BB [0.0049–0.0057]\"","timestamp":"2026-06-22T13:08:59.523Z"}
{"level":"debug","message":"[AGG] ACH/USDC: strategy[2]=unknown → HOLD conf=0.20 \"CCI -80.1 neutral\"","timestamp":"2026-06-22T13:08:59.523Z"}
{"level":"debug","message":"[AGG] ACH/USDC: votes BUY=0.00 SELL=0.00 HOLD=3.00 total_weight=0.00 external=0","timestamp":"2026-06-22T13:08:59.523Z"}
{"level":"debug","message":"[AGG] ACH/USDC: decision=HOLD confidence=0.00 tie=false belowMin=true (minConf=0.7)","timestamp":"2026-06-22T13:08:59.523Z"}
{"level":"debug","message":"[CYCLE] CRV/USDC: starting cycle, candles=1473 lastClose=0.21320000 lastTs=2026-06-22T12:00:00.000Z","timestamp":"2026-06-22T13:08:59.541Z"}
{"level":"debug","message":"[AGG] CRV/USDC: strategy[0]=unknown → HOLD conf=0.10 \"ADX 21.6 < 25 — ranging, skip\"","timestamp":"2026-06-22T13:08:59.547Z"}
{"level":"debug","message":"[AGG] CRV/USDC: strategy[1]=unknown → BUY conf=0.79 \"StochRSI K=8.0 crossed above D=4.9 in oversold ↑\"","timestamp":"2026-06-22T13:08:59.548Z"}
{"level":"debug","message":"[AGG] CRV/USDC: strategy[2]=unknown → HOLD conf=0.10 \"No significant S/R zone nearby\"","timestamp":"2026-06-22T13:08:59.548Z"}
{"level":"debug","message":"[AGG] CRV/USDC: votes BUY=1.00 SELL=0.00 HOLD=2.00 total_weight=1.00 external=0","timestamp":"2026-06-22T13:08:59.548Z"}
{"level":"debug","message":"[AGG] CRV/USDC: decision=HOLD confidence=2.00 tie=false belowMin=false (minConf=0.55)","timestamp":"2026-06-22T13:08:59.548Z"}
{"level":"debug","message":"[CYCLE] ENS/USDC: starting cycle, candles=1473 lastClose=4.78000000 lastTs=2026-06-22T12:00:00.000Z","timestamp":"2026-06-22T13:08:59.552Z"}
{"level":"debug","message":"[AGG] ENS/USDC: strategy[0]=unknown → HOLD conf=0.20 \"Price 4.7100 inside BB [4.5886–5.5854]\"","timestamp":"2026-06-22T13:08:59.558Z"}
{"level":"debug","message":"[AGG] ENS/USDC: strategy[1]=unknown → HOLD conf=0.10 \"PSAR downtrend continues (SAR 5.3516)\"","timestamp":"2026-06-22T13:08:59.558Z"}
{"level":"debug","message":"[AGG] ENS/USDC: strategy[2]=unknown → HOLD conf=0.10 \"No significant S/R zone nearby\"","timestamp":"2026-06-22T13:08:59.558Z"}
{"level":"debug","message":"[AGG] ENS/USDC: votes BUY=0.00 SELL=0.00 HOLD=3.00 total_weight=0.00 external=0","timestamp":"2026-06-22T13:08:59.558Z"}
{"level":"debug","message":"[AGG] ENS/USDC: decision=HOLD confidence=0.00 tie=false belowMin=true (minConf=0.55)","timestamp":"2026-06-22T13:08:59.558Z"}
{"level":"debug","message":"[CYCLE] GMX/USDC: starting cycle, candles=924 lastClose=5.94000000 lastTs=2026-06-22T12:00:00.000Z","timestamp":"2026-06-22T13:08:59.570Z"}
{"level":"debug","message":"[AGG] GMX/USDC: strategy[0]=unknown → HOLD conf=0.20 \"RSI 53.0 neutral\"","timestamp":"2026-06-22T13:08:59.580Z"}
{"level":"debug","message":"[AGG] GMX/USDC: strategy[1]=unknown → HOLD conf=0.20 \"Price 5.9400 inside BB [5.4576–6.1844]\"","timestamp":"2026-06-22T13:08:59.581Z"}
{"level":"debug","message":"[AGG] GMX/USDC: strategy[2]=unknown → HOLD conf=0.20 \"CCI 43.1 neutral\"","timestamp":"2026-06-22T13:08:59.581Z"}
{"level":"debug","message":"[AGG] GMX/USDC: votes BUY=0.00 SELL=0.00 HOLD=3.00 total_weight=0.00 external=0","timestamp":"2026-06-22T13:08:59.581Z"}
{"level":"debug","message":"[AGG] GMX/USDC: decision=HOLD confidence=0.00 tie=false belowMin=true (minConf=0.7)","timestamp":"2026-06-22T13:08:59.581Z"}
{"level":"debug","message":"[CYCLE] LDO/USDC: starting cycle, candles=1473 lastClose=0.27980000 lastTs=2026-06-22T12:00:00.000Z","timestamp":"2026-06-22T13:08:59.585Z"}
{"level":"debug","message":"[AGG] LDO/USDC: strategy[0]=unknown → HOLD conf=0.20 \"MACD -0.0002 vs signal -0.0018 hist:0.0016\"","timestamp":"2026-06-22T13:08:59.592Z"}
{"level":"debug","message":"[AGG] LDO/USDC: strategy[1]=unknown → HOLD conf=0.10 \"ADX 20.9 < 25 — ranging, skip\"","timestamp":"2026-06-22T13:08:59.592Z"}
{"level":"debug","message":"[AGG] LDO/USDC: strategy[2]=unknown → HOLD conf=0.20 \"%R -61.0 neutral\"","timestamp":"2026-06-22T13:08:59.592Z"}
{"level":"debug","message":"[AGG] LDO/USDC: votes BUY=0.00 SELL=0.00 HOLD=3.00 total_weight=0.00 external=0","timestamp":"2026-06-22T13:08:59.592Z"}
{"level":"debug","message":"[AGG] LDO/USDC: decision=HOLD confidence=0.00 tie=false belowMin=true (minConf=0.55)","timestamp":"2026-06-22T13:08:59.592Z"}
{"level":"debug","message":"[CYCLE] LSK/USDC: starting cycle, candles=413 lastClose=0.09200000 lastTs=2026-06-12T00:00:00.000Z","timestamp":"2026-06-22T13:08:59.599Z"}
{"level":"debug","message":"[AGG] LSK/USDC: strategy[0]=unknown → BUY conf=0.55 \"MACD crossed above signal hist:0.0001\"","timestamp":"2026-06-22T13:08:59.602Z"}
{"level":"debug","message":"[AGG] LSK/USDC: strategy[1]=unknown → HOLD conf=0.20 \"MFI 58.7 neutral\"","timestamp":"2026-06-22T13:08:59.602Z"}
{"level":"debug","message":"[AGG] LSK/USDC: strategy[2]=unknown → HOLD conf=0.10 \"PSAR downtrend continues (SAR 0.0960)\"","timestamp":"2026-06-22T13:08:59.602Z"}
{"level":"debug","message":"[AGG] LSK/USDC: votes BUY=1.00 SELL=0.00 HOLD=2.00 total_weight=1.00 external=0","timestamp":"2026-06-22T13:08:59.602Z"}
{"level":"debug","message":"[AGG] LSK/USDC: decision=HOLD confidence=2.00 tie=false belowMin=false (minConf=0.55)","timestamp":"2026-06-22T13:08:59.602Z"}
{"level":"debug","message":"[CYCLE] JTO/USDC: starting cycle, candles=1473 lastClose=0.64500000 lastTs=2026-06-22T12:00:00.000Z","timestamp":"2026-06-22T13:08:59.606Z"}
{"level":"debug","message":"[AGG] JTO/USDC: strategy[0]=unknown → HOLD conf=0.20 \"CCI -23.8 neutral\"","timestamp":"2026-06-22T13:08:59.611Z"}
{"level":"debug","message":"[AGG] JTO/USDC: strategy[1]=unknown → HOLD conf=0.10 \"PSAR downtrend continues (SAR 0.8593)\"","timestamp":"2026-06-22T13:08:59.611Z"}
{"level":"debug","message":"[AGG] JTO/USDC: strategy[2]=unknown → HOLD conf=0.10 \"No significant S/R zone nearby\"","timestamp":"2026-06-22T13:08:59.611Z"}
{"level":"debug","message":"[AGG] JTO/USDC: votes BUY=0.00 SELL=0.00 HOLD=3.00 total_weight=0.00 external=0","timestamp":"2026-06-22T13:08:59.611Z"}
{"level":"debug","message":"[AGG] JTO/USDC: decision=HOLD confidence=0.00 tie=false belowMin=true (minConf=0.55)","timestamp":"2026-06-22T13:08:59.612Z"}
{"level":"debug","message":"[CYCLE] MANTA/USDC: starting cycle, candles=1473 lastClose=0.07925000 lastTs=2026-06-22T12:00:00.000Z","timestamp":"2026-06-22T13:08:59.628Z"}
{"level":"debug","message":"[AGG] MANTA/USDC: strategy[0]=unknown → HOLD conf=0.20 \"RSI 48.7 neutral\"","timestamp":"2026-06-22T13:08:59.637Z"}
{"level":"debug","message":"[AGG] MANTA/USDC: strategy[1]=unknown → HOLD conf=0.20 \"Price 0.0799 inside BB [0.0787–0.0833]\"","timestamp":"2026-06-22T13:08:59.637Z"}
{"level":"debug","message":"[AGG] MANTA/USDC: strategy[2]=unknown → HOLD conf=0.20 \"CCI -77.7 neutral\"","timestamp":"2026-06-22T13:08:59.637Z"}
{"level":"debug","message":"[AGG] MANTA/USDC: votes BUY=0.00 SELL=0.00 HOLD=3.00 total_weight=0.00 external=0","timestamp":"2026-06-22T13:08:59.637Z"}
{"level":"debug","message":"[AGG] MANTA/USDC: decision=HOLD confidence=0.00 tie=false belowMin=true (minConf=0.7)","timestamp":"2026-06-22T13:08:59.637Z"}
{"level":"debug","message":"[CYCLE] PAXG/USDC: starting cycle, candles=868 lastClose=4196.31000000 lastTs=2026-06-22T12:00:00.000Z","timestamp":"2026-06-22T13:08:59.662Z"}
{"level":"debug","message":"[AGG] PAXG/USDC: strategy[0]=unknown → HOLD conf=0.20 \"MACD -40.3398 vs signal -39.4025 hist:-0.9374\"","timestamp":"2026-06-22T13:08:59.664Z"}
{"level":"debug","message":"[AGG] PAXG/USDC: strategy[1]=unknown → SELL conf=0.58 \"ADX 26.5 downtrend (-DI 27.0 > +DI 19.7)\"","timestamp":"2026-06-22T13:08:59.664Z"}
{"level":"debug","message":"[AGG] PAXG/USDC: strategy[2]=unknown → HOLD conf=0.10 \"Supertrend downtrend continues (ST 4299.0234)\"","timestamp":"2026-06-22T13:08:59.664Z"}
{"level":"debug","message":"[AGG] PAXG/USDC: votes BUY=0.00 SELL=1.00 HOLD=2.00 total_weight=1.00 external=0","timestamp":"2026-06-22T13:08:59.664Z"}
{"level":"debug","message":"[AGG] PAXG/USDC: decision=HOLD confidence=2.00 tie=false belowMin=false (minConf=0.55)","timestamp":"2026-06-22T13:08:59.664Z"}
{"level":"debug","message":"[CYCLE] THETA/USDC: starting cycle, candles=892 lastClose=0.15670000 lastTs=2026-06-22T12:00:00.000Z","timestamp":"2026-06-22T13:08:59.706Z"}
{"level":"debug","message":"[AGG] THETA/USDC: strategy[0]=unknown → HOLD conf=0.20 \"RSI 43.6 neutral\"","timestamp":"2026-06-22T13:08:59.710Z"}
{"level":"debug","message":"[AGG] THETA/USDC: strategy[1]=unknown → HOLD conf=0.20 \"CCI -81.2 neutral\"","timestamp":"2026-06-22T13:08:59.711Z"}
{"level":"debug","message":"[AGG] THETA/USDC: strategy[2]=unknown → SELL conf=0.55 \"OBV crossed below EMA-20 — volume sellers in control\"","timestamp":"2026-06-22T13:08:59.711Z"}
{"level":"debug","message":"[AGG] THETA/USDC: votes BUY=0.00 SELL=1.00 HOLD=2.00 total_weight=1.00 external=0","timestamp":"2026-06-22T13:08:59.711Z"}
{"level":"debug","message":"[AGG] THETA/USDC: decision=HOLD confidence=2.00 tie=false belowMin=false (minConf=0.55)","timestamp":"2026-06-22T13:08:59.711Z"}
{"level":"debug","message":"[CYCLE] PIXEL/USDC: starting cycle, candles=1473 lastClose=0.00548000 lastTs=2026-06-22T12:00:00.000Z","timestamp":"2026-06-22T13:08:59.713Z"}
{"level":"debug","message":"[AGG] PIXEL/USDC: strategy[0]=unknown → HOLD conf=0.20 \"No EMA crossover (fast 0.0054 vs slow 0.0055)\"","timestamp":"2026-06-22T13:08:59.718Z"}
{"level":"debug","message":"[AGG] PIXEL/USDC: strategy[1]=unknown → BUY conf=0.48 \"ADX 22.4 uptrend (+DI 23.8 > -DI 22.6)\"","timestamp":"2026-06-22T13:08:59.719Z"}
{"level":"debug","message":"[AGG] PIXEL/USDC: strategy[2]=unknown → HOLD conf=0.10 \"No significant S/R zone nearby\"","timestamp":"2026-06-22T13:08:59.719Z"}
{"level":"debug","message":"[AGG] PIXEL/USDC: votes BUY=1.00 SELL=0.00 HOLD=2.00 total_weight=1.00 external=0","timestamp":"2026-06-22T13:08:59.719Z"}
{"level":"debug","message":"[AGG] PIXEL/USDC: decision=HOLD confidence=2.00 tie=false belowMin=false (minConf=0.55)","timestamp":"2026-06-22T13:08:59.719Z"}
{"level":"debug","message":"[CYCLE] SUI/USDC: starting cycle, candles=1473 lastClose=0.73460000 lastTs=2026-06-22T12:00:00.000Z","timestamp":"2026-06-22T13:08:59.721Z"}
{"level":"debug","message":"[AGG] SUI/USDC: strategy[0]=unknown → HOLD conf=0.20 \"RSI 44.5 neutral\"","timestamp":"2026-06-22T13:08:59.730Z"}
{"level":"debug","message":"[AGG] SUI/USDC: strategy[1]=unknown → HOLD conf=0.20 \"Stoch K=33.3 D=15.7 — no crossover in extreme zone\"","timestamp":"2026-06-22T13:08:59.730Z"}
{"level":"debug","message":"[AGG] SUI/USDC: strategy[2]=unknown → HOLD conf=0.51 \"MFI 19.5 oversold — still falling, wait\"","timestamp":"2026-06-22T13:08:59.730Z"}
{"level":"debug","message":"[AGG] SUI/USDC: votes BUY=0.00 SELL=0.00 HOLD=3.00 total_weight=0.00 external=0","timestamp":"2026-06-22T13:08:59.730Z"}
{"level":"debug","message":"[AGG] SUI/USDC: decision=HOLD confidence=0.00 tie=false belowMin=true (minConf=0.7)","timestamp":"2026-06-22T13:08:59.730Z"}
{"level":"debug","message":"[CYCLE] TIA/USDC: starting cycle, candles=1473 lastClose=0.39670000 lastTs=2026-06-22T12:00:00.000Z","timestamp":"2026-06-22T13:08:59.740Z"}
{"level":"debug","message":"[AGG] TIA/USDC: strategy[0]=unknown → HOLD conf=0.20 \"CCI 55.8 neutral\"","timestamp":"2026-06-22T13:08:59.751Z"}
{"level":"debug","message":"[AGG] TIA/USDC: strategy[1]=unknown → BUY conf=0.85 \"MACD crossed above signal (above zero) ↑ hist:0.0007\"","timestamp":"2026-06-22T13:08:59.751Z"}
{"level":"debug","message":"[AGG] TIA/USDC: strategy[2]=unknown → BUY conf=0.73 \"HA flipped bullish ↑ after 8-bar bear streak\"","timestamp":"2026-06-22T13:08:59.751Z"}
{"level":"debug","message":"[AGG] TIA/USDC: votes BUY=2.00 SELL=0.00 HOLD=1.00 total_weight=2.00 external=0","timestamp":"2026-06-22T13:08:59.751Z"}
{"level":"debug","message":"[AGG] TIA/USDC: decision=BUY confidence=1.00 tie=false","timestamp":"2026-06-22T13:08:59.751Z"}
{"level":"debug","message":"[CYCLE] VANRY/USDC: starting cycle, candles=920 lastClose=0.00348600 lastTs=2026-06-22T12:00:00.000Z","timestamp":"2026-06-22T13:08:59.758Z"}
{"level":"debug","message":"[AGG] VANRY/USDC: strategy[0]=unknown → HOLD conf=0.20 \"No EMA crossover (fast 0.0035 vs slow 0.0035)\"","timestamp":"2026-06-22T13:08:59.761Z"}
{"level":"debug","message":"[AGG] VANRY/USDC: strategy[1]=unknown → HOLD conf=0.20 \"MACD -0.0001 vs signal -0.0001 hist:0.0000\"","timestamp":"2026-06-22T13:08:59.761Z"}
{"level":"debug","message":"[AGG] VANRY/USDC: strategy[2]=unknown → BUY conf=0.65 \"ADX 32.0 uptrend (+DI 25.4 > -DI 16.2)\"","timestamp":"2026-06-22T13:08:59.761Z"}
{"level":"debug","message":"[AGG] VANRY/USDC: votes BUY=1.00 SELL=0.00 HOLD=2.00 total_weight=1.00 external=0","timestamp":"2026-06-22T13:08:59.761Z"}
{"level":"debug","message":"[AGG] VANRY/USDC: decision=HOLD confidence=2.00 tie=false belowMin=false (minConf=0.55)","timestamp":"2026-06-22T13:08:59.762Z"}
{"level":"debug","message":"[CYCLE] SOL/USDC: starting cycle, candles=1473 lastClose=74.42000000 lastTs=2026-06-22T12:00:00.000Z","timestamp":"2026-06-22T13:08:59.766Z"}
{"level":"debug","message":"[AGG] SOL/USDC: strategy[0]=unknown → HOLD conf=0.20 \"Price 74.1100 inside BB [66.5863–76.0487]\"","timestamp":"2026-06-22T13:08:59.775Z"}
{"level":"debug","message":"[AGG] SOL/USDC: strategy[1]=unknown → HOLD conf=0.20 \"%R -23.8 neutral\"","timestamp":"2026-06-22T13:08:59.775Z"}
{"level":"debug","message":"[AGG] SOL/USDC: strategy[2]=unknown → HOLD conf=0.20 \"StochRSI K=82.7 D=79.5 — no extreme crossover\"","timestamp":"2026-06-22T13:08:59.775Z"}
{"level":"debug","message":"[AGG] SOL/USDC: votes BUY=0.00 SELL=0.00 HOLD=3.00 total_weight=0.00 external=0","timestamp":"2026-06-22T13:08:59.775Z"}
{"level":"debug","message":"[AGG] SOL/USDC: decision=HOLD confidence=0.00 tie=false belowMin=true (minConf=0.55)","timestamp":"2026-06-22T13:08:59.775Z"}
{"level":"debug","message":"[CYCLE] ADA/USDC: starting cycle, candles=1473 lastClose=0.16190000 lastTs=2026-06-22T12:00:00.000Z","timestamp":"2026-06-22T13:08:59.800Z"}
{"level":"debug","message":"[AGG] ADA/USDC: strategy[0]=unknown → HOLD conf=0.20 \"RSI 37.1 neutral\"","timestamp":"2026-06-22T13:08:59.810Z"}
{"level":"debug","message":"[AGG] ADA/USDC: strategy[1]=unknown → HOLD conf=0.20 \"Price 0.1616 inside BB [0.1540–0.1838]\"","timestamp":"2026-06-22T13:08:59.810Z"}
{"level":"debug","message":"[AGG] ADA/USDC: strategy[2]=unknown → HOLD conf=0.20 \"CCI -93.2 neutral\"","timestamp":"2026-06-22T13:08:59.810Z"}
{"level":"debug","message":"[AGG] ADA/USDC: votes BUY=0.00 SELL=0.00 HOLD=3.00 total_weight=0.00 external=0","timestamp":"2026-06-22T13:08:59.810Z"}
{"level":"debug","message":"[AGG] ADA/USDC: decision=HOLD confidence=0.00 tie=false belowMin=true (minConf=0.55)","timestamp":"2026-06-22T13:08:59.810Z"}
{"level":"debug","message":"[CYCLE] AVAX/USDC: starting cycle, candles=1473 lastClose=6.37200000 lastTs=2026-06-22T12:00:00.000Z","timestamp":"2026-06-22T13:08:59.814Z"}
{"level":"debug","message":"[AGG] AVAX/USDC: strategy[0]=unknown → HOLD conf=0.20 \"RSI 40.8 neutral\"","timestamp":"2026-06-22T13:08:59.817Z"}
{"level":"debug","message":"[AGG] AVAX/USDC: strategy[1]=unknown → HOLD conf=0.20 \"MACD -0.2584 vs signal -0.2813 hist:0.0229\"","timestamp":"2026-06-22T13:08:59.818Z"}
{"level":"debug","message":"[AGG] AVAX/USDC: strategy[2]=unknown → HOLD conf=0.10 \"PSAR downtrend continues (SAR 6.5285)\"","timestamp":"2026-06-22T13:08:59.818Z"}
{"level":"debug","message":"[AGG] AVAX/USDC: votes BUY=0.00 SELL=0.00 HOLD=3.00 total_weight=0.00 external=0","timestamp":"2026-06-22T13:08:59.818Z"}
{"level":"debug","message":"[AGG] AVAX/USDC: decision=HOLD confidence=0.00 tie=false belowMin=true (minConf=0.55)","timestamp":"2026-06-22T13:08:59.818Z"}
{"level":"debug","message":"[CYCLE] DOGE/USDC: starting cycle, candles=1473 lastClose=0.08440000 lastTs=2026-06-22T12:00:00.000Z","timestamp":"2026-06-22T13:08:59.832Z"}
{"level":"debug","message":"[AGG] DOGE/USDC: strategy[0]=unknown → HOLD conf=0.20 \"No EMA crossover (fast 0.0843 vs slow 0.0858)\"","timestamp":"2026-06-22T13:08:59.834Z"}
{"level":"debug","message":"[AGG] DOGE/USDC: strategy[1]=unknown → HOLD conf=0.10 \"PSAR downtrend continues (SAR 0.0896)\"","timestamp":"2026-06-22T13:08:59.835Z"}
{"level":"debug","message":"[AGG] DOGE/USDC: strategy[2]=unknown → HOLD conf=0.15 \"HA bearish continuation\"","timestamp":"2026-06-22T13:08:59.835Z"}
{"level":"debug","message":"[AGG] DOGE/USDC: votes BUY=0.00 SELL=0.00 HOLD=3.00 total_weight=0.00 external=0","timestamp":"2026-06-22T13:08:59.835Z"}
{"level":"debug","message":"[AGG] DOGE/USDC: decision=HOLD confidence=0.00 tie=false belowMin=true (minConf=0.55)","timestamp":"2026-06-22T13:08:59.835Z"}
{"level":"debug","message":"[CYCLE] INJ/USDC: starting cycle, candles=1473 lastClose=4.96300000 lastTs=2026-06-22T12:00:00.000Z","timestamp":"2026-06-22T13:08:59.852Z"}
{"level":"debug","message":"[AGG] INJ/USDC: strategy[0]=unknown → HOLD conf=0.10 \"ADX 14.1 < 25 — ranging, skip\"","timestamp":"2026-06-22T13:08:59.858Z"}
{"level":"debug","message":"[AGG] INJ/USDC: strategy[1]=unknown → BUY conf=0.56 \"OBV crossed above EMA-20 — volume buyers in control\"","timestamp":"2026-06-22T13:08:59.859Z"}
{"level":"debug","message":"[AGG] INJ/USDC: strategy[2]=unknown → BUY conf=0.94 \"StochRSI K=0.7 crossed above D=0.2 in oversold ↑\"","timestamp":"2026-06-22T13:08:59.859Z"}
{"level":"debug","message":"[AGG] INJ/USDC: votes BUY=2.00 SELL=0.00 HOLD=1.00 total_weight=2.00 external=0","timestamp":"2026-06-22T13:08:59.859Z"}
{"level":"debug","message":"[AGG] INJ/USDC: decision=BUY confidence=1.00 tie=false","timestamp":"2026-06-22T13:08:59.859Z"}
{"level":"debug","message":"[CYCLE] ETH/USDC: starting cycle, candles=1473 lastClose=1763.76000000 lastTs=2026-06-22T12:00:00.000Z","timestamp":"2026-06-22T13:08:59.873Z"}
{"level":"debug","message":"[AGG] ETH/USDC: strategy[0]=unknown → HOLD conf=0.10 \"Supertrend uptrend continues (ST 1631.9562)\"","timestamp":"2026-06-22T13:08:59.877Z"}
{"level":"debug","message":"[AGG] ETH/USDC: strategy[1]=unknown → HOLD conf=0.20 \"MFI 47.0 neutral\"","timestamp":"2026-06-22T13:08:59.877Z"}
{"level":"debug","message":"[AGG] ETH/USDC: strategy[2]=unknown → BUY conf=0.62 \"Support 1749.5100 (4×)\"","timestamp":"2026-06-22T13:08:59.877Z"}
{"level":"debug","message":"[AGG] ETH/USDC: votes BUY=1.00 SELL=0.00 HOLD=2.00 total_weight=1.00 external=0","timestamp":"2026-06-22T13:08:59.877Z"}
{"level":"debug","message":"[AGG] ETH/USDC: decision=HOLD confidence=2.00 tie=false belowMin=false (minConf=0.55)","timestamp":"2026-06-22T13:08:59.877Z"}
{"level":"debug","message":"[CYCLE] WLD/USDC: starting cycle, candles=1473 lastClose=0.63590000 lastTs=2026-06-22T12:00:00.000Z","timestamp":"2026-06-22T13:08:59.890Z"}
{"level":"debug","message":"[AGG] WLD/USDC: strategy[0]=unknown → HOLD conf=0.20 \"Price 0.6263 inside BB [0.4706–0.7186]\"","timestamp":"2026-06-22T13:08:59.914Z"}
{"level":"debug","message":"[AGG] WLD/USDC: strategy[1]=unknown → HOLD conf=0.20 \"CCI 47.6 neutral\"","timestamp":"2026-06-22T13:08:59.914Z"}
{"level":"debug","message":"[AGG] WLD/USDC: strategy[2]=unknown → BUY conf=0.88 \"ADX 49.7 uptrend (+DI 25.4 > -DI 7.4)\"","timestamp":"2026-06-22T13:08:59.914Z"}
{"level":"debug","message":"[AGG] WLD/USDC: votes BUY=1.00 SELL=0.00 HOLD=2.00 total_weight=1.00 external=0","timestamp":"2026-06-22T13:08:59.914Z"}
{"level":"debug","message":"[AGG] WLD/USDC: decision=HOLD confidence=2.00 tie=false belowMin=false (minConf=0.55)","timestamp":"2026-06-22T13:08:59.914Z"}
{"level":"debug","message":"[CYCLE] PEPE/USDC: starting cycle, candles=1473 lastClose=0.00000288 lastTs=2026-06-22T12:00:00.000Z","timestamp":"2026-06-22T13:08:59.923Z"}
{"level":"debug","message":"[AGG] PEPE/USDC: strategy[0]=unknown → HOLD conf=0.20 \"No EMA crossover (fast 0.0000 vs slow 0.0000)\"","timestamp":"2026-06-22T13:08:59.924Z"}
{"level":"debug","message":"[AGG] PEPE/USDC: strategy[1]=unknown → HOLD conf=0.10 \"Supertrend downtrend continues (ST 0.0000)\"","timestamp":"2026-06-22T13:08:59.924Z"}
{"level":"debug","message":"[AGG] PEPE/USDC: strategy[2]=unknown → BUY conf=0.57 \"OBV crossed above EMA-20 — volume buyers in control\"","timestamp":"2026-06-22T13:08:59.924Z"}
{"level":"debug","message":"[AGG] PEPE/USDC: votes BUY=1.00 SELL=0.00 HOLD=2.00 total_weight=1.00 external=0","timestamp":"2026-06-22T13:08:59.924Z"}
{"level":"debug","message":"[AGG] PEPE/USDC: decision=HOLD confidence=2.00 tie=false belowMin=false (minConf=0.55)","timestamp":"2026-06-22T13:08:59.924Z"}
{"level":"debug","message":"[CYCLE] TON/USDC: starting cycle, candles=1340 lastClose=1.68000000 lastTs=2026-06-22T12:00:00.000Z","timestamp":"2026-06-22T13:08:59.927Z"}
{"level":"debug","message":"[AGG] TON/USDC: strategy[0]=unknown → HOLD conf=0.20 \"No EMA crossover (fast 1.6573 vs slow 1.6797)\"","timestamp":"2026-06-22T13:08:59.931Z"}
{"level":"debug","message":"[AGG] TON/USDC: strategy[1]=unknown → HOLD conf=0.20 \"OBV above EMA-20 — no cross\"","timestamp":"2026-06-22T13:08:59.931Z"}
{"level":"debug","message":"[AGG] TON/USDC: strategy[2]=unknown → HOLD conf=0.20 \"StochRSI K=72.9 D=70.3 — no extreme crossover\"","timestamp":"2026-06-22T13:08:59.931Z"}
{"level":"debug","message":"[AGG] TON/USDC: votes BUY=0.00 SELL=0.00 HOLD=3.00 total_weight=0.00 external=0","timestamp":"2026-06-22T13:08:59.931Z"}
{"level":"debug","message":"[AGG] TON/USDC: decision=HOLD confidence=0.00 tie=false belowMin=true (minConf=0.55)","timestamp":"2026-06-22T13:08:59.931Z"}
{"level":"debug","message":"[CYCLE] RENDER/USDC: starting cycle, candles=1394 lastClose=1.71100000 lastTs=2026-06-22T12:00:00.000Z","timestamp":"2026-06-22T13:08:59.941Z"}
{"level":"debug","message":"[AGG] RENDER/USDC: strategy[0]=unknown → HOLD conf=0.20 \"No EMA crossover (fast 1.7086 vs slow 1.7277)\"","timestamp":"2026-06-22T13:08:59.944Z"}
{"level":"debug","message":"[AGG] RENDER/USDC: strategy[1]=unknown → HOLD conf=0.20 \"OBV below EMA-20 — no cross\"","timestamp":"2026-06-22T13:08:59.944Z"}
{"level":"debug","message":"[AGG] RENDER/USDC: strategy[2]=unknown → HOLD conf=0.20 \"%R -70.7 neutral\"","timestamp":"2026-06-22T13:08:59.944Z"}
{"level":"debug","message":"[AGG] RENDER/USDC: votes BUY=0.00 SELL=0.00 HOLD=3.00 total_weight=0.00 external=0","timestamp":"2026-06-22T13:08:59.945Z"}
{"level":"debug","message":"[AGG] RENDER/USDC: decision=HOLD confidence=0.00 tie=false belowMin=true (minConf=0.55)","timestamp":"2026-06-22T13:08:59.945Z"}
{"level":"debug","message":"[CYCLE] ENA/USDC: starting cycle, candles=1473 lastClose=0.09660000 lastTs=2026-06-22T12:00:00.000Z","timestamp":"2026-06-22T13:08:59.985Z"}
{"level":"debug","message":"[AGG] ENA/USDC: strategy[0]=unknown → HOLD conf=0.20 \"RSI 60.1 neutral\"","timestamp":"2026-06-22T13:09:00.007Z"}
{"level":"debug","message":"[AGG] ENA/USDC: strategy[1]=unknown → HOLD conf=0.20 \"Price 0.0963 inside BB [0.0788–0.0969]\"","timestamp":"2026-06-22T13:09:00.008Z"}
{"level":"debug","message":"[AGG] ENA/USDC: strategy[2]=unknown → HOLD conf=0.57 \"CCI 116.8 overbought — still rising, wait\"","timestamp":"2026-06-22T13:09:00.008Z"}
{"level":"debug","message":"[AGG] ENA/USDC: votes BUY=0.00 SELL=0.00 HOLD=3.00 total_weight=0.00 external=0","timestamp":"2026-06-22T13:09:00.008Z"}
{"level":"debug","message":"[AGG] ENA/USDC: decision=HOLD confidence=0.00 tie=false belowMin=true (minConf=0.55)","timestamp":"2026-06-22T13:09:00.008Z"}
{"level":"debug","message":"[CYCLE] ICP/USDC: starting cycle, candles=1473 lastClose=2.29000000 lastTs=2026-06-22T12:00:00.000Z","timestamp":"2026-06-22T13:09:00.014Z"}
{"level":"debug","message":"[AGG] ICP/USDC: strategy[0]=unknown → HOLD conf=0.20 \"RSI 44.9 neutral\"","timestamp":"2026-06-22T13:09:00.056Z"}
{"level":"debug","message":"[AGG] ICP/USDC: strategy[1]=unknown → HOLD conf=0.20 \"Price 2.2950 inside BB [2.1570–2.5590]\"","timestamp":"2026-06-22T13:09:00.056Z"}
{"level":"debug","message":"[AGG] ICP/USDC: strategy[2]=unknown → BUY conf=0.55 \"Stoch K=27.8 crossed above D=23.7 in oversold zone\"","timestamp":"2026-06-22T13:09:00.057Z"}
{"level":"debug","message":"[AGG] ICP/USDC: votes BUY=1.00 SELL=0.00 HOLD=2.00 total_weight=1.00 external=0","timestamp":"2026-06-22T13:09:00.057Z"}
{"level":"debug","message":"[AGG] ICP/USDC: decision=HOLD confidence=2.00 tie=false belowMin=false (minConf=0.55)","timestamp":"2026-06-22T13:09:00.057Z"}
{"level":"debug","message":"[CYCLE] APT/USDC: starting cycle, candles=1473 lastClose=0.68200000 lastTs=2026-06-22T12:00:00.000Z","timestamp":"2026-06-22T13:09:00.067Z"}
{"level":"debug","message":"[AGG] APT/USDC: strategy[0]=unknown → HOLD conf=0.20 \"Price 0.6800 inside BB [0.6233–0.6967]\"","timestamp":"2026-06-22T13:09:00.095Z"}
{"level":"debug","message":"[AGG] APT/USDC: strategy[1]=unknown → HOLD conf=0.20 \"Stoch K=65.3 D=48.5 — no crossover in extreme zone\"","timestamp":"2026-06-22T13:09:00.096Z"}
{"level":"debug","message":"[AGG] APT/USDC: strategy[2]=unknown → HOLD conf=0.20 \"MFI 58.5 neutral\"","timestamp":"2026-06-22T13:09:00.096Z"}
{"level":"debug","message":"[AGG] APT/USDC: votes BUY=0.00 SELL=0.00 HOLD=3.00 total_weight=0.00 external=0","timestamp":"2026-06-22T13:09:00.096Z"}
{"level":"debug","message":"[AGG] APT/USDC: decision=HOLD confidence=0.00 tie=false belowMin=true (minConf=0.55)","timestamp":"2026-06-22T13:09:00.096Z"}
{"level":"debug","message":"[CYCLE] ARB/USDC: starting cycle, candles=1473 lastClose=0.08610000 lastTs=2026-06-22T12:00:00.000Z","timestamp":"2026-06-22T13:09:00.107Z"}
{"level":"debug","message":"[AGG] ARB/USDC: strategy[0]=unknown → HOLD conf=0.20 \"RSI 51.4 neutral\"","timestamp":"2026-06-22T13:09:00.119Z"}
{"level":"debug","message":"[AGG] ARB/USDC: strategy[1]=unknown → HOLD conf=0.20 \"%R -43.7 neutral\"","timestamp":"2026-06-22T13:09:00.120Z"}
{"level":"debug","message":"[AGG] ARB/USDC: strategy[2]=unknown → HOLD conf=0.20 \"HA flipped but prior streak too short (1 < 3)\"","timestamp":"2026-06-22T13:09:00.120Z"}
{"level":"debug","message":"[AGG] ARB/USDC: votes BUY=0.00 SELL=0.00 HOLD=3.00 total_weight=0.00 external=0","timestamp":"2026-06-22T13:09:00.120Z"}
{"level":"debug","message":"[AGG] ARB/USDC: decision=HOLD confidence=0.00 tie=false belowMin=true (minConf=0.55)","timestamp":"2026-06-22T13:09:00.120Z"}
{"level":"debug","message":"[CYCLE] JUP/USDC: starting cycle, candles=1473 lastClose=0.21330000 lastTs=2026-06-22T12:00:00.000Z","timestamp":"2026-06-22T13:09:00.127Z"}
{"level":"debug","message":"[AGG] JUP/USDC: strategy[0]=unknown → HOLD conf=0.20 \"Price 0.2124 inside BB [0.1622–0.2217]\"","timestamp":"2026-06-22T13:09:00.175Z"}
{"level":"debug","message":"[AGG] JUP/USDC: strategy[1]=unknown → SELL conf=0.70 \"CCI 124.5 overbought ↓ reversal confirmed\"","timestamp":"2026-06-22T13:09:00.176Z"}
{"level":"debug","message":"[AGG] JUP/USDC: strategy[2]=unknown → HOLD conf=0.20 \"OBV above EMA-20 — no cross\"","timestamp":"2026-06-22T13:09:00.176Z"}
{"level":"debug","message":"[AGG] JUP/USDC: votes BUY=0.00 SELL=1.00 HOLD=2.00 total_weight=1.00 external=0","timestamp":"2026-06-22T13:09:00.176Z"}
{"level":"debug","message":"[AGG] JUP/USDC: decision=HOLD confidence=2.00 tie=false belowMin=false (minConf=0.55)","timestamp":"2026-06-22T13:09:00.176Z"}
{"level":"debug","message":"[CYCLE] BTC/USDC: sizing positionPct=0.2200 (base=0.15 atr=0.037267080745341644 regime=on conf=2.00 macro=bear mtf=1.0)","timestamp":"2026-06-22T13:09:00.188Z"}
{"level":"info","message":"BTC/USDC: decision=HOLD confidence=200% price=65065.78000000 external_signals=0","timestamp":"2026-06-22T13:09:00.189Z"}
{"level":"info","message":"BTC/USDC: No EMA crossover (fast 64140.8994 vs slow 64522.6812) | PSAR downtrend continues (SAR 65352.1574) | HA flipped bearish ↓ after 4-bar bull streak","timestamp":"2026-06-22T13:09:00.189Z"}
{"level":"debug","message":"[CYCLE] XRP/USDC: sizing positionPct=0.1658 (base=0.15 atr=0.037267080745341644 regime=on conf=2.00 macro=bear mtf=1.0)","timestamp":"2026-06-22T13:09:00.313Z"}
{"level":"info","message":"XRP/USDC: decision=HOLD confidence=200% price=1.15030000 external_signals=0","timestamp":"2026-06-22T13:09:00.313Z"}
{"level":"info","message":"XRP/USDC: Price 1.1470 inside BB [1.0963–1.2398] | Stoch K=16.4 crossed above D=14.8 in oversold zone | No EMA crossover (fast 1.1540 vs slow 1.1657)","timestamp":"2026-06-22T13:09:00.313Z"}
{"level":"debug","message":"[CYCLE] LINK/USDC: sizing positionPct=0.0742 (base=0.15 atr=0.037267080745341644 regime=on conf=0.00 macro=bear mtf=1.0)","timestamp":"2026-06-22T13:09:00.466Z"}
{"level":"info","message":"LINK/USDC: decision=HOLD confidence=0% price=8.10000000 external_signals=0","timestamp":"2026-06-22T13:09:00.466Z"}
{"level":"info","message":"LINK/USDC: Price 8.0800 inside BB [7.7452–8.3529] | Stoch K=37.9 D=26.1 — no crossover in extreme zone | Supertrend downtrend continues (ST 8.4740)","timestamp":"2026-06-22T13:09:00.467Z"}
{"level":"debug","message":"[CYCLE] LTC/USDC: sizing positionPct=0.0955 (base=0.15 atr=0.037267080745341644 regime=on conf=0.00 macro=bear mtf=1.0)","timestamp":"2026-06-22T13:09:00.669Z"}
{"level":"info","message":"LTC/USDC: decision=HOLD confidence=0% price=45.45000000 external_signals=0","timestamp":"2026-06-22T13:09:00.669Z"}
{"level":"info","message":"LTC/USDC: Price 45.2300 inside BB [43.0487–46.2013] | No EMA crossover (fast 44.6240 vs slow 44.7495) | %R -32.6 neutral","timestamp":"2026-06-22T13:09:00.670Z"}
{"level":"debug","message":"[CYCLE] BNB/USDC: sizing positionPct=0.1125 (base=0.15 atr=0.037267080745341644 regime=on conf=2.00 macro=bear mtf=1.0)","timestamp":"2026-06-22T13:09:00.884Z"}
{"level":"info","message":"BNB/USDC: decision=HOLD confidence=200% price=599.31000000 external_signals=0","timestamp":"2026-06-22T13:09:00.884Z"}
{"level":"info","message":"BNB/USDC: %R -57.6 neutral | HA bullish continuation | Resistance 597.8000 (2×)","timestamp":"2026-06-22T13:09:00.884Z"}
{"level":"debug","message":"[CYCLE] NEAR/USDC: sizing positionPct=0.0146 (base=0.15 atr=0.037267080745341644 regime=on conf=0.00 macro=bear mtf=1.0)","timestamp":"2026-06-22T13:09:01.067Z"}
{"level":"info","message":"NEAR/USDC: decision=HOLD confidence=0% price=2.18000000 external_signals=0","timestamp":"2026-06-22T13:09:01.067Z"}
{"level":"info","message":"NEAR/USDC: RSI 48.3 neutral | Price 2.1650 inside BB [1.9706–2.4523] | Stoch K=16.9 D=23.9 — no crossover in extreme zone | No significant S/R zone nearby","timestamp":"2026-06-22T13:09:01.067Z"}
{"level":"debug","message":"[CYCLE] TRX/USDC: sizing positionPct=0.0900 (base=0.15 atr=0.037267080745341644 regime=on conf=0.00 macro=bear mtf=1.0)","timestamp":"2026-06-22T13:09:01.268Z"}
{"level":"info","message":"TRX/USDC: decision=HOLD confidence=0% price=0.33140000 external_signals=0","timestamp":"2026-06-22T13:09:01.269Z"}
{"level":"info","message":"TRX/USDC: CCI 199.2 overbought — still rising, wait | Stoch K=97.4 D=96.8 — no crossover in extreme zone | StochRSI K=100.0 D=100.0 — no extreme crossover","timestamp":"2026-06-22T13:09:01.269Z"}
{"level":"debug","message":"[CYCLE] BCH/USDC: sizing positionPct=0.0627 (base=0.15 atr=0.037267080745341644 regime=on conf=0.00 macro=bear mtf=1.0)","timestamp":"2026-06-22T13:09:01.467Z"}
{"level":"info","message":"BCH/USDC: decision=HOLD confidence=0% price=202.40000000 external_signals=0","timestamp":"2026-06-22T13:09:01.467Z"}
{"level":"info","message":"BCH/USDC: Price 201.0000 inside BB [188.8657–224.9543] | OBV below EMA-20 — no cross | %R -78.3 neutral","timestamp":"2026-06-22T13:09:01.467Z"}
{"level":"debug","message":"[CYCLE] ACH/USDC: sizing positionPct=0.0724 (base=0.15 atr=0.037267080745341644 regime=on conf=0.00 macro=bear mtf=1.0)","timestamp":"2026-06-22T13:09:01.662Z"}
{"level":"info","message":"ACH/USDC: decision=HOLD confidence=0% price=0.00517000 external_signals=0","timestamp":"2026-06-22T13:09:01.662Z"}
{"level":"info","message":"ACH/USDC: RSI 40.3 neutral | Price 0.0051 inside BB [0.0049–0.0057] | CCI -80.1 neutral","timestamp":"2026-06-22T13:09:01.663Z"}
{"level":"debug","message":"[CYCLE] CRV/USDC: sizing positionPct=0.0904 (base=0.15 atr=0.037267080745341644 regime=on conf=2.00 macro=bear mtf=1.0)","timestamp":"2026-06-22T13:09:01.863Z"}
{"level":"info","message":"CRV/USDC: decision=HOLD confidence=200% price=0.21320000 external_signals=0","timestamp":"2026-06-22T13:09:01.863Z"}
{"level":"info","message":"CRV/USDC: ADX 21.6 < 25 — ranging, skip | StochRSI K=8.0 crossed above D=4.9 in oversold ↑ | No significant S/R zone nearby","timestamp":"2026-06-22T13:09:01.863Z"}
{"level":"debug","message":"[CYCLE] ENS/USDC: sizing positionPct=0.0468 (base=0.15 atr=0.037267080745341644 regime=on conf=0.00 macro=bear mtf=1.0)","timestamp":"2026-06-22T13:09:02.081Z"}
{"level":"info","message":"ENS/USDC: decision=HOLD confidence=0% price=4.78000000 external_signals=0","timestamp":"2026-06-22T13:09:02.081Z"}
{"level":"info","message":"ENS/USDC: Price 4.7100 inside BB [4.5886–5.5854] | PSAR downtrend continues (SAR 5.3516) | No significant S/R zone nearby","timestamp":"2026-06-22T13:09:02.081Z"}
{"level":"debug","message":"[CYCLE] LDO/USDC: sizing positionPct=0.0341 (base=0.15 atr=0.037267080745341644 regime=on conf=0.00 macro=bear mtf=1.0)","timestamp":"2026-06-22T13:09:02.485Z"}
{"level":"info","message":"LDO/USDC: decision=HOLD confidence=0% price=0.27980000 external_signals=0","timestamp":"2026-06-22T13:09:02.485Z"}
{"level":"info","message":"LDO/USDC: MACD -0.0002 vs signal -0.0018 hist:0.0016 | ADX 20.9 < 25 — ranging, skip | %R -61.0 neutral","timestamp":"2026-06-22T13:09:02.486Z"}
{"level":"debug","message":"[CYCLE] LSK/USDC: sizing positionPct=0.1462 (base=0.15 atr=0.037267080745341644 regime=on conf=2.00 macro=bear mtf=1.0)","timestamp":"2026-06-22T13:09:02.673Z"}
{"level":"info","message":"LSK/USDC: decision=HOLD confidence=200% price=0.09200000 external_signals=0","timestamp":"2026-06-22T13:09:02.673Z"}
{"level":"info","message":"LSK/USDC: MACD crossed above signal hist:0.0001 | MFI 58.7 neutral | PSAR downtrend continues (SAR 0.0960)","timestamp":"2026-06-22T13:09:02.673Z"}
{"level":"debug","message":"[CYCLE] GMX/USDC: sizing positionPct=0.0565 (base=0.15 atr=0.037267080745341644 regime=on conf=0.00 macro=bear mtf=1.0)","timestamp":"2026-06-22T13:09:02.729Z"}
{"level":"info","message":"GMX/USDC: decision=HOLD confidence=0% price=5.94000000 external_signals=0","timestamp":"2026-06-22T13:09:02.729Z"}
{"level":"info","message":"GMX/USDC: RSI 53.0 neutral | Price 5.9400 inside BB [5.4576–6.1844] | CCI 43.1 neutral","timestamp":"2026-06-22T13:09:02.731Z"}
{"level":"debug","message":"[CYCLE] JTO/USDC: sizing positionPct=0.0292 (base=0.15 atr=0.037267080745341644 regime=on conf=0.00 macro=bear mtf=1.0)","timestamp":"2026-06-22T13:09:02.882Z"}
{"level":"info","message":"JTO/USDC: decision=HOLD confidence=0% price=0.64500000 external_signals=0","timestamp":"2026-06-22T13:09:02.882Z"}
{"level":"info","message":"JTO/USDC: CCI -23.8 neutral | PSAR downtrend continues (SAR 0.8593) | No significant S/R zone nearby","timestamp":"2026-06-22T13:09:02.882Z"}
{"level":"debug","message":"[CYCLE] MANTA/USDC: sizing positionPct=0.0414 (base=0.15 atr=0.037267080745341644 regime=on conf=0.00 macro=bear mtf=1.0)","timestamp":"2026-06-22T13:09:03.068Z"}
{"level":"info","message":"MANTA/USDC: decision=HOLD confidence=0% price=0.07925000 external_signals=0","timestamp":"2026-06-22T13:09:03.068Z"}
{"level":"info","message":"MANTA/USDC: RSI 48.7 neutral | Price 0.0799 inside BB [0.0787–0.0833] | CCI -77.7 neutral","timestamp":"2026-06-22T13:09:03.070Z"}
{"level":"debug","message":"[CYCLE] PAXG/USDC: sizing positionPct=0.2925 (base=0.15 atr=0.037267080745341644 regime=on conf=2.00 macro=bear mtf=1.0)","timestamp":"2026-06-22T13:09:03.265Z"}
{"level":"info","message":"PAXG/USDC: decision=HOLD confidence=200% price=4196.31000000 external_signals=0","timestamp":"2026-06-22T13:09:03.265Z"}
{"level":"info","message":"PAXG/USDC: MACD -40.3398 vs signal -39.4025 hist:-0.9374 | ADX 26.5 downtrend (-DI 27.0 > +DI 19.7) | Supertrend downtrend continues (ST 4299.0234)","timestamp":"2026-06-22T13:09:03.266Z"}
{"level":"debug","message":"[CYCLE] THETA/USDC: sizing positionPct=0.1145 (base=0.15 atr=0.037267080745341644 regime=on conf=2.00 macro=bear mtf=1.0)","timestamp":"2026-06-22T13:09:03.468Z"}
{"level":"info","message":"THETA/USDC: decision=HOLD confidence=200% price=0.15670000 external_signals=0","timestamp":"2026-06-22T13:09:03.468Z"}
{"level":"info","message":"THETA/USDC: RSI 43.6 neutral | CCI -81.2 neutral | OBV crossed below EMA-20 — volume sellers in control","timestamp":"2026-06-22T13:09:03.469Z"}
{"level":"debug","message":"[CYCLE] PIXEL/USDC: sizing positionPct=0.1121 (base=0.15 atr=0.037267080745341644 regime=on conf=2.00 macro=bear mtf=1.0)","timestamp":"2026-06-22T13:09:03.661Z"}
{"level":"info","message":"PIXEL/USDC: decision=HOLD confidence=200% price=0.00548000 external_signals=0","timestamp":"2026-06-22T13:09:03.662Z"}
{"level":"info","message":"PIXEL/USDC: No EMA crossover (fast 0.0054 vs slow 0.0055) | ADX 22.4 uptrend (+DI 23.8 > -DI 22.6) | No significant S/R zone nearby","timestamp":"2026-06-22T13:09:03.662Z"}
{"level":"debug","message":"[CYCLE] SUI/USDC: sizing positionPct=0.0566 (base=0.15 atr=0.037267080745341644 regime=on conf=0.00 macro=bear mtf=1.0)","timestamp":"2026-06-22T13:09:03.867Z"}
{"level":"info","message":"SUI/USDC: decision=HOLD confidence=0% price=0.73460000 external_signals=0","timestamp":"2026-06-22T13:09:03.867Z"}
{"level":"info","message":"SUI/USDC: RSI 44.5 neutral | Stoch K=33.3 D=15.7 — no crossover in extreme zone | MFI 19.5 oversold — still falling, wait","timestamp":"2026-06-22T13:09:03.867Z"}
{"level":"debug","message":"[CYCLE] VANRY/USDC: sizing positionPct=0.1100 (base=0.15 atr=0.037267080745341644 regime=on conf=2.00 macro=bear mtf=1.0)","timestamp":"2026-06-22T13:09:04.280Z"}
{"level":"info","message":"VANRY/USDC: decision=HOLD confidence=200% price=0.00348600 external_signals=0","timestamp":"2026-06-22T13:09:04.280Z"}
{"level":"info","message":"VANRY/USDC: No EMA crossover (fast 0.0035 vs slow 0.0035) | MACD -0.0001 vs signal -0.0001 hist:0.0000 | ADX 32.0 uptrend (+DI 25.4 > -DI 16.2)","timestamp":"2026-06-22T13:09:04.280Z"}
{"level":"debug","message":"[CYCLE] SOL/USDC: sizing positionPct=0.0637 (base=0.15 atr=0.037267080745341644 regime=on conf=0.00 macro=bear mtf=1.0)","timestamp":"2026-06-22T13:09:04.464Z"}
{"level":"info","message":"SOL/USDC: decision=HOLD confidence=0% price=74.42000000 external_signals=0","timestamp":"2026-06-22T13:09:04.464Z"}
{"level":"info","message":"SOL/USDC: Price 74.1100 inside BB [66.5863–76.0487] | %R -23.8 neutral | StochRSI K=82.7 D=79.5 — no extreme crossover","timestamp":"2026-06-22T13:09:04.464Z"}
{"level":"debug","message":"[CYCLE] ADA/USDC: sizing positionPct=0.0665 (base=0.15 atr=0.037267080745341644 regime=on conf=0.00 macro=bear mtf=1.0)","timestamp":"2026-06-22T13:09:04.669Z"}
{"level":"info","message":"ADA/USDC: decision=HOLD confidence=0% price=0.16190000 external_signals=0","timestamp":"2026-06-22T13:09:04.669Z"}
{"level":"info","message":"ADA/USDC: RSI 37.1 neutral | Price 0.1616 inside BB [0.1540–0.1838] | CCI -93.2 neutral","timestamp":"2026-06-22T13:09:04.670Z"}
{"level":"debug","message":"[CYCLE] AVAX/USDC: sizing positionPct=0.0484 (base=0.15 atr=0.037267080745341644 regime=on conf=0.00 macro=bear mtf=1.0)","timestamp":"2026-06-22T13:09:04.875Z"}
{"level":"info","message":"AVAX/USDC: decision=HOLD confidence=0% price=6.37200000 external_signals=0","timestamp":"2026-06-22T13:09:04.875Z"}
{"level":"info","message":"AVAX/USDC: RSI 40.8 neutral | MACD -0.2584 vs signal -0.2813 hist:0.0229 | PSAR downtrend continues (SAR 6.5285)","timestamp":"2026-06-22T13:09:04.875Z"}
{"level":"debug","message":"[CYCLE] DOGE/USDC: sizing positionPct=0.0922 (base=0.15 atr=0.037267080745341644 regime=on conf=0.00 macro=bear mtf=1.0)","timestamp":"2026-06-22T13:09:05.063Z"}
{"level":"info","message":"DOGE/USDC: decision=HOLD confidence=0% price=0.08440000 external_signals=0","timestamp":"2026-06-22T13:09:05.063Z"}
{"level":"info","message":"DOGE/USDC: No EMA crossover (fast 0.0843 vs slow 0.0858) | PSAR downtrend continues (SAR 0.0896) | HA bearish continuation","timestamp":"2026-06-22T13:09:05.064Z"}
{"level":"debug","message":"[CYCLE] ETH/USDC: sizing positionPct=0.1615 (base=0.15 atr=0.037267080745341644 regime=on conf=2.00 macro=bear mtf=1.0)","timestamp":"2026-06-22T13:09:05.472Z"}
{"level":"info","message":"ETH/USDC: decision=HOLD confidence=200% price=1763.76000000 external_signals=0","timestamp":"2026-06-22T13:09:05.472Z"}
{"level":"info","message":"ETH/USDC: Supertrend uptrend continues (ST 1631.9562) | MFI 47.0 neutral | Support 1749.5100 (4×)","timestamp":"2026-06-22T13:09:05.472Z"}
{"level":"debug","message":"[CYCLE] WLD/USDC: sizing positionPct=0.0731 (base=0.15 atr=0.037267080745341644 regime=on conf=2.00 macro=bear mtf=1.0)","timestamp":"2026-06-22T13:09:05.684Z"}
{"level":"info","message":"WLD/USDC: decision=HOLD confidence=200% price=0.63590000 external_signals=0","timestamp":"2026-06-22T13:09:05.684Z"}
{"level":"info","message":"WLD/USDC: Price 0.6263 inside BB [0.4706–0.7186] | CCI 47.6 neutral | ADX 49.7 uptrend (+DI 25.4 > -DI 7.4)","timestamp":"2026-06-22T13:09:05.684Z"}
{"level":"debug","message":"[CYCLE] PEPE/USDC: sizing positionPct=0.1342 (base=0.15 atr=0.037267080745341644 regime=on conf=2.00 macro=bear mtf=1.0)","timestamp":"2026-06-22T13:09:05.873Z"}
{"level":"info","message":"PEPE/USDC: decision=HOLD confidence=200% price=0.00000288 external_signals=0","timestamp":"2026-06-22T13:09:05.874Z"}
{"level":"info","message":"PEPE/USDC: No EMA crossover (fast 0.0000 vs slow 0.0000) | Supertrend downtrend continues (ST 0.0000) | OBV crossed above EMA-20 — volume buyers in control","timestamp":"2026-06-22T13:09:05.874Z"}
{"level":"debug","message":"[CYCLE] TON/USDC: sizing positionPct=0.0231 (base=0.15 atr=0.037267080745341644 regime=on conf=0.00 macro=bear mtf=1.0)","timestamp":"2026-06-22T13:09:06.076Z"}
{"level":"info","message":"TON/USDC: decision=HOLD confidence=0% price=1.68000000 external_signals=0","timestamp":"2026-06-22T13:09:06.076Z"}
{"level":"info","message":"TON/USDC: No EMA crossover (fast 1.6573 vs slow 1.6797) | OBV above EMA-20 — no cross | StochRSI K=72.9 D=70.3 — no extreme crossover","timestamp":"2026-06-22T13:09:06.076Z"}
{"level":"debug","message":"[CYCLE] RENDER/USDC: sizing positionPct=0.0523 (base=0.15 atr=0.037267080745341644 regime=on conf=0.00 macro=bear mtf=1.0)","timestamp":"2026-06-22T13:09:06.266Z"}
{"level":"info","message":"RENDER/USDC: decision=HOLD confidence=0% price=1.71100000 external_signals=0","timestamp":"2026-06-22T13:09:06.266Z"}
{"level":"info","message":"RENDER/USDC: No EMA crossover (fast 1.7086 vs slow 1.7277) | OBV below EMA-20 — no cross | %R -70.7 neutral","timestamp":"2026-06-22T13:09:06.267Z"}
{"level":"debug","message":"[CYCLE] ENA/USDC: sizing positionPct=0.0274 (base=0.15 atr=0.037267080745341644 regime=on conf=0.00 macro=bear mtf=1.0)","timestamp":"2026-06-22T13:09:06.469Z"}
{"level":"info","message":"ENA/USDC: decision=HOLD confidence=0% price=0.09660000 external_signals=0","timestamp":"2026-06-22T13:09:06.469Z"}
{"level":"info","message":"ENA/USDC: RSI 60.1 neutral | Price 0.0963 inside BB [0.0788–0.0969] | CCI 116.8 overbought — still rising, wait","timestamp":"2026-06-22T13:09:06.469Z"}
{"level":"debug","message":"[CYCLE] ICP/USDC: sizing positionPct=0.1155 (base=0.15 atr=0.037267080745341644 regime=on conf=2.00 macro=bear mtf=1.0)","timestamp":"2026-06-22T13:09:06.661Z"}
{"level":"info","message":"ICP/USDC: decision=HOLD confidence=200% price=2.29000000 external_signals=0","timestamp":"2026-06-22T13:09:06.661Z"}
{"level":"info","message":"ICP/USDC: RSI 44.9 neutral | Price 2.2950 inside BB [2.1570–2.5590] | Stoch K=27.8 crossed above D=23.7 in oversold zone","timestamp":"2026-06-22T13:09:06.661Z"}
{"level":"debug","message":"[CYCLE] APT/USDC: sizing positionPct=0.0523 (base=0.15 atr=0.037267080745341644 regime=on conf=0.00 macro=bear mtf=1.0)","timestamp":"2026-06-22T13:09:06.865Z"}
{"level":"info","message":"APT/USDC: decision=HOLD confidence=0% price=0.68200000 external_signals=0","timestamp":"2026-06-22T13:09:06.865Z"}
{"level":"info","message":"APT/USDC: Price 0.6800 inside BB [0.6233–0.6967] | Stoch K=65.3 D=48.5 — no crossover in extreme zone | MFI 58.5 neutral","timestamp":"2026-06-22T13:09:06.866Z"}
{"level":"debug","message":"[CYCLE] ARB/USDC: sizing positionPct=0.0565 (base=0.15 atr=0.037267080745341644 regime=on conf=0.00 macro=bear mtf=1.0)","timestamp":"2026-06-22T13:09:07.068Z"}
{"level":"info","message":"ARB/USDC: decision=HOLD confidence=0% price=0.08610000 external_signals=0","timestamp":"2026-06-22T13:09:07.068Z"}
{"level":"info","message":"ARB/USDC: RSI 51.4 neutral | %R -43.7 neutral | HA flipped but prior streak too short (1 < 3)","timestamp":"2026-06-22T13:09:07.069Z"}
{"level":"debug","message":"[CYCLE] JUP/USDC: sizing positionPct=0.0944 (base=0.15 atr=0.037267080745341644 regime=on conf=2.00 macro=bear mtf=1.0)","timestamp":"2026-06-22T13:09:07.265Z"}
{"level":"info","message":"JUP/USDC: decision=HOLD confidence=200% price=0.21330000 external_signals=0","timestamp":"2026-06-22T13:09:07.266Z"}
{"level":"info","message":"JUP/USDC: Price 0.2124 inside BB [0.1622–0.2217] | CCI 124.5 overbought ↓ reversal confirmed | OBV above EMA-20 — no cross","timestamp":"2026-06-22T13:09:07.266Z"}
{"level":"info","message":"BTC/USDC: live balance=171.40 pnl=0.00 open_positions=1 daily_pnl=0.00 blocked=false","timestamp":"2026-06-22T13:09:07.468Z"}
{"level":"info","message":"XRP/USDC: live balance=171.40 pnl=0.00 open_positions=1 daily_pnl=0.00 blocked=false","timestamp":"2026-06-22T13:09:07.668Z"}
{"level":"info","message":"LINK/USDC: live balance=171.40 pnl=0.00 open_positions=1 daily_pnl=0.00 blocked=false","timestamp":"2026-06-22T13:09:07.873Z"}
{"level":"info","message":"LTC/USDC: live balance=171.40 pnl=0.00 open_positions=1 daily_pnl=0.00 blocked=false","timestamp":"2026-06-22T13:09:08.073Z"}
{"level":"info","message":"BNB/USDC: live balance=171.40 pnl=0.00 open_positions=1 daily_pnl=0.00 blocked=false","timestamp":"2026-06-22T13:09:08.278Z"}
{"level":"info","message":"NEAR/USDC: live balance=171.40 pnl=0.00 open_positions=1 daily_pnl=0.00 blocked=false","timestamp":"2026-06-22T13:09:08.471Z"}
{"level":"info","message":"TRX/USDC: live balance=171.40 pnl=0.00 open_positions=1 daily_pnl=0.00 blocked=false","timestamp":"2026-06-22T13:09:08.668Z"}
{"level":"info","message":"BCH/USDC: live balance=171.40 pnl=0.00 open_positions=1 daily_pnl=0.00 blocked=false","timestamp":"2026-06-22T13:09:08.877Z"}
{"level":"info","message":"ACH/USDC: live balance=171.40 pnl=0.00 open_positions=1 daily_pnl=0.00 blocked=false","timestamp":"2026-06-22T13:09:09.081Z"}
{"level":"info","message":"CRV/USDC: live balance=171.40 pnl=0.00 open_positions=1 daily_pnl=0.00 blocked=false","timestamp":"2026-06-22T13:09:09.266Z"}
{"level":"info","message":"ENS/USDC: live balance=171.40 pnl=0.00 open_positions=1 daily_pnl=0.00 blocked=false","timestamp":"2026-06-22T13:09:09.464Z"}
{"level":"info","message":"LDO/USDC: live balance=171.40 pnl=0.00 open_positions=1 daily_pnl=0.00 blocked=false","timestamp":"2026-06-22T13:09:09.692Z"}
{"level":"info","message":"LSK/USDC: live balance=171.40 pnl=0.00 open_positions=1 daily_pnl=0.00 blocked=false","timestamp":"2026-06-22T13:09:09.889Z"}
{"level":"info","message":"GMX/USDC: live balance=171.40 pnl=0.00 open_positions=1 daily_pnl=0.00 blocked=false","timestamp":"2026-06-22T13:09:10.079Z"}
{"level":"info","message":"JTO/USDC: live balance=171.40 pnl=0.00 open_positions=1 daily_pnl=0.00 blocked=false","timestamp":"2026-06-22T13:09:10.283Z"}
{"level":"info","message":"MANTA/USDC: live balance=171.40 pnl=0.00 open_positions=1 daily_pnl=0.00 blocked=false","timestamp":"2026-06-22T13:09:10.465Z"}
{"level":"info","message":"PAXG/USDC: live balance=171.40 pnl=0.00 open_positions=1 daily_pnl=0.00 blocked=false","timestamp":"2026-06-22T13:09:10.671Z"}
{"level":"info","message":"THETA/USDC: live balance=171.40 pnl=0.00 open_positions=1 daily_pnl=0.00 blocked=false","timestamp":"2026-06-22T13:09:10.867Z"}
{"level":"info","message":"PIXEL/USDC: live balance=171.40 pnl=0.00 open_positions=1 daily_pnl=0.00 blocked=false","timestamp":"2026-06-22T13:09:11.076Z"}
{"level":"info","message":"SUI/USDC: live balance=171.40 pnl=0.00 open_positions=1 daily_pnl=0.00 blocked=false","timestamp":"2026-06-22T13:09:11.272Z"}
{"level":"info","message":"VANRY/USDC: live balance=171.40 pnl=0.00 open_positions=1 daily_pnl=0.00 blocked=false","timestamp":"2026-06-22T13:09:11.489Z"}
{"level":"info","message":"SOL/USDC: live balance=171.40 pnl=0.00 open_positions=1 daily_pnl=0.00 blocked=false","timestamp":"2026-06-22T13:09:11.695Z"}
{"level":"info","message":"ADA/USDC: live balance=171.40 pnl=0.00 open_positions=1 daily_pnl=0.00 blocked=false","timestamp":"2026-06-22T13:09:11.887Z"}
{"level":"info","message":"AVAX/USDC: live balance=171.40 pnl=0.00 open_positions=1 daily_pnl=0.00 blocked=false","timestamp":"2026-06-22T13:09:12.096Z"}
{"level":"info","message":"DOGE/USDC: live balance=171.40 pnl=0.00 open_positions=1 daily_pnl=0.00 blocked=false","timestamp":"2026-06-22T13:09:12.297Z"}
{"level":"info","message":"ETH/USDC: live balance=171.40 pnl=0.00 open_positions=1 daily_pnl=0.00 blocked=false","timestamp":"2026-06-22T13:09:12.512Z"}
{"level":"info","message":"WLD/USDC: live balance=171.40 pnl=0.00 open_positions=1 daily_pnl=0.00 blocked=false","timestamp":"2026-06-22T13:09:12.708Z"}
{"level":"info","message":"PEPE/USDC: live balance=171.40 pnl=0.00 open_positions=1 daily_pnl=0.00 blocked=false","timestamp":"2026-06-22T13:09:12.917Z"}
{"level":"info","message":"TON/USDC: live balance=171.40 pnl=0.00 open_positions=1 daily_pnl=0.00 blocked=false","timestamp":"2026-06-22T13:09:13.115Z"}
{"level":"info","message":"RENDER/USDC: live balance=171.40 pnl=0.00 open_positions=1 daily_pnl=0.00 blocked=false","timestamp":"2026-06-22T13:09:13.314Z"}
{"level":"info","message":"ENA/USDC: live balance=171.40 pnl=0.00 open_positions=1 daily_pnl=0.00 blocked=false","timestamp":"2026-06-22T13:09:13.510Z"}
{"level":"info","message":"ICP/USDC: live balance=171.40 pnl=0.00 open_positions=1 daily_pnl=0.00 blocked=false","timestamp":"2026-06-22T13:09:13.705Z"}
{"level":"info","message":"APT/USDC: live balance=171.40 pnl=0.00 open_positions=1 daily_pnl=0.00 blocked=false","timestamp":"2026-06-22T13:09:13.905Z"}
{"level":"info","message":"ARB/USDC: live balance=171.40 pnl=0.00 open_positions=1 daily_pnl=0.00 blocked=false","timestamp":"2026-06-22T13:09:14.119Z"}
{"level":"info","message":"JUP/USDC: live balance=171.40 pnl=0.00 open_positions=1 daily_pnl=0.00 blocked=false","timestamp":"2026-06-22T13:09:14.317Z"}
{"level":"debug","message":"[RISK] TIA/USDC: canTrade=true (managing existing position) decision=BUY","timestamp":"2026-06-22T13:09:14.501Z"}
{"level":"debug","message":"[CYCLE] TIA/USDC: sizing positionPct=0.1002 (base=0.15 atr=0.037267080745341644 regime=on conf=1.00 macro=bear mtf=1.0)","timestamp":"2026-06-22T13:09:14.502Z"}
{"level":"debug","message":"[LIVE] TIA/USDC: checkRisk price=0.39670000 SL=0.37724500 TP=0.44475200 HWM=0.39710000 entry=0.39710000","timestamp":"2026-06-22T13:09:14.502Z"}
{"level":"info","message":"[LIVE] TIA/USDC: BUY skipped, existing position open","timestamp":"2026-06-22T13:09:14.503Z"}
{"level":"info","message":"TIA/USDC: decision=BUY confidence=100% price=0.39670000 external_signals=0","timestamp":"2026-06-22T13:09:14.503Z"}
{"level":"info","message":"TIA/USDC: CCI 55.8 neutral | MACD crossed above signal (above zero) ↑ hist:0.0007 | HA flipped bullish ↑ after 8-bar bear streak","timestamp":"2026-06-22T13:09:14.503Z"}
{"level":"info","message":"INJ/USDC: BUY suppressed — 4h momentum bearish (score=43% < 45% required)","timestamp":"2026-06-22T13:09:14.519Z"}
{"level":"debug","message":"[CYCLE] INJ/USDC: sizing positionPct=0.0361 (base=0.15 atr=0.037267080745341644 regime=on conf=1.00 macro=bear mtf=1.0)","timestamp":"2026-06-22T13:09:14.521Z"}
{"level":"info","message":"INJ/USDC: trade blocked - 4h momentum bearish (score=43% < 45% required)","timestamp":"2026-06-22T13:09:14.521Z"}
{"level":"info","message":"INJ/USDC: decision=BUY confidence=100% price=4.96300000 external_signals=0","timestamp":"2026-06-22T13:09:14.521Z"}
{"level":"info","message":"INJ/USDC: ADX 14.1 < 25 — ranging, skip | OBV crossed above EMA-20 — volume buyers in control | StochRSI K=0.7 crossed above D=0.2 in oversold ↑","timestamp":"2026-06-22T13:09:14.522Z"}
{"level":"info","message":"TIA/USDC: live balance=171.40 pnl=0.00 open_positions=1 daily_pnl=0.00 blocked=false","timestamp":"2026-06-22T13:09:14.792Z"}
{"level":"info","message":"INJ/USDC: live balance=171.40 pnl=0.00 open_positions=1 daily_pnl=0.00 blocked=false","timestamp":"2026-06-22T13:09:14.992Z"}
{"level":"info","message":"Risk-check loop active: every 120s for open positions","timestamp":"2026-06-22T13:09:14.993Z"}
{"level":"info","message":"MTF 15m cache: refresh every 15 min","timestamp":"2026-06-22T13:09:14.993Z"}
{"level":"info","message":"MTF 4h cache: refresh every 4h","timestamp":"2026-06-22T13:09:14.993Z"}
{"level":"info","message":"Next cycle aligned to candle close in 651 min (Tue, 23 Jun 2026 00:00:03 GMT)","timestamp":"2026-06-22T13:09:14.994Z"}
{"level":"info","message":"[MTF-CACHE] 15m refresh complete: 37/37 symbols","timestamp":"2026-06-22T13:09:25.554Z"}
{"level":"info","message":"[MTF-CACHE] 4h refresh complete: 37/37 symbols","timestamp":"2026-06-22T13:09:25.572Z"}
{"level":"info","message":"Starting playAIStocks Phase 4 bot","timestamp":"2026-06-22T13:10:48.288Z"}
{"level":"info","message":"Mode=LIVE symbols=BTC/USDC, XRP/USDC, LINK/USDC, BNB/USDC, LTC/USDC, NEAR/USDC, TRX/USDC, BCH/USDC, ACH/USDC, CRV/USDC, ENS/USDC, GMX/USDC, JTO/USDC, LDO/USDC, LSK/USDC, MANTA/USDC, PAXG/USDC, PIXEL/USDC, SUI/USDC, THETA/USDC, TIA/USDC, VANRY/USDC, SOL/USDC, ADA/USDC, AVAX/USDC, DOGE/USDC, INJ/USDC, ETH/USDC, WLD/USDC, PEPE/USDC, TON/USDC, RENDER/USDC, ENA/USDC, ICP/USDC, APT/USDC, ARB/USDC, JUP/USDC timeframe=12h interval=43200000ms","timestamp":"2026-06-22T13:10:48.292Z"}
{"level":"info","message":"  BTC/USDC [custom]: strategies=[EMA+PSAR+HeikinAshi]  SL=5%  TP=12%  conf=0.55","timestamp":"2026-06-22T13:10:48.292Z"}
{"level":"info","message":"  XRP/USDC [custom]: strategies=[BB+Stoch+EMA]  SL=7%  TP=18%  conf=0.55","timestamp":"2026-06-22T13:10:48.293Z"}
{"level":"info","message":"  LINK/USDC [custom]: strategies=[BB+Stoch+Supertrend]  SL=5%  TP=12%  conf=0.7","timestamp":"2026-06-22T13:10:48.293Z"}
{"level":"info","message":"  BNB/USDC [custom]: strategies=[WilliamsR+HeikinAshi+SR]  SL=5%  TP=12%  conf=0.55","timestamp":"2026-06-22T13:10:48.293Z"}
{"level":"info","message":"  LTC/USDC [custom]: strategies=[BB+EMA+WilliamsR]  SL=5%  TP=12%  conf=0.55","timestamp":"2026-06-22T13:10:48.294Z"}
{"level":"info","message":"  NEAR/USDC [default]: strategies=[RSI+BB+Stoch+SR]  SL=5%  TP=12%  conf=0.7","timestamp":"2026-06-22T13:10:48.294Z"}
{"level":"info","message":"  TRX/USDC [custom]: strategies=[CCI+Stoch+StochRSI]  SL=12%  TP=30%  conf=0.7","timestamp":"2026-06-22T13:10:48.295Z"}
{"level":"info","message":"  BCH/USDC [custom]: strategies=[BB+OBV+WilliamsR]  SL=7%  TP=18%  conf=0.55","timestamp":"2026-06-22T13:10:48.296Z"}
{"level":"info","message":"  ACH/USDC [custom]: strategies=[RSI+BB+CCI]  SL=5%  TP=12%  conf=0.7","timestamp":"2026-06-22T13:10:48.296Z"}
{"level":"info","message":"  CRV/USDC [custom]: strategies=[ADX+StochRSI+SR]  SL=5%  TP=12%  conf=0.55","timestamp":"2026-06-22T13:10:48.296Z"}
{"level":"info","message":"  ENS/USDC [custom]: strategies=[BB+PSAR+SR]  SL=5%  TP=12%  conf=0.55","timestamp":"2026-06-22T13:10:48.296Z"}
{"level":"info","message":"  GMX/USDC [custom]: strategies=[RSI+BB+CCI]  SL=5%  TP=12%  conf=0.7","timestamp":"2026-06-22T13:10:48.297Z"}
{"level":"info","message":"  JTO/USDC [custom]: strategies=[CCI+PSAR+SR]  SL=5%  TP=12%  conf=0.55","timestamp":"2026-06-22T13:10:48.297Z"}
{"level":"info","message":"  LDO/USDC [custom]: strategies=[MACD+ADX+WilliamsR]  SL=5%  TP=12%  conf=0.55","timestamp":"2026-06-22T13:10:48.297Z"}
{"level":"info","message":"  LSK/USDC [custom]: strategies=[MACD+MFI+PSAR]  SL=7%  TP=18%  conf=0.55","timestamp":"2026-06-22T13:10:48.297Z"}
{"level":"info","message":"  MANTA/USDC [custom]: strategies=[RSI+BB+CCI]  SL=5%  TP=12%  conf=0.7","timestamp":"2026-06-22T13:10:48.297Z"}
{"level":"info","message":"  PAXG/USDC [custom]: strategies=[MACD+ADX+Supertrend]  SL=7%  TP=18%  conf=0.55","timestamp":"2026-06-22T13:10:48.297Z"}
{"level":"info","message":"  PIXEL/USDC [custom]: strategies=[EMA+ADX+SR]  SL=5%  TP=12%  conf=0.55","timestamp":"2026-06-22T13:10:48.297Z"}
{"level":"info","message":"  SUI/USDC [custom]: strategies=[RSI+Stoch+MFI]  SL=5%  TP=12%  conf=0.7","timestamp":"2026-06-22T13:10:48.297Z"}
{"level":"info","message":"  THETA/USDC [custom]: strategies=[RSI+CCI+OBV]  SL=5%  TP=12%  conf=0.55","timestamp":"2026-06-22T13:10:48.298Z"}
{"level":"info","message":"  TIA/USDC [custom]: strategies=[CCI+MACD+HeikinAshi]  SL=5%  TP=12%  conf=0.55","timestamp":"2026-06-22T13:10:48.298Z"}
{"level":"info","message":"  VANRY/USDC [custom]: strategies=[EMA+MACD+ADX]  SL=5%  TP=12%  conf=0.55","timestamp":"2026-06-22T13:10:48.298Z"}
{"level":"info","message":"  SOL/USDC [custom]: strategies=[BB+WilliamsR+StochRSI]  SL=7%  TP=18%  conf=0.55","timestamp":"2026-06-22T13:10:48.298Z"}
{"level":"info","message":"  ADA/USDC [custom]: strategies=[RSI+BB+CCI]  SL=5%  TP=12%  conf=0.55","timestamp":"2026-06-22T13:10:48.298Z"}
{"level":"info","message":"  AVAX/USDC [custom]: strategies=[RSI+MACD+PSAR]  SL=7%  TP=18%  conf=0.55","timestamp":"2026-06-22T13:10:48.298Z"}
{"level":"info","message":"  DOGE/USDC [custom]: strategies=[EMA+PSAR+HeikinAshi]  SL=7%  TP=18%  conf=0.55","timestamp":"2026-06-22T13:10:48.298Z"}
{"level":"info","message":"  INJ/USDC [custom]: strategies=[ADX+OBV+StochRSI]  SL=7%  TP=18%  conf=0.55","timestamp":"2026-06-22T13:10:48.298Z"}
{"level":"info","message":"  ETH/USDC [custom]: strategies=[Supertrend+MFI+SR]  SL=5%  TP=12%  conf=0.55","timestamp":"2026-06-22T13:10:48.299Z"}
{"level":"info","message":"  WLD/USDC [custom]: strategies=[BB+CCI+ADX]  SL=7%  TP=18%  conf=0.55","timestamp":"2026-06-22T13:10:48.299Z"}
{"level":"info","message":"  PEPE/USDC [custom]: strategies=[EMA+Supertrend+OBV]  SL=7%  TP=18%  conf=0.55","timestamp":"2026-06-22T13:10:48.299Z"}
{"level":"info","message":"  TON/USDC [custom]: strategies=[EMA+OBV+StochRSI]  SL=7%  TP=18%  conf=0.55","timestamp":"2026-06-22T13:10:48.299Z"}
{"level":"info","message":"  RENDER/USDC [custom]: strategies=[EMA+OBV+WilliamsR]  SL=7%  TP=18%  conf=0.55","timestamp":"2026-06-22T13:10:48.299Z"}
{"level":"info","message":"  ENA/USDC [custom]: strategies=[RSI+BB+CCI]  SL=7%  TP=18%  conf=0.55","timestamp":"2026-06-22T13:10:48.299Z"}
{"level":"info","message":"  ICP/USDC [custom]: strategies=[RSI+BB+Stoch]  SL=7%  TP=18%  conf=0.55","timestamp":"2026-06-22T13:10:48.299Z"}
{"level":"info","message":"  APT/USDC [custom]: strategies=[BB+Stoch+MFI]  SL=7%  TP=18%  conf=0.55","timestamp":"2026-06-22T13:10:48.299Z"}
{"level":"info","message":"  ARB/USDC [custom]: strategies=[RSI+WilliamsR+HeikinAshi]  SL=7%  TP=18%  conf=0.55","timestamp":"2026-06-22T13:10:48.299Z"}
{"level":"info","message":"  JUP/USDC [custom]: strategies=[BB+CCI+OBV]  SL=7%  TP=18%  conf=0.55","timestamp":"2026-06-22T13:10:48.300Z"}
{"level":"info","message":"Risk: balance=1000.00 maxPositionPct=0.15 stopLossPct=0.05 takeProfitPct=0.12 trailingStopPct=0","timestamp":"2026-06-22T13:10:48.300Z"}
{"level":"info","message":"Risk limits: maxDailyLossPct=0.05 maxOpenPositions=4 minConfidence=0.7","timestamp":"2026-06-22T13:10:48.300Z"}
{"level":"info","message":"Signals: webhook=on:3000 telegram=off algoWeight=1 minConfidence=0.7","timestamp":"2026-06-22T13:10:48.300Z"}
{"level":"info","message":"Regime filter: OFF","timestamp":"2026-06-22T13:10:48.300Z"}
{"level":"info","message":"ATR sizing: ON — period=14, inverse-vol scaling [0.5×–2×]","timestamp":"2026-06-22T13:10:48.300Z"}
{"level":"info","message":"Macro filter: ON — BTC EMA200 bear → 50% position size","timestamp":"2026-06-22T13:10:48.300Z"}
{"level":"info","message":"Correlation filter: OFF","timestamp":"2026-06-22T13:10:48.300Z"}
{"level":"info","message":"MTF filter: ON — 15m×16 bars, min 50% green to allow BUY (misaligned → skip)","timestamp":"2026-06-22T13:10:48.300Z"}
{"level":"info","message":"4h MTF filter: ON — EMA(8/21)+RSI(14), min score 45%, lookback=21","timestamp":"2026-06-22T13:10:48.301Z"}
{"level":"info","message":"Regime sizing: ON — ADX≥25→1.3× ADX<15→0.5×","timestamp":"2026-06-22T13:10:48.301Z"}
{"level":"info","message":"Dashboard: http://localhost:3001","timestamp":"2026-06-22T13:10:48.301Z"}
{"level":"info","message":"[NOTIFY] Telegram notifier ready → 1 chat(s)","timestamp":"2026-06-22T13:10:48.301Z"}
{"level":"info","message":"Initializing 12h candle history for 37 symbols…","timestamp":"2026-06-22T13:10:48.308Z"}
{"level":"info","message":"Dashboard running at http://localhost:3001","timestamp":"2026-06-22T13:10:48.311Z"}
{"level":"info","message":"Cache hit: BTC/USDC 12h — 1473 candles from disk","timestamp":"2026-06-22T13:10:48.342Z"}
{"level":"info","message":"BTC/USDC: cache is up-to-date (1473 candles)","timestamp":"2026-06-22T13:10:48.343Z"}
{"level":"info","message":"Cache hit: XRP/USDC 12h — 1473 candles from disk","timestamp":"2026-06-22T13:10:48.345Z"}
{"level":"info","message":"XRP/USDC: cache is up-to-date (1473 candles)","timestamp":"2026-06-22T13:10:48.345Z"}
{"level":"info","message":"Cache hit: LINK/USDC 12h — 1473 candles from disk","timestamp":"2026-06-22T13:10:48.347Z"}
{"level":"info","message":"LINK/USDC: cache is up-to-date (1473 candles)","timestamp":"2026-06-22T13:10:48.347Z"}
{"level":"info","message":"Cache hit: BNB/USDC 12h — 1473 candles from disk","timestamp":"2026-06-22T13:10:48.349Z"}
{"level":"info","message":"BNB/USDC: cache is up-to-date (1473 candles)","timestamp":"2026-06-22T13:10:48.349Z"}
{"level":"info","message":"Cache hit: LTC/USDC 12h — 1473 candles from disk","timestamp":"2026-06-22T13:10:48.351Z"}
{"level":"info","message":"LTC/USDC: cache is up-to-date (1473 candles)","timestamp":"2026-06-22T13:10:48.351Z"}
{"level":"info","message":"Cache hit: TRX/USDC 12h — 1314 candles from disk","timestamp":"2026-06-22T13:10:48.353Z"}
{"level":"info","message":"TRX/USDC: cache is up-to-date (1314 candles)","timestamp":"2026-06-22T13:10:48.353Z"}
{"level":"info","message":"Cache hit: NEAR/USDC 12h — 1473 candles from disk","timestamp":"2026-06-22T13:10:48.355Z"}
{"level":"info","message":"NEAR/USDC: cache is up-to-date (1473 candles)","timestamp":"2026-06-22T13:10:48.355Z"}
{"level":"info","message":"Cache hit: BCH/USDC 12h — 1473 candles from disk","timestamp":"2026-06-22T13:10:48.357Z"}
{"level":"info","message":"BCH/USDC: cache is up-to-date (1473 candles)","timestamp":"2026-06-22T13:10:48.357Z"}
{"level":"info","message":"Cache hit: ACH/USDC 12h — 854 candles from disk","timestamp":"2026-06-22T13:10:48.358Z"}
{"level":"info","message":"ACH/USDC: cache is up-to-date (854 candles)","timestamp":"2026-06-22T13:10:48.358Z"}
{"level":"info","message":"Cache hit: CRV/USDC 12h — 1473 candles from disk","timestamp":"2026-06-22T13:10:48.360Z"}
{"level":"info","message":"CRV/USDC: cache is up-to-date (1473 candles)","timestamp":"2026-06-22T13:10:48.361Z"}
{"level":"info","message":"Cache hit: ENS/USDC 12h — 1473 candles from disk","timestamp":"2026-06-22T13:10:48.363Z"}
{"level":"info","message":"ENS/USDC: cache is up-to-date (1473 candles)","timestamp":"2026-06-22T13:10:48.363Z"}
{"level":"info","message":"Cache hit: GMX/USDC 12h — 924 candles from disk","timestamp":"2026-06-22T13:10:48.364Z"}
{"level":"info","message":"GMX/USDC: cache is up-to-date (924 candles)","timestamp":"2026-06-22T13:10:48.364Z"}
{"level":"info","message":"Cache hit: JTO/USDC 12h — 1473 candles from disk","timestamp":"2026-06-22T13:10:48.368Z"}
{"level":"info","message":"JTO/USDC: cache is up-to-date (1473 candles)","timestamp":"2026-06-22T13:10:48.368Z"}
{"level":"info","message":"Cache hit: LDO/USDC 12h — 1473 candles from disk","timestamp":"2026-06-22T13:10:48.370Z"}
{"level":"info","message":"LDO/USDC: cache is up-to-date (1473 candles)","timestamp":"2026-06-22T13:10:48.370Z"}
{"level":"info","message":"Cache hit: LSK/USDC 12h — 413 candles from disk","timestamp":"2026-06-22T13:10:48.370Z"}
{"level":"info","message":"LSK/USDC: cache has 413 candles, fetching new ones since last close…","timestamp":"2026-06-22T13:10:48.371Z"}
{"level":"info","message":"Cache hit: PAXG/USDC 12h — 868 candles from disk","timestamp":"2026-06-22T13:10:48.420Z"}
{"level":"info","message":"PAXG/USDC: cache is up-to-date (868 candles)","timestamp":"2026-06-22T13:10:48.421Z"}
{"level":"info","message":"Cache hit: MANTA/USDC 12h — 1473 candles from disk","timestamp":"2026-06-22T13:10:48.423Z"}
{"level":"info","message":"MANTA/USDC: cache is up-to-date (1473 candles)","timestamp":"2026-06-22T13:10:48.423Z"}
{"level":"info","message":"Cache hit: PIXEL/USDC 12h — 1473 candles from disk","timestamp":"2026-06-22T13:10:48.425Z"}
{"level":"info","message":"PIXEL/USDC: cache is up-to-date (1473 candles)","timestamp":"2026-06-22T13:10:48.425Z"}
{"level":"info","message":"Cache hit: SUI/USDC 12h — 1473 candles from disk","timestamp":"2026-06-22T13:10:48.426Z"}
{"level":"info","message":"SUI/USDC: cache is up-to-date (1473 candles)","timestamp":"2026-06-22T13:10:48.427Z"}
{"level":"info","message":"Cache hit: THETA/USDC 12h — 892 candles from disk","timestamp":"2026-06-22T13:10:48.428Z"}
{"level":"info","message":"THETA/USDC: cache is up-to-date (892 candles)","timestamp":"2026-06-22T13:10:48.428Z"}
{"level":"info","message":"Cache hit: VANRY/USDC 12h — 920 candles from disk","timestamp":"2026-06-22T13:10:48.429Z"}
{"level":"info","message":"VANRY/USDC: cache is up-to-date (920 candles)","timestamp":"2026-06-22T13:10:48.430Z"}
{"level":"info","message":"Cache hit: SOL/USDC 12h — 1473 candles from disk","timestamp":"2026-06-22T13:10:48.431Z"}
{"level":"info","message":"SOL/USDC: cache is up-to-date (1473 candles)","timestamp":"2026-06-22T13:10:48.431Z"}
{"level":"info","message":"Cache hit: ADA/USDC 12h — 1473 candles from disk","timestamp":"2026-06-22T13:10:48.433Z"}
{"level":"info","message":"ADA/USDC: cache is up-to-date (1473 candles)","timestamp":"2026-06-22T13:10:48.433Z"}
{"level":"info","message":"Cache hit: AVAX/USDC 12h — 1473 candles from disk","timestamp":"2026-06-22T13:10:48.435Z"}
{"level":"info","message":"AVAX/USDC: cache is up-to-date (1473 candles)","timestamp":"2026-06-22T13:10:48.435Z"}
{"level":"info","message":"Cache hit: TIA/USDC 12h — 1473 candles from disk","timestamp":"2026-06-22T13:10:48.437Z"}
{"level":"info","message":"TIA/USDC: cache is up-to-date (1473 candles)","timestamp":"2026-06-22T13:10:48.437Z"}
{"level":"info","message":"Cache hit: DOGE/USDC 12h — 1473 candles from disk","timestamp":"2026-06-22T13:10:48.439Z"}
{"level":"info","message":"DOGE/USDC: cache is up-to-date (1473 candles)","timestamp":"2026-06-22T13:10:48.439Z"}
{"level":"info","message":"Cache hit: INJ/USDC 12h — 1473 candles from disk","timestamp":"2026-06-22T13:10:48.441Z"}
{"level":"info","message":"INJ/USDC: cache is up-to-date (1473 candles)","timestamp":"2026-06-22T13:10:48.441Z"}
{"level":"info","message":"Cache hit: ETH/USDC 12h — 1473 candles from disk","timestamp":"2026-06-22T13:10:48.443Z"}
{"level":"info","message":"ETH/USDC: cache is up-to-date (1473 candles)","timestamp":"2026-06-22T13:10:48.443Z"}
{"level":"info","message":"Cache hit: WLD/USDC 12h — 1473 candles from disk","timestamp":"2026-06-22T13:10:48.445Z"}
{"level":"info","message":"WLD/USDC: cache is up-to-date (1473 candles)","timestamp":"2026-06-22T13:10:48.445Z"}
{"level":"info","message":"Cache hit: PEPE/USDC 12h — 1473 candles from disk","timestamp":"2026-06-22T13:10:48.446Z"}
{"level":"info","message":"PEPE/USDC: cache is up-to-date (1473 candles)","timestamp":"2026-06-22T13:10:48.447Z"}
{"level":"info","message":"Cache hit: TON/USDC 12h — 1340 candles from disk","timestamp":"2026-06-22T13:10:48.448Z"}
{"level":"info","message":"TON/USDC: cache is up-to-date (1340 candles)","timestamp":"2026-06-22T13:10:48.448Z"}
{"level":"info","message":"Cache hit: RENDER/USDC 12h — 1394 candles from disk","timestamp":"2026-06-22T13:10:48.450Z"}
{"level":"info","message":"RENDER/USDC: cache is up-to-date (1394 candles)","timestamp":"2026-06-22T13:10:48.450Z"}
{"level":"info","message":"Cache hit: ENA/USDC 12h — 1473 candles from disk","timestamp":"2026-06-22T13:10:48.452Z"}
{"level":"info","message":"ENA/USDC: cache is up-to-date (1473 candles)","timestamp":"2026-06-22T13:10:48.452Z"}
{"level":"info","message":"Cache hit: ICP/USDC 12h — 1473 candles from disk","timestamp":"2026-06-22T13:10:48.454Z"}
{"level":"info","message":"ICP/USDC: cache is up-to-date (1473 candles)","timestamp":"2026-06-22T13:10:48.454Z"}
{"level":"info","message":"Cache hit: APT/USDC 12h — 1473 candles from disk","timestamp":"2026-06-22T13:10:48.456Z"}
{"level":"info","message":"APT/USDC: cache is up-to-date (1473 candles)","timestamp":"2026-06-22T13:10:48.456Z"}
{"level":"info","message":"Cache hit: ARB/USDC 12h — 1473 candles from disk","timestamp":"2026-06-22T13:10:48.457Z"}
{"level":"info","message":"ARB/USDC: cache is up-to-date (1473 candles)","timestamp":"2026-06-22T13:10:48.458Z"}
{"level":"info","message":"Cache hit: JUP/USDC 12h — 1473 candles from disk","timestamp":"2026-06-22T13:10:48.459Z"}
{"level":"info","message":"JUP/USDC: cache is up-to-date (1473 candles)","timestamp":"2026-06-22T13:10:48.460Z"}
{"level":"debug","message":"Cache saved: LINK/USDC 12h — 1473 candles","timestamp":"2026-06-22T13:10:48.571Z"}
{"level":"info","message":"LINK/USDC: 1473 12h candles ready","timestamp":"2026-06-22T13:10:48.571Z"}
{"level":"debug","message":"Cache saved: XRP/USDC 12h — 1473 candles","timestamp":"2026-06-22T13:10:48.572Z"}
{"level":"info","message":"XRP/USDC: 1473 12h candles ready","timestamp":"2026-06-22T13:10:48.572Z"}
{"level":"debug","message":"Cache saved: BNB/USDC 12h — 1473 candles","timestamp":"2026-06-22T13:10:48.572Z"}
{"level":"info","message":"BNB/USDC: 1473 12h candles ready","timestamp":"2026-06-22T13:10:48.572Z"}
{"level":"debug","message":"Cache saved: TRX/USDC 12h — 1314 candles","timestamp":"2026-06-22T13:10:48.572Z"}
{"level":"info","message":"TRX/USDC: 1314 12h candles ready","timestamp":"2026-06-22T13:10:48.573Z"}
{"level":"debug","message":"Cache saved: NEAR/USDC 12h — 1473 candles","timestamp":"2026-06-22T13:10:48.573Z"}
{"level":"info","message":"NEAR/USDC: 1473 12h candles ready","timestamp":"2026-06-22T13:10:48.573Z"}
{"level":"debug","message":"Cache saved: BTC/USDC 12h — 1473 candles","timestamp":"2026-06-22T13:10:48.573Z"}
{"level":"info","message":"BTC/USDC: 1473 12h candles ready","timestamp":"2026-06-22T13:10:48.573Z"}
{"level":"debug","message":"Cache saved: LTC/USDC 12h — 1473 candles","timestamp":"2026-06-22T13:10:48.573Z"}
{"level":"info","message":"LTC/USDC: 1473 12h candles ready","timestamp":"2026-06-22T13:10:48.574Z"}
{"level":"debug","message":"Cache saved: ACH/USDC 12h — 854 candles","timestamp":"2026-06-22T13:10:48.574Z"}
{"level":"info","message":"ACH/USDC: 854 12h candles ready","timestamp":"2026-06-22T13:10:48.574Z"}
{"level":"debug","message":"Cache saved: BCH/USDC 12h — 1473 candles","timestamp":"2026-06-22T13:10:48.574Z"}
{"level":"info","message":"BCH/USDC: 1473 12h candles ready","timestamp":"2026-06-22T13:10:48.574Z"}
{"level":"debug","message":"Cache saved: GMX/USDC 12h — 924 candles","timestamp":"2026-06-22T13:10:48.574Z"}
{"level":"info","message":"GMX/USDC: 924 12h candles ready","timestamp":"2026-06-22T13:10:48.575Z"}
{"level":"debug","message":"Cache saved: JTO/USDC 12h — 1473 candles","timestamp":"2026-06-22T13:10:48.575Z"}
{"level":"info","message":"JTO/USDC: 1473 12h candles ready","timestamp":"2026-06-22T13:10:48.575Z"}
{"level":"debug","message":"Cache saved: ENS/USDC 12h — 1473 candles","timestamp":"2026-06-22T13:10:48.575Z"}
{"level":"info","message":"ENS/USDC: 1473 12h candles ready","timestamp":"2026-06-22T13:10:48.575Z"}
{"level":"debug","message":"Cache saved: PAXG/USDC 12h — 868 candles","timestamp":"2026-06-22T13:10:48.607Z"}
{"level":"info","message":"PAXG/USDC: 868 12h candles ready","timestamp":"2026-06-22T13:10:48.607Z"}
{"level":"debug","message":"Cache saved: MANTA/USDC 12h — 1473 candles","timestamp":"2026-06-22T13:10:48.608Z"}
{"level":"info","message":"MANTA/USDC: 1473 12h candles ready","timestamp":"2026-06-22T13:10:48.608Z"}
{"level":"debug","message":"Cache saved: LDO/USDC 12h — 1473 candles","timestamp":"2026-06-22T13:10:48.608Z"}
{"level":"info","message":"LDO/USDC: 1473 12h candles ready","timestamp":"2026-06-22T13:10:48.608Z"}
{"level":"debug","message":"Cache saved: CRV/USDC 12h — 1473 candles","timestamp":"2026-06-22T13:10:48.608Z"}
{"level":"info","message":"CRV/USDC: 1473 12h candles ready","timestamp":"2026-06-22T13:10:48.609Z"}
{"level":"debug","message":"Cache saved: THETA/USDC 12h — 892 candles","timestamp":"2026-06-22T13:10:48.609Z"}
{"level":"info","message":"THETA/USDC: 892 12h candles ready","timestamp":"2026-06-22T13:10:48.609Z"}
{"level":"debug","message":"Cache saved: SUI/USDC 12h — 1473 candles","timestamp":"2026-06-22T13:10:48.609Z"}
{"level":"info","message":"SUI/USDC: 1473 12h candles ready","timestamp":"2026-06-22T13:10:48.609Z"}
{"level":"debug","message":"Cache saved: PIXEL/USDC 12h — 1473 candles","timestamp":"2026-06-22T13:10:48.609Z"}
{"level":"info","message":"PIXEL/USDC: 1473 12h candles ready","timestamp":"2026-06-22T13:10:48.610Z"}
{"level":"debug","message":"Cache saved: VANRY/USDC 12h — 920 candles","timestamp":"2026-06-22T13:10:48.610Z"}
{"level":"info","message":"VANRY/USDC: 920 12h candles ready","timestamp":"2026-06-22T13:10:48.610Z"}
{"level":"debug","message":"Cache saved: ADA/USDC 12h — 1473 candles","timestamp":"2026-06-22T13:10:48.610Z"}
{"level":"info","message":"ADA/USDC: 1473 12h candles ready","timestamp":"2026-06-22T13:10:48.610Z"}
{"level":"debug","message":"Cache saved: TIA/USDC 12h — 1473 candles","timestamp":"2026-06-22T13:10:48.611Z"}
{"level":"info","message":"TIA/USDC: 1473 12h candles ready","timestamp":"2026-06-22T13:10:48.611Z"}
{"level":"debug","message":"Cache saved: AVAX/USDC 12h — 1473 candles","timestamp":"2026-06-22T13:10:48.611Z"}
{"level":"info","message":"AVAX/USDC: 1473 12h candles ready","timestamp":"2026-06-22T13:10:48.611Z"}
{"level":"debug","message":"Cache saved: SOL/USDC 12h — 1473 candles","timestamp":"2026-06-22T13:10:48.611Z"}
{"level":"info","message":"SOL/USDC: 1473 12h candles ready","timestamp":"2026-06-22T13:10:48.612Z"}
{"level":"debug","message":"Cache saved: DOGE/USDC 12h — 1473 candles","timestamp":"2026-06-22T13:10:48.612Z"}
{"level":"info","message":"DOGE/USDC: 1473 12h candles ready","timestamp":"2026-06-22T13:10:48.612Z"}
{"level":"debug","message":"Cache saved: WLD/USDC 12h — 1473 candles","timestamp":"2026-06-22T13:10:48.612Z"}
{"level":"info","message":"WLD/USDC: 1473 12h candles ready","timestamp":"2026-06-22T13:10:48.612Z"}
{"level":"debug","message":"Cache saved: PEPE/USDC 12h — 1473 candles","timestamp":"2026-06-22T13:10:48.613Z"}
{"level":"info","message":"PEPE/USDC: 1473 12h candles ready","timestamp":"2026-06-22T13:10:48.613Z"}
{"level":"debug","message":"Cache saved: RENDER/USDC 12h — 1394 candles","timestamp":"2026-06-22T13:10:48.613Z"}
{"level":"info","message":"RENDER/USDC: 1394 12h candles ready","timestamp":"2026-06-22T13:10:48.613Z"}
{"level":"debug","message":"Cache saved: ENA/USDC 12h — 1473 candles","timestamp":"2026-06-22T13:10:48.613Z"}
{"level":"info","message":"ENA/USDC: 1473 12h candles ready","timestamp":"2026-06-22T13:10:48.614Z"}
{"level":"debug","message":"Cache saved: APT/USDC 12h — 1473 candles","timestamp":"2026-06-22T13:10:48.614Z"}
{"level":"info","message":"APT/USDC: 1473 12h candles ready","timestamp":"2026-06-22T13:10:48.614Z"}
{"level":"debug","message":"Cache saved: TON/USDC 12h — 1340 candles","timestamp":"2026-06-22T13:10:48.614Z"}
{"level":"info","message":"TON/USDC: 1340 12h candles ready","timestamp":"2026-06-22T13:10:48.614Z"}
{"level":"debug","message":"Cache saved: ARB/USDC 12h — 1473 candles","timestamp":"2026-06-22T13:10:48.614Z"}
{"level":"info","message":"ARB/USDC: 1473 12h candles ready","timestamp":"2026-06-22T13:10:48.615Z"}
{"level":"debug","message":"Cache saved: ICP/USDC 12h — 1473 candles","timestamp":"2026-06-22T13:10:48.615Z"}
{"level":"info","message":"ICP/USDC: 1473 12h candles ready","timestamp":"2026-06-22T13:10:48.615Z"}
{"level":"debug","message":"Cache saved: JUP/USDC 12h — 1473 candles","timestamp":"2026-06-22T13:10:48.615Z"}
{"level":"info","message":"JUP/USDC: 1473 12h candles ready","timestamp":"2026-06-22T13:10:48.615Z"}
{"level":"debug","message":"Cache saved: ETH/USDC 12h — 1473 candles","timestamp":"2026-06-22T13:10:48.615Z"}
{"level":"info","message":"ETH/USDC: 1473 12h candles ready","timestamp":"2026-06-22T13:10:48.616Z"}
{"level":"debug","message":"Cache saved: INJ/USDC 12h — 1473 candles","timestamp":"2026-06-22T13:10:48.616Z"}
{"level":"info","message":"INJ/USDC: 1473 12h candles ready","timestamp":"2026-06-22T13:10:48.616Z"}
{"level":"info","message":"LSK/USDC: appended 0 new candles","timestamp":"2026-06-22T13:10:51.902Z"}
{"level":"debug","message":"Cache saved: LSK/USDC 12h — 413 candles","timestamp":"2026-06-22T13:10:51.905Z"}
{"level":"info","message":"LSK/USDC: 413 12h candles ready","timestamp":"2026-06-22T13:10:51.905Z"}
{"level":"info","message":"[LIVE] TIA/USDC: restored persisted stop=0.37724500 HWM=0.39820000","timestamp":"2026-06-22T13:10:52.917Z"}
{"level":"info","message":"[LIVE] Restored position from exchange: TIA/USDC qty=48.074286 entry=0.3971 notional=$19.14 SL=0.377245","timestamp":"2026-06-22T13:10:52.917Z"}
{"level":"debug","message":"[AGG] BTC/USDC: strategy[0]=unknown → HOLD conf=0.20 \"No EMA crossover (fast 64140.8994 vs slow 64522.6812)\"","timestamp":"2026-06-22T13:10:53.764Z"}
{"level":"debug","message":"[AGG] BTC/USDC: strategy[1]=unknown → HOLD conf=0.10 \"PSAR downtrend continues (SAR 65352.1574)\"","timestamp":"2026-06-22T13:10:53.764Z"}
{"level":"debug","message":"[AGG] BTC/USDC: strategy[2]=unknown → SELL conf=0.62 \"HA flipped bearish ↓ after 4-bar bull streak\"","timestamp":"2026-06-22T13:10:53.764Z"}
{"level":"debug","message":"[AGG] BTC/USDC: votes BUY=0.00 SELL=1.00 HOLD=2.00 total_weight=1.00 external=0","timestamp":"2026-06-22T13:10:53.765Z"}
{"level":"debug","message":"[AGG] BTC/USDC: decision=HOLD confidence=2.00 tie=false belowMin=false (minConf=0.55)","timestamp":"2026-06-22T13:10:53.765Z"}
{"level":"debug","message":"[AGG] XRP/USDC: strategy[0]=unknown → HOLD conf=0.20 \"Price 1.1470 inside BB [1.0963–1.2398]\"","timestamp":"2026-06-22T13:10:53.799Z"}
{"level":"debug","message":"[AGG] XRP/USDC: strategy[1]=unknown → BUY conf=0.62 \"Stoch K=16.4 crossed above D=14.8 in oversold zone\"","timestamp":"2026-06-22T13:10:53.800Z"}
{"level":"debug","message":"[AGG] XRP/USDC: strategy[2]=unknown → HOLD conf=0.20 \"No EMA crossover (fast 1.1540 vs slow 1.1657)\"","timestamp":"2026-06-22T13:10:53.800Z"}
{"level":"debug","message":"[AGG] XRP/USDC: votes BUY=1.00 SELL=0.00 HOLD=2.00 total_weight=1.00 external=0","timestamp":"2026-06-22T13:10:53.800Z"}
{"level":"debug","message":"[AGG] XRP/USDC: decision=HOLD confidence=2.00 tie=false belowMin=false (minConf=0.55)","timestamp":"2026-06-22T13:10:53.800Z"}
{"level":"debug","message":"[AGG] LINK/USDC: strategy[0]=unknown → HOLD conf=0.20 \"Price 8.0800 inside BB [7.7452–8.3529]\"","timestamp":"2026-06-22T13:10:53.822Z"}
{"level":"debug","message":"[AGG] LINK/USDC: strategy[1]=unknown → HOLD conf=0.20 \"Stoch K=37.9 D=26.1 — no crossover in extreme zone\"","timestamp":"2026-06-22T13:10:53.823Z"}
{"level":"debug","message":"[AGG] LINK/USDC: strategy[2]=unknown → HOLD conf=0.10 \"Supertrend downtrend continues (ST 8.4740)\"","timestamp":"2026-06-22T13:10:53.823Z"}
{"level":"debug","message":"[AGG] LINK/USDC: votes BUY=0.00 SELL=0.00 HOLD=3.00 total_weight=0.00 external=0","timestamp":"2026-06-22T13:10:53.823Z"}
{"level":"debug","message":"[AGG] LINK/USDC: decision=HOLD confidence=0.00 tie=false belowMin=true (minConf=0.7)","timestamp":"2026-06-22T13:10:53.823Z"}
{"level":"debug","message":"[AGG] BNB/USDC: strategy[0]=unknown → HOLD conf=0.20 \"%R -57.6 neutral\"","timestamp":"2026-06-22T13:10:53.827Z"}
{"level":"debug","message":"[AGG] BNB/USDC: strategy[1]=unknown → HOLD conf=0.15 \"HA bullish continuation\"","timestamp":"2026-06-22T13:10:53.828Z"}
{"level":"debug","message":"[AGG] BNB/USDC: strategy[2]=unknown → SELL conf=0.62 \"Resistance 597.8000 (2×)\"","timestamp":"2026-06-22T13:10:53.828Z"}
{"level":"debug","message":"[AGG] BNB/USDC: votes BUY=0.00 SELL=1.00 HOLD=2.00 total_weight=1.00 external=0","timestamp":"2026-06-22T13:10:53.828Z"}
{"level":"debug","message":"[AGG] BNB/USDC: decision=HOLD confidence=2.00 tie=false belowMin=false (minConf=0.55)","timestamp":"2026-06-22T13:10:53.828Z"}
{"level":"debug","message":"[AGG] LTC/USDC: strategy[0]=unknown → HOLD conf=0.20 \"Price 45.2300 inside BB [43.0487–46.2013]\"","timestamp":"2026-06-22T13:10:53.834Z"}
{"level":"debug","message":"[AGG] LTC/USDC: strategy[1]=unknown → HOLD conf=0.20 \"No EMA crossover (fast 44.6240 vs slow 44.7495)\"","timestamp":"2026-06-22T13:10:53.834Z"}
{"level":"debug","message":"[AGG] LTC/USDC: strategy[2]=unknown → HOLD conf=0.20 \"%R -32.6 neutral\"","timestamp":"2026-06-22T13:10:53.835Z"}
{"level":"debug","message":"[AGG] LTC/USDC: votes BUY=0.00 SELL=0.00 HOLD=3.00 total_weight=0.00 external=0","timestamp":"2026-06-22T13:10:53.835Z"}
{"level":"debug","message":"[AGG] LTC/USDC: decision=HOLD confidence=0.00 tie=false belowMin=true (minConf=0.55)","timestamp":"2026-06-22T13:10:53.835Z"}
{"level":"debug","message":"[AGG] NEAR/USDC: strategy[0]=unknown → HOLD conf=0.20 \"RSI 48.3 neutral\"","timestamp":"2026-06-22T13:10:53.851Z"}
{"level":"debug","message":"[AGG] NEAR/USDC: strategy[1]=unknown → HOLD conf=0.20 \"Price 2.1650 inside BB [1.9706–2.4523]\"","timestamp":"2026-06-22T13:10:53.852Z"}
{"level":"debug","message":"[AGG] NEAR/USDC: strategy[2]=unknown → HOLD conf=0.20 \"Stoch K=16.9 D=23.9 — no crossover in extreme zone\"","timestamp":"2026-06-22T13:10:53.852Z"}
{"level":"debug","message":"[AGG] NEAR/USDC: strategy[3]=unknown → HOLD conf=0.10 \"No significant S/R zone nearby\"","timestamp":"2026-06-22T13:10:53.852Z"}
{"level":"debug","message":"[AGG] NEAR/USDC: votes BUY=0.00 SELL=0.00 HOLD=4.00 total_weight=0.00 external=0","timestamp":"2026-06-22T13:10:53.852Z"}
{"level":"debug","message":"[AGG] NEAR/USDC: decision=HOLD confidence=0.00 tie=false belowMin=true (minConf=0.7)","timestamp":"2026-06-22T13:10:53.852Z"}
{"level":"debug","message":"[AGG] TRX/USDC: strategy[0]=unknown → HOLD conf=0.90 \"CCI 199.2 overbought — still rising, wait\"","timestamp":"2026-06-22T13:10:53.866Z"}
{"level":"debug","message":"[AGG] TRX/USDC: strategy[1]=unknown → HOLD conf=0.20 \"Stoch K=97.4 D=96.8 — no crossover in extreme zone\"","timestamp":"2026-06-22T13:10:53.866Z"}
{"level":"debug","message":"[AGG] TRX/USDC: strategy[2]=unknown → HOLD conf=0.20 \"StochRSI K=100.0 D=100.0 — no extreme crossover\"","timestamp":"2026-06-22T13:10:53.866Z"}
{"level":"debug","message":"[AGG] TRX/USDC: votes BUY=0.00 SELL=0.00 HOLD=3.00 total_weight=0.00 external=0","timestamp":"2026-06-22T13:10:53.866Z"}
{"level":"debug","message":"[AGG] TRX/USDC: decision=HOLD confidence=0.00 tie=false belowMin=true (minConf=0.7)","timestamp":"2026-06-22T13:10:53.866Z"}
{"level":"debug","message":"[AGG] BCH/USDC: strategy[0]=unknown → HOLD conf=0.20 \"Price 201.0000 inside BB [188.8657–224.9543]\"","timestamp":"2026-06-22T13:10:53.880Z"}
{"level":"debug","message":"[AGG] BCH/USDC: strategy[1]=unknown → HOLD conf=0.20 \"OBV below EMA-20 — no cross\"","timestamp":"2026-06-22T13:10:53.881Z"}
{"level":"debug","message":"[AGG] BCH/USDC: strategy[2]=unknown → HOLD conf=0.20 \"%R -78.3 neutral\"","timestamp":"2026-06-22T13:10:53.881Z"}
{"level":"debug","message":"[AGG] BCH/USDC: votes BUY=0.00 SELL=0.00 HOLD=3.00 total_weight=0.00 external=0","timestamp":"2026-06-22T13:10:53.881Z"}
{"level":"debug","message":"[AGG] BCH/USDC: decision=HOLD confidence=0.00 tie=false belowMin=true (minConf=0.55)","timestamp":"2026-06-22T13:10:53.881Z"}
{"level":"debug","message":"[AGG] ACH/USDC: strategy[0]=unknown → HOLD conf=0.20 \"RSI 40.3 neutral\"","timestamp":"2026-06-22T13:10:53.888Z"}
{"level":"debug","message":"[AGG] ACH/USDC: strategy[1]=unknown → HOLD conf=0.20 \"Price 0.0051 inside BB [0.0049–0.0057]\"","timestamp":"2026-06-22T13:10:53.889Z"}
{"level":"debug","message":"[AGG] ACH/USDC: strategy[2]=unknown → HOLD conf=0.20 \"CCI -80.1 neutral\"","timestamp":"2026-06-22T13:10:53.889Z"}
{"level":"debug","message":"[AGG] ACH/USDC: votes BUY=0.00 SELL=0.00 HOLD=3.00 total_weight=0.00 external=0","timestamp":"2026-06-22T13:10:53.889Z"}
{"level":"debug","message":"[AGG] ACH/USDC: decision=HOLD confidence=0.00 tie=false belowMin=true (minConf=0.7)","timestamp":"2026-06-22T13:10:53.889Z"}
{"level":"debug","message":"[AGG] CRV/USDC: strategy[0]=unknown → HOLD conf=0.10 \"ADX 21.6 < 25 — ranging, skip\"","timestamp":"2026-06-22T13:10:53.903Z"}
{"level":"debug","message":"[AGG] CRV/USDC: strategy[1]=unknown → BUY conf=0.79 \"StochRSI K=8.0 crossed above D=4.9 in oversold ↑\"","timestamp":"2026-06-22T13:10:53.903Z"}
{"level":"debug","message":"[AGG] CRV/USDC: strategy[2]=unknown → HOLD conf=0.10 \"No significant S/R zone nearby\"","timestamp":"2026-06-22T13:10:53.903Z"}
{"level":"debug","message":"[AGG] CRV/USDC: votes BUY=1.00 SELL=0.00 HOLD=2.00 total_weight=1.00 external=0","timestamp":"2026-06-22T13:10:53.903Z"}
{"level":"debug","message":"[AGG] CRV/USDC: decision=HOLD confidence=2.00 tie=false belowMin=false (minConf=0.55)","timestamp":"2026-06-22T13:10:53.903Z"}
{"level":"debug","message":"[AGG] ENS/USDC: strategy[0]=unknown → HOLD conf=0.20 \"Price 4.7100 inside BB [4.5886–5.5854]\"","timestamp":"2026-06-22T13:10:53.913Z"}
{"level":"debug","message":"[AGG] ENS/USDC: strategy[1]=unknown → HOLD conf=0.10 \"PSAR downtrend continues (SAR 5.3516)\"","timestamp":"2026-06-22T13:10:53.913Z"}
{"level":"debug","message":"[AGG] ENS/USDC: strategy[2]=unknown → HOLD conf=0.10 \"No significant S/R zone nearby\"","timestamp":"2026-06-22T13:10:53.913Z"}
{"level":"debug","message":"[AGG] ENS/USDC: votes BUY=0.00 SELL=0.00 HOLD=3.00 total_weight=0.00 external=0","timestamp":"2026-06-22T13:10:53.913Z"}
{"level":"debug","message":"[AGG] ENS/USDC: decision=HOLD confidence=0.00 tie=false belowMin=true (minConf=0.55)","timestamp":"2026-06-22T13:10:53.913Z"}
{"level":"debug","message":"[AGG] GMX/USDC: strategy[0]=unknown → HOLD conf=0.20 \"RSI 53.0 neutral\"","timestamp":"2026-06-22T13:10:53.920Z"}
{"level":"debug","message":"[AGG] GMX/USDC: strategy[1]=unknown → HOLD conf=0.20 \"Price 5.9400 inside BB [5.4576–6.1844]\"","timestamp":"2026-06-22T13:10:53.921Z"}
{"level":"debug","message":"[AGG] GMX/USDC: strategy[2]=unknown → HOLD conf=0.20 \"CCI 43.1 neutral\"","timestamp":"2026-06-22T13:10:53.921Z"}
{"level":"debug","message":"[AGG] GMX/USDC: votes BUY=0.00 SELL=0.00 HOLD=3.00 total_weight=0.00 external=0","timestamp":"2026-06-22T13:10:53.921Z"}
{"level":"debug","message":"[AGG] GMX/USDC: decision=HOLD confidence=0.00 tie=false belowMin=true (minConf=0.7)","timestamp":"2026-06-22T13:10:53.921Z"}
{"level":"debug","message":"[AGG] JTO/USDC: strategy[0]=unknown → HOLD conf=0.20 \"CCI -23.8 neutral\"","timestamp":"2026-06-22T13:10:53.927Z"}
{"level":"debug","message":"[AGG] JTO/USDC: strategy[1]=unknown → HOLD conf=0.10 \"PSAR downtrend continues (SAR 0.8593)\"","timestamp":"2026-06-22T13:10:53.927Z"}
{"level":"debug","message":"[AGG] JTO/USDC: strategy[2]=unknown → HOLD conf=0.10 \"No significant S/R zone nearby\"","timestamp":"2026-06-22T13:10:53.927Z"}
{"level":"debug","message":"[AGG] JTO/USDC: votes BUY=0.00 SELL=0.00 HOLD=3.00 total_weight=0.00 external=0","timestamp":"2026-06-22T13:10:53.927Z"}
{"level":"debug","message":"[AGG] JTO/USDC: decision=HOLD confidence=0.00 tie=false belowMin=true (minConf=0.55)","timestamp":"2026-06-22T13:10:53.927Z"}
{"level":"debug","message":"[AGG] LDO/USDC: strategy[0]=unknown → HOLD conf=0.20 \"MACD -0.0002 vs signal -0.0018 hist:0.0016\"","timestamp":"2026-06-22T13:10:53.942Z"}
{"level":"debug","message":"[AGG] LDO/USDC: strategy[1]=unknown → HOLD conf=0.10 \"ADX 20.9 < 25 — ranging, skip\"","timestamp":"2026-06-22T13:10:53.943Z"}
{"level":"debug","message":"[AGG] LDO/USDC: strategy[2]=unknown → HOLD conf=0.20 \"%R -61.0 neutral\"","timestamp":"2026-06-22T13:10:53.943Z"}
{"level":"debug","message":"[AGG] LDO/USDC: votes BUY=0.00 SELL=0.00 HOLD=3.00 total_weight=0.00 external=0","timestamp":"2026-06-22T13:10:53.943Z"}
{"level":"debug","message":"[AGG] LDO/USDC: decision=HOLD confidence=0.00 tie=false belowMin=true (minConf=0.55)","timestamp":"2026-06-22T13:10:53.943Z"}
{"level":"debug","message":"[AGG] LSK/USDC: strategy[0]=unknown → BUY conf=0.55 \"MACD crossed above signal hist:0.0001\"","timestamp":"2026-06-22T13:10:53.947Z"}
{"level":"debug","message":"[AGG] LSK/USDC: strategy[1]=unknown → HOLD conf=0.20 \"MFI 58.7 neutral\"","timestamp":"2026-06-22T13:10:53.947Z"}
{"level":"debug","message":"[AGG] LSK/USDC: strategy[2]=unknown → HOLD conf=0.10 \"PSAR downtrend continues (SAR 0.0960)\"","timestamp":"2026-06-22T13:10:53.947Z"}
{"level":"debug","message":"[AGG] LSK/USDC: votes BUY=1.00 SELL=0.00 HOLD=2.00 total_weight=1.00 external=0","timestamp":"2026-06-22T13:10:53.947Z"}
{"level":"debug","message":"[AGG] LSK/USDC: decision=HOLD confidence=2.00 tie=false belowMin=false (minConf=0.55)","timestamp":"2026-06-22T13:10:53.947Z"}
{"level":"debug","message":"[AGG] MANTA/USDC: strategy[0]=unknown → HOLD conf=0.20 \"RSI 48.7 neutral\"","timestamp":"2026-06-22T13:10:53.968Z"}
{"level":"debug","message":"[AGG] MANTA/USDC: strategy[1]=unknown → HOLD conf=0.20 \"Price 0.0799 inside BB [0.0787–0.0833]\"","timestamp":"2026-06-22T13:10:53.968Z"}
{"level":"debug","message":"[AGG] MANTA/USDC: strategy[2]=unknown → HOLD conf=0.20 \"CCI -77.7 neutral\"","timestamp":"2026-06-22T13:10:53.968Z"}
{"level":"debug","message":"[AGG] MANTA/USDC: votes BUY=0.00 SELL=0.00 HOLD=3.00 total_weight=0.00 external=0","timestamp":"2026-06-22T13:10:53.968Z"}
{"level":"debug","message":"[AGG] MANTA/USDC: decision=HOLD confidence=0.00 tie=false belowMin=true (minConf=0.7)","timestamp":"2026-06-22T13:10:53.968Z"}
{"level":"debug","message":"[AGG] PAXG/USDC: strategy[0]=unknown → HOLD conf=0.20 \"MACD -40.3398 vs signal -39.4025 hist:-0.9374\"","timestamp":"2026-06-22T13:10:53.975Z"}
{"level":"debug","message":"[AGG] PAXG/USDC: strategy[1]=unknown → SELL conf=0.58 \"ADX 26.5 downtrend (-DI 27.0 > +DI 19.7)\"","timestamp":"2026-06-22T13:10:53.976Z"}
{"level":"debug","message":"[AGG] PAXG/USDC: strategy[2]=unknown → HOLD conf=0.10 \"Supertrend downtrend continues (ST 4299.0234)\"","timestamp":"2026-06-22T13:10:53.976Z"}
{"level":"debug","message":"[AGG] PAXG/USDC: votes BUY=0.00 SELL=1.00 HOLD=2.00 total_weight=1.00 external=0","timestamp":"2026-06-22T13:10:53.976Z"}
{"level":"debug","message":"[AGG] PAXG/USDC: decision=HOLD confidence=2.00 tie=false belowMin=false (minConf=0.55)","timestamp":"2026-06-22T13:10:53.976Z"}
{"level":"debug","message":"[AGG] PIXEL/USDC: strategy[0]=unknown → HOLD conf=0.20 \"No EMA crossover (fast 0.0054 vs slow 0.0055)\"","timestamp":"2026-06-22T13:10:53.987Z"}
{"level":"debug","message":"[AGG] PIXEL/USDC: strategy[1]=unknown → BUY conf=0.48 \"ADX 22.4 uptrend (+DI 23.8 > -DI 22.6)\"","timestamp":"2026-06-22T13:10:53.987Z"}
{"level":"debug","message":"[AGG] PIXEL/USDC: strategy[2]=unknown → HOLD conf=0.10 \"No significant S/R zone nearby\"","timestamp":"2026-06-22T13:10:53.987Z"}
{"level":"debug","message":"[AGG] PIXEL/USDC: votes BUY=1.00 SELL=0.00 HOLD=2.00 total_weight=1.00 external=0","timestamp":"2026-06-22T13:10:53.987Z"}
{"level":"debug","message":"[AGG] PIXEL/USDC: decision=HOLD confidence=2.00 tie=false belowMin=false (minConf=0.55)","timestamp":"2026-06-22T13:10:53.987Z"}
{"level":"debug","message":"[AGG] SUI/USDC: strategy[0]=unknown → HOLD conf=0.20 \"RSI 44.5 neutral\"","timestamp":"2026-06-22T13:10:53.998Z"}
{"level":"debug","message":"[AGG] SUI/USDC: strategy[1]=unknown → HOLD conf=0.20 \"Stoch K=33.3 D=15.7 — no crossover in extreme zone\"","timestamp":"2026-06-22T13:10:53.998Z"}
{"level":"debug","message":"[AGG] SUI/USDC: strategy[2]=unknown → HOLD conf=0.51 \"MFI 19.5 oversold — still falling, wait\"","timestamp":"2026-06-22T13:10:53.998Z"}
{"level":"debug","message":"[AGG] SUI/USDC: votes BUY=0.00 SELL=0.00 HOLD=3.00 total_weight=0.00 external=0","timestamp":"2026-06-22T13:10:53.998Z"}
{"level":"debug","message":"[AGG] SUI/USDC: decision=HOLD confidence=0.00 tie=false belowMin=true (minConf=0.7)","timestamp":"2026-06-22T13:10:53.998Z"}
{"level":"debug","message":"[AGG] THETA/USDC: strategy[0]=unknown → HOLD conf=0.20 \"RSI 43.6 neutral\"","timestamp":"2026-06-22T13:10:54.003Z"}
{"level":"debug","message":"[AGG] THETA/USDC: strategy[1]=unknown → HOLD conf=0.20 \"CCI -81.2 neutral\"","timestamp":"2026-06-22T13:10:54.004Z"}
{"level":"debug","message":"[AGG] THETA/USDC: strategy[2]=unknown → SELL conf=0.55 \"OBV crossed below EMA-20 — volume sellers in control\"","timestamp":"2026-06-22T13:10:54.004Z"}
{"level":"debug","message":"[AGG] THETA/USDC: votes BUY=0.00 SELL=1.00 HOLD=2.00 total_weight=1.00 external=0","timestamp":"2026-06-22T13:10:54.004Z"}
{"level":"debug","message":"[AGG] THETA/USDC: decision=HOLD confidence=2.00 tie=false belowMin=false (minConf=0.55)","timestamp":"2026-06-22T13:10:54.004Z"}
{"level":"debug","message":"[AGG] TIA/USDC: strategy[0]=unknown → HOLD conf=0.20 \"CCI 55.8 neutral\"","timestamp":"2026-06-22T13:10:54.011Z"}
{"level":"debug","message":"[AGG] TIA/USDC: strategy[1]=unknown → BUY conf=0.85 \"MACD crossed above signal (above zero) ↑ hist:0.0007\"","timestamp":"2026-06-22T13:10:54.012Z"}
{"level":"debug","message":"[AGG] TIA/USDC: strategy[2]=unknown → BUY conf=0.73 \"HA flipped bullish ↑ after 8-bar bear streak\"","timestamp":"2026-06-22T13:10:54.012Z"}
{"level":"debug","message":"[AGG] TIA/USDC: votes BUY=2.00 SELL=0.00 HOLD=1.00 total_weight=2.00 external=0","timestamp":"2026-06-22T13:10:54.012Z"}
{"level":"debug","message":"[AGG] TIA/USDC: decision=BUY confidence=1.00 tie=false","timestamp":"2026-06-22T13:10:54.012Z"}
{"level":"debug","message":"[AGG] VANRY/USDC: strategy[0]=unknown → HOLD conf=0.20 \"No EMA crossover (fast 0.0035 vs slow 0.0035)\"","timestamp":"2026-06-22T13:10:54.022Z"}
{"level":"debug","message":"[AGG] VANRY/USDC: strategy[1]=unknown → HOLD conf=0.20 \"MACD -0.0001 vs signal -0.0001 hist:0.0000\"","timestamp":"2026-06-22T13:10:54.023Z"}
{"level":"debug","message":"[AGG] VANRY/USDC: strategy[2]=unknown → BUY conf=0.65 \"ADX 32.0 uptrend (+DI 25.4 > -DI 16.2)\"","timestamp":"2026-06-22T13:10:54.023Z"}
{"level":"debug","message":"[AGG] VANRY/USDC: votes BUY=1.00 SELL=0.00 HOLD=2.00 total_weight=1.00 external=0","timestamp":"2026-06-22T13:10:54.023Z"}
{"level":"debug","message":"[AGG] VANRY/USDC: decision=HOLD confidence=2.00 tie=false belowMin=false (minConf=0.55)","timestamp":"2026-06-22T13:10:54.023Z"}
{"level":"debug","message":"[AGG] SOL/USDC: strategy[0]=unknown → HOLD conf=0.20 \"Price 74.1100 inside BB [66.5863–76.0487]\"","timestamp":"2026-06-22T13:10:54.032Z"}
{"level":"debug","message":"[AGG] SOL/USDC: strategy[1]=unknown → HOLD conf=0.20 \"%R -23.8 neutral\"","timestamp":"2026-06-22T13:10:54.033Z"}
{"level":"debug","message":"[AGG] SOL/USDC: strategy[2]=unknown → HOLD conf=0.20 \"StochRSI K=82.7 D=79.5 — no extreme crossover\"","timestamp":"2026-06-22T13:10:54.033Z"}
{"level":"debug","message":"[AGG] SOL/USDC: votes BUY=0.00 SELL=0.00 HOLD=3.00 total_weight=0.00 external=0","timestamp":"2026-06-22T13:10:54.033Z"}
{"level":"debug","message":"[AGG] SOL/USDC: decision=HOLD confidence=0.00 tie=false belowMin=true (minConf=0.55)","timestamp":"2026-06-22T13:10:54.033Z"}
{"level":"debug","message":"[AGG] ADA/USDC: strategy[0]=unknown → HOLD conf=0.20 \"RSI 37.1 neutral\"","timestamp":"2026-06-22T13:10:54.045Z"}
{"level":"debug","message":"[AGG] ADA/USDC: strategy[1]=unknown → HOLD conf=0.20 \"Price 0.1616 inside BB [0.1540–0.1838]\"","timestamp":"2026-06-22T13:10:54.045Z"}
{"level":"debug","message":"[AGG] ADA/USDC: strategy[2]=unknown → HOLD conf=0.20 \"CCI -93.2 neutral\"","timestamp":"2026-06-22T13:10:54.045Z"}
{"level":"debug","message":"[AGG] ADA/USDC: votes BUY=0.00 SELL=0.00 HOLD=3.00 total_weight=0.00 external=0","timestamp":"2026-06-22T13:10:54.045Z"}
{"level":"debug","message":"[AGG] ADA/USDC: decision=HOLD confidence=0.00 tie=false belowMin=true (minConf=0.55)","timestamp":"2026-06-22T13:10:54.045Z"}
{"level":"debug","message":"[AGG] AVAX/USDC: strategy[0]=unknown → HOLD conf=0.20 \"RSI 40.8 neutral\"","timestamp":"2026-06-22T13:10:54.048Z"}
{"level":"debug","message":"[AGG] AVAX/USDC: strategy[1]=unknown → HOLD conf=0.20 \"MACD -0.2584 vs signal -0.2813 hist:0.0229\"","timestamp":"2026-06-22T13:10:54.049Z"}
{"level":"debug","message":"[AGG] AVAX/USDC: strategy[2]=unknown → HOLD conf=0.10 \"PSAR downtrend continues (SAR 6.5285)\"","timestamp":"2026-06-22T13:10:54.049Z"}
{"level":"debug","message":"[AGG] AVAX/USDC: votes BUY=0.00 SELL=0.00 HOLD=3.00 total_weight=0.00 external=0","timestamp":"2026-06-22T13:10:54.049Z"}
{"level":"debug","message":"[AGG] AVAX/USDC: decision=HOLD confidence=0.00 tie=false belowMin=true (minConf=0.55)","timestamp":"2026-06-22T13:10:54.049Z"}
{"level":"debug","message":"[AGG] DOGE/USDC: strategy[0]=unknown → HOLD conf=0.20 \"No EMA crossover (fast 0.0843 vs slow 0.0858)\"","timestamp":"2026-06-22T13:10:54.050Z"}
{"level":"debug","message":"[AGG] DOGE/USDC: strategy[1]=unknown → HOLD conf=0.10 \"PSAR downtrend continues (SAR 0.0896)\"","timestamp":"2026-06-22T13:10:54.050Z"}
{"level":"debug","message":"[AGG] DOGE/USDC: strategy[2]=unknown → HOLD conf=0.15 \"HA bearish continuation\"","timestamp":"2026-06-22T13:10:54.050Z"}
{"level":"debug","message":"[AGG] DOGE/USDC: votes BUY=0.00 SELL=0.00 HOLD=3.00 total_weight=0.00 external=0","timestamp":"2026-06-22T13:10:54.050Z"}
{"level":"debug","message":"[AGG] DOGE/USDC: decision=HOLD confidence=0.00 tie=false belowMin=true (minConf=0.55)","timestamp":"2026-06-22T13:10:54.051Z"}
{"level":"debug","message":"[AGG] INJ/USDC: strategy[0]=unknown → HOLD conf=0.10 \"ADX 14.1 < 25 — ranging, skip\"","timestamp":"2026-06-22T13:10:54.059Z"}
{"level":"debug","message":"[AGG] INJ/USDC: strategy[1]=unknown → BUY conf=0.56 \"OBV crossed above EMA-20 — volume buyers in control\"","timestamp":"2026-06-22T13:10:54.059Z"}
{"level":"debug","message":"[AGG] INJ/USDC: strategy[2]=unknown → BUY conf=0.94 \"StochRSI K=0.7 crossed above D=0.2 in oversold ↑\"","timestamp":"2026-06-22T13:10:54.059Z"}
{"level":"debug","message":"[AGG] INJ/USDC: votes BUY=2.00 SELL=0.00 HOLD=1.00 total_weight=2.00 external=0","timestamp":"2026-06-22T13:10:54.059Z"}
{"level":"debug","message":"[AGG] INJ/USDC: decision=BUY confidence=1.00 tie=false","timestamp":"2026-06-22T13:10:54.059Z"}
{"level":"debug","message":"[AGG] ETH/USDC: strategy[0]=unknown → HOLD conf=0.10 \"Supertrend uptrend continues (ST 1631.9562)\"","timestamp":"2026-06-22T13:10:54.065Z"}
{"level":"debug","message":"[AGG] ETH/USDC: strategy[1]=unknown → HOLD conf=0.20 \"MFI 47.0 neutral\"","timestamp":"2026-06-22T13:10:54.065Z"}
{"level":"debug","message":"[AGG] ETH/USDC: strategy[2]=unknown → BUY conf=0.62 \"Support 1749.5100 (4×)\"","timestamp":"2026-06-22T13:10:54.065Z"}
{"level":"debug","message":"[AGG] ETH/USDC: votes BUY=1.00 SELL=0.00 HOLD=2.00 total_weight=1.00 external=0","timestamp":"2026-06-22T13:10:54.065Z"}
{"level":"debug","message":"[AGG] ETH/USDC: decision=HOLD confidence=2.00 tie=false belowMin=false (minConf=0.55)","timestamp":"2026-06-22T13:10:54.065Z"}
{"level":"debug","message":"[AGG] WLD/USDC: strategy[0]=unknown → HOLD conf=0.20 \"Price 0.6263 inside BB [0.4706–0.7186]\"","timestamp":"2026-06-22T13:10:54.080Z"}
{"level":"debug","message":"[AGG] WLD/USDC: strategy[1]=unknown → HOLD conf=0.20 \"CCI 47.6 neutral\"","timestamp":"2026-06-22T13:10:54.081Z"}
{"level":"debug","message":"[AGG] WLD/USDC: strategy[2]=unknown → BUY conf=0.88 \"ADX 49.7 uptrend (+DI 25.4 > -DI 7.4)\"","timestamp":"2026-06-22T13:10:54.081Z"}
{"level":"debug","message":"[AGG] WLD/USDC: votes BUY=1.00 SELL=0.00 HOLD=2.00 total_weight=1.00 external=0","timestamp":"2026-06-22T13:10:54.081Z"}
{"level":"debug","message":"[AGG] WLD/USDC: decision=HOLD confidence=2.00 tie=false belowMin=false (minConf=0.55)","timestamp":"2026-06-22T13:10:54.081Z"}
{"level":"debug","message":"[AGG] PEPE/USDC: strategy[0]=unknown → HOLD conf=0.20 \"No EMA crossover (fast 0.0000 vs slow 0.0000)\"","timestamp":"2026-06-22T13:10:54.087Z"}
{"level":"debug","message":"[AGG] PEPE/USDC: strategy[1]=unknown → HOLD conf=0.10 \"Supertrend downtrend continues (ST 0.0000)\"","timestamp":"2026-06-22T13:10:54.087Z"}
{"level":"debug","message":"[AGG] PEPE/USDC: strategy[2]=unknown → BUY conf=0.57 \"OBV crossed above EMA-20 — volume buyers in control\"","timestamp":"2026-06-22T13:10:54.087Z"}
{"level":"debug","message":"[AGG] PEPE/USDC: votes BUY=1.00 SELL=0.00 HOLD=2.00 total_weight=1.00 external=0","timestamp":"2026-06-22T13:10:54.087Z"}
{"level":"debug","message":"[AGG] PEPE/USDC: decision=HOLD confidence=2.00 tie=false belowMin=false (minConf=0.55)","timestamp":"2026-06-22T13:10:54.087Z"}
{"level":"debug","message":"[AGG] TON/USDC: strategy[0]=unknown → HOLD conf=0.20 \"No EMA crossover (fast 1.6573 vs slow 1.6797)\"","timestamp":"2026-06-22T13:10:54.093Z"}
{"level":"debug","message":"[AGG] TON/USDC: strategy[1]=unknown → HOLD conf=0.20 \"OBV above EMA-20 — no cross\"","timestamp":"2026-06-22T13:10:54.093Z"}
{"level":"debug","message":"[AGG] TON/USDC: strategy[2]=unknown → HOLD conf=0.20 \"StochRSI K=72.9 D=70.3 — no extreme crossover\"","timestamp":"2026-06-22T13:10:54.093Z"}
{"level":"debug","message":"[AGG] TON/USDC: votes BUY=0.00 SELL=0.00 HOLD=3.00 total_weight=0.00 external=0","timestamp":"2026-06-22T13:10:54.093Z"}
{"level":"debug","message":"[AGG] TON/USDC: decision=HOLD confidence=0.00 tie=false belowMin=true (minConf=0.55)","timestamp":"2026-06-22T13:10:54.093Z"}
{"level":"debug","message":"[AGG] RENDER/USDC: strategy[0]=unknown → HOLD conf=0.20 \"No EMA crossover (fast 1.7086 vs slow 1.7277)\"","timestamp":"2026-06-22T13:10:54.096Z"}
{"level":"debug","message":"[AGG] RENDER/USDC: strategy[1]=unknown → HOLD conf=0.20 \"OBV below EMA-20 — no cross\"","timestamp":"2026-06-22T13:10:54.096Z"}
{"level":"debug","message":"[AGG] RENDER/USDC: strategy[2]=unknown → HOLD conf=0.20 \"%R -70.7 neutral\"","timestamp":"2026-06-22T13:10:54.096Z"}
{"level":"debug","message":"[AGG] RENDER/USDC: votes BUY=0.00 SELL=0.00 HOLD=3.00 total_weight=0.00 external=0","timestamp":"2026-06-22T13:10:54.096Z"}
{"level":"debug","message":"[AGG] RENDER/USDC: decision=HOLD confidence=0.00 tie=false belowMin=true (minConf=0.55)","timestamp":"2026-06-22T13:10:54.097Z"}
{"level":"debug","message":"[AGG] ENA/USDC: strategy[0]=unknown → HOLD conf=0.20 \"RSI 60.1 neutral\"","timestamp":"2026-06-22T13:10:54.111Z"}
{"level":"debug","message":"[AGG] ENA/USDC: strategy[1]=unknown → HOLD conf=0.20 \"Price 0.0963 inside BB [0.0788–0.0969]\"","timestamp":"2026-06-22T13:10:54.111Z"}
{"level":"debug","message":"[AGG] ENA/USDC: strategy[2]=unknown → HOLD conf=0.57 \"CCI 116.8 overbought — still rising, wait\"","timestamp":"2026-06-22T13:10:54.111Z"}
{"level":"debug","message":"[AGG] ENA/USDC: votes BUY=0.00 SELL=0.00 HOLD=3.00 total_weight=0.00 external=0","timestamp":"2026-06-22T13:10:54.111Z"}
{"level":"debug","message":"[AGG] ENA/USDC: decision=HOLD confidence=0.00 tie=false belowMin=true (minConf=0.55)","timestamp":"2026-06-22T13:10:54.111Z"}
{"level":"debug","message":"[AGG] ICP/USDC: strategy[0]=unknown → HOLD conf=0.20 \"RSI 44.9 neutral\"","timestamp":"2026-06-22T13:10:54.118Z"}
{"level":"debug","message":"[AGG] ICP/USDC: strategy[1]=unknown → HOLD conf=0.20 \"Price 2.2950 inside BB [2.1570–2.5590]\"","timestamp":"2026-06-22T13:10:54.118Z"}
{"level":"debug","message":"[AGG] ICP/USDC: strategy[2]=unknown → BUY conf=0.55 \"Stoch K=27.8 crossed above D=23.7 in oversold zone\"","timestamp":"2026-06-22T13:10:54.119Z"}
{"level":"debug","message":"[AGG] ICP/USDC: votes BUY=1.00 SELL=0.00 HOLD=2.00 total_weight=1.00 external=0","timestamp":"2026-06-22T13:10:54.119Z"}
{"level":"debug","message":"[AGG] ICP/USDC: decision=HOLD confidence=2.00 tie=false belowMin=false (minConf=0.55)","timestamp":"2026-06-22T13:10:54.119Z"}
{"level":"debug","message":"[AGG] APT/USDC: strategy[0]=unknown → HOLD conf=0.20 \"Price 0.6800 inside BB [0.6233–0.6967]\"","timestamp":"2026-06-22T13:10:54.134Z"}
{"level":"debug","message":"[AGG] APT/USDC: strategy[1]=unknown → HOLD conf=0.20 \"Stoch K=65.3 D=48.5 — no crossover in extreme zone\"","timestamp":"2026-06-22T13:10:54.134Z"}
{"level":"debug","message":"[AGG] APT/USDC: strategy[2]=unknown → HOLD conf=0.20 \"MFI 58.5 neutral\"","timestamp":"2026-06-22T13:10:54.134Z"}
{"level":"debug","message":"[AGG] APT/USDC: votes BUY=0.00 SELL=0.00 HOLD=3.00 total_weight=0.00 external=0","timestamp":"2026-06-22T13:10:54.134Z"}
{"level":"debug","message":"[AGG] APT/USDC: decision=HOLD confidence=0.00 tie=false belowMin=true (minConf=0.55)","timestamp":"2026-06-22T13:10:54.134Z"}
{"level":"debug","message":"[AGG] ARB/USDC: strategy[0]=unknown → HOLD conf=0.20 \"RSI 51.4 neutral\"","timestamp":"2026-06-22T13:10:54.137Z"}
{"level":"debug","message":"[AGG] ARB/USDC: strategy[1]=unknown → HOLD conf=0.20 \"%R -43.7 neutral\"","timestamp":"2026-06-22T13:10:54.137Z"}
{"level":"debug","message":"[AGG] ARB/USDC: strategy[2]=unknown → HOLD conf=0.20 \"HA flipped but prior streak too short (1 < 3)\"","timestamp":"2026-06-22T13:10:54.138Z"}
{"level":"debug","message":"[AGG] ARB/USDC: votes BUY=0.00 SELL=0.00 HOLD=3.00 total_weight=0.00 external=0","timestamp":"2026-06-22T13:10:54.138Z"}
{"level":"debug","message":"[AGG] ARB/USDC: decision=HOLD confidence=0.00 tie=false belowMin=true (minConf=0.55)","timestamp":"2026-06-22T13:10:54.138Z"}
{"level":"debug","message":"[AGG] JUP/USDC: strategy[0]=unknown → HOLD conf=0.20 \"Price 0.2124 inside BB [0.1622–0.2217]\"","timestamp":"2026-06-22T13:10:54.145Z"}
{"level":"debug","message":"[AGG] JUP/USDC: strategy[1]=unknown → SELL conf=0.70 \"CCI 124.5 overbought ↓ reversal confirmed\"","timestamp":"2026-06-22T13:10:54.145Z"}
{"level":"debug","message":"[AGG] JUP/USDC: strategy[2]=unknown → HOLD conf=0.20 \"OBV above EMA-20 — no cross\"","timestamp":"2026-06-22T13:10:54.145Z"}
{"level":"debug","message":"[AGG] JUP/USDC: votes BUY=0.00 SELL=1.00 HOLD=2.00 total_weight=1.00 external=0","timestamp":"2026-06-22T13:10:54.145Z"}
{"level":"debug","message":"[AGG] JUP/USDC: decision=HOLD confidence=2.00 tie=false belowMin=false (minConf=0.55)","timestamp":"2026-06-22T13:10:54.145Z"}
{"level":"info","message":"Initial signals seeded for 37/37 symbols from cached candles","timestamp":"2026-06-22T13:10:54.146Z"}
{"level":"debug","message":"[CYCLE] ATR sizing: medianATRPct=3.73% (37 symbols)","timestamp":"2026-06-22T13:10:54.158Z"}
{"level":"debug","message":"[CYCLE] BTC macro: bull=false EMA200","timestamp":"2026-06-22T13:10:54.159Z"}
{"level":"warn","message":"Macro filter: BTC BELOW EMA200 — new positions reduced to 50%","timestamp":"2026-06-22T13:10:54.159Z"}
{"level":"debug","message":"[CYCLE] BTC/USDC: starting cycle, candles=1473 lastClose=65065.78000000 lastTs=2026-06-22T12:00:00.000Z","timestamp":"2026-06-22T13:10:54.612Z"}
{"level":"debug","message":"[AGG] BTC/USDC: strategy[0]=unknown → HOLD conf=0.20 \"No EMA crossover (fast 64140.8994 vs slow 64522.6812)\"","timestamp":"2026-06-22T13:10:54.616Z"}
{"level":"debug","message":"[AGG] BTC/USDC: strategy[1]=unknown → HOLD conf=0.10 \"PSAR downtrend continues (SAR 65352.1574)\"","timestamp":"2026-06-22T13:10:54.616Z"}
{"level":"debug","message":"[AGG] BTC/USDC: strategy[2]=unknown → SELL conf=0.62 \"HA flipped bearish ↓ after 4-bar bull streak\"","timestamp":"2026-06-22T13:10:54.616Z"}
{"level":"debug","message":"[AGG] BTC/USDC: votes BUY=0.00 SELL=1.00 HOLD=2.00 total_weight=1.00 external=0","timestamp":"2026-06-22T13:10:54.617Z"}
{"level":"debug","message":"[AGG] BTC/USDC: decision=HOLD confidence=2.00 tie=false belowMin=false (minConf=0.55)","timestamp":"2026-06-22T13:10:54.617Z"}
{"level":"debug","message":"[CYCLE] XRP/USDC: starting cycle, candles=1473 lastClose=1.15030000 lastTs=2026-06-22T12:00:00.000Z","timestamp":"2026-06-22T13:10:54.630Z"}
{"level":"debug","message":"[AGG] XRP/USDC: strategy[0]=unknown → HOLD conf=0.20 \"Price 1.1470 inside BB [1.0963–1.2398]\"","timestamp":"2026-06-22T13:10:54.642Z"}
{"level":"debug","message":"[AGG] XRP/USDC: strategy[1]=unknown → BUY conf=0.62 \"Stoch K=16.4 crossed above D=14.8 in oversold zone\"","timestamp":"2026-06-22T13:10:54.643Z"}
{"level":"debug","message":"[AGG] XRP/USDC: strategy[2]=unknown → HOLD conf=0.20 \"No EMA crossover (fast 1.1540 vs slow 1.1657)\"","timestamp":"2026-06-22T13:10:54.643Z"}
{"level":"debug","message":"[AGG] XRP/USDC: votes BUY=1.00 SELL=0.00 HOLD=2.00 total_weight=1.00 external=0","timestamp":"2026-06-22T13:10:54.643Z"}
{"level":"debug","message":"[AGG] XRP/USDC: decision=HOLD confidence=2.00 tie=false belowMin=false (minConf=0.55)","timestamp":"2026-06-22T13:10:54.643Z"}
{"level":"debug","message":"[CYCLE] LINK/USDC: starting cycle, candles=1473 lastClose=8.10000000 lastTs=2026-06-22T12:00:00.000Z","timestamp":"2026-06-22T13:10:54.650Z"}
{"level":"debug","message":"[AGG] LINK/USDC: strategy[0]=unknown → HOLD conf=0.20 \"Price 8.0800 inside BB [7.7452–8.3529]\"","timestamp":"2026-06-22T13:10:54.656Z"}
{"level":"debug","message":"[AGG] LINK/USDC: strategy[1]=unknown → HOLD conf=0.20 \"Stoch K=37.9 D=26.1 — no crossover in extreme zone\"","timestamp":"2026-06-22T13:10:54.656Z"}
{"level":"debug","message":"[AGG] LINK/USDC: strategy[2]=unknown → HOLD conf=0.10 \"Supertrend downtrend continues (ST 8.4740)\"","timestamp":"2026-06-22T13:10:54.656Z"}
{"level":"debug","message":"[AGG] LINK/USDC: votes BUY=0.00 SELL=0.00 HOLD=3.00 total_weight=0.00 external=0","timestamp":"2026-06-22T13:10:54.656Z"}
{"level":"debug","message":"[AGG] LINK/USDC: decision=HOLD confidence=0.00 tie=false belowMin=true (minConf=0.7)","timestamp":"2026-06-22T13:10:54.656Z"}
{"level":"debug","message":"[CYCLE] BNB/USDC: starting cycle, candles=1473 lastClose=599.31000000 lastTs=2026-06-22T12:00:00.000Z","timestamp":"2026-06-22T13:10:54.699Z"}
{"level":"debug","message":"[AGG] BNB/USDC: strategy[0]=unknown → HOLD conf=0.20 \"%R -57.6 neutral\"","timestamp":"2026-06-22T13:10:54.702Z"}
{"level":"debug","message":"[AGG] BNB/USDC: strategy[1]=unknown → HOLD conf=0.15 \"HA bullish continuation\"","timestamp":"2026-06-22T13:10:54.702Z"}
{"level":"debug","message":"[AGG] BNB/USDC: strategy[2]=unknown → SELL conf=0.62 \"Resistance 597.8000 (2×)\"","timestamp":"2026-06-22T13:10:54.702Z"}
{"level":"debug","message":"[AGG] BNB/USDC: votes BUY=0.00 SELL=1.00 HOLD=2.00 total_weight=1.00 external=0","timestamp":"2026-06-22T13:10:54.702Z"}
{"level":"debug","message":"[AGG] BNB/USDC: decision=HOLD confidence=2.00 tie=false belowMin=false (minConf=0.55)","timestamp":"2026-06-22T13:10:54.702Z"}
{"level":"debug","message":"[CYCLE] LTC/USDC: starting cycle, candles=1473 lastClose=45.45000000 lastTs=2026-06-22T12:00:00.000Z","timestamp":"2026-06-22T13:10:54.717Z"}
{"level":"debug","message":"[AGG] LTC/USDC: strategy[0]=unknown → HOLD conf=0.20 \"Price 45.2300 inside BB [43.0487–46.2013]\"","timestamp":"2026-06-22T13:10:54.729Z"}
{"level":"debug","message":"[AGG] LTC/USDC: strategy[1]=unknown → HOLD conf=0.20 \"No EMA crossover (fast 44.6240 vs slow 44.7495)\"","timestamp":"2026-06-22T13:10:54.730Z"}
{"level":"debug","message":"[AGG] LTC/USDC: strategy[2]=unknown → HOLD conf=0.20 \"%R -32.6 neutral\"","timestamp":"2026-06-22T13:10:54.730Z"}
{"level":"debug","message":"[AGG] LTC/USDC: votes BUY=0.00 SELL=0.00 HOLD=3.00 total_weight=0.00 external=0","timestamp":"2026-06-22T13:10:54.730Z"}
{"level":"debug","message":"[AGG] LTC/USDC: decision=HOLD confidence=0.00 tie=false belowMin=true (minConf=0.55)","timestamp":"2026-06-22T13:10:54.730Z"}
{"level":"debug","message":"[CYCLE] NEAR/USDC: starting cycle, candles=1473 lastClose=2.18000000 lastTs=2026-06-22T12:00:00.000Z","timestamp":"2026-06-22T13:10:54.744Z"}
{"level":"debug","message":"[AGG] NEAR/USDC: strategy[0]=unknown → HOLD conf=0.20 \"RSI 48.3 neutral\"","timestamp":"2026-06-22T13:10:54.751Z"}
{"level":"debug","message":"[AGG] NEAR/USDC: strategy[1]=unknown → HOLD conf=0.20 \"Price 2.1650 inside BB [1.9706–2.4523]\"","timestamp":"2026-06-22T13:10:54.751Z"}
{"level":"debug","message":"[AGG] NEAR/USDC: strategy[2]=unknown → HOLD conf=0.20 \"Stoch K=16.9 D=23.9 — no crossover in extreme zone\"","timestamp":"2026-06-22T13:10:54.751Z"}
{"level":"debug","message":"[AGG] NEAR/USDC: strategy[3]=unknown → HOLD conf=0.10 \"No significant S/R zone nearby\"","timestamp":"2026-06-22T13:10:54.751Z"}
{"level":"debug","message":"[AGG] NEAR/USDC: votes BUY=0.00 SELL=0.00 HOLD=4.00 total_weight=0.00 external=0","timestamp":"2026-06-22T13:10:54.751Z"}
{"level":"debug","message":"[AGG] NEAR/USDC: decision=HOLD confidence=0.00 tie=false belowMin=true (minConf=0.7)","timestamp":"2026-06-22T13:10:54.751Z"}
{"level":"debug","message":"[CYCLE] TRX/USDC: starting cycle, candles=1314 lastClose=0.33140000 lastTs=2026-06-22T12:00:00.000Z","timestamp":"2026-06-22T13:10:54.769Z"}
{"level":"debug","message":"[AGG] TRX/USDC: strategy[0]=unknown → HOLD conf=0.90 \"CCI 199.2 overbought — still rising, wait\"","timestamp":"2026-06-22T13:10:54.787Z"}
{"level":"debug","message":"[AGG] TRX/USDC: strategy[1]=unknown → HOLD conf=0.20 \"Stoch K=97.4 D=96.8 — no crossover in extreme zone\"","timestamp":"2026-06-22T13:10:54.787Z"}
{"level":"debug","message":"[AGG] TRX/USDC: strategy[2]=unknown → HOLD conf=0.20 \"StochRSI K=100.0 D=100.0 — no extreme crossover\"","timestamp":"2026-06-22T13:10:54.787Z"}
{"level":"debug","message":"[AGG] TRX/USDC: votes BUY=0.00 SELL=0.00 HOLD=3.00 total_weight=0.00 external=0","timestamp":"2026-06-22T13:10:54.787Z"}
{"level":"debug","message":"[AGG] TRX/USDC: decision=HOLD confidence=0.00 tie=false belowMin=true (minConf=0.7)","timestamp":"2026-06-22T13:10:54.788Z"}
{"level":"debug","message":"[CYCLE] BCH/USDC: starting cycle, candles=1473 lastClose=202.40000000 lastTs=2026-06-22T12:00:00.000Z","timestamp":"2026-06-22T13:10:54.793Z"}
{"level":"debug","message":"[AGG] BCH/USDC: strategy[0]=unknown → HOLD conf=0.20 \"Price 201.0000 inside BB [188.8657–224.9543]\"","timestamp":"2026-06-22T13:10:54.798Z"}
{"level":"debug","message":"[AGG] BCH/USDC: strategy[1]=unknown → HOLD conf=0.20 \"OBV below EMA-20 — no cross\"","timestamp":"2026-06-22T13:10:54.798Z"}
{"level":"debug","message":"[AGG] BCH/USDC: strategy[2]=unknown → HOLD conf=0.20 \"%R -78.3 neutral\"","timestamp":"2026-06-22T13:10:54.798Z"}
{"level":"debug","message":"[AGG] BCH/USDC: votes BUY=0.00 SELL=0.00 HOLD=3.00 total_weight=0.00 external=0","timestamp":"2026-06-22T13:10:54.798Z"}
{"level":"debug","message":"[AGG] BCH/USDC: decision=HOLD confidence=0.00 tie=false belowMin=true (minConf=0.55)","timestamp":"2026-06-22T13:10:54.798Z"}
{"level":"debug","message":"[CYCLE] ACH/USDC: starting cycle, candles=854 lastClose=0.00517000 lastTs=2026-06-22T12:00:00.000Z","timestamp":"2026-06-22T13:10:54.803Z"}
{"level":"debug","message":"[AGG] ACH/USDC: strategy[0]=unknown → HOLD conf=0.20 \"RSI 40.3 neutral\"","timestamp":"2026-06-22T13:10:54.807Z"}
{"level":"debug","message":"[AGG] ACH/USDC: strategy[1]=unknown → HOLD conf=0.20 \"Price 0.0051 inside BB [0.0049–0.0057]\"","timestamp":"2026-06-22T13:10:54.807Z"}
{"level":"debug","message":"[AGG] ACH/USDC: strategy[2]=unknown → HOLD conf=0.20 \"CCI -80.1 neutral\"","timestamp":"2026-06-22T13:10:54.807Z"}
{"level":"debug","message":"[AGG] ACH/USDC: votes BUY=0.00 SELL=0.00 HOLD=3.00 total_weight=0.00 external=0","timestamp":"2026-06-22T13:10:54.807Z"}
{"level":"debug","message":"[AGG] ACH/USDC: decision=HOLD confidence=0.00 tie=false belowMin=true (minConf=0.7)","timestamp":"2026-06-22T13:10:54.807Z"}
{"level":"debug","message":"[CYCLE] ENS/USDC: starting cycle, candles=1473 lastClose=4.78000000 lastTs=2026-06-22T12:00:00.000Z","timestamp":"2026-06-22T13:10:54.834Z"}
{"level":"debug","message":"[AGG] ENS/USDC: strategy[0]=unknown → HOLD conf=0.20 \"Price 4.7100 inside BB [4.5886–5.5854]\"","timestamp":"2026-06-22T13:10:54.839Z"}
{"level":"debug","message":"[AGG] ENS/USDC: strategy[1]=unknown → HOLD conf=0.10 \"PSAR downtrend continues (SAR 5.3516)\"","timestamp":"2026-06-22T13:10:54.839Z"}
{"level":"debug","message":"[AGG] ENS/USDC: strategy[2]=unknown → HOLD conf=0.10 \"No significant S/R zone nearby\"","timestamp":"2026-06-22T13:10:54.839Z"}
{"level":"debug","message":"[AGG] ENS/USDC: votes BUY=0.00 SELL=0.00 HOLD=3.00 total_weight=0.00 external=0","timestamp":"2026-06-22T13:10:54.839Z"}
{"level":"debug","message":"[AGG] ENS/USDC: decision=HOLD confidence=0.00 tie=false belowMin=true (minConf=0.55)","timestamp":"2026-06-22T13:10:54.840Z"}
{"level":"debug","message":"[CYCLE] CRV/USDC: starting cycle, candles=1473 lastClose=0.21320000 lastTs=2026-06-22T12:00:00.000Z","timestamp":"2026-06-22T13:10:54.844Z"}
{"level":"debug","message":"[AGG] CRV/USDC: strategy[0]=unknown → HOLD conf=0.10 \"ADX 21.6 < 25 — ranging, skip\"","timestamp":"2026-06-22T13:10:54.850Z"}
{"level":"debug","message":"[AGG] CRV/USDC: strategy[1]=unknown → BUY conf=0.79 \"StochRSI K=8.0 crossed above D=4.9 in oversold ↑\"","timestamp":"2026-06-22T13:10:54.850Z"}
{"level":"debug","message":"[AGG] CRV/USDC: strategy[2]=unknown → HOLD conf=0.10 \"No significant S/R zone nearby\"","timestamp":"2026-06-22T13:10:54.850Z"}
{"level":"debug","message":"[AGG] CRV/USDC: votes BUY=1.00 SELL=0.00 HOLD=2.00 total_weight=1.00 external=0","timestamp":"2026-06-22T13:10:54.850Z"}
{"level":"debug","message":"[AGG] CRV/USDC: decision=HOLD confidence=2.00 tie=false belowMin=false (minConf=0.55)","timestamp":"2026-06-22T13:10:54.850Z"}
{"level":"debug","message":"[CYCLE] GMX/USDC: starting cycle, candles=924 lastClose=5.94000000 lastTs=2026-06-22T12:00:00.000Z","timestamp":"2026-06-22T13:10:54.873Z"}
{"level":"debug","message":"[AGG] GMX/USDC: strategy[0]=unknown → HOLD conf=0.20 \"RSI 53.0 neutral\"","timestamp":"2026-06-22T13:10:54.878Z"}
{"level":"debug","message":"[AGG] GMX/USDC: strategy[1]=unknown → HOLD conf=0.20 \"Price 5.9400 inside BB [5.4576–6.1844]\"","timestamp":"2026-06-22T13:10:54.878Z"}
{"level":"debug","message":"[AGG] GMX/USDC: strategy[2]=unknown → HOLD conf=0.20 \"CCI 43.1 neutral\"","timestamp":"2026-06-22T13:10:54.878Z"}
{"level":"debug","message":"[AGG] GMX/USDC: votes BUY=0.00 SELL=0.00 HOLD=3.00 total_weight=0.00 external=0","timestamp":"2026-06-22T13:10:54.878Z"}
{"level":"debug","message":"[AGG] GMX/USDC: decision=HOLD confidence=0.00 tie=false belowMin=true (minConf=0.7)","timestamp":"2026-06-22T13:10:54.878Z"}
{"level":"debug","message":"[CYCLE] LDO/USDC: starting cycle, candles=1473 lastClose=0.27980000 lastTs=2026-06-22T12:00:00.000Z","timestamp":"2026-06-22T13:10:54.881Z"}
{"level":"debug","message":"[AGG] LDO/USDC: strategy[0]=unknown → HOLD conf=0.20 \"MACD -0.0002 vs signal -0.0018 hist:0.0016\"","timestamp":"2026-06-22T13:10:54.886Z"}
{"level":"debug","message":"[AGG] LDO/USDC: strategy[1]=unknown → HOLD conf=0.10 \"ADX 20.9 < 25 — ranging, skip\"","timestamp":"2026-06-22T13:10:54.886Z"}
{"level":"debug","message":"[AGG] LDO/USDC: strategy[2]=unknown → HOLD conf=0.20 \"%R -61.0 neutral\"","timestamp":"2026-06-22T13:10:54.886Z"}
{"level":"debug","message":"[AGG] LDO/USDC: votes BUY=0.00 SELL=0.00 HOLD=3.00 total_weight=0.00 external=0","timestamp":"2026-06-22T13:10:54.886Z"}
{"level":"debug","message":"[AGG] LDO/USDC: decision=HOLD confidence=0.00 tie=false belowMin=true (minConf=0.55)","timestamp":"2026-06-22T13:10:54.886Z"}
{"level":"debug","message":"[CYCLE] LSK/USDC: starting cycle, candles=413 lastClose=0.09200000 lastTs=2026-06-12T00:00:00.000Z","timestamp":"2026-06-22T13:10:54.893Z"}
{"level":"debug","message":"[AGG] LSK/USDC: strategy[0]=unknown → BUY conf=0.55 \"MACD crossed above signal hist:0.0001\"","timestamp":"2026-06-22T13:10:54.895Z"}
{"level":"debug","message":"[AGG] LSK/USDC: strategy[1]=unknown → HOLD conf=0.20 \"MFI 58.7 neutral\"","timestamp":"2026-06-22T13:10:54.895Z"}
{"level":"debug","message":"[AGG] LSK/USDC: strategy[2]=unknown → HOLD conf=0.10 \"PSAR downtrend continues (SAR 0.0960)\"","timestamp":"2026-06-22T13:10:54.895Z"}
{"level":"debug","message":"[AGG] LSK/USDC: votes BUY=1.00 SELL=0.00 HOLD=2.00 total_weight=1.00 external=0","timestamp":"2026-06-22T13:10:54.895Z"}
{"level":"debug","message":"[AGG] LSK/USDC: decision=HOLD confidence=2.00 tie=false belowMin=false (minConf=0.55)","timestamp":"2026-06-22T13:10:54.895Z"}
{"level":"debug","message":"[CYCLE] JTO/USDC: starting cycle, candles=1473 lastClose=0.64500000 lastTs=2026-06-22T12:00:00.000Z","timestamp":"2026-06-22T13:10:54.899Z"}
{"level":"debug","message":"[AGG] JTO/USDC: strategy[0]=unknown → HOLD conf=0.20 \"CCI -23.8 neutral\"","timestamp":"2026-06-22T13:10:54.912Z"}
{"level":"debug","message":"[AGG] JTO/USDC: strategy[1]=unknown → HOLD conf=0.10 \"PSAR downtrend continues (SAR 0.8593)\"","timestamp":"2026-06-22T13:10:54.912Z"}
{"level":"debug","message":"[AGG] JTO/USDC: strategy[2]=unknown → HOLD conf=0.10 \"No significant S/R zone nearby\"","timestamp":"2026-06-22T13:10:54.912Z"}
{"level":"debug","message":"[AGG] JTO/USDC: votes BUY=0.00 SELL=0.00 HOLD=3.00 total_weight=0.00 external=0","timestamp":"2026-06-22T13:10:54.912Z"}
{"level":"debug","message":"[AGG] JTO/USDC: decision=HOLD confidence=0.00 tie=false belowMin=true (minConf=0.55)","timestamp":"2026-06-22T13:10:54.912Z"}
{"level":"debug","message":"[CYCLE] MANTA/USDC: starting cycle, candles=1473 lastClose=0.07925000 lastTs=2026-06-22T12:00:00.000Z","timestamp":"2026-06-22T13:10:54.917Z"}
{"level":"debug","message":"[AGG] MANTA/USDC: strategy[0]=unknown → HOLD conf=0.20 \"RSI 48.7 neutral\"","timestamp":"2026-06-22T13:10:54.924Z"}
{"level":"debug","message":"[AGG] MANTA/USDC: strategy[1]=unknown → HOLD conf=0.20 \"Price 0.0799 inside BB [0.0787–0.0833]\"","timestamp":"2026-06-22T13:10:54.924Z"}
{"level":"debug","message":"[AGG] MANTA/USDC: strategy[2]=unknown → HOLD conf=0.20 \"CCI -77.7 neutral\"","timestamp":"2026-06-22T13:10:54.924Z"}
{"level":"debug","message":"[AGG] MANTA/USDC: votes BUY=0.00 SELL=0.00 HOLD=3.00 total_weight=0.00 external=0","timestamp":"2026-06-22T13:10:54.924Z"}
{"level":"debug","message":"[AGG] MANTA/USDC: decision=HOLD confidence=0.00 tie=false belowMin=true (minConf=0.7)","timestamp":"2026-06-22T13:10:54.924Z"}
{"level":"debug","message":"[CYCLE] PIXEL/USDC: starting cycle, candles=1473 lastClose=0.00548000 lastTs=2026-06-22T12:00:00.000Z","timestamp":"2026-06-22T13:10:54.949Z"}
{"level":"debug","message":"[AGG] PIXEL/USDC: strategy[0]=unknown → HOLD conf=0.20 \"No EMA crossover (fast 0.0054 vs slow 0.0055)\"","timestamp":"2026-06-22T13:10:54.952Z"}
{"level":"debug","message":"[AGG] PIXEL/USDC: strategy[1]=unknown → BUY conf=0.48 \"ADX 22.4 uptrend (+DI 23.8 > -DI 22.6)\"","timestamp":"2026-06-22T13:10:54.953Z"}
{"level":"debug","message":"[AGG] PIXEL/USDC: strategy[2]=unknown → HOLD conf=0.10 \"No significant S/R zone nearby\"","timestamp":"2026-06-22T13:10:54.953Z"}
{"level":"debug","message":"[AGG] PIXEL/USDC: votes BUY=1.00 SELL=0.00 HOLD=2.00 total_weight=1.00 external=0","timestamp":"2026-06-22T13:10:54.953Z"}
{"level":"debug","message":"[AGG] PIXEL/USDC: decision=HOLD confidence=2.00 tie=false belowMin=false (minConf=0.55)","timestamp":"2026-06-22T13:10:54.953Z"}
{"level":"debug","message":"[CYCLE] PAXG/USDC: starting cycle, candles=868 lastClose=4196.31000000 lastTs=2026-06-22T12:00:00.000Z","timestamp":"2026-06-22T13:10:54.962Z"}
{"level":"debug","message":"[AGG] PAXG/USDC: strategy[0]=unknown → HOLD conf=0.20 \"MACD -40.3398 vs signal -39.4025 hist:-0.9374\"","timestamp":"2026-06-22T13:10:54.965Z"}
{"level":"debug","message":"[AGG] PAXG/USDC: strategy[1]=unknown → SELL conf=0.58 \"ADX 26.5 downtrend (-DI 27.0 > +DI 19.7)\"","timestamp":"2026-06-22T13:10:54.965Z"}
{"level":"debug","message":"[AGG] PAXG/USDC: strategy[2]=unknown → HOLD conf=0.10 \"Supertrend downtrend continues (ST 4299.0234)\"","timestamp":"2026-06-22T13:10:54.965Z"}
{"level":"debug","message":"[AGG] PAXG/USDC: votes BUY=0.00 SELL=1.00 HOLD=2.00 total_weight=1.00 external=0","timestamp":"2026-06-22T13:10:54.965Z"}
{"level":"debug","message":"[AGG] PAXG/USDC: decision=HOLD confidence=2.00 tie=false belowMin=false (minConf=0.55)","timestamp":"2026-06-22T13:10:54.965Z"}
{"level":"debug","message":"[CYCLE] SUI/USDC: starting cycle, candles=1473 lastClose=0.73460000 lastTs=2026-06-22T12:00:00.000Z","timestamp":"2026-06-22T13:10:54.980Z"}
{"level":"debug","message":"[AGG] SUI/USDC: strategy[0]=unknown → HOLD conf=0.20 \"RSI 44.5 neutral\"","timestamp":"2026-06-22T13:10:54.987Z"}
{"level":"debug","message":"[AGG] SUI/USDC: strategy[1]=unknown → HOLD conf=0.20 \"Stoch K=33.3 D=15.7 — no crossover in extreme zone\"","timestamp":"2026-06-22T13:10:54.987Z"}
{"level":"debug","message":"[AGG] SUI/USDC: strategy[2]=unknown → HOLD conf=0.51 \"MFI 19.5 oversold — still falling, wait\"","timestamp":"2026-06-22T13:10:54.987Z"}
{"level":"debug","message":"[AGG] SUI/USDC: votes BUY=0.00 SELL=0.00 HOLD=3.00 total_weight=0.00 external=0","timestamp":"2026-06-22T13:10:54.987Z"}
{"level":"debug","message":"[AGG] SUI/USDC: decision=HOLD confidence=0.00 tie=false belowMin=true (minConf=0.7)","timestamp":"2026-06-22T13:10:54.987Z"}
{"level":"debug","message":"[CYCLE] TIA/USDC: starting cycle, candles=1473 lastClose=0.39670000 lastTs=2026-06-22T12:00:00.000Z","timestamp":"2026-06-22T13:10:55.013Z"}
{"level":"debug","message":"[AGG] TIA/USDC: strategy[0]=unknown → HOLD conf=0.20 \"CCI 55.8 neutral\"","timestamp":"2026-06-22T13:10:55.017Z"}
{"level":"debug","message":"[AGG] TIA/USDC: strategy[1]=unknown → BUY conf=0.85 \"MACD crossed above signal (above zero) ↑ hist:0.0007\"","timestamp":"2026-06-22T13:10:55.017Z"}
{"level":"debug","message":"[AGG] TIA/USDC: strategy[2]=unknown → BUY conf=0.73 \"HA flipped bullish ↑ after 8-bar bear streak\"","timestamp":"2026-06-22T13:10:55.017Z"}
{"level":"debug","message":"[AGG] TIA/USDC: votes BUY=2.00 SELL=0.00 HOLD=1.00 total_weight=2.00 external=0","timestamp":"2026-06-22T13:10:55.017Z"}
{"level":"debug","message":"[AGG] TIA/USDC: decision=BUY confidence=1.00 tie=false","timestamp":"2026-06-22T13:10:55.017Z"}
{"level":"debug","message":"[CYCLE] VANRY/USDC: starting cycle, candles=920 lastClose=0.00348600 lastTs=2026-06-22T12:00:00.000Z","timestamp":"2026-06-22T13:10:55.043Z"}
{"level":"debug","message":"[AGG] VANRY/USDC: strategy[0]=unknown → HOLD conf=0.20 \"No EMA crossover (fast 0.0035 vs slow 0.0035)\"","timestamp":"2026-06-22T13:10:55.045Z"}
{"level":"debug","message":"[AGG] VANRY/USDC: strategy[1]=unknown → HOLD conf=0.20 \"MACD -0.0001 vs signal -0.0001 hist:0.0000\"","timestamp":"2026-06-22T13:10:55.045Z"}
{"level":"debug","message":"[AGG] VANRY/USDC: strategy[2]=unknown → BUY conf=0.65 \"ADX 32.0 uptrend (+DI 25.4 > -DI 16.2)\"","timestamp":"2026-06-22T13:10:55.045Z"}
{"level":"debug","message":"[AGG] VANRY/USDC: votes BUY=1.00 SELL=0.00 HOLD=2.00 total_weight=1.00 external=0","timestamp":"2026-06-22T13:10:55.045Z"}
{"level":"debug","message":"[AGG] VANRY/USDC: decision=HOLD confidence=2.00 tie=false belowMin=false (minConf=0.55)","timestamp":"2026-06-22T13:10:55.045Z"}
{"level":"debug","message":"[CYCLE] THETA/USDC: starting cycle, candles=892 lastClose=0.15670000 lastTs=2026-06-22T12:00:00.000Z","timestamp":"2026-06-22T13:10:55.052Z"}
{"level":"debug","message":"[AGG] THETA/USDC: strategy[0]=unknown → HOLD conf=0.20 \"RSI 43.6 neutral\"","timestamp":"2026-06-22T13:10:55.055Z"}
{"level":"debug","message":"[AGG] THETA/USDC: strategy[1]=unknown → HOLD conf=0.20 \"CCI -81.2 neutral\"","timestamp":"2026-06-22T13:10:55.055Z"}
{"level":"debug","message":"[AGG] THETA/USDC: strategy[2]=unknown → SELL conf=0.55 \"OBV crossed below EMA-20 — volume sellers in control\"","timestamp":"2026-06-22T13:10:55.055Z"}
{"level":"debug","message":"[AGG] THETA/USDC: votes BUY=0.00 SELL=1.00 HOLD=2.00 total_weight=1.00 external=0","timestamp":"2026-06-22T13:10:55.056Z"}
{"level":"debug","message":"[AGG] THETA/USDC: decision=HOLD confidence=2.00 tie=false belowMin=false (minConf=0.55)","timestamp":"2026-06-22T13:10:55.056Z"}
{"level":"debug","message":"[CYCLE] SOL/USDC: starting cycle, candles=1473 lastClose=74.42000000 lastTs=2026-06-22T12:00:00.000Z","timestamp":"2026-06-22T13:10:55.057Z"}
{"level":"debug","message":"[AGG] SOL/USDC: strategy[0]=unknown → HOLD conf=0.20 \"Price 74.1100 inside BB [66.5863–76.0487]\"","timestamp":"2026-06-22T13:10:55.065Z"}
{"level":"debug","message":"[AGG] SOL/USDC: strategy[1]=unknown → HOLD conf=0.20 \"%R -23.8 neutral\"","timestamp":"2026-06-22T13:10:55.065Z"}
{"level":"debug","message":"[AGG] SOL/USDC: strategy[2]=unknown → HOLD conf=0.20 \"StochRSI K=82.7 D=79.5 — no extreme crossover\"","timestamp":"2026-06-22T13:10:55.065Z"}
{"level":"debug","message":"[AGG] SOL/USDC: votes BUY=0.00 SELL=0.00 HOLD=3.00 total_weight=0.00 external=0","timestamp":"2026-06-22T13:10:55.065Z"}
{"level":"debug","message":"[AGG] SOL/USDC: decision=HOLD confidence=0.00 tie=false belowMin=true (minConf=0.55)","timestamp":"2026-06-22T13:10:55.065Z"}
{"level":"debug","message":"[CYCLE] ADA/USDC: starting cycle, candles=1473 lastClose=0.16190000 lastTs=2026-06-22T12:00:00.000Z","timestamp":"2026-06-22T13:10:55.078Z"}
{"level":"debug","message":"[AGG] ADA/USDC: strategy[0]=unknown → HOLD conf=0.20 \"RSI 37.1 neutral\"","timestamp":"2026-06-22T13:10:55.086Z"}
{"level":"debug","message":"[AGG] ADA/USDC: strategy[1]=unknown → HOLD conf=0.20 \"Price 0.1616 inside BB [0.1540–0.1838]\"","timestamp":"2026-06-22T13:10:55.086Z"}
{"level":"debug","message":"[AGG] ADA/USDC: strategy[2]=unknown → HOLD conf=0.20 \"CCI -93.2 neutral\"","timestamp":"2026-06-22T13:10:55.086Z"}
{"level":"debug","message":"[AGG] ADA/USDC: votes BUY=0.00 SELL=0.00 HOLD=3.00 total_weight=0.00 external=0","timestamp":"2026-06-22T13:10:55.086Z"}
{"level":"debug","message":"[AGG] ADA/USDC: decision=HOLD confidence=0.00 tie=false belowMin=true (minConf=0.55)","timestamp":"2026-06-22T13:10:55.086Z"}
{"level":"debug","message":"[CYCLE] AVAX/USDC: starting cycle, candles=1473 lastClose=6.37200000 lastTs=2026-06-22T12:00:00.000Z","timestamp":"2026-06-22T13:10:55.091Z"}
{"level":"debug","message":"[AGG] AVAX/USDC: strategy[0]=unknown → HOLD conf=0.20 \"RSI 40.8 neutral\"","timestamp":"2026-06-22T13:10:55.095Z"}
{"level":"debug","message":"[AGG] AVAX/USDC: strategy[1]=unknown → HOLD conf=0.20 \"MACD -0.2584 vs signal -0.2813 hist:0.0229\"","timestamp":"2026-06-22T13:10:55.095Z"}
{"level":"debug","message":"[AGG] AVAX/USDC: strategy[2]=unknown → HOLD conf=0.10 \"PSAR downtrend continues (SAR 6.5285)\"","timestamp":"2026-06-22T13:10:55.095Z"}
{"level":"debug","message":"[AGG] AVAX/USDC: votes BUY=0.00 SELL=0.00 HOLD=3.00 total_weight=0.00 external=0","timestamp":"2026-06-22T13:10:55.095Z"}
{"level":"debug","message":"[AGG] AVAX/USDC: decision=HOLD confidence=0.00 tie=false belowMin=true (minConf=0.55)","timestamp":"2026-06-22T13:10:55.095Z"}
{"level":"debug","message":"[CYCLE] DOGE/USDC: starting cycle, candles=1473 lastClose=0.08440000 lastTs=2026-06-22T12:00:00.000Z","timestamp":"2026-06-22T13:10:55.111Z"}
{"level":"debug","message":"[AGG] DOGE/USDC: strategy[0]=unknown → HOLD conf=0.20 \"No EMA crossover (fast 0.0843 vs slow 0.0858)\"","timestamp":"2026-06-22T13:10:55.112Z"}
{"level":"debug","message":"[AGG] DOGE/USDC: strategy[1]=unknown → HOLD conf=0.10 \"PSAR downtrend continues (SAR 0.0896)\"","timestamp":"2026-06-22T13:10:55.112Z"}
{"level":"debug","message":"[AGG] DOGE/USDC: strategy[2]=unknown → HOLD conf=0.15 \"HA bearish continuation\"","timestamp":"2026-06-22T13:10:55.112Z"}
{"level":"debug","message":"[AGG] DOGE/USDC: votes BUY=0.00 SELL=0.00 HOLD=3.00 total_weight=0.00 external=0","timestamp":"2026-06-22T13:10:55.112Z"}
{"level":"debug","message":"[AGG] DOGE/USDC: decision=HOLD confidence=0.00 tie=false belowMin=true (minConf=0.55)","timestamp":"2026-06-22T13:10:55.112Z"}
{"level":"debug","message":"[CYCLE] INJ/USDC: starting cycle, candles=1473 lastClose=4.96300000 lastTs=2026-06-22T12:00:00.000Z","timestamp":"2026-06-22T13:10:55.136Z"}
{"level":"debug","message":"[AGG] INJ/USDC: strategy[0]=unknown → HOLD conf=0.10 \"ADX 14.1 < 25 — ranging, skip\"","timestamp":"2026-06-22T13:10:55.142Z"}
{"level":"debug","message":"[AGG] INJ/USDC: strategy[1]=unknown → BUY conf=0.56 \"OBV crossed above EMA-20 — volume buyers in control\"","timestamp":"2026-06-22T13:10:55.142Z"}
{"level":"debug","message":"[AGG] INJ/USDC: strategy[2]=unknown → BUY conf=0.94 \"StochRSI K=0.7 crossed above D=0.2 in oversold ↑\"","timestamp":"2026-06-22T13:10:55.142Z"}
{"level":"debug","message":"[AGG] INJ/USDC: votes BUY=2.00 SELL=0.00 HOLD=1.00 total_weight=2.00 external=0","timestamp":"2026-06-22T13:10:55.142Z"}
{"level":"debug","message":"[AGG] INJ/USDC: decision=BUY confidence=1.00 tie=false","timestamp":"2026-06-22T13:10:55.142Z"}
{"level":"debug","message":"[CYCLE] ETH/USDC: starting cycle, candles=1473 lastClose=1763.76000000 lastTs=2026-06-22T12:00:00.000Z","timestamp":"2026-06-22T13:10:55.176Z"}
{"level":"debug","message":"[AGG] ETH/USDC: strategy[0]=unknown → HOLD conf=0.10 \"Supertrend uptrend continues (ST 1631.9562)\"","timestamp":"2026-06-22T13:10:55.179Z"}
{"level":"debug","message":"[AGG] ETH/USDC: strategy[1]=unknown → HOLD conf=0.20 \"MFI 47.0 neutral\"","timestamp":"2026-06-22T13:10:55.179Z"}
{"level":"debug","message":"[AGG] ETH/USDC: strategy[2]=unknown → BUY conf=0.62 \"Support 1749.5100 (4×)\"","timestamp":"2026-06-22T13:10:55.179Z"}
{"level":"debug","message":"[AGG] ETH/USDC: votes BUY=1.00 SELL=0.00 HOLD=2.00 total_weight=1.00 external=0","timestamp":"2026-06-22T13:10:55.179Z"}
{"level":"debug","message":"[AGG] ETH/USDC: decision=HOLD confidence=2.00 tie=false belowMin=false (minConf=0.55)","timestamp":"2026-06-22T13:10:55.179Z"}
{"level":"debug","message":"[CYCLE] WLD/USDC: starting cycle, candles=1473 lastClose=0.63590000 lastTs=2026-06-22T12:00:00.000Z","timestamp":"2026-06-22T13:10:55.181Z"}
{"level":"debug","message":"[AGG] WLD/USDC: strategy[0]=unknown → HOLD conf=0.20 \"Price 0.6263 inside BB [0.4706–0.7186]\"","timestamp":"2026-06-22T13:10:55.201Z"}
{"level":"debug","message":"[AGG] WLD/USDC: strategy[1]=unknown → HOLD conf=0.20 \"CCI 47.6 neutral\"","timestamp":"2026-06-22T13:10:55.202Z"}
{"level":"debug","message":"[AGG] WLD/USDC: strategy[2]=unknown → BUY conf=0.88 \"ADX 49.7 uptrend (+DI 25.4 > -DI 7.4)\"","timestamp":"2026-06-22T13:10:55.202Z"}
{"level":"debug","message":"[AGG] WLD/USDC: votes BUY=1.00 SELL=0.00 HOLD=2.00 total_weight=1.00 external=0","timestamp":"2026-06-22T13:10:55.202Z"}
{"level":"debug","message":"[AGG] WLD/USDC: decision=HOLD confidence=2.00 tie=false belowMin=false (minConf=0.55)","timestamp":"2026-06-22T13:10:55.202Z"}
{"level":"debug","message":"[CYCLE] PEPE/USDC: starting cycle, candles=1473 lastClose=0.00000288 lastTs=2026-06-22T12:00:00.000Z","timestamp":"2026-06-22T13:10:55.206Z"}
{"level":"debug","message":"[AGG] PEPE/USDC: strategy[0]=unknown → HOLD conf=0.20 \"No EMA crossover (fast 0.0000 vs slow 0.0000)\"","timestamp":"2026-06-22T13:10:55.207Z"}
{"level":"debug","message":"[AGG] PEPE/USDC: strategy[1]=unknown → HOLD conf=0.10 \"Supertrend downtrend continues (ST 0.0000)\"","timestamp":"2026-06-22T13:10:55.208Z"}
{"level":"debug","message":"[AGG] PEPE/USDC: strategy[2]=unknown → BUY conf=0.57 \"OBV crossed above EMA-20 — volume buyers in control\"","timestamp":"2026-06-22T13:10:55.208Z"}
{"level":"debug","message":"[AGG] PEPE/USDC: votes BUY=1.00 SELL=0.00 HOLD=2.00 total_weight=1.00 external=0","timestamp":"2026-06-22T13:10:55.208Z"}
{"level":"debug","message":"[AGG] PEPE/USDC: decision=HOLD confidence=2.00 tie=false belowMin=false (minConf=0.55)","timestamp":"2026-06-22T13:10:55.208Z"}
{"level":"debug","message":"[CYCLE] TON/USDC: starting cycle, candles=1340 lastClose=1.68000000 lastTs=2026-06-22T12:00:00.000Z","timestamp":"2026-06-22T13:10:55.211Z"}
{"level":"debug","message":"[AGG] TON/USDC: strategy[0]=unknown → HOLD conf=0.20 \"No EMA crossover (fast 1.6573 vs slow 1.6797)\"","timestamp":"2026-06-22T13:10:55.215Z"}
{"level":"debug","message":"[AGG] TON/USDC: strategy[1]=unknown → HOLD conf=0.20 \"OBV above EMA-20 — no cross\"","timestamp":"2026-06-22T13:10:55.215Z"}
{"level":"debug","message":"[AGG] TON/USDC: strategy[2]=unknown → HOLD conf=0.20 \"StochRSI K=72.9 D=70.3 — no extreme crossover\"","timestamp":"2026-06-22T13:10:55.215Z"}
{"level":"debug","message":"[AGG] TON/USDC: votes BUY=0.00 SELL=0.00 HOLD=3.00 total_weight=0.00 external=0","timestamp":"2026-06-22T13:10:55.215Z"}
{"level":"debug","message":"[AGG] TON/USDC: decision=HOLD confidence=0.00 tie=false belowMin=true (minConf=0.55)","timestamp":"2026-06-22T13:10:55.215Z"}
{"level":"debug","message":"[CYCLE] RENDER/USDC: starting cycle, candles=1394 lastClose=1.71100000 lastTs=2026-06-22T12:00:00.000Z","timestamp":"2026-06-22T13:10:55.238Z"}
{"level":"debug","message":"[AGG] RENDER/USDC: strategy[0]=unknown → HOLD conf=0.20 \"No EMA crossover (fast 1.7086 vs slow 1.7277)\"","timestamp":"2026-06-22T13:10:55.240Z"}
{"level":"debug","message":"[AGG] RENDER/USDC: strategy[1]=unknown → HOLD conf=0.20 \"OBV below EMA-20 — no cross\"","timestamp":"2026-06-22T13:10:55.240Z"}
{"level":"debug","message":"[AGG] RENDER/USDC: strategy[2]=unknown → HOLD conf=0.20 \"%R -70.7 neutral\"","timestamp":"2026-06-22T13:10:55.240Z"}
{"level":"debug","message":"[AGG] RENDER/USDC: votes BUY=0.00 SELL=0.00 HOLD=3.00 total_weight=0.00 external=0","timestamp":"2026-06-22T13:10:55.240Z"}
{"level":"debug","message":"[AGG] RENDER/USDC: decision=HOLD confidence=0.00 tie=false belowMin=true (minConf=0.55)","timestamp":"2026-06-22T13:10:55.240Z"}
{"level":"debug","message":"[CYCLE] ENA/USDC: starting cycle, candles=1473 lastClose=0.09660000 lastTs=2026-06-22T12:00:00.000Z","timestamp":"2026-06-22T13:10:55.252Z"}
{"level":"debug","message":"[AGG] ENA/USDC: strategy[0]=unknown → HOLD conf=0.20 \"RSI 60.1 neutral\"","timestamp":"2026-06-22T13:10:55.259Z"}
{"level":"debug","message":"[AGG] ENA/USDC: strategy[1]=unknown → HOLD conf=0.20 \"Price 0.0963 inside BB [0.0788–0.0969]\"","timestamp":"2026-06-22T13:10:55.259Z"}
{"level":"debug","message":"[AGG] ENA/USDC: strategy[2]=unknown → HOLD conf=0.57 \"CCI 116.8 overbought — still rising, wait\"","timestamp":"2026-06-22T13:10:55.259Z"}
{"level":"debug","message":"[AGG] ENA/USDC: votes BUY=0.00 SELL=0.00 HOLD=3.00 total_weight=0.00 external=0","timestamp":"2026-06-22T13:10:55.259Z"}
{"level":"debug","message":"[AGG] ENA/USDC: decision=HOLD confidence=0.00 tie=false belowMin=true (minConf=0.55)","timestamp":"2026-06-22T13:10:55.259Z"}
{"level":"debug","message":"[CYCLE] ICP/USDC: starting cycle, candles=1473 lastClose=2.29000000 lastTs=2026-06-22T12:00:00.000Z","timestamp":"2026-06-22T13:10:55.268Z"}
{"level":"debug","message":"[AGG] ICP/USDC: strategy[0]=unknown → HOLD conf=0.20 \"RSI 44.9 neutral\"","timestamp":"2026-06-22T13:10:55.280Z"}
{"level":"debug","message":"[AGG] ICP/USDC: strategy[1]=unknown → HOLD conf=0.20 \"Price 2.2950 inside BB [2.1570–2.5590]\"","timestamp":"2026-06-22T13:10:55.280Z"}
{"level":"debug","message":"[AGG] ICP/USDC: strategy[2]=unknown → BUY conf=0.55 \"Stoch K=27.8 crossed above D=23.7 in oversold zone\"","timestamp":"2026-06-22T13:10:55.280Z"}
{"level":"debug","message":"[AGG] ICP/USDC: votes BUY=1.00 SELL=0.00 HOLD=2.00 total_weight=1.00 external=0","timestamp":"2026-06-22T13:10:55.280Z"}
{"level":"debug","message":"[AGG] ICP/USDC: decision=HOLD confidence=2.00 tie=false belowMin=false (minConf=0.55)","timestamp":"2026-06-22T13:10:55.280Z"}
{"level":"debug","message":"[CYCLE] APT/USDC: starting cycle, candles=1473 lastClose=0.68200000 lastTs=2026-06-22T12:00:00.000Z","timestamp":"2026-06-22T13:10:55.291Z"}
{"level":"debug","message":"[AGG] APT/USDC: strategy[0]=unknown → HOLD conf=0.20 \"Price 0.6800 inside BB [0.6233–0.6967]\"","timestamp":"2026-06-22T13:10:55.299Z"}
{"level":"debug","message":"[AGG] APT/USDC: strategy[1]=unknown → HOLD conf=0.20 \"Stoch K=65.3 D=48.5 — no crossover in extreme zone\"","timestamp":"2026-06-22T13:10:55.299Z"}
{"level":"debug","message":"[AGG] APT/USDC: strategy[2]=unknown → HOLD conf=0.20 \"MFI 58.5 neutral\"","timestamp":"2026-06-22T13:10:55.299Z"}
{"level":"debug","message":"[AGG] APT/USDC: votes BUY=0.00 SELL=0.00 HOLD=3.00 total_weight=0.00 external=0","timestamp":"2026-06-22T13:10:55.299Z"}
{"level":"debug","message":"[AGG] APT/USDC: decision=HOLD confidence=0.00 tie=false belowMin=true (minConf=0.55)","timestamp":"2026-06-22T13:10:55.299Z"}
{"level":"debug","message":"[CYCLE] ARB/USDC: starting cycle, candles=1473 lastClose=0.08610000 lastTs=2026-06-22T12:00:00.000Z","timestamp":"2026-06-22T13:10:55.324Z"}
{"level":"debug","message":"[AGG] ARB/USDC: strategy[0]=unknown → HOLD conf=0.20 \"RSI 51.4 neutral\"","timestamp":"2026-06-22T13:10:55.327Z"}
{"level":"debug","message":"[AGG] ARB/USDC: strategy[1]=unknown → HOLD conf=0.20 \"%R -43.7 neutral\"","timestamp":"2026-06-22T13:10:55.327Z"}
{"level":"debug","message":"[AGG] ARB/USDC: strategy[2]=unknown → HOLD conf=0.20 \"HA flipped but prior streak too short (1 < 3)\"","timestamp":"2026-06-22T13:10:55.327Z"}
{"level":"debug","message":"[AGG] ARB/USDC: votes BUY=0.00 SELL=0.00 HOLD=3.00 total_weight=0.00 external=0","timestamp":"2026-06-22T13:10:55.327Z"}
{"level":"debug","message":"[AGG] ARB/USDC: decision=HOLD confidence=0.00 tie=false belowMin=true (minConf=0.55)","timestamp":"2026-06-22T13:10:55.327Z"}
{"level":"debug","message":"[CYCLE] JUP/USDC: starting cycle, candles=1473 lastClose=0.21330000 lastTs=2026-06-22T12:00:00.000Z","timestamp":"2026-06-22T13:10:55.334Z"}
{"level":"debug","message":"[AGG] JUP/USDC: strategy[0]=unknown → HOLD conf=0.20 \"Price 0.2124 inside BB [0.1622–0.2217]\"","timestamp":"2026-06-22T13:10:55.347Z"}
{"level":"debug","message":"[AGG] JUP/USDC: strategy[1]=unknown → SELL conf=0.70 \"CCI 124.5 overbought ↓ reversal confirmed\"","timestamp":"2026-06-22T13:10:55.348Z"}
{"level":"debug","message":"[AGG] JUP/USDC: strategy[2]=unknown → HOLD conf=0.20 \"OBV above EMA-20 — no cross\"","timestamp":"2026-06-22T13:10:55.348Z"}
{"level":"debug","message":"[AGG] JUP/USDC: votes BUY=0.00 SELL=1.00 HOLD=2.00 total_weight=1.00 external=0","timestamp":"2026-06-22T13:10:55.348Z"}
{"level":"debug","message":"[AGG] JUP/USDC: decision=HOLD confidence=2.00 tie=false belowMin=false (minConf=0.55)","timestamp":"2026-06-22T13:10:55.348Z"}
{"level":"debug","message":"[CYCLE] BTC/USDC: sizing positionPct=0.2200 (base=0.15 atr=0.037267080745341644 regime=on conf=2.00 macro=bear mtf=1.0)","timestamp":"2026-06-22T13:10:55.358Z"}
{"level":"info","message":"BTC/USDC: decision=HOLD confidence=200% price=65065.78000000 external_signals=0","timestamp":"2026-06-22T13:10:55.358Z"}
{"level":"info","message":"BTC/USDC: No EMA crossover (fast 64140.8994 vs slow 64522.6812) | PSAR downtrend continues (SAR 65352.1574) | HA flipped bearish ↓ after 4-bar bull streak","timestamp":"2026-06-22T13:10:55.359Z"}
{"level":"debug","message":"[CYCLE] XRP/USDC: sizing positionPct=0.1658 (base=0.15 atr=0.037267080745341644 regime=on conf=2.00 macro=bear mtf=1.0)","timestamp":"2026-06-22T13:10:55.553Z"}
{"level":"info","message":"XRP/USDC: decision=HOLD confidence=200% price=1.15030000 external_signals=0","timestamp":"2026-06-22T13:10:55.553Z"}
{"level":"info","message":"XRP/USDC: Price 1.1470 inside BB [1.0963–1.2398] | Stoch K=16.4 crossed above D=14.8 in oversold zone | No EMA crossover (fast 1.1540 vs slow 1.1657)","timestamp":"2026-06-22T13:10:55.554Z"}
{"level":"debug","message":"[CYCLE] LINK/USDC: sizing positionPct=0.0742 (base=0.15 atr=0.037267080745341644 regime=on conf=0.00 macro=bear mtf=1.0)","timestamp":"2026-06-22T13:10:55.753Z"}
{"level":"info","message":"LINK/USDC: decision=HOLD confidence=0% price=8.10000000 external_signals=0","timestamp":"2026-06-22T13:10:55.753Z"}
{"level":"info","message":"LINK/USDC: Price 8.0800 inside BB [7.7452–8.3529] | Stoch K=37.9 D=26.1 — no crossover in extreme zone | Supertrend downtrend continues (ST 8.4740)","timestamp":"2026-06-22T13:10:55.753Z"}
{"level":"debug","message":"[CYCLE] BNB/USDC: sizing positionPct=0.1125 (base=0.15 atr=0.037267080745341644 regime=on conf=2.00 macro=bear mtf=1.0)","timestamp":"2026-06-22T13:10:55.965Z"}
{"level":"info","message":"BNB/USDC: decision=HOLD confidence=200% price=599.31000000 external_signals=0","timestamp":"2026-06-22T13:10:55.966Z"}
{"level":"info","message":"BNB/USDC: %R -57.6 neutral | HA bullish continuation | Resistance 597.8000 (2×)","timestamp":"2026-06-22T13:10:55.966Z"}
{"level":"debug","message":"[CYCLE] LTC/USDC: sizing positionPct=0.0955 (base=0.15 atr=0.037267080745341644 regime=on conf=0.00 macro=bear mtf=1.0)","timestamp":"2026-06-22T13:10:56.174Z"}
{"level":"info","message":"LTC/USDC: decision=HOLD confidence=0% price=45.45000000 external_signals=0","timestamp":"2026-06-22T13:10:56.174Z"}
{"level":"info","message":"LTC/USDC: Price 45.2300 inside BB [43.0487–46.2013] | No EMA crossover (fast 44.6240 vs slow 44.7495) | %R -32.6 neutral","timestamp":"2026-06-22T13:10:56.174Z"}
{"level":"debug","message":"[CYCLE] NEAR/USDC: sizing positionPct=0.0146 (base=0.15 atr=0.037267080745341644 regime=on conf=0.00 macro=bear mtf=1.0)","timestamp":"2026-06-22T13:10:56.358Z"}
{"level":"info","message":"NEAR/USDC: decision=HOLD confidence=0% price=2.18000000 external_signals=0","timestamp":"2026-06-22T13:10:56.358Z"}
{"level":"info","message":"NEAR/USDC: RSI 48.3 neutral | Price 2.1650 inside BB [1.9706–2.4523] | Stoch K=16.9 D=23.9 — no crossover in extreme zone | No significant S/R zone nearby","timestamp":"2026-06-22T13:10:56.358Z"}
{"level":"debug","message":"[CYCLE] TRX/USDC: sizing positionPct=0.0900 (base=0.15 atr=0.037267080745341644 regime=on conf=0.00 macro=bear mtf=1.0)","timestamp":"2026-06-22T13:10:56.550Z"}
{"level":"info","message":"TRX/USDC: decision=HOLD confidence=0% price=0.33140000 external_signals=0","timestamp":"2026-06-22T13:10:56.550Z"}
{"level":"info","message":"TRX/USDC: CCI 199.2 overbought — still rising, wait | Stoch K=97.4 D=96.8 — no crossover in extreme zone | StochRSI K=100.0 D=100.0 — no extreme crossover","timestamp":"2026-06-22T13:10:56.551Z"}
{"level":"debug","message":"[CYCLE] BCH/USDC: sizing positionPct=0.0627 (base=0.15 atr=0.037267080745341644 regime=on conf=0.00 macro=bear mtf=1.0)","timestamp":"2026-06-22T13:10:56.755Z"}
{"level":"info","message":"BCH/USDC: decision=HOLD confidence=0% price=202.40000000 external_signals=0","timestamp":"2026-06-22T13:10:56.755Z"}
{"level":"info","message":"BCH/USDC: Price 201.0000 inside BB [188.8657–224.9543] | OBV below EMA-20 — no cross | %R -78.3 neutral","timestamp":"2026-06-22T13:10:56.755Z"}
{"level":"debug","message":"[CYCLE] ACH/USDC: sizing positionPct=0.0724 (base=0.15 atr=0.037267080745341644 regime=on conf=0.00 macro=bear mtf=1.0)","timestamp":"2026-06-22T13:10:56.954Z"}
{"level":"info","message":"ACH/USDC: decision=HOLD confidence=0% price=0.00517000 external_signals=0","timestamp":"2026-06-22T13:10:56.954Z"}
{"level":"info","message":"ACH/USDC: RSI 40.3 neutral | Price 0.0051 inside BB [0.0049–0.0057] | CCI -80.1 neutral","timestamp":"2026-06-22T13:10:56.954Z"}
{"level":"debug","message":"[CYCLE] ENS/USDC: sizing positionPct=0.0468 (base=0.15 atr=0.037267080745341644 regime=on conf=0.00 macro=bear mtf=1.0)","timestamp":"2026-06-22T13:10:57.152Z"}
{"level":"info","message":"ENS/USDC: decision=HOLD confidence=0% price=4.78000000 external_signals=0","timestamp":"2026-06-22T13:10:57.152Z"}
{"level":"info","message":"ENS/USDC: Price 4.7100 inside BB [4.5886–5.5854] | PSAR downtrend continues (SAR 5.3516) | No significant S/R zone nearby","timestamp":"2026-06-22T13:10:57.152Z"}
{"level":"debug","message":"[CYCLE] CRV/USDC: sizing positionPct=0.0904 (base=0.15 atr=0.037267080745341644 regime=on conf=2.00 macro=bear mtf=1.0)","timestamp":"2026-06-22T13:10:57.353Z"}
{"level":"info","message":"CRV/USDC: decision=HOLD confidence=200% price=0.21320000 external_signals=0","timestamp":"2026-06-22T13:10:57.353Z"}
{"level":"info","message":"CRV/USDC: ADX 21.6 < 25 — ranging, skip | StochRSI K=8.0 crossed above D=4.9 in oversold ↑ | No significant S/R zone nearby","timestamp":"2026-06-22T13:10:57.353Z"}
{"level":"debug","message":"[CYCLE] GMX/USDC: sizing positionPct=0.0565 (base=0.15 atr=0.037267080745341644 regime=on conf=0.00 macro=bear mtf=1.0)","timestamp":"2026-06-22T13:10:57.580Z"}
{"level":"info","message":"GMX/USDC: decision=HOLD confidence=0% price=5.94000000 external_signals=0","timestamp":"2026-06-22T13:10:57.580Z"}
{"level":"info","message":"GMX/USDC: RSI 53.0 neutral | Price 5.9400 inside BB [5.4576–6.1844] | CCI 43.1 neutral","timestamp":"2026-06-22T13:10:57.580Z"}
{"level":"debug","message":"[CYCLE] LDO/USDC: sizing positionPct=0.0341 (base=0.15 atr=0.037267080745341644 regime=on conf=0.00 macro=bear mtf=1.0)","timestamp":"2026-06-22T13:10:57.758Z"}
{"level":"info","message":"LDO/USDC: decision=HOLD confidence=0% price=0.27980000 external_signals=0","timestamp":"2026-06-22T13:10:57.758Z"}
{"level":"info","message":"LDO/USDC: MACD -0.0002 vs signal -0.0018 hist:0.0016 | ADX 20.9 < 25 — ranging, skip | %R -61.0 neutral","timestamp":"2026-06-22T13:10:57.758Z"}
{"level":"debug","message":"[CYCLE] LSK/USDC: sizing positionPct=0.1462 (base=0.15 atr=0.037267080745341644 regime=on conf=2.00 macro=bear mtf=1.0)","timestamp":"2026-06-22T13:10:57.963Z"}
{"level":"info","message":"LSK/USDC: decision=HOLD confidence=200% price=0.09200000 external_signals=0","timestamp":"2026-06-22T13:10:57.963Z"}
{"level":"info","message":"LSK/USDC: MACD crossed above signal hist:0.0001 | MFI 58.7 neutral | PSAR downtrend continues (SAR 0.0960)","timestamp":"2026-06-22T13:10:57.964Z"}
{"level":"debug","message":"[CYCLE] JTO/USDC: sizing positionPct=0.0292 (base=0.15 atr=0.037267080745341644 regime=on conf=0.00 macro=bear mtf=1.0)","timestamp":"2026-06-22T13:10:58.169Z"}
{"level":"info","message":"JTO/USDC: decision=HOLD confidence=0% price=0.64500000 external_signals=0","timestamp":"2026-06-22T13:10:58.169Z"}
{"level":"info","message":"JTO/USDC: CCI -23.8 neutral | PSAR downtrend continues (SAR 0.8593) | No significant S/R zone nearby","timestamp":"2026-06-22T13:10:58.169Z"}
{"level":"debug","message":"[CYCLE] MANTA/USDC: sizing positionPct=0.0414 (base=0.15 atr=0.037267080745341644 regime=on conf=0.00 macro=bear mtf=1.0)","timestamp":"2026-06-22T13:10:58.353Z"}
{"level":"info","message":"MANTA/USDC: decision=HOLD confidence=0% price=0.07925000 external_signals=0","timestamp":"2026-06-22T13:10:58.353Z"}
{"level":"info","message":"MANTA/USDC: RSI 48.7 neutral | Price 0.0799 inside BB [0.0787–0.0833] | CCI -77.7 neutral","timestamp":"2026-06-22T13:10:58.353Z"}
{"level":"debug","message":"[CYCLE] PIXEL/USDC: sizing positionPct=0.1121 (base=0.15 atr=0.037267080745341644 regime=on conf=2.00 macro=bear mtf=1.0)","timestamp":"2026-06-22T13:10:58.566Z"}
{"level":"info","message":"PIXEL/USDC: decision=HOLD confidence=200% price=0.00548000 external_signals=0","timestamp":"2026-06-22T13:10:58.566Z"}
{"level":"info","message":"PIXEL/USDC: No EMA crossover (fast 0.0054 vs slow 0.0055) | ADX 22.4 uptrend (+DI 23.8 > -DI 22.6) | No significant S/R zone nearby","timestamp":"2026-06-22T13:10:58.566Z"}
{"level":"debug","message":"[CYCLE] PAXG/USDC: sizing positionPct=0.2925 (base=0.15 atr=0.037267080745341644 regime=on conf=2.00 macro=bear mtf=1.0)","timestamp":"2026-06-22T13:10:58.758Z"}
{"level":"info","message":"PAXG/USDC: decision=HOLD confidence=200% price=4196.31000000 external_signals=0","timestamp":"2026-06-22T13:10:58.758Z"}
{"level":"info","message":"PAXG/USDC: MACD -40.3398 vs signal -39.4025 hist:-0.9374 | ADX 26.5 downtrend (-DI 27.0 > +DI 19.7) | Supertrend downtrend continues (ST 4299.0234)","timestamp":"2026-06-22T13:10:58.759Z"}
{"level":"debug","message":"[CYCLE] SUI/USDC: sizing positionPct=0.0566 (base=0.15 atr=0.037267080745341644 regime=on conf=0.00 macro=bear mtf=1.0)","timestamp":"2026-06-22T13:10:58.960Z"}
{"level":"info","message":"SUI/USDC: decision=HOLD confidence=0% price=0.73460000 external_signals=0","timestamp":"2026-06-22T13:10:58.960Z"}
{"level":"info","message":"SUI/USDC: RSI 44.5 neutral | Stoch K=33.3 D=15.7 — no crossover in extreme zone | MFI 19.5 oversold — still falling, wait","timestamp":"2026-06-22T13:10:58.960Z"}
{"level":"debug","message":"[CYCLE] VANRY/USDC: sizing positionPct=0.1100 (base=0.15 atr=0.037267080745341644 regime=on conf=2.00 macro=bear mtf=1.0)","timestamp":"2026-06-22T13:10:59.363Z"}
{"level":"info","message":"VANRY/USDC: decision=HOLD confidence=200% price=0.00348600 external_signals=0","timestamp":"2026-06-22T13:10:59.363Z"}
{"level":"info","message":"VANRY/USDC: No EMA crossover (fast 0.0035 vs slow 0.0035) | MACD -0.0001 vs signal -0.0001 hist:0.0000 | ADX 32.0 uptrend (+DI 25.4 > -DI 16.2)","timestamp":"2026-06-22T13:10:59.363Z"}
{"level":"debug","message":"[CYCLE] THETA/USDC: sizing positionPct=0.1145 (base=0.15 atr=0.037267080745341644 regime=on conf=2.00 macro=bear mtf=1.0)","timestamp":"2026-06-22T13:10:59.551Z"}
{"level":"info","message":"THETA/USDC: decision=HOLD confidence=200% price=0.15670000 external_signals=0","timestamp":"2026-06-22T13:10:59.551Z"}
{"level":"info","message":"THETA/USDC: RSI 43.6 neutral | CCI -81.2 neutral | OBV crossed below EMA-20 — volume sellers in control","timestamp":"2026-06-22T13:10:59.551Z"}
{"level":"debug","message":"[CYCLE] SOL/USDC: sizing positionPct=0.0637 (base=0.15 atr=0.037267080745341644 regime=on conf=0.00 macro=bear mtf=1.0)","timestamp":"2026-06-22T13:10:59.754Z"}
{"level":"info","message":"SOL/USDC: decision=HOLD confidence=0% price=74.42000000 external_signals=0","timestamp":"2026-06-22T13:10:59.754Z"}
{"level":"info","message":"SOL/USDC: Price 74.1100 inside BB [66.5863–76.0487] | %R -23.8 neutral | StochRSI K=82.7 D=79.5 — no extreme crossover","timestamp":"2026-06-22T13:10:59.755Z"}
{"level":"debug","message":"[CYCLE] ADA/USDC: sizing positionPct=0.0665 (base=0.15 atr=0.037267080745341644 regime=on conf=0.00 macro=bear mtf=1.0)","timestamp":"2026-06-22T13:10:59.954Z"}
{"level":"info","message":"ADA/USDC: decision=HOLD confidence=0% price=0.16190000 external_signals=0","timestamp":"2026-06-22T13:10:59.954Z"}
{"level":"info","message":"ADA/USDC: RSI 37.1 neutral | Price 0.1616 inside BB [0.1540–0.1838] | CCI -93.2 neutral","timestamp":"2026-06-22T13:10:59.954Z"}
{"level":"debug","message":"[CYCLE] AVAX/USDC: sizing positionPct=0.0484 (base=0.15 atr=0.037267080745341644 regime=on conf=0.00 macro=bear mtf=1.0)","timestamp":"2026-06-22T13:11:00.170Z"}
{"level":"info","message":"AVAX/USDC: decision=HOLD confidence=0% price=6.37200000 external_signals=0","timestamp":"2026-06-22T13:11:00.170Z"}
{"level":"info","message":"AVAX/USDC: RSI 40.8 neutral | MACD -0.2584 vs signal -0.2813 hist:0.0229 | PSAR downtrend continues (SAR 6.5285)","timestamp":"2026-06-22T13:11:00.170Z"}
{"level":"debug","message":"[CYCLE] DOGE/USDC: sizing positionPct=0.0922 (base=0.15 atr=0.037267080745341644 regime=on conf=0.00 macro=bear mtf=1.0)","timestamp":"2026-06-22T13:11:00.355Z"}
{"level":"info","message":"DOGE/USDC: decision=HOLD confidence=0% price=0.08440000 external_signals=0","timestamp":"2026-06-22T13:11:00.355Z"}
{"level":"info","message":"DOGE/USDC: No EMA crossover (fast 0.0843 vs slow 0.0858) | PSAR downtrend continues (SAR 0.0896) | HA bearish continuation","timestamp":"2026-06-22T13:11:00.355Z"}
{"level":"debug","message":"[CYCLE] ETH/USDC: sizing positionPct=0.1615 (base=0.15 atr=0.037267080745341644 regime=on conf=2.00 macro=bear mtf=1.0)","timestamp":"2026-06-22T13:11:00.757Z"}
{"level":"info","message":"ETH/USDC: decision=HOLD confidence=200% price=1763.76000000 external_signals=0","timestamp":"2026-06-22T13:11:00.757Z"}
{"level":"info","message":"ETH/USDC: Supertrend uptrend continues (ST 1631.9562) | MFI 47.0 neutral | Support 1749.5100 (4×)","timestamp":"2026-06-22T13:11:00.757Z"}
{"level":"debug","message":"[CYCLE] WLD/USDC: sizing positionPct=0.0731 (base=0.15 atr=0.037267080745341644 regime=on conf=2.00 macro=bear mtf=1.0)","timestamp":"2026-06-22T13:11:00.967Z"}
{"level":"info","message":"WLD/USDC: decision=HOLD confidence=200% price=0.63590000 external_signals=0","timestamp":"2026-06-22T13:11:00.967Z"}
{"level":"info","message":"WLD/USDC: Price 0.6263 inside BB [0.4706–0.7186] | CCI 47.6 neutral | ADX 49.7 uptrend (+DI 25.4 > -DI 7.4)","timestamp":"2026-06-22T13:11:00.967Z"}
{"level":"debug","message":"[CYCLE] PEPE/USDC: sizing positionPct=0.1342 (base=0.15 atr=0.037267080745341644 regime=on conf=2.00 macro=bear mtf=1.0)","timestamp":"2026-06-22T13:11:01.154Z"}
{"level":"info","message":"PEPE/USDC: decision=HOLD confidence=200% price=0.00000288 external_signals=0","timestamp":"2026-06-22T13:11:01.154Z"}
{"level":"info","message":"PEPE/USDC: No EMA crossover (fast 0.0000 vs slow 0.0000) | Supertrend downtrend continues (ST 0.0000) | OBV crossed above EMA-20 — volume buyers in control","timestamp":"2026-06-22T13:11:01.155Z"}
{"level":"debug","message":"[CYCLE] TON/USDC: sizing positionPct=0.0231 (base=0.15 atr=0.037267080745341644 regime=on conf=0.00 macro=bear mtf=1.0)","timestamp":"2026-06-22T13:11:01.358Z"}
{"level":"info","message":"TON/USDC: decision=HOLD confidence=0% price=1.68000000 external_signals=0","timestamp":"2026-06-22T13:11:01.358Z"}
{"level":"info","message":"TON/USDC: No EMA crossover (fast 1.6573 vs slow 1.6797) | OBV above EMA-20 — no cross | StochRSI K=72.9 D=70.3 — no extreme crossover","timestamp":"2026-06-22T13:11:01.358Z"}
{"level":"debug","message":"[CYCLE] RENDER/USDC: sizing positionPct=0.0523 (base=0.15 atr=0.037267080745341644 regime=on conf=0.00 macro=bear mtf=1.0)","timestamp":"2026-06-22T13:11:01.573Z"}
{"level":"info","message":"RENDER/USDC: decision=HOLD confidence=0% price=1.71100000 external_signals=0","timestamp":"2026-06-22T13:11:01.573Z"}
{"level":"info","message":"RENDER/USDC: No EMA crossover (fast 1.7086 vs slow 1.7277) | OBV below EMA-20 — no cross | %R -70.7 neutral","timestamp":"2026-06-22T13:11:01.573Z"}
{"level":"debug","message":"[CYCLE] ENA/USDC: sizing positionPct=0.0274 (base=0.15 atr=0.037267080745341644 regime=on conf=0.00 macro=bear mtf=1.0)","timestamp":"2026-06-22T13:11:01.759Z"}
{"level":"info","message":"ENA/USDC: decision=HOLD confidence=0% price=0.09660000 external_signals=0","timestamp":"2026-06-22T13:11:01.759Z"}
{"level":"info","message":"ENA/USDC: RSI 60.1 neutral | Price 0.0963 inside BB [0.0788–0.0969] | CCI 116.8 overbought — still rising, wait","timestamp":"2026-06-22T13:11:01.759Z"}
{"level":"debug","message":"[CYCLE] ICP/USDC: sizing positionPct=0.1155 (base=0.15 atr=0.037267080745341644 regime=on conf=2.00 macro=bear mtf=1.0)","timestamp":"2026-06-22T13:11:02.024Z"}
{"level":"info","message":"ICP/USDC: decision=HOLD confidence=200% price=2.29000000 external_signals=0","timestamp":"2026-06-22T13:11:02.025Z"}
{"level":"info","message":"ICP/USDC: RSI 44.9 neutral | Price 2.2950 inside BB [2.1570–2.5590] | Stoch K=27.8 crossed above D=23.7 in oversold zone","timestamp":"2026-06-22T13:11:02.025Z"}
{"level":"debug","message":"[CYCLE] APT/USDC: sizing positionPct=0.0523 (base=0.15 atr=0.037267080745341644 regime=on conf=0.00 macro=bear mtf=1.0)","timestamp":"2026-06-22T13:11:02.168Z"}
{"level":"info","message":"APT/USDC: decision=HOLD confidence=0% price=0.68200000 external_signals=0","timestamp":"2026-06-22T13:11:02.168Z"}
{"level":"info","message":"APT/USDC: Price 0.6800 inside BB [0.6233–0.6967] | Stoch K=65.3 D=48.5 — no crossover in extreme zone | MFI 58.5 neutral","timestamp":"2026-06-22T13:11:02.168Z"}
{"level":"debug","message":"[CYCLE] ARB/USDC: sizing positionPct=0.0565 (base=0.15 atr=0.037267080745341644 regime=on conf=0.00 macro=bear mtf=1.0)","timestamp":"2026-06-22T13:11:02.352Z"}
{"level":"info","message":"ARB/USDC: decision=HOLD confidence=0% price=0.08610000 external_signals=0","timestamp":"2026-06-22T13:11:02.352Z"}
{"level":"info","message":"ARB/USDC: RSI 51.4 neutral | %R -43.7 neutral | HA flipped but prior streak too short (1 < 3)","timestamp":"2026-06-22T13:11:02.353Z"}
{"level":"debug","message":"[CYCLE] JUP/USDC: sizing positionPct=0.0944 (base=0.15 atr=0.037267080745341644 regime=on conf=2.00 macro=bear mtf=1.0)","timestamp":"2026-06-22T13:11:02.568Z"}
{"level":"info","message":"JUP/USDC: decision=HOLD confidence=200% price=0.21330000 external_signals=0","timestamp":"2026-06-22T13:11:02.569Z"}
{"level":"info","message":"JUP/USDC: Price 0.2124 inside BB [0.1622–0.2217] | CCI 124.5 overbought ↓ reversal confirmed | OBV above EMA-20 — no cross","timestamp":"2026-06-22T13:11:02.569Z"}
{"level":"info","message":"BTC/USDC: live balance=171.40 pnl=0.00 open_positions=1 daily_pnl=0.00 blocked=false","timestamp":"2026-06-22T13:11:02.763Z"}
{"level":"info","message":"XRP/USDC: live balance=171.40 pnl=0.00 open_positions=1 daily_pnl=0.00 blocked=false","timestamp":"2026-06-22T13:11:02.965Z"}
{"level":"info","message":"LINK/USDC: live balance=171.40 pnl=0.00 open_positions=1 daily_pnl=0.00 blocked=false","timestamp":"2026-06-22T13:11:03.164Z"}
{"level":"info","message":"BNB/USDC: live balance=171.40 pnl=0.00 open_positions=1 daily_pnl=0.00 blocked=false","timestamp":"2026-06-22T13:11:03.364Z"}
{"level":"info","message":"LTC/USDC: live balance=171.40 pnl=0.00 open_positions=1 daily_pnl=0.00 blocked=false","timestamp":"2026-06-22T13:11:03.562Z"}
{"level":"info","message":"NEAR/USDC: live balance=171.40 pnl=0.00 open_positions=1 daily_pnl=0.00 blocked=false","timestamp":"2026-06-22T13:11:03.755Z"}
{"level":"info","message":"TRX/USDC: live balance=171.40 pnl=0.00 open_positions=1 daily_pnl=0.00 blocked=false","timestamp":"2026-06-22T13:11:03.963Z"}
{"level":"info","message":"BCH/USDC: live balance=171.40 pnl=0.00 open_positions=1 daily_pnl=0.00 blocked=false","timestamp":"2026-06-22T13:11:04.154Z"}
{"level":"info","message":"ACH/USDC: live balance=171.40 pnl=0.00 open_positions=1 daily_pnl=0.00 blocked=false","timestamp":"2026-06-22T13:11:04.381Z"}
{"level":"info","message":"ENS/USDC: live balance=171.40 pnl=0.00 open_positions=1 daily_pnl=0.00 blocked=false","timestamp":"2026-06-22T13:11:04.557Z"}
{"level":"info","message":"CRV/USDC: live balance=171.40 pnl=0.00 open_positions=1 daily_pnl=0.00 blocked=false","timestamp":"2026-06-22T13:11:04.754Z"}
{"level":"info","message":"GMX/USDC: live balance=171.40 pnl=0.00 open_positions=1 daily_pnl=0.00 blocked=false","timestamp":"2026-06-22T13:11:04.953Z"}
{"level":"info","message":"LDO/USDC: live balance=171.40 pnl=0.00 open_positions=1 daily_pnl=0.00 blocked=false","timestamp":"2026-06-22T13:11:05.172Z"}
{"level":"info","message":"LSK/USDC: live balance=171.40 pnl=0.00 open_positions=1 daily_pnl=0.00 blocked=false","timestamp":"2026-06-22T13:11:05.353Z"}
{"level":"info","message":"JTO/USDC: live balance=171.40 pnl=0.00 open_positions=1 daily_pnl=0.00 blocked=false","timestamp":"2026-06-22T13:11:05.568Z"}
{"level":"info","message":"MANTA/USDC: live balance=171.40 pnl=0.00 open_positions=1 daily_pnl=0.00 blocked=false","timestamp":"2026-06-22T13:11:05.754Z"}
{"level":"info","message":"PIXEL/USDC: live balance=171.40 pnl=0.00 open_positions=1 daily_pnl=0.00 blocked=false","timestamp":"2026-06-22T13:11:05.953Z"}
{"level":"info","message":"PAXG/USDC: live balance=171.40 pnl=0.00 open_positions=1 daily_pnl=0.00 blocked=false","timestamp":"2026-06-22T13:11:06.169Z"}
{"level":"info","message":"SUI/USDC: live balance=171.40 pnl=0.00 open_positions=1 daily_pnl=0.00 blocked=false","timestamp":"2026-06-22T13:11:06.357Z"}
{"level":"info","message":"VANRY/USDC: live balance=171.40 pnl=0.00 open_positions=1 daily_pnl=0.00 blocked=false","timestamp":"2026-06-22T13:11:06.552Z"}
{"level":"info","message":"THETA/USDC: live balance=171.40 pnl=0.00 open_positions=1 daily_pnl=0.00 blocked=false","timestamp":"2026-06-22T13:11:06.779Z"}
{"level":"info","message":"SOL/USDC: live balance=171.40 pnl=0.00 open_positions=1 daily_pnl=0.00 blocked=false","timestamp":"2026-06-22T13:11:06.969Z"}
{"level":"info","message":"ADA/USDC: live balance=171.40 pnl=0.00 open_positions=1 daily_pnl=0.00 blocked=false","timestamp":"2026-06-22T13:11:07.171Z"}
{"level":"info","message":"AVAX/USDC: live balance=171.40 pnl=0.00 open_positions=1 daily_pnl=0.00 blocked=false","timestamp":"2026-06-22T13:11:07.382Z"}
{"level":"info","message":"DOGE/USDC: live balance=171.40 pnl=0.00 open_positions=1 daily_pnl=0.00 blocked=false","timestamp":"2026-06-22T13:11:07.573Z"}
{"level":"info","message":"ETH/USDC: live balance=171.40 pnl=0.00 open_positions=1 daily_pnl=0.00 blocked=false","timestamp":"2026-06-22T13:11:07.793Z"}
{"level":"info","message":"WLD/USDC: live balance=171.40 pnl=0.00 open_positions=1 daily_pnl=0.00 blocked=false","timestamp":"2026-06-22T13:11:07.992Z"}
{"level":"info","message":"PEPE/USDC: live balance=171.40 pnl=0.00 open_positions=1 daily_pnl=0.00 blocked=false","timestamp":"2026-06-22T13:11:08.197Z"}
{"level":"info","message":"TON/USDC: live balance=171.40 pnl=0.00 open_positions=1 daily_pnl=0.00 blocked=false","timestamp":"2026-06-22T13:11:08.409Z"}
{"level":"info","message":"RENDER/USDC: live balance=171.40 pnl=0.00 open_positions=1 daily_pnl=0.00 blocked=false","timestamp":"2026-06-22T13:11:08.591Z"}
{"level":"info","message":"ENA/USDC: live balance=171.40 pnl=0.00 open_positions=1 daily_pnl=0.00 blocked=false","timestamp":"2026-06-22T13:11:08.801Z"}
{"level":"info","message":"ICP/USDC: live balance=171.40 pnl=0.00 open_positions=1 daily_pnl=0.00 blocked=false","timestamp":"2026-06-22T13:11:09.014Z"}
{"level":"info","message":"APT/USDC: live balance=171.40 pnl=0.00 open_positions=1 daily_pnl=0.00 blocked=false","timestamp":"2026-06-22T13:11:09.192Z"}
{"level":"info","message":"ARB/USDC: live balance=171.40 pnl=0.00 open_positions=1 daily_pnl=0.00 blocked=false","timestamp":"2026-06-22T13:11:09.395Z"}
{"level":"info","message":"JUP/USDC: live balance=171.40 pnl=0.00 open_positions=1 daily_pnl=0.00 blocked=false","timestamp":"2026-06-22T13:11:09.594Z"}
{"level":"debug","message":"[RISK] TIA/USDC: canTrade=true (managing existing position) decision=BUY","timestamp":"2026-06-22T13:11:09.788Z"}
{"level":"debug","message":"[CYCLE] TIA/USDC: sizing positionPct=0.1002 (base=0.15 atr=0.037267080745341644 regime=on conf=1.00 macro=bear mtf=1.0)","timestamp":"2026-06-22T13:11:09.789Z"}
{"level":"debug","message":"[LIVE] TIA/USDC: checkRisk price=0.39670000 SL=0.37724500 TP=0.44475200 HWM=0.39820000 entry=0.39710000","timestamp":"2026-06-22T13:11:09.789Z"}
{"level":"info","message":"[LIVE] TIA/USDC: BUY skipped, existing position open","timestamp":"2026-06-22T13:11:09.790Z"}
{"level":"info","message":"TIA/USDC: decision=BUY confidence=100% price=0.39670000 external_signals=0","timestamp":"2026-06-22T13:11:09.790Z"}
{"level":"info","message":"TIA/USDC: CCI 55.8 neutral | MACD crossed above signal (above zero) ↑ hist:0.0007 | HA flipped bullish ↑ after 8-bar bear streak","timestamp":"2026-06-22T13:11:09.790Z"}
{"level":"info","message":"INJ/USDC: BUY suppressed — 4h momentum bearish (score=43% < 45% required)","timestamp":"2026-06-22T13:11:09.806Z"}
{"level":"debug","message":"[CYCLE] INJ/USDC: sizing positionPct=0.0361 (base=0.15 atr=0.037267080745341644 regime=on conf=1.00 macro=bear mtf=1.0)","timestamp":"2026-06-22T13:11:09.807Z"}
{"level":"info","message":"INJ/USDC: trade blocked - 4h momentum bearish (score=43% < 45% required)","timestamp":"2026-06-22T13:11:09.807Z"}
{"level":"info","message":"INJ/USDC: decision=BUY confidence=100% price=4.96300000 external_signals=0","timestamp":"2026-06-22T13:11:09.807Z"}
{"level":"info","message":"INJ/USDC: ADX 14.1 < 25 — ranging, skip | OBV crossed above EMA-20 — volume buyers in control | StochRSI K=0.7 crossed above D=0.2 in oversold ↑","timestamp":"2026-06-22T13:11:09.807Z"}
{"level":"info","message":"TIA/USDC: live balance=171.40 pnl=0.00 open_positions=1 daily_pnl=0.00 blocked=false","timestamp":"2026-06-22T13:11:10.066Z"}
{"level":"info","message":"INJ/USDC: live balance=171.40 pnl=0.00 open_positions=1 daily_pnl=0.00 blocked=false","timestamp":"2026-06-22T13:11:10.273Z"}
{"level":"info","message":"Risk-check loop active: every 120s for open positions","timestamp":"2026-06-22T13:11:10.273Z"}
{"level":"info","message":"MTF 15m cache: refresh every 15 min","timestamp":"2026-06-22T13:11:10.274Z"}
{"level":"info","message":"MTF 4h cache: refresh every 4h","timestamp":"2026-06-22T13:11:10.274Z"}
{"level":"info","message":"Next cycle aligned to candle close in 649 min (Tue, 23 Jun 2026 00:00:03 GMT)","timestamp":"2026-06-22T13:11:10.274Z"}
{"level":"info","message":"[MTF-CACHE] 15m refresh complete: 37/37 symbols","timestamp":"2026-06-22T13:11:20.758Z"}
{"level":"info","message":"[MTF-CACHE] 4h refresh complete: 37/37 symbols","timestamp":"2026-06-22T13:11:21.338Z"}
{"level":"debug","message":"[RISK-LOOP] checking 1 open position(s)","timestamp":"2026-06-22T13:13:10.562Z"}
{"level":"debug","message":"[LIVE] TIA/USDC: checkRisk price=0.39980000 SL=0.37724500 TP=0.44475200 HWM=0.39820000 entry=0.39710000","timestamp":"2026-06-22T13:13:11.009Z"}
{"level":"debug","message":"[RISK-LOOP] checking 1 open position(s)","timestamp":"2026-06-22T13:15:10.575Z"}
{"level":"debug","message":"[LIVE] TIA/USDC: checkRisk price=0.39730000 SL=0.37724500 TP=0.44475200 HWM=0.39820000 entry=0.39710000","timestamp":"2026-06-22T13:15:11.026Z"}
{"level":"debug","message":"[RISK-LOOP] checking 1 open position(s)","timestamp":"2026-06-22T13:17:10.549Z"}
{"level":"debug","message":"[LIVE] TIA/USDC: checkRisk price=0.39900000 SL=0.37724500 TP=0.44475200 HWM=0.39820000 entry=0.39710000","timestamp":"2026-06-22T13:17:10.994Z"}
{"level":"debug","message":"[RISK-LOOP] checking 1 open position(s)","timestamp":"2026-06-22T13:19:10.554Z"}
{"level":"debug","message":"[LIVE] TIA/USDC: checkRisk price=0.39890000 SL=0.37724500 TP=0.44475200 HWM=0.39820000 entry=0.39710000","timestamp":"2026-06-22T13:19:11.003Z"}
{"level":"debug","message":"[RISK-LOOP] checking 1 open position(s)","timestamp":"2026-06-22T13:21:10.755Z"}
{"level":"debug","message":"[LIVE] TIA/USDC: checkRisk price=0.39700000 SL=0.37724500 TP=0.44475200 HWM=0.39820000 entry=0.39710000","timestamp":"2026-06-22T13:21:11.219Z"}
{"level":"debug","message":"[RISK-LOOP] checking 1 open position(s)","timestamp":"2026-06-22T13:23:10.551Z"}
{"level":"debug","message":"[LIVE] TIA/USDC: checkRisk price=0.39820000 SL=0.37724500 TP=0.44475200 HWM=0.39820000 entry=0.39710000","timestamp":"2026-06-22T13:23:11.011Z"}
{"level":"debug","message":"[RISK-LOOP] checking 1 open position(s)","timestamp":"2026-06-22T13:25:10.558Z"}
{"level":"debug","message":"[LIVE] TIA/USDC: checkRisk price=0.39900000 SL=0.37724500 TP=0.44475200 HWM=0.39820000 entry=0.39710000","timestamp":"2026-06-22T13:25:11.029Z"}
{"level":"info","message":"[MTF-CACHE] 15m refresh complete: 37/37 symbols","timestamp":"2026-06-22T13:26:31.595Z"}
{"level":"debug","message":"[RISK-LOOP] checking 1 open position(s)","timestamp":"2026-06-22T13:27:10.551Z"}
{"level":"debug","message":"[LIVE] TIA/USDC: checkRisk price=0.39870000 SL=0.37724500 TP=0.44475200 HWM=0.39820000 entry=0.39710000","timestamp":"2026-06-22T13:27:11.038Z"}
{"level":"debug","message":"[RISK-LOOP] checking 1 open position(s)","timestamp":"2026-06-22T13:29:10.561Z"}
{"level":"debug","message":"[LIVE] TIA/USDC: checkRisk price=0.39770000 SL=0.37724500 TP=0.44475200 HWM=0.39820000 entry=0.39710000","timestamp":"2026-06-22T13:29:11.057Z"}
{"level":"debug","message":"[RISK-LOOP] checking 1 open position(s)","timestamp":"2026-06-22T13:31:10.766Z"}
{"level":"debug","message":"[LIVE] TIA/USDC: checkRisk price=0.39960000 SL=0.37724500 TP=0.44475200 HWM=0.39820000 entry=0.39710000","timestamp":"2026-06-22T13:31:11.220Z"}
{"level":"debug","message":"[RISK-LOOP] checking 1 open position(s)","timestamp":"2026-06-22T13:33:10.562Z"}
{"level":"debug","message":"[LIVE] TIA/USDC: checkRisk price=0.39680000 SL=0.37724500 TP=0.44475200 HWM=0.39820000 entry=0.39710000","timestamp":"2026-06-22T13:33:11.113Z"}
{"level":"debug","message":"[RISK-LOOP] checking 1 open position(s)","timestamp":"2026-06-22T13:35:10.559Z"}
{"level":"debug","message":"[LIVE] TIA/USDC: checkRisk price=0.39740000 SL=0.37724500 TP=0.44475200 HWM=0.39820000 entry=0.39710000","timestamp":"2026-06-22T13:35:11.153Z"}
{"level":"debug","message":"[RISK-LOOP] checking 1 open position(s)","timestamp":"2026-06-22T13:37:10.564Z"}
{"level":"debug","message":"[LIVE] TIA/USDC: checkRisk price=0.39820000 SL=0.37724500 TP=0.44475200 HWM=0.39820000 entry=0.39710000","timestamp":"2026-06-22T13:37:11.189Z"}
{"level":"debug","message":"[RISK-LOOP] checking 1 open position(s)","timestamp":"2026-06-22T13:39:10.568Z"}
{"level":"debug","message":"[LIVE] TIA/USDC: checkRisk price=0.39800000 SL=0.37724500 TP=0.44475200 HWM=0.39820000 entry=0.39710000","timestamp":"2026-06-22T13:39:11.016Z"}
{"level":"debug","message":"[RISK-LOOP] checking 1 open position(s)","timestamp":"2026-06-22T13:41:10.760Z"}
{"level":"debug","message":"[LIVE] TIA/USDC: checkRisk price=0.39680000 SL=0.37724500 TP=0.44475200 HWM=0.39820000 entry=0.39710000","timestamp":"2026-06-22T13:41:11.285Z"}
{"level":"info","message":"[MTF-CACHE] 15m refresh complete: 37/37 symbols","timestamp":"2026-06-22T13:41:31.196Z"}
{"level":"debug","message":"[RISK-LOOP] checking 1 open position(s)","timestamp":"2026-06-22T13:43:10.576Z"}
{"level":"debug","message":"[LIVE] TIA/USDC: checkRisk price=0.39760000 SL=0.37724500 TP=0.44475200 HWM=0.39820000 entry=0.39710000","timestamp":"2026-06-22T13:43:11.021Z"}
{"level":"debug","message":"[RISK-LOOP] checking 1 open position(s)","timestamp":"2026-06-22T13:45:10.575Z"}
{"level":"debug","message":"[LIVE] TIA/USDC: checkRisk price=0.39790000 SL=0.37724500 TP=0.44475200 HWM=0.39820000 entry=0.39710000","timestamp":"2026-06-22T13:45:11.023Z"}
{"level":"debug","message":"[RISK-LOOP] checking 1 open position(s)","timestamp":"2026-06-22T13:47:10.574Z"}
{"level":"debug","message":"[LIVE] TIA/USDC: checkRisk price=0.40110000 SL=0.37724500 TP=0.44475200 HWM=0.39820000 entry=0.39710000","timestamp":"2026-06-22T13:47:11.021Z"}
{"level":"debug","message":"[RISK-LOOP] checking 1 open position(s)","timestamp":"2026-06-22T13:49:10.600Z"}
{"level":"debug","message":"[LIVE] TIA/USDC: checkRisk price=0.40100000 SL=0.37724500 TP=0.44475200 HWM=0.39820000 entry=0.39710000","timestamp":"2026-06-22T13:49:11.056Z"}
{"level":"debug","message":"[RISK-LOOP] checking 1 open position(s)","timestamp":"2026-06-22T13:51:10.760Z"}
{"level":"debug","message":"[LIVE] TIA/USDC: checkRisk price=0.40040000 SL=0.37724500 TP=0.44475200 HWM=0.39820000 entry=0.39710000","timestamp":"2026-06-22T13:51:11.030Z"}
{"level":"debug","message":"[RISK-LOOP] checking 1 open position(s)","timestamp":"2026-06-22T13:53:10.570Z"}
{"level":"debug","message":"[LIVE] TIA/USDC: checkRisk price=0.40110000 SL=0.37724500 TP=0.44475200 HWM=0.39820000 entry=0.39710000","timestamp":"2026-06-22T13:53:11.016Z"}
{"level":"debug","message":"[RISK-LOOP] checking 1 open position(s)","timestamp":"2026-06-22T13:55:10.580Z"}
{"level":"debug","message":"[LIVE] TIA/USDC: checkRisk price=0.40180000 SL=0.37724500 TP=0.44475200 HWM=0.39820000 entry=0.39710000","timestamp":"2026-06-22T13:55:11.028Z"}
{"level":"info","message":"[MTF-CACHE] 15m refresh complete: 37/37 symbols","timestamp":"2026-06-22T13:56:31.653Z"}
{"level":"debug","message":"[RISK-LOOP] checking 1 open position(s)","timestamp":"2026-06-22T13:57:10.577Z"}
{"level":"debug","message":"[LIVE] TIA/USDC: checkRisk price=0.40210000 SL=0.37724500 TP=0.44475200 HWM=0.39820000 entry=0.39710000","timestamp":"2026-06-22T13:57:11.024Z"}
{"level":"debug","message":"[RISK-LOOP] checking 1 open position(s)","timestamp":"2026-06-22T13:59:10.580Z"}
{"level":"debug","message":"[LIVE] TIA/USDC: checkRisk price=0.40150000 SL=0.37724500 TP=0.44475200 HWM=0.39820000 entry=0.39710000","timestamp":"2026-06-22T13:59:11.024Z"}
{"level":"debug","message":"[RISK-LOOP] checking 1 open position(s)","timestamp":"2026-06-22T14:01:10.813Z"}
{"level":"debug","message":"[LIVE] TIA/USDC: checkRisk price=0.40330000 SL=0.37724500 TP=0.44475200 HWM=0.39820000 entry=0.39710000","timestamp":"2026-06-22T14:01:11.260Z"}
{"level":"debug","message":"[RISK-LOOP] checking 1 open position(s)","timestamp":"2026-06-22T14:03:10.604Z"}
{"level":"debug","message":"[LIVE] TIA/USDC: checkRisk price=0.40250000 SL=0.37724500 TP=0.44475200 HWM=0.39820000 entry=0.39710000","timestamp":"2026-06-22T14:03:11.051Z"}
{"level":"debug","message":"[RISK-LOOP] checking 1 open position(s)","timestamp":"2026-06-22T14:05:10.587Z"}
{"level":"debug","message":"[LIVE] TIA/USDC: checkRisk price=0.40270000 SL=0.37724500 TP=0.44475200 HWM=0.39820000 entry=0.39710000","timestamp":"2026-06-22T14:05:11.031Z"}
{"level":"debug","message":"[RISK-LOOP] checking 1 open position(s)","timestamp":"2026-06-22T14:07:10.594Z"}
{"level":"debug","message":"[LIVE] TIA/USDC: checkRisk price=0.40230000 SL=0.37724500 TP=0.44475200 HWM=0.39820000 entry=0.39710000","timestamp":"2026-06-22T14:07:11.039Z"}
{"level":"debug","message":"[RISK-LOOP] checking 1 open position(s)","timestamp":"2026-06-22T14:09:10.597Z"}
{"level":"debug","message":"[LIVE] TIA/USDC: checkRisk price=0.40160000 SL=0.37724500 TP=0.44475200 HWM=0.39820000 entry=0.39710000","timestamp":"2026-06-22T14:09:11.044Z"}
{"level":"debug","message":"[RISK-LOOP] checking 1 open position(s)","timestamp":"2026-06-22T14:11:10.822Z"}
{"level":"debug","message":"[LIVE] TIA/USDC: checkRisk price=0.39950000 SL=0.37724500 TP=0.44475200 HWM=0.39820000 entry=0.39710000","timestamp":"2026-06-22T14:11:11.090Z"}
{"level":"info","message":"[MTF-CACHE] 15m refresh complete: 37/37 symbols","timestamp":"2026-06-22T14:11:34.173Z"}
{"level":"debug","message":"[RISK-LOOP] checking 1 open position(s)","timestamp":"2026-06-22T14:13:10.589Z"}
{"level":"debug","message":"[LIVE] TIA/USDC: checkRisk price=0.40030000 SL=0.37724500 TP=0.44475200 HWM=0.39820000 entry=0.39710000","timestamp":"2026-06-22T14:13:11.037Z"}
{"level":"debug","message":"[RISK-LOOP] checking 1 open position(s)","timestamp":"2026-06-22T14:15:10.593Z"}
{"level":"debug","message":"[LIVE] TIA/USDC: checkRisk price=0.39990000 SL=0.37724500 TP=0.44475200 HWM=0.39820000 entry=0.39710000","timestamp":"2026-06-22T14:15:11.043Z"}
{"level":"debug","message":"[RISK-LOOP] checking 1 open position(s)","timestamp":"2026-06-22T14:17:10.602Z"}
{"level":"debug","message":"[LIVE] TIA/USDC: checkRisk price=0.39920000 SL=0.37724500 TP=0.44475200 HWM=0.39820000 entry=0.39710000","timestamp":"2026-06-22T14:17:11.050Z"}
{"level":"debug","message":"[RISK-LOOP] checking 1 open position(s)","timestamp":"2026-06-22T14:19:10.600Z"}
{"level":"debug","message":"[LIVE] TIA/USDC: checkRisk price=0.39970000 SL=0.37724500 TP=0.44475200 HWM=0.39820000 entry=0.39710000","timestamp":"2026-06-22T14:19:11.044Z"}
{"level":"debug","message":"[RISK-LOOP] checking 1 open position(s)","timestamp":"2026-06-22T14:21:10.818Z"}
{"level":"debug","message":"[LIVE] TIA/USDC: checkRisk price=0.39950000 SL=0.37724500 TP=0.44475200 HWM=0.39820000 entry=0.39710000","timestamp":"2026-06-22T14:21:11.082Z"}
{"level":"debug","message":"[RISK-LOOP] checking 1 open position(s)","timestamp":"2026-06-22T14:23:10.593Z"}
{"level":"debug","message":"[LIVE] TIA/USDC: checkRisk price=0.39930000 SL=0.37724500 TP=0.44475200 HWM=0.39820000 entry=0.39710000","timestamp":"2026-06-22T14:23:11.504Z"}
{"level":"debug","message":"[RISK-LOOP] checking 1 open position(s)","timestamp":"2026-06-22T14:25:10.595Z"}
{"level":"debug","message":"[LIVE] TIA/USDC: checkRisk price=0.39880000 SL=0.37724500 TP=0.44475200 HWM=0.39820000 entry=0.39710000","timestamp":"2026-06-22T14:25:11.041Z"}
{"level":"info","message":"[MTF-CACHE] 15m refresh complete: 37/37 symbols","timestamp":"2026-06-22T14:26:32.544Z"}
{"level":"debug","message":"[RISK-LOOP] checking 1 open position(s)","timestamp":"2026-06-22T14:27:10.591Z"}
{"level":"debug","message":"[LIVE] TIA/USDC: checkRisk price=0.39940000 SL=0.37724500 TP=0.44475200 HWM=0.39820000 entry=0.39710000","timestamp":"2026-06-22T14:27:11.042Z"}
{"level":"debug","message":"[RISK-LOOP] checking 1 open position(s)","timestamp":"2026-06-22T14:29:10.592Z"}
{"level":"debug","message":"[LIVE] TIA/USDC: checkRisk price=0.39830000 SL=0.37724500 TP=0.44475200 HWM=0.39820000 entry=0.39710000","timestamp":"2026-06-22T14:29:11.037Z"}
{"level":"debug","message":"[RISK-LOOP] checking 1 open position(s)","timestamp":"2026-06-22T14:31:10.833Z"}
{"level":"debug","message":"[LIVE] TIA/USDC: checkRisk price=0.39450000 SL=0.37724500 TP=0.44475200 HWM=0.39820000 entry=0.39710000","timestamp":"2026-06-22T14:31:11.100Z"}
{"level":"debug","message":"[RISK-LOOP] checking 1 open position(s)","timestamp":"2026-06-22T14:33:10.591Z"}
{"level":"debug","message":"[LIVE] TIA/USDC: checkRisk price=0.39430000 SL=0.37724500 TP=0.44475200 HWM=0.39820000 entry=0.39710000","timestamp":"2026-06-22T14:33:11.542Z"}
{"level":"debug","message":"[RISK-LOOP] checking 1 open position(s)","timestamp":"2026-06-22T14:35:10.597Z"}
{"level":"debug","message":"[LIVE] TIA/USDC: checkRisk price=0.39880000 SL=0.37724500 TP=0.44475200 HWM=0.39820000 entry=0.39710000","timestamp":"2026-06-22T14:35:11.043Z"}
{"level":"debug","message":"[RISK-LOOP] checking 1 open position(s)","timestamp":"2026-06-22T14:37:10.592Z"}
{"level":"debug","message":"[LIVE] TIA/USDC: checkRisk price=0.39790000 SL=0.37724500 TP=0.44475200 HWM=0.39820000 entry=0.39710000","timestamp":"2026-06-22T14:37:11.035Z"}
{"level":"debug","message":"[RISK-LOOP] checking 1 open position(s)","timestamp":"2026-06-22T14:39:11.062Z"}
{"level":"debug","message":"[LIVE] TIA/USDC: checkRisk price=0.39680000 SL=0.37724500 TP=0.44475200 HWM=0.39820000 entry=0.39710000","timestamp":"2026-06-22T14:39:11.508Z"}
{"level":"debug","message":"[RISK-LOOP] checking 1 open position(s)","timestamp":"2026-06-22T14:41:10.835Z"}
{"level":"debug","message":"[LIVE] TIA/USDC: checkRisk price=0.39890000 SL=0.37724500 TP=0.44475200 HWM=0.39820000 entry=0.39710000","timestamp":"2026-06-22T14:41:11.283Z"}
{"level":"info","message":"[MTF-CACHE] 15m refresh complete: 37/37 symbols","timestamp":"2026-06-22T14:41:31.478Z"}
{"level":"debug","message":"[RISK-LOOP] checking 1 open position(s)","timestamp":"2026-06-22T14:43:10.594Z"}
{"level":"debug","message":"[LIVE] TIA/USDC: checkRisk price=0.39920000 SL=0.37724500 TP=0.44475200 HWM=0.39820000 entry=0.39710000","timestamp":"2026-06-22T14:43:11.039Z"}
{"level":"debug","message":"[RISK-LOOP] checking 1 open position(s)","timestamp":"2026-06-22T14:45:10.606Z"}
{"level":"debug","message":"[LIVE] TIA/USDC: checkRisk price=0.39990000 SL=0.37724500 TP=0.44475200 HWM=0.39820000 entry=0.39710000","timestamp":"2026-06-22T14:45:11.054Z"}
{"level":"debug","message":"[RISK-LOOP] checking 1 open position(s)","timestamp":"2026-06-22T14:47:10.590Z"}
{"level":"debug","message":"[LIVE] TIA/USDC: checkRisk price=0.40130000 SL=0.37724500 TP=0.44475200 HWM=0.39820000 entry=0.39710000","timestamp":"2026-06-22T14:47:11.054Z"}
{"level":"debug","message":"[RISK-LOOP] checking 1 open position(s)","timestamp":"2026-06-22T14:49:10.606Z"}
{"level":"debug","message":"[LIVE] TIA/USDC: checkRisk price=0.40200000 SL=0.37724500 TP=0.44475200 HWM=0.39820000 entry=0.39710000","timestamp":"2026-06-22T14:49:11.055Z"}
{"level":"debug","message":"[RISK-LOOP] checking 1 open position(s)","timestamp":"2026-06-22T14:51:10.841Z"}
{"level":"debug","message":"[LIVE] TIA/USDC: checkRisk price=0.40380000 SL=0.37724500 TP=0.44475200 HWM=0.39820000 entry=0.39710000","timestamp":"2026-06-22T14:51:11.108Z"}
{"level":"debug","message":"[RISK-LOOP] checking 1 open position(s)","timestamp":"2026-06-22T14:53:10.606Z"}
{"level":"debug","message":"[LIVE] TIA/USDC: checkRisk price=0.40650000 SL=0.37724500 TP=0.44475200 HWM=0.39820000 entry=0.39710000","timestamp":"2026-06-22T14:53:11.057Z"}
{"level":"debug","message":"[RISK-LOOP] checking 1 open position(s)","timestamp":"2026-06-22T14:55:10.602Z"}
{"level":"debug","message":"[LIVE] TIA/USDC: checkRisk price=0.40650000 SL=0.37724500 TP=0.44475200 HWM=0.39820000 entry=0.39710000","timestamp":"2026-06-22T14:55:11.049Z"}
{"level":"info","message":"[MTF-CACHE] 15m refresh complete: 37/37 symbols","timestamp":"2026-06-22T14:56:31.011Z"}
{"level":"debug","message":"[RISK-LOOP] checking 1 open position(s)","timestamp":"2026-06-22T14:57:10.607Z"}
{"level":"debug","message":"[LIVE] TIA/USDC: checkRisk price=0.40600000 SL=0.37724500 TP=0.44475200 HWM=0.39820000 entry=0.39710000","timestamp":"2026-06-22T14:57:11.053Z"}
{"level":"debug","message":"[RISK-LOOP] checking 1 open position(s)","timestamp":"2026-06-22T14:59:10.598Z"}
{"level":"debug","message":"[LIVE] TIA/USDC: checkRisk price=0.40830000 SL=0.37724500 TP=0.44475200 HWM=0.39820000 entry=0.39710000","timestamp":"2026-06-22T14:59:11.044Z"}
{"level":"debug","message":"[RISK-LOOP] checking 1 open position(s)","timestamp":"2026-06-22T15:01:10.836Z"}
{"level":"debug","message":"[LIVE] TIA/USDC: checkRisk price=0.40890000 SL=0.37724500 TP=0.44475200 HWM=0.39820000 entry=0.39710000","timestamp":"2026-06-22T15:01:11.103Z"}
{"level":"debug","message":"[RISK-LOOP] checking 1 open position(s)","timestamp":"2026-06-22T15:03:10.605Z"}
{"level":"debug","message":"[LIVE] TIA/USDC: checkRisk price=0.40850000 SL=0.37724500 TP=0.44475200 HWM=0.39820000 entry=0.39710000","timestamp":"2026-06-22T15:03:11.051Z"}
{"level":"debug","message":"[RISK-LOOP] checking 1 open position(s)","timestamp":"2026-06-22T15:05:10.604Z"}
{"level":"debug","message":"[LIVE] TIA/USDC: checkRisk price=0.40580000 SL=0.37724500 TP=0.44475200 HWM=0.39820000 entry=0.39710000","timestamp":"2026-06-22T15:05:11.047Z"}
{"level":"debug","message":"[RISK-LOOP] checking 1 open position(s)","timestamp":"2026-06-22T15:07:10.604Z"}
{"level":"debug","message":"[LIVE] TIA/USDC: checkRisk price=0.40530000 SL=0.37724500 TP=0.44475200 HWM=0.39820000 entry=0.39710000","timestamp":"2026-06-22T15:07:11.053Z"}
{"level":"debug","message":"[RISK-LOOP] checking 1 open position(s)","timestamp":"2026-06-22T15:09:10.602Z"}
{"level":"debug","message":"[LIVE] TIA/USDC: checkRisk price=0.40680000 SL=0.37724500 TP=0.44475200 HWM=0.39820000 entry=0.39710000","timestamp":"2026-06-22T15:09:11.047Z"}
{"level":"debug","message":"[RISK-LOOP] checking 1 open position(s)","timestamp":"2026-06-22T15:11:10.833Z"}
{"level":"debug","message":"[LIVE] TIA/USDC: checkRisk price=0.40700000 SL=0.37724500 TP=0.44475200 HWM=0.39820000 entry=0.39710000","timestamp":"2026-06-22T15:11:11.101Z"}
{"level":"info","message":"[MTF-CACHE] 15m refresh complete: 37/37 symbols","timestamp":"2026-06-22T15:11:30.971Z"}
{"level":"debug","message":"[RISK-LOOP] checking 1 open position(s)","timestamp":"2026-06-22T15:13:10.598Z"}
{"level":"debug","message":"[LIVE] TIA/USDC: checkRisk price=0.40820000 SL=0.37724500 TP=0.44475200 HWM=0.39820000 entry=0.39710000","timestamp":"2026-06-22T15:13:11.043Z"}
{"level":"debug","message":"[RISK-LOOP] checking 1 open position(s)","timestamp":"2026-06-22T15:15:10.611Z"}
{"level":"debug","message":"[LIVE] TIA/USDC: checkRisk price=0.40620000 SL=0.37724500 TP=0.44475200 HWM=0.39820000 entry=0.39710000","timestamp":"2026-06-22T15:15:11.055Z"}
{"level":"debug","message":"[RISK-LOOP] checking 1 open position(s)","timestamp":"2026-06-22T15:17:10.618Z"}
{"level":"debug","message":"[LIVE] TIA/USDC: checkRisk price=0.40420000 SL=0.37724500 TP=0.44475200 HWM=0.39820000 entry=0.39710000","timestamp":"2026-06-22T15:17:11.063Z"}
{"level":"debug","message":"[RISK-LOOP] checking 1 open position(s)","timestamp":"2026-06-22T15:19:10.610Z"}
{"level":"debug","message":"[LIVE] TIA/USDC: checkRisk price=0.40400000 SL=0.37724500 TP=0.44475200 HWM=0.39820000 entry=0.39710000","timestamp":"2026-06-22T15:19:11.058Z"}
{"level":"debug","message":"[RISK-LOOP] checking 1 open position(s)","timestamp":"2026-06-22T15:21:10.839Z"}
{"level":"debug","message":"[LIVE] TIA/USDC: checkRisk price=0.40340000 SL=0.37724500 TP=0.44475200 HWM=0.39820000 entry=0.39710000","timestamp":"2026-06-22T15:21:11.103Z"}
{"level":"debug","message":"[RISK-LOOP] checking 1 open position(s)","timestamp":"2026-06-22T15:23:10.605Z"}
{"level":"debug","message":"[LIVE] TIA/USDC: checkRisk price=0.40390000 SL=0.37724500 TP=0.44475200 HWM=0.39820000 entry=0.39710000","timestamp":"2026-06-22T15:23:11.050Z"}
{"level":"debug","message":"[RISK-LOOP] checking 1 open position(s)","timestamp":"2026-06-22T15:25:10.608Z"}
{"level":"debug","message":"[LIVE] TIA/USDC: checkRisk price=0.40410000 SL=0.37724500 TP=0.44475200 HWM=0.39820000 entry=0.39710000","timestamp":"2026-06-22T15:25:11.069Z"}
{"level":"info","message":"[MTF-CACHE] 15m refresh complete: 37/37 symbols","timestamp":"2026-06-22T15:26:31.915Z"}
{"level":"debug","message":"[RISK-LOOP] checking 1 open position(s)","timestamp":"2026-06-22T15:27:10.604Z"}
{"level":"debug","message":"[LIVE] TIA/USDC: checkRisk price=0.40620000 SL=0.37724500 TP=0.44475200 HWM=0.39820000 entry=0.39710000","timestamp":"2026-06-22T15:27:11.050Z"}
{"level":"debug","message":"[RISK-LOOP] checking 1 open position(s)","timestamp":"2026-06-22T15:29:10.610Z"}
{"level":"debug","message":"[LIVE] TIA/USDC: checkRisk price=0.40580000 SL=0.37724500 TP=0.44475200 HWM=0.39820000 entry=0.39710000","timestamp":"2026-06-22T15:29:11.058Z"}
{"level":"debug","message":"[RISK-LOOP] checking 1 open position(s)","timestamp":"2026-06-22T15:31:10.849Z"}
{"level":"debug","message":"[LIVE] TIA/USDC: checkRisk price=0.40590000 SL=0.37724500 TP=0.44475200 HWM=0.39820000 entry=0.39710000","timestamp":"2026-06-22T15:31:11.115Z"}
{"level":"debug","message":"[RISK-LOOP] checking 1 open position(s)","timestamp":"2026-06-22T15:33:10.605Z"}
{"level":"debug","message":"[LIVE] TIA/USDC: checkRisk price=0.40650000 SL=0.37724500 TP=0.44475200 HWM=0.39820000 entry=0.39710000","timestamp":"2026-06-22T15:33:11.051Z"}
{"level":"debug","message":"[RISK-LOOP] checking 1 open position(s)","timestamp":"2026-06-22T15:35:10.604Z"}
{"level":"debug","message":"[LIVE] TIA/USDC: checkRisk price=0.40700000 SL=0.37724500 TP=0.44475200 HWM=0.39820000 entry=0.39710000","timestamp":"2026-06-22T15:35:11.048Z"}
{"level":"debug","message":"[RISK-LOOP] checking 1 open position(s)","timestamp":"2026-06-22T15:37:10.614Z"}
{"level":"debug","message":"[LIVE] TIA/USDC: checkRisk price=0.40390000 SL=0.37724500 TP=0.44475200 HWM=0.39820000 entry=0.39710000","timestamp":"2026-06-22T15:37:11.061Z"}
{"level":"debug","message":"[RISK-LOOP] checking 1 open position(s)","timestamp":"2026-06-22T15:39:10.609Z"}
{"level":"debug","message":"[LIVE] TIA/USDC: checkRisk price=0.40360000 SL=0.37724500 TP=0.44475200 HWM=0.39820000 entry=0.39710000","timestamp":"2026-06-22T15:39:11.054Z"}
{"level":"debug","message":"[RISK-LOOP] checking 1 open position(s)","timestamp":"2026-06-22T15:41:10.850Z"}
{"level":"debug","message":"[LIVE] TIA/USDC: checkRisk price=0.40450000 SL=0.37724500 TP=0.44475200 HWM=0.39820000 entry=0.39710000","timestamp":"2026-06-22T15:41:11.118Z"}
{"level":"info","message":"[MTF-CACHE] 15m refresh complete: 37/37 symbols","timestamp":"2026-06-22T15:41:31.944Z"}
{"level":"debug","message":"[RISK-LOOP] checking 1 open position(s)","timestamp":"2026-06-22T15:43:10.616Z"}
{"level":"debug","message":"[LIVE] TIA/USDC: checkRisk price=0.40350000 SL=0.37724500 TP=0.44475200 HWM=0.39820000 entry=0.39710000","timestamp":"2026-06-22T15:43:11.063Z"}
{"level":"debug","message":"[RISK-LOOP] checking 1 open position(s)","timestamp":"2026-06-22T15:45:10.614Z"}
{"level":"debug","message":"[LIVE] TIA/USDC: checkRisk price=0.40330000 SL=0.37724500 TP=0.44475200 HWM=0.39820000 entry=0.39710000","timestamp":"2026-06-22T15:45:11.060Z"}
{"level":"debug","message":"[RISK-LOOP] checking 1 open position(s)","timestamp":"2026-06-22T15:47:10.618Z"}
{"level":"debug","message":"[LIVE] TIA/USDC: checkRisk price=0.40270000 SL=0.37724500 TP=0.44475200 HWM=0.39820000 entry=0.39710000","timestamp":"2026-06-22T15:47:11.068Z"}
{"level":"debug","message":"[RISK-LOOP] checking 1 open position(s)","timestamp":"2026-06-22T15:49:10.610Z"}
{"level":"debug","message":"[LIVE] TIA/USDC: checkRisk price=0.40090000 SL=0.37724500 TP=0.44475200 HWM=0.39820000 entry=0.39710000","timestamp":"2026-06-22T15:49:11.057Z"}
{"level":"debug","message":"[RISK-LOOP] checking 1 open position(s)","timestamp":"2026-06-22T15:51:10.833Z"}
{"level":"debug","message":"[LIVE] TIA/USDC: checkRisk price=0.39700000 SL=0.37724500 TP=0.44475200 HWM=0.39820000 entry=0.39710000","timestamp":"2026-06-22T15:51:11.100Z"}
{"level":"debug","message":"[RISK-LOOP] checking 1 open position(s)","timestamp":"2026-06-22T15:53:10.613Z"}
{"level":"debug","message":"[LIVE] TIA/USDC: checkRisk price=0.39850000 SL=0.37724500 TP=0.44475200 HWM=0.39820000 entry=0.39710000","timestamp":"2026-06-22T15:53:11.054Z"}
{"level":"debug","message":"[RISK-LOOP] checking 1 open position(s)","timestamp":"2026-06-22T15:55:10.612Z"}
{"level":"debug","message":"[LIVE] TIA/USDC: checkRisk price=0.39830000 SL=0.37724500 TP=0.44475200 HWM=0.39820000 entry=0.39710000","timestamp":"2026-06-22T15:55:11.058Z"}
{"level":"info","message":"[MTF-CACHE] 15m refresh complete: 37/37 symbols","timestamp":"2026-06-22T15:56:31.945Z"}
{"level":"debug","message":"[RISK-LOOP] checking 1 open position(s)","timestamp":"2026-06-22T15:57:10.620Z"}
{"level":"debug","message":"[LIVE] TIA/USDC: checkRisk price=0.39810000 SL=0.37724500 TP=0.44475200 HWM=0.39820000 entry=0.39710000","timestamp":"2026-06-22T15:57:11.067Z"}
{"level":"debug","message":"[RISK-LOOP] checking 1 open position(s)","timestamp":"2026-06-22T15:59:10.626Z"}
{"level":"debug","message":"[LIVE] TIA/USDC: checkRisk price=0.39920000 SL=0.37724500 TP=0.44475200 HWM=0.39820000 entry=0.39710000","timestamp":"2026-06-22T15:59:11.079Z"}
{"level":"debug","message":"[RISK-LOOP] checking 1 open position(s)","timestamp":"2026-06-22T16:01:10.842Z"}
{"level":"debug","message":"[LIVE] TIA/USDC: checkRisk price=0.40010000 SL=0.37724500 TP=0.44475200 HWM=0.39820000 entry=0.39710000","timestamp":"2026-06-22T16:01:11.106Z"}
{"level":"debug","message":"[RISK-LOOP] checking 1 open position(s)","timestamp":"2026-06-22T16:03:10.609Z"}
{"level":"debug","message":"[LIVE] TIA/USDC: checkRisk price=0.39970000 SL=0.37724500 TP=0.44475200 HWM=0.39820000 entry=0.39710000","timestamp":"2026-06-22T16:03:11.059Z"}
{"level":"debug","message":"[RISK-LOOP] checking 1 open position(s)","timestamp":"2026-06-22T16:05:10.619Z"}
{"level":"debug","message":"[LIVE] TIA/USDC: checkRisk price=0.40060000 SL=0.37724500 TP=0.44475200 HWM=0.39820000 entry=0.39710000","timestamp":"2026-06-22T16:05:11.066Z"}
{"level":"debug","message":"[RISK-LOOP] checking 1 open position(s)","timestamp":"2026-06-22T16:07:10.626Z"}
{"level":"debug","message":"[LIVE] TIA/USDC: checkRisk price=0.40090000 SL=0.37724500 TP=0.44475200 HWM=0.39820000 entry=0.39710000","timestamp":"2026-06-22T16:07:11.074Z"}
{"level":"debug","message":"[RISK-LOOP] checking 1 open position(s)","timestamp":"2026-06-22T16:09:10.619Z"}
{"level":"debug","message":"[LIVE] TIA/USDC: checkRisk price=0.40130000 SL=0.37724500 TP=0.44475200 HWM=0.39820000 entry=0.39710000","timestamp":"2026-06-22T16:09:11.065Z"}
{"level":"debug","message":"[RISK-LOOP] checking 1 open position(s)","timestamp":"2026-06-22T16:11:10.861Z"}
{"level":"debug","message":"[LIVE] TIA/USDC: checkRisk price=0.40240000 SL=0.37724500 TP=0.44475200 HWM=0.39820000 entry=0.39710000","timestamp":"2026-06-22T16:11:11.128Z"}
{"level":"info","message":"[MTF-CACHE] 15m refresh complete: 37/37 symbols","timestamp":"2026-06-22T16:11:31.064Z"}
{"level":"debug","message":"[RISK-LOOP] checking 1 open position(s)","timestamp":"2026-06-22T16:13:10.629Z"}
{"level":"debug","message":"[LIVE] TIA/USDC: checkRisk price=0.40300000 SL=0.37724500 TP=0.44475200 HWM=0.39820000 entry=0.39710000","timestamp":"2026-06-22T16:13:11.079Z"}
{"level":"debug","message":"[RISK-LOOP] checking 1 open position(s)","timestamp":"2026-06-22T16:15:10.623Z"}
{"level":"debug","message":"[LIVE] TIA/USDC: checkRisk price=0.40280000 SL=0.37724500 TP=0.44475200 HWM=0.39820000 entry=0.39710000","timestamp":"2026-06-22T16:15:11.074Z"}
{"level":"debug","message":"[RISK-LOOP] checking 1 open position(s)","timestamp":"2026-06-22T16:17:10.618Z"}
{"level":"debug","message":"[LIVE] TIA/USDC: checkRisk price=0.40280000 SL=0.37724500 TP=0.44475200 HWM=0.39820000 entry=0.39710000","timestamp":"2026-06-22T16:17:11.064Z"}
{"level":"debug","message":"[RISK-LOOP] checking 1 open position(s)","timestamp":"2026-06-22T16:19:10.630Z"}
{"level":"debug","message":"[LIVE] TIA/USDC: checkRisk price=0.40370000 SL=0.37724500 TP=0.44475200 HWM=0.39820000 entry=0.39710000","timestamp":"2026-06-22T16:19:11.078Z"}
{"level":"debug","message":"[RISK-LOOP] checking 1 open position(s)","timestamp":"2026-06-22T16:21:10.878Z"}
{"level":"debug","message":"[LIVE] TIA/USDC: checkRisk price=0.40340000 SL=0.37724500 TP=0.44475200 HWM=0.39820000 entry=0.39710000","timestamp":"2026-06-22T16:21:11.147Z"}
{"level":"debug","message":"[RISK-LOOP] checking 1 open position(s)","timestamp":"2026-06-22T16:23:10.616Z"}
{"level":"debug","message":"[LIVE] TIA/USDC: checkRisk price=0.40130000 SL=0.37724500 TP=0.44475200 HWM=0.39820000 entry=0.39710000","timestamp":"2026-06-22T16:23:11.063Z"}
{"level":"debug","message":"[RISK-LOOP] checking 1 open position(s)","timestamp":"2026-06-22T16:25:10.624Z"}
{"level":"debug","message":"[LIVE] TIA/USDC: checkRisk price=0.40190000 SL=0.37724500 TP=0.44475200 HWM=0.39820000 entry=0.39710000","timestamp":"2026-06-22T16:25:11.073Z"}
{"level":"info","message":"[MTF-CACHE] 15m refresh complete: 37/37 symbols","timestamp":"2026-06-22T16:26:32.037Z"}
{"level":"debug","message":"[RISK-LOOP] checking 1 open position(s)","timestamp":"2026-06-22T16:27:10.621Z"}
{"level":"debug","message":"[LIVE] TIA/USDC: checkRisk price=0.40060000 SL=0.37724500 TP=0.44475200 HWM=0.39820000 entry=0.39710000","timestamp":"2026-06-22T16:27:11.068Z"}
{"level":"debug","message":"[RISK-LOOP] checking 1 open position(s)","timestamp":"2026-06-22T16:29:10.631Z"}
{"level":"debug","message":"[LIVE] TIA/USDC: checkRisk price=0.40260000 SL=0.37724500 TP=0.44475200 HWM=0.39820000 entry=0.39710000","timestamp":"2026-06-22T16:29:11.080Z"}
{"level":"debug","message":"[RISK-LOOP] checking 1 open position(s)","timestamp":"2026-06-22T16:31:10.843Z"}
{"level":"debug","message":"[LIVE] TIA/USDC: checkRisk price=0.40380000 SL=0.37724500 TP=0.44475200 HWM=0.39820000 entry=0.39710000","timestamp":"2026-06-22T16:31:11.113Z"}
{"level":"debug","message":"[RISK-LOOP] checking 1 open position(s)","timestamp":"2026-06-22T16:33:10.620Z"}
{"level":"debug","message":"[LIVE] TIA/USDC: checkRisk price=0.40250000 SL=0.37724500 TP=0.44475200 HWM=0.39820000 entry=0.39710000","timestamp":"2026-06-22T16:33:11.067Z"}
{"level":"debug","message":"[RISK-LOOP] checking 1 open position(s)","timestamp":"2026-06-22T16:35:10.622Z"}
{"level":"debug","message":"[LIVE] TIA/USDC: checkRisk price=0.40320000 SL=0.37724500 TP=0.44475200 HWM=0.39820000 entry=0.39710000","timestamp":"2026-06-22T16:35:11.069Z"}
{"level":"debug","message":"[RISK-LOOP] checking 1 open position(s)","timestamp":"2026-06-22T16:37:10.618Z"}
{"level":"debug","message":"[LIVE] TIA/USDC: checkRisk price=0.40190000 SL=0.37724500 TP=0.44475200 HWM=0.39820000 entry=0.39710000","timestamp":"2026-06-22T16:37:11.066Z"}
{"level":"debug","message":"[RISK-LOOP] checking 1 open position(s)","timestamp":"2026-06-22T16:39:10.617Z"}
{"level":"debug","message":"[LIVE] TIA/USDC: checkRisk price=0.40240000 SL=0.37724500 TP=0.44475200 HWM=0.39820000 entry=0.39710000","timestamp":"2026-06-22T16:39:11.065Z"}
{"level":"debug","message":"[RISK-LOOP] checking 1 open position(s)","timestamp":"2026-06-22T16:41:10.851Z"}
{"level":"debug","message":"[LIVE] TIA/USDC: checkRisk price=0.40130000 SL=0.37724500 TP=0.44475200 HWM=0.39820000 entry=0.39710000","timestamp":"2026-06-22T16:41:11.118Z"}
{"level":"info","message":"[MTF-CACHE] 15m refresh complete: 37/37 symbols","timestamp":"2026-06-22T16:41:31.076Z"}
{"level":"debug","message":"[RISK-LOOP] checking 1 open position(s)","timestamp":"2026-06-22T16:43:10.620Z"}
{"level":"debug","message":"[LIVE] TIA/USDC: checkRisk price=0.40250000 SL=0.37724500 TP=0.44475200 HWM=0.39820000 entry=0.39710000","timestamp":"2026-06-22T16:43:11.071Z"}
{"level":"debug","message":"[RISK-LOOP] checking 1 open position(s)","timestamp":"2026-06-22T16:45:10.619Z"}
{"level":"debug","message":"[LIVE] TIA/USDC: checkRisk price=0.40220000 SL=0.37724500 TP=0.44475200 HWM=0.39820000 entry=0.39710000","timestamp":"2026-06-22T16:45:11.067Z"}
{"level":"debug","message":"[RISK-LOOP] checking 1 open position(s)","timestamp":"2026-06-22T16:47:10.625Z"}
{"level":"debug","message":"[LIVE] TIA/USDC: checkRisk price=0.40070000 SL=0.37724500 TP=0.44475200 HWM=0.39820000 entry=0.39710000","timestamp":"2026-06-22T16:47:11.074Z"}
{"level":"debug","message":"[RISK-LOOP] checking 1 open position(s)","timestamp":"2026-06-22T16:49:10.671Z"}
{"level":"debug","message":"[LIVE] TIA/USDC: checkRisk price=0.40160000 SL=0.37724500 TP=0.44475200 HWM=0.39820000 entry=0.39710000","timestamp":"2026-06-22T16:49:11.123Z"}
{"level":"debug","message":"[RISK-LOOP] checking 1 open position(s)","timestamp":"2026-06-22T16:51:10.806Z"}
{"level":"debug","message":"[LIVE] TIA/USDC: checkRisk price=0.40180000 SL=0.37724500 TP=0.44475200 HWM=0.39820000 entry=0.39710000","timestamp":"2026-06-22T16:51:11.073Z"}
{"level":"debug","message":"[RISK-LOOP] checking 1 open position(s)","timestamp":"2026-06-22T16:53:10.634Z"}
{"level":"debug","message":"[LIVE] TIA/USDC: checkRisk price=0.40240000 SL=0.37724500 TP=0.44475200 HWM=0.39820000 entry=0.39710000","timestamp":"2026-06-22T16:53:11.079Z"}
{"level":"debug","message":"[RISK-LOOP] checking 1 open position(s)","timestamp":"2026-06-22T16:55:10.624Z"}
{"level":"debug","message":"[LIVE] TIA/USDC: checkRisk price=0.40110000 SL=0.37724500 TP=0.44475200 HWM=0.39820000 entry=0.39710000","timestamp":"2026-06-22T16:55:11.071Z"}
{"level":"info","message":"[MTF-CACHE] 15m refresh complete: 37/37 symbols","timestamp":"2026-06-22T16:56:31.082Z"}
{"level":"debug","message":"[RISK-LOOP] checking 1 open position(s)","timestamp":"2026-06-22T16:57:10.638Z"}
{"level":"debug","message":"[LIVE] TIA/USDC: checkRisk price=0.40170000 SL=0.37724500 TP=0.44475200 HWM=0.39820000 entry=0.39710000","timestamp":"2026-06-22T16:57:11.086Z"}
{"level":"debug","message":"[RISK-LOOP] checking 1 open position(s)","timestamp":"2026-06-22T16:59:10.687Z"}
{"level":"debug","message":"[LIVE] TIA/USDC: checkRisk price=0.40410000 SL=0.37724500 TP=0.44475200 HWM=0.39820000 entry=0.39710000","timestamp":"2026-06-22T16:59:11.137Z"}
{"level":"debug","message":"[RISK-LOOP] checking 1 open position(s)","timestamp":"2026-06-22T17:01:10.987Z"}
{"level":"debug","message":"[LIVE] TIA/USDC: checkRisk price=0.40620000 SL=0.37724500 TP=0.44475200 HWM=0.39820000 entry=0.39710000","timestamp":"2026-06-22T17:01:11.255Z"}
{"level":"debug","message":"[RISK-LOOP] checking 1 open position(s)","timestamp":"2026-06-22T17:03:10.799Z"}
{"level":"debug","message":"[LIVE] TIA/USDC: checkRisk price=0.40620000 SL=0.37724500 TP=0.44475200 HWM=0.39820000 entry=0.39710000","timestamp":"2026-06-22T17:03:11.247Z"}
{"level":"debug","message":"[RISK-LOOP] checking 1 open position(s)","timestamp":"2026-06-22T17:05:10.802Z"}
{"level":"debug","message":"[LIVE] TIA/USDC: checkRisk price=0.40770000 SL=0.37724500 TP=0.44475200 HWM=0.39820000 entry=0.39710000","timestamp":"2026-06-22T17:05:11.071Z"}
{"level":"debug","message":"[RISK-LOOP] checking 1 open position(s)","timestamp":"2026-06-22T17:07:10.817Z"}
{"level":"debug","message":"[LIVE] TIA/USDC: checkRisk price=0.40720000 SL=0.37724500 TP=0.44475200 HWM=0.39820000 entry=0.39710000","timestamp":"2026-06-22T17:07:11.084Z"}
{"level":"debug","message":"[RISK-LOOP] checking 1 open position(s)","timestamp":"2026-06-22T17:09:10.805Z"}
{"level":"debug","message":"[LIVE] TIA/USDC: checkRisk price=0.40820000 SL=0.37724500 TP=0.44475200 HWM=0.39820000 entry=0.39710000","timestamp":"2026-06-22T17:09:11.074Z"}
{"level":"debug","message":"[RISK-LOOP] checking 1 open position(s)","timestamp":"2026-06-22T17:11:10.956Z"}
{"level":"debug","message":"[LIVE] TIA/USDC: checkRisk price=0.40820000 SL=0.37724500 TP=0.44475200 HWM=0.39820000 entry=0.39710000","timestamp":"2026-06-22T17:11:11.224Z"}
{"level":"info","message":"[MTF-CACHE] 15m refresh complete: 37/37 symbols","timestamp":"2026-06-22T17:11:31.378Z"}
{"level":"info","message":"[MTF-CACHE] 4h refresh complete: 37/37 symbols","timestamp":"2026-06-22T17:11:31.626Z"}
{"level":"debug","message":"[RISK-LOOP] checking 1 open position(s)","timestamp":"2026-06-22T17:13:10.811Z"}
{"level":"debug","message":"[LIVE] TIA/USDC: checkRisk price=0.40810000 SL=0.37724500 TP=0.44475200 HWM=0.39820000 entry=0.39710000","timestamp":"2026-06-22T17:13:11.078Z"}
{"level":"debug","message":"[RISK-LOOP] checking 1 open position(s)","timestamp":"2026-06-22T17:15:10.625Z"}
{"level":"debug","message":"[LIVE] TIA/USDC: checkRisk price=0.40790000 SL=0.37724500 TP=0.44475200 HWM=0.39820000 entry=0.39710000","timestamp":"2026-06-22T17:15:11.076Z"}
{"level":"debug","message":"[RISK-LOOP] checking 1 open position(s)","timestamp":"2026-06-22T17:17:10.633Z"}
{"level":"debug","message":"[LIVE] TIA/USDC: checkRisk price=0.40930000 SL=0.37724500 TP=0.44475200 HWM=0.39820000 entry=0.39710000","timestamp":"2026-06-22T17:17:11.086Z"}
{"level":"debug","message":"[RISK-LOOP] checking 1 open position(s)","timestamp":"2026-06-22T17:19:10.631Z"}
{"level":"debug","message":"[LIVE] TIA/USDC: checkRisk price=0.40930000 SL=0.37724500 TP=0.44475200 HWM=0.39820000 entry=0.39710000","timestamp":"2026-06-22T17:19:11.105Z"}
{"level":"debug","message":"[RISK-LOOP] checking 1 open position(s)","timestamp":"2026-06-22T17:21:10.809Z"}
{"level":"debug","message":"[LIVE] TIA/USDC: checkRisk price=0.40870000 SL=0.37724500 TP=0.44475200 HWM=0.39820000 entry=0.39710000","timestamp":"2026-06-22T17:21:11.270Z"}
{"level":"debug","message":"[RISK-LOOP] checking 1 open position(s)","timestamp":"2026-06-22T17:23:10.634Z"}
{"level":"debug","message":"[LIVE] TIA/USDC: checkRisk price=0.40610000 SL=0.37724500 TP=0.44475200 HWM=0.39820000 entry=0.39710000","timestamp":"2026-06-22T17:23:11.207Z"}
{"level":"debug","message":"[RISK-LOOP] checking 1 open position(s)","timestamp":"2026-06-22T17:25:10.641Z"}
{"level":"debug","message":"[LIVE] TIA/USDC: checkRisk price=0.40550000 SL=0.37724500 TP=0.44475200 HWM=0.39820000 entry=0.39710000","timestamp":"2026-06-22T17:25:11.256Z"}
{"level":"info","message":"[MTF-CACHE] 15m refresh complete: 37/37 symbols","timestamp":"2026-06-22T17:26:31.257Z"}
{"level":"debug","message":"[RISK-LOOP] checking 1 open position(s)","timestamp":"2026-06-22T17:27:10.642Z"}
{"level":"debug","message":"[LIVE] TIA/USDC: checkRisk price=0.40270000 SL=0.37724500 TP=0.44475200 HWM=0.39820000 entry=0.39710000","timestamp":"2026-06-22T17:27:11.091Z"}
{"level":"debug","message":"[RISK-LOOP] checking 1 open position(s)","timestamp":"2026-06-22T17:29:10.650Z"}
{"level":"debug","message":"[LIVE] TIA/USDC: checkRisk price=0.40120000 SL=0.37724500 TP=0.44475200 HWM=0.39820000 entry=0.39710000","timestamp":"2026-06-22T17:29:11.098Z"}
{"level":"debug","message":"[RISK-LOOP] checking 1 open position(s)","timestamp":"2026-06-22T17:31:10.827Z"}
{"level":"debug","message":"[LIVE] TIA/USDC: checkRisk price=0.39980000 SL=0.37724500 TP=0.44475200 HWM=0.39820000 entry=0.39710000","timestamp":"2026-06-22T17:31:11.277Z"}
{"level":"debug","message":"[RISK-LOOP] checking 1 open position(s)","timestamp":"2026-06-22T17:33:10.656Z"}
{"level":"debug","message":"[LIVE] TIA/USDC: checkRisk price=0.39970000 SL=0.37724500 TP=0.44475200 HWM=0.39820000 entry=0.39710000","timestamp":"2026-06-22T17:33:11.104Z"}
{"level":"debug","message":"[RISK-LOOP] checking 1 open position(s)","timestamp":"2026-06-22T17:35:10.654Z"}
{"level":"debug","message":"[LIVE] TIA/USDC: checkRisk price=0.40030000 SL=0.37724500 TP=0.44475200 HWM=0.39820000 entry=0.39710000","timestamp":"2026-06-22T17:35:11.101Z"}
{"level":"debug","message":"[RISK-LOOP] checking 1 open position(s)","timestamp":"2026-06-22T17:37:10.662Z"}
{"level":"debug","message":"[LIVE] TIA/USDC: checkRisk price=0.40020000 SL=0.37724500 TP=0.44475200 HWM=0.39820000 entry=0.39710000","timestamp":"2026-06-22T17:37:11.110Z"}
{"level":"debug","message":"[RISK-LOOP] checking 1 open position(s)","timestamp":"2026-06-22T17:39:10.665Z"}
{"level":"debug","message":"[LIVE] TIA/USDC: checkRisk price=0.40100000 SL=0.37724500 TP=0.44475200 HWM=0.39820000 entry=0.39710000","timestamp":"2026-06-22T17:39:11.112Z"}
{"level":"debug","message":"[RISK-LOOP] checking 1 open position(s)","timestamp":"2026-06-22T17:41:10.854Z"}
{"level":"debug","message":"[LIVE] TIA/USDC: checkRisk price=0.40040000 SL=0.37724500 TP=0.44475200 HWM=0.39820000 entry=0.39710000","timestamp":"2026-06-22T17:41:11.121Z"}
{"level":"info","message":"[MTF-CACHE] 15m refresh complete: 37/37 symbols","timestamp":"2026-06-22T17:41:31.105Z"}
{"level":"debug","message":"[RISK-LOOP] checking 1 open position(s)","timestamp":"2026-06-22T17:43:10.662Z"}
{"level":"debug","message":"[LIVE] TIA/USDC: checkRisk price=0.40130000 SL=0.37724500 TP=0.44475200 HWM=0.39820000 entry=0.39710000","timestamp":"2026-06-22T17:43:11.110Z"}
{"level":"debug","message":"[RISK-LOOP] checking 1 open position(s)","timestamp":"2026-06-22T17:45:10.670Z"}
{"level":"debug","message":"[LIVE] TIA/USDC: checkRisk price=0.40060000 SL=0.37724500 TP=0.44475200 HWM=0.39820000 entry=0.39710000","timestamp":"2026-06-22T17:45:11.118Z"}
{"level":"debug","message":"[RISK-LOOP] checking 1 open position(s)","timestamp":"2026-06-22T17:47:10.668Z"}
{"level":"debug","message":"[LIVE] TIA/USDC: checkRisk price=0.40260000 SL=0.37724500 TP=0.44475200 HWM=0.39820000 entry=0.39710000","timestamp":"2026-06-22T17:47:11.115Z"}
{"level":"debug","message":"[RISK-LOOP] checking 1 open position(s)","timestamp":"2026-06-22T17:49:10.668Z"}
{"level":"debug","message":"[LIVE] TIA/USDC: checkRisk price=0.40230000 SL=0.37724500 TP=0.44475200 HWM=0.39820000 entry=0.39710000","timestamp":"2026-06-22T17:49:11.118Z"}
{"level":"debug","message":"[RISK-LOOP] checking 1 open position(s)","timestamp":"2026-06-22T17:51:10.853Z"}
{"level":"debug","message":"[LIVE] TIA/USDC: checkRisk price=0.40210000 SL=0.37724500 TP=0.44475200 HWM=0.39820000 entry=0.39710000","timestamp":"2026-06-22T17:51:11.121Z"}
{"level":"debug","message":"[RISK-LOOP] checking 1 open position(s)","timestamp":"2026-06-22T17:53:10.668Z"}
{"level":"debug","message":"[LIVE] TIA/USDC: checkRisk price=0.40350000 SL=0.37724500 TP=0.44475200 HWM=0.39820000 entry=0.39710000","timestamp":"2026-06-22T17:53:11.115Z"}
{"level":"debug","message":"[RISK-LOOP] checking 1 open position(s)","timestamp":"2026-06-22T17:55:10.667Z"}
{"level":"debug","message":"[LIVE] TIA/USDC: checkRisk price=0.40290000 SL=0.37724500 TP=0.44475200 HWM=0.39820000 entry=0.39710000","timestamp":"2026-06-22T17:55:11.114Z"}
{"level":"info","message":"[MTF-CACHE] 15m refresh complete: 37/37 symbols","timestamp":"2026-06-22T17:56:31.571Z"}
{"level":"debug","message":"[RISK-LOOP] checking 1 open position(s)","timestamp":"2026-06-22T17:57:10.672Z"}
{"level":"debug","message":"[LIVE] TIA/USDC: checkRisk price=0.40270000 SL=0.37724500 TP=0.44475200 HWM=0.39820000 entry=0.39710000","timestamp":"2026-06-22T17:57:11.121Z"}
{"level":"debug","message":"[RISK-LOOP] checking 1 open position(s)","timestamp":"2026-06-22T17:59:10.675Z"}
{"level":"debug","message":"[LIVE] TIA/USDC: checkRisk price=0.40300000 SL=0.37724500 TP=0.44475200 HWM=0.39820000 entry=0.39710000","timestamp":"2026-06-22T17:59:11.125Z"}
{"level":"debug","message":"[RISK-LOOP] checking 1 open position(s)","timestamp":"2026-06-22T18:01:10.874Z"}
{"level":"debug","message":"[LIVE] TIA/USDC: checkRisk price=0.40290000 SL=0.37724500 TP=0.44475200 HWM=0.39820000 entry=0.39710000","timestamp":"2026-06-22T18:01:11.148Z"}
{"level":"debug","message":"[RISK-LOOP] checking 1 open position(s)","timestamp":"2026-06-22T18:03:10.686Z"}
{"level":"debug","message":"[LIVE] TIA/USDC: checkRisk price=0.40190000 SL=0.37724500 TP=0.44475200 HWM=0.39820000 entry=0.39710000","timestamp":"2026-06-22T18:03:11.134Z"}
{"level":"debug","message":"[RISK-LOOP] checking 1 open position(s)","timestamp":"2026-06-22T18:05:10.668Z"}
{"level":"debug","message":"[LIVE] TIA/USDC: checkRisk price=0.40130000 SL=0.37724500 TP=0.44475200 HWM=0.39820000 entry=0.39710000","timestamp":"2026-06-22T18:05:11.117Z"}
{"level":"debug","message":"[RISK-LOOP] checking 1 open position(s)","timestamp":"2026-06-22T18:07:10.681Z"}
{"level":"debug","message":"[LIVE] TIA/USDC: checkRisk price=0.40260000 SL=0.37724500 TP=0.44475200 HWM=0.39820000 entry=0.39710000","timestamp":"2026-06-22T18:07:11.131Z"}
{"level":"debug","message":"[RISK-LOOP] checking 1 open position(s)","timestamp":"2026-06-22T18:09:10.682Z"}
{"level":"debug","message":"[LIVE] TIA/USDC: checkRisk price=0.40320000 SL=0.37724500 TP=0.44475200 HWM=0.39820000 entry=0.39710000","timestamp":"2026-06-22T18:09:11.134Z"}
{"level":"debug","message":"[RISK-LOOP] checking 1 open position(s)","timestamp":"2026-06-22T18:11:10.858Z"}
{"level":"debug","message":"[LIVE] TIA/USDC: checkRisk price=0.40250000 SL=0.37724500 TP=0.44475200 HWM=0.39820000 entry=0.39710000","timestamp":"2026-06-22T18:11:11.124Z"}
{"level":"info","message":"[MTF-CACHE] 15m refresh complete: 37/37 symbols","timestamp":"2026-06-22T18:11:32.212Z"}
{"level":"debug","message":"[RISK-LOOP] checking 1 open position(s)","timestamp":"2026-06-22T18:13:10.675Z"}
{"level":"debug","message":"[LIVE] TIA/USDC: checkRisk price=0.40340000 SL=0.37724500 TP=0.44475200 HWM=0.39820000 entry=0.39710000","timestamp":"2026-06-22T18:13:11.123Z"}
{"level":"debug","message":"[RISK-LOOP] checking 1 open position(s)","timestamp":"2026-06-22T18:15:10.685Z"}
{"level":"debug","message":"[LIVE] TIA/USDC: checkRisk price=0.40270000 SL=0.37724500 TP=0.44475200 HWM=0.39820000 entry=0.39710000","timestamp":"2026-06-22T18:15:11.134Z"}
{"level":"debug","message":"[RISK-LOOP] checking 1 open position(s)","timestamp":"2026-06-22T18:17:10.676Z"}
{"level":"debug","message":"[LIVE] TIA/USDC: checkRisk price=0.40410000 SL=0.37724500 TP=0.44475200 HWM=0.39820000 entry=0.39710000","timestamp":"2026-06-22T18:17:11.123Z"}
{"level":"debug","message":"[RISK-LOOP] checking 1 open position(s)","timestamp":"2026-06-22T18:19:10.685Z"}
{"level":"debug","message":"[LIVE] TIA/USDC: checkRisk price=0.40220000 SL=0.37724500 TP=0.44475200 HWM=0.39820000 entry=0.39710000","timestamp":"2026-06-22T18:19:11.133Z"}
{"level":"debug","message":"[RISK-LOOP] checking 1 open position(s)","timestamp":"2026-06-22T18:21:10.873Z"}
{"level":"debug","message":"[LIVE] TIA/USDC: checkRisk price=0.40250000 SL=0.37724500 TP=0.44475200 HWM=0.39820000 entry=0.39710000","timestamp":"2026-06-22T18:21:11.141Z"}
{"level":"debug","message":"[RISK-LOOP] checking 1 open position(s)","timestamp":"2026-06-22T18:23:10.677Z"}
{"level":"debug","message":"[LIVE] TIA/USDC: checkRisk price=0.40110000 SL=0.37724500 TP=0.44475200 HWM=0.39820000 entry=0.39710000","timestamp":"2026-06-22T18:23:11.127Z"}
{"level":"debug","message":"[RISK-LOOP] checking 1 open position(s)","timestamp":"2026-06-22T18:25:10.684Z"}
{"level":"debug","message":"[LIVE] TIA/USDC: checkRisk price=0.40150000 SL=0.37724500 TP=0.44475200 HWM=0.39820000 entry=0.39710000","timestamp":"2026-06-22T18:25:11.133Z"}
{"level":"info","message":"[MTF-CACHE] 15m refresh complete: 37/37 symbols","timestamp":"2026-06-22T18:26:31.713Z"}
{"level":"debug","message":"[RISK-LOOP] checking 1 open position(s)","timestamp":"2026-06-22T18:27:10.689Z"}
{"level":"debug","message":"[LIVE] TIA/USDC: checkRisk price=0.40150000 SL=0.37724500 TP=0.44475200 HWM=0.39820000 entry=0.39710000","timestamp":"2026-06-22T18:27:11.136Z"}
{"level":"debug","message":"[RISK-LOOP] checking 1 open position(s)","timestamp":"2026-06-22T18:29:10.682Z"}
{"level":"debug","message":"[LIVE] TIA/USDC: checkRisk price=0.39930000 SL=0.37724500 TP=0.44475200 HWM=0.39820000 entry=0.39710000","timestamp":"2026-06-22T18:29:11.131Z"}
{"level":"debug","message":"[RISK-LOOP] checking 1 open position(s)","timestamp":"2026-06-22T18:31:10.873Z"}
{"level":"debug","message":"[LIVE] TIA/USDC: checkRisk price=0.39890000 SL=0.37724500 TP=0.44475200 HWM=0.39820000 entry=0.39710000","timestamp":"2026-06-22T18:31:11.139Z"}
{"level":"debug","message":"[RISK-LOOP] checking 1 open position(s)","timestamp":"2026-06-22T18:33:10.685Z"}
{"level":"debug","message":"[LIVE] TIA/USDC: checkRisk price=0.39920000 SL=0.37724500 TP=0.44475200 HWM=0.39820000 entry=0.39710000","timestamp":"2026-06-22T18:33:11.132Z"}
{"level":"debug","message":"[RISK-LOOP] checking 1 open position(s)","timestamp":"2026-06-22T18:35:10.684Z"}
{"level":"debug","message":"[LIVE] TIA/USDC: checkRisk price=0.39940000 SL=0.37724500 TP=0.44475200 HWM=0.39820000 entry=0.39710000","timestamp":"2026-06-22T18:35:11.137Z"}
{"level":"debug","message":"[RISK-LOOP] checking 1 open position(s)","timestamp":"2026-06-22T18:37:10.693Z"}
{"level":"debug","message":"[LIVE] TIA/USDC: checkRisk price=0.39870000 SL=0.37724500 TP=0.44475200 HWM=0.39820000 entry=0.39710000","timestamp":"2026-06-22T18:37:11.139Z"}
{"level":"debug","message":"[RISK-LOOP] checking 1 open position(s)","timestamp":"2026-06-22T18:39:10.685Z"}
{"level":"debug","message":"[LIVE] TIA/USDC: checkRisk price=0.39860000 SL=0.37724500 TP=0.44475200 HWM=0.39820000 entry=0.39710000","timestamp":"2026-06-22T18:39:11.135Z"}
{"level":"debug","message":"[RISK-LOOP] checking 1 open position(s)","timestamp":"2026-06-22T18:41:10.924Z"}
{"level":"debug","message":"[LIVE] TIA/USDC: checkRisk price=0.39830000 SL=0.37724500 TP=0.44475200 HWM=0.39820000 entry=0.39710000","timestamp":"2026-06-22T18:41:11.194Z"}
{"level":"info","message":"[MTF-CACHE] 15m refresh complete: 37/37 symbols","timestamp":"2026-06-22T18:41:31.139Z"}
{"level":"debug","message":"[RISK-LOOP] checking 1 open position(s)","timestamp":"2026-06-22T18:43:10.686Z"}
{"level":"debug","message":"[LIVE] TIA/USDC: checkRisk price=0.39880000 SL=0.37724500 TP=0.44475200 HWM=0.39820000 entry=0.39710000","timestamp":"2026-06-22T18:43:11.134Z"}
{"level":"debug","message":"[RISK-LOOP] checking 1 open position(s)","timestamp":"2026-06-22T18:45:10.686Z"}
{"level":"debug","message":"[LIVE] TIA/USDC: checkRisk price=0.39790000 SL=0.37724500 TP=0.44475200 HWM=0.39820000 entry=0.39710000","timestamp":"2026-06-22T18:45:11.134Z"}
{"level":"debug","message":"[RISK-LOOP] checking 1 open position(s)","timestamp":"2026-06-22T18:47:10.686Z"}
{"level":"debug","message":"[LIVE] TIA/USDC: checkRisk price=0.39580000 SL=0.37724500 TP=0.44475200 HWM=0.39820000 entry=0.39710000","timestamp":"2026-06-22T18:47:11.134Z"}
{"level":"debug","message":"[RISK-LOOP] checking 1 open position(s)","timestamp":"2026-06-22T18:49:10.687Z"}
{"level":"debug","message":"[LIVE] TIA/USDC: checkRisk price=0.39700000 SL=0.37724500 TP=0.44475200 HWM=0.39820000 entry=0.39710000","timestamp":"2026-06-22T18:49:11.137Z"}
{"level":"debug","message":"[RISK-LOOP] checking 1 open position(s)","timestamp":"2026-06-22T18:51:10.864Z"}
{"level":"debug","message":"[LIVE] TIA/USDC: checkRisk price=0.39500000 SL=0.37724500 TP=0.44475200 HWM=0.39820000 entry=0.39710000","timestamp":"2026-06-22T18:51:11.130Z"}
{"level":"debug","message":"[RISK-LOOP] checking 1 open position(s)","timestamp":"2026-06-22T18:53:10.685Z"}
{"level":"debug","message":"[LIVE] TIA/USDC: checkRisk price=0.39310000 SL=0.37724500 TP=0.44475200 HWM=0.39820000 entry=0.39710000","timestamp":"2026-06-22T18:53:11.135Z"}
{"level":"debug","message":"[RISK-LOOP] checking 1 open position(s)","timestamp":"2026-06-22T18:55:10.696Z"}
{"level":"debug","message":"[LIVE] TIA/USDC: checkRisk price=0.39190000 SL=0.37724500 TP=0.44475200 HWM=0.39820000 entry=0.39710000","timestamp":"2026-06-22T18:55:11.148Z"}
{"level":"info","message":"[MTF-CACHE] 15m refresh complete: 37/37 symbols","timestamp":"2026-06-22T18:56:31.088Z"}
{"level":"debug","message":"[RISK-LOOP] checking 1 open position(s)","timestamp":"2026-06-22T18:57:10.682Z"}
{"level":"debug","message":"[LIVE] TIA/USDC: checkRisk price=0.39340000 SL=0.37724500 TP=0.44475200 HWM=0.39820000 entry=0.39710000","timestamp":"2026-06-22T18:57:11.128Z"}
{"level":"debug","message":"[RISK-LOOP] checking 1 open position(s)","timestamp":"2026-06-22T18:59:10.681Z"}
{"level":"debug","message":"[LIVE] TIA/USDC: checkRisk price=0.39350000 SL=0.37724500 TP=0.44475200 HWM=0.39820000 entry=0.39710000","timestamp":"2026-06-22T18:59:11.128Z"}
{"level":"debug","message":"[RISK-LOOP] checking 1 open position(s)","timestamp":"2026-06-22T19:01:10.865Z"}
{"level":"debug","message":"[LIVE] TIA/USDC: checkRisk price=0.39250000 SL=0.37724500 TP=0.44475200 HWM=0.39820000 entry=0.39710000","timestamp":"2026-06-22T19:01:11.133Z"}
{"level":"debug","message":"[RISK-LOOP] checking 1 open position(s)","timestamp":"2026-06-22T19:03:10.684Z"}
{"level":"debug","message":"[LIVE] TIA/USDC: checkRisk price=0.39280000 SL=0.37724500 TP=0.44475200 HWM=0.39820000 entry=0.39710000","timestamp":"2026-06-22T19:03:11.132Z"}
{"level":"debug","message":"[RISK-LOOP] checking 1 open position(s)","timestamp":"2026-06-22T19:05:10.685Z"}
{"level":"debug","message":"[LIVE] TIA/USDC: checkRisk price=0.39200000 SL=0.37724500 TP=0.44475200 HWM=0.39820000 entry=0.39710000","timestamp":"2026-06-22T19:05:11.135Z"}
{"level":"debug","message":"[RISK-LOOP] checking 1 open position(s)","timestamp":"2026-06-22T19:07:10.688Z"}
{"level":"debug","message":"[LIVE] TIA/USDC: checkRisk price=0.39150000 SL=0.37724500 TP=0.44475200 HWM=0.39820000 entry=0.39710000","timestamp":"2026-06-22T19:07:11.134Z"}
{"level":"debug","message":"[RISK-LOOP] checking 1 open position(s)","timestamp":"2026-06-22T19:09:10.694Z"}
{"level":"debug","message":"[LIVE] TIA/USDC: checkRisk price=0.39010000 SL=0.37724500 TP=0.44475200 HWM=0.39820000 entry=0.39710000","timestamp":"2026-06-22T19:09:11.143Z"}
{"level":"debug","message":"[RISK-LOOP] checking 1 open position(s)","timestamp":"2026-06-22T19:11:10.868Z"}
{"level":"debug","message":"[LIVE] TIA/USDC: checkRisk price=0.39130000 SL=0.37724500 TP=0.44475200 HWM=0.39820000 entry=0.39710000","timestamp":"2026-06-22T19:11:11.142Z"}
{"level":"info","message":"[MTF-CACHE] 15m refresh complete: 37/37 symbols","timestamp":"2026-06-22T19:11:31.547Z"}
{"level":"debug","message":"[RISK-LOOP] checking 1 open position(s)","timestamp":"2026-06-22T19:13:10.689Z"}
{"level":"debug","message":"[LIVE] TIA/USDC: checkRisk price=0.39240000 SL=0.37724500 TP=0.44475200 HWM=0.39820000 entry=0.39710000","timestamp":"2026-06-22T19:13:11.136Z"}
{"level":"debug","message":"[RISK-LOOP] checking 1 open position(s)","timestamp":"2026-06-22T19:15:10.689Z"}
{"level":"debug","message":"[LIVE] TIA/USDC: checkRisk price=0.39360000 SL=0.37724500 TP=0.44475200 HWM=0.39820000 entry=0.39710000","timestamp":"2026-06-22T19:15:11.134Z"}
{"level":"debug","message":"[RISK-LOOP] checking 1 open position(s)","timestamp":"2026-06-22T19:17:10.692Z"}
{"level":"debug","message":"[LIVE] TIA/USDC: checkRisk price=0.39330000 SL=0.37724500 TP=0.44475200 HWM=0.39820000 entry=0.39710000","timestamp":"2026-06-22T19:17:11.142Z"}
{"level":"debug","message":"[RISK-LOOP] checking 1 open position(s)","timestamp":"2026-06-22T19:19:10.691Z"}
{"level":"debug","message":"[LIVE] TIA/USDC: checkRisk price=0.39360000 SL=0.37724500 TP=0.44475200 HWM=0.39820000 entry=0.39710000","timestamp":"2026-06-22T19:19:11.137Z"}
{"level":"debug","message":"[RISK-LOOP] checking 1 open position(s)","timestamp":"2026-06-22T19:21:10.872Z"}
{"level":"debug","message":"[LIVE] TIA/USDC: checkRisk price=0.39370000 SL=0.37724500 TP=0.44475200 HWM=0.39820000 entry=0.39710000","timestamp":"2026-06-22T19:21:11.141Z"}
{"level":"debug","message":"[RISK-LOOP] checking 1 open position(s)","timestamp":"2026-06-22T19:23:10.691Z"}
{"level":"debug","message":"[LIVE] TIA/USDC: checkRisk price=0.39240000 SL=0.37724500 TP=0.44475200 HWM=0.39820000 entry=0.39710000","timestamp":"2026-06-22T19:23:11.145Z"}
{"level":"debug","message":"[RISK-LOOP] checking 1 open position(s)","timestamp":"2026-06-22T19:25:10.691Z"}
{"level":"debug","message":"[LIVE] TIA/USDC: checkRisk price=0.39130000 SL=0.37724500 TP=0.44475200 HWM=0.39820000 entry=0.39710000","timestamp":"2026-06-22T19:25:11.142Z"}
{"level":"info","message":"[MTF-CACHE] 15m refresh complete: 37/37 symbols","timestamp":"2026-06-22T19:26:31.074Z"}
{"level":"debug","message":"[RISK-LOOP] checking 1 open position(s)","timestamp":"2026-06-22T19:27:10.691Z"}
{"level":"debug","message":"[LIVE] TIA/USDC: checkRisk price=0.39100000 SL=0.37724500 TP=0.44475200 HWM=0.39820000 entry=0.39710000","timestamp":"2026-06-22T19:27:11.139Z"}
{"level":"debug","message":"[RISK-LOOP] checking 1 open position(s)","timestamp":"2026-06-22T19:29:10.702Z"}
{"level":"debug","message":"[LIVE] TIA/USDC: checkRisk price=0.39200000 SL=0.37724500 TP=0.44475200 HWM=0.39820000 entry=0.39710000","timestamp":"2026-06-22T19:29:11.148Z"}
{"level":"debug","message":"[RISK-LOOP] checking 1 open position(s)","timestamp":"2026-06-22T19:31:10.878Z"}
{"level":"debug","message":"[LIVE] TIA/USDC: checkRisk price=0.39070000 SL=0.37724500 TP=0.44475200 HWM=0.39820000 entry=0.39710000","timestamp":"2026-06-22T19:31:11.147Z"}
{"level":"debug","message":"[RISK-LOOP] checking 1 open position(s)","timestamp":"2026-06-22T19:33:10.702Z"}
{"level":"debug","message":"[LIVE] TIA/USDC: checkRisk price=0.39160000 SL=0.37724500 TP=0.44475200 HWM=0.39820000 entry=0.39710000","timestamp":"2026-06-22T19:33:11.151Z"}
{"level":"debug","message":"[RISK-LOOP] checking 1 open position(s)","timestamp":"2026-06-22T19:35:10.705Z"}
{"level":"debug","message":"[LIVE] TIA/USDC: checkRisk price=0.39140000 SL=0.37724500 TP=0.44475200 HWM=0.39820000 entry=0.39710000","timestamp":"2026-06-22T19:35:11.152Z"}
{"level":"debug","message":"[RISK-LOOP] checking 1 open position(s)","timestamp":"2026-06-22T19:37:10.703Z"}
{"level":"debug","message":"[LIVE] TIA/USDC: checkRisk price=0.39170000 SL=0.37724500 TP=0.44475200 HWM=0.39820000 entry=0.39710000","timestamp":"2026-06-22T19:37:11.153Z"}
{"level":"debug","message":"[RISK-LOOP] checking 1 open position(s)","timestamp":"2026-06-22T19:39:10.698Z"}
{"level":"debug","message":"[LIVE] TIA/USDC: checkRisk price=0.39110000 SL=0.37724500 TP=0.44475200 HWM=0.39820000 entry=0.39710000","timestamp":"2026-06-22T19:39:11.144Z"}
{"level":"debug","message":"[RISK-LOOP] checking 1 open position(s)","timestamp":"2026-06-22T19:41:10.880Z"}
{"level":"debug","message":"[LIVE] TIA/USDC: checkRisk price=0.39080000 SL=0.37724500 TP=0.44475200 HWM=0.39820000 entry=0.39710000","timestamp":"2026-06-22T19:41:11.194Z"}
{"level":"info","message":"[MTF-CACHE] 15m refresh complete: 37/37 symbols","timestamp":"2026-06-22T19:41:31.550Z"}
{"level":"debug","message":"[RISK-LOOP] checking 1 open position(s)","timestamp":"2026-06-22T19:43:10.711Z"}
{"level":"debug","message":"[LIVE] TIA/USDC: checkRisk price=0.39240000 SL=0.37724500 TP=0.44475200 HWM=0.39820000 entry=0.39710000","timestamp":"2026-06-22T19:43:11.161Z"}
{"level":"debug","message":"[RISK-LOOP] checking 1 open position(s)","timestamp":"2026-06-22T19:45:10.699Z"}
{"level":"debug","message":"[LIVE] TIA/USDC: checkRisk price=0.39140000 SL=0.37724500 TP=0.44475200 HWM=0.39820000 entry=0.39710000","timestamp":"2026-06-22T19:45:11.149Z"}
{"level":"debug","message":"[RISK-LOOP] checking 1 open position(s)","timestamp":"2026-06-22T19:47:10.704Z"}
{"level":"debug","message":"[LIVE] TIA/USDC: checkRisk price=0.39090000 SL=0.37724500 TP=0.44475200 HWM=0.39820000 entry=0.39710000","timestamp":"2026-06-22T19:47:11.150Z"}
{"level":"debug","message":"[RISK-LOOP] checking 1 open position(s)","timestamp":"2026-06-22T19:49:10.703Z"}
{"level":"debug","message":"[LIVE] TIA/USDC: checkRisk price=0.39020000 SL=0.37724500 TP=0.44475200 HWM=0.39820000 entry=0.39710000","timestamp":"2026-06-22T19:49:11.160Z"}
{"level":"debug","message":"[RISK-LOOP] checking 1 open position(s)","timestamp":"2026-06-22T19:51:10.890Z"}
{"level":"debug","message":"[LIVE] TIA/USDC: checkRisk price=0.39000000 SL=0.37724500 TP=0.44475200 HWM=0.39820000 entry=0.39710000","timestamp":"2026-06-22T19:51:11.159Z"}
{"level":"debug","message":"[RISK-LOOP] checking 1 open position(s)","timestamp":"2026-06-22T19:53:10.706Z"}
{"level":"debug","message":"[LIVE] TIA/USDC: checkRisk price=0.39210000 SL=0.37724500 TP=0.44475200 HWM=0.39820000 entry=0.39710000","timestamp":"2026-06-22T19:53:11.156Z"}
{"level":"debug","message":"[RISK-LOOP] checking 1 open position(s)","timestamp":"2026-06-22T19:55:10.712Z"}
{"level":"debug","message":"[LIVE] TIA/USDC: checkRisk price=0.39130000 SL=0.37724500 TP=0.44475200 HWM=0.39820000 entry=0.39710000","timestamp":"2026-06-22T19:55:11.159Z"}
{"level":"info","message":"[MTF-CACHE] 15m refresh complete: 37/37 symbols","timestamp":"2026-06-22T19:56:31.159Z"}
{"level":"debug","message":"[RISK-LOOP] checking 1 open position(s)","timestamp":"2026-06-22T19:57:10.708Z"}
{"level":"debug","message":"[LIVE] TIA/USDC: checkRisk price=0.39180000 SL=0.37724500 TP=0.44475200 HWM=0.39820000 entry=0.39710000","timestamp":"2026-06-22T19:57:11.157Z"}
{"level":"debug","message":"[RISK-LOOP] checking 1 open position(s)","timestamp":"2026-06-22T19:59:10.718Z"}
{"level":"debug","message":"[LIVE] TIA/USDC: checkRisk price=0.39250000 SL=0.37724500 TP=0.44475200 HWM=0.39820000 entry=0.39710000","timestamp":"2026-06-22T19:59:11.166Z"}
{"level":"debug","message":"[RISK-LOOP] checking 1 open position(s)","timestamp":"2026-06-22T20:01:10.885Z"}
{"level":"debug","message":"[LIVE] TIA/USDC: checkRisk price=0.39220000 SL=0.37724500 TP=0.44475200 HWM=0.39820000 entry=0.39710000","timestamp":"2026-06-22T20:01:11.153Z"}
{"level":"debug","message":"[RISK-LOOP] checking 1 open position(s)","timestamp":"2026-06-22T20:03:10.707Z"}
{"level":"debug","message":"[LIVE] TIA/USDC: checkRisk price=0.39370000 SL=0.37724500 TP=0.44475200 HWM=0.39820000 entry=0.39710000","timestamp":"2026-06-22T20:03:11.155Z"}
{"level":"debug","message":"[RISK-LOOP] checking 1 open position(s)","timestamp":"2026-06-22T20:05:10.706Z"}
{"level":"debug","message":"[LIVE] TIA/USDC: checkRisk price=0.39420000 SL=0.37724500 TP=0.44475200 HWM=0.39820000 entry=0.39710000","timestamp":"2026-06-22T20:05:11.153Z"}
{"level":"debug","message":"[RISK-LOOP] checking 1 open position(s)","timestamp":"2026-06-22T20:07:10.720Z"}
{"level":"debug","message":"[LIVE] TIA/USDC: checkRisk price=0.39350000 SL=0.37724500 TP=0.44475200 HWM=0.39820000 entry=0.39710000","timestamp":"2026-06-22T20:07:11.167Z"}
{"level":"debug","message":"[RISK-LOOP] checking 1 open position(s)","timestamp":"2026-06-22T20:09:10.715Z"}
{"level":"debug","message":"[LIVE] TIA/USDC: checkRisk price=0.39320000 SL=0.37724500 TP=0.44475200 HWM=0.39820000 entry=0.39710000","timestamp":"2026-06-22T20:09:11.162Z"}
{"level":"debug","message":"[RISK-LOOP] checking 1 open position(s)","timestamp":"2026-06-22T20:11:10.894Z"}
{"level":"debug","message":"[LIVE] TIA/USDC: checkRisk price=0.39230000 SL=0.37724500 TP=0.44475200 HWM=0.39820000 entry=0.39710000","timestamp":"2026-06-22T20:11:11.164Z"}
{"level":"info","message":"[MTF-CACHE] 15m refresh complete: 37/37 symbols","timestamp":"2026-06-22T20:11:31.130Z"}
{"level":"debug","message":"[RISK-LOOP] checking 1 open position(s)","timestamp":"2026-06-22T20:13:10.710Z"}
{"level":"debug","message":"[LIVE] TIA/USDC: checkRisk price=0.39340000 SL=0.37724500 TP=0.44475200 HWM=0.39820000 entry=0.39710000","timestamp":"2026-06-22T20:13:11.159Z"}
{"level":"debug","message":"[RISK-LOOP] checking 1 open position(s)","timestamp":"2026-06-22T20:15:10.704Z"}
{"level":"debug","message":"[LIVE] TIA/USDC: checkRisk price=0.39230000 SL=0.37724500 TP=0.44475200 HWM=0.39820000 entry=0.39710000","timestamp":"2026-06-22T20:15:11.152Z"}
{"level":"debug","message":"[RISK-LOOP] checking 1 open position(s)","timestamp":"2026-06-22T20:17:10.705Z"}
{"level":"debug","message":"[LIVE] TIA/USDC: checkRisk price=0.39240000 SL=0.37724500 TP=0.44475200 HWM=0.39820000 entry=0.39710000","timestamp":"2026-06-22T20:17:11.153Z"}
{"level":"debug","message":"[RISK-LOOP] checking 1 open position(s)","timestamp":"2026-06-22T20:19:10.717Z"}
{"level":"debug","message":"[LIVE] TIA/USDC: checkRisk price=0.39250000 SL=0.37724500 TP=0.44475200 HWM=0.39820000 entry=0.39710000","timestamp":"2026-06-22T20:19:11.164Z"}
{"level":"debug","message":"[RISK-LOOP] checking 1 open position(s)","timestamp":"2026-06-22T20:21:10.895Z"}
{"level":"debug","message":"[LIVE] TIA/USDC: checkRisk price=0.39250000 SL=0.37724500 TP=0.44475200 HWM=0.39820000 entry=0.39710000","timestamp":"2026-06-22T20:21:11.164Z"}
{"level":"debug","message":"[RISK-LOOP] checking 1 open position(s)","timestamp":"2026-06-22T20:23:10.706Z"}
{"level":"debug","message":"[LIVE] TIA/USDC: checkRisk price=0.39250000 SL=0.37724500 TP=0.44475200 HWM=0.39820000 entry=0.39710000","timestamp":"2026-06-22T20:23:11.156Z"}
{"level":"debug","message":"[RISK-LOOP] checking 1 open position(s)","timestamp":"2026-06-22T20:25:10.712Z"}
{"level":"debug","message":"[LIVE] TIA/USDC: checkRisk price=0.39250000 SL=0.37724500 TP=0.44475200 HWM=0.39820000 entry=0.39710000","timestamp":"2026-06-22T20:25:11.162Z"}
