{"level":"info","message":"[RISK] Day rollover — resetting daily stats (prev: pnl=-0.20 trades=3)","timestamp":"2026-06-02T00:00:17.981Z"}
{"level":"debug","message":"[CYCLE] ATR sizing: medianATRPct=3.70% (37 symbols)","timestamp":"2026-06-02T00:00:19.234Z"}
{"level":"debug","message":"[CYCLE] BTC macro: bull=false EMA200","timestamp":"2026-06-02T00:00:19.236Z"}
{"level":"debug","message":"[CYCLE] BTC/USDC: starting cycle, candles=733 lastClose=71336.48000000 lastTs=2026-06-02T00:00:00.000Z","timestamp":"2026-06-02T00:00:19.689Z"}
{"level":"debug","message":"[AGG] BTC/USDC: strategy[0]=unknown → HOLD conf=0.20 \"No EMA crossover (fast 73881.6395 vs slow 75102.4470)\"","timestamp":"2026-06-02T00:00:19.695Z"}
{"level":"debug","message":"[AGG] BTC/USDC: strategy[1]=unknown → HOLD conf=0.10 \"PSAR downtrend continues (SAR 75272.9078)\"","timestamp":"2026-06-02T00:00:19.695Z"}
{"level":"debug","message":"[AGG] BTC/USDC: strategy[2]=unknown → HOLD conf=0.15 \"HA bearish continuation\"","timestamp":"2026-06-02T00:00:19.695Z"}
{"level":"debug","message":"[AGG] BTC/USDC: votes BUY=0.00 SELL=0.00 HOLD=3.00 total_weight=0.00 external=0","timestamp":"2026-06-02T00:00:19.695Z"}
{"level":"debug","message":"[AGG] BTC/USDC: decision=HOLD confidence=0.00 tie=false belowMin=true (minConf=0.55)","timestamp":"2026-06-02T00:00:19.695Z"}
{"level":"debug","message":"[CYCLE] XRP/USDC: starting cycle, candles=733 lastClose=1.29560000 lastTs=2026-06-02T00:00:00.000Z","timestamp":"2026-06-02T00:00:19.719Z"}
{"level":"debug","message":"[AGG] XRP/USDC: strategy[0]=unknown → HOLD conf=0.20 \"Price 1.3044 inside BB [1.2902–1.3714]\"","timestamp":"2026-06-02T00:00:19.750Z"}
{"level":"debug","message":"[AGG] XRP/USDC: strategy[1]=unknown → HOLD conf=0.20 \"Stoch K=38.6 D=49.0 — no crossover in extreme zone\"","timestamp":"2026-06-02T00:00:19.750Z"}
{"level":"debug","message":"[AGG] XRP/USDC: strategy[2]=unknown → HOLD conf=0.20 \"No EMA crossover (fast 1.3251 vs slow 1.3410)\"","timestamp":"2026-06-02T00:00:19.750Z"}
{"level":"debug","message":"[AGG] XRP/USDC: votes BUY=0.00 SELL=0.00 HOLD=3.00 total_weight=0.00 external=0","timestamp":"2026-06-02T00:00:19.750Z"}
{"level":"debug","message":"[AGG] XRP/USDC: decision=HOLD confidence=0.00 tie=false belowMin=true (minConf=0.55)","timestamp":"2026-06-02T00:00:19.750Z"}
{"level":"debug","message":"[CYCLE] LINK/USDC: starting cycle, candles=733 lastClose=9.05200000 lastTs=2026-06-02T00:00:00.000Z","timestamp":"2026-06-02T00:00:19.757Z"}
{"level":"debug","message":"[AGG] LINK/USDC: strategy[0]=unknown → HOLD conf=0.20 \"Price 9.0070 inside BB [8.7676–9.6899]\"","timestamp":"2026-06-02T00:00:19.773Z"}
{"level":"debug","message":"[AGG] LINK/USDC: strategy[1]=unknown → HOLD conf=0.20 \"Stoch K=27.5 D=28.7 — no crossover in extreme zone\"","timestamp":"2026-06-02T00:00:19.773Z"}
{"level":"debug","message":"[AGG] LINK/USDC: strategy[2]=unknown → HOLD conf=0.10 \"Supertrend downtrend continues (ST 9.7378)\"","timestamp":"2026-06-02T00:00:19.779Z"}
{"level":"debug","message":"[AGG] LINK/USDC: votes BUY=0.00 SELL=0.00 HOLD=3.00 total_weight=0.00 external=0","timestamp":"2026-06-02T00:00:19.779Z"}
{"level":"debug","message":"[AGG] LINK/USDC: decision=HOLD confidence=0.00 tie=false belowMin=true (minConf=0.7)","timestamp":"2026-06-02T00:00:19.779Z"}
{"level":"debug","message":"[CYCLE] BNB/USDC: starting cycle, candles=733 lastClose=692.24000000 lastTs=2026-06-02T00:00:00.000Z","timestamp":"2026-06-02T00:00:19.787Z"}
{"level":"debug","message":"[AGG] BNB/USDC: strategy[0]=unknown → HOLD conf=0.20 \"%R -40.6 neutral\"","timestamp":"2026-06-02T00:00:19.790Z"}
{"level":"debug","message":"[AGG] BNB/USDC: strategy[1]=unknown → HOLD conf=0.15 \"HA bearish continuation\"","timestamp":"2026-06-02T00:00:19.790Z"}
{"level":"debug","message":"[AGG] BNB/USDC: strategy[2]=unknown → HOLD conf=0.10 \"No significant S/R zone nearby\"","timestamp":"2026-06-02T00:00:19.790Z"}
{"level":"debug","message":"[AGG] BNB/USDC: votes BUY=0.00 SELL=0.00 HOLD=3.00 total_weight=0.00 external=0","timestamp":"2026-06-02T00:00:19.790Z"}
{"level":"debug","message":"[AGG] BNB/USDC: decision=HOLD confidence=0.00 tie=false belowMin=true (minConf=0.55)","timestamp":"2026-06-02T00:00:19.790Z"}
{"level":"debug","message":"[CYCLE] LTC/USDC: starting cycle, candles=733 lastClose=50.75000000 lastTs=2026-06-02T00:00:00.000Z","timestamp":"2026-06-02T00:00:19.798Z"}
{"level":"debug","message":"[AGG] LTC/USDC: strategy[0]=unknown → HOLD conf=0.20 \"Price 51.0000 inside BB [50.6833–53.5717]\"","timestamp":"2026-06-02T00:00:19.815Z"}
{"level":"debug","message":"[AGG] LTC/USDC: strategy[1]=unknown → HOLD conf=0.20 \"No EMA crossover (fast 51.8601 vs slow 52.6513)\"","timestamp":"2026-06-02T00:00:19.815Z"}
{"level":"debug","message":"[AGG] LTC/USDC: strategy[2]=unknown → HOLD conf=0.20 \"%R -74.0 neutral\"","timestamp":"2026-06-02T00:00:19.815Z"}
{"level":"debug","message":"[AGG] LTC/USDC: votes BUY=0.00 SELL=0.00 HOLD=3.00 total_weight=0.00 external=0","timestamp":"2026-06-02T00:00:19.816Z"}
{"level":"debug","message":"[AGG] LTC/USDC: decision=HOLD confidence=0.00 tie=false belowMin=true (minConf=0.55)","timestamp":"2026-06-02T00:00:19.816Z"}
{"level":"debug","message":"[CYCLE] NEAR/USDC: starting cycle, candles=733 lastClose=2.63400000 lastTs=2026-06-02T00:00:00.000Z","timestamp":"2026-06-02T00:00:19.826Z"}
{"level":"debug","message":"[AGG] NEAR/USDC: strategy[0]=unknown → HOLD conf=0.20 \"RSI 54.7 neutral\"","timestamp":"2026-06-02T00:00:19.832Z"}
{"level":"debug","message":"[AGG] NEAR/USDC: strategy[1]=unknown → HOLD conf=0.20 \"Price 2.3230 inside BB [2.0835–2.7586]\"","timestamp":"2026-06-02T00:00:19.832Z"}
{"level":"debug","message":"[AGG] NEAR/USDC: strategy[2]=unknown → HOLD conf=0.20 \"Stoch K=14.4 D=10.7 — no crossover in extreme zone\"","timestamp":"2026-06-02T00:00:19.832Z"}
{"level":"debug","message":"[AGG] NEAR/USDC: strategy[3]=unknown → HOLD conf=0.10 \"No significant S/R zone nearby\"","timestamp":"2026-06-02T00:00:19.832Z"}
{"level":"debug","message":"[AGG] NEAR/USDC: votes BUY=0.00 SELL=0.00 HOLD=4.00 total_weight=0.00 external=0","timestamp":"2026-06-02T00:00:19.832Z"}
{"level":"debug","message":"[AGG] NEAR/USDC: decision=HOLD confidence=0.00 tie=false belowMin=true (minConf=0.7)","timestamp":"2026-06-02T00:00:19.832Z"}
{"level":"debug","message":"[CYCLE] TRX/USDC: starting cycle, candles=733 lastClose=0.34330000 lastTs=2026-06-02T00:00:00.000Z","timestamp":"2026-06-02T00:00:19.839Z"}
{"level":"debug","message":"[AGG] TRX/USDC: strategy[0]=unknown → HOLD conf=0.20 \"CCI -57.7 neutral\"","timestamp":"2026-06-02T00:00:19.849Z"}
{"level":"debug","message":"[AGG] TRX/USDC: strategy[1]=unknown → HOLD conf=0.20 \"Stoch K=27.3 D=29.2 — no crossover in extreme zone\"","timestamp":"2026-06-02T00:00:19.850Z"}
{"level":"debug","message":"[AGG] TRX/USDC: strategy[2]=unknown → HOLD conf=0.20 \"StochRSI K=22.7 D=24.2 — no extreme crossover\"","timestamp":"2026-06-02T00:00:19.850Z"}
{"level":"debug","message":"[AGG] TRX/USDC: votes BUY=0.00 SELL=0.00 HOLD=3.00 total_weight=0.00 external=0","timestamp":"2026-06-02T00:00:19.850Z"}
{"level":"debug","message":"[AGG] TRX/USDC: decision=HOLD confidence=0.00 tie=false belowMin=true (minConf=0.7)","timestamp":"2026-06-02T00:00:19.850Z"}
{"level":"debug","message":"[CYCLE] BCH/USDC: starting cycle, candles=733 lastClose=293.60000000 lastTs=2026-06-02T00:00:00.000Z","timestamp":"2026-06-02T00:00:19.853Z"}
{"level":"debug","message":"[AGG] BCH/USDC: strategy[0]=unknown → HOLD conf=0.20 \"Price 280.6000 inside BB [272.4956–373.6644]\"","timestamp":"2026-06-02T00:00:19.861Z"}
{"level":"debug","message":"[AGG] BCH/USDC: strategy[1]=unknown → HOLD conf=0.20 \"OBV below EMA-20 — no cross\"","timestamp":"2026-06-02T00:00:19.861Z"}
{"level":"debug","message":"[AGG] BCH/USDC: strategy[2]=unknown → HOLD conf=0.60 \"%R -99.6 oversold — still falling, wait\"","timestamp":"2026-06-02T00:00:19.861Z"}
{"level":"debug","message":"[AGG] BCH/USDC: votes BUY=0.00 SELL=0.00 HOLD=3.00 total_weight=0.00 external=0","timestamp":"2026-06-02T00:00:19.861Z"}
{"level":"debug","message":"[AGG] BCH/USDC: decision=HOLD confidence=0.00 tie=false belowMin=true (minConf=0.55)","timestamp":"2026-06-02T00:00:19.862Z"}
{"level":"debug","message":"[CYCLE] ACH/USDC: starting cycle, candles=733 lastClose=0.00623000 lastTs=2026-06-02T00:00:00.000Z","timestamp":"2026-06-02T00:00:19.869Z"}
{"level":"debug","message":"[AGG] ACH/USDC: strategy[0]=unknown → HOLD conf=0.20 \"RSI 36.8 neutral\"","timestamp":"2026-06-02T00:00:19.874Z"}
{"level":"debug","message":"[AGG] ACH/USDC: strategy[1]=unknown → HOLD conf=0.20 \"Price 0.0062 inside BB [0.0060–0.0067]\"","timestamp":"2026-06-02T00:00:19.874Z"}
{"level":"debug","message":"[AGG] ACH/USDC: strategy[2]=unknown → HOLD conf=0.20 \"CCI -98.4 neutral\"","timestamp":"2026-06-02T00:00:19.874Z"}
{"level":"debug","message":"[AGG] ACH/USDC: votes BUY=0.00 SELL=0.00 HOLD=3.00 total_weight=0.00 external=0","timestamp":"2026-06-02T00:00:19.874Z"}
{"level":"debug","message":"[AGG] ACH/USDC: decision=HOLD confidence=0.00 tie=false belowMin=true (minConf=0.7)","timestamp":"2026-06-02T00:00:19.874Z"}
{"level":"debug","message":"[CYCLE] CRV/USDC: starting cycle, candles=733 lastClose=0.21580000 lastTs=2026-06-02T00:00:00.000Z","timestamp":"2026-06-02T00:00:19.895Z"}
{"level":"debug","message":"[AGG] CRV/USDC: strategy[0]=unknown → SELL conf=0.61 \"ADX 28.5 downtrend (-DI 23.8 > +DI 11.8)\"","timestamp":"2026-06-02T00:00:19.904Z"}
{"level":"debug","message":"[AGG] CRV/USDC: strategy[1]=unknown → HOLD conf=0.20 \"StochRSI K=65.1 D=65.6 — no extreme crossover\"","timestamp":"2026-06-02T00:00:19.904Z"}
{"level":"debug","message":"[AGG] CRV/USDC: strategy[2]=unknown → HOLD conf=0.10 \"No significant S/R zone nearby\"","timestamp":"2026-06-02T00:00:19.904Z"}
{"level":"debug","message":"[AGG] CRV/USDC: votes BUY=0.00 SELL=1.00 HOLD=2.00 total_weight=1.00 external=0","timestamp":"2026-06-02T00:00:19.904Z"}
{"level":"debug","message":"[AGG] CRV/USDC: decision=HOLD confidence=2.00 tie=false belowMin=false (minConf=0.55)","timestamp":"2026-06-02T00:00:19.904Z"}
{"level":"debug","message":"[CYCLE] ENS/USDC: starting cycle, candles=733 lastClose=5.81000000 lastTs=2026-06-02T00:00:00.000Z","timestamp":"2026-06-02T00:00:19.907Z"}
{"level":"debug","message":"[AGG] ENS/USDC: strategy[0]=unknown → HOLD conf=0.20 \"Price 5.7400 inside BB [5.5700–6.4820]\"","timestamp":"2026-06-02T00:00:19.909Z"}
{"level":"debug","message":"[AGG] ENS/USDC: strategy[1]=unknown → HOLD conf=0.10 \"PSAR uptrend continues (SAR 5.6644)\"","timestamp":"2026-06-02T00:00:19.909Z"}
{"level":"debug","message":"[AGG] ENS/USDC: strategy[2]=unknown → HOLD conf=0.10 \"No significant S/R zone nearby\"","timestamp":"2026-06-02T00:00:19.909Z"}
{"level":"debug","message":"[AGG] ENS/USDC: votes BUY=0.00 SELL=0.00 HOLD=3.00 total_weight=0.00 external=0","timestamp":"2026-06-02T00:00:19.910Z"}
{"level":"debug","message":"[AGG] ENS/USDC: decision=HOLD confidence=0.00 tie=false belowMin=true (minConf=0.55)","timestamp":"2026-06-02T00:00:19.910Z"}
{"level":"debug","message":"[CYCLE] GMX/USDC: starting cycle, candles=733 lastClose=6.91000000 lastTs=2026-06-02T00:00:00.000Z","timestamp":"2026-06-02T00:00:19.944Z"}
{"level":"debug","message":"[AGG] GMX/USDC: strategy[0]=unknown → HOLD conf=0.20 \"RSI 51.3 neutral\"","timestamp":"2026-06-02T00:00:19.951Z"}
{"level":"debug","message":"[AGG] GMX/USDC: strategy[1]=unknown → HOLD conf=0.20 \"Price 6.6600 inside BB [6.0846–7.0014]\"","timestamp":"2026-06-02T00:00:19.951Z"}
{"level":"debug","message":"[AGG] GMX/USDC: strategy[2]=unknown → HOLD conf=0.20 \"CCI 37.1 neutral\"","timestamp":"2026-06-02T00:00:19.951Z"}
{"level":"debug","message":"[AGG] GMX/USDC: votes BUY=0.00 SELL=0.00 HOLD=3.00 total_weight=0.00 external=0","timestamp":"2026-06-02T00:00:19.951Z"}
{"level":"debug","message":"[AGG] GMX/USDC: decision=HOLD confidence=0.00 tie=false belowMin=true (minConf=0.7)","timestamp":"2026-06-02T00:00:19.951Z"}
{"level":"debug","message":"[CYCLE] LDO/USDC: starting cycle, candles=733 lastClose=0.33220000 lastTs=2026-06-02T00:00:00.000Z","timestamp":"2026-06-02T00:00:19.954Z"}
{"level":"debug","message":"[AGG] LDO/USDC: strategy[0]=unknown → HOLD conf=0.20 \"MACD -0.0100 vs signal -0.0107 hist:0.0007\"","timestamp":"2026-06-02T00:00:19.960Z"}
{"level":"debug","message":"[AGG] LDO/USDC: strategy[1]=unknown → SELL conf=0.58 \"ADX 27.7 downtrend (-DI 25.3 > +DI 14.7)\"","timestamp":"2026-06-02T00:00:19.960Z"}
{"level":"debug","message":"[AGG] LDO/USDC: strategy[2]=unknown → HOLD conf=0.20 \"%R -69.9 neutral\"","timestamp":"2026-06-02T00:00:19.960Z"}
{"level":"debug","message":"[AGG] LDO/USDC: votes BUY=0.00 SELL=1.00 HOLD=2.00 total_weight=1.00 external=0","timestamp":"2026-06-02T00:00:19.960Z"}
{"level":"debug","message":"[AGG] LDO/USDC: decision=HOLD confidence=2.00 tie=false belowMin=false (minConf=0.55)","timestamp":"2026-06-02T00:00:19.960Z"}
{"level":"debug","message":"[CYCLE] JTO/USDC: starting cycle, candles=733 lastClose=0.58100000 lastTs=2026-06-02T00:00:00.000Z","timestamp":"2026-06-02T00:00:19.962Z"}
{"level":"debug","message":"[AGG] JTO/USDC: strategy[0]=unknown → HOLD conf=0.77 \"CCI 166.4 overbought — still rising, wait\"","timestamp":"2026-06-02T00:00:19.964Z"}
{"level":"debug","message":"[AGG] JTO/USDC: strategy[1]=unknown → HOLD conf=0.10 \"PSAR downtrend continues (SAR 0.5565)\"","timestamp":"2026-06-02T00:00:19.964Z"}
{"level":"debug","message":"[AGG] JTO/USDC: strategy[2]=unknown → HOLD conf=0.10 \"No significant S/R zone nearby\"","timestamp":"2026-06-02T00:00:19.964Z"}
{"level":"debug","message":"[AGG] JTO/USDC: votes BUY=0.00 SELL=0.00 HOLD=3.00 total_weight=0.00 external=0","timestamp":"2026-06-02T00:00:19.964Z"}
{"level":"debug","message":"[AGG] JTO/USDC: decision=HOLD confidence=0.00 tie=false belowMin=true (minConf=0.55)","timestamp":"2026-06-02T00:00:19.964Z"}
{"level":"debug","message":"[CYCLE] LSK/USDC: starting cycle, candles=393 lastClose=0.11100000 lastTs=2026-06-02T00:00:00.000Z","timestamp":"2026-06-02T00:00:20.003Z"}
{"level":"debug","message":"[AGG] LSK/USDC: strategy[0]=unknown → HOLD conf=0.20 \"MACD -0.0028 vs signal -0.0031 hist:0.0003\"","timestamp":"2026-06-02T00:00:20.011Z"}
{"level":"debug","message":"[AGG] LSK/USDC: strategy[1]=unknown → HOLD conf=0.20 \"MFI 43.4 neutral\"","timestamp":"2026-06-02T00:00:20.011Z"}
{"level":"debug","message":"[AGG] LSK/USDC: strategy[2]=unknown → HOLD conf=0.10 \"PSAR uptrend continues (SAR 0.1077)\"","timestamp":"2026-06-02T00:00:20.011Z"}
{"level":"debug","message":"[AGG] LSK/USDC: votes BUY=0.00 SELL=0.00 HOLD=3.00 total_weight=0.00 external=0","timestamp":"2026-06-02T00:00:20.011Z"}
{"level":"debug","message":"[AGG] LSK/USDC: decision=HOLD confidence=0.00 tie=false belowMin=true (minConf=0.55)","timestamp":"2026-06-02T00:00:20.011Z"}
{"level":"debug","message":"[CYCLE] PAXG/USDC: starting cycle, candles=733 lastClose=4476.56000000 lastTs=2026-06-02T00:00:00.000Z","timestamp":"2026-06-02T00:00:20.032Z"}
{"level":"debug","message":"[AGG] PAXG/USDC: strategy[0]=unknown → HOLD conf=0.20 \"MACD -11.7320 vs signal -17.5546 hist:5.8225\"","timestamp":"2026-06-02T00:00:20.037Z"}
{"level":"debug","message":"[AGG] PAXG/USDC: strategy[1]=unknown → HOLD conf=0.10 \"ADX 17.9 < 20 — ranging, skip\"","timestamp":"2026-06-02T00:00:20.037Z"}
{"level":"debug","message":"[AGG] PAXG/USDC: strategy[2]=unknown → HOLD conf=0.10 \"Supertrend downtrend continues (ST 4568.4891)\"","timestamp":"2026-06-02T00:00:20.037Z"}
{"level":"debug","message":"[AGG] PAXG/USDC: votes BUY=0.00 SELL=0.00 HOLD=3.00 total_weight=0.00 external=0","timestamp":"2026-06-02T00:00:20.038Z"}
{"level":"debug","message":"[AGG] PAXG/USDC: decision=HOLD confidence=0.00 tie=false belowMin=true (minConf=0.55)","timestamp":"2026-06-02T00:00:20.038Z"}
{"level":"debug","message":"[CYCLE] MANTA/USDC: starting cycle, candles=733 lastClose=0.07788000 lastTs=2026-06-02T00:00:00.000Z","timestamp":"2026-06-02T00:00:20.044Z"}
{"level":"debug","message":"[AGG] MANTA/USDC: strategy[0]=unknown → HOLD conf=0.20 \"RSI 48.1 neutral\"","timestamp":"2026-06-02T00:00:20.067Z"}
{"level":"debug","message":"[AGG] MANTA/USDC: strategy[1]=unknown → HOLD conf=0.20 \"Price 0.0764 inside BB [0.0729–0.0822]\"","timestamp":"2026-06-02T00:00:20.067Z"}
{"level":"debug","message":"[AGG] MANTA/USDC: strategy[2]=unknown → HOLD conf=0.20 \"CCI -45.7 neutral\"","timestamp":"2026-06-02T00:00:20.067Z"}
{"level":"debug","message":"[AGG] MANTA/USDC: votes BUY=0.00 SELL=0.00 HOLD=3.00 total_weight=0.00 external=0","timestamp":"2026-06-02T00:00:20.067Z"}
{"level":"debug","message":"[AGG] MANTA/USDC: decision=HOLD confidence=0.00 tie=false belowMin=true (minConf=0.7)","timestamp":"2026-06-02T00:00:20.067Z"}
{"level":"debug","message":"[CYCLE] THETA/USDC: starting cycle, candles=733 lastClose=0.19300000 lastTs=2026-06-02T00:00:00.000Z","timestamp":"2026-06-02T00:00:20.072Z"}
{"level":"debug","message":"[AGG] THETA/USDC: strategy[0]=unknown → HOLD conf=0.20 \"RSI 46.9 neutral\"","timestamp":"2026-06-02T00:00:20.077Z"}
{"level":"debug","message":"[AGG] THETA/USDC: strategy[1]=unknown → HOLD conf=0.20 \"CCI 3.9 neutral\"","timestamp":"2026-06-02T00:00:20.077Z"}
{"level":"debug","message":"[AGG] THETA/USDC: strategy[2]=unknown → HOLD conf=0.20 \"OBV below EMA-20 — no cross\"","timestamp":"2026-06-02T00:00:20.077Z"}
{"level":"debug","message":"[AGG] THETA/USDC: votes BUY=0.00 SELL=0.00 HOLD=3.00 total_weight=0.00 external=0","timestamp":"2026-06-02T00:00:20.077Z"}
{"level":"debug","message":"[AGG] THETA/USDC: decision=HOLD confidence=0.00 tie=false belowMin=true (minConf=0.55)","timestamp":"2026-06-02T00:00:20.077Z"}
{"level":"debug","message":"[CYCLE] SUI/USDC: starting cycle, candles=733 lastClose=0.87870000 lastTs=2026-06-02T00:00:00.000Z","timestamp":"2026-06-02T00:00:20.079Z"}
{"level":"debug","message":"[AGG] SUI/USDC: strategy[0]=unknown → HOLD conf=0.51 \"RSI 29.6 oversold — still falling, wait\"","timestamp":"2026-06-02T00:00:20.088Z"}
{"level":"debug","message":"[AGG] SUI/USDC: strategy[1]=unknown → HOLD conf=0.20 \"Stoch K=14.2 D=14.0 — no crossover in extreme zone\"","timestamp":"2026-06-02T00:00:20.088Z"}
{"level":"debug","message":"[AGG] SUI/USDC: strategy[2]=unknown → HOLD conf=0.72 \"MFI 9.0 oversold — still falling, wait\"","timestamp":"2026-06-02T00:00:20.088Z"}
{"level":"debug","message":"[AGG] SUI/USDC: votes BUY=0.00 SELL=0.00 HOLD=3.00 total_weight=0.00 external=0","timestamp":"2026-06-02T00:00:20.088Z"}
{"level":"debug","message":"[AGG] SUI/USDC: decision=HOLD confidence=0.00 tie=false belowMin=true (minConf=0.7)","timestamp":"2026-06-02T00:00:20.088Z"}
{"level":"debug","message":"[CYCLE] PIXEL/USDC: starting cycle, candles=733 lastClose=0.00728000 lastTs=2026-06-02T00:00:00.000Z","timestamp":"2026-06-02T00:00:20.090Z"}
{"level":"debug","message":"[AGG] PIXEL/USDC: strategy[0]=unknown → HOLD conf=0.20 \"No EMA crossover (fast 0.0069 vs slow 0.0069)\"","timestamp":"2026-06-02T00:00:20.092Z"}
{"level":"debug","message":"[AGG] PIXEL/USDC: strategy[1]=unknown → HOLD conf=0.10 \"ADX 18.7 < 20 — ranging, skip\"","timestamp":"2026-06-02T00:00:20.092Z"}
{"level":"debug","message":"[AGG] PIXEL/USDC: strategy[2]=unknown → HOLD conf=0.10 \"No significant S/R zone nearby\"","timestamp":"2026-06-02T00:00:20.092Z"}
{"level":"debug","message":"[AGG] PIXEL/USDC: votes BUY=0.00 SELL=0.00 HOLD=3.00 total_weight=0.00 external=0","timestamp":"2026-06-02T00:00:20.092Z"}
{"level":"debug","message":"[AGG] PIXEL/USDC: decision=HOLD confidence=0.00 tie=false belowMin=true (minConf=0.55)","timestamp":"2026-06-02T00:00:20.092Z"}
{"level":"debug","message":"[CYCLE] TIA/USDC: starting cycle, candles=733 lastClose=0.40000000 lastTs=2026-06-02T00:00:00.000Z","timestamp":"2026-06-02T00:00:20.095Z"}
{"level":"debug","message":"[AGG] TIA/USDC: strategy[0]=unknown → BUY conf=0.68 \"CCI -121.1 oversold ↑ reversal confirmed\"","timestamp":"2026-06-02T00:00:20.099Z"}
{"level":"debug","message":"[AGG] TIA/USDC: strategy[1]=unknown → HOLD conf=0.20 \"MACD -0.0076 vs signal -0.0017 hist:-0.0059\"","timestamp":"2026-06-02T00:00:20.099Z"}
{"level":"debug","message":"[AGG] TIA/USDC: strategy[2]=unknown → HOLD conf=0.15 \"HA bearish continuation\"","timestamp":"2026-06-02T00:00:20.099Z"}
{"level":"debug","message":"[AGG] TIA/USDC: votes BUY=1.00 SELL=0.00 HOLD=2.00 total_weight=1.00 external=0","timestamp":"2026-06-02T00:00:20.099Z"}
{"level":"debug","message":"[AGG] TIA/USDC: decision=HOLD confidence=2.00 tie=false belowMin=false (minConf=0.55)","timestamp":"2026-06-02T00:00:20.099Z"}
{"level":"debug","message":"[CYCLE] VANRY/USDC: starting cycle, candles=733 lastClose=0.00451400 lastTs=2026-06-02T00:00:00.000Z","timestamp":"2026-06-02T00:00:20.109Z"}
{"level":"debug","message":"[AGG] VANRY/USDC: strategy[0]=unknown → HOLD conf=0.20 \"No EMA crossover (fast 0.0045 vs slow 0.0047)\"","timestamp":"2026-06-02T00:00:20.111Z"}
{"level":"debug","message":"[AGG] VANRY/USDC: strategy[1]=unknown → HOLD conf=0.20 \"MACD -0.0002 vs signal -0.0002 hist:0.0000\"","timestamp":"2026-06-02T00:00:20.111Z"}
{"level":"debug","message":"[AGG] VANRY/USDC: strategy[2]=unknown → SELL conf=0.60 \"ADX 27.9 downtrend (-DI 21.6 > +DI 13.2)\"","timestamp":"2026-06-02T00:00:20.111Z"}
{"level":"debug","message":"[AGG] VANRY/USDC: votes BUY=0.00 SELL=1.00 HOLD=2.00 total_weight=1.00 external=0","timestamp":"2026-06-02T00:00:20.111Z"}
{"level":"debug","message":"[AGG] VANRY/USDC: decision=HOLD confidence=2.00 tie=false belowMin=false (minConf=0.55)","timestamp":"2026-06-02T00:00:20.111Z"}
{"level":"debug","message":"[CYCLE] SOL/USDC: starting cycle, candles=733 lastClose=81.20000000 lastTs=2026-06-02T00:00:00.000Z","timestamp":"2026-06-02T00:00:20.124Z"}
{"level":"debug","message":"[AGG] SOL/USDC: strategy[0]=unknown → HOLD conf=0.20 \"Price 80.8900 inside BB [79.6757–86.6533]\"","timestamp":"2026-06-02T00:00:20.128Z"}
{"level":"debug","message":"[AGG] SOL/USDC: strategy[1]=unknown → HOLD conf=0.52 \"%R -84.1 oversold — still falling, wait\"","timestamp":"2026-06-02T00:00:20.128Z"}
{"level":"debug","message":"[AGG] SOL/USDC: strategy[2]=unknown → HOLD conf=0.20 \"StochRSI K=20.8 D=31.2 — no extreme crossover\"","timestamp":"2026-06-02T00:00:20.129Z"}
{"level":"debug","message":"[AGG] SOL/USDC: votes BUY=0.00 SELL=0.00 HOLD=3.00 total_weight=0.00 external=0","timestamp":"2026-06-02T00:00:20.129Z"}
{"level":"debug","message":"[AGG] SOL/USDC: decision=HOLD confidence=0.00 tie=false belowMin=true (minConf=0.55)","timestamp":"2026-06-02T00:00:20.129Z"}
{"level":"debug","message":"[CYCLE] ADA/USDC: starting cycle, candles=733 lastClose=0.23090000 lastTs=2026-06-02T00:00:00.000Z","timestamp":"2026-06-02T00:00:20.152Z"}
{"level":"debug","message":"[AGG] ADA/USDC: strategy[0]=unknown → HOLD conf=0.20 \"RSI 35.0 neutral\"","timestamp":"2026-06-02T00:00:20.158Z"}
{"level":"debug","message":"[AGG] ADA/USDC: strategy[1]=unknown → HOLD conf=0.20 \"Price 0.2306 inside BB [0.2277–0.2478]\"","timestamp":"2026-06-02T00:00:20.158Z"}
{"level":"debug","message":"[AGG] ADA/USDC: strategy[2]=unknown → HOLD conf=0.60 \"CCI -125.2 oversold — still falling, wait\"","timestamp":"2026-06-02T00:00:20.158Z"}
{"level":"debug","message":"[AGG] ADA/USDC: votes BUY=0.00 SELL=0.00 HOLD=3.00 total_weight=0.00 external=0","timestamp":"2026-06-02T00:00:20.158Z"}
{"level":"debug","message":"[AGG] ADA/USDC: decision=HOLD confidence=0.00 tie=false belowMin=true (minConf=0.55)","timestamp":"2026-06-02T00:00:20.158Z"}
{"level":"debug","message":"[CYCLE] AVAX/USDC: starting cycle, candles=733 lastClose=8.92600000 lastTs=2026-06-02T00:00:00.000Z","timestamp":"2026-06-02T00:00:20.164Z"}
{"level":"debug","message":"[AGG] AVAX/USDC: strategy[0]=unknown → HOLD conf=0.20 \"RSI 40.9 neutral\"","timestamp":"2026-06-02T00:00:20.166Z"}
{"level":"debug","message":"[AGG] AVAX/USDC: strategy[1]=unknown → HOLD conf=0.20 \"MACD -0.1339 vs signal -0.1270 hist:-0.0069\"","timestamp":"2026-06-02T00:00:20.166Z"}
{"level":"debug","message":"[AGG] AVAX/USDC: strategy[2]=unknown → HOLD conf=0.10 \"PSAR downtrend continues (SAR 9.1633)\"","timestamp":"2026-06-02T00:00:20.166Z"}
{"level":"debug","message":"[AGG] AVAX/USDC: votes BUY=0.00 SELL=0.00 HOLD=3.00 total_weight=0.00 external=0","timestamp":"2026-06-02T00:00:20.167Z"}
{"level":"debug","message":"[AGG] AVAX/USDC: decision=HOLD confidence=0.00 tie=false belowMin=true (minConf=0.55)","timestamp":"2026-06-02T00:00:20.167Z"}
{"level":"debug","message":"[CYCLE] DOGE/USDC: starting cycle, candles=733 lastClose=0.10096000 lastTs=2026-06-02T00:00:00.000Z","timestamp":"2026-06-02T00:00:20.181Z"}
{"level":"debug","message":"[AGG] DOGE/USDC: strategy[0]=unknown → HOLD conf=0.20 \"No EMA crossover (fast 0.1004 vs slow 0.1018)\"","timestamp":"2026-06-02T00:00:20.182Z"}
{"level":"debug","message":"[AGG] DOGE/USDC: strategy[1]=unknown → HOLD conf=0.10 \"PSAR downtrend continues (SAR 0.1016)\"","timestamp":"2026-06-02T00:00:20.182Z"}
{"level":"debug","message":"[AGG] DOGE/USDC: strategy[2]=unknown → HOLD conf=0.20 \"HA flipped but prior streak too short (1 < 3)\"","timestamp":"2026-06-02T00:00:20.182Z"}
{"level":"debug","message":"[AGG] DOGE/USDC: votes BUY=0.00 SELL=0.00 HOLD=3.00 total_weight=0.00 external=0","timestamp":"2026-06-02T00:00:20.182Z"}
{"level":"debug","message":"[AGG] DOGE/USDC: decision=HOLD confidence=0.00 tie=false belowMin=true (minConf=0.55)","timestamp":"2026-06-02T00:00:20.182Z"}
{"level":"debug","message":"[CYCLE] INJ/USDC: starting cycle, candles=733 lastClose=6.99000000 lastTs=2026-06-02T00:00:00.000Z","timestamp":"2026-06-02T00:00:20.205Z"}
{"level":"debug","message":"[AGG] INJ/USDC: strategy[0]=unknown → BUY conf=0.93 \"ADX 53.9 uptrend (+DI 26.9 > -DI 8.1)\"","timestamp":"2026-06-02T00:00:20.208Z"}
{"level":"debug","message":"[AGG] INJ/USDC: strategy[1]=unknown → HOLD conf=0.20 \"OBV above EMA-20 — no cross\"","timestamp":"2026-06-02T00:00:20.208Z"}
{"level":"debug","message":"[AGG] INJ/USDC: strategy[2]=unknown → HOLD conf=0.20 \"StochRSI K=78.3 D=67.4 — no extreme crossover\"","timestamp":"2026-06-02T00:00:20.208Z"}
{"level":"debug","message":"[AGG] INJ/USDC: votes BUY=1.00 SELL=0.00 HOLD=2.00 total_weight=1.00 external=0","timestamp":"2026-06-02T00:00:20.208Z"}
{"level":"debug","message":"[AGG] INJ/USDC: decision=HOLD confidence=2.00 tie=false belowMin=false (minConf=0.55)","timestamp":"2026-06-02T00:00:20.208Z"}
{"level":"debug","message":"[CYCLE] ETH/USDC: starting cycle, candles=733 lastClose=2004.98000000 lastTs=2026-06-02T00:00:00.000Z","timestamp":"2026-06-02T00:00:20.222Z"}
{"level":"debug","message":"[AGG] ETH/USDC: strategy[0]=unknown → HOLD conf=0.10 \"Supertrend downtrend continues (ST 2100.8333)\"","timestamp":"2026-06-02T00:00:20.224Z"}
{"level":"debug","message":"[AGG] ETH/USDC: strategy[1]=unknown → HOLD conf=0.20 \"MFI 38.5 neutral\"","timestamp":"2026-06-02T00:00:20.224Z"}
{"level":"debug","message":"[AGG] ETH/USDC: strategy[2]=unknown → HOLD conf=0.10 \"No significant S/R zone nearby\"","timestamp":"2026-06-02T00:00:20.224Z"}
{"level":"debug","message":"[AGG] ETH/USDC: votes BUY=0.00 SELL=0.00 HOLD=3.00 total_weight=0.00 external=0","timestamp":"2026-06-02T00:00:20.224Z"}
{"level":"debug","message":"[AGG] ETH/USDC: decision=HOLD confidence=0.00 tie=false belowMin=true (minConf=0.55)","timestamp":"2026-06-02T00:00:20.225Z"}
{"level":"debug","message":"[CYCLE] WLD/USDC: starting cycle, candles=733 lastClose=0.43750000 lastTs=2026-06-02T00:00:00.000Z","timestamp":"2026-06-02T00:00:20.243Z"}
{"level":"debug","message":"[AGG] WLD/USDC: strategy[0]=unknown → HOLD conf=0.20 \"Price 0.3744 inside BB [0.2506–0.3995]\"","timestamp":"2026-06-02T00:00:20.249Z"}
{"level":"debug","message":"[AGG] WLD/USDC: strategy[1]=unknown → SELL conf=0.62 \"CCI 105.1 overbought ↓ reversal confirmed\"","timestamp":"2026-06-02T00:00:20.249Z"}
{"level":"debug","message":"[AGG] WLD/USDC: strategy[2]=unknown → BUY conf=0.75 \"ADX 35.3 uptrend (+DI 45.3 > -DI 15.7)\"","timestamp":"2026-06-02T00:00:20.249Z"}
{"level":"debug","message":"[AGG] WLD/USDC: votes BUY=1.00 SELL=1.00 HOLD=1.00 total_weight=2.00 external=0","timestamp":"2026-06-02T00:00:20.249Z"}
{"level":"debug","message":"[AGG] WLD/USDC: decision=HOLD confidence=0.50 tie=true belowMin=true (minConf=0.55)","timestamp":"2026-06-02T00:00:20.249Z"}
{"level":"debug","message":"[CYCLE] PEPE/USDC: starting cycle, candles=733 lastClose=0.00000341 lastTs=2026-06-02T00:00:00.000Z","timestamp":"2026-06-02T00:00:20.263Z"}
{"level":"debug","message":"[AGG] PEPE/USDC: strategy[0]=unknown → HOLD conf=0.20 \"No EMA crossover (fast 0.0000 vs slow 0.0000)\"","timestamp":"2026-06-02T00:00:20.265Z"}
{"level":"debug","message":"[AGG] PEPE/USDC: strategy[1]=unknown → HOLD conf=0.10 \"Supertrend downtrend continues (ST 0.0000)\"","timestamp":"2026-06-02T00:00:20.265Z"}
{"level":"debug","message":"[AGG] PEPE/USDC: strategy[2]=unknown → HOLD conf=0.20 \"OBV below EMA-20 — no cross\"","timestamp":"2026-06-02T00:00:20.265Z"}
{"level":"debug","message":"[AGG] PEPE/USDC: votes BUY=0.00 SELL=0.00 HOLD=3.00 total_weight=0.00 external=0","timestamp":"2026-06-02T00:00:20.265Z"}
{"level":"debug","message":"[AGG] PEPE/USDC: decision=HOLD confidence=0.00 tie=false belowMin=true (minConf=0.55)","timestamp":"2026-06-02T00:00:20.265Z"}
{"level":"debug","message":"[CYCLE] TON/USDC: starting cycle, candles=733 lastClose=2.09600000 lastTs=2026-06-02T00:00:00.000Z","timestamp":"2026-06-02T00:00:20.285Z"}
{"level":"debug","message":"[AGG] TON/USDC: strategy[0]=unknown → HOLD conf=0.20 \"No EMA crossover (fast 1.8575 vs slow 1.8783)\"","timestamp":"2026-06-02T00:00:20.288Z"}
{"level":"debug","message":"[AGG] TON/USDC: strategy[1]=unknown → HOLD conf=0.20 \"OBV above EMA-20 — no cross\"","timestamp":"2026-06-02T00:00:20.289Z"}
{"level":"debug","message":"[AGG] TON/USDC: strategy[2]=unknown → SELL conf=0.56 \"StochRSI K=80.3 crossed below D=87.7 in overbought ↓\"","timestamp":"2026-06-02T00:00:20.289Z"}
{"level":"debug","message":"[AGG] TON/USDC: votes BUY=0.00 SELL=1.00 HOLD=2.00 total_weight=1.00 external=0","timestamp":"2026-06-02T00:00:20.289Z"}
{"level":"debug","message":"[AGG] TON/USDC: decision=HOLD confidence=2.00 tie=false belowMin=false (minConf=0.55)","timestamp":"2026-06-02T00:00:20.289Z"}
{"level":"debug","message":"[CYCLE] RENDER/USDC: starting cycle, candles=733 lastClose=2.12300000 lastTs=2026-06-02T00:00:00.000Z","timestamp":"2026-06-02T00:00:20.314Z"}
{"level":"debug","message":"[AGG] RENDER/USDC: strategy[0]=unknown → HOLD conf=0.20 \"No EMA crossover (fast 2.0552 vs slow 2.0264)\"","timestamp":"2026-06-02T00:00:20.317Z"}
{"level":"debug","message":"[AGG] RENDER/USDC: strategy[1]=unknown → HOLD conf=0.20 \"OBV above EMA-20 — no cross\"","timestamp":"2026-06-02T00:00:20.317Z"}
{"level":"debug","message":"[AGG] RENDER/USDC: strategy[2]=unknown → HOLD conf=0.51 \"%R -81.7 oversold — still falling, wait\"","timestamp":"2026-06-02T00:00:20.317Z"}
{"level":"debug","message":"[AGG] RENDER/USDC: votes BUY=0.00 SELL=0.00 HOLD=3.00 total_weight=0.00 external=0","timestamp":"2026-06-02T00:00:20.317Z"}
{"level":"debug","message":"[AGG] RENDER/USDC: decision=HOLD confidence=0.00 tie=false belowMin=true (minConf=0.55)","timestamp":"2026-06-02T00:00:20.317Z"}
{"level":"debug","message":"[CYCLE] ENA/USDC: starting cycle, candles=733 lastClose=0.08870000 lastTs=2026-06-02T00:00:00.000Z","timestamp":"2026-06-02T00:00:20.338Z"}
{"level":"debug","message":"[AGG] ENA/USDC: strategy[0]=unknown → HOLD conf=0.20 \"RSI 31.9 neutral\"","timestamp":"2026-06-02T00:00:20.346Z"}
{"level":"debug","message":"[AGG] ENA/USDC: strategy[1]=unknown → HOLD conf=0.20 \"Price 0.0860 inside BB [0.0811–0.1047]\"","timestamp":"2026-06-02T00:00:20.346Z"}
{"level":"debug","message":"[AGG] ENA/USDC: strategy[2]=unknown → HOLD conf=0.20 \"CCI -89.2 neutral\"","timestamp":"2026-06-02T00:00:20.346Z"}
{"level":"debug","message":"[AGG] ENA/USDC: votes BUY=0.00 SELL=0.00 HOLD=3.00 total_weight=0.00 external=0","timestamp":"2026-06-02T00:00:20.346Z"}
{"level":"debug","message":"[AGG] ENA/USDC: decision=HOLD confidence=0.00 tie=false belowMin=true (minConf=0.55)","timestamp":"2026-06-02T00:00:20.346Z"}
{"level":"debug","message":"[CYCLE] ICP/USDC: starting cycle, candles=733 lastClose=2.95000000 lastTs=2026-06-02T00:00:00.000Z","timestamp":"2026-06-02T00:00:20.349Z"}
{"level":"debug","message":"[AGG] ICP/USDC: strategy[0]=unknown → HOLD conf=0.20 \"RSI 55.3 neutral\"","timestamp":"2026-06-02T00:00:20.354Z"}
{"level":"debug","message":"[AGG] ICP/USDC: strategy[1]=unknown → HOLD conf=0.20 \"Price 2.7980 inside BB [2.4959–2.8675]\"","timestamp":"2026-06-02T00:00:20.354Z"}
{"level":"debug","message":"[AGG] ICP/USDC: strategy[2]=unknown → HOLD conf=0.20 \"Stoch K=43.6 D=34.0 — no crossover in extreme zone\"","timestamp":"2026-06-02T00:00:20.354Z"}
{"level":"debug","message":"[AGG] ICP/USDC: votes BUY=0.00 SELL=0.00 HOLD=3.00 total_weight=0.00 external=0","timestamp":"2026-06-02T00:00:20.354Z"}
{"level":"debug","message":"[AGG] ICP/USDC: decision=HOLD confidence=0.00 tie=false belowMin=true (minConf=0.55)","timestamp":"2026-06-02T00:00:20.355Z"}
{"level":"debug","message":"[CYCLE] APT/USDC: starting cycle, candles=733 lastClose=0.94200000 lastTs=2026-06-02T00:00:00.000Z","timestamp":"2026-06-02T00:00:20.365Z"}
{"level":"debug","message":"[AGG] APT/USDC: strategy[0]=unknown → HOLD conf=0.20 \"Price 0.9230 inside BB [0.9019–0.9887]\"","timestamp":"2026-06-02T00:00:20.369Z"}
{"level":"debug","message":"[AGG] APT/USDC: strategy[1]=unknown → HOLD conf=0.20 \"Stoch K=28.7 D=29.8 — no crossover in extreme zone\"","timestamp":"2026-06-02T00:00:20.369Z"}
{"level":"debug","message":"[AGG] APT/USDC: strategy[2]=unknown → HOLD conf=0.20 \"MFI 41.0 neutral\"","timestamp":"2026-06-02T00:00:20.369Z"}
{"level":"debug","message":"[AGG] APT/USDC: votes BUY=0.00 SELL=0.00 HOLD=3.00 total_weight=0.00 external=0","timestamp":"2026-06-02T00:00:20.369Z"}
{"level":"debug","message":"[AGG] APT/USDC: decision=HOLD confidence=0.00 tie=false belowMin=true (minConf=0.55)","timestamp":"2026-06-02T00:00:20.369Z"}
{"level":"debug","message":"[CYCLE] ARB/USDC: starting cycle, candles=733 lastClose=0.10230000 lastTs=2026-06-02T00:00:00.000Z","timestamp":"2026-06-02T00:00:20.383Z"}
{"level":"debug","message":"[AGG] ARB/USDC: strategy[0]=unknown → HOLD conf=0.20 \"RSI 34.2 neutral\"","timestamp":"2026-06-02T00:00:20.384Z"}
{"level":"debug","message":"[AGG] ARB/USDC: strategy[1]=unknown → HOLD conf=0.58 \"%R -95.3 oversold — still falling, wait\"","timestamp":"2026-06-02T00:00:20.384Z"}
{"level":"debug","message":"[AGG] ARB/USDC: strategy[2]=unknown → HOLD conf=0.15 \"HA bearish continuation\"","timestamp":"2026-06-02T00:00:20.384Z"}
{"level":"debug","message":"[AGG] ARB/USDC: votes BUY=0.00 SELL=0.00 HOLD=3.00 total_weight=0.00 external=0","timestamp":"2026-06-02T00:00:20.384Z"}
{"level":"debug","message":"[AGG] ARB/USDC: decision=HOLD confidence=0.00 tie=false belowMin=true (minConf=0.55)","timestamp":"2026-06-02T00:00:20.384Z"}
{"level":"debug","message":"[CYCLE] JUP/USDC: starting cycle, candles=733 lastClose=0.20230000 lastTs=2026-06-02T00:00:00.000Z","timestamp":"2026-06-02T00:00:20.407Z"}
{"level":"debug","message":"[AGG] JUP/USDC: strategy[0]=unknown → HOLD conf=0.20 \"Price 0.1958 inside BB [0.1715–0.2130]\"","timestamp":"2026-06-02T00:00:20.411Z"}
{"level":"debug","message":"[AGG] JUP/USDC: strategy[1]=unknown → HOLD conf=0.20 \"CCI 25.2 neutral\"","timestamp":"2026-06-02T00:00:20.411Z"}
{"level":"debug","message":"[AGG] JUP/USDC: strategy[2]=unknown → HOLD conf=0.20 \"OBV below EMA-20 — no cross\"","timestamp":"2026-06-02T00:00:20.411Z"}
{"level":"debug","message":"[AGG] JUP/USDC: votes BUY=0.00 SELL=0.00 HOLD=3.00 total_weight=0.00 external=0","timestamp":"2026-06-02T00:00:20.411Z"}
{"level":"debug","message":"[AGG] JUP/USDC: decision=HOLD confidence=0.00 tie=false belowMin=true (minConf=0.55)","timestamp":"2026-06-02T00:00:20.411Z"}
{"level":"debug","message":"[CYCLE] BTC/USDC: sizing positionPct=0.1170 (base=0.15 atr=0.036958685913389744 regime=on conf=0.00 macro=bear mtf=1.0)","timestamp":"2026-06-02T00:00:20.475Z"}
{"level":"info","message":"BTC/USDC: decision=HOLD confidence=0% price=71336.48000000 external_signals=0","timestamp":"2026-06-02T00:00:20.475Z"}
{"level":"info","message":"BTC/USDC: No EMA crossover (fast 73881.6395 vs slow 75102.4470) | PSAR downtrend continues (SAR 75272.9078) | HA bearish continuation","timestamp":"2026-06-02T00:00:20.476Z"}
{"level":"debug","message":"[CYCLE] XRP/USDC: sizing positionPct=0.0756 (base=0.15 atr=0.036958685913389744 regime=on conf=0.00 macro=bear mtf=1.0)","timestamp":"2026-06-02T00:00:20.673Z"}
{"level":"info","message":"XRP/USDC: decision=HOLD confidence=0% price=1.29560000 external_signals=0","timestamp":"2026-06-02T00:00:20.673Z"}
{"level":"info","message":"XRP/USDC: Price 1.3044 inside BB [1.2902–1.3714] | Stoch K=38.6 D=49.0 — no crossover in extreme zone | No EMA crossover (fast 1.3251 vs slow 1.3410)","timestamp":"2026-06-02T00:00:20.673Z"}
{"level":"debug","message":"[CYCLE] LINK/USDC: sizing positionPct=0.0648 (base=0.15 atr=0.036958685913389744 regime=on conf=0.00 macro=bear mtf=1.0)","timestamp":"2026-06-02T00:00:20.874Z"}
{"level":"info","message":"LINK/USDC: decision=HOLD confidence=0% price=9.05200000 external_signals=0","timestamp":"2026-06-02T00:00:20.875Z"}
{"level":"info","message":"LINK/USDC: Price 9.0070 inside BB [8.7676–9.6899] | Stoch K=27.5 D=28.7 — no crossover in extreme zone | Supertrend downtrend continues (ST 9.7378)","timestamp":"2026-06-02T00:00:20.875Z"}
{"level":"debug","message":"[CYCLE] BNB/USDC: sizing positionPct=0.0588 (base=0.15 atr=0.036958685913389744 regime=on conf=0.00 macro=bear mtf=1.0)","timestamp":"2026-06-02T00:00:21.064Z"}
{"level":"info","message":"BNB/USDC: decision=HOLD confidence=0% price=692.24000000 external_signals=0","timestamp":"2026-06-02T00:00:21.064Z"}
{"level":"info","message":"BNB/USDC: %R -40.6 neutral | HA bearish continuation | No significant S/R zone nearby","timestamp":"2026-06-02T00:00:21.064Z"}
{"level":"debug","message":"[CYCLE] LTC/USDC: sizing positionPct=0.1136 (base=0.15 atr=0.036958685913389744 regime=on conf=0.00 macro=bear mtf=1.0)","timestamp":"2026-06-02T00:00:21.268Z"}
{"level":"info","message":"LTC/USDC: decision=HOLD confidence=0% price=50.75000000 external_signals=0","timestamp":"2026-06-02T00:00:21.268Z"}
{"level":"info","message":"LTC/USDC: Price 51.0000 inside BB [50.6833–53.5717] | No EMA crossover (fast 51.8601 vs slow 52.6513) | %R -74.0 neutral","timestamp":"2026-06-02T00:00:21.268Z"}
{"level":"debug","message":"[CYCLE] NEAR/USDC: sizing positionPct=0.0292 (base=0.15 atr=0.036958685913389744 regime=on conf=0.00 macro=bear mtf=1.0)","timestamp":"2026-06-02T00:00:21.473Z"}
{"level":"info","message":"NEAR/USDC: decision=HOLD confidence=0% price=2.63400000 external_signals=0","timestamp":"2026-06-02T00:00:21.474Z"}
{"level":"info","message":"NEAR/USDC: RSI 54.7 neutral | Price 2.3230 inside BB [2.0835–2.7586] | Stoch K=14.4 D=10.7 — no crossover in extreme zone | No significant S/R zone nearby","timestamp":"2026-06-02T00:00:21.474Z"}
{"level":"debug","message":"[CYCLE] TRX/USDC: sizing positionPct=0.1170 (base=0.15 atr=0.036958685913389744 regime=on conf=0.00 macro=bear mtf=1.0)","timestamp":"2026-06-02T00:00:21.668Z"}
{"level":"info","message":"TRX/USDC: decision=HOLD confidence=0% price=0.34330000 external_signals=0","timestamp":"2026-06-02T00:00:21.669Z"}
{"level":"info","message":"TRX/USDC: CCI -57.7 neutral | Stoch K=27.3 D=29.2 — no crossover in extreme zone | StochRSI K=22.7 D=24.2 — no extreme crossover","timestamp":"2026-06-02T00:00:21.669Z"}
{"level":"debug","message":"[CYCLE] BCH/USDC: sizing positionPct=0.0495 (base=0.15 atr=0.036958685913389744 regime=on conf=0.00 macro=bear mtf=1.0)","timestamp":"2026-06-02T00:00:21.868Z"}
{"level":"info","message":"BCH/USDC: decision=HOLD confidence=0% price=293.60000000 external_signals=0","timestamp":"2026-06-02T00:00:21.868Z"}
{"level":"info","message":"BCH/USDC: Price 280.6000 inside BB [272.4956–373.6644] | OBV below EMA-20 — no cross | %R -99.6 oversold — still falling, wait","timestamp":"2026-06-02T00:00:21.869Z"}
{"level":"debug","message":"[CYCLE] ACH/USDC: sizing positionPct=0.0691 (base=0.15 atr=0.036958685913389744 regime=on conf=0.00 macro=bear mtf=1.0)","timestamp":"2026-06-02T00:00:22.073Z"}
{"level":"info","message":"ACH/USDC: decision=HOLD confidence=0% price=0.00623000 external_signals=0","timestamp":"2026-06-02T00:00:22.073Z"}
{"level":"info","message":"ACH/USDC: RSI 36.8 neutral | Price 0.0062 inside BB [0.0060–0.0067] | CCI -98.4 neutral","timestamp":"2026-06-02T00:00:22.073Z"}
{"level":"debug","message":"[CYCLE] CRV/USDC: sizing positionPct=0.1499 (base=0.15 atr=0.036958685913389744 regime=on conf=2.00 macro=bear mtf=1.0)","timestamp":"2026-06-02T00:00:22.266Z"}
{"level":"info","message":"CRV/USDC: decision=HOLD confidence=200% price=0.21580000 external_signals=0","timestamp":"2026-06-02T00:00:22.266Z"}
{"level":"info","message":"CRV/USDC: ADX 28.5 downtrend (-DI 23.8 > +DI 11.8) | StochRSI K=65.1 D=65.6 — no extreme crossover | No significant S/R zone nearby","timestamp":"2026-06-02T00:00:22.266Z"}
{"level":"debug","message":"[CYCLE] ENS/USDC: sizing positionPct=0.0239 (base=0.15 atr=0.036958685913389744 regime=on conf=0.00 macro=bear mtf=1.0)","timestamp":"2026-06-02T00:00:22.469Z"}
{"level":"info","message":"ENS/USDC: decision=HOLD confidence=0% price=5.81000000 external_signals=0","timestamp":"2026-06-02T00:00:22.469Z"}
{"level":"info","message":"ENS/USDC: Price 5.7400 inside BB [5.5700–6.4820] | PSAR uptrend continues (SAR 5.6644) | No significant S/R zone nearby","timestamp":"2026-06-02T00:00:22.470Z"}
{"level":"debug","message":"[CYCLE] GMX/USDC: sizing positionPct=0.0603 (base=0.15 atr=0.036958685913389744 regime=on conf=0.00 macro=bear mtf=1.0)","timestamp":"2026-06-02T00:00:22.672Z"}
{"level":"info","message":"GMX/USDC: decision=HOLD confidence=0% price=6.91000000 external_signals=0","timestamp":"2026-06-02T00:00:22.672Z"}
{"level":"info","message":"GMX/USDC: RSI 51.3 neutral | Price 6.6600 inside BB [6.0846–7.0014] | CCI 37.1 neutral","timestamp":"2026-06-02T00:00:22.672Z"}
{"level":"debug","message":"[CYCLE] LDO/USDC: sizing positionPct=0.1616 (base=0.15 atr=0.036958685913389744 regime=on conf=2.00 macro=bear mtf=1.0)","timestamp":"2026-06-02T00:00:22.875Z"}
{"level":"info","message":"LDO/USDC: decision=HOLD confidence=200% price=0.33220000 external_signals=0","timestamp":"2026-06-02T00:00:22.876Z"}
{"level":"info","message":"LDO/USDC: MACD -0.0100 vs signal -0.0107 hist:0.0007 | ADX 27.7 downtrend (-DI 25.3 > +DI 14.7) | %R -69.9 neutral","timestamp":"2026-06-02T00:00:22.876Z"}
{"level":"debug","message":"[CYCLE] JTO/USDC: sizing positionPct=0.0292 (base=0.15 atr=0.036958685913389744 regime=on conf=0.00 macro=bear mtf=1.0)","timestamp":"2026-06-02T00:00:23.065Z"}
{"level":"info","message":"JTO/USDC: decision=HOLD confidence=0% price=0.58100000 external_signals=0","timestamp":"2026-06-02T00:00:23.065Z"}
{"level":"info","message":"JTO/USDC: CCI 166.4 overbought — still rising, wait | PSAR downtrend continues (SAR 0.5565) | No significant S/R zone nearby","timestamp":"2026-06-02T00:00:23.066Z"}
{"level":"debug","message":"[CYCLE] LSK/USDC: sizing positionPct=0.0527 (base=0.15 atr=0.036958685913389744 regime=on conf=0.00 macro=bear mtf=1.0)","timestamp":"2026-06-02T00:00:23.273Z"}
{"level":"info","message":"LSK/USDC: decision=HOLD confidence=0% price=0.11100000 external_signals=0","timestamp":"2026-06-02T00:00:23.273Z"}
{"level":"info","message":"LSK/USDC: MACD -0.0028 vs signal -0.0031 hist:0.0003 | MFI 43.4 neutral | PSAR uptrend continues (SAR 0.1077)","timestamp":"2026-06-02T00:00:23.274Z"}
{"level":"debug","message":"[CYCLE] PAXG/USDC: sizing positionPct=0.1170 (base=0.15 atr=0.036958685913389744 regime=on conf=0.00 macro=bear mtf=1.0)","timestamp":"2026-06-02T00:00:23.478Z"}
{"level":"info","message":"PAXG/USDC: decision=HOLD confidence=0% price=4476.56000000 external_signals=0","timestamp":"2026-06-02T00:00:23.478Z"}
{"level":"info","message":"PAXG/USDC: MACD -11.7320 vs signal -17.5546 hist:5.8225 | ADX 17.9 < 20 — ranging, skip | Supertrend downtrend continues (ST 4568.4891)","timestamp":"2026-06-02T00:00:23.478Z"}
{"level":"debug","message":"[CYCLE] MANTA/USDC: sizing positionPct=0.0353 (base=0.15 atr=0.036958685913389744 regime=on conf=0.00 macro=bear mtf=1.0)","timestamp":"2026-06-02T00:00:23.674Z"}
{"level":"info","message":"MANTA/USDC: decision=HOLD confidence=0% price=0.07788000 external_signals=0","timestamp":"2026-06-02T00:00:23.674Z"}
{"level":"info","message":"MANTA/USDC: RSI 48.1 neutral | Price 0.0764 inside BB [0.0729–0.0822] | CCI -45.7 neutral","timestamp":"2026-06-02T00:00:23.675Z"}
{"level":"debug","message":"[CYCLE] THETA/USDC: sizing positionPct=0.0473 (base=0.15 atr=0.036958685913389744 regime=on conf=0.00 macro=bear mtf=1.0)","timestamp":"2026-06-02T00:00:23.869Z"}
{"level":"info","message":"THETA/USDC: decision=HOLD confidence=0% price=0.19300000 external_signals=0","timestamp":"2026-06-02T00:00:23.869Z"}
{"level":"info","message":"THETA/USDC: RSI 46.9 neutral | CCI 3.9 neutral | OBV below EMA-20 — no cross","timestamp":"2026-06-02T00:00:23.870Z"}
{"level":"debug","message":"[CYCLE] SUI/USDC: sizing positionPct=0.0416 (base=0.15 atr=0.036958685913389744 regime=on conf=0.00 macro=bear mtf=1.0)","timestamp":"2026-06-02T00:00:24.070Z"}
{"level":"debug","message":"[LIVE] SUI/USDC: checkRisk price=0.87870000 SL=0.83448000 TP=0.98380800 HWM=0.88160000 entry=0.87840000","timestamp":"2026-06-02T00:00:24.070Z"}
{"level":"info","message":"SUI/USDC: decision=HOLD confidence=0% price=0.87870000 external_signals=0","timestamp":"2026-06-02T00:00:24.070Z"}
{"level":"info","message":"SUI/USDC: RSI 29.6 oversold — still falling, wait | Stoch K=14.2 D=14.0 — no crossover in extreme zone | MFI 9.0 oversold — still falling, wait","timestamp":"2026-06-02T00:00:24.070Z"}
{"level":"debug","message":"[CYCLE] PIXEL/USDC: sizing positionPct=0.0443 (base=0.15 atr=0.036958685913389744 regime=on conf=0.00 macro=bear mtf=1.0)","timestamp":"2026-06-02T00:00:24.270Z"}
{"level":"info","message":"PIXEL/USDC: decision=HOLD confidence=0% price=0.00728000 external_signals=0","timestamp":"2026-06-02T00:00:24.270Z"}
{"level":"info","message":"PIXEL/USDC: No EMA crossover (fast 0.0069 vs slow 0.0069) | ADX 18.7 < 20 — ranging, skip | No significant S/R zone nearby","timestamp":"2026-06-02T00:00:24.270Z"}
{"level":"debug","message":"[CYCLE] TIA/USDC: sizing positionPct=0.0403 (base=0.15 atr=0.036958685913389744 regime=on conf=2.00 macro=bear mtf=1.0)","timestamp":"2026-06-02T00:00:24.473Z"}
{"level":"info","message":"TIA/USDC: decision=HOLD confidence=200% price=0.40000000 external_signals=0","timestamp":"2026-06-02T00:00:24.474Z"}
{"level":"info","message":"TIA/USDC: CCI -121.1 oversold ↑ reversal confirmed | MACD -0.0076 vs signal -0.0017 hist:-0.0059 | HA bearish continuation","timestamp":"2026-06-02T00:00:24.474Z"}
{"level":"debug","message":"[CYCLE] VANRY/USDC: sizing positionPct=0.0847 (base=0.15 atr=0.036958685913389744 regime=on conf=2.00 macro=bear mtf=1.0)","timestamp":"2026-06-02T00:00:24.664Z"}
{"level":"info","message":"VANRY/USDC: decision=HOLD confidence=200% price=0.00451400 external_signals=0","timestamp":"2026-06-02T00:00:24.665Z"}
{"level":"info","message":"VANRY/USDC: No EMA crossover (fast 0.0045 vs slow 0.0047) | MACD -0.0002 vs signal -0.0002 hist:0.0000 | ADX 27.9 downtrend (-DI 21.6 > +DI 13.2)","timestamp":"2026-06-02T00:00:24.665Z"}
{"level":"debug","message":"[CYCLE] SOL/USDC: sizing positionPct=0.0995 (base=0.15 atr=0.036958685913389744 regime=on conf=0.00 macro=bear mtf=1.0)","timestamp":"2026-06-02T00:00:24.874Z"}
{"level":"info","message":"SOL/USDC: decision=HOLD confidence=0% price=81.20000000 external_signals=0","timestamp":"2026-06-02T00:00:24.874Z"}
{"level":"info","message":"SOL/USDC: Price 80.8900 inside BB [79.6757–86.6533] | %R -84.1 oversold — still falling, wait | StochRSI K=20.8 D=31.2 — no extreme crossover","timestamp":"2026-06-02T00:00:24.874Z"}
{"level":"debug","message":"[CYCLE] ADA/USDC: sizing positionPct=0.0871 (base=0.15 atr=0.036958685913389744 regime=on conf=0.00 macro=bear mtf=1.0)","timestamp":"2026-06-02T00:00:25.075Z"}
{"level":"info","message":"ADA/USDC: decision=HOLD confidence=0% price=0.23090000 external_signals=0","timestamp":"2026-06-02T00:00:25.075Z"}
{"level":"info","message":"ADA/USDC: RSI 35.0 neutral | Price 0.2306 inside BB [0.2277–0.2478] | CCI -125.2 oversold — still falling, wait","timestamp":"2026-06-02T00:00:25.075Z"}
{"level":"debug","message":"[CYCLE] AVAX/USDC: sizing positionPct=0.0670 (base=0.15 atr=0.036958685913389744 regime=on conf=0.00 macro=bear mtf=1.0)","timestamp":"2026-06-02T00:00:25.276Z"}
{"level":"info","message":"AVAX/USDC: decision=HOLD confidence=0% price=8.92600000 external_signals=0","timestamp":"2026-06-02T00:00:25.276Z"}
{"level":"info","message":"AVAX/USDC: RSI 40.9 neutral | MACD -0.1339 vs signal -0.1270 hist:-0.0069 | PSAR downtrend continues (SAR 9.1633)","timestamp":"2026-06-02T00:00:25.277Z"}
{"level":"debug","message":"[CYCLE] DOGE/USDC: sizing positionPct=0.0925 (base=0.15 atr=0.036958685913389744 regime=on conf=0.00 macro=bear mtf=1.0)","timestamp":"2026-06-02T00:00:25.469Z"}
{"level":"info","message":"DOGE/USDC: decision=HOLD confidence=0% price=0.10096000 external_signals=0","timestamp":"2026-06-02T00:00:25.470Z"}
{"level":"info","message":"DOGE/USDC: No EMA crossover (fast 0.1004 vs slow 0.1018) | PSAR downtrend continues (SAR 0.1016) | HA flipped but prior streak too short (1 < 3)","timestamp":"2026-06-02T00:00:25.470Z"}
{"level":"debug","message":"[CYCLE] INJ/USDC: sizing positionPct=0.0805 (base=0.15 atr=0.036958685913389744 regime=on conf=2.00 macro=bear mtf=1.0)","timestamp":"2026-06-02T00:00:25.664Z"}
{"level":"info","message":"INJ/USDC: decision=HOLD confidence=200% price=6.99000000 external_signals=0","timestamp":"2026-06-02T00:00:25.664Z"}
{"level":"info","message":"INJ/USDC: ADX 53.9 uptrend (+DI 26.9 > -DI 8.1) | OBV above EMA-20 — no cross | StochRSI K=78.3 D=67.4 — no extreme crossover","timestamp":"2026-06-02T00:00:25.664Z"}
{"level":"debug","message":"[CYCLE] ETH/USDC: sizing positionPct=0.1043 (base=0.15 atr=0.036958685913389744 regime=on conf=0.00 macro=bear mtf=1.0)","timestamp":"2026-06-02T00:00:25.873Z"}
{"level":"info","message":"ETH/USDC: decision=HOLD confidence=0% price=2004.98000000 external_signals=0","timestamp":"2026-06-02T00:00:25.873Z"}
{"level":"info","message":"ETH/USDC: Supertrend downtrend continues (ST 2100.8333) | MFI 38.5 neutral | No significant S/R zone nearby","timestamp":"2026-06-02T00:00:25.874Z"}
{"level":"debug","message":"[CYCLE] WLD/USDC: sizing positionPct=0.0443 (base=0.15 atr=0.036958685913389744 regime=on conf=0.50 macro=bear mtf=1.0)","timestamp":"2026-06-02T00:00:26.066Z"}
{"level":"info","message":"WLD/USDC: decision=HOLD confidence=50% price=0.43750000 external_signals=0","timestamp":"2026-06-02T00:00:26.066Z"}
{"level":"info","message":"WLD/USDC: Price 0.3744 inside BB [0.2506–0.3995] | CCI 105.1 overbought ↓ reversal confirmed | ADX 35.3 uptrend (+DI 45.3 > -DI 15.7)","timestamp":"2026-06-02T00:00:26.066Z"}
{"level":"debug","message":"[CYCLE] PEPE/USDC: sizing positionPct=0.0679 (base=0.15 atr=0.036958685913389744 regime=on conf=0.00 macro=bear mtf=1.0)","timestamp":"2026-06-02T00:00:26.277Z"}
{"level":"info","message":"PEPE/USDC: decision=HOLD confidence=0% price=0.00000341 external_signals=0","timestamp":"2026-06-02T00:00:26.278Z"}
{"level":"info","message":"PEPE/USDC: No EMA crossover (fast 0.0000 vs slow 0.0000) | Supertrend downtrend continues (ST 0.0000) | OBV below EMA-20 — no cross","timestamp":"2026-06-02T00:00:26.278Z"}
{"level":"debug","message":"[CYCLE] TON/USDC: sizing positionPct=0.1103 (base=0.15 atr=0.036958685913389744 regime=on conf=2.00 macro=bear mtf=1.0)","timestamp":"2026-06-02T00:00:26.474Z"}
{"level":"info","message":"TON/USDC: decision=HOLD confidence=200% price=2.09600000 external_signals=0","timestamp":"2026-06-02T00:00:26.475Z"}
{"level":"info","message":"TON/USDC: No EMA crossover (fast 1.8575 vs slow 1.8783) | OBV above EMA-20 — no cross | StochRSI K=80.3 crossed below D=87.7 in overbought ↓","timestamp":"2026-06-02T00:00:26.475Z"}
{"level":"debug","message":"[CYCLE] RENDER/USDC: sizing positionPct=0.0282 (base=0.15 atr=0.036958685913389744 regime=on conf=0.00 macro=bear mtf=1.0)","timestamp":"2026-06-02T00:00:26.667Z"}
{"level":"info","message":"RENDER/USDC: decision=HOLD confidence=0% price=2.12300000 external_signals=0","timestamp":"2026-06-02T00:00:26.667Z"}
{"level":"info","message":"RENDER/USDC: No EMA crossover (fast 2.0552 vs slow 2.0264) | OBV above EMA-20 — no cross | %R -81.7 oversold — still falling, wait","timestamp":"2026-06-02T00:00:26.668Z"}
{"level":"debug","message":"[CYCLE] ENA/USDC: sizing positionPct=0.0439 (base=0.15 atr=0.036958685913389744 regime=on conf=0.00 macro=bear mtf=1.0)","timestamp":"2026-06-02T00:00:26.873Z"}
{"level":"info","message":"ENA/USDC: decision=HOLD confidence=0% price=0.08870000 external_signals=0","timestamp":"2026-06-02T00:00:26.874Z"}
{"level":"info","message":"ENA/USDC: RSI 31.9 neutral | Price 0.0860 inside BB [0.0811–0.1047] | CCI -89.2 neutral","timestamp":"2026-06-02T00:00:26.874Z"}
{"level":"debug","message":"[CYCLE] ICP/USDC: sizing positionPct=0.0138 (base=0.15 atr=0.036958685913389744 regime=on conf=0.00 macro=bear mtf=1.0)","timestamp":"2026-06-02T00:00:27.073Z"}
{"level":"info","message":"ICP/USDC: decision=HOLD confidence=0% price=2.95000000 external_signals=0","timestamp":"2026-06-02T00:00:27.073Z"}
{"level":"info","message":"ICP/USDC: RSI 55.3 neutral | Price 2.7980 inside BB [2.4959–2.8675] | Stoch K=43.6 D=34.0 — no crossover in extreme zone","timestamp":"2026-06-02T00:00:27.073Z"}
{"level":"debug","message":"[CYCLE] APT/USDC: sizing positionPct=0.0210 (base=0.15 atr=0.036958685913389744 regime=on conf=0.00 macro=bear mtf=1.0)","timestamp":"2026-06-02T00:00:27.274Z"}
{"level":"info","message":"APT/USDC: decision=HOLD confidence=0% price=0.94200000 external_signals=0","timestamp":"2026-06-02T00:00:27.274Z"}
{"level":"info","message":"APT/USDC: Price 0.9230 inside BB [0.9019–0.9887] | Stoch K=28.7 D=29.8 — no crossover in extreme zone | MFI 41.0 neutral","timestamp":"2026-06-02T00:00:27.275Z"}
{"level":"debug","message":"[CYCLE] ARB/USDC: sizing positionPct=0.0572 (base=0.15 atr=0.036958685913389744 regime=on conf=0.00 macro=bear mtf=1.0)","timestamp":"2026-06-02T00:00:27.471Z"}
{"level":"info","message":"ARB/USDC: decision=HOLD confidence=0% price=0.10230000 external_signals=0","timestamp":"2026-06-02T00:00:27.471Z"}
{"level":"info","message":"ARB/USDC: RSI 34.2 neutral | %R -95.3 oversold — still falling, wait | HA bearish continuation","timestamp":"2026-06-02T00:00:27.471Z"}
{"level":"debug","message":"[CYCLE] JUP/USDC: sizing positionPct=0.0196 (base=0.15 atr=0.036958685913389744 regime=on conf=0.00 macro=bear mtf=1.0)","timestamp":"2026-06-02T00:00:27.672Z"}
{"level":"debug","message":"[LIVE] JUP/USDC: checkRisk price=0.20230000 SL=0.18897720 TP=0.22254800 HWM=0.18860000 entry=0.18860000","timestamp":"2026-06-02T00:00:27.672Z"}
{"level":"info","message":"JUP/USDC: decision=HOLD confidence=0% price=0.20230000 external_signals=0","timestamp":"2026-06-02T00:00:27.672Z"}
{"level":"info","message":"JUP/USDC: Price 0.1958 inside BB [0.1715–0.2130] | CCI 25.2 neutral | OBV below EMA-20 — no cross","timestamp":"2026-06-02T00:00:27.673Z"}
{"level":"info","message":"BTC/USDC: live balance=14.82 pnl=0.00 open_positions=2 daily_pnl=0.00 blocked=false","timestamp":"2026-06-02T00:00:27.872Z"}
{"level":"info","message":"XRP/USDC: live balance=14.82 pnl=0.00 open_positions=2 daily_pnl=0.00 blocked=false","timestamp":"2026-06-02T00:00:28.069Z"}
{"level":"info","message":"LINK/USDC: live balance=14.82 pnl=0.00 open_positions=2 daily_pnl=0.00 blocked=false","timestamp":"2026-06-02T00:00:28.267Z"}
{"level":"info","message":"BNB/USDC: live balance=14.82 pnl=0.00 open_positions=2 daily_pnl=0.00 blocked=false","timestamp":"2026-06-02T00:00:28.467Z"}
{"level":"info","message":"LTC/USDC: live balance=14.82 pnl=0.00 open_positions=2 daily_pnl=0.00 blocked=false","timestamp":"2026-06-02T00:00:28.663Z"}
{"level":"info","message":"NEAR/USDC: live balance=14.82 pnl=0.00 open_positions=2 daily_pnl=0.00 blocked=false","timestamp":"2026-06-02T00:00:28.869Z"}
{"level":"info","message":"TRX/USDC: live balance=14.82 pnl=0.00 open_positions=2 daily_pnl=0.00 blocked=false","timestamp":"2026-06-02T00:00:29.074Z"}
{"level":"info","message":"BCH/USDC: live balance=14.82 pnl=0.00 open_positions=2 daily_pnl=0.00 blocked=false","timestamp":"2026-06-02T00:00:29.266Z"}
{"level":"info","message":"ACH/USDC: live balance=14.82 pnl=0.00 open_positions=2 daily_pnl=0.00 blocked=false","timestamp":"2026-06-02T00:00:29.472Z"}
{"level":"info","message":"CRV/USDC: live balance=14.82 pnl=0.00 open_positions=2 daily_pnl=0.00 blocked=false","timestamp":"2026-06-02T00:00:29.664Z"}
{"level":"info","message":"ENS/USDC: live balance=14.82 pnl=0.00 open_positions=2 daily_pnl=0.00 blocked=false","timestamp":"2026-06-02T00:00:29.866Z"}
{"level":"info","message":"GMX/USDC: live balance=14.82 pnl=0.00 open_positions=2 daily_pnl=0.00 blocked=false","timestamp":"2026-06-02T00:00:30.075Z"}
{"level":"info","message":"LDO/USDC: live balance=14.82 pnl=0.00 open_positions=2 daily_pnl=0.00 blocked=false","timestamp":"2026-06-02T00:00:30.265Z"}
{"level":"info","message":"JTO/USDC: live balance=14.82 pnl=0.00 open_positions=2 daily_pnl=0.00 blocked=false","timestamp":"2026-06-02T00:00:30.474Z"}
{"level":"info","message":"LSK/USDC: live balance=14.82 pnl=0.00 open_positions=2 daily_pnl=0.00 blocked=false","timestamp":"2026-06-02T00:00:30.671Z"}
{"level":"info","message":"PAXG/USDC: live balance=14.82 pnl=0.00 open_positions=2 daily_pnl=0.00 blocked=false","timestamp":"2026-06-02T00:00:30.867Z"}
{"level":"info","message":"MANTA/USDC: live balance=14.82 pnl=0.00 open_positions=2 daily_pnl=0.00 blocked=false","timestamp":"2026-06-02T00:00:31.078Z"}
{"level":"info","message":"THETA/USDC: live balance=14.82 pnl=0.00 open_positions=2 daily_pnl=0.00 blocked=false","timestamp":"2026-06-02T00:00:31.277Z"}
{"level":"info","message":"SUI/USDC: live balance=14.82 pnl=0.00 open_positions=2 daily_pnl=0.00 blocked=false","timestamp":"2026-06-02T00:00:31.664Z"}
{"level":"info","message":"PIXEL/USDC: live balance=14.82 pnl=0.00 open_positions=2 daily_pnl=0.00 blocked=false","timestamp":"2026-06-02T00:00:31.863Z"}
{"level":"info","message":"TIA/USDC: live balance=14.82 pnl=0.00 open_positions=2 daily_pnl=0.00 blocked=false","timestamp":"2026-06-02T00:00:32.078Z"}
{"level":"info","message":"VANRY/USDC: live balance=14.82 pnl=0.00 open_positions=2 daily_pnl=0.00 blocked=false","timestamp":"2026-06-02T00:00:32.275Z"}
{"level":"info","message":"SOL/USDC: live balance=14.82 pnl=0.00 open_positions=2 daily_pnl=0.00 blocked=false","timestamp":"2026-06-02T00:00:32.467Z"}
{"level":"info","message":"ADA/USDC: live balance=14.82 pnl=0.00 open_positions=2 daily_pnl=0.00 blocked=false","timestamp":"2026-06-02T00:00:32.663Z"}
{"level":"info","message":"AVAX/USDC: live balance=14.82 pnl=0.00 open_positions=2 daily_pnl=0.00 blocked=false","timestamp":"2026-06-02T00:00:32.873Z"}
{"level":"info","message":"DOGE/USDC: live balance=14.82 pnl=0.00 open_positions=2 daily_pnl=0.00 blocked=false","timestamp":"2026-06-02T00:00:33.064Z"}
{"level":"info","message":"INJ/USDC: live balance=14.82 pnl=0.00 open_positions=2 daily_pnl=0.00 blocked=false","timestamp":"2026-06-02T00:00:33.274Z"}
{"level":"info","message":"ETH/USDC: live balance=14.82 pnl=0.00 open_positions=2 daily_pnl=0.00 blocked=false","timestamp":"2026-06-02T00:00:33.464Z"}
{"level":"info","message":"WLD/USDC: live balance=14.82 pnl=0.00 open_positions=2 daily_pnl=0.00 blocked=false","timestamp":"2026-06-02T00:00:33.665Z"}
{"level":"info","message":"PEPE/USDC: live balance=14.82 pnl=0.00 open_positions=2 daily_pnl=0.00 blocked=false","timestamp":"2026-06-02T00:00:33.875Z"}
{"level":"info","message":"TON/USDC: live balance=14.82 pnl=0.00 open_positions=2 daily_pnl=0.00 blocked=false","timestamp":"2026-06-02T00:00:34.070Z"}
{"level":"info","message":"ENA/USDC: live balance=14.82 pnl=0.00 open_positions=2 daily_pnl=0.00 blocked=false","timestamp":"2026-06-02T00:00:34.475Z"}
{"level":"info","message":"ICP/USDC: live balance=14.82 pnl=0.00 open_positions=2 daily_pnl=0.00 blocked=false","timestamp":"2026-06-02T00:00:34.678Z"}
{"level":"info","message":"RENDER/USDC: live balance=14.82 pnl=0.00 open_positions=2 daily_pnl=0.00 blocked=false","timestamp":"2026-06-02T00:00:34.730Z"}
{"level":"info","message":"APT/USDC: live balance=14.82 pnl=0.00 open_positions=2 daily_pnl=0.00 blocked=false","timestamp":"2026-06-02T00:00:34.874Z"}
{"level":"info","message":"ARB/USDC: live balance=14.82 pnl=0.00 open_positions=2 daily_pnl=0.00 blocked=false","timestamp":"2026-06-02T00:00:35.079Z"}
{"level":"info","message":"JUP/USDC: live balance=14.82 pnl=0.00 open_positions=2 daily_pnl=0.00 blocked=false","timestamp":"2026-06-02T00:00:35.267Z"}
{"level":"debug","message":"[RISK-LOOP] checking 2 open position(s)","timestamp":"2026-06-02T00:00:39.640Z"}
{"level":"debug","message":"[LIVE] SUI/USDC: checkRisk price=0.87850000 SL=0.83448000 TP=0.98380800 HWM=0.88160000 entry=0.87840000","timestamp":"2026-06-02T00:00:39.902Z"}
{"level":"debug","message":"[LIVE] JUP/USDC: checkRisk price=0.20210000 SL=0.18897720 TP=0.22254800 HWM=0.18860000 entry=0.18860000","timestamp":"2026-06-02T00:00:40.167Z"}
{"level":"debug","message":"[RISK-LOOP] checking 2 open position(s)","timestamp":"2026-06-02T00:02:39.705Z"}
{"level":"debug","message":"[LIVE] SUI/USDC: checkRisk price=0.87870000 SL=0.83448000 TP=0.98380800 HWM=0.88160000 entry=0.87840000","timestamp":"2026-06-02T00:02:39.970Z"}
{"level":"debug","message":"[LIVE] JUP/USDC: checkRisk price=0.20210000 SL=0.18897720 TP=0.22254800 HWM=0.18860000 entry=0.18860000","timestamp":"2026-06-02T00:02:40.233Z"}
{"level":"info","message":"[MTF-CACHE] 15m refresh complete: 37/37 symbols","timestamp":"2026-06-02T00:02:59.101Z"}
{"level":"debug","message":"[RISK-LOOP] checking 2 open position(s)","timestamp":"2026-06-02T00:04:39.650Z"}
{"level":"debug","message":"[LIVE] SUI/USDC: checkRisk price=0.87910000 SL=0.83448000 TP=0.98380800 HWM=0.88160000 entry=0.87840000","timestamp":"2026-06-02T00:04:39.913Z"}
{"level":"debug","message":"[LIVE] JUP/USDC: checkRisk price=0.20210000 SL=0.18897720 TP=0.22254800 HWM=0.18860000 entry=0.18860000","timestamp":"2026-06-02T00:04:40.175Z"}
{"level":"debug","message":"[RISK-LOOP] checking 2 open position(s)","timestamp":"2026-06-02T00:06:39.657Z"}
{"level":"debug","message":"[LIVE] SUI/USDC: checkRisk price=0.87820000 SL=0.83448000 TP=0.98380800 HWM=0.88160000 entry=0.87840000","timestamp":"2026-06-02T00:06:39.918Z"}
{"level":"debug","message":"[LIVE] JUP/USDC: checkRisk price=0.20240000 SL=0.18897720 TP=0.22254800 HWM=0.18860000 entry=0.18860000","timestamp":"2026-06-02T00:06:40.181Z"}
{"level":"debug","message":"[RISK-LOOP] checking 2 open position(s)","timestamp":"2026-06-02T00:08:39.475Z"}
{"level":"debug","message":"[LIVE] SUI/USDC: checkRisk price=0.87750000 SL=0.83448000 TP=0.98380800 HWM=0.88160000 entry=0.87840000","timestamp":"2026-06-02T00:08:39.920Z"}
{"level":"debug","message":"[LIVE] JUP/USDC: checkRisk price=0.20270000 SL=0.18897720 TP=0.22254800 HWM=0.18860000 entry=0.18860000","timestamp":"2026-06-02T00:08:40.181Z"}
{"level":"debug","message":"[RISK-LOOP] checking 2 open position(s)","timestamp":"2026-06-02T00:10:39.475Z"}
{"level":"debug","message":"[LIVE] SUI/USDC: checkRisk price=0.87630000 SL=0.83448000 TP=0.98380800 HWM=0.88160000 entry=0.87840000","timestamp":"2026-06-02T00:10:39.907Z"}
{"level":"debug","message":"[LIVE] JUP/USDC: checkRisk price=0.20260000 SL=0.18897720 TP=0.22254800 HWM=0.18860000 entry=0.18860000","timestamp":"2026-06-02T00:10:40.169Z"}
{"level":"debug","message":"[RISK-LOOP] checking 2 open position(s)","timestamp":"2026-06-02T00:12:39.646Z"}
{"level":"debug","message":"[LIVE] SUI/USDC: checkRisk price=0.87710000 SL=0.83448000 TP=0.98380800 HWM=0.88160000 entry=0.87840000","timestamp":"2026-06-02T00:12:40.089Z"}
{"level":"debug","message":"[LIVE] JUP/USDC: checkRisk price=0.20290000 SL=0.18897720 TP=0.22254800 HWM=0.18860000 entry=0.18860000","timestamp":"2026-06-02T00:12:40.354Z"}
{"level":"debug","message":"[RISK-LOOP] checking 2 open position(s)","timestamp":"2026-06-02T00:14:39.480Z"}
{"level":"debug","message":"[LIVE] SUI/USDC: checkRisk price=0.87600000 SL=0.83448000 TP=0.98380800 HWM=0.88160000 entry=0.87840000","timestamp":"2026-06-02T00:14:40.030Z"}
{"level":"debug","message":"[LIVE] JUP/USDC: checkRisk price=0.20320000 SL=0.18897720 TP=0.22254800 HWM=0.18860000 entry=0.18860000","timestamp":"2026-06-02T00:14:40.293Z"}
{"level":"debug","message":"[RISK-LOOP] checking 2 open position(s)","timestamp":"2026-06-02T00:16:39.482Z"}
{"level":"debug","message":"[LIVE] SUI/USDC: checkRisk price=0.87490000 SL=0.83448000 TP=0.98380800 HWM=0.88160000 entry=0.87840000","timestamp":"2026-06-02T00:16:40.086Z"}
{"level":"debug","message":"[LIVE] JUP/USDC: checkRisk price=0.20320000 SL=0.18897720 TP=0.22254800 HWM=0.18860000 entry=0.18860000","timestamp":"2026-06-02T00:16:40.351Z"}
{"level":"info","message":"[MTF-CACHE] 15m refresh complete: 37/37 symbols","timestamp":"2026-06-02T00:17:59.095Z"}
{"level":"debug","message":"[RISK-LOOP] checking 2 open position(s)","timestamp":"2026-06-02T00:18:39.474Z"}
{"level":"debug","message":"[LIVE] SUI/USDC: checkRisk price=0.87470000 SL=0.83448000 TP=0.98380800 HWM=0.88160000 entry=0.87840000","timestamp":"2026-06-02T00:18:39.913Z"}
{"level":"debug","message":"[LIVE] JUP/USDC: checkRisk price=0.20350000 SL=0.18897720 TP=0.22254800 HWM=0.18860000 entry=0.18860000","timestamp":"2026-06-02T00:18:40.355Z"}
{"level":"debug","message":"[RISK-LOOP] checking 2 open position(s)","timestamp":"2026-06-02T00:20:39.487Z"}
{"level":"debug","message":"[LIVE] SUI/USDC: checkRisk price=0.87390000 SL=0.83448000 TP=0.98380800 HWM=0.88160000 entry=0.87840000","timestamp":"2026-06-02T00:20:39.930Z"}
{"level":"debug","message":"[LIVE] JUP/USDC: checkRisk price=0.20200000 SL=0.18897720 TP=0.22254800 HWM=0.18860000 entry=0.18860000","timestamp":"2026-06-02T00:20:40.371Z"}
{"level":"debug","message":"[RISK-LOOP] checking 2 open position(s)","timestamp":"2026-06-02T00:22:39.666Z"}
{"level":"debug","message":"[LIVE] SUI/USDC: checkRisk price=0.87420000 SL=0.83448000 TP=0.98380800 HWM=0.88160000 entry=0.87840000","timestamp":"2026-06-02T00:22:40.110Z"}
{"level":"debug","message":"[LIVE] JUP/USDC: checkRisk price=0.20270000 SL=0.18897720 TP=0.22254800 HWM=0.18860000 entry=0.18860000","timestamp":"2026-06-02T00:22:40.372Z"}
{"level":"debug","message":"[RISK-LOOP] checking 2 open position(s)","timestamp":"2026-06-02T00:24:39.480Z"}
{"level":"debug","message":"[LIVE] SUI/USDC: checkRisk price=0.87270000 SL=0.83448000 TP=0.98380800 HWM=0.88160000 entry=0.87840000","timestamp":"2026-06-02T00:24:39.922Z"}
{"level":"debug","message":"[LIVE] JUP/USDC: checkRisk price=0.20270000 SL=0.18897720 TP=0.22254800 HWM=0.18860000 entry=0.18860000","timestamp":"2026-06-02T00:24:40.365Z"}
{"level":"debug","message":"[RISK-LOOP] checking 2 open position(s)","timestamp":"2026-06-02T00:26:39.486Z"}
{"level":"debug","message":"[LIVE] SUI/USDC: checkRisk price=0.87260000 SL=0.83448000 TP=0.98380800 HWM=0.88160000 entry=0.87840000","timestamp":"2026-06-02T00:26:39.931Z"}
{"level":"debug","message":"[LIVE] JUP/USDC: checkRisk price=0.20250000 SL=0.18897720 TP=0.22254800 HWM=0.18860000 entry=0.18860000","timestamp":"2026-06-02T00:26:40.374Z"}
{"level":"debug","message":"[RISK-LOOP] checking 2 open position(s)","timestamp":"2026-06-02T00:28:39.481Z"}
{"level":"debug","message":"[LIVE] SUI/USDC: checkRisk price=0.87310000 SL=0.83448000 TP=0.98380800 HWM=0.88160000 entry=0.87840000","timestamp":"2026-06-02T00:28:39.921Z"}
{"level":"debug","message":"[LIVE] JUP/USDC: checkRisk price=0.20310000 SL=0.18897720 TP=0.22254800 HWM=0.18860000 entry=0.18860000","timestamp":"2026-06-02T00:28:40.362Z"}
{"level":"debug","message":"[RISK-LOOP] checking 2 open position(s)","timestamp":"2026-06-02T00:30:39.488Z"}
{"level":"debug","message":"[LIVE] SUI/USDC: checkRisk price=0.87370000 SL=0.83448000 TP=0.98380800 HWM=0.88160000 entry=0.87840000","timestamp":"2026-06-02T00:30:39.932Z"}
{"level":"debug","message":"[LIVE] JUP/USDC: checkRisk price=0.20360000 SL=0.18897720 TP=0.22254800 HWM=0.18860000 entry=0.18860000","timestamp":"2026-06-02T00:30:40.376Z"}
{"level":"debug","message":"[RISK-LOOP] checking 2 open position(s)","timestamp":"2026-06-02T00:32:39.667Z"}
{"level":"debug","message":"[LIVE] SUI/USDC: checkRisk price=0.87350000 SL=0.83448000 TP=0.98380800 HWM=0.88160000 entry=0.87840000","timestamp":"2026-06-02T00:32:39.930Z"}
{"level":"debug","message":"[LIVE] JUP/USDC: checkRisk price=0.20290000 SL=0.18897720 TP=0.22254800 HWM=0.18860000 entry=0.18860000","timestamp":"2026-06-02T00:32:40.371Z"}
{"level":"info","message":"[MTF-CACHE] 15m refresh complete: 37/37 symbols","timestamp":"2026-06-02T00:32:59.108Z"}
{"level":"debug","message":"[RISK-LOOP] checking 2 open position(s)","timestamp":"2026-06-02T00:34:39.492Z"}
{"level":"debug","message":"[LIVE] SUI/USDC: checkRisk price=0.87330000 SL=0.83448000 TP=0.98380800 HWM=0.88160000 entry=0.87840000","timestamp":"2026-06-02T00:34:39.934Z"}
{"level":"debug","message":"[LIVE] JUP/USDC: checkRisk price=0.20270000 SL=0.18897720 TP=0.22254800 HWM=0.18860000 entry=0.18860000","timestamp":"2026-06-02T00:34:40.196Z"}
{"level":"debug","message":"[RISK-LOOP] checking 2 open position(s)","timestamp":"2026-06-02T00:36:39.491Z"}
{"level":"debug","message":"[LIVE] SUI/USDC: checkRisk price=0.87460000 SL=0.83448000 TP=0.98380800 HWM=0.88160000 entry=0.87840000","timestamp":"2026-06-02T00:36:39.932Z"}
{"level":"debug","message":"[LIVE] JUP/USDC: checkRisk price=0.20320000 SL=0.18897720 TP=0.22254800 HWM=0.18860000 entry=0.18860000","timestamp":"2026-06-02T00:36:40.193Z"}
{"level":"debug","message":"[RISK-LOOP] checking 2 open position(s)","timestamp":"2026-06-02T00:38:39.499Z"}
{"level":"debug","message":"[LIVE] SUI/USDC: checkRisk price=0.87330000 SL=0.83448000 TP=0.98380800 HWM=0.88160000 entry=0.87840000","timestamp":"2026-06-02T00:38:39.946Z"}
{"level":"debug","message":"[LIVE] JUP/USDC: checkRisk price=0.20210000 SL=0.18897720 TP=0.22254800 HWM=0.18860000 entry=0.18860000","timestamp":"2026-06-02T00:38:40.206Z"}
{"level":"debug","message":"[RISK-LOOP] checking 2 open position(s)","timestamp":"2026-06-02T00:40:39.489Z"}
{"level":"debug","message":"[LIVE] SUI/USDC: checkRisk price=0.87200000 SL=0.83448000 TP=0.98380800 HWM=0.88160000 entry=0.87840000","timestamp":"2026-06-02T00:40:39.933Z"}
{"level":"debug","message":"[LIVE] JUP/USDC: checkRisk price=0.20200000 SL=0.18897720 TP=0.22254800 HWM=0.18860000 entry=0.18860000","timestamp":"2026-06-02T00:40:40.193Z"}
{"level":"debug","message":"[RISK-LOOP] checking 2 open position(s)","timestamp":"2026-06-02T00:42:39.678Z"}
{"level":"debug","message":"[LIVE] SUI/USDC: checkRisk price=0.87130000 SL=0.83448000 TP=0.98380800 HWM=0.88160000 entry=0.87840000","timestamp":"2026-06-02T00:42:39.941Z"}
{"level":"debug","message":"[LIVE] JUP/USDC: checkRisk price=0.20160000 SL=0.18897720 TP=0.22254800 HWM=0.18860000 entry=0.18860000","timestamp":"2026-06-02T00:42:40.201Z"}
{"level":"debug","message":"[RISK-LOOP] checking 2 open position(s)","timestamp":"2026-06-02T00:44:39.510Z"}
{"level":"debug","message":"[LIVE] SUI/USDC: checkRisk price=0.87210000 SL=0.83448000 TP=0.98380800 HWM=0.88160000 entry=0.87840000","timestamp":"2026-06-02T00:44:39.952Z"}
{"level":"debug","message":"[LIVE] JUP/USDC: checkRisk price=0.20190000 SL=0.18897720 TP=0.22254800 HWM=0.18860000 entry=0.18860000","timestamp":"2026-06-02T00:44:40.212Z"}
{"level":"debug","message":"[RISK-LOOP] checking 2 open position(s)","timestamp":"2026-06-02T00:46:39.502Z"}
{"level":"debug","message":"[LIVE] SUI/USDC: checkRisk price=0.87180000 SL=0.83448000 TP=0.98380800 HWM=0.88160000 entry=0.87840000","timestamp":"2026-06-02T00:46:39.944Z"}
{"level":"debug","message":"[LIVE] JUP/USDC: checkRisk price=0.20180000 SL=0.18897720 TP=0.22254800 HWM=0.18860000 entry=0.18860000","timestamp":"2026-06-02T00:46:40.210Z"}
{"level":"info","message":"[MTF-CACHE] 15m refresh complete: 37/37 symbols","timestamp":"2026-06-02T00:47:59.570Z"}
{"level":"debug","message":"[RISK-LOOP] checking 2 open position(s)","timestamp":"2026-06-02T00:48:39.495Z"}
{"level":"debug","message":"[LIVE] SUI/USDC: checkRisk price=0.87190000 SL=0.83448000 TP=0.98380800 HWM=0.88160000 entry=0.87840000","timestamp":"2026-06-02T00:48:39.938Z"}
{"level":"debug","message":"[LIVE] JUP/USDC: checkRisk price=0.20200000 SL=0.18897720 TP=0.22254800 HWM=0.18860000 entry=0.18860000","timestamp":"2026-06-02T00:48:40.200Z"}
{"level":"debug","message":"[RISK-LOOP] checking 2 open position(s)","timestamp":"2026-06-02T00:50:39.503Z"}
{"level":"debug","message":"[LIVE] SUI/USDC: checkRisk price=0.87310000 SL=0.83448000 TP=0.98380800 HWM=0.88160000 entry=0.87840000","timestamp":"2026-06-02T00:50:39.944Z"}
{"level":"debug","message":"[LIVE] JUP/USDC: checkRisk price=0.20210000 SL=0.18897720 TP=0.22254800 HWM=0.18860000 entry=0.18860000","timestamp":"2026-06-02T00:50:40.205Z"}
{"level":"debug","message":"[RISK-LOOP] checking 2 open position(s)","timestamp":"2026-06-02T00:52:39.680Z"}
{"level":"debug","message":"[LIVE] SUI/USDC: checkRisk price=0.87230000 SL=0.83448000 TP=0.98380800 HWM=0.88160000 entry=0.87840000","timestamp":"2026-06-02T00:52:39.943Z"}
{"level":"debug","message":"[LIVE] JUP/USDC: checkRisk price=0.20210000 SL=0.18897720 TP=0.22254800 HWM=0.18860000 entry=0.18860000","timestamp":"2026-06-02T00:52:40.204Z"}
{"level":"debug","message":"[RISK-LOOP] checking 2 open position(s)","timestamp":"2026-06-02T00:54:39.504Z"}
{"level":"debug","message":"[LIVE] SUI/USDC: checkRisk price=0.87380000 SL=0.83448000 TP=0.98380800 HWM=0.88160000 entry=0.87840000","timestamp":"2026-06-02T00:54:39.945Z"}
{"level":"debug","message":"[LIVE] JUP/USDC: checkRisk price=0.20260000 SL=0.18897720 TP=0.22254800 HWM=0.18860000 entry=0.18860000","timestamp":"2026-06-02T00:54:40.205Z"}
{"level":"debug","message":"[RISK-LOOP] checking 2 open position(s)","timestamp":"2026-06-02T00:56:39.509Z"}
{"level":"debug","message":"[LIVE] SUI/USDC: checkRisk price=0.87300000 SL=0.83448000 TP=0.98380800 HWM=0.88160000 entry=0.87840000","timestamp":"2026-06-02T00:56:39.952Z"}
{"level":"debug","message":"[LIVE] JUP/USDC: checkRisk price=0.20200000 SL=0.18897720 TP=0.22254800 HWM=0.18860000 entry=0.18860000","timestamp":"2026-06-02T00:56:40.213Z"}
{"level":"debug","message":"[RISK-LOOP] checking 2 open position(s)","timestamp":"2026-06-02T00:58:39.505Z"}
{"level":"debug","message":"[LIVE] SUI/USDC: checkRisk price=0.87270000 SL=0.83448000 TP=0.98380800 HWM=0.88160000 entry=0.87840000","timestamp":"2026-06-02T00:58:39.948Z"}
{"level":"debug","message":"[LIVE] JUP/USDC: checkRisk price=0.20200000 SL=0.18897720 TP=0.22254800 HWM=0.18860000 entry=0.18860000","timestamp":"2026-06-02T00:58:40.211Z"}
{"level":"debug","message":"[RISK-LOOP] checking 2 open position(s)","timestamp":"2026-06-02T01:00:39.512Z"}
{"level":"debug","message":"[LIVE] SUI/USDC: checkRisk price=0.87260000 SL=0.83448000 TP=0.98380800 HWM=0.88160000 entry=0.87840000","timestamp":"2026-06-02T01:00:39.954Z"}
{"level":"debug","message":"[LIVE] JUP/USDC: checkRisk price=0.20210000 SL=0.18897720 TP=0.22254800 HWM=0.18860000 entry=0.18860000","timestamp":"2026-06-02T01:00:40.217Z"}
{"level":"debug","message":"[RISK-LOOP] checking 2 open position(s)","timestamp":"2026-06-02T01:02:39.694Z"}
{"level":"debug","message":"[LIVE] SUI/USDC: checkRisk price=0.87400000 SL=0.83448000 TP=0.98380800 HWM=0.88160000 entry=0.87840000","timestamp":"2026-06-02T01:02:39.956Z"}
{"level":"debug","message":"[LIVE] JUP/USDC: checkRisk price=0.20220000 SL=0.18897720 TP=0.22254800 HWM=0.18860000 entry=0.18860000","timestamp":"2026-06-02T01:02:40.219Z"}
{"level":"info","message":"[MTF-CACHE] 15m refresh complete: 37/37 symbols","timestamp":"2026-06-02T01:02:59.100Z"}
{"level":"debug","message":"[RISK-LOOP] checking 2 open position(s)","timestamp":"2026-06-02T01:04:39.516Z"}
{"level":"debug","message":"[LIVE] SUI/USDC: checkRisk price=0.87250000 SL=0.83448000 TP=0.98380800 HWM=0.88160000 entry=0.87840000","timestamp":"2026-06-02T01:04:39.957Z"}
{"level":"debug","message":"[LIVE] JUP/USDC: checkRisk price=0.20280000 SL=0.18897720 TP=0.22254800 HWM=0.18860000 entry=0.18860000","timestamp":"2026-06-02T01:04:40.218Z"}
{"level":"debug","message":"[RISK-LOOP] checking 2 open position(s)","timestamp":"2026-06-02T01:06:39.515Z"}
{"level":"debug","message":"[LIVE] SUI/USDC: checkRisk price=0.87330000 SL=0.83448000 TP=0.98380800 HWM=0.88160000 entry=0.87840000","timestamp":"2026-06-02T01:06:39.958Z"}
{"level":"debug","message":"[LIVE] JUP/USDC: checkRisk price=0.20240000 SL=0.18897720 TP=0.22254800 HWM=0.18860000 entry=0.18860000","timestamp":"2026-06-02T01:06:40.257Z"}
{"level":"debug","message":"[RISK-LOOP] checking 2 open position(s)","timestamp":"2026-06-02T01:08:39.508Z"}
{"level":"debug","message":"[LIVE] SUI/USDC: checkRisk price=0.87320000 SL=0.83448000 TP=0.98380800 HWM=0.88160000 entry=0.87840000","timestamp":"2026-06-02T01:08:39.950Z"}
{"level":"debug","message":"[LIVE] JUP/USDC: checkRisk price=0.20190000 SL=0.18897720 TP=0.22254800 HWM=0.18860000 entry=0.18860000","timestamp":"2026-06-02T01:08:40.211Z"}
{"level":"debug","message":"[RISK-LOOP] checking 2 open position(s)","timestamp":"2026-06-02T01:10:39.518Z"}
{"level":"debug","message":"[LIVE] SUI/USDC: checkRisk price=0.87120000 SL=0.83448000 TP=0.98380800 HWM=0.88160000 entry=0.87840000","timestamp":"2026-06-02T01:10:39.962Z"}
{"level":"debug","message":"[LIVE] JUP/USDC: checkRisk price=0.20170000 SL=0.18897720 TP=0.22254800 HWM=0.18860000 entry=0.18860000","timestamp":"2026-06-02T01:10:40.224Z"}
{"level":"debug","message":"[RISK-LOOP] checking 2 open position(s)","timestamp":"2026-06-02T01:12:39.697Z"}
{"level":"debug","message":"[LIVE] SUI/USDC: checkRisk price=0.87260000 SL=0.83448000 TP=0.98380800 HWM=0.88160000 entry=0.87840000","timestamp":"2026-06-02T01:12:39.960Z"}
{"level":"debug","message":"[LIVE] JUP/USDC: checkRisk price=0.20140000 SL=0.18897720 TP=0.22254800 HWM=0.18860000 entry=0.18860000","timestamp":"2026-06-02T01:12:40.224Z"}
{"level":"debug","message":"[RISK-LOOP] checking 2 open position(s)","timestamp":"2026-06-02T01:14:39.522Z"}
{"level":"debug","message":"[LIVE] SUI/USDC: checkRisk price=0.87380000 SL=0.83448000 TP=0.98380800 HWM=0.88160000 entry=0.87840000","timestamp":"2026-06-02T01:14:39.964Z"}
{"level":"debug","message":"[LIVE] JUP/USDC: checkRisk price=0.20190000 SL=0.18897720 TP=0.22254800 HWM=0.18860000 entry=0.18860000","timestamp":"2026-06-02T01:14:40.229Z"}
{"level":"debug","message":"[RISK-LOOP] checking 2 open position(s)","timestamp":"2026-06-02T01:16:39.517Z"}
{"level":"debug","message":"[LIVE] SUI/USDC: checkRisk price=0.87160000 SL=0.83448000 TP=0.98380800 HWM=0.88160000 entry=0.87840000","timestamp":"2026-06-02T01:16:39.961Z"}
{"level":"debug","message":"[LIVE] JUP/USDC: checkRisk price=0.20140000 SL=0.18897720 TP=0.22254800 HWM=0.18860000 entry=0.18860000","timestamp":"2026-06-02T01:16:40.221Z"}
{"level":"info","message":"[MTF-CACHE] 15m refresh complete: 37/37 symbols","timestamp":"2026-06-02T01:18:00.025Z"}
{"level":"debug","message":"[RISK-LOOP] checking 2 open position(s)","timestamp":"2026-06-02T01:18:39.517Z"}
{"level":"debug","message":"[LIVE] SUI/USDC: checkRisk price=0.87280000 SL=0.83448000 TP=0.98380800 HWM=0.88160000 entry=0.87840000","timestamp":"2026-06-02T01:18:39.960Z"}
{"level":"debug","message":"[LIVE] JUP/USDC: checkRisk price=0.20200000 SL=0.18897720 TP=0.22254800 HWM=0.18860000 entry=0.18860000","timestamp":"2026-06-02T01:18:40.223Z"}
{"level":"debug","message":"[RISK-LOOP] checking 2 open position(s)","timestamp":"2026-06-02T01:20:39.522Z"}
{"level":"debug","message":"[LIVE] SUI/USDC: checkRisk price=0.87300000 SL=0.83448000 TP=0.98380800 HWM=0.88160000 entry=0.87840000","timestamp":"2026-06-02T01:20:39.966Z"}
{"level":"debug","message":"[LIVE] JUP/USDC: checkRisk price=0.20210000 SL=0.18897720 TP=0.22254800 HWM=0.18860000 entry=0.18860000","timestamp":"2026-06-02T01:20:40.230Z"}
{"level":"debug","message":"[RISK-LOOP] checking 2 open position(s)","timestamp":"2026-06-02T01:22:39.702Z"}
{"level":"debug","message":"[LIVE] SUI/USDC: checkRisk price=0.87380000 SL=0.83448000 TP=0.98380800 HWM=0.88160000 entry=0.87840000","timestamp":"2026-06-02T01:22:39.971Z"}
{"level":"debug","message":"[LIVE] JUP/USDC: checkRisk price=0.20240000 SL=0.18897720 TP=0.22254800 HWM=0.18860000 entry=0.18860000","timestamp":"2026-06-02T01:22:40.233Z"}
{"level":"debug","message":"[RISK-LOOP] checking 2 open position(s)","timestamp":"2026-06-02T01:24:39.519Z"}
{"level":"debug","message":"[LIVE] SUI/USDC: checkRisk price=0.87450000 SL=0.83448000 TP=0.98380800 HWM=0.88160000 entry=0.87840000","timestamp":"2026-06-02T01:24:39.961Z"}
{"level":"debug","message":"[LIVE] JUP/USDC: checkRisk price=0.20270000 SL=0.18897720 TP=0.22254800 HWM=0.18860000 entry=0.18860000","timestamp":"2026-06-02T01:24:40.222Z"}
{"level":"debug","message":"[RISK-LOOP] checking 2 open position(s)","timestamp":"2026-06-02T01:26:39.528Z"}
{"level":"debug","message":"[LIVE] SUI/USDC: checkRisk price=0.87380000 SL=0.83448000 TP=0.98380800 HWM=0.88160000 entry=0.87840000","timestamp":"2026-06-02T01:26:39.970Z"}
{"level":"debug","message":"[LIVE] JUP/USDC: checkRisk price=0.20240000 SL=0.18897720 TP=0.22254800 HWM=0.18860000 entry=0.18860000","timestamp":"2026-06-02T01:26:40.233Z"}
{"level":"debug","message":"[RISK-LOOP] checking 2 open position(s)","timestamp":"2026-06-02T01:28:39.525Z"}
{"level":"debug","message":"[LIVE] SUI/USDC: checkRisk price=0.87340000 SL=0.83448000 TP=0.98380800 HWM=0.88160000 entry=0.87840000","timestamp":"2026-06-02T01:28:39.969Z"}
{"level":"debug","message":"[LIVE] JUP/USDC: checkRisk price=0.20240000 SL=0.18897720 TP=0.22254800 HWM=0.18860000 entry=0.18860000","timestamp":"2026-06-02T01:28:40.234Z"}
{"level":"debug","message":"[RISK-LOOP] checking 2 open position(s)","timestamp":"2026-06-02T01:30:39.524Z"}
{"level":"debug","message":"[LIVE] SUI/USDC: checkRisk price=0.86980000 SL=0.83448000 TP=0.98380800 HWM=0.88160000 entry=0.87840000","timestamp":"2026-06-02T01:30:39.968Z"}
{"level":"debug","message":"[LIVE] JUP/USDC: checkRisk price=0.20160000 SL=0.18897720 TP=0.22254800 HWM=0.18860000 entry=0.18860000","timestamp":"2026-06-02T01:30:40.227Z"}
{"level":"debug","message":"[RISK-LOOP] checking 2 open position(s)","timestamp":"2026-06-02T01:32:39.704Z"}
{"level":"debug","message":"[LIVE] SUI/USDC: checkRisk price=0.86840000 SL=0.83448000 TP=0.98380800 HWM=0.88160000 entry=0.87840000","timestamp":"2026-06-02T01:32:39.964Z"}
{"level":"debug","message":"[LIVE] JUP/USDC: checkRisk price=0.20120000 SL=0.18897720 TP=0.22254800 HWM=0.18860000 entry=0.18860000","timestamp":"2026-06-02T01:32:40.225Z"}
{"level":"info","message":"[MTF-CACHE] 15m refresh complete: 37/37 symbols","timestamp":"2026-06-02T01:32:59.109Z"}
{"level":"debug","message":"[RISK-LOOP] checking 2 open position(s)","timestamp":"2026-06-02T01:34:39.524Z"}
{"level":"debug","message":"[LIVE] SUI/USDC: checkRisk price=0.86710000 SL=0.83448000 TP=0.98380800 HWM=0.88160000 entry=0.87840000","timestamp":"2026-06-02T01:34:39.968Z"}
{"level":"debug","message":"[LIVE] JUP/USDC: checkRisk price=0.20090000 SL=0.18897720 TP=0.22254800 HWM=0.18860000 entry=0.18860000","timestamp":"2026-06-02T01:34:40.231Z"}
{"level":"debug","message":"[RISK-LOOP] checking 2 open position(s)","timestamp":"2026-06-02T01:36:39.532Z"}
{"level":"debug","message":"[LIVE] SUI/USDC: checkRisk price=0.86710000 SL=0.83448000 TP=0.98380800 HWM=0.88160000 entry=0.87840000","timestamp":"2026-06-02T01:36:39.976Z"}
{"level":"debug","message":"[LIVE] JUP/USDC: checkRisk price=0.20100000 SL=0.18897720 TP=0.22254800 HWM=0.18860000 entry=0.18860000","timestamp":"2026-06-02T01:36:40.238Z"}
{"level":"debug","message":"[RISK-LOOP] checking 2 open position(s)","timestamp":"2026-06-02T01:38:39.533Z"}
{"level":"debug","message":"[LIVE] SUI/USDC: checkRisk price=0.86300000 SL=0.83448000 TP=0.98380800 HWM=0.88160000 entry=0.87840000","timestamp":"2026-06-02T01:38:39.977Z"}
{"level":"debug","message":"[LIVE] JUP/USDC: checkRisk price=0.19900000 SL=0.18897720 TP=0.22254800 HWM=0.18860000 entry=0.18860000","timestamp":"2026-06-02T01:38:40.239Z"}
{"level":"debug","message":"[RISK-LOOP] checking 2 open position(s)","timestamp":"2026-06-02T01:40:39.528Z"}
{"level":"debug","message":"[LIVE] SUI/USDC: checkRisk price=0.86510000 SL=0.83448000 TP=0.98380800 HWM=0.88160000 entry=0.87840000","timestamp":"2026-06-02T01:40:39.970Z"}
{"level":"debug","message":"[LIVE] JUP/USDC: checkRisk price=0.19900000 SL=0.18897720 TP=0.22254800 HWM=0.18860000 entry=0.18860000","timestamp":"2026-06-02T01:40:40.231Z"}
{"level":"debug","message":"[RISK-LOOP] checking 2 open position(s)","timestamp":"2026-06-02T01:42:39.711Z"}
{"level":"debug","message":"[LIVE] SUI/USDC: checkRisk price=0.86540000 SL=0.83448000 TP=0.98380800 HWM=0.88160000 entry=0.87840000","timestamp":"2026-06-02T01:42:39.973Z"}
{"level":"debug","message":"[LIVE] JUP/USDC: checkRisk price=0.19940000 SL=0.18897720 TP=0.22254800 HWM=0.18860000 entry=0.18860000","timestamp":"2026-06-02T01:42:40.235Z"}
{"level":"debug","message":"[RISK-LOOP] checking 2 open position(s)","timestamp":"2026-06-02T01:44:39.536Z"}
{"level":"debug","message":"[LIVE] SUI/USDC: checkRisk price=0.86740000 SL=0.83448000 TP=0.98380800 HWM=0.88160000 entry=0.87840000","timestamp":"2026-06-02T01:44:39.983Z"}
{"level":"debug","message":"[LIVE] JUP/USDC: checkRisk price=0.20020000 SL=0.18897720 TP=0.22254800 HWM=0.18860000 entry=0.18860000","timestamp":"2026-06-02T01:44:40.244Z"}
{"level":"debug","message":"[RISK-LOOP] checking 2 open position(s)","timestamp":"2026-06-02T01:46:39.537Z"}
{"level":"debug","message":"[LIVE] SUI/USDC: checkRisk price=0.86670000 SL=0.83448000 TP=0.98380800 HWM=0.88160000 entry=0.87840000","timestamp":"2026-06-02T01:46:39.981Z"}
{"level":"debug","message":"[LIVE] JUP/USDC: checkRisk price=0.20020000 SL=0.18897720 TP=0.22254800 HWM=0.18860000 entry=0.18860000","timestamp":"2026-06-02T01:46:40.242Z"}
{"level":"info","message":"[MTF-CACHE] 15m refresh complete: 37/37 symbols","timestamp":"2026-06-02T01:47:59.558Z"}
{"level":"debug","message":"[RISK-LOOP] checking 2 open position(s)","timestamp":"2026-06-02T01:48:39.532Z"}
{"level":"debug","message":"[LIVE] SUI/USDC: checkRisk price=0.86650000 SL=0.83448000 TP=0.98380800 HWM=0.88160000 entry=0.87840000","timestamp":"2026-06-02T01:48:39.971Z"}
{"level":"debug","message":"[LIVE] JUP/USDC: checkRisk price=0.20000000 SL=0.18897720 TP=0.22254800 HWM=0.18860000 entry=0.18860000","timestamp":"2026-06-02T01:48:40.236Z"}
{"level":"debug","message":"[RISK-LOOP] checking 2 open position(s)","timestamp":"2026-06-02T01:50:39.533Z"}
{"level":"debug","message":"[LIVE] SUI/USDC: checkRisk price=0.86450000 SL=0.83448000 TP=0.98380800 HWM=0.88160000 entry=0.87840000","timestamp":"2026-06-02T01:50:39.976Z"}
{"level":"debug","message":"[LIVE] JUP/USDC: checkRisk price=0.20010000 SL=0.18897720 TP=0.22254800 HWM=0.18860000 entry=0.18860000","timestamp":"2026-06-02T01:50:40.239Z"}
{"level":"debug","message":"[RISK-LOOP] checking 2 open position(s)","timestamp":"2026-06-02T01:52:39.709Z"}
{"level":"debug","message":"[LIVE] SUI/USDC: checkRisk price=0.86500000 SL=0.83448000 TP=0.98380800 HWM=0.88160000 entry=0.87840000","timestamp":"2026-06-02T01:52:39.970Z"}
{"level":"debug","message":"[LIVE] JUP/USDC: checkRisk price=0.20010000 SL=0.18897720 TP=0.22254800 HWM=0.18860000 entry=0.18860000","timestamp":"2026-06-02T01:52:40.230Z"}
{"level":"debug","message":"[RISK-LOOP] checking 2 open position(s)","timestamp":"2026-06-02T01:54:39.541Z"}
{"level":"debug","message":"[LIVE] SUI/USDC: checkRisk price=0.86390000 SL=0.83448000 TP=0.98380800 HWM=0.88160000 entry=0.87840000","timestamp":"2026-06-02T01:54:39.981Z"}
{"level":"debug","message":"[LIVE] JUP/USDC: checkRisk price=0.20010000 SL=0.18897720 TP=0.22254800 HWM=0.18860000 entry=0.18860000","timestamp":"2026-06-02T01:54:40.242Z"}
{"level":"debug","message":"[RISK-LOOP] checking 2 open position(s)","timestamp":"2026-06-02T01:56:39.538Z"}
{"level":"debug","message":"[LIVE] SUI/USDC: checkRisk price=0.86460000 SL=0.83448000 TP=0.98380800 HWM=0.88160000 entry=0.87840000","timestamp":"2026-06-02T01:56:39.978Z"}
{"level":"debug","message":"[LIVE] JUP/USDC: checkRisk price=0.19950000 SL=0.18897720 TP=0.22254800 HWM=0.18860000 entry=0.18860000","timestamp":"2026-06-02T01:56:40.241Z"}
{"level":"debug","message":"[RISK-LOOP] checking 2 open position(s)","timestamp":"2026-06-02T01:58:39.541Z"}
{"level":"debug","message":"[LIVE] SUI/USDC: checkRisk price=0.86370000 SL=0.83448000 TP=0.98380800 HWM=0.88160000 entry=0.87840000","timestamp":"2026-06-02T01:58:39.984Z"}
{"level":"debug","message":"[LIVE] JUP/USDC: checkRisk price=0.19950000 SL=0.18897720 TP=0.22254800 HWM=0.18860000 entry=0.18860000","timestamp":"2026-06-02T01:58:40.246Z"}
{"level":"debug","message":"[RISK-LOOP] checking 2 open position(s)","timestamp":"2026-06-02T02:00:39.541Z"}
{"level":"debug","message":"[LIVE] SUI/USDC: checkRisk price=0.86210000 SL=0.83448000 TP=0.98380800 HWM=0.88160000 entry=0.87840000","timestamp":"2026-06-02T02:00:39.983Z"}
{"level":"debug","message":"[LIVE] JUP/USDC: checkRisk price=0.19940000 SL=0.18897720 TP=0.22254800 HWM=0.18860000 entry=0.18860000","timestamp":"2026-06-02T02:00:40.244Z"}
{"level":"debug","message":"[RISK-LOOP] checking 2 open position(s)","timestamp":"2026-06-02T02:02:39.718Z"}
{"level":"debug","message":"[LIVE] SUI/USDC: checkRisk price=0.86160000 SL=0.83448000 TP=0.98380800 HWM=0.88160000 entry=0.87840000","timestamp":"2026-06-02T02:02:39.977Z"}
{"level":"debug","message":"[LIVE] JUP/USDC: checkRisk price=0.19920000 SL=0.18897720 TP=0.22254800 HWM=0.18860000 entry=0.18860000","timestamp":"2026-06-02T02:02:40.239Z"}
{"level":"info","message":"[MTF-CACHE] 15m refresh complete: 37/37 symbols","timestamp":"2026-06-02T02:02:59.075Z"}
{"level":"debug","message":"[RISK-LOOP] checking 2 open position(s)","timestamp":"2026-06-02T02:04:39.542Z"}
{"level":"debug","message":"[LIVE] SUI/USDC: checkRisk price=0.86040000 SL=0.83448000 TP=0.98380800 HWM=0.88160000 entry=0.87840000","timestamp":"2026-06-02T02:04:39.983Z"}
{"level":"debug","message":"[LIVE] JUP/USDC: checkRisk price=0.19820000 SL=0.18897720 TP=0.22254800 HWM=0.18860000 entry=0.18860000","timestamp":"2026-06-02T02:04:40.246Z"}
{"level":"debug","message":"[RISK-LOOP] checking 2 open position(s)","timestamp":"2026-06-02T02:06:39.537Z"}
{"level":"debug","message":"[LIVE] SUI/USDC: checkRisk price=0.85560000 SL=0.83448000 TP=0.98380800 HWM=0.88160000 entry=0.87840000","timestamp":"2026-06-02T02:06:39.979Z"}
{"level":"debug","message":"[LIVE] JUP/USDC: checkRisk price=0.19730000 SL=0.18897720 TP=0.22254800 HWM=0.18860000 entry=0.18860000","timestamp":"2026-06-02T02:06:40.242Z"}
{"level":"debug","message":"[RISK-LOOP] checking 2 open position(s)","timestamp":"2026-06-02T02:08:39.542Z"}
{"level":"debug","message":"[LIVE] SUI/USDC: checkRisk price=0.85650000 SL=0.83448000 TP=0.98380800 HWM=0.88160000 entry=0.87840000","timestamp":"2026-06-02T02:08:39.984Z"}
{"level":"debug","message":"[LIVE] JUP/USDC: checkRisk price=0.19710000 SL=0.18897720 TP=0.22254800 HWM=0.18860000 entry=0.18860000","timestamp":"2026-06-02T02:08:40.244Z"}
{"level":"debug","message":"[RISK-LOOP] checking 2 open position(s)","timestamp":"2026-06-02T02:10:39.549Z"}
{"level":"debug","message":"[LIVE] SUI/USDC: checkRisk price=0.85450000 SL=0.83448000 TP=0.98380800 HWM=0.88160000 entry=0.87840000","timestamp":"2026-06-02T02:10:39.989Z"}
{"level":"debug","message":"[LIVE] JUP/USDC: checkRisk price=0.19710000 SL=0.18897720 TP=0.22254800 HWM=0.18860000 entry=0.18860000","timestamp":"2026-06-02T02:10:40.250Z"}
{"level":"debug","message":"[RISK-LOOP] checking 2 open position(s)","timestamp":"2026-06-02T02:12:39.727Z"}
{"level":"debug","message":"[LIVE] SUI/USDC: checkRisk price=0.85470000 SL=0.83448000 TP=0.98380800 HWM=0.88160000 entry=0.87840000","timestamp":"2026-06-02T02:12:39.988Z"}
{"level":"debug","message":"[LIVE] JUP/USDC: checkRisk price=0.19670000 SL=0.18897720 TP=0.22254800 HWM=0.18860000 entry=0.18860000","timestamp":"2026-06-02T02:12:40.253Z"}
{"level":"debug","message":"[RISK-LOOP] checking 2 open position(s)","timestamp":"2026-06-02T02:14:39.548Z"}
{"level":"debug","message":"[LIVE] SUI/USDC: checkRisk price=0.85570000 SL=0.83448000 TP=0.98380800 HWM=0.88160000 entry=0.87840000","timestamp":"2026-06-02T02:14:39.989Z"}
{"level":"debug","message":"[LIVE] JUP/USDC: checkRisk price=0.19750000 SL=0.18897720 TP=0.22254800 HWM=0.18860000 entry=0.18860000","timestamp":"2026-06-02T02:14:40.254Z"}
{"level":"debug","message":"[RISK-LOOP] checking 2 open position(s)","timestamp":"2026-06-02T02:16:39.551Z"}
{"level":"debug","message":"[LIVE] SUI/USDC: checkRisk price=0.85700000 SL=0.83448000 TP=0.98380800 HWM=0.88160000 entry=0.87840000","timestamp":"2026-06-02T02:16:39.995Z"}
{"level":"debug","message":"[LIVE] JUP/USDC: checkRisk price=0.19810000 SL=0.18897720 TP=0.22254800 HWM=0.18860000 entry=0.18860000","timestamp":"2026-06-02T02:16:40.253Z"}
{"level":"info","message":"[MTF-CACHE] 15m refresh complete: 37/37 symbols","timestamp":"2026-06-02T02:17:59.192Z"}
{"level":"debug","message":"[RISK-LOOP] checking 2 open position(s)","timestamp":"2026-06-02T02:18:39.548Z"}
{"level":"debug","message":"[LIVE] SUI/USDC: checkRisk price=0.85600000 SL=0.83448000 TP=0.98380800 HWM=0.88160000 entry=0.87840000","timestamp":"2026-06-02T02:18:39.989Z"}
{"level":"debug","message":"[LIVE] JUP/USDC: checkRisk price=0.19750000 SL=0.18897720 TP=0.22254800 HWM=0.18860000 entry=0.18860000","timestamp":"2026-06-02T02:18:40.250Z"}
{"level":"debug","message":"[RISK-LOOP] checking 2 open position(s)","timestamp":"2026-06-02T02:20:39.542Z"}
{"level":"debug","message":"[LIVE] SUI/USDC: checkRisk price=0.85660000 SL=0.83448000 TP=0.98380800 HWM=0.88160000 entry=0.87840000","timestamp":"2026-06-02T02:20:39.987Z"}
{"level":"debug","message":"[LIVE] JUP/USDC: checkRisk price=0.19750000 SL=0.18897720 TP=0.22254800 HWM=0.18860000 entry=0.18860000","timestamp":"2026-06-02T02:20:40.248Z"}
{"level":"debug","message":"[RISK-LOOP] checking 2 open position(s)","timestamp":"2026-06-02T02:22:39.726Z"}
{"level":"debug","message":"[LIVE] SUI/USDC: checkRisk price=0.86060000 SL=0.83448000 TP=0.98380800 HWM=0.88160000 entry=0.87840000","timestamp":"2026-06-02T02:22:39.987Z"}
{"level":"debug","message":"[LIVE] JUP/USDC: checkRisk price=0.19910000 SL=0.18897720 TP=0.22254800 HWM=0.18860000 entry=0.18860000","timestamp":"2026-06-02T02:22:40.250Z"}
{"level":"debug","message":"[RISK-LOOP] checking 2 open position(s)","timestamp":"2026-06-02T02:24:39.547Z"}
{"level":"debug","message":"[LIVE] SUI/USDC: checkRisk price=0.86220000 SL=0.83448000 TP=0.98380800 HWM=0.88160000 entry=0.87840000","timestamp":"2026-06-02T02:24:39.991Z"}
{"level":"debug","message":"[LIVE] JUP/USDC: checkRisk price=0.20000000 SL=0.18897720 TP=0.22254800 HWM=0.18860000 entry=0.18860000","timestamp":"2026-06-02T02:24:40.251Z"}
{"level":"debug","message":"[RISK-LOOP] checking 2 open position(s)","timestamp":"2026-06-02T02:26:39.542Z"}
{"level":"debug","message":"[LIVE] SUI/USDC: checkRisk price=0.86220000 SL=0.83448000 TP=0.98380800 HWM=0.88160000 entry=0.87840000","timestamp":"2026-06-02T02:26:39.984Z"}
{"level":"debug","message":"[LIVE] JUP/USDC: checkRisk price=0.20000000 SL=0.18897720 TP=0.22254800 HWM=0.18860000 entry=0.18860000","timestamp":"2026-06-02T02:26:40.247Z"}
{"level":"debug","message":"[RISK-LOOP] checking 2 open position(s)","timestamp":"2026-06-02T02:28:39.546Z"}
{"level":"debug","message":"[LIVE] SUI/USDC: checkRisk price=0.86540000 SL=0.83448000 TP=0.98380800 HWM=0.88160000 entry=0.87840000","timestamp":"2026-06-02T02:28:39.988Z"}
{"level":"debug","message":"[LIVE] JUP/USDC: checkRisk price=0.20040000 SL=0.18897720 TP=0.22254800 HWM=0.18860000 entry=0.18860000","timestamp":"2026-06-02T02:28:40.250Z"}
{"level":"debug","message":"[RISK-LOOP] checking 2 open position(s)","timestamp":"2026-06-02T02:30:39.553Z"}
{"level":"debug","message":"[LIVE] SUI/USDC: checkRisk price=0.86460000 SL=0.83448000 TP=0.98380800 HWM=0.88160000 entry=0.87840000","timestamp":"2026-06-02T02:30:40.000Z"}
{"level":"debug","message":"[LIVE] JUP/USDC: checkRisk price=0.20010000 SL=0.18897720 TP=0.22254800 HWM=0.18860000 entry=0.18860000","timestamp":"2026-06-02T02:30:40.263Z"}
{"level":"debug","message":"[RISK-LOOP] checking 2 open position(s)","timestamp":"2026-06-02T02:32:39.735Z"}
{"level":"debug","message":"[LIVE] SUI/USDC: checkRisk price=0.86540000 SL=0.83448000 TP=0.98380800 HWM=0.88160000 entry=0.87840000","timestamp":"2026-06-02T02:32:40.169Z"}
{"level":"debug","message":"[LIVE] JUP/USDC: checkRisk price=0.20070000 SL=0.18897720 TP=0.22254800 HWM=0.18860000 entry=0.18860000","timestamp":"2026-06-02T02:32:40.427Z"}
{"level":"info","message":"[MTF-CACHE] 15m refresh complete: 37/37 symbols","timestamp":"2026-06-02T02:32:59.096Z"}
{"level":"debug","message":"[RISK-LOOP] checking 2 open position(s)","timestamp":"2026-06-02T02:34:39.553Z"}
{"level":"debug","message":"[LIVE] SUI/USDC: checkRisk price=0.86630000 SL=0.83448000 TP=0.98380800 HWM=0.88160000 entry=0.87840000","timestamp":"2026-06-02T02:34:39.993Z"}
{"level":"debug","message":"[LIVE] JUP/USDC: checkRisk price=0.20200000 SL=0.18897720 TP=0.22254800 HWM=0.18860000 entry=0.18860000","timestamp":"2026-06-02T02:34:40.255Z"}
{"level":"debug","message":"[RISK-LOOP] checking 2 open position(s)","timestamp":"2026-06-02T02:36:39.553Z"}
{"level":"debug","message":"[LIVE] SUI/USDC: checkRisk price=0.86660000 SL=0.83448000 TP=0.98380800 HWM=0.88160000 entry=0.87840000","timestamp":"2026-06-02T02:36:39.992Z"}
{"level":"debug","message":"[LIVE] JUP/USDC: checkRisk price=0.20220000 SL=0.18897720 TP=0.22254800 HWM=0.18860000 entry=0.18860000","timestamp":"2026-06-02T02:36:40.255Z"}
{"level":"debug","message":"[RISK-LOOP] checking 2 open position(s)","timestamp":"2026-06-02T02:38:39.551Z"}
{"level":"debug","message":"[LIVE] SUI/USDC: checkRisk price=0.86570000 SL=0.83448000 TP=0.98380800 HWM=0.88160000 entry=0.87840000","timestamp":"2026-06-02T02:38:39.991Z"}
{"level":"debug","message":"[LIVE] JUP/USDC: checkRisk price=0.20200000 SL=0.18897720 TP=0.22254800 HWM=0.18860000 entry=0.18860000","timestamp":"2026-06-02T02:38:40.252Z"}
{"level":"debug","message":"[RISK-LOOP] checking 2 open position(s)","timestamp":"2026-06-02T02:40:39.554Z"}
{"level":"debug","message":"[LIVE] SUI/USDC: checkRisk price=0.86380000 SL=0.83448000 TP=0.98380800 HWM=0.88160000 entry=0.87840000","timestamp":"2026-06-02T02:40:39.994Z"}
{"level":"debug","message":"[LIVE] JUP/USDC: checkRisk price=0.20140000 SL=0.18897720 TP=0.22254800 HWM=0.18860000 entry=0.18860000","timestamp":"2026-06-02T02:40:40.257Z"}
{"level":"debug","message":"[RISK-LOOP] checking 2 open position(s)","timestamp":"2026-06-02T02:42:39.726Z"}
{"level":"debug","message":"[LIVE] SUI/USDC: checkRisk price=0.86320000 SL=0.83448000 TP=0.98380800 HWM=0.88160000 entry=0.87840000","timestamp":"2026-06-02T02:42:39.990Z"}
{"level":"debug","message":"[LIVE] JUP/USDC: checkRisk price=0.20130000 SL=0.18897720 TP=0.22254800 HWM=0.18860000 entry=0.18860000","timestamp":"2026-06-02T02:42:40.252Z"}
{"level":"debug","message":"[RISK-LOOP] checking 2 open position(s)","timestamp":"2026-06-02T02:44:39.549Z"}
{"level":"debug","message":"[LIVE] SUI/USDC: checkRisk price=0.86210000 SL=0.83448000 TP=0.98380800 HWM=0.88160000 entry=0.87840000","timestamp":"2026-06-02T02:44:39.990Z"}
{"level":"debug","message":"[LIVE] JUP/USDC: checkRisk price=0.20130000 SL=0.18897720 TP=0.22254800 HWM=0.18860000 entry=0.18860000","timestamp":"2026-06-02T02:44:40.253Z"}
{"level":"debug","message":"[RISK-LOOP] checking 2 open position(s)","timestamp":"2026-06-02T02:46:39.567Z"}
{"level":"debug","message":"[LIVE] SUI/USDC: checkRisk price=0.86390000 SL=0.83448000 TP=0.98380800 HWM=0.88160000 entry=0.87840000","timestamp":"2026-06-02T02:46:40.009Z"}
{"level":"debug","message":"[LIVE] JUP/USDC: checkRisk price=0.20150000 SL=0.18897720 TP=0.22254800 HWM=0.18860000 entry=0.18860000","timestamp":"2026-06-02T02:46:40.269Z"}
{"level":"info","message":"[MTF-CACHE] 15m refresh complete: 37/37 symbols","timestamp":"2026-06-02T02:47:59.283Z"}
{"level":"debug","message":"[RISK-LOOP] checking 2 open position(s)","timestamp":"2026-06-02T02:48:39.604Z"}
{"level":"debug","message":"[LIVE] SUI/USDC: checkRisk price=0.86560000 SL=0.83448000 TP=0.98380800 HWM=0.88160000 entry=0.87840000","timestamp":"2026-06-02T02:48:40.048Z"}
{"level":"debug","message":"[LIVE] JUP/USDC: checkRisk price=0.20200000 SL=0.18897720 TP=0.22254800 HWM=0.18860000 entry=0.18860000","timestamp":"2026-06-02T02:48:40.311Z"}
{"level":"debug","message":"[RISK-LOOP] checking 2 open position(s)","timestamp":"2026-06-02T02:50:39.654Z"}
{"level":"debug","message":"[LIVE] SUI/USDC: checkRisk price=0.86570000 SL=0.83448000 TP=0.98380800 HWM=0.88160000 entry=0.87840000","timestamp":"2026-06-02T02:50:40.097Z"}
{"level":"debug","message":"[LIVE] JUP/USDC: checkRisk price=0.20170000 SL=0.18897720 TP=0.22254800 HWM=0.18860000 entry=0.18860000","timestamp":"2026-06-02T02:50:40.359Z"}
{"level":"debug","message":"[RISK-LOOP] checking 2 open position(s)","timestamp":"2026-06-02T02:52:39.708Z"}
{"level":"debug","message":"[LIVE] SUI/USDC: checkRisk price=0.86650000 SL=0.83448000 TP=0.98380800 HWM=0.88160000 entry=0.87840000","timestamp":"2026-06-02T02:52:39.970Z"}
{"level":"debug","message":"[LIVE] JUP/USDC: checkRisk price=0.20220000 SL=0.18897720 TP=0.22254800 HWM=0.18860000 entry=0.18860000","timestamp":"2026-06-02T02:52:40.230Z"}
{"level":"debug","message":"[RISK-LOOP] checking 2 open position(s)","timestamp":"2026-06-02T02:54:39.754Z"}
{"level":"debug","message":"[LIVE] SUI/USDC: checkRisk price=0.86500000 SL=0.83448000 TP=0.98380800 HWM=0.88160000 entry=0.87840000","timestamp":"2026-06-02T02:54:40.196Z"}
{"level":"debug","message":"[LIVE] JUP/USDC: checkRisk price=0.20190000 SL=0.18897720 TP=0.22254800 HWM=0.18860000 entry=0.18860000","timestamp":"2026-06-02T02:54:40.461Z"}
{"level":"debug","message":"[RISK-LOOP] checking 2 open position(s)","timestamp":"2026-06-02T02:56:39.729Z"}
{"level":"debug","message":"[LIVE] SUI/USDC: checkRisk price=0.86700000 SL=0.83448000 TP=0.98380800 HWM=0.88160000 entry=0.87840000","timestamp":"2026-06-02T02:56:39.991Z"}
{"level":"debug","message":"[LIVE] JUP/USDC: checkRisk price=0.20230000 SL=0.18897720 TP=0.22254800 HWM=0.18860000 entry=0.18860000","timestamp":"2026-06-02T02:56:40.254Z"}
{"level":"debug","message":"[RISK-LOOP] checking 2 open position(s)","timestamp":"2026-06-02T02:58:39.737Z"}
{"level":"debug","message":"[LIVE] SUI/USDC: checkRisk price=0.86770000 SL=0.83448000 TP=0.98380800 HWM=0.88160000 entry=0.87840000","timestamp":"2026-06-02T02:58:39.997Z"}
{"level":"debug","message":"[LIVE] JUP/USDC: checkRisk price=0.20250000 SL=0.18897720 TP=0.22254800 HWM=0.18860000 entry=0.18860000","timestamp":"2026-06-02T02:58:40.259Z"}
{"level":"debug","message":"[RISK-LOOP] checking 2 open position(s)","timestamp":"2026-06-02T03:00:39.737Z"}
{"level":"debug","message":"[LIVE] SUI/USDC: checkRisk price=0.86840000 SL=0.83448000 TP=0.98380800 HWM=0.88160000 entry=0.87840000","timestamp":"2026-06-02T03:00:40.002Z"}
{"level":"debug","message":"[LIVE] JUP/USDC: checkRisk price=0.20290000 SL=0.18897720 TP=0.22254800 HWM=0.18860000 entry=0.18860000","timestamp":"2026-06-02T03:00:40.264Z"}
{"level":"debug","message":"[RISK-LOOP] checking 2 open position(s)","timestamp":"2026-06-02T03:02:39.844Z"}
{"level":"debug","message":"[LIVE] SUI/USDC: checkRisk price=0.87010000 SL=0.83448000 TP=0.98380800 HWM=0.88160000 entry=0.87840000","timestamp":"2026-06-02T03:02:40.172Z"}
{"level":"debug","message":"[LIVE] JUP/USDC: checkRisk price=0.20340000 SL=0.18897720 TP=0.22254800 HWM=0.18860000 entry=0.18860000","timestamp":"2026-06-02T03:02:40.430Z"}
{"level":"info","message":"[MTF-CACHE] 15m refresh complete: 37/37 symbols","timestamp":"2026-06-02T03:03:00.874Z"}
{"level":"debug","message":"[RISK-LOOP] checking 2 open position(s)","timestamp":"2026-06-02T03:04:39.736Z"}
{"level":"debug","message":"[LIVE] SUI/USDC: checkRisk price=0.87030000 SL=0.83448000 TP=0.98380800 HWM=0.88160000 entry=0.87840000","timestamp":"2026-06-02T03:04:39.998Z"}
{"level":"debug","message":"[LIVE] JUP/USDC: checkRisk price=0.20300000 SL=0.18897720 TP=0.22254800 HWM=0.18860000 entry=0.18860000","timestamp":"2026-06-02T03:04:40.261Z"}
{"level":"debug","message":"[RISK-LOOP] checking 2 open position(s)","timestamp":"2026-06-02T03:06:39.746Z"}
{"level":"debug","message":"[LIVE] SUI/USDC: checkRisk price=0.87220000 SL=0.83448000 TP=0.98380800 HWM=0.88160000 entry=0.87840000","timestamp":"2026-06-02T03:06:40.021Z"}
{"level":"debug","message":"[LIVE] JUP/USDC: checkRisk price=0.20400000 SL=0.18897720 TP=0.22254800 HWM=0.18860000 entry=0.18860000","timestamp":"2026-06-02T03:06:40.286Z"}
{"level":"debug","message":"[RISK-LOOP] checking 2 open position(s)","timestamp":"2026-06-02T03:08:39.559Z"}
{"level":"debug","message":"[LIVE] SUI/USDC: checkRisk price=0.87240000 SL=0.83448000 TP=0.98380800 HWM=0.88160000 entry=0.87840000","timestamp":"2026-06-02T03:08:40.004Z"}
{"level":"debug","message":"[LIVE] JUP/USDC: checkRisk price=0.20440000 SL=0.18897720 TP=0.22254800 HWM=0.18860000 entry=0.18860000","timestamp":"2026-06-02T03:08:40.266Z"}
{"level":"debug","message":"[RISK-LOOP] checking 2 open position(s)","timestamp":"2026-06-02T03:10:39.563Z"}
{"level":"debug","message":"[LIVE] SUI/USDC: checkRisk price=0.87220000 SL=0.83448000 TP=0.98380800 HWM=0.88160000 entry=0.87840000","timestamp":"2026-06-02T03:10:40.016Z"}
{"level":"debug","message":"[LIVE] JUP/USDC: checkRisk price=0.20510000 SL=0.18897720 TP=0.22254800 HWM=0.18860000 entry=0.18860000","timestamp":"2026-06-02T03:10:40.963Z"}
{"level":"debug","message":"[RISK-LOOP] checking 2 open position(s)","timestamp":"2026-06-02T03:12:39.773Z"}
{"level":"debug","message":"[LIVE] SUI/USDC: checkRisk price=0.86950000 SL=0.83448000 TP=0.98380800 HWM=0.88160000 entry=0.87840000","timestamp":"2026-06-02T03:12:40.199Z"}
{"level":"debug","message":"[LIVE] JUP/USDC: checkRisk price=0.20440000 SL=0.18897720 TP=0.22254800 HWM=0.18860000 entry=0.18860000","timestamp":"2026-06-02T03:12:40.460Z"}
{"level":"debug","message":"[RISK-LOOP] checking 2 open position(s)","timestamp":"2026-06-02T03:14:39.569Z"}
{"level":"debug","message":"[LIVE] SUI/USDC: checkRisk price=0.86970000 SL=0.83448000 TP=0.98380800 HWM=0.88160000 entry=0.87840000","timestamp":"2026-06-02T03:14:40.126Z"}
{"level":"debug","message":"[LIVE] JUP/USDC: checkRisk price=0.20440000 SL=0.18897720 TP=0.22254800 HWM=0.18860000 entry=0.18860000","timestamp":"2026-06-02T03:14:40.388Z"}
{"level":"debug","message":"[RISK-LOOP] checking 2 open position(s)","timestamp":"2026-06-02T03:16:39.571Z"}
{"level":"debug","message":"[LIVE] SUI/USDC: checkRisk price=0.87120000 SL=0.83448000 TP=0.98380800 HWM=0.88160000 entry=0.87840000","timestamp":"2026-06-02T03:16:40.176Z"}
{"level":"debug","message":"[LIVE] JUP/USDC: checkRisk price=0.20550000 SL=0.18897720 TP=0.22254800 HWM=0.18860000 entry=0.18860000","timestamp":"2026-06-02T03:16:40.439Z"}
{"level":"info","message":"[MTF-CACHE] 15m refresh complete: 37/37 symbols","timestamp":"2026-06-02T03:17:59.100Z"}
{"level":"debug","message":"[RISK-LOOP] checking 2 open position(s)","timestamp":"2026-06-02T03:18:39.579Z"}
{"level":"debug","message":"[LIVE] SUI/USDC: checkRisk price=0.87180000 SL=0.83448000 TP=0.98380800 HWM=0.88160000 entry=0.87840000","timestamp":"2026-06-02T03:18:40.021Z"}
{"level":"debug","message":"[LIVE] JUP/USDC: checkRisk price=0.20540000 SL=0.18897720 TP=0.22254800 HWM=0.18860000 entry=0.18860000","timestamp":"2026-06-02T03:18:40.463Z"}
{"level":"debug","message":"[RISK-LOOP] checking 2 open position(s)","timestamp":"2026-06-02T03:20:39.580Z"}
{"level":"debug","message":"[LIVE] SUI/USDC: checkRisk price=0.86940000 SL=0.83448000 TP=0.98380800 HWM=0.88160000 entry=0.87840000","timestamp":"2026-06-02T03:20:40.022Z"}
{"level":"debug","message":"[LIVE] JUP/USDC: checkRisk price=0.20530000 SL=0.18897720 TP=0.22254800 HWM=0.18860000 entry=0.18860000","timestamp":"2026-06-02T03:20:40.469Z"}
{"level":"debug","message":"[RISK-LOOP] checking 2 open position(s)","timestamp":"2026-06-02T03:22:39.770Z"}
{"level":"debug","message":"[LIVE] SUI/USDC: checkRisk price=0.87050000 SL=0.83448000 TP=0.98380800 HWM=0.88160000 entry=0.87840000","timestamp":"2026-06-02T03:22:40.352Z"}
{"level":"debug","message":"[LIVE] JUP/USDC: checkRisk price=0.20580000 SL=0.18897720 TP=0.22254800 HWM=0.18860000 entry=0.18860000","timestamp":"2026-06-02T03:22:40.615Z"}
{"level":"debug","message":"[RISK-LOOP] checking 2 open position(s)","timestamp":"2026-06-02T03:24:39.583Z"}
{"level":"debug","message":"[LIVE] SUI/USDC: checkRisk price=0.87060000 SL=0.83448000 TP=0.98380800 HWM=0.88160000 entry=0.87840000","timestamp":"2026-06-02T03:24:40.027Z"}
{"level":"debug","message":"[LIVE] JUP/USDC: checkRisk price=0.20620000 SL=0.18897720 TP=0.22254800 HWM=0.18860000 entry=0.18860000","timestamp":"2026-06-02T03:24:40.469Z"}
{"level":"debug","message":"[RISK-LOOP] checking 2 open position(s)","timestamp":"2026-06-02T03:26:39.582Z"}
{"level":"debug","message":"[LIVE] SUI/USDC: checkRisk price=0.87190000 SL=0.83448000 TP=0.98380800 HWM=0.88160000 entry=0.87840000","timestamp":"2026-06-02T03:26:40.025Z"}
{"level":"debug","message":"[LIVE] JUP/USDC: checkRisk price=0.20660000 SL=0.18897720 TP=0.22254800 HWM=0.18860000 entry=0.18860000","timestamp":"2026-06-02T03:26:40.469Z"}
{"level":"debug","message":"[RISK-LOOP] checking 2 open position(s)","timestamp":"2026-06-02T03:28:39.580Z"}
{"level":"debug","message":"[LIVE] SUI/USDC: checkRisk price=0.87190000 SL=0.83448000 TP=0.98380800 HWM=0.88160000 entry=0.87840000","timestamp":"2026-06-02T03:28:40.025Z"}
{"level":"debug","message":"[LIVE] JUP/USDC: checkRisk price=0.20510000 SL=0.18897720 TP=0.22254800 HWM=0.18860000 entry=0.18860000","timestamp":"2026-06-02T03:28:40.468Z"}
{"level":"debug","message":"[RISK-LOOP] checking 2 open position(s)","timestamp":"2026-06-02T03:30:39.589Z"}
{"level":"debug","message":"[LIVE] SUI/USDC: checkRisk price=0.87210000 SL=0.83448000 TP=0.98380800 HWM=0.88160000 entry=0.87840000","timestamp":"2026-06-02T03:30:40.031Z"}
{"level":"debug","message":"[LIVE] JUP/USDC: checkRisk price=0.20560000 SL=0.18897720 TP=0.22254800 HWM=0.18860000 entry=0.18860000","timestamp":"2026-06-02T03:30:40.472Z"}
{"level":"debug","message":"[RISK-LOOP] checking 2 open position(s)","timestamp":"2026-06-02T03:32:39.765Z"}
{"level":"debug","message":"[LIVE] SUI/USDC: checkRisk price=0.87360000 SL=0.83448000 TP=0.98380800 HWM=0.88160000 entry=0.87840000","timestamp":"2026-06-02T03:32:40.195Z"}
{"level":"debug","message":"[LIVE] JUP/USDC: checkRisk price=0.20530000 SL=0.18897720 TP=0.22254800 HWM=0.18860000 entry=0.18860000","timestamp":"2026-06-02T03:32:40.640Z"}
{"level":"info","message":"[MTF-CACHE] 15m refresh complete: 37/37 symbols","timestamp":"2026-06-02T03:32:59.250Z"}
{"level":"info","message":"[MTF-CACHE] 4h refresh complete: 37/37 symbols","timestamp":"2026-06-02T03:33:00.450Z"}
{"level":"debug","message":"[RISK-LOOP] checking 2 open position(s)","timestamp":"2026-06-02T03:34:39.588Z"}
{"level":"debug","message":"[LIVE] SUI/USDC: checkRisk price=0.87290000 SL=0.83448000 TP=0.98380800 HWM=0.88160000 entry=0.87840000","timestamp":"2026-06-02T03:34:40.031Z"}
{"level":"debug","message":"[LIVE] JUP/USDC: checkRisk price=0.20550000 SL=0.18897720 TP=0.22254800 HWM=0.18860000 entry=0.18860000","timestamp":"2026-06-02T03:34:40.487Z"}
{"level":"debug","message":"[RISK-LOOP] checking 2 open position(s)","timestamp":"2026-06-02T03:36:39.590Z"}
{"level":"debug","message":"[LIVE] SUI/USDC: checkRisk price=0.87330000 SL=0.83448000 TP=0.98380800 HWM=0.88160000 entry=0.87840000","timestamp":"2026-06-02T03:36:40.033Z"}
{"level":"debug","message":"[LIVE] JUP/USDC: checkRisk price=0.20620000 SL=0.18897720 TP=0.22254800 HWM=0.18860000 entry=0.18860000","timestamp":"2026-06-02T03:36:40.296Z"}
{"level":"debug","message":"[RISK-LOOP] checking 2 open position(s)","timestamp":"2026-06-02T03:38:39.593Z"}
{"level":"debug","message":"[LIVE] SUI/USDC: checkRisk price=0.87300000 SL=0.83448000 TP=0.98380800 HWM=0.88160000 entry=0.87840000","timestamp":"2026-06-02T03:38:40.039Z"}
{"level":"debug","message":"[LIVE] JUP/USDC: checkRisk price=0.20650000 SL=0.18897720 TP=0.22254800 HWM=0.18860000 entry=0.18860000","timestamp":"2026-06-02T03:38:40.302Z"}
{"level":"debug","message":"[RISK-LOOP] checking 2 open position(s)","timestamp":"2026-06-02T03:40:39.591Z"}
{"level":"debug","message":"[LIVE] SUI/USDC: checkRisk price=0.87420000 SL=0.83448000 TP=0.98380800 HWM=0.88160000 entry=0.87840000","timestamp":"2026-06-02T03:40:40.035Z"}
{"level":"debug","message":"[LIVE] JUP/USDC: checkRisk price=0.20660000 SL=0.18897720 TP=0.22254800 HWM=0.18860000 entry=0.18860000","timestamp":"2026-06-02T03:40:40.297Z"}
{"level":"debug","message":"[RISK-LOOP] checking 2 open position(s)","timestamp":"2026-06-02T03:42:39.776Z"}
{"level":"debug","message":"[LIVE] SUI/USDC: checkRisk price=0.87270000 SL=0.83448000 TP=0.98380800 HWM=0.88160000 entry=0.87840000","timestamp":"2026-06-02T03:42:40.205Z"}
{"level":"debug","message":"[LIVE] JUP/USDC: checkRisk price=0.20650000 SL=0.18897720 TP=0.22254800 HWM=0.18860000 entry=0.18860000","timestamp":"2026-06-02T03:42:40.466Z"}
{"level":"debug","message":"[RISK-LOOP] checking 2 open position(s)","timestamp":"2026-06-02T03:44:39.589Z"}
{"level":"debug","message":"[LIVE] SUI/USDC: checkRisk price=0.87310000 SL=0.83448000 TP=0.98380800 HWM=0.88160000 entry=0.87840000","timestamp":"2026-06-02T03:44:40.029Z"}
{"level":"debug","message":"[LIVE] JUP/USDC: checkRisk price=0.20750000 SL=0.18897720 TP=0.22254800 HWM=0.18860000 entry=0.18860000","timestamp":"2026-06-02T03:44:40.288Z"}
{"level":"debug","message":"[RISK-LOOP] checking 2 open position(s)","timestamp":"2026-06-02T03:46:39.594Z"}
{"level":"debug","message":"[LIVE] SUI/USDC: checkRisk price=0.87270000 SL=0.83448000 TP=0.98380800 HWM=0.88160000 entry=0.87840000","timestamp":"2026-06-02T03:46:40.038Z"}
{"level":"debug","message":"[LIVE] JUP/USDC: checkRisk price=0.20690000 SL=0.18897720 TP=0.22254800 HWM=0.18860000 entry=0.18860000","timestamp":"2026-06-02T03:46:40.299Z"}
{"level":"info","message":"[MTF-CACHE] 15m refresh complete: 37/37 symbols","timestamp":"2026-06-02T03:47:59.135Z"}
{"level":"debug","message":"[RISK-LOOP] checking 2 open position(s)","timestamp":"2026-06-02T03:48:39.594Z"}
{"level":"debug","message":"[LIVE] SUI/USDC: checkRisk price=0.87230000 SL=0.83448000 TP=0.98380800 HWM=0.88160000 entry=0.87840000","timestamp":"2026-06-02T03:48:40.037Z"}
{"level":"debug","message":"[LIVE] JUP/USDC: checkRisk price=0.20680000 SL=0.18897720 TP=0.22254800 HWM=0.18860000 entry=0.18860000","timestamp":"2026-06-02T03:48:40.300Z"}
{"level":"debug","message":"[RISK-LOOP] checking 2 open position(s)","timestamp":"2026-06-02T03:50:39.599Z"}
{"level":"debug","message":"[LIVE] SUI/USDC: checkRisk price=0.87370000 SL=0.83448000 TP=0.98380800 HWM=0.88160000 entry=0.87840000","timestamp":"2026-06-02T03:50:40.042Z"}
{"level":"debug","message":"[LIVE] JUP/USDC: checkRisk price=0.20780000 SL=0.18897720 TP=0.22254800 HWM=0.18860000 entry=0.18860000","timestamp":"2026-06-02T03:50:40.304Z"}
{"level":"debug","message":"[RISK-LOOP] checking 2 open position(s)","timestamp":"2026-06-02T03:52:39.781Z"}
{"level":"debug","message":"[LIVE] SUI/USDC: checkRisk price=0.87310000 SL=0.83448000 TP=0.98380800 HWM=0.88160000 entry=0.87840000","timestamp":"2026-06-02T03:52:40.206Z"}
{"level":"debug","message":"[LIVE] JUP/USDC: checkRisk price=0.20800000 SL=0.18897720 TP=0.22254800 HWM=0.18860000 entry=0.18860000","timestamp":"2026-06-02T03:52:40.468Z"}
{"level":"debug","message":"[RISK-LOOP] checking 2 open position(s)","timestamp":"2026-06-02T03:54:39.599Z"}
{"level":"debug","message":"[LIVE] SUI/USDC: checkRisk price=0.87510000 SL=0.83448000 TP=0.98380800 HWM=0.88160000 entry=0.87840000","timestamp":"2026-06-02T03:54:40.042Z"}
{"level":"debug","message":"[LIVE] JUP/USDC: checkRisk price=0.20910000 SL=0.18897720 TP=0.22254800 HWM=0.18860000 entry=0.18860000","timestamp":"2026-06-02T03:54:40.307Z"}
{"level":"debug","message":"[RISK-LOOP] checking 2 open position(s)","timestamp":"2026-06-02T03:56:39.597Z"}
{"level":"debug","message":"[LIVE] SUI/USDC: checkRisk price=0.87280000 SL=0.83448000 TP=0.98380800 HWM=0.88160000 entry=0.87840000","timestamp":"2026-06-02T03:56:40.042Z"}
{"level":"debug","message":"[LIVE] JUP/USDC: checkRisk price=0.20860000 SL=0.18897720 TP=0.22254800 HWM=0.18860000 entry=0.18860000","timestamp":"2026-06-02T03:56:40.307Z"}
{"level":"debug","message":"[RISK-LOOP] checking 2 open position(s)","timestamp":"2026-06-02T03:58:39.595Z"}
{"level":"debug","message":"[LIVE] SUI/USDC: checkRisk price=0.87420000 SL=0.83448000 TP=0.98380800 HWM=0.88160000 entry=0.87840000","timestamp":"2026-06-02T03:58:40.041Z"}
{"level":"debug","message":"[LIVE] JUP/USDC: checkRisk price=0.20880000 SL=0.18897720 TP=0.22254800 HWM=0.18860000 entry=0.18860000","timestamp":"2026-06-02T03:58:40.303Z"}
{"level":"debug","message":"[RISK-LOOP] checking 2 open position(s)","timestamp":"2026-06-02T04:00:39.605Z"}
{"level":"debug","message":"[LIVE] SUI/USDC: checkRisk price=0.87480000 SL=0.83448000 TP=0.98380800 HWM=0.88160000 entry=0.87840000","timestamp":"2026-06-02T04:00:40.048Z"}
{"level":"debug","message":"[LIVE] JUP/USDC: checkRisk price=0.20840000 SL=0.18897720 TP=0.22254800 HWM=0.18860000 entry=0.18860000","timestamp":"2026-06-02T04:00:40.311Z"}
{"level":"debug","message":"[RISK-LOOP] checking 2 open position(s)","timestamp":"2026-06-02T04:02:39.779Z"}
{"level":"debug","message":"[LIVE] SUI/USDC: checkRisk price=0.87680000 SL=0.83448000 TP=0.98380800 HWM=0.88160000 entry=0.87840000","timestamp":"2026-06-02T04:02:40.210Z"}
{"level":"debug","message":"[LIVE] JUP/USDC: checkRisk price=0.20890000 SL=0.18897720 TP=0.22254800 HWM=0.18860000 entry=0.18860000","timestamp":"2026-06-02T04:02:40.469Z"}
{"level":"info","message":"[MTF-CACHE] 15m refresh complete: 37/37 symbols","timestamp":"2026-06-02T04:02:59.131Z"}
{"level":"debug","message":"[RISK-LOOP] checking 2 open position(s)","timestamp":"2026-06-02T04:04:39.603Z"}
{"level":"debug","message":"[LIVE] SUI/USDC: checkRisk price=0.87520000 SL=0.83448000 TP=0.98380800 HWM=0.88160000 entry=0.87840000","timestamp":"2026-06-02T04:04:40.045Z"}
{"level":"debug","message":"[LIVE] JUP/USDC: checkRisk price=0.20850000 SL=0.18897720 TP=0.22254800 HWM=0.18860000 entry=0.18860000","timestamp":"2026-06-02T04:04:40.308Z"}
{"level":"debug","message":"[RISK-LOOP] checking 2 open position(s)","timestamp":"2026-06-02T04:06:39.599Z"}
{"level":"debug","message":"[LIVE] SUI/USDC: checkRisk price=0.87360000 SL=0.83448000 TP=0.98380800 HWM=0.88160000 entry=0.87840000","timestamp":"2026-06-02T04:06:40.041Z"}
{"level":"debug","message":"[LIVE] JUP/USDC: checkRisk price=0.20910000 SL=0.18897720 TP=0.22254800 HWM=0.18860000 entry=0.18860000","timestamp":"2026-06-02T04:06:40.304Z"}
{"level":"debug","message":"[RISK-LOOP] checking 2 open position(s)","timestamp":"2026-06-02T04:08:39.599Z"}
{"level":"debug","message":"[LIVE] SUI/USDC: checkRisk price=0.87060000 SL=0.83448000 TP=0.98380800 HWM=0.88160000 entry=0.87840000","timestamp":"2026-06-02T04:08:40.042Z"}
{"level":"debug","message":"[LIVE] JUP/USDC: checkRisk price=0.20790000 SL=0.18897720 TP=0.22254800 HWM=0.18860000 entry=0.18860000","timestamp":"2026-06-02T04:08:40.304Z"}
{"level":"debug","message":"[RISK-LOOP] checking 2 open position(s)","timestamp":"2026-06-02T04:10:39.604Z"}
{"level":"debug","message":"[LIVE] SUI/USDC: checkRisk price=0.86700000 SL=0.83448000 TP=0.98380800 HWM=0.88160000 entry=0.87840000","timestamp":"2026-06-02T04:10:40.049Z"}
{"level":"debug","message":"[LIVE] JUP/USDC: checkRisk price=0.20760000 SL=0.18897720 TP=0.22254800 HWM=0.18860000 entry=0.18860000","timestamp":"2026-06-02T04:10:40.312Z"}
{"level":"debug","message":"[RISK-LOOP] checking 2 open position(s)","timestamp":"2026-06-02T04:12:39.783Z"}
{"level":"debug","message":"[LIVE] SUI/USDC: checkRisk price=0.86760000 SL=0.83448000 TP=0.98380800 HWM=0.88160000 entry=0.87840000","timestamp":"2026-06-02T04:12:40.216Z"}
{"level":"debug","message":"[LIVE] JUP/USDC: checkRisk price=0.20730000 SL=0.18897720 TP=0.22254800 HWM=0.18860000 entry=0.18860000","timestamp":"2026-06-02T04:12:40.479Z"}
{"level":"debug","message":"[RISK-LOOP] checking 2 open position(s)","timestamp":"2026-06-02T04:14:39.606Z"}
{"level":"debug","message":"[LIVE] SUI/USDC: checkRisk price=0.86850000 SL=0.83448000 TP=0.98380800 HWM=0.88160000 entry=0.87840000","timestamp":"2026-06-02T04:14:40.051Z"}
{"level":"debug","message":"[LIVE] JUP/USDC: checkRisk price=0.20760000 SL=0.18897720 TP=0.22254800 HWM=0.18860000 entry=0.18860000","timestamp":"2026-06-02T04:14:40.313Z"}
{"level":"debug","message":"[RISK-LOOP] checking 2 open position(s)","timestamp":"2026-06-02T04:16:39.612Z"}
{"level":"debug","message":"[LIVE] SUI/USDC: checkRisk price=0.86950000 SL=0.83448000 TP=0.98380800 HWM=0.88160000 entry=0.87840000","timestamp":"2026-06-02T04:16:40.053Z"}
{"level":"debug","message":"[LIVE] JUP/USDC: checkRisk price=0.20750000 SL=0.18897720 TP=0.22254800 HWM=0.18860000 entry=0.18860000","timestamp":"2026-06-02T04:16:40.317Z"}
{"level":"info","message":"[MTF-CACHE] 15m refresh complete: 37/37 symbols","timestamp":"2026-06-02T04:18:00.032Z"}
{"level":"debug","message":"[RISK-LOOP] checking 2 open position(s)","timestamp":"2026-06-02T04:18:39.604Z"}
{"level":"debug","message":"[LIVE] SUI/USDC: checkRisk price=0.86970000 SL=0.83448000 TP=0.98380800 HWM=0.88160000 entry=0.87840000","timestamp":"2026-06-02T04:18:40.048Z"}
{"level":"debug","message":"[LIVE] JUP/USDC: checkRisk price=0.20650000 SL=0.18897720 TP=0.22254800 HWM=0.18860000 entry=0.18860000","timestamp":"2026-06-02T04:18:40.311Z"}
{"level":"debug","message":"[RISK-LOOP] checking 2 open position(s)","timestamp":"2026-06-02T04:20:39.602Z"}
{"level":"debug","message":"[LIVE] SUI/USDC: checkRisk price=0.87130000 SL=0.83448000 TP=0.98380800 HWM=0.88160000 entry=0.87840000","timestamp":"2026-06-02T04:20:40.044Z"}
{"level":"debug","message":"[LIVE] JUP/USDC: checkRisk price=0.20570000 SL=0.18897720 TP=0.22254800 HWM=0.18860000 entry=0.18860000","timestamp":"2026-06-02T04:20:40.308Z"}
{"level":"debug","message":"[RISK-LOOP] checking 2 open position(s)","timestamp":"2026-06-02T04:22:39.784Z"}
{"level":"debug","message":"[LIVE] SUI/USDC: checkRisk price=0.87000000 SL=0.83448000 TP=0.98380800 HWM=0.88160000 entry=0.87840000","timestamp":"2026-06-02T04:22:40.214Z"}
{"level":"debug","message":"[LIVE] JUP/USDC: checkRisk price=0.20430000 SL=0.18897720 TP=0.22254800 HWM=0.18860000 entry=0.18860000","timestamp":"2026-06-02T04:22:40.478Z"}
{"level":"debug","message":"[RISK-LOOP] checking 2 open position(s)","timestamp":"2026-06-02T04:24:39.612Z"}
{"level":"debug","message":"[LIVE] SUI/USDC: checkRisk price=0.87080000 SL=0.83448000 TP=0.98380800 HWM=0.88160000 entry=0.87840000","timestamp":"2026-06-02T04:24:40.056Z"}
{"level":"debug","message":"[LIVE] JUP/USDC: checkRisk price=0.20480000 SL=0.18897720 TP=0.22254800 HWM=0.18860000 entry=0.18860000","timestamp":"2026-06-02T04:24:40.319Z"}
{"level":"debug","message":"[RISK-LOOP] checking 2 open position(s)","timestamp":"2026-06-02T04:26:39.607Z"}
{"level":"debug","message":"[LIVE] SUI/USDC: checkRisk price=0.87110000 SL=0.83448000 TP=0.98380800 HWM=0.88160000 entry=0.87840000","timestamp":"2026-06-02T04:26:40.053Z"}
{"level":"debug","message":"[LIVE] JUP/USDC: checkRisk price=0.20520000 SL=0.18897720 TP=0.22254800 HWM=0.18860000 entry=0.18860000","timestamp":"2026-06-02T04:26:40.317Z"}
{"level":"debug","message":"[RISK-LOOP] checking 2 open position(s)","timestamp":"2026-06-02T04:28:39.609Z"}
{"level":"debug","message":"[LIVE] SUI/USDC: checkRisk price=0.87190000 SL=0.83448000 TP=0.98380800 HWM=0.88160000 entry=0.87840000","timestamp":"2026-06-02T04:28:40.059Z"}
{"level":"debug","message":"[LIVE] JUP/USDC: checkRisk price=0.20520000 SL=0.18897720 TP=0.22254800 HWM=0.18860000 entry=0.18860000","timestamp":"2026-06-02T04:28:40.321Z"}
{"level":"debug","message":"[RISK-LOOP] checking 2 open position(s)","timestamp":"2026-06-02T04:30:39.609Z"}
{"level":"debug","message":"[LIVE] SUI/USDC: checkRisk price=0.87090000 SL=0.83448000 TP=0.98380800 HWM=0.88160000 entry=0.87840000","timestamp":"2026-06-02T04:30:40.051Z"}
{"level":"debug","message":"[LIVE] JUP/USDC: checkRisk price=0.20460000 SL=0.18897720 TP=0.22254800 HWM=0.18860000 entry=0.18860000","timestamp":"2026-06-02T04:30:40.314Z"}
{"level":"debug","message":"[RISK-LOOP] checking 2 open position(s)","timestamp":"2026-06-02T04:32:39.782Z"}
{"level":"debug","message":"[LIVE] SUI/USDC: checkRisk price=0.87090000 SL=0.83448000 TP=0.98380800 HWM=0.88160000 entry=0.87840000","timestamp":"2026-06-02T04:32:40.205Z"}
{"level":"debug","message":"[LIVE] JUP/USDC: checkRisk price=0.20410000 SL=0.18897720 TP=0.22254800 HWM=0.18860000 entry=0.18860000","timestamp":"2026-06-02T04:32:40.465Z"}
{"level":"info","message":"[MTF-CACHE] 15m refresh complete: 37/37 symbols","timestamp":"2026-06-02T04:32:59.191Z"}
{"level":"debug","message":"[RISK-LOOP] checking 2 open position(s)","timestamp":"2026-06-02T04:34:39.609Z"}
{"level":"debug","message":"[LIVE] SUI/USDC: checkRisk price=0.87220000 SL=0.83448000 TP=0.98380800 HWM=0.88160000 entry=0.87840000","timestamp":"2026-06-02T04:34:40.047Z"}
{"level":"debug","message":"[LIVE] JUP/USDC: checkRisk price=0.20420000 SL=0.18897720 TP=0.22254800 HWM=0.18860000 entry=0.18860000","timestamp":"2026-06-02T04:34:40.308Z"}
{"level":"debug","message":"[RISK-LOOP] checking 2 open position(s)","timestamp":"2026-06-02T04:36:39.610Z"}
{"level":"debug","message":"[LIVE] SUI/USDC: checkRisk price=0.87180000 SL=0.83448000 TP=0.98380800 HWM=0.88160000 entry=0.87840000","timestamp":"2026-06-02T04:36:40.053Z"}
{"level":"debug","message":"[LIVE] JUP/USDC: checkRisk price=0.20450000 SL=0.18897720 TP=0.22254800 HWM=0.18860000 entry=0.18860000","timestamp":"2026-06-02T04:36:40.317Z"}
{"level":"debug","message":"[RISK-LOOP] checking 2 open position(s)","timestamp":"2026-06-02T04:38:39.611Z"}
{"level":"debug","message":"[LIVE] SUI/USDC: checkRisk price=0.87010000 SL=0.83448000 TP=0.98380800 HWM=0.88160000 entry=0.87840000","timestamp":"2026-06-02T04:38:40.054Z"}
{"level":"debug","message":"[LIVE] JUP/USDC: checkRisk price=0.20380000 SL=0.18897720 TP=0.22254800 HWM=0.18860000 entry=0.18860000","timestamp":"2026-06-02T04:38:40.316Z"}
{"level":"debug","message":"[RISK-LOOP] checking 2 open position(s)","timestamp":"2026-06-02T04:40:39.614Z"}
{"level":"debug","message":"[LIVE] SUI/USDC: checkRisk price=0.87050000 SL=0.83448000 TP=0.98380800 HWM=0.88160000 entry=0.87840000","timestamp":"2026-06-02T04:40:40.057Z"}
{"level":"debug","message":"[LIVE] JUP/USDC: checkRisk price=0.20450000 SL=0.18897720 TP=0.22254800 HWM=0.18860000 entry=0.18860000","timestamp":"2026-06-02T04:40:40.318Z"}
{"level":"debug","message":"[RISK-LOOP] checking 2 open position(s)","timestamp":"2026-06-02T04:42:39.800Z"}
{"level":"debug","message":"[LIVE] SUI/USDC: checkRisk price=0.86950000 SL=0.83448000 TP=0.98380800 HWM=0.88160000 entry=0.87840000","timestamp":"2026-06-02T04:42:40.226Z"}
{"level":"debug","message":"[LIVE] JUP/USDC: checkRisk price=0.20450000 SL=0.18897720 TP=0.22254800 HWM=0.18860000 entry=0.18860000","timestamp":"2026-06-02T04:42:40.494Z"}
{"level":"debug","message":"[RISK-LOOP] checking 2 open position(s)","timestamp":"2026-06-02T04:44:39.617Z"}
{"level":"debug","message":"[LIVE] SUI/USDC: checkRisk price=0.86920000 SL=0.83448000 TP=0.98380800 HWM=0.88160000 entry=0.87840000","timestamp":"2026-06-02T04:44:40.514Z"}
{"level":"debug","message":"[LIVE] JUP/USDC: checkRisk price=0.20450000 SL=0.18897720 TP=0.22254800 HWM=0.18860000 entry=0.18860000","timestamp":"2026-06-02T04:44:40.775Z"}
{"level":"debug","message":"[RISK-LOOP] checking 2 open position(s)","timestamp":"2026-06-02T04:46:39.621Z"}
{"level":"debug","message":"[LIVE] SUI/USDC: checkRisk price=0.86800000 SL=0.83448000 TP=0.98380800 HWM=0.88160000 entry=0.87840000","timestamp":"2026-06-02T04:46:40.063Z"}
{"level":"debug","message":"[LIVE] JUP/USDC: checkRisk price=0.20410000 SL=0.18897720 TP=0.22254800 HWM=0.18860000 entry=0.18860000","timestamp":"2026-06-02T04:46:40.327Z"}
{"level":"info","message":"[MTF-CACHE] 15m refresh complete: 37/37 symbols","timestamp":"2026-06-02T04:47:59.684Z"}
{"level":"debug","message":"[RISK-LOOP] checking 2 open position(s)","timestamp":"2026-06-02T04:48:39.617Z"}
{"level":"debug","message":"[LIVE] SUI/USDC: checkRisk price=0.86690000 SL=0.83448000 TP=0.98380800 HWM=0.88160000 entry=0.87840000","timestamp":"2026-06-02T04:48:40.057Z"}
{"level":"debug","message":"[LIVE] JUP/USDC: checkRisk price=0.20400000 SL=0.18897720 TP=0.22254800 HWM=0.18860000 entry=0.18860000","timestamp":"2026-06-02T04:48:40.319Z"}
{"level":"debug","message":"[RISK-LOOP] checking 2 open position(s)","timestamp":"2026-06-02T04:50:39.619Z"}
{"level":"debug","message":"[LIVE] SUI/USDC: checkRisk price=0.86750000 SL=0.83448000 TP=0.98380800 HWM=0.88160000 entry=0.87840000","timestamp":"2026-06-02T04:50:40.062Z"}
{"level":"debug","message":"[LIVE] JUP/USDC: checkRisk price=0.20350000 SL=0.18897720 TP=0.22254800 HWM=0.18860000 entry=0.18860000","timestamp":"2026-06-02T04:50:40.319Z"}
{"level":"debug","message":"[RISK-LOOP] checking 2 open position(s)","timestamp":"2026-06-02T04:52:39.795Z"}
{"level":"debug","message":"[LIVE] SUI/USDC: checkRisk price=0.86620000 SL=0.83448000 TP=0.98380800 HWM=0.88160000 entry=0.87840000","timestamp":"2026-06-02T04:52:40.220Z"}
{"level":"debug","message":"[LIVE] JUP/USDC: checkRisk price=0.20390000 SL=0.18897720 TP=0.22254800 HWM=0.18860000 entry=0.18860000","timestamp":"2026-06-02T04:52:40.485Z"}
{"level":"debug","message":"[RISK-LOOP] checking 2 open position(s)","timestamp":"2026-06-02T04:54:39.622Z"}
{"level":"debug","message":"[LIVE] SUI/USDC: checkRisk price=0.86660000 SL=0.83448000 TP=0.98380800 HWM=0.88160000 entry=0.87840000","timestamp":"2026-06-02T04:54:40.065Z"}
{"level":"debug","message":"[LIVE] JUP/USDC: checkRisk price=0.20410000 SL=0.18897720 TP=0.22254800 HWM=0.18860000 entry=0.18860000","timestamp":"2026-06-02T04:54:40.327Z"}
{"level":"debug","message":"[RISK-LOOP] checking 2 open position(s)","timestamp":"2026-06-02T04:56:39.624Z"}
{"level":"debug","message":"[LIVE] SUI/USDC: checkRisk price=0.86490000 SL=0.83448000 TP=0.98380800 HWM=0.88160000 entry=0.87840000","timestamp":"2026-06-02T04:56:40.068Z"}
{"level":"debug","message":"[LIVE] JUP/USDC: checkRisk price=0.20350000 SL=0.18897720 TP=0.22254800 HWM=0.18860000 entry=0.18860000","timestamp":"2026-06-02T04:56:40.330Z"}
{"level":"debug","message":"[RISK-LOOP] checking 2 open position(s)","timestamp":"2026-06-02T04:58:39.627Z"}
{"level":"debug","message":"[LIVE] SUI/USDC: checkRisk price=0.86420000 SL=0.83448000 TP=0.98380800 HWM=0.88160000 entry=0.87840000","timestamp":"2026-06-02T04:58:40.072Z"}
{"level":"debug","message":"[LIVE] JUP/USDC: checkRisk price=0.20330000 SL=0.18897720 TP=0.22254800 HWM=0.18860000 entry=0.18860000","timestamp":"2026-06-02T04:58:40.335Z"}
{"level":"debug","message":"[RISK-LOOP] checking 2 open position(s)","timestamp":"2026-06-02T05:00:39.626Z"}
{"level":"debug","message":"[LIVE] SUI/USDC: checkRisk price=0.86400000 SL=0.83448000 TP=0.98380800 HWM=0.88160000 entry=0.87840000","timestamp":"2026-06-02T05:00:40.069Z"}
{"level":"debug","message":"[LIVE] JUP/USDC: checkRisk price=0.20310000 SL=0.18897720 TP=0.22254800 HWM=0.18860000 entry=0.18860000","timestamp":"2026-06-02T05:00:40.330Z"}
{"level":"debug","message":"[RISK-LOOP] checking 2 open position(s)","timestamp":"2026-06-02T05:02:39.795Z"}
{"level":"debug","message":"[LIVE] SUI/USDC: checkRisk price=0.86280000 SL=0.83448000 TP=0.98380800 HWM=0.88160000 entry=0.87840000","timestamp":"2026-06-02T05:02:40.219Z"}
{"level":"debug","message":"[LIVE] JUP/USDC: checkRisk price=0.20260000 SL=0.18897720 TP=0.22254800 HWM=0.18860000 entry=0.18860000","timestamp":"2026-06-02T05:02:40.483Z"}
{"level":"info","message":"[MTF-CACHE] 15m refresh complete: 37/37 symbols","timestamp":"2026-06-02T05:03:00.099Z"}
{"level":"debug","message":"[RISK-LOOP] checking 2 open position(s)","timestamp":"2026-06-02T05:04:39.627Z"}
{"level":"debug","message":"[LIVE] SUI/USDC: checkRisk price=0.86090000 SL=0.83448000 TP=0.98380800 HWM=0.88160000 entry=0.87840000","timestamp":"2026-06-02T05:04:40.070Z"}
{"level":"debug","message":"[LIVE] JUP/USDC: checkRisk price=0.20180000 SL=0.18897720 TP=0.22254800 HWM=0.18860000 entry=0.18860000","timestamp":"2026-06-02T05:04:40.333Z"}
{"level":"debug","message":"[RISK-LOOP] checking 2 open position(s)","timestamp":"2026-06-02T05:06:39.627Z"}
{"level":"debug","message":"[LIVE] SUI/USDC: checkRisk price=0.86080000 SL=0.83448000 TP=0.98380800 HWM=0.88160000 entry=0.87840000","timestamp":"2026-06-02T05:06:40.070Z"}
{"level":"debug","message":"[LIVE] JUP/USDC: checkRisk price=0.20090000 SL=0.18897720 TP=0.22254800 HWM=0.18860000 entry=0.18860000","timestamp":"2026-06-02T05:06:40.331Z"}
{"level":"debug","message":"[RISK-LOOP] checking 2 open position(s)","timestamp":"2026-06-02T05:08:39.619Z"}
{"level":"debug","message":"[LIVE] SUI/USDC: checkRisk price=0.86130000 SL=0.83448000 TP=0.98380800 HWM=0.88160000 entry=0.87840000","timestamp":"2026-06-02T05:08:40.064Z"}
{"level":"debug","message":"[LIVE] JUP/USDC: checkRisk price=0.20150000 SL=0.18897720 TP=0.22254800 HWM=0.18860000 entry=0.18860000","timestamp":"2026-06-02T05:08:40.327Z"}
{"level":"debug","message":"[RISK-LOOP] checking 2 open position(s)","timestamp":"2026-06-02T05:10:39.627Z"}
{"level":"debug","message":"[LIVE] SUI/USDC: checkRisk price=0.86260000 SL=0.83448000 TP=0.98380800 HWM=0.88160000 entry=0.87840000","timestamp":"2026-06-02T05:10:40.065Z"}
{"level":"debug","message":"[LIVE] JUP/USDC: checkRisk price=0.20150000 SL=0.18897720 TP=0.22254800 HWM=0.18860000 entry=0.18860000","timestamp":"2026-06-02T05:10:40.327Z"}
{"level":"debug","message":"[RISK-LOOP] checking 2 open position(s)","timestamp":"2026-06-02T05:12:39.786Z"}
{"level":"debug","message":"[LIVE] SUI/USDC: checkRisk price=0.86330000 SL=0.83448000 TP=0.98380800 HWM=0.88160000 entry=0.87840000","timestamp":"2026-06-02T05:12:40.214Z"}
{"level":"debug","message":"[LIVE] JUP/USDC: checkRisk price=0.20180000 SL=0.18897720 TP=0.22254800 HWM=0.18860000 entry=0.18860000","timestamp":"2026-06-02T05:12:40.478Z"}
{"level":"debug","message":"[RISK-LOOP] checking 2 open position(s)","timestamp":"2026-06-02T05:14:39.626Z"}
{"level":"debug","message":"[LIVE] SUI/USDC: checkRisk price=0.86560000 SL=0.83448000 TP=0.98380800 HWM=0.88160000 entry=0.87840000","timestamp":"2026-06-02T05:14:40.069Z"}
{"level":"debug","message":"[LIVE] JUP/USDC: checkRisk price=0.20240000 SL=0.18897720 TP=0.22254800 HWM=0.18860000 entry=0.18860000","timestamp":"2026-06-02T05:14:40.330Z"}
{"level":"debug","message":"[RISK-LOOP] checking 2 open position(s)","timestamp":"2026-06-02T05:16:39.627Z"}
{"level":"debug","message":"[LIVE] SUI/USDC: checkRisk price=0.86520000 SL=0.83448000 TP=0.98380800 HWM=0.88160000 entry=0.87840000","timestamp":"2026-06-02T05:16:40.070Z"}
{"level":"debug","message":"[LIVE] JUP/USDC: checkRisk price=0.20160000 SL=0.18897720 TP=0.22254800 HWM=0.18860000 entry=0.18860000","timestamp":"2026-06-02T05:16:40.333Z"}
{"level":"info","message":"[MTF-CACHE] 15m refresh complete: 37/37 symbols","timestamp":"2026-06-02T05:18:00.550Z"}
{"level":"debug","message":"[RISK-LOOP] checking 2 open position(s)","timestamp":"2026-06-02T05:18:39.622Z"}
{"level":"debug","message":"[LIVE] SUI/USDC: checkRisk price=0.86610000 SL=0.83448000 TP=0.98380800 HWM=0.88160000 entry=0.87840000","timestamp":"2026-06-02T05:18:40.062Z"}
{"level":"debug","message":"[LIVE] JUP/USDC: checkRisk price=0.20140000 SL=0.18897720 TP=0.22254800 HWM=0.18860000 entry=0.18860000","timestamp":"2026-06-02T05:18:40.326Z"}
{"level":"debug","message":"[RISK-LOOP] checking 2 open position(s)","timestamp":"2026-06-02T05:20:39.625Z"}
{"level":"debug","message":"[LIVE] SUI/USDC: checkRisk price=0.86490000 SL=0.83448000 TP=0.98380800 HWM=0.88160000 entry=0.87840000","timestamp":"2026-06-02T05:20:40.068Z"}
{"level":"debug","message":"[LIVE] JUP/USDC: checkRisk price=0.20140000 SL=0.18897720 TP=0.22254800 HWM=0.18860000 entry=0.18860000","timestamp":"2026-06-02T05:20:40.330Z"}
{"level":"debug","message":"[RISK-LOOP] checking 2 open position(s)","timestamp":"2026-06-02T05:22:39.837Z"}
{"level":"debug","message":"[LIVE] SUI/USDC: checkRisk price=0.86440000 SL=0.83448000 TP=0.98380800 HWM=0.88160000 entry=0.87840000","timestamp":"2026-06-02T05:22:40.262Z"}
{"level":"debug","message":"[LIVE] JUP/USDC: checkRisk price=0.20080000 SL=0.18897720 TP=0.22254800 HWM=0.18860000 entry=0.18860000","timestamp":"2026-06-02T05:22:40.526Z"}
{"level":"debug","message":"[RISK-LOOP] checking 2 open position(s)","timestamp":"2026-06-02T05:24:39.633Z"}
{"level":"debug","message":"[LIVE] SUI/USDC: checkRisk price=0.86470000 SL=0.83448000 TP=0.98380800 HWM=0.88160000 entry=0.87840000","timestamp":"2026-06-02T05:24:40.074Z"}
{"level":"debug","message":"[LIVE] JUP/USDC: checkRisk price=0.20050000 SL=0.18897720 TP=0.22254800 HWM=0.18860000 entry=0.18860000","timestamp":"2026-06-02T05:24:40.337Z"}
{"level":"debug","message":"[RISK-LOOP] checking 2 open position(s)","timestamp":"2026-06-02T05:26:39.632Z"}
{"level":"debug","message":"[LIVE] SUI/USDC: checkRisk price=0.86200000 SL=0.83448000 TP=0.98380800 HWM=0.88160000 entry=0.87840000","timestamp":"2026-06-02T05:26:40.078Z"}
{"level":"debug","message":"[LIVE] JUP/USDC: checkRisk price=0.20000000 SL=0.18897720 TP=0.22254800 HWM=0.18860000 entry=0.18860000","timestamp":"2026-06-02T05:26:40.342Z"}
{"level":"debug","message":"[RISK-LOOP] checking 2 open position(s)","timestamp":"2026-06-02T05:28:39.627Z"}
{"level":"debug","message":"[LIVE] SUI/USDC: checkRisk price=0.86140000 SL=0.83448000 TP=0.98380800 HWM=0.88160000 entry=0.87840000","timestamp":"2026-06-02T05:28:40.071Z"}
{"level":"debug","message":"[LIVE] JUP/USDC: checkRisk price=0.19970000 SL=0.18897720 TP=0.22254800 HWM=0.18860000 entry=0.18860000","timestamp":"2026-06-02T05:28:40.332Z"}
{"level":"debug","message":"[RISK-LOOP] checking 2 open position(s)","timestamp":"2026-06-02T05:30:39.627Z"}
{"level":"debug","message":"[LIVE] SUI/USDC: checkRisk price=0.86080000 SL=0.83448000 TP=0.98380800 HWM=0.88160000 entry=0.87840000","timestamp":"2026-06-02T05:30:40.071Z"}
{"level":"debug","message":"[LIVE] JUP/USDC: checkRisk price=0.19970000 SL=0.18897720 TP=0.22254800 HWM=0.18860000 entry=0.18860000","timestamp":"2026-06-02T05:30:40.333Z"}
{"level":"debug","message":"[RISK-LOOP] checking 2 open position(s)","timestamp":"2026-06-02T05:32:39.811Z"}
{"level":"debug","message":"[LIVE] SUI/USDC: checkRisk price=0.86210000 SL=0.83448000 TP=0.98380800 HWM=0.88160000 entry=0.87840000","timestamp":"2026-06-02T05:32:40.075Z"}
{"level":"debug","message":"[LIVE] JUP/USDC: checkRisk price=0.20000000 SL=0.18897720 TP=0.22254800 HWM=0.18860000 entry=0.18860000","timestamp":"2026-06-02T05:32:40.337Z"}
{"level":"info","message":"[MTF-CACHE] 15m refresh complete: 37/37 symbols","timestamp":"2026-06-02T05:32:59.824Z"}
{"level":"debug","message":"[RISK-LOOP] checking 2 open position(s)","timestamp":"2026-06-02T05:34:39.637Z"}
{"level":"debug","message":"[LIVE] SUI/USDC: checkRisk price=0.86040000 SL=0.83448000 TP=0.98380800 HWM=0.88160000 entry=0.87840000","timestamp":"2026-06-02T05:34:40.081Z"}
{"level":"debug","message":"[LIVE] JUP/USDC: checkRisk price=0.20040000 SL=0.18897720 TP=0.22254800 HWM=0.18860000 entry=0.18860000","timestamp":"2026-06-02T05:34:40.345Z"}
{"level":"debug","message":"[RISK-LOOP] checking 2 open position(s)","timestamp":"2026-06-02T05:36:39.637Z"}
{"level":"debug","message":"[LIVE] SUI/USDC: checkRisk price=0.85960000 SL=0.83448000 TP=0.98380800 HWM=0.88160000 entry=0.87840000","timestamp":"2026-06-02T05:36:40.081Z"}
{"level":"debug","message":"[LIVE] JUP/USDC: checkRisk price=0.20040000 SL=0.18897720 TP=0.22254800 HWM=0.18860000 entry=0.18860000","timestamp":"2026-06-02T05:36:40.344Z"}
{"level":"debug","message":"[RISK-LOOP] checking 2 open position(s)","timestamp":"2026-06-02T05:38:39.662Z"}
{"level":"debug","message":"[LIVE] SUI/USDC: checkRisk price=0.85790000 SL=0.83448000 TP=0.98380800 HWM=0.88160000 entry=0.87840000","timestamp":"2026-06-02T05:38:40.104Z"}
{"level":"debug","message":"[LIVE] JUP/USDC: checkRisk price=0.20130000 SL=0.18897720 TP=0.22254800 HWM=0.18860000 entry=0.18860000","timestamp":"2026-06-02T05:38:40.367Z"}
{"level":"debug","message":"[RISK-LOOP] checking 2 open position(s)","timestamp":"2026-06-02T05:40:39.701Z"}
{"level":"debug","message":"[LIVE] SUI/USDC: checkRisk price=0.85660000 SL=0.83448000 TP=0.98380800 HWM=0.88160000 entry=0.87840000","timestamp":"2026-06-02T05:40:40.143Z"}
{"level":"debug","message":"[LIVE] JUP/USDC: checkRisk price=0.20070000 SL=0.18897720 TP=0.22254800 HWM=0.18860000 entry=0.18860000","timestamp":"2026-06-02T05:40:40.408Z"}
{"level":"debug","message":"[RISK-LOOP] checking 2 open position(s)","timestamp":"2026-06-02T05:42:39.776Z"}
{"level":"debug","message":"[LIVE] SUI/USDC: checkRisk price=0.85820000 SL=0.83448000 TP=0.98380800 HWM=0.88160000 entry=0.87840000","timestamp":"2026-06-02T05:42:40.037Z"}
{"level":"debug","message":"[LIVE] JUP/USDC: checkRisk price=0.20140000 SL=0.18897720 TP=0.22254800 HWM=0.18860000 entry=0.18860000","timestamp":"2026-06-02T05:42:40.299Z"}
{"level":"debug","message":"[RISK-LOOP] checking 2 open position(s)","timestamp":"2026-06-02T05:44:39.776Z"}
{"level":"debug","message":"[LIVE] SUI/USDC: checkRisk price=0.85740000 SL=0.83448000 TP=0.98380800 HWM=0.88160000 entry=0.87840000","timestamp":"2026-06-02T05:44:40.217Z"}
{"level":"debug","message":"[LIVE] JUP/USDC: checkRisk price=0.20120000 SL=0.18897720 TP=0.22254800 HWM=0.18860000 entry=0.18860000","timestamp":"2026-06-02T05:44:40.481Z"}
{"level":"debug","message":"[RISK-LOOP] checking 2 open position(s)","timestamp":"2026-06-02T05:46:39.818Z"}
{"level":"debug","message":"[LIVE] SUI/USDC: checkRisk price=0.85600000 SL=0.83448000 TP=0.98380800 HWM=0.88160000 entry=0.87840000","timestamp":"2026-06-02T05:46:40.262Z"}
{"level":"debug","message":"[LIVE] JUP/USDC: checkRisk price=0.20050000 SL=0.18897720 TP=0.22254800 HWM=0.18860000 entry=0.18860000","timestamp":"2026-06-02T05:46:40.526Z"}
{"level":"info","message":"[MTF-CACHE] 15m refresh complete: 37/37 symbols","timestamp":"2026-06-02T05:47:59.828Z"}
{"level":"debug","message":"[RISK-LOOP] checking 2 open position(s)","timestamp":"2026-06-02T05:48:39.842Z"}
{"level":"debug","message":"[LIVE] SUI/USDC: checkRisk price=0.85550000 SL=0.83448000 TP=0.98380800 HWM=0.88160000 entry=0.87840000","timestamp":"2026-06-02T05:48:40.285Z"}
{"level":"debug","message":"[LIVE] JUP/USDC: checkRisk price=0.20100000 SL=0.18897720 TP=0.22254800 HWM=0.18860000 entry=0.18860000","timestamp":"2026-06-02T05:48:40.547Z"}
{"level":"debug","message":"[RISK-LOOP] checking 2 open position(s)","timestamp":"2026-06-02T05:50:39.813Z"}
{"level":"debug","message":"[LIVE] SUI/USDC: checkRisk price=0.85430000 SL=0.83448000 TP=0.98380800 HWM=0.88160000 entry=0.87840000","timestamp":"2026-06-02T05:50:40.076Z"}
{"level":"debug","message":"[LIVE] JUP/USDC: checkRisk price=0.20150000 SL=0.18897720 TP=0.22254800 HWM=0.18860000 entry=0.18860000","timestamp":"2026-06-02T05:50:40.338Z"}
{"level":"debug","message":"[RISK-LOOP] checking 2 open position(s)","timestamp":"2026-06-02T05:52:39.859Z"}
{"level":"debug","message":"[LIVE] SUI/USDC: checkRisk price=0.85400000 SL=0.83448000 TP=0.98380800 HWM=0.88160000 entry=0.87840000","timestamp":"2026-06-02T05:52:40.191Z"}
{"level":"debug","message":"[LIVE] JUP/USDC: checkRisk price=0.20110000 SL=0.18897720 TP=0.22254800 HWM=0.18860000 entry=0.18860000","timestamp":"2026-06-02T05:52:40.454Z"}
{"level":"debug","message":"[RISK-LOOP] checking 2 open position(s)","timestamp":"2026-06-02T05:54:39.813Z"}
{"level":"debug","message":"[LIVE] SUI/USDC: checkRisk price=0.85410000 SL=0.83448000 TP=0.98380800 HWM=0.88160000 entry=0.87840000","timestamp":"2026-06-02T05:54:40.079Z"}
{"level":"debug","message":"[LIVE] JUP/USDC: checkRisk price=0.20140000 SL=0.18897720 TP=0.22254800 HWM=0.18860000 entry=0.18860000","timestamp":"2026-06-02T05:54:40.346Z"}
{"level":"debug","message":"[RISK-LOOP] checking 2 open position(s)","timestamp":"2026-06-02T05:56:39.812Z"}
{"level":"debug","message":"[LIVE] SUI/USDC: checkRisk price=0.85270000 SL=0.83448000 TP=0.98380800 HWM=0.88160000 entry=0.87840000","timestamp":"2026-06-02T05:56:40.075Z"}
{"level":"debug","message":"[LIVE] JUP/USDC: checkRisk price=0.20080000 SL=0.18897720 TP=0.22254800 HWM=0.18860000 entry=0.18860000","timestamp":"2026-06-02T05:56:40.337Z"}
{"level":"debug","message":"[RISK-LOOP] checking 2 open position(s)","timestamp":"2026-06-02T05:58:39.810Z"}
{"level":"debug","message":"[LIVE] SUI/USDC: checkRisk price=0.85320000 SL=0.83448000 TP=0.98380800 HWM=0.88160000 entry=0.87840000","timestamp":"2026-06-02T05:58:40.251Z"}
{"level":"debug","message":"[LIVE] JUP/USDC: checkRisk price=0.20130000 SL=0.18897720 TP=0.22254800 HWM=0.18860000 entry=0.18860000","timestamp":"2026-06-02T05:58:40.514Z"}
{"level":"debug","message":"[RISK-LOOP] checking 2 open position(s)","timestamp":"2026-06-02T06:00:39.641Z"}
{"level":"debug","message":"[LIVE] SUI/USDC: checkRisk price=0.85240000 SL=0.83448000 TP=0.98380800 HWM=0.88160000 entry=0.87840000","timestamp":"2026-06-02T06:00:40.086Z"}
{"level":"debug","message":"[LIVE] JUP/USDC: checkRisk price=0.20000000 SL=0.18897720 TP=0.22254800 HWM=0.18860000 entry=0.18860000","timestamp":"2026-06-02T06:00:40.350Z"}
{"level":"debug","message":"[RISK-LOOP] checking 2 open position(s)","timestamp":"2026-06-02T06:02:39.795Z"}
{"level":"debug","message":"[LIVE] SUI/USDC: checkRisk price=0.85300000 SL=0.83448000 TP=0.98380800 HWM=0.88160000 entry=0.87840000","timestamp":"2026-06-02T06:02:40.232Z"}
{"level":"debug","message":"[LIVE] JUP/USDC: checkRisk price=0.20090000 SL=0.18897720 TP=0.22254800 HWM=0.18860000 entry=0.18860000","timestamp":"2026-06-02T06:02:40.496Z"}
{"level":"info","message":"[MTF-CACHE] 15m refresh complete: 37/37 symbols","timestamp":"2026-06-02T06:02:59.132Z"}
{"level":"debug","message":"[RISK-LOOP] checking 2 open position(s)","timestamp":"2026-06-02T06:04:39.637Z"}
{"level":"debug","message":"[LIVE] SUI/USDC: checkRisk price=0.85310000 SL=0.83448000 TP=0.98380800 HWM=0.88160000 entry=0.87840000","timestamp":"2026-06-02T06:04:40.124Z"}
{"level":"debug","message":"[LIVE] JUP/USDC: checkRisk price=0.20090000 SL=0.18897720 TP=0.22254800 HWM=0.18860000 entry=0.18860000","timestamp":"2026-06-02T06:04:40.386Z"}
{"level":"debug","message":"[RISK-LOOP] checking 2 open position(s)","timestamp":"2026-06-02T06:06:39.636Z"}
{"level":"debug","message":"[LIVE] SUI/USDC: checkRisk price=0.85280000 SL=0.83448000 TP=0.98380800 HWM=0.88160000 entry=0.87840000","timestamp":"2026-06-02T06:06:40.171Z"}
{"level":"debug","message":"[LIVE] JUP/USDC: checkRisk price=0.20130000 SL=0.18897720 TP=0.22254800 HWM=0.18860000 entry=0.18860000","timestamp":"2026-06-02T06:06:40.433Z"}
{"level":"debug","message":"[RISK-LOOP] checking 2 open position(s)","timestamp":"2026-06-02T06:08:39.645Z"}
{"level":"debug","message":"[LIVE] SUI/USDC: checkRisk price=0.85220000 SL=0.83448000 TP=0.98380800 HWM=0.88160000 entry=0.87840000","timestamp":"2026-06-02T06:08:40.224Z"}
{"level":"debug","message":"[LIVE] JUP/USDC: checkRisk price=0.20050000 SL=0.18897720 TP=0.22254800 HWM=0.18860000 entry=0.18860000","timestamp":"2026-06-02T06:08:40.487Z"}
{"level":"debug","message":"[RISK-LOOP] checking 2 open position(s)","timestamp":"2026-06-02T06:10:39.643Z"}
{"level":"debug","message":"[LIVE] SUI/USDC: checkRisk price=0.85340000 SL=0.83448000 TP=0.98380800 HWM=0.88160000 entry=0.87840000","timestamp":"2026-06-02T06:10:40.269Z"}
{"level":"debug","message":"[LIVE] JUP/USDC: checkRisk price=0.20110000 SL=0.18897720 TP=0.22254800 HWM=0.18860000 entry=0.18860000","timestamp":"2026-06-02T06:10:40.532Z"}
{"level":"debug","message":"[RISK-LOOP] checking 2 open position(s)","timestamp":"2026-06-02T06:12:39.793Z"}
{"level":"debug","message":"[LIVE] SUI/USDC: checkRisk price=0.85270000 SL=0.83448000 TP=0.98380800 HWM=0.88160000 entry=0.87840000","timestamp":"2026-06-02T06:12:40.344Z"}
{"level":"debug","message":"[LIVE] JUP/USDC: checkRisk price=0.20110000 SL=0.18897720 TP=0.22254800 HWM=0.18860000 entry=0.18860000","timestamp":"2026-06-02T06:12:40.608Z"}
{"level":"debug","message":"[RISK-LOOP] checking 2 open position(s)","timestamp":"2026-06-02T06:14:39.649Z"}
{"level":"debug","message":"[LIVE] SUI/USDC: checkRisk price=0.85260000 SL=0.83448000 TP=0.98380800 HWM=0.88160000 entry=0.87840000","timestamp":"2026-06-02T06:14:40.089Z"}
{"level":"debug","message":"[LIVE] JUP/USDC: checkRisk price=0.20130000 SL=0.18897720 TP=0.22254800 HWM=0.18860000 entry=0.18860000","timestamp":"2026-06-02T06:14:40.531Z"}
{"level":"debug","message":"[RISK-LOOP] checking 2 open position(s)","timestamp":"2026-06-02T06:16:39.641Z"}
{"level":"debug","message":"[LIVE] SUI/USDC: checkRisk price=0.85330000 SL=0.83448000 TP=0.98380800 HWM=0.88160000 entry=0.87840000","timestamp":"2026-06-02T06:16:40.088Z"}
{"level":"debug","message":"[LIVE] JUP/USDC: checkRisk price=0.20150000 SL=0.18897720 TP=0.22254800 HWM=0.18860000 entry=0.18860000","timestamp":"2026-06-02T06:16:40.530Z"}
{"level":"info","message":"[MTF-CACHE] 15m refresh complete: 37/37 symbols","timestamp":"2026-06-02T06:17:59.171Z"}
{"level":"debug","message":"[RISK-LOOP] checking 2 open position(s)","timestamp":"2026-06-02T06:18:39.643Z"}
{"level":"debug","message":"[LIVE] SUI/USDC: checkRisk price=0.85030000 SL=0.83448000 TP=0.98380800 HWM=0.88160000 entry=0.87840000","timestamp":"2026-06-02T06:18:40.086Z"}
{"level":"debug","message":"[LIVE] JUP/USDC: checkRisk price=0.20140000 SL=0.18897720 TP=0.22254800 HWM=0.18860000 entry=0.18860000","timestamp":"2026-06-02T06:18:40.528Z"}
{"level":"debug","message":"[RISK-LOOP] checking 2 open position(s)","timestamp":"2026-06-02T06:20:39.650Z"}
{"level":"debug","message":"[LIVE] SUI/USDC: checkRisk price=0.85050000 SL=0.83448000 TP=0.98380800 HWM=0.88160000 entry=0.87840000","timestamp":"2026-06-02T06:20:40.093Z"}
{"level":"debug","message":"[LIVE] JUP/USDC: checkRisk price=0.20140000 SL=0.18897720 TP=0.22254800 HWM=0.18860000 entry=0.18860000","timestamp":"2026-06-02T06:20:40.535Z"}
{"level":"debug","message":"[RISK-LOOP] checking 2 open position(s)","timestamp":"2026-06-02T06:22:39.796Z"}
{"level":"debug","message":"[LIVE] SUI/USDC: checkRisk price=0.85230000 SL=0.83448000 TP=0.98380800 HWM=0.88160000 entry=0.87840000","timestamp":"2026-06-02T06:22:40.231Z"}
{"level":"debug","message":"[LIVE] JUP/USDC: checkRisk price=0.20140000 SL=0.18897720 TP=0.22254800 HWM=0.18860000 entry=0.18860000","timestamp":"2026-06-02T06:22:40.671Z"}
{"level":"debug","message":"[RISK-LOOP] checking 2 open position(s)","timestamp":"2026-06-02T06:24:39.652Z"}
{"level":"debug","message":"[LIVE] SUI/USDC: checkRisk price=0.85190000 SL=0.83448000 TP=0.98380800 HWM=0.88160000 entry=0.87840000","timestamp":"2026-06-02T06:24:40.095Z"}
{"level":"debug","message":"[LIVE] JUP/USDC: checkRisk price=0.20090000 SL=0.18897720 TP=0.22254800 HWM=0.18860000 entry=0.18860000","timestamp":"2026-06-02T06:24:40.537Z"}
{"level":"debug","message":"[RISK-LOOP] checking 2 open position(s)","timestamp":"2026-06-02T06:26:39.652Z"}
{"level":"debug","message":"[LIVE] SUI/USDC: checkRisk price=0.85280000 SL=0.83448000 TP=0.98380800 HWM=0.88160000 entry=0.87840000","timestamp":"2026-06-02T06:26:40.096Z"}
{"level":"debug","message":"[LIVE] JUP/USDC: checkRisk price=0.20140000 SL=0.18897720 TP=0.22254800 HWM=0.18860000 entry=0.18860000","timestamp":"2026-06-02T06:26:40.541Z"}
{"level":"debug","message":"[RISK-LOOP] checking 2 open position(s)","timestamp":"2026-06-02T06:28:39.650Z"}
{"level":"debug","message":"[LIVE] SUI/USDC: checkRisk price=0.85300000 SL=0.83448000 TP=0.98380800 HWM=0.88160000 entry=0.87840000","timestamp":"2026-06-02T06:28:40.097Z"}
{"level":"debug","message":"[LIVE] JUP/USDC: checkRisk price=0.20140000 SL=0.18897720 TP=0.22254800 HWM=0.18860000 entry=0.18860000","timestamp":"2026-06-02T06:28:40.556Z"}
{"level":"debug","message":"[RISK-LOOP] checking 2 open position(s)","timestamp":"2026-06-02T06:30:39.660Z"}
{"level":"debug","message":"[LIVE] SUI/USDC: checkRisk price=0.85590000 SL=0.83448000 TP=0.98380800 HWM=0.88160000 entry=0.87840000","timestamp":"2026-06-02T06:30:40.102Z"}
{"level":"debug","message":"[LIVE] JUP/USDC: checkRisk price=0.20190000 SL=0.18897720 TP=0.22254800 HWM=0.18860000 entry=0.18860000","timestamp":"2026-06-02T06:30:40.366Z"}
{"level":"debug","message":"[RISK-LOOP] checking 2 open position(s)","timestamp":"2026-06-02T06:32:39.805Z"}
{"level":"debug","message":"[LIVE] SUI/USDC: checkRisk price=0.85630000 SL=0.83448000 TP=0.98380800 HWM=0.88160000 entry=0.87840000","timestamp":"2026-06-02T06:32:40.232Z"}
{"level":"debug","message":"[LIVE] JUP/USDC: checkRisk price=0.20230000 SL=0.18897720 TP=0.22254800 HWM=0.18860000 entry=0.18860000","timestamp":"2026-06-02T06:32:40.683Z"}
{"level":"info","message":"[MTF-CACHE] 15m refresh complete: 37/37 symbols","timestamp":"2026-06-02T06:32:59.604Z"}
{"level":"debug","message":"[RISK-LOOP] checking 2 open position(s)","timestamp":"2026-06-02T06:34:39.666Z"}
{"level":"debug","message":"[LIVE] SUI/USDC: checkRisk price=0.85620000 SL=0.83448000 TP=0.98380800 HWM=0.88160000 entry=0.87840000","timestamp":"2026-06-02T06:34:40.110Z"}
{"level":"debug","message":"[LIVE] JUP/USDC: checkRisk price=0.20230000 SL=0.18897720 TP=0.22254800 HWM=0.18860000 entry=0.18860000","timestamp":"2026-06-02T06:34:40.375Z"}
{"level":"debug","message":"[RISK-LOOP] checking 2 open position(s)","timestamp":"2026-06-02T06:36:39.672Z"}
{"level":"debug","message":"[LIVE] SUI/USDC: checkRisk price=0.85550000 SL=0.83448000 TP=0.98380800 HWM=0.88160000 entry=0.87840000","timestamp":"2026-06-02T06:36:40.117Z"}
{"level":"debug","message":"[LIVE] JUP/USDC: checkRisk price=0.20250000 SL=0.18897720 TP=0.22254800 HWM=0.18860000 entry=0.18860000","timestamp":"2026-06-02T06:36:40.382Z"}
{"level":"debug","message":"[RISK-LOOP] checking 2 open position(s)","timestamp":"2026-06-02T06:38:39.674Z"}
{"level":"debug","message":"[LIVE] SUI/USDC: checkRisk price=0.85650000 SL=0.83448000 TP=0.98380800 HWM=0.88160000 entry=0.87840000","timestamp":"2026-06-02T06:38:40.116Z"}
{"level":"debug","message":"[LIVE] JUP/USDC: checkRisk price=0.20250000 SL=0.18897720 TP=0.22254800 HWM=0.18860000 entry=0.18860000","timestamp":"2026-06-02T06:38:40.839Z"}
{"level":"debug","message":"[RISK-LOOP] checking 2 open position(s)","timestamp":"2026-06-02T06:40:39.672Z"}
{"level":"debug","message":"[LIVE] SUI/USDC: checkRisk price=0.85640000 SL=0.83448000 TP=0.98380800 HWM=0.88160000 entry=0.87840000","timestamp":"2026-06-02T06:40:40.112Z"}
{"level":"debug","message":"[LIVE] JUP/USDC: checkRisk price=0.20300000 SL=0.18897720 TP=0.22254800 HWM=0.18860000 entry=0.18860000","timestamp":"2026-06-02T06:40:40.377Z"}
{"level":"debug","message":"[RISK-LOOP] checking 2 open position(s)","timestamp":"2026-06-02T06:42:39.805Z"}
{"level":"debug","message":"[LIVE] SUI/USDC: checkRisk price=0.85640000 SL=0.83448000 TP=0.98380800 HWM=0.88160000 entry=0.87840000","timestamp":"2026-06-02T06:42:40.237Z"}
{"level":"debug","message":"[LIVE] JUP/USDC: checkRisk price=0.20290000 SL=0.18897720 TP=0.22254800 HWM=0.18860000 entry=0.18860000","timestamp":"2026-06-02T06:42:40.498Z"}
{"level":"debug","message":"[RISK-LOOP] checking 2 open position(s)","timestamp":"2026-06-02T06:44:39.672Z"}
{"level":"debug","message":"[LIVE] SUI/USDC: checkRisk price=0.85530000 SL=0.83448000 TP=0.98380800 HWM=0.88160000 entry=0.87840000","timestamp":"2026-06-02T06:44:40.572Z"}
{"level":"debug","message":"[LIVE] JUP/USDC: checkRisk price=0.20290000 SL=0.18897720 TP=0.22254800 HWM=0.18860000 entry=0.18860000","timestamp":"2026-06-02T06:44:41.014Z"}
{"level":"debug","message":"[RISK-LOOP] checking 2 open position(s)","timestamp":"2026-06-02T06:46:40.129Z"}
{"level":"debug","message":"[LIVE] SUI/USDC: checkRisk price=0.85440000 SL=0.83448000 TP=0.98380800 HWM=0.88160000 entry=0.87840000","timestamp":"2026-06-02T06:46:41.029Z"}
{"level":"debug","message":"[LIVE] JUP/USDC: checkRisk price=0.20350000 SL=0.18897720 TP=0.22254800 HWM=0.18860000 entry=0.18860000","timestamp":"2026-06-02T06:46:41.748Z"}
{"level":"info","message":"[MTF-CACHE] 15m refresh complete: 37/37 symbols","timestamp":"2026-06-02T06:48:00.407Z"}
{"level":"debug","message":"[RISK-LOOP] checking 2 open position(s)","timestamp":"2026-06-02T06:48:39.667Z"}
{"level":"debug","message":"[LIVE] SUI/USDC: checkRisk price=0.85480000 SL=0.83448000 TP=0.98380800 HWM=0.88160000 entry=0.87840000","timestamp":"2026-06-02T06:48:40.113Z"}
{"level":"debug","message":"[LIVE] JUP/USDC: checkRisk price=0.20310000 SL=0.18897720 TP=0.22254800 HWM=0.18860000 entry=0.18860000","timestamp":"2026-06-02T06:48:40.373Z"}
{"level":"debug","message":"[RISK-LOOP] checking 2 open position(s)","timestamp":"2026-06-02T06:50:40.129Z"}
{"level":"debug","message":"[LIVE] SUI/USDC: checkRisk price=0.85580000 SL=0.83448000 TP=0.98380800 HWM=0.88160000 entry=0.87840000","timestamp":"2026-06-02T06:50:41.029Z"}
{"level":"debug","message":"[LIVE] JUP/USDC: checkRisk price=0.20270000 SL=0.18897720 TP=0.22254800 HWM=0.18860000 entry=0.18860000","timestamp":"2026-06-02T06:50:41.749Z"}
{"level":"debug","message":"[RISK-LOOP] checking 2 open position(s)","timestamp":"2026-06-02T06:52:40.265Z"}
{"level":"debug","message":"[LIVE] SUI/USDC: checkRisk price=0.85620000 SL=0.83448000 TP=0.98380800 HWM=0.88160000 entry=0.87840000","timestamp":"2026-06-02T06:52:40.986Z"}
{"level":"debug","message":"[LIVE] JUP/USDC: checkRisk price=0.20330000 SL=0.18897720 TP=0.22254800 HWM=0.18860000 entry=0.18860000","timestamp":"2026-06-02T06:52:41.429Z"}
{"level":"debug","message":"[RISK-LOOP] checking 2 open position(s)","timestamp":"2026-06-02T06:54:40.118Z"}
{"level":"debug","message":"[LIVE] SUI/USDC: checkRisk price=0.85340000 SL=0.83448000 TP=0.98380800 HWM=0.88160000 entry=0.87840000","timestamp":"2026-06-02T06:54:41.016Z"}
{"level":"debug","message":"[LIVE] JUP/USDC: checkRisk price=0.20310000 SL=0.18897720 TP=0.22254800 HWM=0.18860000 entry=0.18860000","timestamp":"2026-06-02T06:54:41.390Z"}
{"level":"debug","message":"[RISK-LOOP] checking 2 open position(s)","timestamp":"2026-06-02T06:56:39.672Z"}
{"level":"debug","message":"[LIVE] SUI/USDC: checkRisk price=0.85270000 SL=0.83448000 TP=0.98380800 HWM=0.88160000 entry=0.87840000","timestamp":"2026-06-02T06:56:40.115Z"}
{"level":"debug","message":"[LIVE] JUP/USDC: checkRisk price=0.20230000 SL=0.18897720 TP=0.22254800 HWM=0.18860000 entry=0.18860000","timestamp":"2026-06-02T06:56:40.376Z"}
{"level":"debug","message":"[RISK-LOOP] checking 2 open position(s)","timestamp":"2026-06-02T06:58:39.673Z"}
{"level":"debug","message":"[LIVE] SUI/USDC: checkRisk price=0.85260000 SL=0.83448000 TP=0.98380800 HWM=0.88160000 entry=0.87840000","timestamp":"2026-06-02T06:58:40.115Z"}
{"level":"debug","message":"[LIVE] JUP/USDC: checkRisk price=0.20210000 SL=0.18897720 TP=0.22254800 HWM=0.18860000 entry=0.18860000","timestamp":"2026-06-02T06:58:40.377Z"}
{"level":"debug","message":"[RISK-LOOP] checking 2 open position(s)","timestamp":"2026-06-02T07:00:39.674Z"}
{"level":"debug","message":"[LIVE] SUI/USDC: checkRisk price=0.85420000 SL=0.83448000 TP=0.98380800 HWM=0.88160000 entry=0.87840000","timestamp":"2026-06-02T07:00:40.116Z"}
{"level":"debug","message":"[LIVE] JUP/USDC: checkRisk price=0.20200000 SL=0.18897720 TP=0.22254800 HWM=0.18860000 entry=0.18860000","timestamp":"2026-06-02T07:00:40.375Z"}
{"level":"debug","message":"[RISK-LOOP] checking 2 open position(s)","timestamp":"2026-06-02T07:02:39.796Z"}
{"level":"debug","message":"[LIVE] SUI/USDC: checkRisk price=0.84810000 SL=0.83448000 TP=0.98380800 HWM=0.88160000 entry=0.87840000","timestamp":"2026-06-02T07:02:40.234Z"}
{"level":"debug","message":"[LIVE] JUP/USDC: checkRisk price=0.20100000 SL=0.18897720 TP=0.22254800 HWM=0.18860000 entry=0.18860000","timestamp":"2026-06-02T07:02:40.499Z"}
{"level":"info","message":"[MTF-CACHE] 15m refresh complete: 37/37 symbols","timestamp":"2026-06-02T07:02:59.632Z"}
{"level":"debug","message":"[RISK-LOOP] checking 2 open position(s)","timestamp":"2026-06-02T07:04:39.674Z"}
{"level":"debug","message":"[LIVE] SUI/USDC: checkRisk price=0.84730000 SL=0.83448000 TP=0.98380800 HWM=0.88160000 entry=0.87840000","timestamp":"2026-06-02T07:04:40.118Z"}
{"level":"debug","message":"[LIVE] JUP/USDC: checkRisk price=0.20060000 SL=0.18897720 TP=0.22254800 HWM=0.18860000 entry=0.18860000","timestamp":"2026-06-02T07:04:40.381Z"}
{"level":"debug","message":"[RISK-LOOP] checking 2 open position(s)","timestamp":"2026-06-02T07:06:39.678Z"}
{"level":"debug","message":"[LIVE] SUI/USDC: checkRisk price=0.84880000 SL=0.83448000 TP=0.98380800 HWM=0.88160000 entry=0.87840000","timestamp":"2026-06-02T07:06:40.124Z"}
{"level":"debug","message":"[LIVE] JUP/USDC: checkRisk price=0.20030000 SL=0.18897720 TP=0.22254800 HWM=0.18860000 entry=0.18860000","timestamp":"2026-06-02T07:06:40.391Z"}
{"level":"debug","message":"[RISK-LOOP] checking 2 open position(s)","timestamp":"2026-06-02T07:08:39.679Z"}
{"level":"debug","message":"[LIVE] SUI/USDC: checkRisk price=0.85040000 SL=0.83448000 TP=0.98380800 HWM=0.88160000 entry=0.87840000","timestamp":"2026-06-02T07:08:40.123Z"}
{"level":"debug","message":"[LIVE] JUP/USDC: checkRisk price=0.20010000 SL=0.18897720 TP=0.22254800 HWM=0.18860000 entry=0.18860000","timestamp":"2026-06-02T07:08:40.386Z"}
{"level":"debug","message":"[RISK-LOOP] checking 2 open position(s)","timestamp":"2026-06-02T07:10:39.680Z"}
{"level":"debug","message":"[LIVE] SUI/USDC: checkRisk price=0.85110000 SL=0.83448000 TP=0.98380800 HWM=0.88160000 entry=0.87840000","timestamp":"2026-06-02T07:10:40.121Z"}
{"level":"debug","message":"[LIVE] JUP/USDC: checkRisk price=0.20010000 SL=0.18897720 TP=0.22254800 HWM=0.18860000 entry=0.18860000","timestamp":"2026-06-02T07:10:40.384Z"}
{"level":"debug","message":"[RISK-LOOP] checking 2 open position(s)","timestamp":"2026-06-02T07:12:39.802Z"}
{"level":"debug","message":"[LIVE] SUI/USDC: checkRisk price=0.85170000 SL=0.83448000 TP=0.98380800 HWM=0.88160000 entry=0.87840000","timestamp":"2026-06-02T07:12:40.235Z"}
{"level":"debug","message":"[LIVE] JUP/USDC: checkRisk price=0.19940000 SL=0.18897720 TP=0.22254800 HWM=0.18860000 entry=0.18860000","timestamp":"2026-06-02T07:12:40.498Z"}
{"level":"debug","message":"[RISK-LOOP] checking 2 open position(s)","timestamp":"2026-06-02T07:14:39.684Z"}
{"level":"debug","message":"[LIVE] SUI/USDC: checkRisk price=0.85290000 SL=0.83448000 TP=0.98380800 HWM=0.88160000 entry=0.87840000","timestamp":"2026-06-02T07:14:40.128Z"}
{"level":"debug","message":"[LIVE] JUP/USDC: checkRisk price=0.20020000 SL=0.18897720 TP=0.22254800 HWM=0.18860000 entry=0.18860000","timestamp":"2026-06-02T07:14:40.393Z"}
{"level":"debug","message":"[RISK-LOOP] checking 2 open position(s)","timestamp":"2026-06-02T07:16:39.686Z"}
{"level":"debug","message":"[LIVE] SUI/USDC: checkRisk price=0.85590000 SL=0.83448000 TP=0.98380800 HWM=0.88160000 entry=0.87840000","timestamp":"2026-06-02T07:16:40.127Z"}
{"level":"debug","message":"[LIVE] JUP/USDC: checkRisk price=0.20090000 SL=0.18897720 TP=0.22254800 HWM=0.18860000 entry=0.18860000","timestamp":"2026-06-02T07:16:40.390Z"}
{"level":"info","message":"[MTF-CACHE] 15m refresh complete: 37/37 symbols","timestamp":"2026-06-02T07:18:00.024Z"}
{"level":"debug","message":"[RISK-LOOP] checking 2 open position(s)","timestamp":"2026-06-02T07:18:39.681Z"}
{"level":"debug","message":"[LIVE] SUI/USDC: checkRisk price=0.85670000 SL=0.83448000 TP=0.98380800 HWM=0.88160000 entry=0.87840000","timestamp":"2026-06-02T07:18:40.122Z"}
{"level":"debug","message":"[LIVE] JUP/USDC: checkRisk price=0.20090000 SL=0.18897720 TP=0.22254800 HWM=0.18860000 entry=0.18860000","timestamp":"2026-06-02T07:18:40.384Z"}
{"level":"debug","message":"[RISK-LOOP] checking 2 open position(s)","timestamp":"2026-06-02T07:20:39.693Z"}
{"level":"debug","message":"[LIVE] SUI/USDC: checkRisk price=0.85640000 SL=0.83448000 TP=0.98380800 HWM=0.88160000 entry=0.87840000","timestamp":"2026-06-02T07:20:40.134Z"}
{"level":"debug","message":"[LIVE] JUP/USDC: checkRisk price=0.20090000 SL=0.18897720 TP=0.22254800 HWM=0.18860000 entry=0.18860000","timestamp":"2026-06-02T07:20:40.397Z"}
{"level":"debug","message":"[RISK-LOOP] checking 2 open position(s)","timestamp":"2026-06-02T07:22:39.812Z"}
{"level":"debug","message":"[LIVE] SUI/USDC: checkRisk price=0.85480000 SL=0.83448000 TP=0.98380800 HWM=0.88160000 entry=0.87840000","timestamp":"2026-06-02T07:22:40.250Z"}
{"level":"debug","message":"[LIVE] JUP/USDC: checkRisk price=0.20160000 SL=0.18897720 TP=0.22254800 HWM=0.18860000 entry=0.18860000","timestamp":"2026-06-02T07:22:40.512Z"}
{"level":"debug","message":"[RISK-LOOP] checking 2 open position(s)","timestamp":"2026-06-02T07:24:39.686Z"}
{"level":"debug","message":"[LIVE] SUI/USDC: checkRisk price=0.85390000 SL=0.83448000 TP=0.98380800 HWM=0.88160000 entry=0.87840000","timestamp":"2026-06-02T07:24:40.129Z"}
{"level":"debug","message":"[LIVE] JUP/USDC: checkRisk price=0.20160000 SL=0.18897720 TP=0.22254800 HWM=0.18860000 entry=0.18860000","timestamp":"2026-06-02T07:24:40.393Z"}
{"level":"debug","message":"[RISK-LOOP] checking 2 open position(s)","timestamp":"2026-06-02T07:26:39.690Z"}
{"level":"debug","message":"[LIVE] SUI/USDC: checkRisk price=0.84910000 SL=0.83448000 TP=0.98380800 HWM=0.88160000 entry=0.87840000","timestamp":"2026-06-02T07:26:40.132Z"}
{"level":"debug","message":"[LIVE] JUP/USDC: checkRisk price=0.20070000 SL=0.18897720 TP=0.22254800 HWM=0.18860000 entry=0.18860000","timestamp":"2026-06-02T07:26:40.393Z"}
{"level":"debug","message":"[RISK-LOOP] checking 2 open position(s)","timestamp":"2026-06-02T07:28:39.691Z"}
{"level":"debug","message":"[LIVE] SUI/USDC: checkRisk price=0.85060000 SL=0.83448000 TP=0.98380800 HWM=0.88160000 entry=0.87840000","timestamp":"2026-06-02T07:28:40.133Z"}
{"level":"debug","message":"[LIVE] JUP/USDC: checkRisk price=0.20000000 SL=0.18897720 TP=0.22254800 HWM=0.18860000 entry=0.18860000","timestamp":"2026-06-02T07:28:40.395Z"}
{"level":"debug","message":"[RISK-LOOP] checking 2 open position(s)","timestamp":"2026-06-02T07:30:39.692Z"}
{"level":"debug","message":"[LIVE] SUI/USDC: checkRisk price=0.85080000 SL=0.83448000 TP=0.98380800 HWM=0.88160000 entry=0.87840000","timestamp":"2026-06-02T07:30:40.140Z"}
{"level":"debug","message":"[LIVE] JUP/USDC: checkRisk price=0.20060000 SL=0.18897720 TP=0.22254800 HWM=0.18860000 entry=0.18860000","timestamp":"2026-06-02T07:30:40.402Z"}
{"level":"debug","message":"[RISK-LOOP] checking 2 open position(s)","timestamp":"2026-06-02T07:32:39.821Z"}
{"level":"debug","message":"[LIVE] SUI/USDC: checkRisk price=0.85400000 SL=0.83448000 TP=0.98380800 HWM=0.88160000 entry=0.87840000","timestamp":"2026-06-02T07:32:40.257Z"}
{"level":"debug","message":"[LIVE] JUP/USDC: checkRisk price=0.20130000 SL=0.18897720 TP=0.22254800 HWM=0.18860000 entry=0.18860000","timestamp":"2026-06-02T07:32:40.517Z"}
{"level":"info","message":"[MTF-CACHE] 15m refresh complete: 37/37 symbols","timestamp":"2026-06-02T07:33:00.028Z"}
{"level":"info","message":"[MTF-CACHE] 4h refresh complete: 37/37 symbols","timestamp":"2026-06-02T07:33:00.200Z"}
{"level":"debug","message":"[RISK-LOOP] checking 2 open position(s)","timestamp":"2026-06-02T07:34:39.689Z"}
{"level":"debug","message":"[LIVE] SUI/USDC: checkRisk price=0.85400000 SL=0.83448000 TP=0.98380800 HWM=0.88160000 entry=0.87840000","timestamp":"2026-06-02T07:34:40.131Z"}
{"level":"debug","message":"[LIVE] JUP/USDC: checkRisk price=0.20220000 SL=0.18897720 TP=0.22254800 HWM=0.18860000 entry=0.18860000","timestamp":"2026-06-02T07:34:40.393Z"}
{"level":"debug","message":"[RISK-LOOP] checking 2 open position(s)","timestamp":"2026-06-02T07:36:39.694Z"}
{"level":"debug","message":"[LIVE] SUI/USDC: checkRisk price=0.85520000 SL=0.83448000 TP=0.98380800 HWM=0.88160000 entry=0.87840000","timestamp":"2026-06-02T07:36:40.135Z"}
{"level":"debug","message":"[LIVE] JUP/USDC: checkRisk price=0.20200000 SL=0.18897720 TP=0.22254800 HWM=0.18860000 entry=0.18860000","timestamp":"2026-06-02T07:36:40.401Z"}
{"level":"debug","message":"[RISK-LOOP] checking 2 open position(s)","timestamp":"2026-06-02T07:38:39.694Z"}
{"level":"debug","message":"[LIVE] SUI/USDC: checkRisk price=0.85580000 SL=0.83448000 TP=0.98380800 HWM=0.88160000 entry=0.87840000","timestamp":"2026-06-02T07:38:40.137Z"}
{"level":"debug","message":"[LIVE] JUP/USDC: checkRisk price=0.20330000 SL=0.18897720 TP=0.22254800 HWM=0.18860000 entry=0.18860000","timestamp":"2026-06-02T07:38:40.398Z"}
{"level":"debug","message":"[RISK-LOOP] checking 2 open position(s)","timestamp":"2026-06-02T07:40:39.695Z"}
{"level":"debug","message":"[LIVE] SUI/USDC: checkRisk price=0.85530000 SL=0.83448000 TP=0.98380800 HWM=0.88160000 entry=0.87840000","timestamp":"2026-06-02T07:40:40.139Z"}
{"level":"debug","message":"[LIVE] JUP/USDC: checkRisk price=0.20270000 SL=0.18897720 TP=0.22254800 HWM=0.18860000 entry=0.18860000","timestamp":"2026-06-02T07:40:40.400Z"}
{"level":"debug","message":"[RISK-LOOP] checking 2 open position(s)","timestamp":"2026-06-02T07:42:39.824Z"}
{"level":"debug","message":"[LIVE] SUI/USDC: checkRisk price=0.85590000 SL=0.83448000 TP=0.98380800 HWM=0.88160000 entry=0.87840000","timestamp":"2026-06-02T07:42:40.244Z"}
{"level":"debug","message":"[LIVE] JUP/USDC: checkRisk price=0.20410000 SL=0.18897720 TP=0.22254800 HWM=0.18860000 entry=0.18860000","timestamp":"2026-06-02T07:42:40.965Z"}
{"level":"debug","message":"[RISK-LOOP] checking 2 open position(s)","timestamp":"2026-06-02T07:44:39.696Z"}
{"level":"debug","message":"[LIVE] SUI/USDC: checkRisk price=0.85480000 SL=0.83448000 TP=0.98380800 HWM=0.88160000 entry=0.87840000","timestamp":"2026-06-02T07:44:40.592Z"}
{"level":"debug","message":"[LIVE] JUP/USDC: checkRisk price=0.20440000 SL=0.18897720 TP=0.22254800 HWM=0.18860000 entry=0.18860000","timestamp":"2026-06-02T07:44:40.849Z"}
{"level":"debug","message":"[RISK-LOOP] checking 2 open position(s)","timestamp":"2026-06-02T07:46:39.704Z"}
{"level":"debug","message":"[LIVE] SUI/USDC: checkRisk price=0.85310000 SL=0.83448000 TP=0.98380800 HWM=0.88160000 entry=0.87840000","timestamp":"2026-06-02T07:46:40.145Z"}
{"level":"debug","message":"[LIVE] JUP/USDC: checkRisk price=0.20430000 SL=0.18897720 TP=0.22254800 HWM=0.18860000 entry=0.18860000","timestamp":"2026-06-02T07:46:40.407Z"}
{"level":"info","message":"[MTF-CACHE] 15m refresh complete: 37/37 symbols","timestamp":"2026-06-02T07:47:59.608Z"}
{"level":"debug","message":"[RISK-LOOP] checking 2 open position(s)","timestamp":"2026-06-02T07:48:39.699Z"}
{"level":"debug","message":"[LIVE] SUI/USDC: checkRisk price=0.85170000 SL=0.83448000 TP=0.98380800 HWM=0.88160000 entry=0.87840000","timestamp":"2026-06-02T07:48:40.139Z"}
{"level":"debug","message":"[LIVE] JUP/USDC: checkRisk price=0.20390000 SL=0.18897720 TP=0.22254800 HWM=0.18860000 entry=0.18860000","timestamp":"2026-06-02T07:48:40.402Z"}
{"level":"debug","message":"[RISK-LOOP] checking 2 open position(s)","timestamp":"2026-06-02T07:50:39.703Z"}
{"level":"debug","message":"[LIVE] SUI/USDC: checkRisk price=0.85270000 SL=0.83448000 TP=0.98380800 HWM=0.88160000 entry=0.87840000","timestamp":"2026-06-02T07:50:40.141Z"}
{"level":"debug","message":"[LIVE] JUP/USDC: checkRisk price=0.20440000 SL=0.18897720 TP=0.22254800 HWM=0.18860000 entry=0.18860000","timestamp":"2026-06-02T07:50:40.400Z"}
{"level":"debug","message":"[RISK-LOOP] checking 2 open position(s)","timestamp":"2026-06-02T07:52:39.826Z"}
{"level":"debug","message":"[LIVE] SUI/USDC: checkRisk price=0.85400000 SL=0.83448000 TP=0.98380800 HWM=0.88160000 entry=0.87840000","timestamp":"2026-06-02T07:52:40.258Z"}
{"level":"debug","message":"[LIVE] JUP/USDC: checkRisk price=0.20480000 SL=0.18897720 TP=0.22254800 HWM=0.18860000 entry=0.18860000","timestamp":"2026-06-02T07:52:40.524Z"}
{"level":"debug","message":"[RISK-LOOP] checking 2 open position(s)","timestamp":"2026-06-02T07:54:39.701Z"}
{"level":"debug","message":"[LIVE] SUI/USDC: checkRisk price=0.85340000 SL=0.83448000 TP=0.98380800 HWM=0.88160000 entry=0.87840000","timestamp":"2026-06-02T07:54:40.141Z"}
{"level":"debug","message":"[LIVE] JUP/USDC: checkRisk price=0.20460000 SL=0.18897720 TP=0.22254800 HWM=0.18860000 entry=0.18860000","timestamp":"2026-06-02T07:54:40.401Z"}
{"level":"debug","message":"[RISK-LOOP] checking 2 open position(s)","timestamp":"2026-06-02T07:56:39.706Z"}
{"level":"debug","message":"[LIVE] SUI/USDC: checkRisk price=0.85420000 SL=0.83448000 TP=0.98380800 HWM=0.88160000 entry=0.87840000","timestamp":"2026-06-02T07:56:40.148Z"}
{"level":"debug","message":"[LIVE] JUP/USDC: checkRisk price=0.20490000 SL=0.18897720 TP=0.22254800 HWM=0.18860000 entry=0.18860000","timestamp":"2026-06-02T07:56:40.408Z"}
{"level":"debug","message":"[RISK-LOOP] checking 2 open position(s)","timestamp":"2026-06-02T07:58:39.718Z"}
{"level":"debug","message":"[LIVE] SUI/USDC: checkRisk price=0.85270000 SL=0.83448000 TP=0.98380800 HWM=0.88160000 entry=0.87840000","timestamp":"2026-06-02T07:58:40.159Z"}
{"level":"debug","message":"[LIVE] JUP/USDC: checkRisk price=0.20390000 SL=0.18897720 TP=0.22254800 HWM=0.18860000 entry=0.18860000","timestamp":"2026-06-02T07:58:40.422Z"}
{"level":"debug","message":"[RISK-LOOP] checking 2 open position(s)","timestamp":"2026-06-02T08:00:39.725Z"}
{"level":"debug","message":"[LIVE] SUI/USDC: checkRisk price=0.85200000 SL=0.83448000 TP=0.98380800 HWM=0.88160000 entry=0.87840000","timestamp":"2026-06-02T08:00:40.167Z"}
{"level":"debug","message":"[LIVE] JUP/USDC: checkRisk price=0.20400000 SL=0.18897720 TP=0.22254800 HWM=0.18860000 entry=0.18860000","timestamp":"2026-06-02T08:00:40.428Z"}
{"level":"debug","message":"[RISK-LOOP] checking 2 open position(s)","timestamp":"2026-06-02T08:02:39.817Z"}
{"level":"debug","message":"[LIVE] SUI/USDC: checkRisk price=0.85290000 SL=0.83448000 TP=0.98380800 HWM=0.88160000 entry=0.87840000","timestamp":"2026-06-02T08:02:40.253Z"}
{"level":"debug","message":"[LIVE] JUP/USDC: checkRisk price=0.20390000 SL=0.18897720 TP=0.22254800 HWM=0.18860000 entry=0.18860000","timestamp":"2026-06-02T08:02:40.517Z"}
{"level":"info","message":"[MTF-CACHE] 15m refresh complete: 37/37 symbols","timestamp":"2026-06-02T08:02:59.380Z"}
{"level":"debug","message":"[RISK-LOOP] checking 2 open position(s)","timestamp":"2026-06-02T08:04:39.707Z"}
{"level":"debug","message":"[LIVE] SUI/USDC: checkRisk price=0.85160000 SL=0.83448000 TP=0.98380800 HWM=0.88160000 entry=0.87840000","timestamp":"2026-06-02T08:04:40.149Z"}
{"level":"debug","message":"[LIVE] JUP/USDC: checkRisk price=0.20370000 SL=0.18897720 TP=0.22254800 HWM=0.18860000 entry=0.18860000","timestamp":"2026-06-02T08:04:40.415Z"}
{"level":"debug","message":"[RISK-LOOP] checking 2 open position(s)","timestamp":"2026-06-02T08:06:39.710Z"}
{"level":"debug","message":"[LIVE] SUI/USDC: checkRisk price=0.85170000 SL=0.83448000 TP=0.98380800 HWM=0.88160000 entry=0.87840000","timestamp":"2026-06-02T08:06:40.153Z"}
{"level":"debug","message":"[LIVE] JUP/USDC: checkRisk price=0.20360000 SL=0.18897720 TP=0.22254800 HWM=0.18860000 entry=0.18860000","timestamp":"2026-06-02T08:06:40.415Z"}
{"level":"debug","message":"[RISK-LOOP] checking 2 open position(s)","timestamp":"2026-06-02T08:08:39.716Z"}
{"level":"debug","message":"[LIVE] SUI/USDC: checkRisk price=0.85060000 SL=0.83448000 TP=0.98380800 HWM=0.88160000 entry=0.87840000","timestamp":"2026-06-02T08:08:40.161Z"}
{"level":"debug","message":"[LIVE] JUP/USDC: checkRisk price=0.20340000 SL=0.18897720 TP=0.22254800 HWM=0.18860000 entry=0.18860000","timestamp":"2026-06-02T08:08:40.422Z"}
{"level":"debug","message":"[RISK-LOOP] checking 2 open position(s)","timestamp":"2026-06-02T08:10:39.718Z"}
{"level":"debug","message":"[LIVE] SUI/USDC: checkRisk price=0.85020000 SL=0.83448000 TP=0.98380800 HWM=0.88160000 entry=0.87840000","timestamp":"2026-06-02T08:10:40.160Z"}
{"level":"debug","message":"[LIVE] JUP/USDC: checkRisk price=0.20320000 SL=0.18897720 TP=0.22254800 HWM=0.18860000 entry=0.18860000","timestamp":"2026-06-02T08:10:40.421Z"}
{"level":"debug","message":"[RISK-LOOP] checking 2 open position(s)","timestamp":"2026-06-02T08:12:39.815Z"}
{"level":"debug","message":"[LIVE] SUI/USDC: checkRisk price=0.84940000 SL=0.83448000 TP=0.98380800 HWM=0.88160000 entry=0.87840000","timestamp":"2026-06-02T08:12:40.249Z"}
{"level":"debug","message":"[LIVE] JUP/USDC: checkRisk price=0.20350000 SL=0.18897720 TP=0.22254800 HWM=0.18860000 entry=0.18860000","timestamp":"2026-06-02T08:12:40.508Z"}
{"level":"debug","message":"[RISK-LOOP] checking 2 open position(s)","timestamp":"2026-06-02T08:14:39.722Z"}
{"level":"debug","message":"[LIVE] SUI/USDC: checkRisk price=0.85070000 SL=0.83448000 TP=0.98380800 HWM=0.88160000 entry=0.87840000","timestamp":"2026-06-02T08:14:40.164Z"}
{"level":"debug","message":"[LIVE] JUP/USDC: checkRisk price=0.20470000 SL=0.18897720 TP=0.22254800 HWM=0.18860000 entry=0.18860000","timestamp":"2026-06-02T08:14:40.427Z"}
{"level":"debug","message":"[RISK-LOOP] checking 2 open position(s)","timestamp":"2026-06-02T08:16:39.723Z"}
{"level":"debug","message":"[LIVE] SUI/USDC: checkRisk price=0.85040000 SL=0.83448000 TP=0.98380800 HWM=0.88160000 entry=0.87840000","timestamp":"2026-06-02T08:16:40.168Z"}
{"level":"debug","message":"[LIVE] JUP/USDC: checkRisk price=0.20410000 SL=0.18897720 TP=0.22254800 HWM=0.18860000 entry=0.18860000","timestamp":"2026-06-02T08:16:40.432Z"}
{"level":"info","message":"[MTF-CACHE] 15m refresh complete: 37/37 symbols","timestamp":"2026-06-02T08:17:59.140Z"}
{"level":"debug","message":"[RISK-LOOP] checking 2 open position(s)","timestamp":"2026-06-02T08:18:39.728Z"}
{"level":"debug","message":"[LIVE] SUI/USDC: checkRisk price=0.85040000 SL=0.83448000 TP=0.98380800 HWM=0.88160000 entry=0.87840000","timestamp":"2026-06-02T08:18:40.170Z"}
{"level":"debug","message":"[LIVE] JUP/USDC: checkRisk price=0.20550000 SL=0.18897720 TP=0.22254800 HWM=0.18860000 entry=0.18860000","timestamp":"2026-06-02T08:18:40.431Z"}
{"level":"debug","message":"[RISK-LOOP] checking 2 open position(s)","timestamp":"2026-06-02T08:20:39.723Z"}
{"level":"debug","message":"[LIVE] SUI/USDC: checkRisk price=0.84880000 SL=0.83448000 TP=0.98380800 HWM=0.88160000 entry=0.87840000","timestamp":"2026-06-02T08:20:40.166Z"}
{"level":"debug","message":"[LIVE] JUP/USDC: checkRisk price=0.20500000 SL=0.18897720 TP=0.22254800 HWM=0.18860000 entry=0.18860000","timestamp":"2026-06-02T08:20:40.428Z"}
{"level":"debug","message":"[RISK-LOOP] checking 2 open position(s)","timestamp":"2026-06-02T08:22:39.838Z"}
{"level":"debug","message":"[LIVE] SUI/USDC: checkRisk price=0.84920000 SL=0.83448000 TP=0.98380800 HWM=0.88160000 entry=0.87840000","timestamp":"2026-06-02T08:22:40.268Z"}
{"level":"debug","message":"[LIVE] JUP/USDC: checkRisk price=0.20480000 SL=0.18897720 TP=0.22254800 HWM=0.18860000 entry=0.18860000","timestamp":"2026-06-02T08:22:40.530Z"}
{"level":"debug","message":"[RISK-LOOP] checking 2 open position(s)","timestamp":"2026-06-02T08:24:39.729Z"}
{"level":"debug","message":"[LIVE] SUI/USDC: checkRisk price=0.84760000 SL=0.83448000 TP=0.98380800 HWM=0.88160000 entry=0.87840000","timestamp":"2026-06-02T08:24:40.172Z"}
{"level":"debug","message":"[LIVE] JUP/USDC: checkRisk price=0.20350000 SL=0.18897720 TP=0.22254800 HWM=0.18860000 entry=0.18860000","timestamp":"2026-06-02T08:24:40.567Z"}
{"level":"debug","message":"[RISK-LOOP] checking 2 open position(s)","timestamp":"2026-06-02T08:26:39.728Z"}
{"level":"debug","message":"[LIVE] SUI/USDC: checkRisk price=0.84890000 SL=0.83448000 TP=0.98380800 HWM=0.88160000 entry=0.87840000","timestamp":"2026-06-02T08:26:40.171Z"}
{"level":"debug","message":"[LIVE] JUP/USDC: checkRisk price=0.20390000 SL=0.18897720 TP=0.22254800 HWM=0.18860000 entry=0.18860000","timestamp":"2026-06-02T08:26:40.435Z"}
{"level":"debug","message":"[RISK-LOOP] checking 2 open position(s)","timestamp":"2026-06-02T08:28:39.737Z"}
{"level":"debug","message":"[LIVE] SUI/USDC: checkRisk price=0.84840000 SL=0.83448000 TP=0.98380800 HWM=0.88160000 entry=0.87840000","timestamp":"2026-06-02T08:28:40.178Z"}
{"level":"debug","message":"[LIVE] JUP/USDC: checkRisk price=0.20420000 SL=0.18897720 TP=0.22254800 HWM=0.18860000 entry=0.18860000","timestamp":"2026-06-02T08:28:40.440Z"}
{"level":"debug","message":"[RISK-LOOP] checking 2 open position(s)","timestamp":"2026-06-02T08:30:39.744Z"}
{"level":"debug","message":"[LIVE] SUI/USDC: checkRisk price=0.84820000 SL=0.83448000 TP=0.98380800 HWM=0.88160000 entry=0.87840000","timestamp":"2026-06-02T08:30:40.190Z"}
{"level":"debug","message":"[LIVE] JUP/USDC: checkRisk price=0.20430000 SL=0.18897720 TP=0.22254800 HWM=0.18860000 entry=0.18860000","timestamp":"2026-06-02T08:30:40.451Z"}
{"level":"debug","message":"[RISK-LOOP] checking 2 open position(s)","timestamp":"2026-06-02T08:32:39.831Z"}
{"level":"debug","message":"[LIVE] SUI/USDC: checkRisk price=0.84900000 SL=0.83448000 TP=0.98380800 HWM=0.88160000 entry=0.87840000","timestamp":"2026-06-02T08:32:40.266Z"}
{"level":"debug","message":"[LIVE] JUP/USDC: checkRisk price=0.20480000 SL=0.18897720 TP=0.22254800 HWM=0.18860000 entry=0.18860000","timestamp":"2026-06-02T08:32:40.530Z"}
{"level":"info","message":"[MTF-CACHE] 15m refresh complete: 37/37 symbols","timestamp":"2026-06-02T08:32:59.192Z"}
{"level":"debug","message":"[RISK-LOOP] checking 2 open position(s)","timestamp":"2026-06-02T08:34:39.742Z"}
{"level":"debug","message":"[LIVE] SUI/USDC: checkRisk price=0.84840000 SL=0.83448000 TP=0.98380800 HWM=0.88160000 entry=0.87840000","timestamp":"2026-06-02T08:34:40.185Z"}
{"level":"debug","message":"[LIVE] JUP/USDC: checkRisk price=0.20450000 SL=0.18897720 TP=0.22254800 HWM=0.18860000 entry=0.18860000","timestamp":"2026-06-02T08:34:40.446Z"}
{"level":"debug","message":"[RISK-LOOP] checking 2 open position(s)","timestamp":"2026-06-02T08:36:39.740Z"}
{"level":"debug","message":"[LIVE] SUI/USDC: checkRisk price=0.84870000 SL=0.83448000 TP=0.98380800 HWM=0.88160000 entry=0.87840000","timestamp":"2026-06-02T08:36:40.180Z"}
{"level":"debug","message":"[LIVE] JUP/USDC: checkRisk price=0.20410000 SL=0.18897720 TP=0.22254800 HWM=0.18860000 entry=0.18860000","timestamp":"2026-06-02T08:36:40.443Z"}
{"level":"debug","message":"[RISK-LOOP] checking 2 open position(s)","timestamp":"2026-06-02T08:38:39.739Z"}
{"level":"debug","message":"[LIVE] SUI/USDC: checkRisk price=0.84860000 SL=0.83448000 TP=0.98380800 HWM=0.88160000 entry=0.87840000","timestamp":"2026-06-02T08:38:40.178Z"}
{"level":"debug","message":"[LIVE] JUP/USDC: checkRisk price=0.20420000 SL=0.18897720 TP=0.22254800 HWM=0.18860000 entry=0.18860000","timestamp":"2026-06-02T08:38:40.441Z"}
{"level":"debug","message":"[RISK-LOOP] checking 2 open position(s)","timestamp":"2026-06-02T08:40:39.736Z"}
{"level":"debug","message":"[LIVE] SUI/USDC: checkRisk price=0.84910000 SL=0.83448000 TP=0.98380800 HWM=0.88160000 entry=0.87840000","timestamp":"2026-06-02T08:40:40.178Z"}
{"level":"debug","message":"[LIVE] JUP/USDC: checkRisk price=0.20410000 SL=0.18897720 TP=0.22254800 HWM=0.18860000 entry=0.18860000","timestamp":"2026-06-02T08:40:40.440Z"}
{"level":"debug","message":"[RISK-LOOP] checking 2 open position(s)","timestamp":"2026-06-02T08:42:39.830Z"}
{"level":"debug","message":"[LIVE] SUI/USDC: checkRisk price=0.84880000 SL=0.83448000 TP=0.98380800 HWM=0.88160000 entry=0.87840000","timestamp":"2026-06-02T08:42:40.260Z"}
{"level":"debug","message":"[LIVE] JUP/USDC: checkRisk price=0.20400000 SL=0.18897720 TP=0.22254800 HWM=0.18860000 entry=0.18860000","timestamp":"2026-06-02T08:42:40.522Z"}
{"level":"debug","message":"[RISK-LOOP] checking 2 open position(s)","timestamp":"2026-06-02T08:44:39.744Z"}
{"level":"debug","message":"[LIVE] SUI/USDC: checkRisk price=0.84860000 SL=0.83448000 TP=0.98380800 HWM=0.88160000 entry=0.87840000","timestamp":"2026-06-02T08:44:40.185Z"}
{"level":"debug","message":"[LIVE] JUP/USDC: checkRisk price=0.20370000 SL=0.18897720 TP=0.22254800 HWM=0.18860000 entry=0.18860000","timestamp":"2026-06-02T08:44:40.447Z"}
{"level":"debug","message":"[RISK-LOOP] checking 2 open position(s)","timestamp":"2026-06-02T08:46:39.745Z"}
{"level":"debug","message":"[LIVE] SUI/USDC: checkRisk price=0.84830000 SL=0.83448000 TP=0.98380800 HWM=0.88160000 entry=0.87840000","timestamp":"2026-06-02T08:46:40.190Z"}
{"level":"debug","message":"[LIVE] JUP/USDC: checkRisk price=0.20420000 SL=0.18897720 TP=0.22254800 HWM=0.18860000 entry=0.18860000","timestamp":"2026-06-02T08:46:40.454Z"}
{"level":"info","message":"[MTF-CACHE] 15m refresh complete: 37/37 symbols","timestamp":"2026-06-02T08:48:00.306Z"}
{"level":"debug","message":"[RISK-LOOP] checking 2 open position(s)","timestamp":"2026-06-02T08:48:39.743Z"}
{"level":"debug","message":"[LIVE] SUI/USDC: checkRisk price=0.84370000 SL=0.83448000 TP=0.98380800 HWM=0.88160000 entry=0.87840000","timestamp":"2026-06-02T08:48:40.183Z"}
{"level":"debug","message":"[LIVE] JUP/USDC: checkRisk price=0.20290000 SL=0.18897720 TP=0.22254800 HWM=0.18860000 entry=0.18860000","timestamp":"2026-06-02T08:48:40.444Z"}
{"level":"debug","message":"[RISK-LOOP] checking 2 open position(s)","timestamp":"2026-06-02T08:50:39.748Z"}
{"level":"debug","message":"[LIVE] SUI/USDC: checkRisk price=0.84430000 SL=0.83448000 TP=0.98380800 HWM=0.88160000 entry=0.87840000","timestamp":"2026-06-02T08:50:40.191Z"}
{"level":"debug","message":"[LIVE] JUP/USDC: checkRisk price=0.20200000 SL=0.18897720 TP=0.22254800 HWM=0.18860000 entry=0.18860000","timestamp":"2026-06-02T08:50:40.449Z"}
{"level":"debug","message":"[RISK-LOOP] checking 2 open position(s)","timestamp":"2026-06-02T08:52:39.838Z"}
{"level":"debug","message":"[LIVE] SUI/USDC: checkRisk price=0.84530000 SL=0.83448000 TP=0.98380800 HWM=0.88160000 entry=0.87840000","timestamp":"2026-06-02T08:52:40.271Z"}
{"level":"debug","message":"[LIVE] JUP/USDC: checkRisk price=0.20210000 SL=0.18897720 TP=0.22254800 HWM=0.18860000 entry=0.18860000","timestamp":"2026-06-02T08:52:40.536Z"}
{"level":"debug","message":"[RISK-LOOP] checking 2 open position(s)","timestamp":"2026-06-02T08:54:39.747Z"}
{"level":"debug","message":"[LIVE] SUI/USDC: checkRisk price=0.84550000 SL=0.83448000 TP=0.98380800 HWM=0.88160000 entry=0.87840000","timestamp":"2026-06-02T08:54:40.189Z"}
{"level":"debug","message":"[LIVE] JUP/USDC: checkRisk price=0.20280000 SL=0.18897720 TP=0.22254800 HWM=0.18860000 entry=0.18860000","timestamp":"2026-06-02T08:54:40.462Z"}
{"level":"debug","message":"[RISK-LOOP] checking 2 open position(s)","timestamp":"2026-06-02T08:56:39.752Z"}
{"level":"debug","message":"[LIVE] SUI/USDC: checkRisk price=0.84670000 SL=0.83448000 TP=0.98380800 HWM=0.88160000 entry=0.87840000","timestamp":"2026-06-02T08:56:40.195Z"}
{"level":"debug","message":"[LIVE] JUP/USDC: checkRisk price=0.20240000 SL=0.18897720 TP=0.22254800 HWM=0.18860000 entry=0.18860000","timestamp":"2026-06-02T08:56:40.455Z"}
{"level":"debug","message":"[RISK-LOOP] checking 2 open position(s)","timestamp":"2026-06-02T08:58:39.751Z"}
{"level":"debug","message":"[LIVE] SUI/USDC: checkRisk price=0.84680000 SL=0.83448000 TP=0.98380800 HWM=0.88160000 entry=0.87840000","timestamp":"2026-06-02T08:58:40.194Z"}
{"level":"debug","message":"[LIVE] JUP/USDC: checkRisk price=0.20240000 SL=0.18897720 TP=0.22254800 HWM=0.18860000 entry=0.18860000","timestamp":"2026-06-02T08:58:40.458Z"}
{"level":"debug","message":"[RISK-LOOP] checking 2 open position(s)","timestamp":"2026-06-02T09:00:39.751Z"}
{"level":"debug","message":"[LIVE] SUI/USDC: checkRisk price=0.84700000 SL=0.83448000 TP=0.98380800 HWM=0.88160000 entry=0.87840000","timestamp":"2026-06-02T09:00:40.194Z"}
{"level":"debug","message":"[LIVE] JUP/USDC: checkRisk price=0.20280000 SL=0.18897720 TP=0.22254800 HWM=0.18860000 entry=0.18860000","timestamp":"2026-06-02T09:00:40.465Z"}
{"level":"debug","message":"[RISK-LOOP] checking 2 open position(s)","timestamp":"2026-06-02T09:02:39.842Z"}
{"level":"debug","message":"[LIVE] SUI/USDC: checkRisk price=0.84360000 SL=0.83448000 TP=0.98380800 HWM=0.88160000 entry=0.87840000","timestamp":"2026-06-02T09:02:40.285Z"}
{"level":"debug","message":"[LIVE] JUP/USDC: checkRisk price=0.20250000 SL=0.18897720 TP=0.22254800 HWM=0.18860000 entry=0.18860000","timestamp":"2026-06-02T09:02:40.546Z"}
{"level":"info","message":"[MTF-CACHE] 15m refresh complete: 37/37 symbols","timestamp":"2026-06-02T09:03:00.303Z"}
{"level":"debug","message":"[RISK-LOOP] checking 2 open position(s)","timestamp":"2026-06-02T09:04:39.755Z"}
{"level":"debug","message":"[LIVE] SUI/USDC: checkRisk price=0.84560000 SL=0.83448000 TP=0.98380800 HWM=0.88160000 entry=0.87840000","timestamp":"2026-06-02T09:04:40.200Z"}
{"level":"debug","message":"[LIVE] JUP/USDC: checkRisk price=0.20250000 SL=0.18897720 TP=0.22254800 HWM=0.18860000 entry=0.18860000","timestamp":"2026-06-02T09:04:40.467Z"}
{"level":"debug","message":"[RISK-LOOP] checking 2 open position(s)","timestamp":"2026-06-02T09:06:39.758Z"}
{"level":"debug","message":"[LIVE] SUI/USDC: checkRisk price=0.84440000 SL=0.83448000 TP=0.98380800 HWM=0.88160000 entry=0.87840000","timestamp":"2026-06-02T09:06:40.199Z"}
{"level":"debug","message":"[LIVE] JUP/USDC: checkRisk price=0.20160000 SL=0.18897720 TP=0.22254800 HWM=0.18860000 entry=0.18860000","timestamp":"2026-06-02T09:06:40.918Z"}
{"level":"debug","message":"[RISK-LOOP] checking 2 open position(s)","timestamp":"2026-06-02T09:08:39.755Z"}
{"level":"debug","message":"[LIVE] SUI/USDC: checkRisk price=0.84470000 SL=0.83448000 TP=0.98380800 HWM=0.88160000 entry=0.87840000","timestamp":"2026-06-02T09:08:40.201Z"}
{"level":"debug","message":"[LIVE] JUP/USDC: checkRisk price=0.20190000 SL=0.18897720 TP=0.22254800 HWM=0.18860000 entry=0.18860000","timestamp":"2026-06-02T09:08:40.466Z"}
{"level":"debug","message":"[RISK-LOOP] checking 2 open position(s)","timestamp":"2026-06-02T09:10:40.211Z"}
{"level":"debug","message":"[LIVE] SUI/USDC: checkRisk price=0.84410000 SL=0.83448000 TP=0.98380800 HWM=0.88160000 entry=0.87840000","timestamp":"2026-06-02T09:10:40.653Z"}
{"level":"debug","message":"[LIVE] JUP/USDC: checkRisk price=0.20100000 SL=0.18897720 TP=0.22254800 HWM=0.18860000 entry=0.18860000","timestamp":"2026-06-02T09:10:40.914Z"}
{"level":"debug","message":"[RISK-LOOP] checking 2 open position(s)","timestamp":"2026-06-02T09:12:39.941Z"}
{"level":"debug","message":"[LIVE] SUI/USDC: checkRisk price=0.84200000 SL=0.83448000 TP=0.98380800 HWM=0.88160000 entry=0.87840000","timestamp":"2026-06-02T09:12:40.285Z"}
{"level":"debug","message":"[LIVE] JUP/USDC: checkRisk price=0.20030000 SL=0.18897720 TP=0.22254800 HWM=0.18860000 entry=0.18860000","timestamp":"2026-06-02T09:12:40.551Z"}
{"level":"debug","message":"[RISK-LOOP] checking 2 open position(s)","timestamp":"2026-06-02T09:14:39.758Z"}
{"level":"debug","message":"[LIVE] SUI/USDC: checkRisk price=0.84300000 SL=0.83448000 TP=0.98380800 HWM=0.88160000 entry=0.87840000","timestamp":"2026-06-02T09:14:40.197Z"}
{"level":"debug","message":"[LIVE] JUP/USDC: checkRisk price=0.20060000 SL=0.18897720 TP=0.22254800 HWM=0.18860000 entry=0.18860000","timestamp":"2026-06-02T09:14:40.460Z"}
{"level":"debug","message":"[RISK-LOOP] checking 2 open position(s)","timestamp":"2026-06-02T09:16:39.761Z"}
{"level":"debug","message":"[LIVE] SUI/USDC: checkRisk price=0.84350000 SL=0.83448000 TP=0.98380800 HWM=0.88160000 entry=0.87840000","timestamp":"2026-06-02T09:16:40.660Z"}
{"level":"debug","message":"[LIVE] JUP/USDC: checkRisk price=0.20050000 SL=0.18897720 TP=0.22254800 HWM=0.18860000 entry=0.18860000","timestamp":"2026-06-02T09:16:40.923Z"}
{"level":"info","message":"[MTF-CACHE] 15m refresh complete: 37/37 symbols","timestamp":"2026-06-02T09:18:02.625Z"}
{"level":"debug","message":"[RISK-LOOP] checking 2 open position(s)","timestamp":"2026-06-02T09:18:39.759Z"}
{"level":"debug","message":"[LIVE] SUI/USDC: checkRisk price=0.84280000 SL=0.83448000 TP=0.98380800 HWM=0.88160000 entry=0.87840000","timestamp":"2026-06-02T09:18:40.200Z"}
{"level":"debug","message":"[LIVE] JUP/USDC: checkRisk price=0.20020000 SL=0.18897720 TP=0.22254800 HWM=0.18860000 entry=0.18860000","timestamp":"2026-06-02T09:18:40.463Z"}
{"level":"debug","message":"[RISK-LOOP] checking 2 open position(s)","timestamp":"2026-06-02T09:20:39.767Z"}
{"level":"debug","message":"[LIVE] SUI/USDC: checkRisk price=0.84340000 SL=0.83448000 TP=0.98380800 HWM=0.88160000 entry=0.87840000","timestamp":"2026-06-02T09:20:40.209Z"}
{"level":"debug","message":"[LIVE] JUP/USDC: checkRisk price=0.20020000 SL=0.18897720 TP=0.22254800 HWM=0.18860000 entry=0.18860000","timestamp":"2026-06-02T09:20:40.470Z"}
{"level":"debug","message":"[RISK-LOOP] checking 2 open position(s)","timestamp":"2026-06-02T09:22:39.843Z"}
{"level":"debug","message":"[LIVE] SUI/USDC: checkRisk price=0.84000000 SL=0.83448000 TP=0.98380800 HWM=0.88160000 entry=0.87840000","timestamp":"2026-06-02T09:22:40.273Z"}
{"level":"debug","message":"[LIVE] JUP/USDC: checkRisk price=0.20050000 SL=0.18897720 TP=0.22254800 HWM=0.18860000 entry=0.18860000","timestamp":"2026-06-02T09:22:40.539Z"}
{"level":"debug","message":"[RISK-LOOP] checking 2 open position(s)","timestamp":"2026-06-02T09:24:39.771Z"}
{"level":"debug","message":"[LIVE] SUI/USDC: checkRisk price=0.84120000 SL=0.83448000 TP=0.98380800 HWM=0.88160000 entry=0.87840000","timestamp":"2026-06-02T09:24:40.213Z"}
{"level":"debug","message":"[LIVE] JUP/USDC: checkRisk price=0.20030000 SL=0.18897720 TP=0.22254800 HWM=0.18860000 entry=0.18860000","timestamp":"2026-06-02T09:24:40.477Z"}
{"level":"debug","message":"[RISK-LOOP] checking 2 open position(s)","timestamp":"2026-06-02T09:26:39.768Z"}
{"level":"debug","message":"[LIVE] SUI/USDC: checkRisk price=0.83770000 SL=0.83448000 TP=0.98380800 HWM=0.88160000 entry=0.87840000","timestamp":"2026-06-02T09:26:40.208Z"}
{"level":"debug","message":"[LIVE] JUP/USDC: checkRisk price=0.20030000 SL=0.18897720 TP=0.22254800 HWM=0.18860000 entry=0.18860000","timestamp":"2026-06-02T09:26:40.472Z"}
{"level":"debug","message":"[RISK-LOOP] checking 2 open position(s)","timestamp":"2026-06-02T09:28:39.770Z"}
{"level":"debug","message":"[LIVE] SUI/USDC: checkRisk price=0.83700000 SL=0.83448000 TP=0.98380800 HWM=0.88160000 entry=0.87840000","timestamp":"2026-06-02T09:28:40.215Z"}
{"level":"debug","message":"[LIVE] JUP/USDC: checkRisk price=0.20040000 SL=0.18897720 TP=0.22254800 HWM=0.18860000 entry=0.18860000","timestamp":"2026-06-02T09:28:40.478Z"}
{"level":"debug","message":"[RISK-LOOP] checking 2 open position(s)","timestamp":"2026-06-02T09:30:39.771Z"}
{"level":"debug","message":"[LIVE] SUI/USDC: checkRisk price=0.83650000 SL=0.83448000 TP=0.98380800 HWM=0.88160000 entry=0.87840000","timestamp":"2026-06-02T09:30:40.216Z"}
{"level":"debug","message":"[LIVE] JUP/USDC: checkRisk price=0.19960000 SL=0.18897720 TP=0.22254800 HWM=0.18860000 entry=0.18860000","timestamp":"2026-06-02T09:30:40.478Z"}
{"level":"debug","message":"[RISK-LOOP] checking 2 open position(s)","timestamp":"2026-06-02T09:32:39.856Z"}
{"level":"debug","message":"[LIVE] SUI/USDC: checkRisk price=0.83920000 SL=0.83448000 TP=0.98380800 HWM=0.88160000 entry=0.87840000","timestamp":"2026-06-02T09:32:40.283Z"}
{"level":"debug","message":"[LIVE] JUP/USDC: checkRisk price=0.19960000 SL=0.18897720 TP=0.22254800 HWM=0.18860000 entry=0.18860000","timestamp":"2026-06-02T09:32:40.549Z"}
{"level":"info","message":"[MTF-CACHE] 15m refresh complete: 37/37 symbols","timestamp":"2026-06-02T09:32:59.606Z"}
{"level":"debug","message":"[RISK-LOOP] checking 2 open position(s)","timestamp":"2026-06-02T09:34:39.768Z"}
{"level":"debug","message":"[LIVE] SUI/USDC: checkRisk price=0.84140000 SL=0.83448000 TP=0.98380800 HWM=0.88160000 entry=0.87840000","timestamp":"2026-06-02T09:34:40.219Z"}
{"level":"debug","message":"[LIVE] JUP/USDC: checkRisk price=0.20000000 SL=0.18897720 TP=0.22254800 HWM=0.18860000 entry=0.18860000","timestamp":"2026-06-02T09:34:40.479Z"}
{"level":"debug","message":"[RISK-LOOP] checking 2 open position(s)","timestamp":"2026-06-02T09:36:39.767Z"}
{"level":"debug","message":"[LIVE] SUI/USDC: checkRisk price=0.84100000 SL=0.83448000 TP=0.98380800 HWM=0.88160000 entry=0.87840000","timestamp":"2026-06-02T09:36:40.207Z"}
{"level":"debug","message":"[LIVE] JUP/USDC: checkRisk price=0.20000000 SL=0.18897720 TP=0.22254800 HWM=0.18860000 entry=0.18860000","timestamp":"2026-06-02T09:36:40.472Z"}
{"level":"debug","message":"[RISK-LOOP] checking 2 open position(s)","timestamp":"2026-06-02T09:38:39.769Z"}
{"level":"debug","message":"[LIVE] SUI/USDC: checkRisk price=0.84080000 SL=0.83448000 TP=0.98380800 HWM=0.88160000 entry=0.87840000","timestamp":"2026-06-02T09:38:40.210Z"}
{"level":"debug","message":"[LIVE] JUP/USDC: checkRisk price=0.19990000 SL=0.18897720 TP=0.22254800 HWM=0.18860000 entry=0.18860000","timestamp":"2026-06-02T09:38:40.595Z"}
{"level":"debug","message":"[RISK-LOOP] checking 2 open position(s)","timestamp":"2026-06-02T09:40:39.767Z"}
{"level":"debug","message":"[LIVE] SUI/USDC: checkRisk price=0.84050000 SL=0.83448000 TP=0.98380800 HWM=0.88160000 entry=0.87840000","timestamp":"2026-06-02T09:40:40.209Z"}
{"level":"debug","message":"[LIVE] JUP/USDC: checkRisk price=0.20010000 SL=0.18897720 TP=0.22254800 HWM=0.18860000 entry=0.18860000","timestamp":"2026-06-02T09:40:40.473Z"}
{"level":"debug","message":"[RISK-LOOP] checking 2 open position(s)","timestamp":"2026-06-02T09:42:39.842Z"}
{"level":"debug","message":"[LIVE] SUI/USDC: checkRisk price=0.84010000 SL=0.83448000 TP=0.98380800 HWM=0.88160000 entry=0.87840000","timestamp":"2026-06-02T09:42:40.273Z"}
{"level":"debug","message":"[LIVE] JUP/USDC: checkRisk price=0.20050000 SL=0.18897720 TP=0.22254800 HWM=0.18860000 entry=0.18860000","timestamp":"2026-06-02T09:42:40.536Z"}
{"level":"debug","message":"[RISK-LOOP] checking 2 open position(s)","timestamp":"2026-06-02T09:44:39.767Z"}
{"level":"debug","message":"[LIVE] SUI/USDC: checkRisk price=0.84160000 SL=0.83448000 TP=0.98380800 HWM=0.88160000 entry=0.87840000","timestamp":"2026-06-02T09:44:40.212Z"}
{"level":"debug","message":"[LIVE] JUP/USDC: checkRisk price=0.20080000 SL=0.18897720 TP=0.22254800 HWM=0.18860000 entry=0.18860000","timestamp":"2026-06-02T09:44:40.475Z"}
{"level":"debug","message":"[RISK-LOOP] checking 2 open position(s)","timestamp":"2026-06-02T09:46:39.770Z"}
{"level":"debug","message":"[LIVE] SUI/USDC: checkRisk price=0.83960000 SL=0.83448000 TP=0.98380800 HWM=0.88160000 entry=0.87840000","timestamp":"2026-06-02T09:46:40.213Z"}
{"level":"debug","message":"[LIVE] JUP/USDC: checkRisk price=0.20050000 SL=0.18897720 TP=0.22254800 HWM=0.18860000 entry=0.18860000","timestamp":"2026-06-02T09:46:40.477Z"}
{"level":"info","message":"[MTF-CACHE] 15m refresh complete: 37/37 symbols","timestamp":"2026-06-02T09:47:59.117Z"}
{"level":"debug","message":"[RISK-LOOP] checking 2 open position(s)","timestamp":"2026-06-02T09:48:39.772Z"}
{"level":"debug","message":"[LIVE] SUI/USDC: checkRisk price=0.84140000 SL=0.83448000 TP=0.98380800 HWM=0.88160000 entry=0.87840000","timestamp":"2026-06-02T09:48:40.216Z"}
{"level":"debug","message":"[LIVE] JUP/USDC: checkRisk price=0.20120000 SL=0.18897720 TP=0.22254800 HWM=0.18860000 entry=0.18860000","timestamp":"2026-06-02T09:48:40.482Z"}
{"level":"debug","message":"[RISK-LOOP] checking 2 open position(s)","timestamp":"2026-06-02T09:50:39.783Z"}
{"level":"debug","message":"[LIVE] SUI/USDC: checkRisk price=0.84020000 SL=0.83448000 TP=0.98380800 HWM=0.88160000 entry=0.87840000","timestamp":"2026-06-02T09:50:40.228Z"}
{"level":"debug","message":"[LIVE] JUP/USDC: checkRisk price=0.20120000 SL=0.18897720 TP=0.22254800 HWM=0.18860000 entry=0.18860000","timestamp":"2026-06-02T09:50:40.489Z"}
{"level":"debug","message":"[RISK-LOOP] checking 2 open position(s)","timestamp":"2026-06-02T09:52:39.847Z"}
{"level":"debug","message":"[LIVE] SUI/USDC: checkRisk price=0.83930000 SL=0.83448000 TP=0.98380800 HWM=0.88160000 entry=0.87840000","timestamp":"2026-06-02T09:52:40.281Z"}
{"level":"debug","message":"[LIVE] JUP/USDC: checkRisk price=0.20090000 SL=0.18897720 TP=0.22254800 HWM=0.18860000 entry=0.18860000","timestamp":"2026-06-02T09:52:40.544Z"}
{"level":"debug","message":"[RISK-LOOP] checking 2 open position(s)","timestamp":"2026-06-02T09:54:39.769Z"}
{"level":"debug","message":"[LIVE] SUI/USDC: checkRisk price=0.83990000 SL=0.83448000 TP=0.98380800 HWM=0.88160000 entry=0.87840000","timestamp":"2026-06-02T09:54:40.210Z"}
{"level":"debug","message":"[LIVE] JUP/USDC: checkRisk price=0.20080000 SL=0.18897720 TP=0.22254800 HWM=0.18860000 entry=0.18860000","timestamp":"2026-06-02T09:54:40.471Z"}
{"level":"debug","message":"[RISK-LOOP] checking 2 open position(s)","timestamp":"2026-06-02T09:56:39.770Z"}
{"level":"debug","message":"[LIVE] SUI/USDC: checkRisk price=0.84020000 SL=0.83448000 TP=0.98380800 HWM=0.88160000 entry=0.87840000","timestamp":"2026-06-02T09:56:40.214Z"}
{"level":"debug","message":"[LIVE] JUP/USDC: checkRisk price=0.20100000 SL=0.18897720 TP=0.22254800 HWM=0.18860000 entry=0.18860000","timestamp":"2026-06-02T09:56:40.478Z"}
{"level":"debug","message":"[RISK-LOOP] checking 2 open position(s)","timestamp":"2026-06-02T09:58:39.772Z"}
{"level":"debug","message":"[LIVE] SUI/USDC: checkRisk price=0.83990000 SL=0.83448000 TP=0.98380800 HWM=0.88160000 entry=0.87840000","timestamp":"2026-06-02T09:58:40.217Z"}
{"level":"debug","message":"[LIVE] JUP/USDC: checkRisk price=0.20050000 SL=0.18897720 TP=0.22254800 HWM=0.18860000 entry=0.18860000","timestamp":"2026-06-02T09:58:40.480Z"}
{"level":"debug","message":"[RISK-LOOP] checking 2 open position(s)","timestamp":"2026-06-02T10:00:39.771Z"}
{"level":"debug","message":"[LIVE] SUI/USDC: checkRisk price=0.83970000 SL=0.83448000 TP=0.98380800 HWM=0.88160000 entry=0.87840000","timestamp":"2026-06-02T10:00:40.211Z"}
{"level":"debug","message":"[LIVE] JUP/USDC: checkRisk price=0.20050000 SL=0.18897720 TP=0.22254800 HWM=0.18860000 entry=0.18860000","timestamp":"2026-06-02T10:00:40.473Z"}
{"level":"debug","message":"[RISK-LOOP] checking 2 open position(s)","timestamp":"2026-06-02T10:02:39.919Z"}
{"level":"debug","message":"[LIVE] SUI/USDC: checkRisk price=0.83700000 SL=0.83448000 TP=0.98380800 HWM=0.88160000 entry=0.87840000","timestamp":"2026-06-02T10:02:40.346Z"}
{"level":"debug","message":"[LIVE] JUP/USDC: checkRisk price=0.19990000 SL=0.18897720 TP=0.22254800 HWM=0.18860000 entry=0.18860000","timestamp":"2026-06-02T10:02:40.615Z"}
{"level":"info","message":"[MTF-CACHE] 15m refresh complete: 37/37 symbols","timestamp":"2026-06-02T10:02:59.508Z"}
{"level":"debug","message":"[RISK-LOOP] checking 2 open position(s)","timestamp":"2026-06-02T10:04:39.777Z"}
{"level":"debug","message":"[LIVE] SUI/USDC: checkRisk price=0.83860000 SL=0.83448000 TP=0.98380800 HWM=0.88160000 entry=0.87840000","timestamp":"2026-06-02T10:04:40.218Z"}
{"level":"debug","message":"[LIVE] JUP/USDC: checkRisk price=0.20030000 SL=0.18897720 TP=0.22254800 HWM=0.18860000 entry=0.18860000","timestamp":"2026-06-02T10:04:40.481Z"}
{"level":"debug","message":"[RISK-LOOP] checking 2 open position(s)","timestamp":"2026-06-02T10:06:39.778Z"}
{"level":"debug","message":"[LIVE] SUI/USDC: checkRisk price=0.83980000 SL=0.83448000 TP=0.98380800 HWM=0.88160000 entry=0.87840000","timestamp":"2026-06-02T10:06:40.222Z"}
{"level":"debug","message":"[LIVE] JUP/USDC: checkRisk price=0.20010000 SL=0.18897720 TP=0.22254800 HWM=0.18860000 entry=0.18860000","timestamp":"2026-06-02T10:06:40.484Z"}
{"level":"debug","message":"[RISK-LOOP] checking 2 open position(s)","timestamp":"2026-06-02T10:08:39.771Z"}
{"level":"debug","message":"[LIVE] SUI/USDC: checkRisk price=0.84130000 SL=0.83448000 TP=0.98380800 HWM=0.88160000 entry=0.87840000","timestamp":"2026-06-02T10:08:40.214Z"}
{"level":"debug","message":"[LIVE] JUP/USDC: checkRisk price=0.20020000 SL=0.18897720 TP=0.22254800 HWM=0.18860000 entry=0.18860000","timestamp":"2026-06-02T10:08:40.476Z"}
{"level":"debug","message":"[RISK-LOOP] checking 2 open position(s)","timestamp":"2026-06-02T10:10:39.777Z"}
{"level":"debug","message":"[LIVE] SUI/USDC: checkRisk price=0.84400000 SL=0.83448000 TP=0.98380800 HWM=0.88160000 entry=0.87840000","timestamp":"2026-06-02T10:10:40.220Z"}
{"level":"debug","message":"[LIVE] JUP/USDC: checkRisk price=0.20170000 SL=0.18897720 TP=0.22254800 HWM=0.18860000 entry=0.18860000","timestamp":"2026-06-02T10:10:40.483Z"}
{"level":"debug","message":"[RISK-LOOP] checking 2 open position(s)","timestamp":"2026-06-02T10:12:39.830Z"}
{"level":"debug","message":"[LIVE] SUI/USDC: checkRisk price=0.84660000 SL=0.83448000 TP=0.98380800 HWM=0.88160000 entry=0.87840000","timestamp":"2026-06-02T10:12:40.098Z"}
{"level":"debug","message":"[LIVE] JUP/USDC: checkRisk price=0.20330000 SL=0.18897720 TP=0.22254800 HWM=0.18860000 entry=0.18860000","timestamp":"2026-06-02T10:12:40.360Z"}
{"level":"debug","message":"[RISK-LOOP] checking 2 open position(s)","timestamp":"2026-06-02T10:14:39.773Z"}
{"level":"debug","message":"[LIVE] SUI/USDC: checkRisk price=0.84540000 SL=0.83448000 TP=0.98380800 HWM=0.88160000 entry=0.87840000","timestamp":"2026-06-02T10:14:40.215Z"}
{"level":"debug","message":"[LIVE] JUP/USDC: checkRisk price=0.20310000 SL=0.18897720 TP=0.22254800 HWM=0.18860000 entry=0.18860000","timestamp":"2026-06-02T10:14:40.474Z"}
{"level":"debug","message":"[RISK-LOOP] checking 2 open position(s)","timestamp":"2026-06-02T10:16:39.788Z"}
{"level":"debug","message":"[LIVE] SUI/USDC: checkRisk price=0.84580000 SL=0.83448000 TP=0.98380800 HWM=0.88160000 entry=0.87840000","timestamp":"2026-06-02T10:16:40.230Z"}
{"level":"debug","message":"[LIVE] JUP/USDC: checkRisk price=0.20310000 SL=0.18897720 TP=0.22254800 HWM=0.18860000 entry=0.18860000","timestamp":"2026-06-02T10:16:40.499Z"}
{"level":"info","message":"[MTF-CACHE] 15m refresh complete: 37/37 symbols","timestamp":"2026-06-02T10:17:59.220Z"}
{"level":"debug","message":"[RISK-LOOP] checking 2 open position(s)","timestamp":"2026-06-02T10:18:39.829Z"}
{"level":"debug","message":"[LIVE] SUI/USDC: checkRisk price=0.84640000 SL=0.83448000 TP=0.98380800 HWM=0.88160000 entry=0.87840000","timestamp":"2026-06-02T10:18:40.272Z"}
{"level":"debug","message":"[LIVE] JUP/USDC: checkRisk price=0.20280000 SL=0.18897720 TP=0.22254800 HWM=0.18860000 entry=0.18860000","timestamp":"2026-06-02T10:18:40.535Z"}
{"level":"debug","message":"[RISK-LOOP] checking 2 open position(s)","timestamp":"2026-06-02T10:20:39.873Z"}
{"level":"debug","message":"[LIVE] SUI/USDC: checkRisk price=0.84600000 SL=0.83448000 TP=0.98380800 HWM=0.88160000 entry=0.87840000","timestamp":"2026-06-02T10:20:40.316Z"}
{"level":"debug","message":"[LIVE] JUP/USDC: checkRisk price=0.20300000 SL=0.18897720 TP=0.22254800 HWM=0.18860000 entry=0.18860000","timestamp":"2026-06-02T10:20:40.580Z"}
{"level":"debug","message":"[RISK-LOOP] checking 2 open position(s)","timestamp":"2026-06-02T10:22:39.843Z"}
{"level":"debug","message":"[LIVE] SUI/USDC: checkRisk price=0.84410000 SL=0.83448000 TP=0.98380800 HWM=0.88160000 entry=0.87840000","timestamp":"2026-06-02T10:22:40.169Z"}
{"level":"debug","message":"[LIVE] JUP/USDC: checkRisk price=0.20200000 SL=0.18897720 TP=0.22254800 HWM=0.18860000 entry=0.18860000","timestamp":"2026-06-02T10:22:40.433Z"}
{"level":"debug","message":"[RISK-LOOP] checking 2 open position(s)","timestamp":"2026-06-02T10:24:39.983Z"}
{"level":"debug","message":"[LIVE] SUI/USDC: checkRisk price=0.84480000 SL=0.83448000 TP=0.98380800 HWM=0.88160000 entry=0.87840000","timestamp":"2026-06-02T10:24:40.427Z"}
{"level":"debug","message":"[LIVE] JUP/USDC: checkRisk price=0.20160000 SL=0.18897720 TP=0.22254800 HWM=0.18860000 entry=0.18860000","timestamp":"2026-06-02T10:24:40.689Z"}
{"level":"debug","message":"[RISK-LOOP] checking 2 open position(s)","timestamp":"2026-06-02T10:26:39.954Z"}
{"level":"debug","message":"[LIVE] SUI/USDC: checkRisk price=0.84400000 SL=0.83448000 TP=0.98380800 HWM=0.88160000 entry=0.87840000","timestamp":"2026-06-02T10:26:40.216Z"}
{"level":"debug","message":"[LIVE] JUP/USDC: checkRisk price=0.20160000 SL=0.18897720 TP=0.22254800 HWM=0.18860000 entry=0.18860000","timestamp":"2026-06-02T10:26:40.479Z"}
{"level":"debug","message":"[RISK-LOOP] checking 2 open position(s)","timestamp":"2026-06-02T10:28:39.954Z"}
{"level":"debug","message":"[LIVE] SUI/USDC: checkRisk price=0.84460000 SL=0.83448000 TP=0.98380800 HWM=0.88160000 entry=0.87840000","timestamp":"2026-06-02T10:28:40.219Z"}
{"level":"debug","message":"[LIVE] JUP/USDC: checkRisk price=0.20310000 SL=0.18897720 TP=0.22254800 HWM=0.18860000 entry=0.18860000","timestamp":"2026-06-02T10:28:40.481Z"}
{"level":"debug","message":"[RISK-LOOP] checking 2 open position(s)","timestamp":"2026-06-02T10:30:39.968Z"}
{"level":"debug","message":"[LIVE] SUI/USDC: checkRisk price=0.84490000 SL=0.83448000 TP=0.98380800 HWM=0.88160000 entry=0.87840000","timestamp":"2026-06-02T10:30:40.231Z"}
{"level":"debug","message":"[LIVE] JUP/USDC: checkRisk price=0.20300000 SL=0.18897720 TP=0.22254800 HWM=0.18860000 entry=0.18860000","timestamp":"2026-06-02T10:30:40.494Z"}
{"level":"debug","message":"[RISK-LOOP] checking 2 open position(s)","timestamp":"2026-06-02T10:32:40.055Z"}
{"level":"debug","message":"[LIVE] SUI/USDC: checkRisk price=0.84460000 SL=0.83448000 TP=0.98380800 HWM=0.88160000 entry=0.87840000","timestamp":"2026-06-02T10:32:40.371Z"}
{"level":"debug","message":"[LIVE] JUP/USDC: checkRisk price=0.20300000 SL=0.18897720 TP=0.22254800 HWM=0.18860000 entry=0.18860000","timestamp":"2026-06-02T10:32:40.636Z"}
{"level":"info","message":"[MTF-CACHE] 15m refresh complete: 37/37 symbols","timestamp":"2026-06-02T10:32:59.154Z"}
{"level":"debug","message":"[RISK-LOOP] checking 2 open position(s)","timestamp":"2026-06-02T10:34:39.958Z"}
{"level":"debug","message":"[LIVE] SUI/USDC: checkRisk price=0.84270000 SL=0.83448000 TP=0.98380800 HWM=0.88160000 entry=0.87840000","timestamp":"2026-06-02T10:34:40.222Z"}
{"level":"debug","message":"[LIVE] JUP/USDC: checkRisk price=0.20270000 SL=0.18897720 TP=0.22254800 HWM=0.18860000 entry=0.18860000","timestamp":"2026-06-02T10:34:40.489Z"}
{"level":"debug","message":"[RISK-LOOP] checking 2 open position(s)","timestamp":"2026-06-02T10:36:39.781Z"}
{"level":"debug","message":"[LIVE] SUI/USDC: checkRisk price=0.84350000 SL=0.83448000 TP=0.98380800 HWM=0.88160000 entry=0.87840000","timestamp":"2026-06-02T10:36:40.224Z"}
{"level":"debug","message":"[LIVE] JUP/USDC: checkRisk price=0.20210000 SL=0.18897720 TP=0.22254800 HWM=0.18860000 entry=0.18860000","timestamp":"2026-06-02T10:36:40.490Z"}
{"level":"debug","message":"[RISK-LOOP] checking 2 open position(s)","timestamp":"2026-06-02T10:38:39.786Z"}
{"level":"debug","message":"[LIVE] SUI/USDC: checkRisk price=0.84340000 SL=0.83448000 TP=0.98380800 HWM=0.88160000 entry=0.87840000","timestamp":"2026-06-02T10:38:40.226Z"}
{"level":"debug","message":"[LIVE] JUP/USDC: checkRisk price=0.20210000 SL=0.18897720 TP=0.22254800 HWM=0.18860000 entry=0.18860000","timestamp":"2026-06-02T10:38:40.488Z"}
{"level":"debug","message":"[RISK-LOOP] checking 2 open position(s)","timestamp":"2026-06-02T10:40:39.782Z"}
{"level":"debug","message":"[LIVE] SUI/USDC: checkRisk price=0.84500000 SL=0.83448000 TP=0.98380800 HWM=0.88160000 entry=0.87840000","timestamp":"2026-06-02T10:40:40.263Z"}
{"level":"debug","message":"[LIVE] JUP/USDC: checkRisk price=0.20220000 SL=0.18897720 TP=0.22254800 HWM=0.18860000 entry=0.18860000","timestamp":"2026-06-02T10:40:40.527Z"}
{"level":"debug","message":"[RISK-LOOP] checking 2 open position(s)","timestamp":"2026-06-02T10:42:39.856Z"}
{"level":"debug","message":"[LIVE] SUI/USDC: checkRisk price=0.84370000 SL=0.83448000 TP=0.98380800 HWM=0.88160000 entry=0.87840000","timestamp":"2026-06-02T10:42:40.335Z"}
{"level":"debug","message":"[LIVE] JUP/USDC: checkRisk price=0.20230000 SL=0.18897720 TP=0.22254800 HWM=0.18860000 entry=0.18860000","timestamp":"2026-06-02T10:42:40.597Z"}
{"level":"debug","message":"[RISK-LOOP] checking 2 open position(s)","timestamp":"2026-06-02T10:44:39.787Z"}
{"level":"debug","message":"[LIVE] SUI/USDC: checkRisk price=0.84370000 SL=0.83448000 TP=0.98380800 HWM=0.88160000 entry=0.87840000","timestamp":"2026-06-02T10:44:40.379Z"}
{"level":"debug","message":"[LIVE] JUP/USDC: checkRisk price=0.20230000 SL=0.18897720 TP=0.22254800 HWM=0.18860000 entry=0.18860000","timestamp":"2026-06-02T10:44:40.646Z"}
{"level":"debug","message":"[RISK-LOOP] checking 2 open position(s)","timestamp":"2026-06-02T10:46:39.793Z"}
{"level":"debug","message":"[LIVE] SUI/USDC: checkRisk price=0.84420000 SL=0.83448000 TP=0.98380800 HWM=0.88160000 entry=0.87840000","timestamp":"2026-06-02T10:46:40.420Z"}
{"level":"debug","message":"[LIVE] JUP/USDC: checkRisk price=0.20270000 SL=0.18897720 TP=0.22254800 HWM=0.18860000 entry=0.18860000","timestamp":"2026-06-02T10:46:40.681Z"}
{"level":"info","message":"[MTF-CACHE] 15m refresh complete: 37/37 symbols","timestamp":"2026-06-02T10:48:00.109Z"}
{"level":"debug","message":"[RISK-LOOP] checking 2 open position(s)","timestamp":"2026-06-02T10:48:39.793Z"}
{"level":"debug","message":"[LIVE] SUI/USDC: checkRisk price=0.84430000 SL=0.83448000 TP=0.98380800 HWM=0.88160000 entry=0.87840000","timestamp":"2026-06-02T10:48:40.239Z"}
{"level":"debug","message":"[LIVE] JUP/USDC: checkRisk price=0.20270000 SL=0.18897720 TP=0.22254800 HWM=0.18860000 entry=0.18860000","timestamp":"2026-06-02T10:48:40.685Z"}
{"level":"debug","message":"[RISK-LOOP] checking 2 open position(s)","timestamp":"2026-06-02T10:50:39.798Z"}
{"level":"debug","message":"[LIVE] SUI/USDC: checkRisk price=0.84480000 SL=0.83448000 TP=0.98380800 HWM=0.88160000 entry=0.87840000","timestamp":"2026-06-02T10:50:40.242Z"}
{"level":"debug","message":"[LIVE] JUP/USDC: checkRisk price=0.20280000 SL=0.18897720 TP=0.22254800 HWM=0.18860000 entry=0.18860000","timestamp":"2026-06-02T10:50:40.686Z"}
{"level":"debug","message":"[RISK-LOOP] checking 2 open position(s)","timestamp":"2026-06-02T10:52:39.867Z"}
{"level":"debug","message":"[LIVE] SUI/USDC: checkRisk price=0.84750000 SL=0.83448000 TP=0.98380800 HWM=0.88160000 entry=0.87840000","timestamp":"2026-06-02T10:52:40.326Z"}
{"level":"debug","message":"[LIVE] JUP/USDC: checkRisk price=0.20410000 SL=0.18897720 TP=0.22254800 HWM=0.18860000 entry=0.18860000","timestamp":"2026-06-02T10:52:40.746Z"}
{"level":"debug","message":"[RISK-LOOP] checking 2 open position(s)","timestamp":"2026-06-02T10:54:39.808Z"}
{"level":"debug","message":"[LIVE] SUI/USDC: checkRisk price=0.84780000 SL=0.83448000 TP=0.98380800 HWM=0.88160000 entry=0.87840000","timestamp":"2026-06-02T10:54:40.251Z"}
{"level":"debug","message":"[LIVE] JUP/USDC: checkRisk price=0.20450000 SL=0.18897720 TP=0.22254800 HWM=0.18860000 entry=0.18860000","timestamp":"2026-06-02T10:54:40.697Z"}
{"level":"debug","message":"[RISK-LOOP] checking 2 open position(s)","timestamp":"2026-06-02T10:56:39.805Z"}
{"level":"debug","message":"[LIVE] SUI/USDC: checkRisk price=0.84810000 SL=0.83448000 TP=0.98380800 HWM=0.88160000 entry=0.87840000","timestamp":"2026-06-02T10:56:40.247Z"}
{"level":"debug","message":"[LIVE] JUP/USDC: checkRisk price=0.20450000 SL=0.18897720 TP=0.22254800 HWM=0.18860000 entry=0.18860000","timestamp":"2026-06-02T10:56:40.691Z"}
{"level":"debug","message":"[RISK-LOOP] checking 2 open position(s)","timestamp":"2026-06-02T10:58:39.810Z"}
{"level":"debug","message":"[LIVE] SUI/USDC: checkRisk price=0.84840000 SL=0.83448000 TP=0.98380800 HWM=0.88160000 entry=0.87840000","timestamp":"2026-06-02T10:58:40.257Z"}
{"level":"debug","message":"[LIVE] JUP/USDC: checkRisk price=0.20430000 SL=0.18897720 TP=0.22254800 HWM=0.18860000 entry=0.18860000","timestamp":"2026-06-02T10:58:40.701Z"}
{"level":"debug","message":"[RISK-LOOP] checking 2 open position(s)","timestamp":"2026-06-02T11:00:39.808Z"}
{"level":"debug","message":"[LIVE] SUI/USDC: checkRisk price=0.84770000 SL=0.83448000 TP=0.98380800 HWM=0.88160000 entry=0.87840000","timestamp":"2026-06-02T11:00:40.252Z"}
{"level":"debug","message":"[LIVE] JUP/USDC: checkRisk price=0.20400000 SL=0.18897720 TP=0.22254800 HWM=0.18860000 entry=0.18860000","timestamp":"2026-06-02T11:00:40.693Z"}
{"level":"debug","message":"[RISK-LOOP] checking 2 open position(s)","timestamp":"2026-06-02T11:02:39.870Z"}
{"level":"debug","message":"[LIVE] SUI/USDC: checkRisk price=0.84730000 SL=0.83448000 TP=0.98380800 HWM=0.88160000 entry=0.87840000","timestamp":"2026-06-02T11:02:40.299Z"}
{"level":"debug","message":"[LIVE] JUP/USDC: checkRisk price=0.20350000 SL=0.18897720 TP=0.22254800 HWM=0.18860000 entry=0.18860000","timestamp":"2026-06-02T11:02:40.741Z"}
{"level":"info","message":"[MTF-CACHE] 15m refresh complete: 37/37 symbols","timestamp":"2026-06-02T11:02:59.647Z"}
{"level":"debug","message":"[RISK-LOOP] checking 2 open position(s)","timestamp":"2026-06-02T11:04:39.815Z"}
{"level":"debug","message":"[LIVE] SUI/USDC: checkRisk price=0.84760000 SL=0.83448000 TP=0.98380800 HWM=0.88160000 entry=0.87840000","timestamp":"2026-06-02T11:04:40.260Z"}
{"level":"debug","message":"[LIVE] JUP/USDC: checkRisk price=0.20380000 SL=0.18897720 TP=0.22254800 HWM=0.18860000 entry=0.18860000","timestamp":"2026-06-02T11:04:40.526Z"}
{"level":"debug","message":"[RISK-LOOP] checking 2 open position(s)","timestamp":"2026-06-02T11:06:39.822Z"}
{"level":"debug","message":"[LIVE] SUI/USDC: checkRisk price=0.84800000 SL=0.83448000 TP=0.98380800 HWM=0.88160000 entry=0.87840000","timestamp":"2026-06-02T11:06:40.266Z"}
{"level":"debug","message":"[LIVE] JUP/USDC: checkRisk price=0.20420000 SL=0.18897720 TP=0.22254800 HWM=0.18860000 entry=0.18860000","timestamp":"2026-06-02T11:06:40.525Z"}
{"level":"debug","message":"[RISK-LOOP] checking 2 open position(s)","timestamp":"2026-06-02T11:08:39.820Z"}
{"level":"debug","message":"[LIVE] SUI/USDC: checkRisk price=0.84780000 SL=0.83448000 TP=0.98380800 HWM=0.88160000 entry=0.87840000","timestamp":"2026-06-02T11:08:40.268Z"}
{"level":"debug","message":"[LIVE] JUP/USDC: checkRisk price=0.20400000 SL=0.18897720 TP=0.22254800 HWM=0.18860000 entry=0.18860000","timestamp":"2026-06-02T11:08:40.533Z"}
{"level":"debug","message":"[RISK-LOOP] checking 2 open position(s)","timestamp":"2026-06-02T11:10:39.818Z"}
{"level":"debug","message":"[LIVE] SUI/USDC: checkRisk price=0.84890000 SL=0.83448000 TP=0.98380800 HWM=0.88160000 entry=0.87840000","timestamp":"2026-06-02T11:10:40.260Z"}
{"level":"debug","message":"[LIVE] JUP/USDC: checkRisk price=0.20400000 SL=0.18897720 TP=0.22254800 HWM=0.18860000 entry=0.18860000","timestamp":"2026-06-02T11:10:40.523Z"}
{"level":"debug","message":"[RISK-LOOP] checking 2 open position(s)","timestamp":"2026-06-02T11:12:39.877Z"}
{"level":"debug","message":"[LIVE] SUI/USDC: checkRisk price=0.84760000 SL=0.83448000 TP=0.98380800 HWM=0.88160000 entry=0.87840000","timestamp":"2026-06-02T11:12:40.308Z"}
{"level":"debug","message":"[LIVE] JUP/USDC: checkRisk price=0.20320000 SL=0.18897720 TP=0.22254800 HWM=0.18860000 entry=0.18860000","timestamp":"2026-06-02T11:12:40.576Z"}
{"level":"debug","message":"[RISK-LOOP] checking 2 open position(s)","timestamp":"2026-06-02T11:14:39.823Z"}
{"level":"debug","message":"[LIVE] SUI/USDC: checkRisk price=0.84920000 SL=0.83448000 TP=0.98380800 HWM=0.88160000 entry=0.87840000","timestamp":"2026-06-02T11:14:40.267Z"}
{"level":"debug","message":"[LIVE] JUP/USDC: checkRisk price=0.20370000 SL=0.18897720 TP=0.22254800 HWM=0.18860000 entry=0.18860000","timestamp":"2026-06-02T11:14:40.530Z"}
{"level":"debug","message":"[RISK-LOOP] checking 2 open position(s)","timestamp":"2026-06-02T11:16:39.832Z"}
{"level":"debug","message":"[LIVE] SUI/USDC: checkRisk price=0.84890000 SL=0.83448000 TP=0.98380800 HWM=0.88160000 entry=0.87840000","timestamp":"2026-06-02T11:16:40.277Z"}
{"level":"debug","message":"[LIVE] JUP/USDC: checkRisk price=0.20370000 SL=0.18897720 TP=0.22254800 HWM=0.18860000 entry=0.18860000","timestamp":"2026-06-02T11:16:40.539Z"}
{"level":"info","message":"[MTF-CACHE] 15m refresh complete: 37/37 symbols","timestamp":"2026-06-02T11:17:59.247Z"}
{"level":"debug","message":"[RISK-LOOP] checking 2 open position(s)","timestamp":"2026-06-02T11:18:39.833Z"}
{"level":"debug","message":"[LIVE] SUI/USDC: checkRisk price=0.84640000 SL=0.83448000 TP=0.98380800 HWM=0.88160000 entry=0.87840000","timestamp":"2026-06-02T11:18:40.275Z"}
{"level":"debug","message":"[LIVE] JUP/USDC: checkRisk price=0.20380000 SL=0.18897720 TP=0.22254800 HWM=0.18860000 entry=0.18860000","timestamp":"2026-06-02T11:18:40.539Z"}
{"level":"debug","message":"[RISK-LOOP] checking 2 open position(s)","timestamp":"2026-06-02T11:20:39.830Z"}
{"level":"debug","message":"[LIVE] SUI/USDC: checkRisk price=0.84710000 SL=0.83448000 TP=0.98380800 HWM=0.88160000 entry=0.87840000","timestamp":"2026-06-02T11:20:40.409Z"}
{"level":"debug","message":"[LIVE] JUP/USDC: checkRisk price=0.20400000 SL=0.18897720 TP=0.22254800 HWM=0.18860000 entry=0.18860000","timestamp":"2026-06-02T11:20:40.672Z"}
{"level":"debug","message":"[RISK-LOOP] checking 2 open position(s)","timestamp":"2026-06-02T11:22:39.877Z"}
{"level":"debug","message":"[LIVE] SUI/USDC: checkRisk price=0.84720000 SL=0.83448000 TP=0.98380800 HWM=0.88160000 entry=0.87840000","timestamp":"2026-06-02T11:22:40.313Z"}
{"level":"debug","message":"[LIVE] JUP/USDC: checkRisk price=0.20400000 SL=0.18897720 TP=0.22254800 HWM=0.18860000 entry=0.18860000","timestamp":"2026-06-02T11:22:40.575Z"}
{"level":"debug","message":"[RISK-LOOP] checking 2 open position(s)","timestamp":"2026-06-02T11:24:39.839Z"}
{"level":"debug","message":"[LIVE] SUI/USDC: checkRisk price=0.84630000 SL=0.83448000 TP=0.98380800 HWM=0.88160000 entry=0.87840000","timestamp":"2026-06-02T11:24:40.284Z"}
{"level":"debug","message":"[LIVE] JUP/USDC: checkRisk price=0.20530000 SL=0.18897720 TP=0.22254800 HWM=0.18860000 entry=0.18860000","timestamp":"2026-06-02T11:24:40.550Z"}
{"level":"debug","message":"[RISK-LOOP] checking 2 open position(s)","timestamp":"2026-06-02T11:26:39.844Z"}
{"level":"debug","message":"[LIVE] SUI/USDC: checkRisk price=0.84540000 SL=0.83448000 TP=0.98380800 HWM=0.88160000 entry=0.87840000","timestamp":"2026-06-02T11:26:40.285Z"}
{"level":"debug","message":"[LIVE] JUP/USDC: checkRisk price=0.20540000 SL=0.18897720 TP=0.22254800 HWM=0.18860000 entry=0.18860000","timestamp":"2026-06-02T11:26:40.546Z"}
{"level":"debug","message":"[RISK-LOOP] checking 2 open position(s)","timestamp":"2026-06-02T11:28:39.835Z"}
{"level":"debug","message":"[LIVE] SUI/USDC: checkRisk price=0.84540000 SL=0.83448000 TP=0.98380800 HWM=0.88160000 entry=0.87840000","timestamp":"2026-06-02T11:28:40.278Z"}
{"level":"debug","message":"[LIVE] JUP/USDC: checkRisk price=0.20530000 SL=0.18897720 TP=0.22254800 HWM=0.18860000 entry=0.18860000","timestamp":"2026-06-02T11:28:40.543Z"}
{"level":"debug","message":"[RISK-LOOP] checking 2 open position(s)","timestamp":"2026-06-02T11:30:39.842Z"}
{"level":"debug","message":"[LIVE] SUI/USDC: checkRisk price=0.84440000 SL=0.83448000 TP=0.98380800 HWM=0.88160000 entry=0.87840000","timestamp":"2026-06-02T11:30:40.285Z"}
{"level":"debug","message":"[LIVE] JUP/USDC: checkRisk price=0.20440000 SL=0.18897720 TP=0.22254800 HWM=0.18860000 entry=0.18860000","timestamp":"2026-06-02T11:30:40.549Z"}
{"level":"debug","message":"[RISK-LOOP] checking 2 open position(s)","timestamp":"2026-06-02T11:32:39.897Z"}
{"level":"debug","message":"[LIVE] SUI/USDC: checkRisk price=0.84340000 SL=0.83448000 TP=0.98380800 HWM=0.88160000 entry=0.87840000","timestamp":"2026-06-02T11:32:40.323Z"}
{"level":"debug","message":"[LIVE] JUP/USDC: checkRisk price=0.20400000 SL=0.18897720 TP=0.22254800 HWM=0.18860000 entry=0.18860000","timestamp":"2026-06-02T11:32:40.590Z"}
{"level":"info","message":"[MTF-CACHE] 15m refresh complete: 37/37 symbols","timestamp":"2026-06-02T11:33:00.132Z"}
{"level":"info","message":"[MTF-CACHE] 4h refresh complete: 37/37 symbols","timestamp":"2026-06-02T11:33:00.300Z"}
{"level":"debug","message":"[RISK-LOOP] checking 2 open position(s)","timestamp":"2026-06-02T11:34:39.845Z"}
{"level":"debug","message":"[LIVE] SUI/USDC: checkRisk price=0.84430000 SL=0.83448000 TP=0.98380800 HWM=0.88160000 entry=0.87840000","timestamp":"2026-06-02T11:34:40.288Z"}
{"level":"debug","message":"[LIVE] JUP/USDC: checkRisk price=0.20460000 SL=0.18897720 TP=0.22254800 HWM=0.18860000 entry=0.18860000","timestamp":"2026-06-02T11:34:40.551Z"}
{"level":"debug","message":"[RISK-LOOP] checking 2 open position(s)","timestamp":"2026-06-02T11:36:39.849Z"}
{"level":"debug","message":"[LIVE] SUI/USDC: checkRisk price=0.84450000 SL=0.83448000 TP=0.98380800 HWM=0.88160000 entry=0.87840000","timestamp":"2026-06-02T11:36:40.292Z"}
{"level":"debug","message":"[LIVE] JUP/USDC: checkRisk price=0.20490000 SL=0.18897720 TP=0.22254800 HWM=0.18860000 entry=0.18860000","timestamp":"2026-06-02T11:36:40.556Z"}
{"level":"debug","message":"[RISK-LOOP] checking 2 open position(s)","timestamp":"2026-06-02T11:38:39.850Z"}
{"level":"debug","message":"[LIVE] SUI/USDC: checkRisk price=0.84480000 SL=0.83448000 TP=0.98380800 HWM=0.88160000 entry=0.87840000","timestamp":"2026-06-02T11:38:40.296Z"}
{"level":"debug","message":"[LIVE] JUP/USDC: checkRisk price=0.20510000 SL=0.18897720 TP=0.22254800 HWM=0.18860000 entry=0.18860000","timestamp":"2026-06-02T11:38:40.560Z"}
{"level":"debug","message":"[RISK-LOOP] checking 2 open position(s)","timestamp":"2026-06-02T11:40:39.846Z"}
{"level":"debug","message":"[LIVE] SUI/USDC: checkRisk price=0.84460000 SL=0.83448000 TP=0.98380800 HWM=0.88160000 entry=0.87840000","timestamp":"2026-06-02T11:40:40.290Z"}
{"level":"debug","message":"[LIVE] JUP/USDC: checkRisk price=0.20510000 SL=0.18897720 TP=0.22254800 HWM=0.18860000 entry=0.18860000","timestamp":"2026-06-02T11:40:40.552Z"}
{"level":"debug","message":"[RISK-LOOP] checking 2 open position(s)","timestamp":"2026-06-02T11:42:39.885Z"}
{"level":"debug","message":"[LIVE] SUI/USDC: checkRisk price=0.84530000 SL=0.83448000 TP=0.98380800 HWM=0.88160000 entry=0.87840000","timestamp":"2026-06-02T11:42:40.322Z"}
{"level":"debug","message":"[LIVE] JUP/USDC: checkRisk price=0.20510000 SL=0.18897720 TP=0.22254800 HWM=0.18860000 entry=0.18860000","timestamp":"2026-06-02T11:42:40.587Z"}
{"level":"debug","message":"[RISK-LOOP] checking 2 open position(s)","timestamp":"2026-06-02T11:44:39.847Z"}
{"level":"debug","message":"[LIVE] SUI/USDC: checkRisk price=0.84530000 SL=0.83448000 TP=0.98380800 HWM=0.88160000 entry=0.87840000","timestamp":"2026-06-02T11:44:40.292Z"}
{"level":"debug","message":"[LIVE] JUP/USDC: checkRisk price=0.20570000 SL=0.18897720 TP=0.22254800 HWM=0.18860000 entry=0.18860000","timestamp":"2026-06-02T11:44:40.556Z"}
{"level":"debug","message":"[RISK-LOOP] checking 2 open position(s)","timestamp":"2026-06-02T11:46:39.851Z"}
{"level":"debug","message":"[LIVE] SUI/USDC: checkRisk price=0.84510000 SL=0.83448000 TP=0.98380800 HWM=0.88160000 entry=0.87840000","timestamp":"2026-06-02T11:46:40.297Z"}
{"level":"debug","message":"[LIVE] JUP/USDC: checkRisk price=0.20570000 SL=0.18897720 TP=0.22254800 HWM=0.18860000 entry=0.18860000","timestamp":"2026-06-02T11:46:40.559Z"}
{"level":"info","message":"[MTF-CACHE] 15m refresh complete: 37/37 symbols","timestamp":"2026-06-02T11:47:59.251Z"}
{"level":"debug","message":"[RISK-LOOP] checking 2 open position(s)","timestamp":"2026-06-02T11:48:39.852Z"}
{"level":"debug","message":"[LIVE] SUI/USDC: checkRisk price=0.84720000 SL=0.83448000 TP=0.98380800 HWM=0.88160000 entry=0.87840000","timestamp":"2026-06-02T11:48:40.294Z"}
{"level":"debug","message":"[LIVE] JUP/USDC: checkRisk price=0.20750000 SL=0.18897720 TP=0.22254800 HWM=0.18860000 entry=0.18860000","timestamp":"2026-06-02T11:48:40.557Z"}
{"level":"debug","message":"[RISK-LOOP] checking 2 open position(s)","timestamp":"2026-06-02T11:50:39.851Z"}
{"level":"debug","message":"[LIVE] SUI/USDC: checkRisk price=0.84760000 SL=0.83448000 TP=0.98380800 HWM=0.88160000 entry=0.87840000","timestamp":"2026-06-02T11:50:40.294Z"}
{"level":"debug","message":"[LIVE] JUP/USDC: checkRisk price=0.20720000 SL=0.18897720 TP=0.22254800 HWM=0.18860000 entry=0.18860000","timestamp":"2026-06-02T11:50:40.559Z"}
{"level":"debug","message":"[RISK-LOOP] checking 2 open position(s)","timestamp":"2026-06-02T11:52:39.896Z"}
{"level":"debug","message":"[LIVE] SUI/USDC: checkRisk price=0.84860000 SL=0.83448000 TP=0.98380800 HWM=0.88160000 entry=0.87840000","timestamp":"2026-06-02T11:52:40.324Z"}
{"level":"debug","message":"[LIVE] JUP/USDC: checkRisk price=0.20760000 SL=0.18897720 TP=0.22254800 HWM=0.18860000 entry=0.18860000","timestamp":"2026-06-02T11:52:40.590Z"}
{"level":"debug","message":"[RISK-LOOP] checking 2 open position(s)","timestamp":"2026-06-02T11:54:39.861Z"}
{"level":"debug","message":"[LIVE] SUI/USDC: checkRisk price=0.84940000 SL=0.83448000 TP=0.98380800 HWM=0.88160000 entry=0.87840000","timestamp":"2026-06-02T11:54:40.303Z"}
{"level":"debug","message":"[LIVE] JUP/USDC: checkRisk price=0.20760000 SL=0.18897720 TP=0.22254800 HWM=0.18860000 entry=0.18860000","timestamp":"2026-06-02T11:54:40.565Z"}
{"level":"debug","message":"[RISK-LOOP] checking 2 open position(s)","timestamp":"2026-06-02T11:56:39.852Z"}
{"level":"debug","message":"[LIVE] SUI/USDC: checkRisk price=0.84860000 SL=0.83448000 TP=0.98380800 HWM=0.88160000 entry=0.87840000","timestamp":"2026-06-02T11:56:40.293Z"}
{"level":"debug","message":"[LIVE] JUP/USDC: checkRisk price=0.20730000 SL=0.18897720 TP=0.22254800 HWM=0.18860000 entry=0.18860000","timestamp":"2026-06-02T11:56:40.556Z"}
{"level":"debug","message":"[RISK-LOOP] checking 2 open position(s)","timestamp":"2026-06-02T11:58:39.860Z"}
{"level":"debug","message":"[LIVE] SUI/USDC: checkRisk price=0.84660000 SL=0.83448000 TP=0.98380800 HWM=0.88160000 entry=0.87840000","timestamp":"2026-06-02T11:58:40.303Z"}
{"level":"debug","message":"[LIVE] JUP/USDC: checkRisk price=0.20610000 SL=0.18897720 TP=0.22254800 HWM=0.18860000 entry=0.18860000","timestamp":"2026-06-02T11:58:40.568Z"}
{"level":"debug","message":"[CYCLE] ATR sizing: medianATRPct=3.48% (37 symbols)","timestamp":"2026-06-02T12:00:19.232Z"}
{"level":"debug","message":"[CYCLE] BTC macro: bull=false EMA200","timestamp":"2026-06-02T12:00:19.233Z"}
{"level":"debug","message":"[CYCLE] BTC/USDC: starting cycle, candles=734 lastClose=69354.89000000 lastTs=2026-06-02T12:00:00.000Z","timestamp":"2026-06-02T12:00:19.507Z"}
{"level":"debug","message":"[AGG] BTC/USDC: strategy[0]=unknown → HOLD conf=0.20 \"No EMA crossover (fast 73490.0765 vs slow 74823.4865)\"","timestamp":"2026-06-02T12:00:19.510Z"}
{"level":"debug","message":"[AGG] BTC/USDC: strategy[1]=unknown → HOLD conf=0.10 \"PSAR downtrend continues (SAR 74988.1170)\"","timestamp":"2026-06-02T12:00:19.510Z"}
{"level":"debug","message":"[AGG] BTC/USDC: strategy[2]=unknown → HOLD conf=0.15 \"HA bearish continuation\"","timestamp":"2026-06-02T12:00:19.511Z"}
{"level":"debug","message":"[AGG] BTC/USDC: votes BUY=0.00 SELL=0.00 HOLD=3.00 total_weight=0.00 external=0","timestamp":"2026-06-02T12:00:19.511Z"}
{"level":"debug","message":"[AGG] BTC/USDC: decision=HOLD confidence=0.00 tie=false belowMin=true (minConf=0.55)","timestamp":"2026-06-02T12:00:19.511Z"}
{"level":"debug","message":"[CYCLE] XRP/USDC: starting cycle, candles=734 lastClose=1.25930000 lastTs=2026-06-02T12:00:00.000Z","timestamp":"2026-06-02T12:00:19.519Z"}
{"level":"debug","message":"[AGG] XRP/USDC: strategy[0]=unknown → HOLD conf=0.20 \"Price 1.2956 inside BB [1.2861–1.3727]\"","timestamp":"2026-06-02T12:00:19.535Z"}
{"level":"debug","message":"[AGG] XRP/USDC: strategy[1]=unknown → HOLD conf=0.20 \"Stoch K=29.6 D=38.2 — no crossover in extreme zone\"","timestamp":"2026-06-02T12:00:19.535Z"}
{"level":"debug","message":"[AGG] XRP/USDC: strategy[2]=unknown → HOLD conf=0.20 \"No EMA crossover (fast 1.3206 vs slow 1.3377)\"","timestamp":"2026-06-02T12:00:19.535Z"}
{"level":"debug","message":"[AGG] XRP/USDC: votes BUY=0.00 SELL=0.00 HOLD=3.00 total_weight=0.00 external=0","timestamp":"2026-06-02T12:00:19.535Z"}
{"level":"debug","message":"[AGG] XRP/USDC: decision=HOLD confidence=0.00 tie=false belowMin=true (minConf=0.55)","timestamp":"2026-06-02T12:00:19.535Z"}
{"level":"debug","message":"[CYCLE] LINK/USDC: starting cycle, candles=734 lastClose=8.80800000 lastTs=2026-06-02T12:00:00.000Z","timestamp":"2026-06-02T12:00:19.578Z"}
{"level":"debug","message":"[AGG] LINK/USDC: strategy[0]=unknown → HOLD conf=0.20 \"Price 9.0520 inside BB [8.7553–9.6896]\"","timestamp":"2026-06-02T12:00:19.590Z"}
{"level":"debug","message":"[AGG] LINK/USDC: strategy[1]=unknown → HOLD conf=0.20 \"Stoch K=32.4 D=28.6 — no crossover in extreme zone\"","timestamp":"2026-06-02T12:00:19.590Z"}
{"level":"debug","message":"[AGG] LINK/USDC: strategy[2]=unknown → HOLD conf=0.10 \"Supertrend downtrend continues (ST 9.7258)\"","timestamp":"2026-06-02T12:00:19.590Z"}
{"level":"debug","message":"[AGG] LINK/USDC: votes BUY=0.00 SELL=0.00 HOLD=3.00 total_weight=0.00 external=0","timestamp":"2026-06-02T12:00:19.590Z"}
{"level":"debug","message":"[AGG] LINK/USDC: decision=HOLD confidence=0.00 tie=false belowMin=true (minConf=0.7)","timestamp":"2026-06-02T12:00:19.590Z"}
{"level":"debug","message":"[CYCLE] BNB/USDC: starting cycle, candles=734 lastClose=677.28000000 lastTs=2026-06-02T12:00:00.000Z","timestamp":"2026-06-02T12:00:19.593Z"}
{"level":"debug","message":"[AGG] BNB/USDC: strategy[0]=unknown → HOLD conf=0.20 \"%R -44.8 neutral\"","timestamp":"2026-06-02T12:00:19.595Z"}
{"level":"debug","message":"[AGG] BNB/USDC: strategy[1]=unknown → HOLD conf=0.15 \"HA bearish continuation\"","timestamp":"2026-06-02T12:00:19.595Z"}
{"level":"debug","message":"[AGG] BNB/USDC: strategy[2]=unknown → HOLD conf=0.10 \"No significant S/R zone nearby\"","timestamp":"2026-06-02T12:00:19.595Z"}
{"level":"debug","message":"[AGG] BNB/USDC: votes BUY=0.00 SELL=0.00 HOLD=3.00 total_weight=0.00 external=0","timestamp":"2026-06-02T12:00:19.595Z"}
{"level":"debug","message":"[AGG] BNB/USDC: decision=HOLD confidence=0.00 tie=false belowMin=true (minConf=0.55)","timestamp":"2026-06-02T12:00:19.595Z"}
{"level":"debug","message":"[CYCLE] LTC/USDC: starting cycle, candles=734 lastClose=49.32000000 lastTs=2026-06-02T12:00:00.000Z","timestamp":"2026-06-02T12:00:19.605Z"}
{"level":"debug","message":"[AGG] LTC/USDC: strategy[0]=unknown → HOLD conf=0.20 \"Price 50.7500 inside BB [50.5047–53.6313]\"","timestamp":"2026-06-02T12:00:19.612Z"}
{"level":"debug","message":"[AGG] LTC/USDC: strategy[1]=unknown → HOLD conf=0.20 \"No EMA crossover (fast 51.6893 vs slow 52.5104)\"","timestamp":"2026-06-02T12:00:19.612Z"}
{"level":"debug","message":"[AGG] LTC/USDC: strategy[2]=unknown → HOLD conf=0.52 \"%R -83.0 oversold — still falling, wait\"","timestamp":"2026-06-02T12:00:19.612Z"}
{"level":"debug","message":"[AGG] LTC/USDC: votes BUY=0.00 SELL=0.00 HOLD=3.00 total_weight=0.00 external=0","timestamp":"2026-06-02T12:00:19.613Z"}
{"level":"debug","message":"[AGG] LTC/USDC: decision=HOLD confidence=0.00 tie=false belowMin=true (minConf=0.55)","timestamp":"2026-06-02T12:00:19.613Z"}
{"level":"debug","message":"[CYCLE] NEAR/USDC: starting cycle, candles=734 lastClose=2.66800000 lastTs=2026-06-02T12:00:00.000Z","timestamp":"2026-06-02T12:00:19.625Z"}
{"level":"debug","message":"[AGG] NEAR/USDC: strategy[0]=unknown → HOLD conf=0.20 \"RSI 65.4 neutral\"","timestamp":"2026-06-02T12:00:19.634Z"}
{"level":"debug","message":"[AGG] NEAR/USDC: strategy[1]=unknown → HOLD conf=0.20 \"Price 2.6340 inside BB [2.1381–2.7595]\"","timestamp":"2026-06-02T12:00:19.634Z"}
{"level":"debug","message":"[AGG] NEAR/USDC: strategy[2]=unknown → HOLD conf=0.20 \"Stoch K=60.2 D=29.2 — no crossover in extreme zone\"","timestamp":"2026-06-02T12:00:19.634Z"}
{"level":"debug","message":"[AGG] NEAR/USDC: strategy[3]=unknown → HOLD conf=0.10 \"No significant S/R zone nearby\"","timestamp":"2026-06-02T12:00:19.634Z"}
{"level":"debug","message":"[AGG] NEAR/USDC: votes BUY=0.00 SELL=0.00 HOLD=4.00 total_weight=0.00 external=0","timestamp":"2026-06-02T12:00:19.634Z"}
{"level":"debug","message":"[AGG] NEAR/USDC: decision=HOLD confidence=0.00 tie=false belowMin=true (minConf=0.7)","timestamp":"2026-06-02T12:00:19.634Z"}
{"level":"debug","message":"[CYCLE] TRX/USDC: starting cycle, candles=734 lastClose=0.34260000 lastTs=2026-06-02T12:00:00.000Z","timestamp":"2026-06-02T12:00:19.651Z"}
{"level":"debug","message":"[AGG] TRX/USDC: strategy[0]=unknown → HOLD conf=0.20 \"CCI -91.1 neutral\"","timestamp":"2026-06-02T12:00:19.663Z"}
{"level":"debug","message":"[AGG] TRX/USDC: strategy[1]=unknown → HOLD conf=0.20 \"Stoch K=9.9 D=23.2 — no crossover in extreme zone\"","timestamp":"2026-06-02T12:00:19.663Z"}
{"level":"debug","message":"[AGG] TRX/USDC: strategy[2]=unknown → HOLD conf=0.20 \"StochRSI K=9.2 D=19.7 — no extreme crossover\"","timestamp":"2026-06-02T12:00:19.664Z"}
{"level":"debug","message":"[AGG] TRX/USDC: votes BUY=0.00 SELL=0.00 HOLD=3.00 total_weight=0.00 external=0","timestamp":"2026-06-02T12:00:19.664Z"}
{"level":"debug","message":"[AGG] TRX/USDC: decision=HOLD confidence=0.00 tie=false belowMin=true (minConf=0.7)","timestamp":"2026-06-02T12:00:19.664Z"}
{"level":"debug","message":"[CYCLE] BCH/USDC: starting cycle, candles=734 lastClose=283.10000000 lastTs=2026-06-02T12:00:00.000Z","timestamp":"2026-06-02T12:00:19.670Z"}
{"level":"debug","message":"[AGG] BCH/USDC: strategy[0]=unknown → HOLD conf=0.20 \"Price 293.6000 inside BB [269.4542–371.4958]\"","timestamp":"2026-06-02T12:00:19.674Z"}
{"level":"debug","message":"[AGG] BCH/USDC: strategy[1]=unknown → HOLD conf=0.20 \"OBV below EMA-20 — no cross\"","timestamp":"2026-06-02T12:00:19.674Z"}
{"level":"debug","message":"[AGG] BCH/USDC: strategy[2]=unknown → BUY conf=0.61 \"%R -82.1 oversold ↑ reversal confirmed\"","timestamp":"2026-06-02T12:00:19.675Z"}
{"level":"debug","message":"[AGG] BCH/USDC: votes BUY=1.00 SELL=0.00 HOLD=2.00 total_weight=1.00 external=0","timestamp":"2026-06-02T12:00:19.675Z"}
{"level":"debug","message":"[AGG] BCH/USDC: decision=HOLD confidence=2.00 tie=false belowMin=false (minConf=0.55)","timestamp":"2026-06-02T12:00:19.675Z"}
{"level":"debug","message":"[CYCLE] ACH/USDC: starting cycle, candles=734 lastClose=0.00618000 lastTs=2026-06-02T12:00:00.000Z","timestamp":"2026-06-02T12:00:19.693Z"}
{"level":"debug","message":"[AGG] ACH/USDC: strategy[0]=unknown → HOLD conf=0.20 \"RSI 39.4 neutral\"","timestamp":"2026-06-02T12:00:19.711Z"}
{"level":"debug","message":"[AGG] ACH/USDC: strategy[1]=unknown → HOLD conf=0.20 \"Price 0.0062 inside BB [0.0060–0.0067]\"","timestamp":"2026-06-02T12:00:19.711Z"}
{"level":"debug","message":"[AGG] ACH/USDC: strategy[2]=unknown → HOLD conf=0.20 \"CCI -64.5 neutral\"","timestamp":"2026-06-02T12:00:19.711Z"}
{"level":"debug","message":"[AGG] ACH/USDC: votes BUY=0.00 SELL=0.00 HOLD=3.00 total_weight=0.00 external=0","timestamp":"2026-06-02T12:00:19.711Z"}
{"level":"debug","message":"[AGG] ACH/USDC: decision=HOLD confidence=0.00 tie=false belowMin=true (minConf=0.7)","timestamp":"2026-06-02T12:00:19.711Z"}
{"level":"debug","message":"[CYCLE] CRV/USDC: starting cycle, candles=734 lastClose=0.21020000 lastTs=2026-06-02T12:00:00.000Z","timestamp":"2026-06-02T12:00:19.719Z"}
{"level":"debug","message":"[AGG] CRV/USDC: strategy[0]=unknown → SELL conf=0.57 \"ADX 28.2 downtrend (-DI 23.1 > +DI 14.3)\"","timestamp":"2026-06-02T12:00:19.742Z"}
{"level":"debug","message":"[AGG] CRV/USDC: strategy[1]=unknown → HOLD conf=0.20 \"StochRSI K=100.0 D=76.7 — no extreme crossover\"","timestamp":"2026-06-02T12:00:19.742Z"}
{"level":"debug","message":"[AGG] CRV/USDC: strategy[2]=unknown → HOLD conf=0.10 \"No significant S/R zone nearby\"","timestamp":"2026-06-02T12:00:19.742Z"}
{"level":"debug","message":"[AGG] CRV/USDC: votes BUY=0.00 SELL=1.00 HOLD=2.00 total_weight=1.00 external=0","timestamp":"2026-06-02T12:00:19.742Z"}
{"level":"debug","message":"[AGG] CRV/USDC: decision=HOLD confidence=2.00 tie=false belowMin=false (minConf=0.55)","timestamp":"2026-06-02T12:00:19.742Z"}
{"level":"debug","message":"[CYCLE] ENS/USDC: starting cycle, candles=734 lastClose=5.67000000 lastTs=2026-06-02T12:00:00.000Z","timestamp":"2026-06-02T12:00:19.749Z"}
{"level":"debug","message":"[AGG] ENS/USDC: strategy[0]=unknown → HOLD conf=0.20 \"Price 5.8100 inside BB [5.5487–6.4793]\"","timestamp":"2026-06-02T12:00:19.756Z"}
{"level":"debug","message":"[AGG] ENS/USDC: strategy[1]=unknown → HOLD conf=0.10 \"PSAR uptrend continues (SAR 5.6765)\"","timestamp":"2026-06-02T12:00:19.756Z"}
{"level":"debug","message":"[AGG] ENS/USDC: strategy[2]=unknown → HOLD conf=0.10 \"No significant S/R zone nearby\"","timestamp":"2026-06-02T12:00:19.756Z"}
{"level":"debug","message":"[AGG] ENS/USDC: votes BUY=0.00 SELL=0.00 HOLD=3.00 total_weight=0.00 external=0","timestamp":"2026-06-02T12:00:19.757Z"}
{"level":"debug","message":"[AGG] ENS/USDC: decision=HOLD confidence=0.00 tie=false belowMin=true (minConf=0.55)","timestamp":"2026-06-02T12:00:19.757Z"}
{"level":"debug","message":"[CYCLE] GMX/USDC: starting cycle, candles=734 lastClose=6.64000000 lastTs=2026-06-02T12:00:00.000Z","timestamp":"2026-06-02T12:00:19.760Z"}
{"level":"debug","message":"[AGG] GMX/USDC: strategy[0]=unknown → HOLD conf=0.20 \"RSI 58.7 neutral\"","timestamp":"2026-06-02T12:00:19.778Z"}
{"level":"debug","message":"[AGG] GMX/USDC: strategy[1]=unknown → HOLD conf=0.20 \"Price 6.9100 inside BB [6.0726–7.0314]\"","timestamp":"2026-06-02T12:00:19.779Z"}
{"level":"debug","message":"[AGG] GMX/USDC: strategy[2]=unknown → HOLD conf=0.56 \"CCI 115.4 overbought — still rising, wait\"","timestamp":"2026-06-02T12:00:19.779Z"}
{"level":"debug","message":"[AGG] GMX/USDC: votes BUY=0.00 SELL=0.00 HOLD=3.00 total_weight=0.00 external=0","timestamp":"2026-06-02T12:00:19.779Z"}
{"level":"debug","message":"[AGG] GMX/USDC: decision=HOLD confidence=0.00 tie=false belowMin=true (minConf=0.7)","timestamp":"2026-06-02T12:00:19.779Z"}
{"level":"debug","message":"[CYCLE] LDO/USDC: starting cycle, candles=734 lastClose=0.32350000 lastTs=2026-06-02T12:00:00.000Z","timestamp":"2026-06-02T12:00:19.788Z"}
{"level":"debug","message":"[AGG] LDO/USDC: strategy[0]=unknown → HOLD conf=0.20 \"MACD -0.0088 vs signal -0.0103 hist:0.0015\"","timestamp":"2026-06-02T12:00:19.794Z"}
{"level":"debug","message":"[AGG] LDO/USDC: strategy[1]=unknown → SELL conf=0.52 \"ADX 26.5 downtrend (-DI 24.0 > +DI 19.0)\"","timestamp":"2026-06-02T12:00:19.795Z"}
{"level":"debug","message":"[AGG] LDO/USDC: strategy[2]=unknown → HOLD conf=0.20 \"%R -52.7 neutral\"","timestamp":"2026-06-02T12:00:19.795Z"}
{"level":"debug","message":"[AGG] LDO/USDC: votes BUY=0.00 SELL=1.00 HOLD=2.00 total_weight=1.00 external=0","timestamp":"2026-06-02T12:00:19.795Z"}
{"level":"debug","message":"[AGG] LDO/USDC: decision=HOLD confidence=2.00 tie=false belowMin=false (minConf=0.55)","timestamp":"2026-06-02T12:00:19.795Z"}
{"level":"debug","message":"[CYCLE] LSK/USDC: starting cycle, candles=394 lastClose=0.11100000 lastTs=2026-06-02T12:00:00.000Z","timestamp":"2026-06-02T12:00:19.796Z"}
{"level":"debug","message":"[AGG] LSK/USDC: strategy[0]=unknown → HOLD conf=0.20 \"MACD -0.0027 vs signal -0.0031 hist:0.0003\"","timestamp":"2026-06-02T12:00:19.799Z"}
{"level":"debug","message":"[AGG] LSK/USDC: strategy[1]=unknown → HOLD conf=0.20 \"MFI 44.0 neutral\"","timestamp":"2026-06-02T12:00:19.799Z"}
{"level":"debug","message":"[AGG] LSK/USDC: strategy[2]=unknown → HOLD conf=0.10 \"PSAR uptrend continues (SAR 0.1079)\"","timestamp":"2026-06-02T12:00:19.799Z"}
{"level":"debug","message":"[AGG] LSK/USDC: votes BUY=0.00 SELL=0.00 HOLD=3.00 total_weight=0.00 external=0","timestamp":"2026-06-02T12:00:19.799Z"}
{"level":"debug","message":"[AGG] LSK/USDC: decision=HOLD confidence=0.00 tie=false belowMin=true (minConf=0.55)","timestamp":"2026-06-02T12:00:19.799Z"}
{"level":"debug","message":"[CYCLE] JTO/USDC: starting cycle, candles=734 lastClose=0.61780000 lastTs=2026-06-02T12:00:00.000Z","timestamp":"2026-06-02T12:00:19.803Z"}
{"level":"debug","message":"[AGG] JTO/USDC: strategy[0]=unknown → HOLD conf=0.90 \"CCI 259.0 overbought — still rising, wait\"","timestamp":"2026-06-02T12:00:19.809Z"}
{"level":"debug","message":"[AGG] JTO/USDC: strategy[1]=unknown → BUY conf=0.85 \"PSAR flipped bullish ↑ — SAR 0.4619 now below price 0.5810\"","timestamp":"2026-06-02T12:00:19.809Z"}
{"level":"debug","message":"[AGG] JTO/USDC: strategy[2]=unknown → HOLD conf=0.10 \"No significant S/R zone nearby\"","timestamp":"2026-06-02T12:00:19.809Z"}
{"level":"debug","message":"[AGG] JTO/USDC: votes BUY=1.00 SELL=0.00 HOLD=2.00 total_weight=1.00 external=0","timestamp":"2026-06-02T12:00:19.809Z"}
{"level":"debug","message":"[AGG] JTO/USDC: decision=HOLD confidence=2.00 tie=false belowMin=false (minConf=0.55)","timestamp":"2026-06-02T12:00:19.809Z"}
{"level":"debug","message":"[CYCLE] MANTA/USDC: starting cycle, candles=734 lastClose=0.07607000 lastTs=2026-06-02T12:00:00.000Z","timestamp":"2026-06-02T12:00:19.839Z"}
{"level":"debug","message":"[AGG] MANTA/USDC: strategy[0]=unknown → HOLD conf=0.20 \"RSI 51.1 neutral\"","timestamp":"2026-06-02T12:00:19.845Z"}
{"level":"debug","message":"[AGG] MANTA/USDC: strategy[1]=unknown → HOLD conf=0.20 \"Price 0.0779 inside BB [0.0734–0.0822]\"","timestamp":"2026-06-02T12:00:19.846Z"}
{"level":"debug","message":"[AGG] MANTA/USDC: strategy[2]=unknown → HOLD conf=0.20 \"CCI 1.1 neutral\"","timestamp":"2026-06-02T12:00:19.846Z"}
{"level":"debug","message":"[AGG] MANTA/USDC: votes BUY=0.00 SELL=0.00 HOLD=3.00 total_weight=0.00 external=0","timestamp":"2026-06-02T12:00:19.846Z"}
{"level":"debug","message":"[AGG] MANTA/USDC: decision=HOLD confidence=0.00 tie=false belowMin=true (minConf=0.7)","timestamp":"2026-06-02T12:00:19.846Z"}
{"level":"debug","message":"[CYCLE] PIXEL/USDC: starting cycle, candles=734 lastClose=0.00701000 lastTs=2026-06-02T12:00:00.000Z","timestamp":"2026-06-02T12:00:19.848Z"}
{"level":"debug","message":"[AGG] PIXEL/USDC: strategy[0]=unknown → HOLD conf=0.20 \"No EMA crossover (fast 0.0069 vs slow 0.0070)\"","timestamp":"2026-06-02T12:00:19.852Z"}
{"level":"debug","message":"[AGG] PIXEL/USDC: strategy[1]=unknown → HOLD conf=0.10 \"ADX 19.1 < 20 — ranging, skip\"","timestamp":"2026-06-02T12:00:19.853Z"}
{"level":"debug","message":"[AGG] PIXEL/USDC: strategy[2]=unknown → HOLD conf=0.10 \"No significant S/R zone nearby\"","timestamp":"2026-06-02T12:00:19.853Z"}
{"level":"debug","message":"[AGG] PIXEL/USDC: votes BUY=0.00 SELL=0.00 HOLD=3.00 total_weight=0.00 external=0","timestamp":"2026-06-02T12:00:19.853Z"}
{"level":"debug","message":"[AGG] PIXEL/USDC: decision=HOLD confidence=0.00 tie=false belowMin=true (minConf=0.55)","timestamp":"2026-06-02T12:00:19.853Z"}
{"level":"debug","message":"[CYCLE] PAXG/USDC: starting cycle, candles=734 lastClose=4516.81000000 lastTs=2026-06-02T12:00:00.000Z","timestamp":"2026-06-02T12:00:19.857Z"}
{"level":"debug","message":"[AGG] PAXG/USDC: strategy[0]=unknown → HOLD conf=0.20 \"MACD -13.3278 vs signal -16.7092 hist:3.3814\"","timestamp":"2026-06-02T12:00:19.861Z"}
{"level":"debug","message":"[AGG] PAXG/USDC: strategy[1]=unknown → HOLD conf=0.10 \"ADX 18.0 < 20 — ranging, skip\"","timestamp":"2026-06-02T12:00:19.861Z"}
{"level":"debug","message":"[AGG] PAXG/USDC: strategy[2]=unknown → HOLD conf=0.10 \"Supertrend downtrend continues (ST 4568.4891)\"","timestamp":"2026-06-02T12:00:19.861Z"}
{"level":"debug","message":"[AGG] PAXG/USDC: votes BUY=0.00 SELL=0.00 HOLD=3.00 total_weight=0.00 external=0","timestamp":"2026-06-02T12:00:19.861Z"}
{"level":"debug","message":"[AGG] PAXG/USDC: decision=HOLD confidence=0.00 tie=false belowMin=true (minConf=0.55)","timestamp":"2026-06-02T12:00:19.861Z"}
{"level":"debug","message":"[CYCLE] SUI/USDC: starting cycle, candles=734 lastClose=0.84500000 lastTs=2026-06-02T12:00:00.000Z","timestamp":"2026-06-02T12:00:19.865Z"}
{"level":"debug","message":"[AGG] SUI/USDC: strategy[0]=unknown → BUY conf=0.60 \"RSI 29.8 oversold ↑ reversal confirmed\"","timestamp":"2026-06-02T12:00:19.876Z"}
{"level":"debug","message":"[AGG] SUI/USDC: strategy[1]=unknown → HOLD conf=0.20 \"Stoch K=14.5 D=14.2 — no crossover in extreme zone\"","timestamp":"2026-06-02T12:00:19.876Z"}
{"level":"debug","message":"[AGG] SUI/USDC: strategy[2]=unknown → BUY conf=0.80 \"MFI 9.8 oversold ↑ volume reversal confirmed\"","timestamp":"2026-06-02T12:00:19.876Z"}
{"level":"debug","message":"[AGG] SUI/USDC: votes BUY=2.00 SELL=0.00 HOLD=1.00 total_weight=2.00 external=0","timestamp":"2026-06-02T12:00:19.876Z"}
{"level":"debug","message":"[AGG] SUI/USDC: decision=BUY confidence=1.00 tie=false","timestamp":"2026-06-02T12:00:19.876Z"}
{"level":"debug","message":"[CYCLE] THETA/USDC: starting cycle, candles=734 lastClose=0.18800000 lastTs=2026-06-02T12:00:00.000Z","timestamp":"2026-06-02T12:00:19.882Z"}
{"level":"debug","message":"[AGG] THETA/USDC: strategy[0]=unknown → HOLD conf=0.20 \"RSI 50.1 neutral\"","timestamp":"2026-06-02T12:00:19.889Z"}
{"level":"debug","message":"[AGG] THETA/USDC: strategy[1]=unknown → HOLD conf=0.20 \"CCI 50.1 neutral\"","timestamp":"2026-06-02T12:00:19.889Z"}
{"level":"debug","message":"[AGG] THETA/USDC: strategy[2]=unknown → HOLD conf=0.20 \"OBV below EMA-20 — no cross\"","timestamp":"2026-06-02T12:00:19.889Z"}
{"level":"debug","message":"[AGG] THETA/USDC: votes BUY=0.00 SELL=0.00 HOLD=3.00 total_weight=0.00 external=0","timestamp":"2026-06-02T12:00:19.889Z"}
{"level":"debug","message":"[AGG] THETA/USDC: decision=HOLD confidence=0.00 tie=false belowMin=true (minConf=0.55)","timestamp":"2026-06-02T12:00:19.889Z"}
{"level":"debug","message":"[CYCLE] TIA/USDC: starting cycle, candles=734 lastClose=0.39180000 lastTs=2026-06-02T12:00:00.000Z","timestamp":"2026-06-02T12:00:19.910Z"}
{"level":"debug","message":"[AGG] TIA/USDC: strategy[0]=unknown → HOLD conf=0.20 \"CCI -77.5 neutral\"","timestamp":"2026-06-02T12:00:19.912Z"}
{"level":"debug","message":"[AGG] TIA/USDC: strategy[1]=unknown → HOLD conf=0.20 \"MACD -0.0076 vs signal -0.0029 hist:-0.0047\"","timestamp":"2026-06-02T12:00:19.912Z"}
{"level":"debug","message":"[AGG] TIA/USDC: strategy[2]=unknown → BUY conf=0.90 \"HA flipped bullish ↑ after 12-bar bear streak (no lower shadow)\"","timestamp":"2026-06-02T12:00:19.912Z"}
{"level":"debug","message":"[AGG] TIA/USDC: votes BUY=1.00 SELL=0.00 HOLD=2.00 total_weight=1.00 external=0","timestamp":"2026-06-02T12:00:19.912Z"}
{"level":"debug","message":"[AGG] TIA/USDC: decision=HOLD confidence=2.00 tie=false belowMin=false (minConf=0.55)","timestamp":"2026-06-02T12:00:19.912Z"}
{"level":"debug","message":"[CYCLE] VANRY/USDC: starting cycle, candles=734 lastClose=0.00442500 lastTs=2026-06-02T12:00:00.000Z","timestamp":"2026-06-02T12:00:19.924Z"}
{"level":"debug","message":"[AGG] VANRY/USDC: strategy[0]=unknown → HOLD conf=0.20 \"No EMA crossover (fast 0.0045 vs slow 0.0047)\"","timestamp":"2026-06-02T12:00:19.926Z"}
{"level":"debug","message":"[AGG] VANRY/USDC: strategy[1]=unknown → HOLD conf=0.20 \"MACD -0.0002 vs signal -0.0002 hist:0.0000\"","timestamp":"2026-06-02T12:00:19.926Z"}
{"level":"debug","message":"[AGG] VANRY/USDC: strategy[2]=unknown → SELL conf=0.60 \"ADX 27.5 downtrend (-DI 21.5 > +DI 13.5)\"","timestamp":"2026-06-02T12:00:19.926Z"}
{"level":"debug","message":"[AGG] VANRY/USDC: votes BUY=0.00 SELL=1.00 HOLD=2.00 total_weight=1.00 external=0","timestamp":"2026-06-02T12:00:19.926Z"}
{"level":"debug","message":"[AGG] VANRY/USDC: decision=HOLD confidence=2.00 tie=false belowMin=false (minConf=0.55)","timestamp":"2026-06-02T12:00:19.926Z"}
{"level":"debug","message":"[CYCLE] SOL/USDC: starting cycle, candles=734 lastClose=78.82000000 lastTs=2026-06-02T12:00:00.000Z","timestamp":"2026-06-02T12:00:19.961Z"}
{"level":"debug","message":"[AGG] SOL/USDC: strategy[0]=unknown → HOLD conf=0.20 \"Price 81.2000 inside BB [79.5411–86.6849]\"","timestamp":"2026-06-02T12:00:19.966Z"}
{"level":"debug","message":"[AGG] SOL/USDC: strategy[1]=unknown → HOLD conf=0.20 \"%R -79.1 neutral\"","timestamp":"2026-06-02T12:00:19.966Z"}
{"level":"debug","message":"[AGG] SOL/USDC: strategy[2]=unknown → HOLD conf=0.20 \"StochRSI K=49.0 D=34.4 — no extreme crossover\"","timestamp":"2026-06-02T12:00:19.966Z"}
{"level":"debug","message":"[AGG] SOL/USDC: votes BUY=0.00 SELL=0.00 HOLD=3.00 total_weight=0.00 external=0","timestamp":"2026-06-02T12:00:19.966Z"}
{"level":"debug","message":"[AGG] SOL/USDC: decision=HOLD confidence=0.00 tie=false belowMin=true (minConf=0.55)","timestamp":"2026-06-02T12:00:19.966Z"}
{"level":"debug","message":"[CYCLE] ADA/USDC: starting cycle, candles=734 lastClose=0.22280000 lastTs=2026-06-02T12:00:00.000Z","timestamp":"2026-06-02T12:00:19.968Z"}
{"level":"debug","message":"[AGG] ADA/USDC: strategy[0]=unknown → HOLD conf=0.20 \"RSI 35.6 neutral\"","timestamp":"2026-06-02T12:00:19.973Z"}
{"level":"debug","message":"[AGG] ADA/USDC: strategy[1]=unknown → HOLD conf=0.20 \"Price 0.2309 inside BB [0.2269–0.2478]\"","timestamp":"2026-06-02T12:00:19.973Z"}
{"level":"debug","message":"[AGG] ADA/USDC: strategy[2]=unknown → BUY conf=0.62 \"CCI -105.0 oversold ↑ reversal confirmed\"","timestamp":"2026-06-02T12:00:19.974Z"}
{"level":"debug","message":"[AGG] ADA/USDC: votes BUY=1.00 SELL=0.00 HOLD=2.00 total_weight=1.00 external=0","timestamp":"2026-06-02T12:00:19.974Z"}
{"level":"debug","message":"[AGG] ADA/USDC: decision=HOLD confidence=2.00 tie=false belowMin=false (minConf=0.55)","timestamp":"2026-06-02T12:00:19.974Z"}
{"level":"debug","message":"[CYCLE] AVAX/USDC: starting cycle, candles=734 lastClose=8.67000000 lastTs=2026-06-02T12:00:00.000Z","timestamp":"2026-06-02T12:00:19.990Z"}
{"level":"debug","message":"[AGG] AVAX/USDC: strategy[0]=unknown → HOLD conf=0.20 \"RSI 44.5 neutral\"","timestamp":"2026-06-02T12:00:19.991Z"}
{"level":"debug","message":"[AGG] AVAX/USDC: strategy[1]=unknown → BUY conf=0.55 \"MACD crossed above signal hist:0.0014\"","timestamp":"2026-06-02T12:00:19.991Z"}
{"level":"debug","message":"[AGG] AVAX/USDC: strategy[2]=unknown → HOLD conf=0.10 \"PSAR downtrend continues (SAR 9.1326)\"","timestamp":"2026-06-02T12:00:19.991Z"}
{"level":"debug","message":"[AGG] AVAX/USDC: votes BUY=1.00 SELL=0.00 HOLD=2.00 total_weight=1.00 external=0","timestamp":"2026-06-02T12:00:19.991Z"}
{"level":"debug","message":"[AGG] AVAX/USDC: decision=HOLD confidence=2.00 tie=false belowMin=false (minConf=0.55)","timestamp":"2026-06-02T12:00:19.991Z"}
{"level":"debug","message":"[CYCLE] DOGE/USDC: starting cycle, candles=734 lastClose=0.09866000 lastTs=2026-06-02T12:00:00.000Z","timestamp":"2026-06-02T12:00:20.006Z"}
{"level":"debug","message":"[AGG] DOGE/USDC: strategy[0]=unknown → HOLD conf=0.20 \"No EMA crossover (fast 0.1005 vs slow 0.1018)\"","timestamp":"2026-06-02T12:00:20.007Z"}
{"level":"debug","message":"[AGG] DOGE/USDC: strategy[1]=unknown → HOLD conf=0.10 \"PSAR downtrend continues (SAR 0.1015)\"","timestamp":"2026-06-02T12:00:20.007Z"}
{"level":"debug","message":"[AGG] DOGE/USDC: strategy[2]=unknown → HOLD conf=0.20 \"HA flipped but prior streak too short (1 < 3)\"","timestamp":"2026-06-02T12:00:20.007Z"}
{"level":"debug","message":"[AGG] DOGE/USDC: votes BUY=0.00 SELL=0.00 HOLD=3.00 total_weight=0.00 external=0","timestamp":"2026-06-02T12:00:20.007Z"}
{"level":"debug","message":"[AGG] DOGE/USDC: decision=HOLD confidence=0.00 tie=false belowMin=true (minConf=0.55)","timestamp":"2026-06-02T12:00:20.007Z"}
{"level":"debug","message":"[CYCLE] INJ/USDC: starting cycle, candles=734 lastClose=7.10000000 lastTs=2026-06-02T12:00:00.000Z","timestamp":"2026-06-02T12:00:20.027Z"}
{"level":"debug","message":"[AGG] INJ/USDC: strategy[0]=unknown → BUY conf=0.94 \"ADX 54.3 uptrend (+DI 30.7 > -DI 7.7)\"","timestamp":"2026-06-02T12:00:20.030Z"}
{"level":"debug","message":"[AGG] INJ/USDC: strategy[1]=unknown → HOLD conf=0.20 \"OBV above EMA-20 — no cross\"","timestamp":"2026-06-02T12:00:20.030Z"}
{"level":"debug","message":"[AGG] INJ/USDC: strategy[2]=unknown → HOLD conf=0.20 \"StochRSI K=98.5 D=80.9 — no extreme crossover\"","timestamp":"2026-06-02T12:00:20.030Z"}
{"level":"debug","message":"[AGG] INJ/USDC: votes BUY=1.00 SELL=0.00 HOLD=2.00 total_weight=1.00 external=0","timestamp":"2026-06-02T12:00:20.030Z"}
{"level":"debug","message":"[AGG] INJ/USDC: decision=HOLD confidence=2.00 tie=false belowMin=false (minConf=0.55)","timestamp":"2026-06-02T12:00:20.030Z"}
{"level":"debug","message":"[CYCLE] ETH/USDC: starting cycle, candles=734 lastClose=1975.94000000 lastTs=2026-06-02T12:00:00.000Z","timestamp":"2026-06-02T12:00:20.050Z"}
{"level":"debug","message":"[AGG] ETH/USDC: strategy[0]=unknown → HOLD conf=0.10 \"Supertrend downtrend continues (ST 2100.8333)\"","timestamp":"2026-06-02T12:00:20.052Z"}
{"level":"debug","message":"[AGG] ETH/USDC: strategy[1]=unknown → HOLD conf=0.20 \"MFI 42.4 neutral\"","timestamp":"2026-06-02T12:00:20.052Z"}
{"level":"debug","message":"[AGG] ETH/USDC: strategy[2]=unknown → HOLD conf=0.10 \"No significant S/R zone nearby\"","timestamp":"2026-06-02T12:00:20.052Z"}
{"level":"debug","message":"[AGG] ETH/USDC: votes BUY=0.00 SELL=0.00 HOLD=3.00 total_weight=0.00 external=0","timestamp":"2026-06-02T12:00:20.053Z"}
{"level":"debug","message":"[AGG] ETH/USDC: decision=HOLD confidence=0.00 tie=false belowMin=true (minConf=0.55)","timestamp":"2026-06-02T12:00:20.053Z"}
{"level":"debug","message":"[CYCLE] WLD/USDC: starting cycle, candles=734 lastClose=0.41750000 lastTs=2026-06-02T12:00:00.000Z","timestamp":"2026-06-02T12:00:20.060Z"}
{"level":"debug","message":"[AGG] WLD/USDC: strategy[0]=unknown → SELL conf=0.62 \"Price 0.4375 ≥ upper BB 0.4179 (bw 50.6%)\"","timestamp":"2026-06-02T12:00:20.064Z"}
{"level":"debug","message":"[AGG] WLD/USDC: strategy[1]=unknown → HOLD conf=0.90 \"CCI 203.1 overbought — still rising, wait\"","timestamp":"2026-06-02T12:00:20.064Z"}
{"level":"debug","message":"[AGG] WLD/USDC: strategy[2]=unknown → BUY conf=0.77 \"ADX 37.0 uptrend (+DI 52.7 > -DI 13.5)\"","timestamp":"2026-06-02T12:00:20.064Z"}
{"level":"debug","message":"[AGG] WLD/USDC: votes BUY=1.00 SELL=1.00 HOLD=1.00 total_weight=2.00 external=0","timestamp":"2026-06-02T12:00:20.064Z"}
{"level":"debug","message":"[AGG] WLD/USDC: decision=HOLD confidence=0.50 tie=true belowMin=true (minConf=0.55)","timestamp":"2026-06-02T12:00:20.064Z"}
{"level":"debug","message":"[CYCLE] PEPE/USDC: starting cycle, candles=734 lastClose=0.00000332 lastTs=2026-06-02T12:00:00.000Z","timestamp":"2026-06-02T12:00:20.083Z"}
{"level":"debug","message":"[AGG] PEPE/USDC: strategy[0]=unknown → HOLD conf=0.20 \"No EMA crossover (fast 0.0000 vs slow 0.0000)\"","timestamp":"2026-06-02T12:00:20.084Z"}
{"level":"debug","message":"[AGG] PEPE/USDC: strategy[1]=unknown → HOLD conf=0.10 \"Supertrend downtrend continues (ST 0.0000)\"","timestamp":"2026-06-02T12:00:20.084Z"}
{"level":"debug","message":"[AGG] PEPE/USDC: strategy[2]=unknown → HOLD conf=0.20 \"OBV below EMA-20 — no cross\"","timestamp":"2026-06-02T12:00:20.084Z"}
{"level":"debug","message":"[AGG] PEPE/USDC: votes BUY=0.00 SELL=0.00 HOLD=3.00 total_weight=0.00 external=0","timestamp":"2026-06-02T12:00:20.084Z"}
{"level":"debug","message":"[AGG] PEPE/USDC: decision=HOLD confidence=0.00 tie=false belowMin=true (minConf=0.55)","timestamp":"2026-06-02T12:00:20.084Z"}
{"level":"debug","message":"[CYCLE] TON/USDC: starting cycle, candles=734 lastClose=2.02100000 lastTs=2026-06-02T12:00:00.000Z","timestamp":"2026-06-02T12:00:20.104Z"}
{"level":"debug","message":"[AGG] TON/USDC: strategy[0]=unknown → HOLD conf=0.20 \"No EMA crossover (fast 1.8942 vs slow 1.8944)\"","timestamp":"2026-06-02T12:00:20.106Z"}
{"level":"debug","message":"[AGG] TON/USDC: strategy[1]=unknown → HOLD conf=0.20 \"OBV above EMA-20 — no cross\"","timestamp":"2026-06-02T12:00:20.106Z"}
{"level":"debug","message":"[AGG] TON/USDC: strategy[2]=unknown → HOLD conf=0.20 \"StochRSI K=100.0 D=93.4 — no extreme crossover\"","timestamp":"2026-06-02T12:00:20.106Z"}
{"level":"debug","message":"[AGG] TON/USDC: votes BUY=0.00 SELL=0.00 HOLD=3.00 total_weight=0.00 external=0","timestamp":"2026-06-02T12:00:20.106Z"}
{"level":"debug","message":"[AGG] TON/USDC: decision=HOLD confidence=0.00 tie=false belowMin=true (minConf=0.55)","timestamp":"2026-06-02T12:00:20.106Z"}
{"level":"debug","message":"[CYCLE] RENDER/USDC: starting cycle, candles=734 lastClose=2.21300000 lastTs=2026-06-02T12:00:00.000Z","timestamp":"2026-06-02T12:00:20.123Z"}
{"level":"debug","message":"[AGG] RENDER/USDC: strategy[0]=unknown → HOLD conf=0.20 \"No EMA crossover (fast 2.0656 vs slow 2.0335)\"","timestamp":"2026-06-02T12:00:20.125Z"}
{"level":"debug","message":"[AGG] RENDER/USDC: strategy[1]=unknown → HOLD conf=0.20 \"OBV above EMA-20 — no cross\"","timestamp":"2026-06-02T12:00:20.125Z"}
{"level":"debug","message":"[AGG] RENDER/USDC: strategy[2]=unknown → HOLD conf=0.20 \"%R -61.8 neutral\"","timestamp":"2026-06-02T12:00:20.125Z"}
{"level":"debug","message":"[AGG] RENDER/USDC: votes BUY=0.00 SELL=0.00 HOLD=3.00 total_weight=0.00 external=0","timestamp":"2026-06-02T12:00:20.125Z"}
{"level":"debug","message":"[AGG] RENDER/USDC: decision=HOLD confidence=0.00 tie=false belowMin=true (minConf=0.55)","timestamp":"2026-06-02T12:00:20.125Z"}
{"level":"debug","message":"[CYCLE] ENA/USDC: starting cycle, candles=734 lastClose=0.08620000 lastTs=2026-06-02T12:00:00.000Z","timestamp":"2026-06-02T12:00:20.141Z"}
{"level":"debug","message":"[AGG] ENA/USDC: strategy[0]=unknown → HOLD conf=0.20 \"RSI 38.5 neutral\"","timestamp":"2026-06-02T12:00:20.145Z"}
{"level":"debug","message":"[AGG] ENA/USDC: strategy[1]=unknown → HOLD conf=0.20 \"Price 0.0887 inside BB [0.0807–0.1045]\"","timestamp":"2026-06-02T12:00:20.146Z"}
{"level":"debug","message":"[AGG] ENA/USDC: strategy[2]=unknown → HOLD conf=0.20 \"CCI -51.5 neutral\"","timestamp":"2026-06-02T12:00:20.146Z"}
{"level":"debug","message":"[AGG] ENA/USDC: votes BUY=0.00 SELL=0.00 HOLD=3.00 total_weight=0.00 external=0","timestamp":"2026-06-02T12:00:20.146Z"}
{"level":"debug","message":"[AGG] ENA/USDC: decision=HOLD confidence=0.00 tie=false belowMin=true (minConf=0.55)","timestamp":"2026-06-02T12:00:20.146Z"}
{"level":"debug","message":"[CYCLE] ICP/USDC: starting cycle, candles=734 lastClose=3.09100000 lastTs=2026-06-02T12:00:00.000Z","timestamp":"2026-06-02T12:00:20.160Z"}
{"level":"debug","message":"[AGG] ICP/USDC: strategy[0]=unknown → HOLD conf=0.20 \"RSI 61.5 neutral\"","timestamp":"2026-06-02T12:00:20.163Z"}
{"level":"debug","message":"[AGG] ICP/USDC: strategy[1]=unknown → SELL conf=0.64 \"Price 2.9500 ≥ upper BB 2.8967 (bw 14.1%)\"","timestamp":"2026-06-02T12:00:20.163Z"}
{"level":"debug","message":"[AGG] ICP/USDC: strategy[2]=unknown → HOLD conf=0.20 \"Stoch K=73.2 D=50.1 — no crossover in extreme zone\"","timestamp":"2026-06-02T12:00:20.163Z"}
{"level":"debug","message":"[AGG] ICP/USDC: votes BUY=0.00 SELL=1.00 HOLD=2.00 total_weight=1.00 external=0","timestamp":"2026-06-02T12:00:20.163Z"}
{"level":"debug","message":"[AGG] ICP/USDC: decision=HOLD confidence=2.00 tie=false belowMin=false (minConf=0.55)","timestamp":"2026-06-02T12:00:20.163Z"}
{"level":"debug","message":"[CYCLE] APT/USDC: starting cycle, candles=734 lastClose=0.90200000 lastTs=2026-06-02T12:00:00.000Z","timestamp":"2026-06-02T12:00:20.180Z"}
{"level":"debug","message":"[AGG] APT/USDC: strategy[0]=unknown → HOLD conf=0.20 \"Price 0.9420 inside BB [0.9068–0.9871]\"","timestamp":"2026-06-02T12:00:20.184Z"}
{"level":"debug","message":"[AGG] APT/USDC: strategy[1]=unknown → HOLD conf=0.20 \"Stoch K=44.3 D=34.7 — no crossover in extreme zone\"","timestamp":"2026-06-02T12:00:20.184Z"}
{"level":"debug","message":"[AGG] APT/USDC: strategy[2]=unknown → HOLD conf=0.20 \"MFI 36.2 neutral\"","timestamp":"2026-06-02T12:00:20.184Z"}
{"level":"debug","message":"[AGG] APT/USDC: votes BUY=0.00 SELL=0.00 HOLD=3.00 total_weight=0.00 external=0","timestamp":"2026-06-02T12:00:20.184Z"}
{"level":"debug","message":"[AGG] APT/USDC: decision=HOLD confidence=0.00 tie=false belowMin=true (minConf=0.55)","timestamp":"2026-06-02T12:00:20.185Z"}
{"level":"debug","message":"[CYCLE] ARB/USDC: starting cycle, candles=734 lastClose=0.09800000 lastTs=2026-06-02T12:00:00.000Z","timestamp":"2026-06-02T12:00:20.198Z"}
{"level":"debug","message":"[AGG] ARB/USDC: strategy[0]=unknown → HOLD conf=0.20 \"RSI 38.3 neutral\"","timestamp":"2026-06-02T12:00:20.199Z"}
{"level":"debug","message":"[AGG] ARB/USDC: strategy[1]=unknown → BUY conf=0.62 \"%R -83.5 oversold ↑ reversal confirmed\"","timestamp":"2026-06-02T12:00:20.199Z"}
{"level":"debug","message":"[AGG] ARB/USDC: strategy[2]=unknown → BUY conf=0.89 \"HA flipped bullish ↑ after 5-bar bear streak (no lower shadow)\"","timestamp":"2026-06-02T12:00:20.199Z"}
{"level":"debug","message":"[AGG] ARB/USDC: votes BUY=2.00 SELL=0.00 HOLD=1.00 total_weight=2.00 external=0","timestamp":"2026-06-02T12:00:20.199Z"}
{"level":"debug","message":"[AGG] ARB/USDC: decision=BUY confidence=1.00 tie=false","timestamp":"2026-06-02T12:00:20.199Z"}
{"level":"debug","message":"[CYCLE] JUP/USDC: starting cycle, candles=734 lastClose=0.20520000 lastTs=2026-06-02T12:00:00.000Z","timestamp":"2026-06-02T12:00:20.226Z"}
{"level":"debug","message":"[AGG] JUP/USDC: strategy[0]=unknown → HOLD conf=0.20 \"Price 0.2023 inside BB [0.1716–0.2140]\"","timestamp":"2026-06-02T12:00:20.230Z"}
{"level":"debug","message":"[AGG] JUP/USDC: strategy[1]=unknown → HOLD conf=0.20 \"CCI 69.8 neutral\"","timestamp":"2026-06-02T12:00:20.230Z"}
{"level":"debug","message":"[AGG] JUP/USDC: strategy[2]=unknown → HOLD conf=0.20 \"OBV below EMA-20 — no cross\"","timestamp":"2026-06-02T12:00:20.230Z"}
{"level":"debug","message":"[AGG] JUP/USDC: votes BUY=0.00 SELL=0.00 HOLD=3.00 total_weight=0.00 external=0","timestamp":"2026-06-02T12:00:20.230Z"}
{"level":"debug","message":"[AGG] JUP/USDC: decision=HOLD confidence=0.00 tie=false belowMin=true (minConf=0.55)","timestamp":"2026-06-02T12:00:20.230Z"}
{"level":"debug","message":"[CYCLE] BTC/USDC: sizing positionPct=0.1170 (base=0.15 atr=0.03479223014507007 regime=on conf=0.00 macro=bear mtf=1.0)","timestamp":"2026-06-02T12:00:20.244Z"}
{"level":"info","message":"BTC/USDC: decision=HOLD confidence=0% price=69354.89000000 external_signals=0","timestamp":"2026-06-02T12:00:20.245Z"}
{"level":"info","message":"BTC/USDC: No EMA crossover (fast 73490.0765 vs slow 74823.4865) | PSAR downtrend continues (SAR 74988.1170) | HA bearish continuation","timestamp":"2026-06-02T12:00:20.245Z"}
{"level":"debug","message":"[CYCLE] XRP/USDC: sizing positionPct=0.0696 (base=0.15 atr=0.03479223014507007 regime=on conf=0.00 macro=bear mtf=1.0)","timestamp":"2026-06-02T12:00:20.446Z"}
{"level":"info","message":"XRP/USDC: decision=HOLD confidence=0% price=1.25930000 external_signals=0","timestamp":"2026-06-02T12:00:20.446Z"}
{"level":"info","message":"XRP/USDC: Price 1.2956 inside BB [1.2861–1.3727] | Stoch K=29.6 D=38.2 — no crossover in extreme zone | No EMA crossover (fast 1.3206 vs slow 1.3377)","timestamp":"2026-06-02T12:00:20.446Z"}
{"level":"debug","message":"[CYCLE] LINK/USDC: sizing positionPct=0.0797 (base=0.15 atr=0.03479223014507007 regime=on conf=0.00 macro=bear mtf=1.0)","timestamp":"2026-06-02T12:00:20.640Z"}
{"level":"info","message":"LINK/USDC: decision=HOLD confidence=0% price=8.80800000 external_signals=0","timestamp":"2026-06-02T12:00:20.640Z"}
{"level":"info","message":"LINK/USDC: Price 9.0520 inside BB [8.7553–9.6896] | Stoch K=32.4 D=28.6 — no crossover in extreme zone | Supertrend downtrend continues (ST 9.7258)","timestamp":"2026-06-02T12:00:20.640Z"}
{"level":"debug","message":"[CYCLE] BNB/USDC: sizing positionPct=0.0541 (base=0.15 atr=0.03479223014507007 regime=on conf=0.00 macro=bear mtf=1.0)","timestamp":"2026-06-02T12:00:20.842Z"}
{"level":"info","message":"BNB/USDC: decision=HOLD confidence=0% price=677.28000000 external_signals=0","timestamp":"2026-06-02T12:00:20.842Z"}
{"level":"info","message":"BNB/USDC: %R -44.8 neutral | HA bearish continuation | No significant S/R zone nearby","timestamp":"2026-06-02T12:00:20.842Z"}
{"level":"debug","message":"[CYCLE] LTC/USDC: sizing positionPct=0.1043 (base=0.15 atr=0.03479223014507007 regime=on conf=0.00 macro=bear mtf=1.0)","timestamp":"2026-06-02T12:00:21.040Z"}
{"level":"info","message":"LTC/USDC: decision=HOLD confidence=0% price=49.32000000 external_signals=0","timestamp":"2026-06-02T12:00:21.040Z"}
{"level":"info","message":"LTC/USDC: Price 50.7500 inside BB [50.5047–53.6313] | No EMA crossover (fast 51.6893 vs slow 52.5104) | %R -83.0 oversold — still falling, wait","timestamp":"2026-06-02T12:00:21.041Z"}
{"level":"debug","message":"[CYCLE] NEAR/USDC: sizing positionPct=0.0318 (base=0.15 atr=0.03479223014507007 regime=on conf=0.00 macro=bear mtf=1.0)","timestamp":"2026-06-02T12:00:21.243Z"}
{"level":"info","message":"NEAR/USDC: decision=HOLD confidence=0% price=2.66800000 external_signals=0","timestamp":"2026-06-02T12:00:21.243Z"}
{"level":"info","message":"NEAR/USDC: RSI 65.4 neutral | Price 2.6340 inside BB [2.1381–2.7595] | Stoch K=60.2 D=29.2 — no crossover in extreme zone | No significant S/R zone nearby","timestamp":"2026-06-02T12:00:21.243Z"}
{"level":"debug","message":"[CYCLE] TRX/USDC: sizing positionPct=0.1147 (base=0.15 atr=0.03479223014507007 regime=on conf=0.00 macro=bear mtf=1.0)","timestamp":"2026-06-02T12:00:21.447Z"}
{"level":"info","message":"TRX/USDC: decision=HOLD confidence=0% price=0.34260000 external_signals=0","timestamp":"2026-06-02T12:00:21.447Z"}
{"level":"info","message":"TRX/USDC: CCI -91.1 neutral | Stoch K=9.9 D=23.2 — no crossover in extreme zone | StochRSI K=9.2 D=19.7 — no extreme crossover","timestamp":"2026-06-02T12:00:21.448Z"}
{"level":"debug","message":"[CYCLE] BCH/USDC: sizing positionPct=0.1134 (base=0.15 atr=0.03479223014507007 regime=on conf=2.00 macro=bear mtf=1.0)","timestamp":"2026-06-02T12:00:21.643Z"}
{"level":"info","message":"BCH/USDC: decision=HOLD confidence=200% price=283.10000000 external_signals=0","timestamp":"2026-06-02T12:00:21.643Z"}
{"level":"info","message":"BCH/USDC: Price 293.6000 inside BB [269.4542–371.4958] | OBV below EMA-20 — no cross | %R -82.1 oversold ↑ reversal confirmed","timestamp":"2026-06-02T12:00:21.643Z"}
{"level":"debug","message":"[CYCLE] ACH/USDC: sizing positionPct=0.0696 (base=0.15 atr=0.03479223014507007 regime=on conf=0.00 macro=bear mtf=1.0)","timestamp":"2026-06-02T12:00:21.842Z"}
{"level":"info","message":"ACH/USDC: decision=HOLD confidence=0% price=0.00618000 external_signals=0","timestamp":"2026-06-02T12:00:21.842Z"}
{"level":"info","message":"ACH/USDC: RSI 39.4 neutral | Price 0.0062 inside BB [0.0060–0.0067] | CCI -64.5 neutral","timestamp":"2026-06-02T12:00:21.842Z"}
{"level":"debug","message":"[CYCLE] CRV/USDC: sizing positionPct=0.1496 (base=0.15 atr=0.03479223014507007 regime=on conf=2.00 macro=bear mtf=1.0)","timestamp":"2026-06-02T12:00:22.041Z"}
{"level":"info","message":"CRV/USDC: decision=HOLD confidence=200% price=0.21020000 external_signals=0","timestamp":"2026-06-02T12:00:22.041Z"}
{"level":"info","message":"CRV/USDC: ADX 28.2 downtrend (-DI 23.1 > +DI 14.3) | StochRSI K=100.0 D=76.7 — no extreme crossover | No significant S/R zone nearby","timestamp":"2026-06-02T12:00:22.042Z"}
{"level":"debug","message":"[CYCLE] ENS/USDC: sizing positionPct=0.0230 (base=0.15 atr=0.03479223014507007 regime=on conf=0.00 macro=bear mtf=1.0)","timestamp":"2026-06-02T12:00:22.244Z"}
{"level":"info","message":"ENS/USDC: decision=HOLD confidence=0% price=5.67000000 external_signals=0","timestamp":"2026-06-02T12:00:22.244Z"}
{"level":"info","message":"ENS/USDC: Price 5.8100 inside BB [5.5487–6.4793] | PSAR uptrend continues (SAR 5.6765) | No significant S/R zone nearby","timestamp":"2026-06-02T12:00:22.245Z"}
{"level":"debug","message":"[CYCLE] GMX/USDC: sizing positionPct=0.0525 (base=0.15 atr=0.03479223014507007 regime=on conf=0.00 macro=bear mtf=1.0)","timestamp":"2026-06-02T12:00:22.445Z"}
{"level":"info","message":"GMX/USDC: decision=HOLD confidence=0% price=6.64000000 external_signals=0","timestamp":"2026-06-02T12:00:22.445Z"}
{"level":"info","message":"GMX/USDC: RSI 58.7 neutral | Price 6.9100 inside BB [6.0726–7.0314] | CCI 115.4 overbought — still rising, wait","timestamp":"2026-06-02T12:00:22.445Z"}
{"level":"debug","message":"[CYCLE] LDO/USDC: sizing positionPct=0.1223 (base=0.15 atr=0.03479223014507007 regime=on conf=2.00 macro=bear mtf=1.0)","timestamp":"2026-06-02T12:00:22.640Z"}
{"level":"info","message":"LDO/USDC: decision=HOLD confidence=200% price=0.32350000 external_signals=0","timestamp":"2026-06-02T12:00:22.641Z"}
{"level":"info","message":"LDO/USDC: MACD -0.0088 vs signal -0.0103 hist:0.0015 | ADX 26.5 downtrend (-DI 24.0 > +DI 19.0) | %R -52.7 neutral","timestamp":"2026-06-02T12:00:22.641Z"}
{"level":"debug","message":"[CYCLE] LSK/USDC: sizing positionPct=0.0518 (base=0.15 atr=0.03479223014507007 regime=on conf=0.00 macro=bear mtf=1.0)","timestamp":"2026-06-02T12:00:22.842Z"}
{"level":"info","message":"LSK/USDC: decision=HOLD confidence=0% price=0.11100000 external_signals=0","timestamp":"2026-06-02T12:00:22.843Z"}
{"level":"info","message":"LSK/USDC: MACD -0.0027 vs signal -0.0031 hist:0.0003 | MFI 44.0 neutral | PSAR uptrend continues (SAR 0.1079)","timestamp":"2026-06-02T12:00:22.843Z"}
{"level":"debug","message":"[CYCLE] JTO/USDC: sizing positionPct=0.0731 (base=0.15 atr=0.03479223014507007 regime=on conf=2.00 macro=bear mtf=1.0)","timestamp":"2026-06-02T12:00:23.050Z"}
{"level":"info","message":"JTO/USDC: decision=HOLD confidence=200% price=0.61780000 external_signals=0","timestamp":"2026-06-02T12:00:23.050Z"}
{"level":"info","message":"JTO/USDC: CCI 259.0 overbought — still rising, wait | PSAR flipped bullish ↑ — SAR 0.4619 now below price 0.5810 | No significant S/R zone nearby","timestamp":"2026-06-02T12:00:23.051Z"}
{"level":"debug","message":"[CYCLE] MANTA/USDC: sizing positionPct=0.0331 (base=0.15 atr=0.03479223014507007 regime=on conf=0.00 macro=bear mtf=1.0)","timestamp":"2026-06-02T12:00:23.252Z"}
{"level":"info","message":"MANTA/USDC: decision=HOLD confidence=0% price=0.07607000 external_signals=0","timestamp":"2026-06-02T12:00:23.252Z"}
{"level":"info","message":"MANTA/USDC: RSI 51.1 neutral | Price 0.0779 inside BB [0.0734–0.0822] | CCI 1.1 neutral","timestamp":"2026-06-02T12:00:23.252Z"}
{"level":"debug","message":"[CYCLE] PIXEL/USDC: sizing positionPct=0.0408 (base=0.15 atr=0.03479223014507007 regime=on conf=0.00 macro=bear mtf=1.0)","timestamp":"2026-06-02T12:00:23.456Z"}
{"level":"info","message":"PIXEL/USDC: decision=HOLD confidence=0% price=0.00701000 external_signals=0","timestamp":"2026-06-02T12:00:23.456Z"}
{"level":"info","message":"PIXEL/USDC: No EMA crossover (fast 0.0069 vs slow 0.0070) | ADX 19.1 < 20 — ranging, skip | No significant S/R zone nearby","timestamp":"2026-06-02T12:00:23.456Z"}
{"level":"debug","message":"[CYCLE] PAXG/USDC: sizing positionPct=0.0900 (base=0.15 atr=0.03479223014507007 regime=on conf=0.00 macro=bear mtf=1.0)","timestamp":"2026-06-02T12:00:23.645Z"}
{"level":"info","message":"PAXG/USDC: decision=HOLD confidence=0% price=4516.81000000 external_signals=0","timestamp":"2026-06-02T12:00:23.645Z"}
{"level":"info","message":"PAXG/USDC: MACD -13.3278 vs signal -16.7092 hist:3.3814 | ADX 18.0 < 20 — ranging, skip | Supertrend downtrend continues (ST 4568.4891)","timestamp":"2026-06-02T12:00:23.645Z"}
{"level":"info","message":"SUI/USDC: BUY suppressed — MTF misaligned (15m: 45% green < 50% required)","timestamp":"2026-06-02T12:00:23.847Z"}
{"level":"debug","message":"[CYCLE] SUI/USDC: sizing positionPct=0.1291 (base=0.15 atr=0.03479223014507007 regime=on conf=1.00 macro=bear mtf=1.0)","timestamp":"2026-06-02T12:00:23.848Z"}
{"level":"info","message":"SUI/USDC: trade blocked - MTF misaligned (15m: 45% green < 50% required)","timestamp":"2026-06-02T12:00:23.848Z"}
{"level":"info","message":"SUI/USDC: decision=BUY confidence=100% price=0.84500000 external_signals=0","timestamp":"2026-06-02T12:00:23.848Z"}
{"level":"info","message":"SUI/USDC: RSI 29.8 oversold ↑ reversal confirmed | Stoch K=14.5 D=14.2 — no crossover in extreme zone | MFI 9.8 oversold ↑ volume reversal confirmed","timestamp":"2026-06-02T12:00:23.848Z"}
{"level":"debug","message":"[CYCLE] THETA/USDC: sizing positionPct=0.0468 (base=0.15 atr=0.03479223014507007 regime=on conf=0.00 macro=bear mtf=1.0)","timestamp":"2026-06-02T12:00:24.044Z"}
{"level":"info","message":"THETA/USDC: decision=HOLD confidence=0% price=0.18800000 external_signals=0","timestamp":"2026-06-02T12:00:24.044Z"}
{"level":"info","message":"THETA/USDC: RSI 50.1 neutral | CCI 50.1 neutral | OBV below EMA-20 — no cross","timestamp":"2026-06-02T12:00:24.044Z"}
{"level":"debug","message":"[CYCLE] TIA/USDC: sizing positionPct=0.0394 (base=0.15 atr=0.03479223014507007 regime=on conf=2.00 macro=bear mtf=1.0)","timestamp":"2026-06-02T12:00:24.242Z"}
{"level":"info","message":"TIA/USDC: decision=HOLD confidence=200% price=0.39180000 external_signals=0","timestamp":"2026-06-02T12:00:24.242Z"}
{"level":"info","message":"TIA/USDC: CCI -77.5 neutral | MACD -0.0076 vs signal -0.0029 hist:-0.0047 | HA flipped bullish ↑ after 12-bar bear streak (no lower shadow)","timestamp":"2026-06-02T12:00:24.242Z"}
{"level":"debug","message":"[CYCLE] VANRY/USDC: sizing positionPct=0.1055 (base=0.15 atr=0.03479223014507007 regime=on conf=2.00 macro=bear mtf=1.0)","timestamp":"2026-06-02T12:00:24.443Z"}
{"level":"info","message":"VANRY/USDC: decision=HOLD confidence=200% price=0.00442500 external_signals=0","timestamp":"2026-06-02T12:00:24.443Z"}
{"level":"info","message":"VANRY/USDC: No EMA crossover (fast 0.0045 vs slow 0.0047) | MACD -0.0002 vs signal -0.0002 hist:0.0000 | ADX 27.5 downtrend (-DI 21.5 > +DI 13.5)","timestamp":"2026-06-02T12:00:24.444Z"}
{"level":"debug","message":"[CYCLE] SOL/USDC: sizing positionPct=0.0933 (base=0.15 atr=0.03479223014507007 regime=on conf=0.00 macro=bear mtf=1.0)","timestamp":"2026-06-02T12:00:24.644Z"}
{"level":"info","message":"SOL/USDC: decision=HOLD confidence=0% price=78.82000000 external_signals=0","timestamp":"2026-06-02T12:00:24.644Z"}
{"level":"info","message":"SOL/USDC: Price 81.2000 inside BB [79.5411–86.6849] | %R -79.1 neutral | StochRSI K=49.0 D=34.4 — no extreme crossover","timestamp":"2026-06-02T12:00:24.644Z"}
{"level":"debug","message":"[CYCLE] ADA/USDC: sizing positionPct=0.2007 (base=0.15 atr=0.03479223014507007 regime=on conf=2.00 macro=bear mtf=1.0)","timestamp":"2026-06-02T12:00:24.851Z"}
{"level":"info","message":"ADA/USDC: decision=HOLD confidence=200% price=0.22280000 external_signals=0","timestamp":"2026-06-02T12:00:24.851Z"}
{"level":"info","message":"ADA/USDC: RSI 35.6 neutral | Price 0.2309 inside BB [0.2269–0.2478] | CCI -105.0 oversold ↑ reversal confirmed","timestamp":"2026-06-02T12:00:24.851Z"}
{"level":"debug","message":"[CYCLE] AVAX/USDC: sizing positionPct=0.1592 (base=0.15 atr=0.03479223014507007 regime=on conf=2.00 macro=bear mtf=1.0)","timestamp":"2026-06-02T12:00:25.047Z"}
{"level":"info","message":"AVAX/USDC: decision=HOLD confidence=200% price=8.67000000 external_signals=0","timestamp":"2026-06-02T12:00:25.047Z"}
{"level":"info","message":"AVAX/USDC: RSI 44.5 neutral | MACD crossed above signal hist:0.0014 | PSAR downtrend continues (SAR 9.1326)","timestamp":"2026-06-02T12:00:25.047Z"}
{"level":"debug","message":"[CYCLE] DOGE/USDC: sizing positionPct=0.0885 (base=0.15 atr=0.03479223014507007 regime=on conf=0.00 macro=bear mtf=1.0)","timestamp":"2026-06-02T12:00:25.252Z"}
{"level":"info","message":"DOGE/USDC: decision=HOLD confidence=0% price=0.09866000 external_signals=0","timestamp":"2026-06-02T12:00:25.252Z"}
{"level":"info","message":"DOGE/USDC: No EMA crossover (fast 0.1005 vs slow 0.1018) | PSAR downtrend continues (SAR 0.1015) | HA flipped but prior streak too short (1 < 3)","timestamp":"2026-06-02T12:00:25.252Z"}
{"level":"debug","message":"[CYCLE] INJ/USDC: sizing positionPct=0.0822 (base=0.15 atr=0.03479223014507007 regime=on conf=2.00 macro=bear mtf=1.0)","timestamp":"2026-06-02T12:00:25.446Z"}
{"level":"info","message":"INJ/USDC: decision=HOLD confidence=200% price=7.10000000 external_signals=0","timestamp":"2026-06-02T12:00:25.446Z"}
{"level":"info","message":"INJ/USDC: ADX 54.3 uptrend (+DI 30.7 > -DI 7.7) | OBV above EMA-20 — no cross | StochRSI K=98.5 D=80.9 — no extreme crossover","timestamp":"2026-06-02T12:00:25.446Z"}
{"level":"debug","message":"[CYCLE] ETH/USDC: sizing positionPct=0.1072 (base=0.15 atr=0.03479223014507007 regime=on conf=0.00 macro=bear mtf=1.0)","timestamp":"2026-06-02T12:00:25.660Z"}
{"level":"info","message":"ETH/USDC: decision=HOLD confidence=0% price=1975.94000000 external_signals=0","timestamp":"2026-06-02T12:00:25.660Z"}
{"level":"info","message":"ETH/USDC: Supertrend downtrend continues (ST 2100.8333) | MFI 42.4 neutral | No significant S/R zone nearby","timestamp":"2026-06-02T12:00:25.660Z"}
{"level":"debug","message":"[CYCLE] WLD/USDC: sizing positionPct=0.0443 (base=0.15 atr=0.03479223014507007 regime=on conf=0.50 macro=bear mtf=1.0)","timestamp":"2026-06-02T12:00:25.853Z"}
{"level":"info","message":"WLD/USDC: decision=HOLD confidence=50% price=0.41750000 external_signals=0","timestamp":"2026-06-02T12:00:25.854Z"}
{"level":"info","message":"WLD/USDC: Price 0.4375 ≥ upper BB 0.4179 (bw 50.6%) | CCI 203.1 overbought — still rising, wait | ADX 37.0 uptrend (+DI 52.7 > -DI 13.5)","timestamp":"2026-06-02T12:00:25.854Z"}
{"level":"debug","message":"[CYCLE] PEPE/USDC: sizing positionPct=0.0648 (base=0.15 atr=0.03479223014507007 regime=on conf=0.00 macro=bear mtf=1.0)","timestamp":"2026-06-02T12:00:26.048Z"}
{"level":"info","message":"PEPE/USDC: decision=HOLD confidence=0% price=0.00000332 external_signals=0","timestamp":"2026-06-02T12:00:26.048Z"}
{"level":"info","message":"PEPE/USDC: No EMA crossover (fast 0.0000 vs slow 0.0000) | Supertrend downtrend continues (ST 0.0000) | OBV below EMA-20 — no cross","timestamp":"2026-06-02T12:00:26.048Z"}
{"level":"debug","message":"[CYCLE] RENDER/USDC: sizing positionPct=0.0291 (base=0.15 atr=0.03479223014507007 regime=on conf=0.00 macro=bear mtf=1.0)","timestamp":"2026-06-02T12:00:26.444Z"}
{"level":"info","message":"RENDER/USDC: decision=HOLD confidence=0% price=2.21300000 external_signals=0","timestamp":"2026-06-02T12:00:26.444Z"}
{"level":"info","message":"RENDER/USDC: No EMA crossover (fast 2.0656 vs slow 2.0335) | OBV above EMA-20 — no cross | %R -61.8 neutral","timestamp":"2026-06-02T12:00:26.444Z"}
{"level":"debug","message":"[CYCLE] ENA/USDC: sizing positionPct=0.0437 (base=0.15 atr=0.03479223014507007 regime=on conf=0.00 macro=bear mtf=1.0)","timestamp":"2026-06-02T12:00:26.655Z"}
{"level":"info","message":"ENA/USDC: decision=HOLD confidence=0% price=0.08620000 external_signals=0","timestamp":"2026-06-02T12:00:26.655Z"}
{"level":"info","message":"ENA/USDC: RSI 38.5 neutral | Price 0.0887 inside BB [0.0807–0.1045] | CCI -51.5 neutral","timestamp":"2026-06-02T12:00:26.655Z"}
{"level":"debug","message":"[CYCLE] TON/USDC: sizing positionPct=0.0434 (base=0.15 atr=0.03479223014507007 regime=on conf=0.00 macro=bear mtf=1.0)","timestamp":"2026-06-02T12:00:26.701Z"}
{"level":"info","message":"TON/USDC: decision=HOLD confidence=0% price=2.02100000 external_signals=0","timestamp":"2026-06-02T12:00:26.701Z"}
{"level":"info","message":"TON/USDC: No EMA crossover (fast 1.8942 vs slow 1.8944) | OBV above EMA-20 — no cross | StochRSI K=100.0 D=93.4 — no extreme crossover","timestamp":"2026-06-02T12:00:26.701Z"}
{"level":"debug","message":"[CYCLE] ICP/USDC: sizing positionPct=0.0681 (base=0.15 atr=0.03479223014507007 regime=on conf=2.00 macro=bear mtf=1.0)","timestamp":"2026-06-02T12:00:26.841Z"}
{"level":"info","message":"ICP/USDC: decision=HOLD confidence=200% price=3.09100000 external_signals=0","timestamp":"2026-06-02T12:00:26.841Z"}
{"level":"info","message":"ICP/USDC: RSI 61.5 neutral | Price 2.9500 ≥ upper BB 2.8967 (bw 14.1%) | Stoch K=73.2 D=50.1 — no crossover in extreme zone","timestamp":"2026-06-02T12:00:26.841Z"}
{"level":"debug","message":"[CYCLE] APT/USDC: sizing positionPct=0.0192 (base=0.15 atr=0.03479223014507007 regime=on conf=0.00 macro=bear mtf=1.0)","timestamp":"2026-06-02T12:00:27.050Z"}
{"level":"info","message":"APT/USDC: decision=HOLD confidence=0% price=0.90200000 external_signals=0","timestamp":"2026-06-02T12:00:27.050Z"}
{"level":"info","message":"APT/USDC: Price 0.9420 inside BB [0.9068–0.9871] | Stoch K=44.3 D=34.7 — no crossover in extreme zone | MFI 36.2 neutral","timestamp":"2026-06-02T12:00:27.050Z"}
{"level":"info","message":"ARB/USDC: BUY suppressed — MTF misaligned (15m: 30% green < 50% required)","timestamp":"2026-06-02T12:00:27.242Z"}
{"level":"debug","message":"[CYCLE] ARB/USDC: sizing positionPct=0.1325 (base=0.15 atr=0.03479223014507007 regime=on conf=1.00 macro=bear mtf=1.0)","timestamp":"2026-06-02T12:00:27.242Z"}
{"level":"info","message":"ARB/USDC: trade blocked - MTF misaligned (15m: 30% green < 50% required)","timestamp":"2026-06-02T12:00:27.242Z"}
{"level":"info","message":"ARB/USDC: decision=BUY confidence=100% price=0.09800000 external_signals=0","timestamp":"2026-06-02T12:00:27.242Z"}
{"level":"info","message":"ARB/USDC: RSI 38.3 neutral | %R -83.5 oversold ↑ reversal confirmed | HA flipped bullish ↑ after 5-bar bear streak (no lower shadow)","timestamp":"2026-06-02T12:00:27.242Z"}
{"level":"debug","message":"[CYCLE] JUP/USDC: sizing positionPct=0.0411 (base=0.15 atr=0.03479223014507007 regime=on conf=0.00 macro=bear mtf=1.0)","timestamp":"2026-06-02T12:00:27.446Z"}
{"level":"debug","message":"[LIVE] JUP/USDC: checkRisk price=0.20520000 SL=0.18897720 TP=0.22254800 HWM=0.18860000 entry=0.18860000","timestamp":"2026-06-02T12:00:27.446Z"}
{"level":"info","message":"JUP/USDC: decision=HOLD confidence=0% price=0.20520000 external_signals=0","timestamp":"2026-06-02T12:00:27.446Z"}
{"level":"info","message":"JUP/USDC: Price 0.2023 inside BB [0.1716–0.2140] | CCI 69.8 neutral | OBV below EMA-20 — no cross","timestamp":"2026-06-02T12:00:27.446Z"}
{"level":"info","message":"BTC/USDC: live balance=14.82 pnl=0.00 open_positions=2 daily_pnl=0.00 blocked=false","timestamp":"2026-06-02T12:00:27.652Z"}
{"level":"info","message":"XRP/USDC: live balance=14.82 pnl=0.00 open_positions=2 daily_pnl=0.00 blocked=false","timestamp":"2026-06-02T12:00:27.843Z"}
{"level":"info","message":"LINK/USDC: live balance=14.82 pnl=0.00 open_positions=2 daily_pnl=0.00 blocked=false","timestamp":"2026-06-02T12:00:28.043Z"}
{"level":"info","message":"BNB/USDC: live balance=14.82 pnl=0.00 open_positions=2 daily_pnl=0.00 blocked=false","timestamp":"2026-06-02T12:00:28.247Z"}
{"level":"info","message":"LTC/USDC: live balance=14.82 pnl=0.00 open_positions=2 daily_pnl=0.00 blocked=false","timestamp":"2026-06-02T12:00:28.443Z"}
{"level":"info","message":"NEAR/USDC: live balance=14.82 pnl=0.00 open_positions=2 daily_pnl=0.00 blocked=false","timestamp":"2026-06-02T12:00:28.651Z"}
{"level":"info","message":"TRX/USDC: live balance=14.82 pnl=0.00 open_positions=2 daily_pnl=0.00 blocked=false","timestamp":"2026-06-02T12:00:28.841Z"}
{"level":"info","message":"BCH/USDC: live balance=14.82 pnl=0.00 open_positions=2 daily_pnl=0.00 blocked=false","timestamp":"2026-06-02T12:00:29.044Z"}
{"level":"info","message":"ACH/USDC: live balance=14.82 pnl=0.00 open_positions=2 daily_pnl=0.00 blocked=false","timestamp":"2026-06-02T12:00:29.246Z"}
{"level":"info","message":"CRV/USDC: live balance=14.82 pnl=0.00 open_positions=2 daily_pnl=0.00 blocked=false","timestamp":"2026-06-02T12:00:29.643Z"}
{"level":"info","message":"ENS/USDC: live balance=14.82 pnl=0.00 open_positions=2 daily_pnl=0.00 blocked=false","timestamp":"2026-06-02T12:00:29.842Z"}
{"level":"info","message":"GMX/USDC: live balance=14.82 pnl=0.00 open_positions=2 daily_pnl=0.00 blocked=false","timestamp":"2026-06-02T12:00:30.049Z"}
{"level":"info","message":"LDO/USDC: live balance=14.82 pnl=0.00 open_positions=2 daily_pnl=0.00 blocked=false","timestamp":"2026-06-02T12:00:30.243Z"}
{"level":"info","message":"LSK/USDC: live balance=14.82 pnl=0.00 open_positions=2 daily_pnl=0.00 blocked=false","timestamp":"2026-06-02T12:00:30.443Z"}
{"level":"info","message":"JTO/USDC: live balance=14.82 pnl=0.00 open_positions=2 daily_pnl=0.00 blocked=false","timestamp":"2026-06-02T12:00:30.654Z"}
{"level":"info","message":"MANTA/USDC: live balance=14.82 pnl=0.00 open_positions=2 daily_pnl=0.00 blocked=false","timestamp":"2026-06-02T12:00:30.851Z"}
{"level":"info","message":"PAXG/USDC: live balance=14.82 pnl=0.00 open_positions=2 daily_pnl=0.00 blocked=false","timestamp":"2026-06-02T12:00:31.246Z"}
{"level":"info","message":"SUI/USDC: live balance=14.82 pnl=0.00 open_positions=2 daily_pnl=0.00 blocked=false","timestamp":"2026-06-02T12:00:31.444Z"}
{"level":"info","message":"PIXEL/USDC: live balance=14.82 pnl=0.00 open_positions=2 daily_pnl=0.00 blocked=false","timestamp":"2026-06-02T12:00:31.501Z"}
{"level":"info","message":"THETA/USDC: live balance=14.82 pnl=0.00 open_positions=2 daily_pnl=0.00 blocked=false","timestamp":"2026-06-02T12:00:31.652Z"}
{"level":"info","message":"TIA/USDC: live balance=14.82 pnl=0.00 open_positions=2 daily_pnl=0.00 blocked=false","timestamp":"2026-06-02T12:00:31.845Z"}
{"level":"info","message":"VANRY/USDC: live balance=14.82 pnl=0.00 open_positions=2 daily_pnl=0.00 blocked=false","timestamp":"2026-06-02T12:00:32.041Z"}
{"level":"info","message":"SOL/USDC: live balance=14.82 pnl=0.00 open_positions=2 daily_pnl=0.00 blocked=false","timestamp":"2026-06-02T12:00:32.246Z"}
{"level":"info","message":"ADA/USDC: live balance=14.82 pnl=0.00 open_positions=2 daily_pnl=0.00 blocked=false","timestamp":"2026-06-02T12:00:32.448Z"}
{"level":"info","message":"AVAX/USDC: live balance=14.82 pnl=0.00 open_positions=2 daily_pnl=0.00 blocked=false","timestamp":"2026-06-02T12:00:32.644Z"}
{"level":"info","message":"DOGE/USDC: live balance=14.82 pnl=0.00 open_positions=2 daily_pnl=0.00 blocked=false","timestamp":"2026-06-02T12:00:32.853Z"}
{"level":"info","message":"INJ/USDC: live balance=14.82 pnl=0.00 open_positions=2 daily_pnl=0.00 blocked=false","timestamp":"2026-06-02T12:00:33.044Z"}
{"level":"info","message":"ETH/USDC: live balance=14.82 pnl=0.00 open_positions=2 daily_pnl=0.00 blocked=false","timestamp":"2026-06-02T12:00:33.242Z"}
{"level":"info","message":"WLD/USDC: live balance=14.82 pnl=0.00 open_positions=2 daily_pnl=0.00 blocked=false","timestamp":"2026-06-02T12:00:33.445Z"}
{"level":"info","message":"PEPE/USDC: live balance=14.82 pnl=0.00 open_positions=2 daily_pnl=0.00 blocked=false","timestamp":"2026-06-02T12:00:33.650Z"}
{"level":"info","message":"RENDER/USDC: live balance=14.82 pnl=0.00 open_positions=2 daily_pnl=0.00 blocked=false","timestamp":"2026-06-02T12:00:33.850Z"}
{"level":"info","message":"ENA/USDC: live balance=14.82 pnl=0.00 open_positions=2 daily_pnl=0.00 blocked=false","timestamp":"2026-06-02T12:00:34.046Z"}
{"level":"info","message":"TON/USDC: live balance=14.82 pnl=0.00 open_positions=2 daily_pnl=0.00 blocked=false","timestamp":"2026-06-02T12:00:34.258Z"}
{"level":"info","message":"ICP/USDC: live balance=14.82 pnl=0.00 open_positions=2 daily_pnl=0.00 blocked=false","timestamp":"2026-06-02T12:00:34.451Z"}
{"level":"info","message":"APT/USDC: live balance=14.82 pnl=0.00 open_positions=2 daily_pnl=0.00 blocked=false","timestamp":"2026-06-02T12:00:34.848Z"}
{"level":"info","message":"ARB/USDC: live balance=14.82 pnl=0.00 open_positions=2 daily_pnl=0.00 blocked=false","timestamp":"2026-06-02T12:00:35.045Z"}
{"level":"info","message":"JUP/USDC: live balance=14.82 pnl=0.00 open_positions=2 daily_pnl=0.00 blocked=false","timestamp":"2026-06-02T12:00:35.243Z"}
{"level":"debug","message":"[RISK-LOOP] checking 2 open position(s)","timestamp":"2026-06-02T12:00:39.855Z"}
{"level":"debug","message":"[LIVE] SUI/USDC: checkRisk price=0.84440000 SL=0.83448000 TP=0.98380800 HWM=0.88160000 entry=0.87840000","timestamp":"2026-06-02T12:00:40.299Z"}
{"level":"debug","message":"[LIVE] JUP/USDC: checkRisk price=0.20500000 SL=0.18897720 TP=0.22254800 HWM=0.18860000 entry=0.18860000","timestamp":"2026-06-02T12:00:40.562Z"}
{"level":"debug","message":"[RISK-LOOP] checking 2 open position(s)","timestamp":"2026-06-02T12:02:39.894Z"}
{"level":"debug","message":"[LIVE] SUI/USDC: checkRisk price=0.84510000 SL=0.83448000 TP=0.98380800 HWM=0.88160000 entry=0.87840000","timestamp":"2026-06-02T12:02:40.325Z"}
{"level":"debug","message":"[LIVE] JUP/USDC: checkRisk price=0.20560000 SL=0.18897720 TP=0.22254800 HWM=0.18860000 entry=0.18860000","timestamp":"2026-06-02T12:02:40.588Z"}
{"level":"info","message":"[MTF-CACHE] 15m refresh complete: 37/37 symbols","timestamp":"2026-06-02T12:02:59.209Z"}
{"level":"debug","message":"[RISK-LOOP] checking 2 open position(s)","timestamp":"2026-06-02T12:04:39.862Z"}
{"level":"debug","message":"[LIVE] SUI/USDC: checkRisk price=0.84650000 SL=0.83448000 TP=0.98380800 HWM=0.88160000 entry=0.87840000","timestamp":"2026-06-02T12:04:40.303Z"}
{"level":"debug","message":"[LIVE] JUP/USDC: checkRisk price=0.20600000 SL=0.18897720 TP=0.22254800 HWM=0.18860000 entry=0.18860000","timestamp":"2026-06-02T12:04:40.564Z"}
{"level":"debug","message":"[RISK-LOOP] checking 2 open position(s)","timestamp":"2026-06-02T12:06:39.857Z"}
{"level":"debug","message":"[LIVE] SUI/USDC: checkRisk price=0.84460000 SL=0.83448000 TP=0.98380800 HWM=0.88160000 entry=0.87840000","timestamp":"2026-06-02T12:06:40.302Z"}
{"level":"debug","message":"[LIVE] JUP/USDC: checkRisk price=0.20520000 SL=0.18897720 TP=0.22254800 HWM=0.18860000 entry=0.18860000","timestamp":"2026-06-02T12:06:40.564Z"}
{"level":"debug","message":"[RISK-LOOP] checking 2 open position(s)","timestamp":"2026-06-02T12:08:39.868Z"}
{"level":"debug","message":"[LIVE] SUI/USDC: checkRisk price=0.84540000 SL=0.83448000 TP=0.98380800 HWM=0.88160000 entry=0.87840000","timestamp":"2026-06-02T12:08:40.317Z"}
{"level":"debug","message":"[LIVE] JUP/USDC: checkRisk price=0.20610000 SL=0.18897720 TP=0.22254800 HWM=0.18860000 entry=0.18860000","timestamp":"2026-06-02T12:08:40.580Z"}
{"level":"debug","message":"[RISK-LOOP] checking 2 open position(s)","timestamp":"2026-06-02T12:10:39.859Z"}
{"level":"debug","message":"[LIVE] SUI/USDC: checkRisk price=0.84500000 SL=0.83448000 TP=0.98380800 HWM=0.88160000 entry=0.87840000","timestamp":"2026-06-02T12:10:40.303Z"}
{"level":"debug","message":"[LIVE] JUP/USDC: checkRisk price=0.20610000 SL=0.18897720 TP=0.22254800 HWM=0.18860000 entry=0.18860000","timestamp":"2026-06-02T12:10:40.565Z"}
{"level":"debug","message":"[RISK-LOOP] checking 2 open position(s)","timestamp":"2026-06-02T12:12:39.900Z"}
{"level":"debug","message":"[LIVE] SUI/USDC: checkRisk price=0.84440000 SL=0.83448000 TP=0.98380800 HWM=0.88160000 entry=0.87840000","timestamp":"2026-06-02T12:12:40.334Z"}
{"level":"debug","message":"[LIVE] JUP/USDC: checkRisk price=0.20570000 SL=0.18897720 TP=0.22254800 HWM=0.18860000 entry=0.18860000","timestamp":"2026-06-02T12:12:40.603Z"}
{"level":"debug","message":"[RISK-LOOP] checking 2 open position(s)","timestamp":"2026-06-02T12:14:39.864Z"}
{"level":"debug","message":"[LIVE] SUI/USDC: checkRisk price=0.84380000 SL=0.83448000 TP=0.98380800 HWM=0.88160000 entry=0.87840000","timestamp":"2026-06-02T12:14:40.308Z"}
{"level":"debug","message":"[LIVE] JUP/USDC: checkRisk price=0.20510000 SL=0.18897720 TP=0.22254800 HWM=0.18860000 entry=0.18860000","timestamp":"2026-06-02T12:14:40.569Z"}
{"level":"debug","message":"[RISK-LOOP] checking 2 open position(s)","timestamp":"2026-06-02T12:16:39.866Z"}
{"level":"debug","message":"[LIVE] SUI/USDC: checkRisk price=0.84270000 SL=0.83448000 TP=0.98380800 HWM=0.88160000 entry=0.87840000","timestamp":"2026-06-02T12:16:40.309Z"}
{"level":"debug","message":"[LIVE] JUP/USDC: checkRisk price=0.20510000 SL=0.18897720 TP=0.22254800 HWM=0.18860000 entry=0.18860000","timestamp":"2026-06-02T12:16:40.573Z"}
{"level":"info","message":"[MTF-CACHE] 15m refresh complete: 37/37 symbols","timestamp":"2026-06-02T12:17:59.195Z"}
{"level":"debug","message":"[RISK-LOOP] checking 2 open position(s)","timestamp":"2026-06-02T12:18:39.871Z"}
{"level":"debug","message":"[LIVE] SUI/USDC: checkRisk price=0.84220000 SL=0.83448000 TP=0.98380800 HWM=0.88160000 entry=0.87840000","timestamp":"2026-06-02T12:18:40.315Z"}
{"level":"debug","message":"[LIVE] JUP/USDC: checkRisk price=0.20400000 SL=0.18897720 TP=0.22254800 HWM=0.18860000 entry=0.18860000","timestamp":"2026-06-02T12:18:40.581Z"}
{"level":"debug","message":"[RISK-LOOP] checking 2 open position(s)","timestamp":"2026-06-02T12:20:39.866Z"}
{"level":"debug","message":"[LIVE] SUI/USDC: checkRisk price=0.84280000 SL=0.83448000 TP=0.98380800 HWM=0.88160000 entry=0.87840000","timestamp":"2026-06-02T12:20:40.308Z"}
{"level":"debug","message":"[LIVE] JUP/USDC: checkRisk price=0.20400000 SL=0.18897720 TP=0.22254800 HWM=0.18860000 entry=0.18860000","timestamp":"2026-06-02T12:20:40.573Z"}
{"level":"debug","message":"[RISK-LOOP] checking 2 open position(s)","timestamp":"2026-06-02T12:22:39.893Z"}
{"level":"debug","message":"[LIVE] SUI/USDC: checkRisk price=0.84340000 SL=0.83448000 TP=0.98380800 HWM=0.88160000 entry=0.87840000","timestamp":"2026-06-02T12:22:40.328Z"}
{"level":"debug","message":"[LIVE] JUP/USDC: checkRisk price=0.20480000 SL=0.18897720 TP=0.22254800 HWM=0.18860000 entry=0.18860000","timestamp":"2026-06-02T12:22:40.591Z"}
{"level":"debug","message":"[RISK-LOOP] checking 2 open position(s)","timestamp":"2026-06-02T12:24:39.873Z"}
{"level":"debug","message":"[LIVE] SUI/USDC: checkRisk price=0.84560000 SL=0.83448000 TP=0.98380800 HWM=0.88160000 entry=0.87840000","timestamp":"2026-06-02T12:24:40.321Z"}
{"level":"debug","message":"[LIVE] JUP/USDC: checkRisk price=0.20530000 SL=0.18897720 TP=0.22254800 HWM=0.18860000 entry=0.18860000","timestamp":"2026-06-02T12:24:40.585Z"}
{"level":"debug","message":"[RISK-LOOP] checking 2 open position(s)","timestamp":"2026-06-02T12:26:39.866Z"}
{"level":"debug","message":"[LIVE] SUI/USDC: checkRisk price=0.84510000 SL=0.83448000 TP=0.98380800 HWM=0.88160000 entry=0.87840000","timestamp":"2026-06-02T12:26:40.309Z"}
{"level":"debug","message":"[LIVE] JUP/USDC: checkRisk price=0.20520000 SL=0.18897720 TP=0.22254800 HWM=0.18860000 entry=0.18860000","timestamp":"2026-06-02T12:26:40.574Z"}
{"level":"debug","message":"[RISK-LOOP] checking 2 open position(s)","timestamp":"2026-06-02T12:28:39.872Z"}
{"level":"debug","message":"[LIVE] SUI/USDC: checkRisk price=0.84460000 SL=0.83448000 TP=0.98380800 HWM=0.88160000 entry=0.87840000","timestamp":"2026-06-02T12:28:40.314Z"}
{"level":"debug","message":"[LIVE] JUP/USDC: checkRisk price=0.20440000 SL=0.18897720 TP=0.22254800 HWM=0.18860000 entry=0.18860000","timestamp":"2026-06-02T12:28:40.574Z"}
{"level":"debug","message":"[RISK-LOOP] checking 2 open position(s)","timestamp":"2026-06-02T12:30:39.874Z"}
{"level":"debug","message":"[LIVE] SUI/USDC: checkRisk price=0.84390000 SL=0.83448000 TP=0.98380800 HWM=0.88160000 entry=0.87840000","timestamp":"2026-06-02T12:30:40.316Z"}
{"level":"debug","message":"[LIVE] JUP/USDC: checkRisk price=0.20450000 SL=0.18897720 TP=0.22254800 HWM=0.18860000 entry=0.18860000","timestamp":"2026-06-02T12:30:40.582Z"}
{"level":"debug","message":"[RISK-LOOP] checking 2 open position(s)","timestamp":"2026-06-02T12:32:39.908Z"}
{"level":"debug","message":"[LIVE] SUI/USDC: checkRisk price=0.84360000 SL=0.83448000 TP=0.98380800 HWM=0.88160000 entry=0.87840000","timestamp":"2026-06-02T12:32:40.348Z"}
{"level":"debug","message":"[LIVE] JUP/USDC: checkRisk price=0.20450000 SL=0.18897720 TP=0.22254800 HWM=0.18860000 entry=0.18860000","timestamp":"2026-06-02T12:32:40.613Z"}
{"level":"info","message":"[MTF-CACHE] 15m refresh complete: 37/37 symbols","timestamp":"2026-06-02T12:32:59.187Z"}
{"level":"debug","message":"[RISK-LOOP] checking 2 open position(s)","timestamp":"2026-06-02T12:34:39.874Z"}
{"level":"debug","message":"[LIVE] SUI/USDC: checkRisk price=0.84390000 SL=0.83448000 TP=0.98380800 HWM=0.88160000 entry=0.87840000","timestamp":"2026-06-02T12:34:40.318Z"}
{"level":"debug","message":"[LIVE] JUP/USDC: checkRisk price=0.20490000 SL=0.18897720 TP=0.22254800 HWM=0.18860000 entry=0.18860000","timestamp":"2026-06-02T12:34:40.583Z"}
{"level":"debug","message":"[RISK-LOOP] checking 2 open position(s)","timestamp":"2026-06-02T12:36:39.873Z"}
{"level":"debug","message":"[LIVE] SUI/USDC: checkRisk price=0.84350000 SL=0.83448000 TP=0.98380800 HWM=0.88160000 entry=0.87840000","timestamp":"2026-06-02T12:36:40.318Z"}
{"level":"debug","message":"[LIVE] JUP/USDC: checkRisk price=0.20420000 SL=0.18897720 TP=0.22254800 HWM=0.18860000 entry=0.18860000","timestamp":"2026-06-02T12:36:40.583Z"}
{"level":"debug","message":"[RISK-LOOP] checking 2 open position(s)","timestamp":"2026-06-02T12:38:39.874Z"}
{"level":"debug","message":"[LIVE] SUI/USDC: checkRisk price=0.84350000 SL=0.83448000 TP=0.98380800 HWM=0.88160000 entry=0.87840000","timestamp":"2026-06-02T12:38:40.315Z"}
{"level":"debug","message":"[LIVE] JUP/USDC: checkRisk price=0.20400000 SL=0.18897720 TP=0.22254800 HWM=0.18860000 entry=0.18860000","timestamp":"2026-06-02T12:38:40.577Z"}
{"level":"debug","message":"[RISK-LOOP] checking 2 open position(s)","timestamp":"2026-06-02T12:40:39.879Z"}
{"level":"debug","message":"[LIVE] SUI/USDC: checkRisk price=0.84400000 SL=0.83448000 TP=0.98380800 HWM=0.88160000 entry=0.87840000","timestamp":"2026-06-02T12:40:40.324Z"}
{"level":"debug","message":"[LIVE] JUP/USDC: checkRisk price=0.20500000 SL=0.18897720 TP=0.22254800 HWM=0.18860000 entry=0.18860000","timestamp":"2026-06-02T12:40:40.588Z"}
{"level":"debug","message":"[RISK-LOOP] checking 2 open position(s)","timestamp":"2026-06-02T12:42:39.904Z"}
{"level":"debug","message":"[LIVE] SUI/USDC: checkRisk price=0.84670000 SL=0.83448000 TP=0.98380800 HWM=0.88160000 entry=0.87840000","timestamp":"2026-06-02T12:42:40.336Z"}
{"level":"debug","message":"[LIVE] JUP/USDC: checkRisk price=0.20580000 SL=0.18897720 TP=0.22254800 HWM=0.18860000 entry=0.18860000","timestamp":"2026-06-02T12:42:40.602Z"}
{"level":"debug","message":"[RISK-LOOP] checking 2 open position(s)","timestamp":"2026-06-02T12:44:39.873Z"}
{"level":"debug","message":"[LIVE] SUI/USDC: checkRisk price=0.84770000 SL=0.83448000 TP=0.98380800 HWM=0.88160000 entry=0.87840000","timestamp":"2026-06-02T12:44:40.314Z"}
{"level":"debug","message":"[LIVE] JUP/USDC: checkRisk price=0.20580000 SL=0.18897720 TP=0.22254800 HWM=0.18860000 entry=0.18860000","timestamp":"2026-06-02T12:44:40.579Z"}
{"level":"debug","message":"[RISK-LOOP] checking 2 open position(s)","timestamp":"2026-06-02T12:46:39.883Z"}
{"level":"debug","message":"[LIVE] SUI/USDC: checkRisk price=0.84770000 SL=0.83448000 TP=0.98380800 HWM=0.88160000 entry=0.87840000","timestamp":"2026-06-02T12:46:40.327Z"}
{"level":"debug","message":"[LIVE] JUP/USDC: checkRisk price=0.20580000 SL=0.18897720 TP=0.22254800 HWM=0.18860000 entry=0.18860000","timestamp":"2026-06-02T12:46:40.590Z"}
{"level":"info","message":"[MTF-CACHE] 15m refresh complete: 37/37 symbols","timestamp":"2026-06-02T12:47:59.188Z"}
{"level":"debug","message":"[RISK-LOOP] checking 2 open position(s)","timestamp":"2026-06-02T12:48:39.879Z"}
{"level":"debug","message":"[LIVE] SUI/USDC: checkRisk price=0.84650000 SL=0.83448000 TP=0.98380800 HWM=0.88160000 entry=0.87840000","timestamp":"2026-06-02T12:48:40.324Z"}
{"level":"debug","message":"[LIVE] JUP/USDC: checkRisk price=0.20530000 SL=0.18897720 TP=0.22254800 HWM=0.18860000 entry=0.18860000","timestamp":"2026-06-02T12:48:40.588Z"}
{"level":"debug","message":"[RISK-LOOP] checking 2 open position(s)","timestamp":"2026-06-02T12:50:39.877Z"}
{"level":"debug","message":"[LIVE] SUI/USDC: checkRisk price=0.84630000 SL=0.83448000 TP=0.98380800 HWM=0.88160000 entry=0.87840000","timestamp":"2026-06-02T12:50:40.322Z"}
{"level":"debug","message":"[LIVE] JUP/USDC: checkRisk price=0.20540000 SL=0.18897720 TP=0.22254800 HWM=0.18860000 entry=0.18860000","timestamp":"2026-06-02T12:50:40.584Z"}
{"level":"debug","message":"[RISK-LOOP] checking 2 open position(s)","timestamp":"2026-06-02T12:52:39.997Z"}
{"level":"debug","message":"[LIVE] SUI/USDC: checkRisk price=0.84550000 SL=0.83448000 TP=0.98380800 HWM=0.88160000 entry=0.87840000","timestamp":"2026-06-02T12:52:40.426Z"}
{"level":"debug","message":"[LIVE] JUP/USDC: checkRisk price=0.20470000 SL=0.18897720 TP=0.22254800 HWM=0.18860000 entry=0.18860000","timestamp":"2026-06-02T12:52:40.688Z"}
{"level":"debug","message":"[RISK-LOOP] checking 2 open position(s)","timestamp":"2026-06-02T12:54:39.881Z"}
{"level":"debug","message":"[LIVE] SUI/USDC: checkRisk price=0.84550000 SL=0.83448000 TP=0.98380800 HWM=0.88160000 entry=0.87840000","timestamp":"2026-06-02T12:54:40.325Z"}
{"level":"debug","message":"[LIVE] JUP/USDC: checkRisk price=0.20490000 SL=0.18897720 TP=0.22254800 HWM=0.18860000 entry=0.18860000","timestamp":"2026-06-02T12:54:40.587Z"}
{"level":"debug","message":"[RISK-LOOP] checking 2 open position(s)","timestamp":"2026-06-02T12:56:39.880Z"}
{"level":"debug","message":"[LIVE] SUI/USDC: checkRisk price=0.84540000 SL=0.83448000 TP=0.98380800 HWM=0.88160000 entry=0.87840000","timestamp":"2026-06-02T12:56:40.325Z"}
{"level":"debug","message":"[LIVE] JUP/USDC: checkRisk price=0.20510000 SL=0.18897720 TP=0.22254800 HWM=0.18860000 entry=0.18860000","timestamp":"2026-06-02T12:56:40.584Z"}
{"level":"debug","message":"[RISK-LOOP] checking 2 open position(s)","timestamp":"2026-06-02T12:58:39.879Z"}
{"level":"debug","message":"[LIVE] SUI/USDC: checkRisk price=0.84590000 SL=0.83448000 TP=0.98380800 HWM=0.88160000 entry=0.87840000","timestamp":"2026-06-02T12:58:40.321Z"}
{"level":"debug","message":"[LIVE] JUP/USDC: checkRisk price=0.20510000 SL=0.18897720 TP=0.22254800 HWM=0.18860000 entry=0.18860000","timestamp":"2026-06-02T12:58:40.586Z"}
{"level":"debug","message":"[RISK-LOOP] checking 2 open position(s)","timestamp":"2026-06-02T13:00:39.882Z"}
{"level":"debug","message":"[LIVE] SUI/USDC: checkRisk price=0.84670000 SL=0.83448000 TP=0.98380800 HWM=0.88160000 entry=0.87840000","timestamp":"2026-06-02T13:00:40.324Z"}
{"level":"debug","message":"[LIVE] JUP/USDC: checkRisk price=0.20540000 SL=0.18897720 TP=0.22254800 HWM=0.18860000 entry=0.18860000","timestamp":"2026-06-02T13:00:40.588Z"}
{"level":"debug","message":"[RISK-LOOP] checking 2 open position(s)","timestamp":"2026-06-02T13:02:39.944Z"}
{"level":"debug","message":"[LIVE] SUI/USDC: checkRisk price=0.84880000 SL=0.83448000 TP=0.98380800 HWM=0.88160000 entry=0.87840000","timestamp":"2026-06-02T13:02:40.334Z"}
{"level":"debug","message":"[LIVE] JUP/USDC: checkRisk price=0.20510000 SL=0.18897720 TP=0.22254800 HWM=0.18860000 entry=0.18860000","timestamp":"2026-06-02T13:02:40.594Z"}
{"level":"info","message":"[MTF-CACHE] 15m refresh complete: 37/37 symbols","timestamp":"2026-06-02T13:03:00.700Z"}
{"level":"debug","message":"[RISK-LOOP] checking 2 open position(s)","timestamp":"2026-06-02T13:04:39.911Z"}
{"level":"debug","message":"[LIVE] SUI/USDC: checkRisk price=0.84850000 SL=0.83448000 TP=0.98380800 HWM=0.88160000 entry=0.87840000","timestamp":"2026-06-02T13:04:40.354Z"}
{"level":"debug","message":"[LIVE] JUP/USDC: checkRisk price=0.20560000 SL=0.18897720 TP=0.22254800 HWM=0.18860000 entry=0.18860000","timestamp":"2026-06-02T13:04:40.612Z"}
{"level":"debug","message":"[RISK-LOOP] checking 2 open position(s)","timestamp":"2026-06-02T13:06:39.960Z"}
{"level":"debug","message":"[LIVE] SUI/USDC: checkRisk price=0.84760000 SL=0.83448000 TP=0.98380800 HWM=0.88160000 entry=0.87840000","timestamp":"2026-06-02T13:06:40.402Z"}
{"level":"debug","message":"[LIVE] JUP/USDC: checkRisk price=0.20500000 SL=0.18897720 TP=0.22254800 HWM=0.18860000 entry=0.18860000","timestamp":"2026-06-02T13:06:40.666Z"}
{"level":"debug","message":"[RISK-LOOP] checking 2 open position(s)","timestamp":"2026-06-02T13:08:40.006Z"}
{"level":"debug","message":"[LIVE] SUI/USDC: checkRisk price=0.84680000 SL=0.83448000 TP=0.98380800 HWM=0.88160000 entry=0.87840000","timestamp":"2026-06-02T13:08:40.905Z"}
{"level":"debug","message":"[LIVE] JUP/USDC: checkRisk price=0.20530000 SL=0.18897720 TP=0.22254800 HWM=0.18860000 entry=0.18860000","timestamp":"2026-06-02T13:08:41.167Z"}
{"level":"debug","message":"[RISK-LOOP] checking 2 open position(s)","timestamp":"2026-06-02T13:10:40.064Z"}
{"level":"debug","message":"[LIVE] SUI/USDC: checkRisk price=0.84770000 SL=0.83448000 TP=0.98380800 HWM=0.88160000 entry=0.87840000","timestamp":"2026-06-02T13:10:40.509Z"}
{"level":"debug","message":"[LIVE] JUP/USDC: checkRisk price=0.20510000 SL=0.18897720 TP=0.22254800 HWM=0.18860000 entry=0.18860000","timestamp":"2026-06-02T13:10:40.771Z"}
{"level":"debug","message":"[RISK-LOOP] checking 2 open position(s)","timestamp":"2026-06-02T13:12:40.016Z"}
{"level":"debug","message":"[LIVE] SUI/USDC: checkRisk price=0.84840000 SL=0.83448000 TP=0.98380800 HWM=0.88160000 entry=0.87840000","timestamp":"2026-06-02T13:12:40.387Z"}
{"level":"debug","message":"[LIVE] JUP/USDC: checkRisk price=0.20500000 SL=0.18897720 TP=0.22254800 HWM=0.18860000 entry=0.18860000","timestamp":"2026-06-02T13:12:40.650Z"}
{"level":"debug","message":"[RISK-LOOP] checking 2 open position(s)","timestamp":"2026-06-02T13:14:40.067Z"}
{"level":"debug","message":"[LIVE] SUI/USDC: checkRisk price=0.84660000 SL=0.83448000 TP=0.98380800 HWM=0.88160000 entry=0.87840000","timestamp":"2026-06-02T13:14:40.510Z"}
{"level":"debug","message":"[LIVE] JUP/USDC: checkRisk price=0.20500000 SL=0.18897720 TP=0.22254800 HWM=0.18860000 entry=0.18860000","timestamp":"2026-06-02T13:14:40.772Z"}
{"level":"debug","message":"[RISK-LOOP] checking 2 open position(s)","timestamp":"2026-06-02T13:16:40.063Z"}
{"level":"debug","message":"[LIVE] SUI/USDC: checkRisk price=0.84760000 SL=0.83448000 TP=0.98380800 HWM=0.88160000 entry=0.87840000","timestamp":"2026-06-02T13:16:40.326Z"}
{"level":"debug","message":"[LIVE] JUP/USDC: checkRisk price=0.20540000 SL=0.18897720 TP=0.22254800 HWM=0.18860000 entry=0.18860000","timestamp":"2026-06-02T13:16:40.588Z"}
{"level":"info","message":"[MTF-CACHE] 15m refresh complete: 37/37 symbols","timestamp":"2026-06-02T13:17:59.191Z"}
{"level":"debug","message":"[RISK-LOOP] checking 2 open position(s)","timestamp":"2026-06-02T13:18:40.071Z"}
{"level":"debug","message":"[LIVE] SUI/USDC: checkRisk price=0.84990000 SL=0.83448000 TP=0.98380800 HWM=0.88160000 entry=0.87840000","timestamp":"2026-06-02T13:18:40.337Z"}
{"level":"debug","message":"[LIVE] JUP/USDC: checkRisk price=0.20650000 SL=0.18897720 TP=0.22254800 HWM=0.18860000 entry=0.18860000","timestamp":"2026-06-02T13:18:40.601Z"}
{"level":"debug","message":"[RISK-LOOP] checking 2 open position(s)","timestamp":"2026-06-02T13:20:40.066Z"}
{"level":"debug","message":"[LIVE] SUI/USDC: checkRisk price=0.84920000 SL=0.83448000 TP=0.98380800 HWM=0.88160000 entry=0.87840000","timestamp":"2026-06-02T13:20:40.331Z"}
{"level":"debug","message":"[LIVE] JUP/USDC: checkRisk price=0.20620000 SL=0.18897720 TP=0.22254800 HWM=0.18860000 entry=0.18860000","timestamp":"2026-06-02T13:20:40.594Z"}
{"level":"debug","message":"[RISK-LOOP] checking 2 open position(s)","timestamp":"2026-06-02T13:22:40.118Z"}
{"level":"debug","message":"[LIVE] SUI/USDC: checkRisk price=0.84980000 SL=0.83448000 TP=0.98380800 HWM=0.88160000 entry=0.87840000","timestamp":"2026-06-02T13:22:40.432Z"}
{"level":"debug","message":"[LIVE] JUP/USDC: checkRisk price=0.20650000 SL=0.18897720 TP=0.22254800 HWM=0.18860000 entry=0.18860000","timestamp":"2026-06-02T13:22:40.696Z"}
{"level":"debug","message":"[RISK-LOOP] checking 2 open position(s)","timestamp":"2026-06-02T13:24:39.888Z"}
{"level":"debug","message":"[LIVE] SUI/USDC: checkRisk price=0.85080000 SL=0.83448000 TP=0.98380800 HWM=0.88160000 entry=0.87840000","timestamp":"2026-06-02T13:24:40.337Z"}
{"level":"debug","message":"[LIVE] JUP/USDC: checkRisk price=0.20660000 SL=0.18897720 TP=0.22254800 HWM=0.18860000 entry=0.18860000","timestamp":"2026-06-02T13:24:40.601Z"}
{"level":"debug","message":"[RISK-LOOP] checking 2 open position(s)","timestamp":"2026-06-02T13:26:39.895Z"}
{"level":"debug","message":"[LIVE] SUI/USDC: checkRisk price=0.85240000 SL=0.83448000 TP=0.98380800 HWM=0.88160000 entry=0.87840000","timestamp":"2026-06-02T13:26:40.345Z"}
{"level":"debug","message":"[LIVE] JUP/USDC: checkRisk price=0.20680000 SL=0.18897720 TP=0.22254800 HWM=0.18860000 entry=0.18860000","timestamp":"2026-06-02T13:26:40.606Z"}
{"level":"debug","message":"[RISK-LOOP] checking 2 open position(s)","timestamp":"2026-06-02T13:28:39.899Z"}
{"level":"debug","message":"[LIVE] SUI/USDC: checkRisk price=0.85160000 SL=0.83448000 TP=0.98380800 HWM=0.88160000 entry=0.87840000","timestamp":"2026-06-02T13:28:40.396Z"}
{"level":"debug","message":"[LIVE] JUP/USDC: checkRisk price=0.20660000 SL=0.18897720 TP=0.22254800 HWM=0.18860000 entry=0.18860000","timestamp":"2026-06-02T13:28:40.660Z"}
{"level":"debug","message":"[RISK-LOOP] checking 2 open position(s)","timestamp":"2026-06-02T13:30:39.901Z"}
{"level":"debug","message":"[LIVE] SUI/USDC: checkRisk price=0.85020000 SL=0.83448000 TP=0.98380800 HWM=0.88160000 entry=0.87840000","timestamp":"2026-06-02T13:30:40.437Z"}
{"level":"debug","message":"[LIVE] JUP/USDC: checkRisk price=0.20590000 SL=0.18897720 TP=0.22254800 HWM=0.18860000 entry=0.18860000","timestamp":"2026-06-02T13:30:40.703Z"}
{"level":"debug","message":"[RISK-LOOP] checking 2 open position(s)","timestamp":"2026-06-02T13:32:39.931Z"}
{"level":"debug","message":"[LIVE] SUI/USDC: checkRisk price=0.85030000 SL=0.83448000 TP=0.98380800 HWM=0.88160000 entry=0.87840000","timestamp":"2026-06-02T13:32:40.507Z"}
{"level":"debug","message":"[LIVE] JUP/USDC: checkRisk price=0.20570000 SL=0.18897720 TP=0.22254800 HWM=0.18860000 entry=0.18860000","timestamp":"2026-06-02T13:32:40.772Z"}
{"level":"info","message":"[MTF-CACHE] 15m refresh complete: 37/37 symbols","timestamp":"2026-06-02T13:33:01.622Z"}
{"level":"debug","message":"[RISK-LOOP] checking 2 open position(s)","timestamp":"2026-06-02T13:34:39.899Z"}
{"level":"debug","message":"[LIVE] SUI/USDC: checkRisk price=0.84860000 SL=0.83448000 TP=0.98380800 HWM=0.88160000 entry=0.87840000","timestamp":"2026-06-02T13:34:40.529Z"}
{"level":"debug","message":"[LIVE] JUP/USDC: checkRisk price=0.20510000 SL=0.18897720 TP=0.22254800 HWM=0.18860000 entry=0.18860000","timestamp":"2026-06-02T13:34:40.794Z"}
{"level":"debug","message":"[RISK-LOOP] checking 2 open position(s)","timestamp":"2026-06-02T13:36:39.902Z"}
{"level":"debug","message":"[LIVE] SUI/USDC: checkRisk price=0.84920000 SL=0.83448000 TP=0.98380800 HWM=0.88160000 entry=0.87840000","timestamp":"2026-06-02T13:36:40.344Z"}
{"level":"debug","message":"[LIVE] JUP/USDC: checkRisk price=0.20480000 SL=0.18897720 TP=0.22254800 HWM=0.18860000 entry=0.18860000","timestamp":"2026-06-02T13:36:40.787Z"}
{"level":"debug","message":"[RISK-LOOP] checking 2 open position(s)","timestamp":"2026-06-02T13:38:39.905Z"}
{"level":"debug","message":"[LIVE] SUI/USDC: checkRisk price=0.84960000 SL=0.83448000 TP=0.98380800 HWM=0.88160000 entry=0.87840000","timestamp":"2026-06-02T13:38:40.345Z"}
{"level":"debug","message":"[LIVE] JUP/USDC: checkRisk price=0.20500000 SL=0.18897720 TP=0.22254800 HWM=0.18860000 entry=0.18860000","timestamp":"2026-06-02T13:38:40.788Z"}
{"level":"debug","message":"[RISK-LOOP] checking 2 open position(s)","timestamp":"2026-06-02T13:40:39.905Z"}
{"level":"debug","message":"[LIVE] SUI/USDC: checkRisk price=0.84770000 SL=0.83448000 TP=0.98380800 HWM=0.88160000 entry=0.87840000","timestamp":"2026-06-02T13:40:40.344Z"}
{"level":"debug","message":"[LIVE] JUP/USDC: checkRisk price=0.20410000 SL=0.18897720 TP=0.22254800 HWM=0.18860000 entry=0.18860000","timestamp":"2026-06-02T13:40:40.789Z"}
{"level":"debug","message":"[RISK-LOOP] checking 2 open position(s)","timestamp":"2026-06-02T13:42:40.089Z"}
{"level":"debug","message":"[LIVE] SUI/USDC: checkRisk price=0.84930000 SL=0.83448000 TP=0.98380800 HWM=0.88160000 entry=0.87840000","timestamp":"2026-06-02T13:42:40.564Z"}
{"level":"debug","message":"[LIVE] JUP/USDC: checkRisk price=0.20340000 SL=0.18897720 TP=0.22254800 HWM=0.18860000 entry=0.18860000","timestamp":"2026-06-02T13:42:40.841Z"}
{"level":"debug","message":"[RISK-LOOP] checking 2 open position(s)","timestamp":"2026-06-02T13:44:39.915Z"}
{"level":"debug","message":"[LIVE] SUI/USDC: checkRisk price=0.85030000 SL=0.83448000 TP=0.98380800 HWM=0.88160000 entry=0.87840000","timestamp":"2026-06-02T13:44:40.357Z"}
{"level":"debug","message":"[LIVE] JUP/USDC: checkRisk price=0.20400000 SL=0.18897720 TP=0.22254800 HWM=0.18860000 entry=0.18860000","timestamp":"2026-06-02T13:44:40.800Z"}
{"level":"debug","message":"[RISK-LOOP] checking 2 open position(s)","timestamp":"2026-06-02T13:46:39.915Z"}
{"level":"debug","message":"[LIVE] SUI/USDC: checkRisk price=0.85000000 SL=0.83448000 TP=0.98380800 HWM=0.88160000 entry=0.87840000","timestamp":"2026-06-02T13:46:40.358Z"}
{"level":"debug","message":"[LIVE] JUP/USDC: checkRisk price=0.20430000 SL=0.18897720 TP=0.22254800 HWM=0.18860000 entry=0.18860000","timestamp":"2026-06-02T13:46:40.800Z"}
{"level":"info","message":"[MTF-CACHE] 15m refresh complete: 37/37 symbols","timestamp":"2026-06-02T13:48:03.312Z"}
{"level":"debug","message":"[RISK-LOOP] checking 2 open position(s)","timestamp":"2026-06-02T13:48:39.923Z"}
{"level":"debug","message":"[LIVE] SUI/USDC: checkRisk price=0.85000000 SL=0.83448000 TP=0.98380800 HWM=0.88160000 entry=0.87840000","timestamp":"2026-06-02T13:48:40.368Z"}
{"level":"debug","message":"[LIVE] JUP/USDC: checkRisk price=0.20440000 SL=0.18897720 TP=0.22254800 HWM=0.18860000 entry=0.18860000","timestamp":"2026-06-02T13:48:41.267Z"}
{"level":"debug","message":"[RISK-LOOP] checking 2 open position(s)","timestamp":"2026-06-02T13:50:40.372Z"}
{"level":"debug","message":"[LIVE] SUI/USDC: checkRisk price=0.84870000 SL=0.83448000 TP=0.98380800 HWM=0.88160000 entry=0.87840000","timestamp":"2026-06-02T13:50:40.883Z"}
{"level":"debug","message":"[LIVE] JUP/USDC: checkRisk price=0.20360000 SL=0.18897720 TP=0.22254800 HWM=0.18860000 entry=0.18860000","timestamp":"2026-06-02T13:50:41.147Z"}
{"level":"debug","message":"[RISK-LOOP] checking 2 open position(s)","timestamp":"2026-06-02T13:52:39.943Z"}
{"level":"debug","message":"[LIVE] SUI/USDC: checkRisk price=0.84670000 SL=0.83448000 TP=0.98380800 HWM=0.88160000 entry=0.87840000","timestamp":"2026-06-02T13:52:40.386Z"}
{"level":"debug","message":"[LIVE] JUP/USDC: checkRisk price=0.20320000 SL=0.18897720 TP=0.22254800 HWM=0.18860000 entry=0.18860000","timestamp":"2026-06-02T13:52:40.826Z"}
{"level":"debug","message":"[RISK-LOOP] checking 2 open position(s)","timestamp":"2026-06-02T13:54:39.921Z"}
{"level":"debug","message":"[LIVE] SUI/USDC: checkRisk price=0.84640000 SL=0.83448000 TP=0.98380800 HWM=0.88160000 entry=0.87840000","timestamp":"2026-06-02T13:54:40.366Z"}
{"level":"debug","message":"[LIVE] JUP/USDC: checkRisk price=0.20260000 SL=0.18897720 TP=0.22254800 HWM=0.18860000 entry=0.18860000","timestamp":"2026-06-02T13:54:40.817Z"}
{"level":"debug","message":"[RISK-LOOP] checking 2 open position(s)","timestamp":"2026-06-02T13:56:39.920Z"}
{"level":"debug","message":"[LIVE] SUI/USDC: checkRisk price=0.84680000 SL=0.83448000 TP=0.98380800 HWM=0.88160000 entry=0.87840000","timestamp":"2026-06-02T13:56:40.364Z"}
{"level":"debug","message":"[LIVE] JUP/USDC: checkRisk price=0.20230000 SL=0.18897720 TP=0.22254800 HWM=0.18860000 entry=0.18860000","timestamp":"2026-06-02T13:56:40.627Z"}
{"level":"debug","message":"[RISK-LOOP] checking 2 open position(s)","timestamp":"2026-06-02T13:58:39.921Z"}
{"level":"debug","message":"[LIVE] SUI/USDC: checkRisk price=0.84580000 SL=0.83448000 TP=0.98380800 HWM=0.88160000 entry=0.87840000","timestamp":"2026-06-02T13:58:40.367Z"}
{"level":"debug","message":"[LIVE] JUP/USDC: checkRisk price=0.20230000 SL=0.18897720 TP=0.22254800 HWM=0.18860000 entry=0.18860000","timestamp":"2026-06-02T13:58:40.631Z"}
{"level":"debug","message":"[RISK-LOOP] checking 2 open position(s)","timestamp":"2026-06-02T14:00:39.927Z"}
{"level":"debug","message":"[LIVE] SUI/USDC: checkRisk price=0.84510000 SL=0.83448000 TP=0.98380800 HWM=0.88160000 entry=0.87840000","timestamp":"2026-06-02T14:00:40.828Z"}
{"level":"debug","message":"[LIVE] JUP/USDC: checkRisk price=0.20290000 SL=0.18897720 TP=0.22254800 HWM=0.18860000 entry=0.18860000","timestamp":"2026-06-02T14:00:41.292Z"}
{"level":"debug","message":"[RISK-LOOP] checking 2 open position(s)","timestamp":"2026-06-02T14:02:39.927Z"}
{"level":"debug","message":"[LIVE] SUI/USDC: checkRisk price=0.84610000 SL=0.83448000 TP=0.98380800 HWM=0.88160000 entry=0.87840000","timestamp":"2026-06-02T14:02:40.366Z"}
{"level":"debug","message":"[LIVE] JUP/USDC: checkRisk price=0.20230000 SL=0.18897720 TP=0.22254800 HWM=0.18860000 entry=0.18860000","timestamp":"2026-06-02T14:02:40.643Z"}
{"level":"info","message":"[MTF-CACHE] 15m refresh complete: 37/37 symbols","timestamp":"2026-06-02T14:03:01.691Z"}
{"level":"debug","message":"[RISK-LOOP] checking 2 open position(s)","timestamp":"2026-06-02T14:04:39.931Z"}
{"level":"debug","message":"[LIVE] SUI/USDC: checkRisk price=0.84430000 SL=0.83448000 TP=0.98380800 HWM=0.88160000 entry=0.87840000","timestamp":"2026-06-02T14:04:40.374Z"}
{"level":"debug","message":"[LIVE] JUP/USDC: checkRisk price=0.20180000 SL=0.18897720 TP=0.22254800 HWM=0.18860000 entry=0.18860000","timestamp":"2026-06-02T14:04:40.638Z"}
{"level":"debug","message":"[RISK-LOOP] checking 2 open position(s)","timestamp":"2026-06-02T14:06:40.384Z"}
{"level":"debug","message":"[LIVE] SUI/USDC: checkRisk price=0.84620000 SL=0.83448000 TP=0.98380800 HWM=0.88160000 entry=0.87840000","timestamp":"2026-06-02T14:06:40.928Z"}
{"level":"debug","message":"[LIVE] JUP/USDC: checkRisk price=0.20220000 SL=0.18897720 TP=0.22254800 HWM=0.18860000 entry=0.18860000","timestamp":"2026-06-02T14:06:41.408Z"}
{"level":"debug","message":"[RISK-LOOP] checking 2 open position(s)","timestamp":"2026-06-02T14:08:39.936Z"}
{"level":"debug","message":"[LIVE] SUI/USDC: checkRisk price=0.84360000 SL=0.83448000 TP=0.98380800 HWM=0.88160000 entry=0.87840000","timestamp":"2026-06-02T14:08:40.379Z"}
{"level":"debug","message":"[LIVE] JUP/USDC: checkRisk price=0.20160000 SL=0.18897720 TP=0.22254800 HWM=0.18860000 entry=0.18860000","timestamp":"2026-06-02T14:08:40.643Z"}
{"level":"debug","message":"[RISK-LOOP] checking 2 open position(s)","timestamp":"2026-06-02T14:10:39.933Z"}
{"level":"debug","message":"[LIVE] SUI/USDC: checkRisk price=0.83640000 SL=0.83448000 TP=0.98380800 HWM=0.88160000 entry=0.87840000","timestamp":"2026-06-02T14:10:40.379Z"}
{"level":"debug","message":"[LIVE] JUP/USDC: checkRisk price=0.20090000 SL=0.18897720 TP=0.22254800 HWM=0.18860000 entry=0.18860000","timestamp":"2026-06-02T14:10:40.642Z"}
{"level":"debug","message":"[RISK-LOOP] checking 2 open position(s)","timestamp":"2026-06-02T14:12:39.944Z"}
{"level":"debug","message":"[LIVE] SUI/USDC: checkRisk price=0.84320000 SL=0.83448000 TP=0.98380800 HWM=0.88160000 entry=0.87840000","timestamp":"2026-06-02T14:12:40.373Z"}
{"level":"debug","message":"[LIVE] JUP/USDC: checkRisk price=0.20120000 SL=0.18897720 TP=0.22254800 HWM=0.18860000 entry=0.18860000","timestamp":"2026-06-02T14:12:40.645Z"}
{"level":"debug","message":"[RISK-LOOP] checking 2 open position(s)","timestamp":"2026-06-02T14:14:39.940Z"}
{"level":"debug","message":"[LIVE] SUI/USDC: checkRisk price=0.84490000 SL=0.83448000 TP=0.98380800 HWM=0.88160000 entry=0.87840000","timestamp":"2026-06-02T14:14:40.384Z"}
{"level":"debug","message":"[LIVE] JUP/USDC: checkRisk price=0.20270000 SL=0.18897720 TP=0.22254800 HWM=0.18860000 entry=0.18860000","timestamp":"2026-06-02T14:14:40.648Z"}
{"level":"debug","message":"[RISK-LOOP] checking 2 open position(s)","timestamp":"2026-06-02T14:16:39.948Z"}
{"level":"debug","message":"[LIVE] SUI/USDC: checkRisk price=0.84220000 SL=0.83448000 TP=0.98380800 HWM=0.88160000 entry=0.87840000","timestamp":"2026-06-02T14:16:40.393Z"}
{"level":"debug","message":"[LIVE] JUP/USDC: checkRisk price=0.20230000 SL=0.18897720 TP=0.22254800 HWM=0.18860000 entry=0.18860000","timestamp":"2026-06-02T14:16:40.655Z"}
{"level":"info","message":"[MTF-CACHE] 15m refresh complete: 37/37 symbols","timestamp":"2026-06-02T14:17:59.182Z"}
{"level":"debug","message":"[RISK-LOOP] checking 2 open position(s)","timestamp":"2026-06-02T14:18:39.941Z"}
{"level":"debug","message":"[LIVE] SUI/USDC: checkRisk price=0.83880000 SL=0.83448000 TP=0.98380800 HWM=0.88160000 entry=0.87840000","timestamp":"2026-06-02T14:18:40.384Z"}
{"level":"debug","message":"[LIVE] JUP/USDC: checkRisk price=0.20210000 SL=0.18897720 TP=0.22254800 HWM=0.18860000 entry=0.18860000","timestamp":"2026-06-02T14:18:40.647Z"}
{"level":"debug","message":"[RISK-LOOP] checking 2 open position(s)","timestamp":"2026-06-02T14:20:39.945Z"}
{"level":"debug","message":"[LIVE] SUI/USDC: checkRisk price=0.83840000 SL=0.83448000 TP=0.98380800 HWM=0.88160000 entry=0.87840000","timestamp":"2026-06-02T14:20:40.387Z"}
{"level":"debug","message":"[LIVE] JUP/USDC: checkRisk price=0.20040000 SL=0.18897720 TP=0.22254800 HWM=0.18860000 entry=0.18860000","timestamp":"2026-06-02T14:20:40.650Z"}
{"level":"debug","message":"[RISK-LOOP] checking 2 open position(s)","timestamp":"2026-06-02T14:22:39.966Z"}
{"level":"debug","message":"[LIVE] SUI/USDC: checkRisk price=0.83360000 SL=0.83448000 TP=0.98380800 HWM=0.88160000 entry=0.87840000","timestamp":"2026-06-02T14:22:40.392Z"}
{"level":"info","message":"[LIVE] SUI/USDC: stop_loss triggered price=0.83360000 SL=0.83448000","timestamp":"2026-06-02T14:22:40.392Z"}
{"level":"debug","message":"[LIVE] SUI/USDC: closing position reason=stop_loss entry=0.87840000 refPrice=0.83360000 qty=14.44537500 held=31.7h HWM=0.88160000","timestamp":"2026-06-02T14:22:40.393Z"}
{"level":"info","message":"[LIVE] SUI/USDC: dust after step-size truncation: 0.045375 SUI (≈ 0.0378 USDC)","timestamp":"2026-06-02T14:22:40.669Z"}
{"level":"info","message":"[LIVE] SUI/USDC: adjusting sell qty 14.44537500 → 14.40000000","timestamp":"2026-06-02T14:22:40.670Z"}
{"level":"debug","message":"[LIVE] SUI/USDC: SELL order response id=3122645605 status=closed filled=14.4 avg=0.8336","timestamp":"2026-06-02T14:22:41.288Z"}
{"level":"info","message":"[LIVE] SELL SUI/USDC qty=14.40000000 price=0.83360000 pnl=-0.69 pnl%=-5.10% reason=stop_loss held=31.7h balance=26.81 orderId=3122645605","timestamp":"2026-06-02T14:22:41.739Z"}
{"level":"info","message":"[RISK-LOOP] SUI/USDC: position closed by risk check","timestamp":"2026-06-02T14:22:41.740Z"}
{"level":"debug","message":"[LIVE] JUP/USDC: checkRisk price=0.19890000 SL=0.18897720 TP=0.22254800 HWM=0.18860000 entry=0.18860000","timestamp":"2026-06-02T14:22:42.459Z"}
{"level":"debug","message":"[RISK-LOOP] checking 1 open position(s)","timestamp":"2026-06-02T14:24:39.946Z"}
{"level":"debug","message":"[LIVE] JUP/USDC: checkRisk price=0.19570000 SL=0.18897720 TP=0.22254800 HWM=0.18860000 entry=0.18860000","timestamp":"2026-06-02T14:24:40.390Z"}
{"level":"debug","message":"[RISK-LOOP] checking 1 open position(s)","timestamp":"2026-06-02T14:26:39.949Z"}
{"level":"debug","message":"[LIVE] JUP/USDC: checkRisk price=0.19650000 SL=0.18897720 TP=0.22254800 HWM=0.18860000 entry=0.18860000","timestamp":"2026-06-02T14:26:40.395Z"}
{"level":"debug","message":"[RISK-LOOP] checking 1 open position(s)","timestamp":"2026-06-02T14:28:39.945Z"}
{"level":"debug","message":"[LIVE] JUP/USDC: checkRisk price=0.19510000 SL=0.18897720 TP=0.22254800 HWM=0.18860000 entry=0.18860000","timestamp":"2026-06-02T14:28:40.390Z"}
{"level":"debug","message":"[RISK-LOOP] checking 1 open position(s)","timestamp":"2026-06-02T14:30:39.947Z"}
{"level":"debug","message":"[LIVE] JUP/USDC: checkRisk price=0.19380000 SL=0.18897720 TP=0.22254800 HWM=0.18860000 entry=0.18860000","timestamp":"2026-06-02T14:30:40.393Z"}
{"level":"debug","message":"[RISK-LOOP] checking 1 open position(s)","timestamp":"2026-06-02T14:32:39.995Z"}
{"level":"debug","message":"[LIVE] JUP/USDC: checkRisk price=0.19470000 SL=0.18897720 TP=0.22254800 HWM=0.18860000 entry=0.18860000","timestamp":"2026-06-02T14:32:40.439Z"}
{"level":"info","message":"[MTF-CACHE] 15m refresh complete: 37/37 symbols","timestamp":"2026-06-02T14:32:59.217Z"}
{"level":"debug","message":"[RISK-LOOP] checking 1 open position(s)","timestamp":"2026-06-02T14:34:39.950Z"}
{"level":"debug","message":"[LIVE] JUP/USDC: checkRisk price=0.19700000 SL=0.18897720 TP=0.22254800 HWM=0.18860000 entry=0.18860000","timestamp":"2026-06-02T14:34:40.395Z"}
{"level":"debug","message":"[RISK-LOOP] checking 1 open position(s)","timestamp":"2026-06-02T14:36:39.949Z"}
{"level":"debug","message":"[LIVE] JUP/USDC: checkRisk price=0.19740000 SL=0.18897720 TP=0.22254800 HWM=0.18860000 entry=0.18860000","timestamp":"2026-06-02T14:36:40.392Z"}
{"level":"debug","message":"[RISK-LOOP] checking 1 open position(s)","timestamp":"2026-06-02T14:38:39.957Z"}
{"level":"debug","message":"[LIVE] JUP/USDC: checkRisk price=0.19750000 SL=0.18897720 TP=0.22254800 HWM=0.18860000 entry=0.18860000","timestamp":"2026-06-02T14:38:40.401Z"}
{"level":"debug","message":"[RISK-LOOP] checking 1 open position(s)","timestamp":"2026-06-02T14:40:39.961Z"}
{"level":"debug","message":"[LIVE] JUP/USDC: checkRisk price=0.19570000 SL=0.18897720 TP=0.22254800 HWM=0.18860000 entry=0.18860000","timestamp":"2026-06-02T14:40:40.404Z"}
{"level":"debug","message":"[RISK-LOOP] checking 1 open position(s)","timestamp":"2026-06-02T14:42:40.006Z"}
{"level":"debug","message":"[LIVE] JUP/USDC: checkRisk price=0.19530000 SL=0.18897720 TP=0.22254800 HWM=0.18860000 entry=0.18860000","timestamp":"2026-06-02T14:42:40.394Z"}
{"level":"debug","message":"[RISK-LOOP] checking 1 open position(s)","timestamp":"2026-06-02T14:44:39.963Z"}
{"level":"debug","message":"[LIVE] JUP/USDC: checkRisk price=0.19510000 SL=0.18897720 TP=0.22254800 HWM=0.18860000 entry=0.18860000","timestamp":"2026-06-02T14:44:40.409Z"}
{"level":"debug","message":"[RISK-LOOP] checking 1 open position(s)","timestamp":"2026-06-02T14:46:39.964Z"}
{"level":"debug","message":"[LIVE] JUP/USDC: checkRisk price=0.19690000 SL=0.18897720 TP=0.22254800 HWM=0.18860000 entry=0.18860000","timestamp":"2026-06-02T14:46:40.410Z"}
{"level":"info","message":"[MTF-CACHE] 15m refresh complete: 37/37 symbols","timestamp":"2026-06-02T14:47:59.582Z"}
{"level":"debug","message":"[RISK-LOOP] checking 1 open position(s)","timestamp":"2026-06-02T14:48:39.967Z"}
{"level":"debug","message":"[LIVE] JUP/USDC: checkRisk price=0.19730000 SL=0.18897720 TP=0.22254800 HWM=0.18860000 entry=0.18860000","timestamp":"2026-06-02T14:48:40.410Z"}
{"level":"debug","message":"[RISK-LOOP] checking 1 open position(s)","timestamp":"2026-06-02T14:50:39.971Z"}
{"level":"debug","message":"[LIVE] JUP/USDC: checkRisk price=0.19740000 SL=0.18897720 TP=0.22254800 HWM=0.18860000 entry=0.18860000","timestamp":"2026-06-02T14:50:40.418Z"}
{"level":"debug","message":"[RISK-LOOP] checking 1 open position(s)","timestamp":"2026-06-02T14:52:40.012Z"}
{"level":"debug","message":"[LIVE] JUP/USDC: checkRisk price=0.19700000 SL=0.18897720 TP=0.22254800 HWM=0.18860000 entry=0.18860000","timestamp":"2026-06-02T14:52:40.385Z"}
{"level":"debug","message":"[RISK-LOOP] checking 1 open position(s)","timestamp":"2026-06-02T14:54:39.959Z"}
{"level":"debug","message":"[LIVE] JUP/USDC: checkRisk price=0.19700000 SL=0.18897720 TP=0.22254800 HWM=0.18860000 entry=0.18860000","timestamp":"2026-06-02T14:54:40.403Z"}
{"level":"debug","message":"[RISK-LOOP] checking 1 open position(s)","timestamp":"2026-06-02T14:56:39.974Z"}
{"level":"debug","message":"[LIVE] JUP/USDC: checkRisk price=0.19720000 SL=0.18897720 TP=0.22254800 HWM=0.18860000 entry=0.18860000","timestamp":"2026-06-02T14:56:40.418Z"}
{"level":"debug","message":"[RISK-LOOP] checking 1 open position(s)","timestamp":"2026-06-02T14:58:39.965Z"}
{"level":"debug","message":"[LIVE] JUP/USDC: checkRisk price=0.19730000 SL=0.18897720 TP=0.22254800 HWM=0.18860000 entry=0.18860000","timestamp":"2026-06-02T14:58:40.411Z"}
{"level":"debug","message":"[RISK-LOOP] checking 1 open position(s)","timestamp":"2026-06-02T15:00:39.963Z"}
{"level":"debug","message":"[LIVE] JUP/USDC: checkRisk price=0.19650000 SL=0.18897720 TP=0.22254800 HWM=0.18860000 entry=0.18860000","timestamp":"2026-06-02T15:00:40.406Z"}
{"level":"debug","message":"[RISK-LOOP] checking 1 open position(s)","timestamp":"2026-06-02T15:02:40.004Z"}
{"level":"debug","message":"[LIVE] JUP/USDC: checkRisk price=0.19570000 SL=0.18897720 TP=0.22254800 HWM=0.18860000 entry=0.18860000","timestamp":"2026-06-02T15:02:40.402Z"}
{"level":"info","message":"[MTF-CACHE] 15m refresh complete: 37/37 symbols","timestamp":"2026-06-02T15:02:59.241Z"}
{"level":"debug","message":"[RISK-LOOP] checking 1 open position(s)","timestamp":"2026-06-02T15:04:39.968Z"}
{"level":"debug","message":"[LIVE] JUP/USDC: checkRisk price=0.19700000 SL=0.18897720 TP=0.22254800 HWM=0.18860000 entry=0.18860000","timestamp":"2026-06-02T15:04:40.414Z"}
{"level":"debug","message":"[RISK-LOOP] checking 1 open position(s)","timestamp":"2026-06-02T15:06:39.969Z"}
{"level":"debug","message":"[LIVE] JUP/USDC: checkRisk price=0.19720000 SL=0.18897720 TP=0.22254800 HWM=0.18860000 entry=0.18860000","timestamp":"2026-06-02T15:06:40.413Z"}
{"level":"debug","message":"[RISK-LOOP] checking 1 open position(s)","timestamp":"2026-06-02T15:08:39.968Z"}
{"level":"debug","message":"[LIVE] JUP/USDC: checkRisk price=0.19790000 SL=0.18897720 TP=0.22254800 HWM=0.18860000 entry=0.18860000","timestamp":"2026-06-02T15:08:40.413Z"}
{"level":"debug","message":"[RISK-LOOP] checking 1 open position(s)","timestamp":"2026-06-02T15:10:39.978Z"}
{"level":"debug","message":"[LIVE] JUP/USDC: checkRisk price=0.19780000 SL=0.18897720 TP=0.22254800 HWM=0.18860000 entry=0.18860000","timestamp":"2026-06-02T15:10:40.423Z"}
{"level":"debug","message":"[RISK-LOOP] checking 1 open position(s)","timestamp":"2026-06-02T15:12:40.019Z"}
{"level":"debug","message":"[LIVE] JUP/USDC: checkRisk price=0.19740000 SL=0.18897720 TP=0.22254800 HWM=0.18860000 entry=0.18860000","timestamp":"2026-06-02T15:12:40.386Z"}
{"level":"debug","message":"[RISK-LOOP] checking 1 open position(s)","timestamp":"2026-06-02T15:14:39.969Z"}
{"level":"debug","message":"[LIVE] JUP/USDC: checkRisk price=0.19700000 SL=0.18897720 TP=0.22254800 HWM=0.18860000 entry=0.18860000","timestamp":"2026-06-02T15:14:40.411Z"}
{"level":"debug","message":"[RISK-LOOP] checking 1 open position(s)","timestamp":"2026-06-02T15:16:39.974Z"}
{"level":"debug","message":"[LIVE] JUP/USDC: checkRisk price=0.19660000 SL=0.18897720 TP=0.22254800 HWM=0.18860000 entry=0.18860000","timestamp":"2026-06-02T15:16:40.419Z"}
{"level":"info","message":"[MTF-CACHE] 15m refresh complete: 37/37 symbols","timestamp":"2026-06-02T15:17:59.664Z"}
{"level":"debug","message":"[RISK-LOOP] checking 1 open position(s)","timestamp":"2026-06-02T15:18:39.980Z"}
{"level":"debug","message":"[LIVE] JUP/USDC: checkRisk price=0.19710000 SL=0.18897720 TP=0.22254800 HWM=0.18860000 entry=0.18860000","timestamp":"2026-06-02T15:18:40.422Z"}
{"level":"debug","message":"[RISK-LOOP] checking 1 open position(s)","timestamp":"2026-06-02T15:20:39.971Z"}
{"level":"debug","message":"[LIVE] JUP/USDC: checkRisk price=0.19600000 SL=0.18897720 TP=0.22254800 HWM=0.18860000 entry=0.18860000","timestamp":"2026-06-02T15:20:40.415Z"}
{"level":"debug","message":"[RISK-LOOP] checking 1 open position(s)","timestamp":"2026-06-02T15:22:40.024Z"}
{"level":"debug","message":"[LIVE] JUP/USDC: checkRisk price=0.19620000 SL=0.18897720 TP=0.22254800 HWM=0.18860000 entry=0.18860000","timestamp":"2026-06-02T15:22:40.401Z"}
{"level":"debug","message":"[RISK-LOOP] checking 1 open position(s)","timestamp":"2026-06-02T15:24:39.974Z"}
{"level":"debug","message":"[LIVE] JUP/USDC: checkRisk price=0.19570000 SL=0.18897720 TP=0.22254800 HWM=0.18860000 entry=0.18860000","timestamp":"2026-06-02T15:24:40.417Z"}
{"level":"debug","message":"[RISK-LOOP] checking 1 open position(s)","timestamp":"2026-06-02T15:26:39.979Z"}
{"level":"debug","message":"[LIVE] JUP/USDC: checkRisk price=0.19500000 SL=0.18897720 TP=0.22254800 HWM=0.18860000 entry=0.18860000","timestamp":"2026-06-02T15:26:40.422Z"}
{"level":"debug","message":"[RISK-LOOP] checking 1 open position(s)","timestamp":"2026-06-02T15:28:39.983Z"}
{"level":"debug","message":"[LIVE] JUP/USDC: checkRisk price=0.19410000 SL=0.18897720 TP=0.22254800 HWM=0.18860000 entry=0.18860000","timestamp":"2026-06-02T15:28:40.427Z"}
{"level":"debug","message":"[RISK-LOOP] checking 1 open position(s)","timestamp":"2026-06-02T15:30:39.978Z"}
{"level":"debug","message":"[LIVE] JUP/USDC: checkRisk price=0.19190000 SL=0.18897720 TP=0.22254800 HWM=0.18860000 entry=0.18860000","timestamp":"2026-06-02T15:30:40.423Z"}
{"level":"debug","message":"[RISK-LOOP] checking 1 open position(s)","timestamp":"2026-06-02T15:32:40.025Z"}
{"level":"debug","message":"[LIVE] JUP/USDC: checkRisk price=0.19200000 SL=0.18897720 TP=0.22254800 HWM=0.18860000 entry=0.18860000","timestamp":"2026-06-02T15:32:40.402Z"}
{"level":"info","message":"[MTF-CACHE] 15m refresh complete: 37/37 symbols","timestamp":"2026-06-02T15:32:59.539Z"}
{"level":"info","message":"[MTF-CACHE] 4h refresh complete: 37/37 symbols","timestamp":"2026-06-02T15:33:00.102Z"}
{"level":"debug","message":"[RISK-LOOP] checking 1 open position(s)","timestamp":"2026-06-02T15:34:39.984Z"}
{"level":"debug","message":"[LIVE] JUP/USDC: checkRisk price=0.19200000 SL=0.18897720 TP=0.22254800 HWM=0.18860000 entry=0.18860000","timestamp":"2026-06-02T15:34:40.424Z"}
{"level":"debug","message":"[RISK-LOOP] checking 1 open position(s)","timestamp":"2026-06-02T15:36:39.982Z"}
{"level":"debug","message":"[LIVE] JUP/USDC: checkRisk price=0.19130000 SL=0.18897720 TP=0.22254800 HWM=0.18860000 entry=0.18860000","timestamp":"2026-06-02T15:36:40.425Z"}
{"level":"debug","message":"[RISK-LOOP] checking 1 open position(s)","timestamp":"2026-06-02T15:38:39.990Z"}
{"level":"debug","message":"[LIVE] JUP/USDC: checkRisk price=0.19170000 SL=0.18897720 TP=0.22254800 HWM=0.18860000 entry=0.18860000","timestamp":"2026-06-02T15:38:40.433Z"}
{"level":"debug","message":"[RISK-LOOP] checking 1 open position(s)","timestamp":"2026-06-02T15:40:39.982Z"}
{"level":"debug","message":"[LIVE] JUP/USDC: checkRisk price=0.19220000 SL=0.18897720 TP=0.22254800 HWM=0.18860000 entry=0.18860000","timestamp":"2026-06-02T15:40:40.425Z"}
{"level":"debug","message":"[RISK-LOOP] checking 1 open position(s)","timestamp":"2026-06-02T15:42:40.030Z"}
{"level":"debug","message":"[LIVE] JUP/USDC: checkRisk price=0.19200000 SL=0.18897720 TP=0.22254800 HWM=0.18860000 entry=0.18860000","timestamp":"2026-06-02T15:42:40.397Z"}
{"level":"debug","message":"[RISK-LOOP] checking 1 open position(s)","timestamp":"2026-06-02T15:44:39.988Z"}
{"level":"debug","message":"[LIVE] JUP/USDC: checkRisk price=0.19230000 SL=0.18897720 TP=0.22254800 HWM=0.18860000 entry=0.18860000","timestamp":"2026-06-02T15:44:40.431Z"}
{"level":"debug","message":"[RISK-LOOP] checking 1 open position(s)","timestamp":"2026-06-02T15:46:39.984Z"}
{"level":"debug","message":"[LIVE] JUP/USDC: checkRisk price=0.19300000 SL=0.18897720 TP=0.22254800 HWM=0.18860000 entry=0.18860000","timestamp":"2026-06-02T15:46:40.424Z"}
{"level":"info","message":"[MTF-CACHE] 15m refresh complete: 37/37 symbols","timestamp":"2026-06-02T15:47:59.223Z"}
{"level":"debug","message":"[RISK-LOOP] checking 1 open position(s)","timestamp":"2026-06-02T15:48:39.982Z"}
{"level":"debug","message":"[LIVE] JUP/USDC: checkRisk price=0.19300000 SL=0.18897720 TP=0.22254800 HWM=0.18860000 entry=0.18860000","timestamp":"2026-06-02T15:48:40.424Z"}
{"level":"debug","message":"[RISK-LOOP] checking 1 open position(s)","timestamp":"2026-06-02T15:50:39.990Z"}
{"level":"debug","message":"[LIVE] JUP/USDC: checkRisk price=0.19190000 SL=0.18897720 TP=0.22254800 HWM=0.18860000 entry=0.18860000","timestamp":"2026-06-02T15:50:40.434Z"}
{"level":"debug","message":"[RISK-LOOP] checking 1 open position(s)","timestamp":"2026-06-02T15:52:40.026Z"}
{"level":"debug","message":"[LIVE] JUP/USDC: checkRisk price=0.19180000 SL=0.18897720 TP=0.22254800 HWM=0.18860000 entry=0.18860000","timestamp":"2026-06-02T15:52:40.395Z"}
{"level":"debug","message":"[RISK-LOOP] checking 1 open position(s)","timestamp":"2026-06-02T15:54:39.995Z"}
{"level":"debug","message":"[LIVE] JUP/USDC: checkRisk price=0.19170000 SL=0.18897720 TP=0.22254800 HWM=0.18860000 entry=0.18860000","timestamp":"2026-06-02T15:54:40.439Z"}
{"level":"debug","message":"[RISK-LOOP] checking 1 open position(s)","timestamp":"2026-06-02T15:56:39.986Z"}
{"level":"debug","message":"[LIVE] JUP/USDC: checkRisk price=0.19230000 SL=0.18897720 TP=0.22254800 HWM=0.18860000 entry=0.18860000","timestamp":"2026-06-02T15:56:40.427Z"}
{"level":"debug","message":"[RISK-LOOP] checking 1 open position(s)","timestamp":"2026-06-02T15:58:39.988Z"}
{"level":"debug","message":"[LIVE] JUP/USDC: checkRisk price=0.19400000 SL=0.18897720 TP=0.22254800 HWM=0.18860000 entry=0.18860000","timestamp":"2026-06-02T15:58:40.434Z"}
{"level":"debug","message":"[RISK-LOOP] checking 1 open position(s)","timestamp":"2026-06-02T16:00:39.999Z"}
{"level":"debug","message":"[LIVE] JUP/USDC: checkRisk price=0.19310000 SL=0.18897720 TP=0.22254800 HWM=0.18860000 entry=0.18860000","timestamp":"2026-06-02T16:00:40.442Z"}
{"level":"debug","message":"[RISK-LOOP] checking 1 open position(s)","timestamp":"2026-06-02T16:02:40.039Z"}
{"level":"debug","message":"[LIVE] JUP/USDC: checkRisk price=0.19280000 SL=0.18897720 TP=0.22254800 HWM=0.18860000 entry=0.18860000","timestamp":"2026-06-02T16:02:40.445Z"}
{"level":"info","message":"[MTF-CACHE] 15m refresh complete: 37/37 symbols","timestamp":"2026-06-02T16:03:00.256Z"}
{"level":"debug","message":"[RISK-LOOP] checking 1 open position(s)","timestamp":"2026-06-02T16:04:39.993Z"}
{"level":"debug","message":"[LIVE] JUP/USDC: checkRisk price=0.19360000 SL=0.18897720 TP=0.22254800 HWM=0.18860000 entry=0.18860000","timestamp":"2026-06-02T16:04:40.436Z"}
{"level":"debug","message":"[RISK-LOOP] checking 1 open position(s)","timestamp":"2026-06-02T16:06:39.986Z"}
{"level":"debug","message":"[LIVE] JUP/USDC: checkRisk price=0.19600000 SL=0.18897720 TP=0.22254800 HWM=0.18860000 entry=0.18860000","timestamp":"2026-06-02T16:06:40.430Z"}
{"level":"debug","message":"[RISK-LOOP] checking 1 open position(s)","timestamp":"2026-06-02T16:08:39.995Z"}
{"level":"debug","message":"[LIVE] JUP/USDC: checkRisk price=0.19660000 SL=0.18897720 TP=0.22254800 HWM=0.18860000 entry=0.18860000","timestamp":"2026-06-02T16:08:40.437Z"}
{"level":"debug","message":"[RISK-LOOP] checking 1 open position(s)","timestamp":"2026-06-02T16:10:39.993Z"}
{"level":"debug","message":"[LIVE] JUP/USDC: checkRisk price=0.19670000 SL=0.18897720 TP=0.22254800 HWM=0.18860000 entry=0.18860000","timestamp":"2026-06-02T16:10:40.437Z"}
{"level":"debug","message":"[RISK-LOOP] checking 1 open position(s)","timestamp":"2026-06-02T16:12:40.119Z"}
{"level":"debug","message":"[LIVE] JUP/USDC: checkRisk price=0.19830000 SL=0.18897720 TP=0.22254800 HWM=0.18860000 entry=0.18860000","timestamp":"2026-06-02T16:12:40.559Z"}
{"level":"debug","message":"[RISK-LOOP] checking 1 open position(s)","timestamp":"2026-06-02T16:14:39.988Z"}
{"level":"debug","message":"[LIVE] JUP/USDC: checkRisk price=0.19790000 SL=0.18897720 TP=0.22254800 HWM=0.18860000 entry=0.18860000","timestamp":"2026-06-02T16:14:40.432Z"}
{"level":"debug","message":"[RISK-LOOP] checking 1 open position(s)","timestamp":"2026-06-02T16:16:39.986Z"}
{"level":"debug","message":"[LIVE] JUP/USDC: checkRisk price=0.19950000 SL=0.18897720 TP=0.22254800 HWM=0.18860000 entry=0.18860000","timestamp":"2026-06-02T16:16:40.436Z"}
{"level":"info","message":"[MTF-CACHE] 15m refresh complete: 37/37 symbols","timestamp":"2026-06-02T16:17:59.633Z"}
{"level":"debug","message":"[RISK-LOOP] checking 1 open position(s)","timestamp":"2026-06-02T16:18:40.000Z"}
{"level":"debug","message":"[LIVE] JUP/USDC: checkRisk price=0.20150000 SL=0.18897720 TP=0.22254800 HWM=0.18860000 entry=0.18860000","timestamp":"2026-06-02T16:18:40.443Z"}
{"level":"debug","message":"[RISK-LOOP] checking 1 open position(s)","timestamp":"2026-06-02T16:20:39.999Z"}
{"level":"debug","message":"[LIVE] JUP/USDC: checkRisk price=0.20140000 SL=0.18897720 TP=0.22254800 HWM=0.18860000 entry=0.18860000","timestamp":"2026-06-02T16:20:40.443Z"}
{"level":"debug","message":"[RISK-LOOP] checking 1 open position(s)","timestamp":"2026-06-02T16:22:40.038Z"}
{"level":"debug","message":"[LIVE] JUP/USDC: checkRisk price=0.19990000 SL=0.18897720 TP=0.22254800 HWM=0.18860000 entry=0.18860000","timestamp":"2026-06-02T16:22:40.415Z"}
{"level":"debug","message":"[RISK-LOOP] checking 1 open position(s)","timestamp":"2026-06-02T16:24:40.003Z"}
{"level":"debug","message":"[LIVE] JUP/USDC: checkRisk price=0.20070000 SL=0.18897720 TP=0.22254800 HWM=0.18860000 entry=0.18860000","timestamp":"2026-06-02T16:24:40.446Z"}
{"level":"debug","message":"[RISK-LOOP] checking 1 open position(s)","timestamp":"2026-06-02T16:26:40.059Z"}
{"level":"debug","message":"[LIVE] JUP/USDC: checkRisk price=0.20070000 SL=0.18897720 TP=0.22254800 HWM=0.18860000 entry=0.18860000","timestamp":"2026-06-02T16:26:40.507Z"}
{"level":"debug","message":"[RISK-LOOP] checking 1 open position(s)","timestamp":"2026-06-02T16:28:40.123Z"}
{"level":"debug","message":"[LIVE] JUP/USDC: checkRisk price=0.20240000 SL=0.18897720 TP=0.22254800 HWM=0.18860000 entry=0.18860000","timestamp":"2026-06-02T16:28:40.571Z"}
{"level":"debug","message":"[RISK-LOOP] checking 1 open position(s)","timestamp":"2026-06-02T16:30:40.172Z"}
{"level":"debug","message":"[LIVE] JUP/USDC: checkRisk price=0.20180000 SL=0.18897720 TP=0.22254800 HWM=0.18860000 entry=0.18860000","timestamp":"2026-06-02T16:30:40.617Z"}
{"level":"debug","message":"[RISK-LOOP] checking 1 open position(s)","timestamp":"2026-06-02T16:32:40.191Z"}
{"level":"debug","message":"[LIVE] JUP/USDC: checkRisk price=0.20110000 SL=0.18897720 TP=0.22254800 HWM=0.18860000 entry=0.18860000","timestamp":"2026-06-02T16:32:40.458Z"}
{"level":"info","message":"[MTF-CACHE] 15m refresh complete: 37/37 symbols","timestamp":"2026-06-02T16:32:59.431Z"}
{"level":"debug","message":"[RISK-LOOP] checking 1 open position(s)","timestamp":"2026-06-02T16:34:40.170Z"}
{"level":"debug","message":"[LIVE] JUP/USDC: checkRisk price=0.20100000 SL=0.18897720 TP=0.22254800 HWM=0.18860000 entry=0.18860000","timestamp":"2026-06-02T16:34:40.434Z"}
{"level":"debug","message":"[RISK-LOOP] checking 1 open position(s)","timestamp":"2026-06-02T16:36:40.169Z"}
{"level":"debug","message":"[LIVE] JUP/USDC: checkRisk price=0.20120000 SL=0.18897720 TP=0.22254800 HWM=0.18860000 entry=0.18860000","timestamp":"2026-06-02T16:36:40.432Z"}
{"level":"debug","message":"[RISK-LOOP] checking 1 open position(s)","timestamp":"2026-06-02T16:38:40.174Z"}
{"level":"debug","message":"[LIVE] JUP/USDC: checkRisk price=0.20090000 SL=0.18897720 TP=0.22254800 HWM=0.18860000 entry=0.18860000","timestamp":"2026-06-02T16:38:40.440Z"}
{"level":"debug","message":"[RISK-LOOP] checking 1 open position(s)","timestamp":"2026-06-02T16:40:40.189Z"}
{"level":"debug","message":"[LIVE] JUP/USDC: checkRisk price=0.20040000 SL=0.18897720 TP=0.22254800 HWM=0.18860000 entry=0.18860000","timestamp":"2026-06-02T16:40:40.446Z"}
{"level":"debug","message":"[RISK-LOOP] checking 1 open position(s)","timestamp":"2026-06-02T16:42:39.995Z"}
{"level":"debug","message":"[LIVE] JUP/USDC: checkRisk price=0.20100000 SL=0.18897720 TP=0.22254800 HWM=0.18860000 entry=0.18860000","timestamp":"2026-06-02T16:42:40.485Z"}
{"level":"debug","message":"[RISK-LOOP] checking 1 open position(s)","timestamp":"2026-06-02T16:44:40.001Z"}
{"level":"debug","message":"[LIVE] JUP/USDC: checkRisk price=0.20040000 SL=0.18897720 TP=0.22254800 HWM=0.18860000 entry=0.18860000","timestamp":"2026-06-02T16:44:40.486Z"}
{"level":"debug","message":"[RISK-LOOP] checking 1 open position(s)","timestamp":"2026-06-02T16:46:40.009Z"}
{"level":"debug","message":"[LIVE] JUP/USDC: checkRisk price=0.20020000 SL=0.18897720 TP=0.22254800 HWM=0.18860000 entry=0.18860000","timestamp":"2026-06-02T16:46:40.537Z"}
{"level":"info","message":"[MTF-CACHE] 15m refresh complete: 37/37 symbols","timestamp":"2026-06-02T16:47:59.274Z"}
{"level":"debug","message":"[RISK-LOOP] checking 1 open position(s)","timestamp":"2026-06-02T16:48:39.998Z"}
{"level":"debug","message":"[LIVE] JUP/USDC: checkRisk price=0.20190000 SL=0.18897720 TP=0.22254800 HWM=0.18860000 entry=0.18860000","timestamp":"2026-06-02T16:48:40.589Z"}
{"level":"debug","message":"[RISK-LOOP] checking 1 open position(s)","timestamp":"2026-06-02T16:50:40.013Z"}
{"level":"debug","message":"[LIVE] JUP/USDC: checkRisk price=0.20130000 SL=0.18897720 TP=0.22254800 HWM=0.18860000 entry=0.18860000","timestamp":"2026-06-02T16:50:40.459Z"}
{"level":"debug","message":"[RISK-LOOP] checking 1 open position(s)","timestamp":"2026-06-02T16:52:40.007Z"}
{"level":"debug","message":"[LIVE] JUP/USDC: checkRisk price=0.20120000 SL=0.18897720 TP=0.22254800 HWM=0.18860000 entry=0.18860000","timestamp":"2026-06-02T16:52:40.422Z"}
{"level":"debug","message":"[RISK-LOOP] checking 1 open position(s)","timestamp":"2026-06-02T16:54:40.008Z"}
{"level":"debug","message":"[LIVE] JUP/USDC: checkRisk price=0.20090000 SL=0.18897720 TP=0.22254800 HWM=0.18860000 entry=0.18860000","timestamp":"2026-06-02T16:54:40.453Z"}
{"level":"debug","message":"[RISK-LOOP] checking 1 open position(s)","timestamp":"2026-06-02T16:56:40.013Z"}
{"level":"debug","message":"[LIVE] JUP/USDC: checkRisk price=0.20000000 SL=0.18897720 TP=0.22254800 HWM=0.18860000 entry=0.18860000","timestamp":"2026-06-02T16:56:40.457Z"}
{"level":"debug","message":"[RISK-LOOP] checking 1 open position(s)","timestamp":"2026-06-02T16:58:40.018Z"}
{"level":"debug","message":"[LIVE] JUP/USDC: checkRisk price=0.20000000 SL=0.18897720 TP=0.22254800 HWM=0.18860000 entry=0.18860000","timestamp":"2026-06-02T16:58:40.474Z"}
{"level":"debug","message":"[RISK-LOOP] checking 1 open position(s)","timestamp":"2026-06-02T17:00:40.017Z"}
{"level":"debug","message":"[LIVE] JUP/USDC: checkRisk price=0.20000000 SL=0.18897720 TP=0.22254800 HWM=0.18860000 entry=0.18860000","timestamp":"2026-06-02T17:00:40.463Z"}
{"level":"debug","message":"[RISK-LOOP] checking 1 open position(s)","timestamp":"2026-06-02T17:02:40.025Z"}
{"level":"debug","message":"[LIVE] JUP/USDC: checkRisk price=0.20110000 SL=0.18897720 TP=0.22254800 HWM=0.18860000 entry=0.18860000","timestamp":"2026-06-02T17:02:40.440Z"}
{"level":"info","message":"[MTF-CACHE] 15m refresh complete: 37/37 symbols","timestamp":"2026-06-02T17:02:59.285Z"}
{"level":"debug","message":"[RISK-LOOP] checking 1 open position(s)","timestamp":"2026-06-02T17:04:40.028Z"}
{"level":"debug","message":"[LIVE] JUP/USDC: checkRisk price=0.20070000 SL=0.18897720 TP=0.22254800 HWM=0.18860000 entry=0.18860000","timestamp":"2026-06-02T17:04:40.473Z"}
{"level":"debug","message":"[RISK-LOOP] checking 1 open position(s)","timestamp":"2026-06-02T17:06:40.024Z"}
{"level":"debug","message":"[LIVE] JUP/USDC: checkRisk price=0.20160000 SL=0.18897720 TP=0.22254800 HWM=0.18860000 entry=0.18860000","timestamp":"2026-06-02T17:06:40.468Z"}
{"level":"debug","message":"[RISK-LOOP] checking 1 open position(s)","timestamp":"2026-06-02T17:08:40.029Z"}
{"level":"debug","message":"[LIVE] JUP/USDC: checkRisk price=0.20150000 SL=0.18897720 TP=0.22254800 HWM=0.18860000 entry=0.18860000","timestamp":"2026-06-02T17:08:40.474Z"}
{"level":"debug","message":"[RISK-LOOP] checking 1 open position(s)","timestamp":"2026-06-02T17:10:40.043Z"}
{"level":"debug","message":"[LIVE] JUP/USDC: checkRisk price=0.20210000 SL=0.18897720 TP=0.22254800 HWM=0.18860000 entry=0.18860000","timestamp":"2026-06-02T17:10:40.486Z"}
{"level":"debug","message":"[RISK-LOOP] checking 1 open position(s)","timestamp":"2026-06-02T17:12:40.069Z"}
{"level":"debug","message":"[LIVE] JUP/USDC: checkRisk price=0.20410000 SL=0.18897720 TP=0.22254800 HWM=0.18860000 entry=0.18860000","timestamp":"2026-06-02T17:12:40.434Z"}
{"level":"debug","message":"[RISK-LOOP] checking 1 open position(s)","timestamp":"2026-06-02T17:14:40.033Z"}
{"level":"debug","message":"[LIVE] JUP/USDC: checkRisk price=0.20410000 SL=0.18897720 TP=0.22254800 HWM=0.18860000 entry=0.18860000","timestamp":"2026-06-02T17:14:40.481Z"}
{"level":"debug","message":"[RISK-LOOP] checking 1 open position(s)","timestamp":"2026-06-02T17:16:40.032Z"}
{"level":"debug","message":"[LIVE] JUP/USDC: checkRisk price=0.20400000 SL=0.18897720 TP=0.22254800 HWM=0.18860000 entry=0.18860000","timestamp":"2026-06-02T17:16:40.474Z"}
{"level":"info","message":"[MTF-CACHE] 15m refresh complete: 37/37 symbols","timestamp":"2026-06-02T17:17:59.261Z"}
{"level":"debug","message":"[RISK-LOOP] checking 1 open position(s)","timestamp":"2026-06-02T17:18:40.041Z"}
{"level":"debug","message":"[LIVE] JUP/USDC: checkRisk price=0.20430000 SL=0.18897720 TP=0.22254800 HWM=0.18860000 entry=0.18860000","timestamp":"2026-06-02T17:18:40.485Z"}
{"level":"debug","message":"[RISK-LOOP] checking 1 open position(s)","timestamp":"2026-06-02T17:20:40.045Z"}
{"level":"debug","message":"[LIVE] JUP/USDC: checkRisk price=0.20380000 SL=0.18897720 TP=0.22254800 HWM=0.18860000 entry=0.18860000","timestamp":"2026-06-02T17:20:40.491Z"}
{"level":"debug","message":"[RISK-LOOP] checking 1 open position(s)","timestamp":"2026-06-02T17:22:40.112Z"}
{"level":"debug","message":"[LIVE] JUP/USDC: checkRisk price=0.20460000 SL=0.18897720 TP=0.22254800 HWM=0.18860000 entry=0.18860000","timestamp":"2026-06-02T17:22:40.429Z"}
{"level":"debug","message":"[RISK-LOOP] checking 1 open position(s)","timestamp":"2026-06-02T17:24:40.044Z"}
{"level":"debug","message":"[LIVE] JUP/USDC: checkRisk price=0.20540000 SL=0.18897720 TP=0.22254800 HWM=0.18860000 entry=0.18860000","timestamp":"2026-06-02T17:24:40.487Z"}
{"level":"debug","message":"[RISK-LOOP] checking 1 open position(s)","timestamp":"2026-06-02T17:26:40.051Z"}
{"level":"debug","message":"[LIVE] JUP/USDC: checkRisk price=0.20560000 SL=0.18897720 TP=0.22254800 HWM=0.18860000 entry=0.18860000","timestamp":"2026-06-02T17:26:40.494Z"}
{"level":"debug","message":"[RISK-LOOP] checking 1 open position(s)","timestamp":"2026-06-02T17:28:40.041Z"}
{"level":"debug","message":"[LIVE] JUP/USDC: checkRisk price=0.20560000 SL=0.18897720 TP=0.22254800 HWM=0.18860000 entry=0.18860000","timestamp":"2026-06-02T17:28:40.484Z"}
{"level":"debug","message":"[RISK-LOOP] checking 1 open position(s)","timestamp":"2026-06-02T17:30:40.051Z"}
{"level":"debug","message":"[LIVE] JUP/USDC: checkRisk price=0.20530000 SL=0.18897720 TP=0.22254800 HWM=0.18860000 entry=0.18860000","timestamp":"2026-06-02T17:30:40.496Z"}
{"level":"debug","message":"[RISK-LOOP] checking 1 open position(s)","timestamp":"2026-06-02T17:32:40.084Z"}
{"level":"debug","message":"[LIVE] JUP/USDC: checkRisk price=0.20550000 SL=0.18897720 TP=0.22254800 HWM=0.18860000 entry=0.18860000","timestamp":"2026-06-02T17:32:40.440Z"}
{"level":"info","message":"[MTF-CACHE] 15m refresh complete: 37/37 symbols","timestamp":"2026-06-02T17:32:59.260Z"}
{"level":"debug","message":"[RISK-LOOP] checking 1 open position(s)","timestamp":"2026-06-02T17:34:40.054Z"}
{"level":"debug","message":"[LIVE] JUP/USDC: checkRisk price=0.20530000 SL=0.18897720 TP=0.22254800 HWM=0.18860000 entry=0.18860000","timestamp":"2026-06-02T17:34:40.498Z"}
{"level":"debug","message":"[RISK-LOOP] checking 1 open position(s)","timestamp":"2026-06-02T17:36:40.050Z"}
{"level":"debug","message":"[LIVE] JUP/USDC: checkRisk price=0.20480000 SL=0.18897720 TP=0.22254800 HWM=0.18860000 entry=0.18860000","timestamp":"2026-06-02T17:36:40.501Z"}
{"level":"debug","message":"[RISK-LOOP] checking 1 open position(s)","timestamp":"2026-06-02T17:38:40.050Z"}
{"level":"debug","message":"[LIVE] JUP/USDC: checkRisk price=0.20490000 SL=0.18897720 TP=0.22254800 HWM=0.18860000 entry=0.18860000","timestamp":"2026-06-02T17:38:40.494Z"}
{"level":"debug","message":"[RISK-LOOP] checking 1 open position(s)","timestamp":"2026-06-02T17:40:40.053Z"}
{"level":"debug","message":"[LIVE] JUP/USDC: checkRisk price=0.20520000 SL=0.18897720 TP=0.22254800 HWM=0.18860000 entry=0.18860000","timestamp":"2026-06-02T17:40:40.498Z"}
{"level":"debug","message":"[RISK-LOOP] checking 1 open position(s)","timestamp":"2026-06-02T17:42:40.099Z"}
{"level":"debug","message":"[LIVE] JUP/USDC: checkRisk price=0.20460000 SL=0.18897720 TP=0.22254800 HWM=0.18860000 entry=0.18860000","timestamp":"2026-06-02T17:42:40.440Z"}
{"level":"debug","message":"[RISK-LOOP] checking 1 open position(s)","timestamp":"2026-06-02T17:44:40.061Z"}
{"level":"debug","message":"[LIVE] JUP/USDC: checkRisk price=0.20330000 SL=0.18897720 TP=0.22254800 HWM=0.18860000 entry=0.18860000","timestamp":"2026-06-02T17:44:40.505Z"}
{"level":"debug","message":"[RISK-LOOP] checking 1 open position(s)","timestamp":"2026-06-02T17:46:40.062Z"}
{"level":"debug","message":"[LIVE] JUP/USDC: checkRisk price=0.20310000 SL=0.18897720 TP=0.22254800 HWM=0.18860000 entry=0.18860000","timestamp":"2026-06-02T17:46:40.509Z"}
{"level":"info","message":"[MTF-CACHE] 15m refresh complete: 37/37 symbols","timestamp":"2026-06-02T17:47:59.720Z"}
{"level":"debug","message":"[RISK-LOOP] checking 1 open position(s)","timestamp":"2026-06-02T17:48:40.065Z"}
{"level":"debug","message":"[LIVE] JUP/USDC: checkRisk price=0.20300000 SL=0.18897720 TP=0.22254800 HWM=0.18860000 entry=0.18860000","timestamp":"2026-06-02T17:48:40.510Z"}
{"level":"debug","message":"[RISK-LOOP] checking 1 open position(s)","timestamp":"2026-06-02T17:50:40.065Z"}
{"level":"debug","message":"[LIVE] JUP/USDC: checkRisk price=0.20400000 SL=0.18897720 TP=0.22254800 HWM=0.18860000 entry=0.18860000","timestamp":"2026-06-02T17:50:40.510Z"}
{"level":"debug","message":"[RISK-LOOP] checking 1 open position(s)","timestamp":"2026-06-02T17:52:40.097Z"}
{"level":"debug","message":"[LIVE] JUP/USDC: checkRisk price=0.20340000 SL=0.18897720 TP=0.22254800 HWM=0.18860000 entry=0.18860000","timestamp":"2026-06-02T17:52:40.433Z"}
{"level":"debug","message":"[RISK-LOOP] checking 1 open position(s)","timestamp":"2026-06-02T17:54:40.055Z"}
{"level":"debug","message":"[LIVE] JUP/USDC: checkRisk price=0.20520000 SL=0.18897720 TP=0.22254800 HWM=0.18860000 entry=0.18860000","timestamp":"2026-06-02T17:54:40.504Z"}
{"level":"debug","message":"[RISK-LOOP] checking 1 open position(s)","timestamp":"2026-06-02T17:56:40.060Z"}
{"level":"debug","message":"[LIVE] JUP/USDC: checkRisk price=0.20460000 SL=0.18897720 TP=0.22254800 HWM=0.18860000 entry=0.18860000","timestamp":"2026-06-02T17:56:40.503Z"}
{"level":"debug","message":"[RISK-LOOP] checking 1 open position(s)","timestamp":"2026-06-02T17:58:40.061Z"}
{"level":"debug","message":"[LIVE] JUP/USDC: checkRisk price=0.20430000 SL=0.18897720 TP=0.22254800 HWM=0.18860000 entry=0.18860000","timestamp":"2026-06-02T17:58:40.509Z"}
{"level":"debug","message":"[RISK-LOOP] checking 1 open position(s)","timestamp":"2026-06-02T18:00:40.069Z"}
{"level":"debug","message":"[LIVE] JUP/USDC: checkRisk price=0.20440000 SL=0.18897720 TP=0.22254800 HWM=0.18860000 entry=0.18860000","timestamp":"2026-06-02T18:00:40.516Z"}
{"level":"debug","message":"[RISK-LOOP] checking 1 open position(s)","timestamp":"2026-06-02T18:02:40.119Z"}
{"level":"debug","message":"[LIVE] JUP/USDC: checkRisk price=0.20480000 SL=0.18897720 TP=0.22254800 HWM=0.18860000 entry=0.18860000","timestamp":"2026-06-02T18:02:40.443Z"}
{"level":"info","message":"[MTF-CACHE] 15m refresh complete: 37/37 symbols","timestamp":"2026-06-02T18:02:59.718Z"}
{"level":"debug","message":"[RISK-LOOP] checking 1 open position(s)","timestamp":"2026-06-02T18:04:40.067Z"}
{"level":"debug","message":"[LIVE] JUP/USDC: checkRisk price=0.20340000 SL=0.18897720 TP=0.22254800 HWM=0.18860000 entry=0.18860000","timestamp":"2026-06-02T18:04:40.514Z"}
{"level":"debug","message":"[RISK-LOOP] checking 1 open position(s)","timestamp":"2026-06-02T18:06:40.071Z"}
{"level":"debug","message":"[LIVE] JUP/USDC: checkRisk price=0.20340000 SL=0.18897720 TP=0.22254800 HWM=0.18860000 entry=0.18860000","timestamp":"2026-06-02T18:06:40.519Z"}
{"level":"debug","message":"[RISK-LOOP] checking 1 open position(s)","timestamp":"2026-06-02T18:08:40.070Z"}
{"level":"debug","message":"[LIVE] JUP/USDC: checkRisk price=0.20300000 SL=0.18897720 TP=0.22254800 HWM=0.18860000 entry=0.18860000","timestamp":"2026-06-02T18:08:40.520Z"}
{"level":"debug","message":"[RISK-LOOP] checking 1 open position(s)","timestamp":"2026-06-02T18:10:40.062Z"}
{"level":"debug","message":"[LIVE] JUP/USDC: checkRisk price=0.20250000 SL=0.18897720 TP=0.22254800 HWM=0.18860000 entry=0.18860000","timestamp":"2026-06-02T18:10:40.506Z"}
{"level":"debug","message":"[RISK-LOOP] checking 1 open position(s)","timestamp":"2026-06-02T18:12:40.122Z"}
{"level":"debug","message":"[LIVE] JUP/USDC: checkRisk price=0.20240000 SL=0.18897720 TP=0.22254800 HWM=0.18860000 entry=0.18860000","timestamp":"2026-06-02T18:12:40.442Z"}
{"level":"debug","message":"[RISK-LOOP] checking 1 open position(s)","timestamp":"2026-06-02T18:14:40.072Z"}
{"level":"debug","message":"[LIVE] JUP/USDC: checkRisk price=0.20180000 SL=0.18897720 TP=0.22254800 HWM=0.18860000 entry=0.18860000","timestamp":"2026-06-02T18:14:40.519Z"}
{"level":"debug","message":"[RISK-LOOP] checking 1 open position(s)","timestamp":"2026-06-02T18:16:40.069Z"}
{"level":"debug","message":"[LIVE] JUP/USDC: checkRisk price=0.20090000 SL=0.18897720 TP=0.22254800 HWM=0.18860000 entry=0.18860000","timestamp":"2026-06-02T18:16:40.511Z"}
{"level":"info","message":"[MTF-CACHE] 15m refresh complete: 37/37 symbols","timestamp":"2026-06-02T18:17:59.535Z"}
{"level":"debug","message":"[RISK-LOOP] checking 1 open position(s)","timestamp":"2026-06-02T18:18:40.075Z"}
{"level":"debug","message":"[LIVE] JUP/USDC: checkRisk price=0.20140000 SL=0.18897720 TP=0.22254800 HWM=0.18860000 entry=0.18860000","timestamp":"2026-06-02T18:18:40.521Z"}
{"level":"debug","message":"[RISK-LOOP] checking 1 open position(s)","timestamp":"2026-06-02T18:20:40.069Z"}
{"level":"debug","message":"[LIVE] JUP/USDC: checkRisk price=0.20080000 SL=0.18897720 TP=0.22254800 HWM=0.18860000 entry=0.18860000","timestamp":"2026-06-02T18:20:40.514Z"}
{"level":"debug","message":"[RISK-LOOP] checking 1 open position(s)","timestamp":"2026-06-02T18:22:40.123Z"}
{"level":"debug","message":"[LIVE] JUP/USDC: checkRisk price=0.19980000 SL=0.18897720 TP=0.22254800 HWM=0.18860000 entry=0.18860000","timestamp":"2026-06-02T18:22:40.462Z"}
{"level":"debug","message":"[RISK-LOOP] checking 1 open position(s)","timestamp":"2026-06-02T18:24:40.076Z"}
{"level":"debug","message":"[LIVE] JUP/USDC: checkRisk price=0.20010000 SL=0.18897720 TP=0.22254800 HWM=0.18860000 entry=0.18860000","timestamp":"2026-06-02T18:24:40.521Z"}
{"level":"debug","message":"[RISK-LOOP] checking 1 open position(s)","timestamp":"2026-06-02T18:26:40.076Z"}
{"level":"debug","message":"[LIVE] JUP/USDC: checkRisk price=0.19980000 SL=0.18897720 TP=0.22254800 HWM=0.18860000 entry=0.18860000","timestamp":"2026-06-02T18:26:40.524Z"}
{"level":"debug","message":"[RISK-LOOP] checking 1 open position(s)","timestamp":"2026-06-02T18:28:40.084Z"}
{"level":"debug","message":"[LIVE] JUP/USDC: checkRisk price=0.19980000 SL=0.18897720 TP=0.22254800 HWM=0.18860000 entry=0.18860000","timestamp":"2026-06-02T18:28:40.529Z"}
{"level":"debug","message":"[RISK-LOOP] checking 1 open position(s)","timestamp":"2026-06-02T18:30:40.077Z"}
{"level":"debug","message":"[LIVE] JUP/USDC: checkRisk price=0.19990000 SL=0.18897720 TP=0.22254800 HWM=0.18860000 entry=0.18860000","timestamp":"2026-06-02T18:30:40.522Z"}
{"level":"debug","message":"[RISK-LOOP] checking 1 open position(s)","timestamp":"2026-06-02T18:32:40.119Z"}
{"level":"debug","message":"[LIVE] JUP/USDC: checkRisk price=0.20000000 SL=0.18897720 TP=0.22254800 HWM=0.18860000 entry=0.18860000","timestamp":"2026-06-02T18:32:40.444Z"}
{"level":"info","message":"[MTF-CACHE] 15m refresh complete: 37/37 symbols","timestamp":"2026-06-02T18:32:59.433Z"}
{"level":"debug","message":"[RISK-LOOP] checking 1 open position(s)","timestamp":"2026-06-02T18:34:40.079Z"}
{"level":"debug","message":"[LIVE] JUP/USDC: checkRisk price=0.20000000 SL=0.18897720 TP=0.22254800 HWM=0.18860000 entry=0.18860000","timestamp":"2026-06-02T18:34:40.525Z"}
{"level":"debug","message":"[RISK-LOOP] checking 1 open position(s)","timestamp":"2026-06-02T18:36:40.084Z"}
{"level":"debug","message":"[LIVE] JUP/USDC: checkRisk price=0.20000000 SL=0.18897720 TP=0.22254800 HWM=0.18860000 entry=0.18860000","timestamp":"2026-06-02T18:36:40.529Z"}
{"level":"debug","message":"[RISK-LOOP] checking 1 open position(s)","timestamp":"2026-06-02T18:38:40.091Z"}
{"level":"debug","message":"[LIVE] JUP/USDC: checkRisk price=0.20010000 SL=0.18897720 TP=0.22254800 HWM=0.18860000 entry=0.18860000","timestamp":"2026-06-02T18:38:40.537Z"}
{"level":"debug","message":"[RISK-LOOP] checking 1 open position(s)","timestamp":"2026-06-02T18:40:40.089Z"}
{"level":"debug","message":"[LIVE] JUP/USDC: checkRisk price=0.19940000 SL=0.18897720 TP=0.22254800 HWM=0.18860000 entry=0.18860000","timestamp":"2026-06-02T18:40:40.535Z"}
{"level":"debug","message":"[RISK-LOOP] checking 1 open position(s)","timestamp":"2026-06-02T18:42:40.123Z"}
{"level":"debug","message":"[LIVE] JUP/USDC: checkRisk price=0.19930000 SL=0.18897720 TP=0.22254800 HWM=0.18860000 entry=0.18860000","timestamp":"2026-06-02T18:42:40.459Z"}
{"level":"debug","message":"[RISK-LOOP] checking 1 open position(s)","timestamp":"2026-06-02T18:44:40.082Z"}
{"level":"debug","message":"[LIVE] JUP/USDC: checkRisk price=0.19930000 SL=0.18897720 TP=0.22254800 HWM=0.18860000 entry=0.18860000","timestamp":"2026-06-02T18:44:40.528Z"}
{"level":"debug","message":"[RISK-LOOP] checking 1 open position(s)","timestamp":"2026-06-02T18:46:40.082Z"}
{"level":"debug","message":"[LIVE] JUP/USDC: checkRisk price=0.19920000 SL=0.18897720 TP=0.22254800 HWM=0.18860000 entry=0.18860000","timestamp":"2026-06-02T18:46:40.532Z"}
{"level":"info","message":"[MTF-CACHE] 15m refresh complete: 37/37 symbols","timestamp":"2026-06-02T18:47:59.262Z"}
{"level":"debug","message":"[RISK-LOOP] checking 1 open position(s)","timestamp":"2026-06-02T18:48:40.083Z"}
{"level":"debug","message":"[LIVE] JUP/USDC: checkRisk price=0.19970000 SL=0.18897720 TP=0.22254800 HWM=0.18860000 entry=0.18860000","timestamp":"2026-06-02T18:48:40.528Z"}
{"level":"debug","message":"[RISK-LOOP] checking 1 open position(s)","timestamp":"2026-06-02T18:50:40.086Z"}
{"level":"debug","message":"[LIVE] JUP/USDC: checkRisk price=0.20000000 SL=0.18897720 TP=0.22254800 HWM=0.18860000 entry=0.18860000","timestamp":"2026-06-02T18:50:40.530Z"}
{"level":"debug","message":"[RISK-LOOP] checking 1 open position(s)","timestamp":"2026-06-02T18:52:40.134Z"}
{"level":"debug","message":"[LIVE] JUP/USDC: checkRisk price=0.20000000 SL=0.18897720 TP=0.22254800 HWM=0.18860000 entry=0.18860000","timestamp":"2026-06-02T18:52:40.438Z"}
{"level":"debug","message":"[RISK-LOOP] checking 1 open position(s)","timestamp":"2026-06-02T18:54:40.086Z"}
{"level":"debug","message":"[LIVE] JUP/USDC: checkRisk price=0.19860000 SL=0.18897720 TP=0.22254800 HWM=0.18860000 entry=0.18860000","timestamp":"2026-06-02T18:54:40.533Z"}
{"level":"debug","message":"[RISK-LOOP] checking 1 open position(s)","timestamp":"2026-06-02T18:56:40.098Z"}
{"level":"debug","message":"[LIVE] JUP/USDC: checkRisk price=0.19860000 SL=0.18897720 TP=0.22254800 HWM=0.18860000 entry=0.18860000","timestamp":"2026-06-02T18:56:40.541Z"}
{"level":"debug","message":"[RISK-LOOP] checking 1 open position(s)","timestamp":"2026-06-02T18:58:40.085Z"}
{"level":"debug","message":"[LIVE] JUP/USDC: checkRisk price=0.19850000 SL=0.18897720 TP=0.22254800 HWM=0.18860000 entry=0.18860000","timestamp":"2026-06-02T18:58:40.533Z"}
{"level":"debug","message":"[RISK-LOOP] checking 1 open position(s)","timestamp":"2026-06-02T19:00:40.088Z"}
{"level":"debug","message":"[LIVE] JUP/USDC: checkRisk price=0.19940000 SL=0.18897720 TP=0.22254800 HWM=0.18860000 entry=0.18860000","timestamp":"2026-06-02T19:00:40.532Z"}
{"level":"debug","message":"[RISK-LOOP] checking 1 open position(s)","timestamp":"2026-06-02T19:02:40.089Z"}
{"level":"debug","message":"[LIVE] JUP/USDC: checkRisk price=0.19930000 SL=0.18897720 TP=0.22254800 HWM=0.18860000 entry=0.18860000","timestamp":"2026-06-02T19:02:40.489Z"}
{"level":"info","message":"[MTF-CACHE] 15m refresh complete: 37/37 symbols","timestamp":"2026-06-02T19:02:59.383Z"}
{"level":"debug","message":"[RISK-LOOP] checking 1 open position(s)","timestamp":"2026-06-02T19:04:40.091Z"}
{"level":"debug","message":"[LIVE] JUP/USDC: checkRisk price=0.19860000 SL=0.18897720 TP=0.22254800 HWM=0.18860000 entry=0.18860000","timestamp":"2026-06-02T19:04:40.534Z"}
{"level":"debug","message":"[RISK-LOOP] checking 1 open position(s)","timestamp":"2026-06-02T19:06:40.089Z"}
{"level":"debug","message":"[LIVE] JUP/USDC: checkRisk price=0.19850000 SL=0.18897720 TP=0.22254800 HWM=0.18860000 entry=0.18860000","timestamp":"2026-06-02T19:06:40.534Z"}
{"level":"debug","message":"[RISK-LOOP] checking 1 open position(s)","timestamp":"2026-06-02T19:08:40.088Z"}
{"level":"debug","message":"[LIVE] JUP/USDC: checkRisk price=0.19850000 SL=0.18897720 TP=0.22254800 HWM=0.18860000 entry=0.18860000","timestamp":"2026-06-02T19:08:40.534Z"}
{"level":"debug","message":"[RISK-LOOP] checking 1 open position(s)","timestamp":"2026-06-02T19:10:40.099Z"}
{"level":"debug","message":"[LIVE] JUP/USDC: checkRisk price=0.19800000 SL=0.18897720 TP=0.22254800 HWM=0.18860000 entry=0.18860000","timestamp":"2026-06-02T19:10:40.545Z"}
{"level":"debug","message":"[RISK-LOOP] checking 1 open position(s)","timestamp":"2026-06-02T19:12:40.227Z"}
{"level":"debug","message":"[LIVE] JUP/USDC: checkRisk price=0.19830000 SL=0.18897720 TP=0.22254800 HWM=0.18860000 entry=0.18860000","timestamp":"2026-06-02T19:12:40.662Z"}
{"level":"debug","message":"[RISK-LOOP] checking 1 open position(s)","timestamp":"2026-06-02T19:14:40.090Z"}
{"level":"debug","message":"[LIVE] JUP/USDC: checkRisk price=0.19820000 SL=0.18897720 TP=0.22254800 HWM=0.18860000 entry=0.18860000","timestamp":"2026-06-02T19:14:40.534Z"}
{"level":"debug","message":"[RISK-LOOP] checking 1 open position(s)","timestamp":"2026-06-02T19:16:40.092Z"}
{"level":"debug","message":"[LIVE] JUP/USDC: checkRisk price=0.19810000 SL=0.18897720 TP=0.22254800 HWM=0.18860000 entry=0.18860000","timestamp":"2026-06-02T19:16:40.536Z"}
{"level":"info","message":"[MTF-CACHE] 15m refresh complete: 37/37 symbols","timestamp":"2026-06-02T19:17:59.254Z"}
{"level":"debug","message":"[RISK-LOOP] checking 1 open position(s)","timestamp":"2026-06-02T19:18:40.094Z"}
{"level":"debug","message":"[LIVE] JUP/USDC: checkRisk price=0.19730000 SL=0.18897720 TP=0.22254800 HWM=0.18860000 entry=0.18860000","timestamp":"2026-06-02T19:18:40.546Z"}
{"level":"debug","message":"[RISK-LOOP] checking 1 open position(s)","timestamp":"2026-06-02T19:20:40.095Z"}
{"level":"debug","message":"[LIVE] JUP/USDC: checkRisk price=0.19730000 SL=0.18897720 TP=0.22254800 HWM=0.18860000 entry=0.18860000","timestamp":"2026-06-02T19:20:40.540Z"}
{"level":"debug","message":"[RISK-LOOP] checking 1 open position(s)","timestamp":"2026-06-02T19:22:40.141Z"}
{"level":"debug","message":"[LIVE] JUP/USDC: checkRisk price=0.19760000 SL=0.18897720 TP=0.22254800 HWM=0.18860000 entry=0.18860000","timestamp":"2026-06-02T19:22:40.449Z"}
{"level":"debug","message":"[RISK-LOOP] checking 1 open position(s)","timestamp":"2026-06-02T19:24:40.093Z"}
{"level":"debug","message":"[LIVE] JUP/USDC: checkRisk price=0.19700000 SL=0.18897720 TP=0.22254800 HWM=0.18860000 entry=0.18860000","timestamp":"2026-06-02T19:24:40.533Z"}
{"level":"debug","message":"[RISK-LOOP] checking 1 open position(s)","timestamp":"2026-06-02T19:26:40.095Z"}
{"level":"debug","message":"[LIVE] JUP/USDC: checkRisk price=0.19750000 SL=0.18897720 TP=0.22254800 HWM=0.18860000 entry=0.18860000","timestamp":"2026-06-02T19:26:40.540Z"}
{"level":"debug","message":"[RISK-LOOP] checking 1 open position(s)","timestamp":"2026-06-02T19:28:40.129Z"}
{"level":"debug","message":"[LIVE] JUP/USDC: checkRisk price=0.19640000 SL=0.18897720 TP=0.22254800 HWM=0.18860000 entry=0.18860000","timestamp":"2026-06-02T19:28:40.571Z"}
{"level":"debug","message":"[RISK-LOOP] checking 1 open position(s)","timestamp":"2026-06-02T19:30:40.189Z"}
{"level":"debug","message":"[LIVE] JUP/USDC: checkRisk price=0.19650000 SL=0.18897720 TP=0.22254800 HWM=0.18860000 entry=0.18860000","timestamp":"2026-06-02T19:30:40.633Z"}
{"level":"debug","message":"[RISK-LOOP] checking 1 open position(s)","timestamp":"2026-06-02T19:32:40.213Z"}
{"level":"debug","message":"[LIVE] JUP/USDC: checkRisk price=0.19620000 SL=0.18897720 TP=0.22254800 HWM=0.18860000 entry=0.18860000","timestamp":"2026-06-02T19:32:40.480Z"}
{"level":"info","message":"[MTF-CACHE] 15m refresh complete: 37/37 symbols","timestamp":"2026-06-02T19:32:59.255Z"}
{"level":"info","message":"[MTF-CACHE] 4h refresh complete: 37/37 symbols","timestamp":"2026-06-02T19:33:00.265Z"}
{"level":"debug","message":"[RISK-LOOP] checking 1 open position(s)","timestamp":"2026-06-02T19:34:40.305Z"}
{"level":"debug","message":"[LIVE] JUP/USDC: checkRisk price=0.19480000 SL=0.18897720 TP=0.22254800 HWM=0.18860000 entry=0.18860000","timestamp":"2026-06-02T19:34:40.749Z"}
{"level":"debug","message":"[RISK-LOOP] checking 1 open position(s)","timestamp":"2026-06-02T19:36:40.282Z"}
{"level":"debug","message":"[LIVE] JUP/USDC: checkRisk price=0.19500000 SL=0.18897720 TP=0.22254800 HWM=0.18860000 entry=0.18860000","timestamp":"2026-06-02T19:36:40.546Z"}
{"level":"debug","message":"[RISK-LOOP] checking 1 open position(s)","timestamp":"2026-06-02T19:38:40.286Z"}
{"level":"debug","message":"[LIVE] JUP/USDC: checkRisk price=0.19500000 SL=0.18897720 TP=0.22254800 HWM=0.18860000 entry=0.18860000","timestamp":"2026-06-02T19:38:40.552Z"}
{"level":"debug","message":"[RISK-LOOP] checking 1 open position(s)","timestamp":"2026-06-02T19:40:40.276Z"}
{"level":"debug","message":"[LIVE] JUP/USDC: checkRisk price=0.19540000 SL=0.18897720 TP=0.22254800 HWM=0.18860000 entry=0.18860000","timestamp":"2026-06-02T19:40:40.540Z"}
{"level":"debug","message":"[RISK-LOOP] checking 1 open position(s)","timestamp":"2026-06-02T19:42:40.277Z"}
{"level":"debug","message":"[LIVE] JUP/USDC: checkRisk price=0.19440000 SL=0.18897720 TP=0.22254800 HWM=0.18860000 entry=0.18860000","timestamp":"2026-06-02T19:42:40.541Z"}
{"level":"debug","message":"[RISK-LOOP] checking 1 open position(s)","timestamp":"2026-06-02T19:44:40.099Z"}
{"level":"debug","message":"[LIVE] JUP/USDC: checkRisk price=0.19550000 SL=0.18897720 TP=0.22254800 HWM=0.18860000 entry=0.18860000","timestamp":"2026-06-02T19:44:40.546Z"}
{"level":"debug","message":"[RISK-LOOP] checking 1 open position(s)","timestamp":"2026-06-02T19:46:40.101Z"}
{"level":"debug","message":"[LIVE] JUP/USDC: checkRisk price=0.19640000 SL=0.18897720 TP=0.22254800 HWM=0.18860000 entry=0.18860000","timestamp":"2026-06-02T19:46:40.545Z"}
{"level":"info","message":"[MTF-CACHE] 15m refresh complete: 37/37 symbols","timestamp":"2026-06-02T19:48:00.456Z"}
{"level":"debug","message":"[RISK-LOOP] checking 1 open position(s)","timestamp":"2026-06-02T19:48:40.099Z"}
{"level":"debug","message":"[LIVE] JUP/USDC: checkRisk price=0.19710000 SL=0.18897720 TP=0.22254800 HWM=0.18860000 entry=0.18860000","timestamp":"2026-06-02T19:48:40.569Z"}
{"level":"debug","message":"[RISK-LOOP] checking 1 open position(s)","timestamp":"2026-06-02T19:50:40.105Z"}
{"level":"debug","message":"[LIVE] JUP/USDC: checkRisk price=0.19930000 SL=0.18897720 TP=0.22254800 HWM=0.18860000 entry=0.18860000","timestamp":"2026-06-02T19:50:40.622Z"}
{"level":"debug","message":"[RISK-LOOP] checking 1 open position(s)","timestamp":"2026-06-02T19:52:40.105Z"}
{"level":"debug","message":"[LIVE] JUP/USDC: checkRisk price=0.20030000 SL=0.18897720 TP=0.22254800 HWM=0.18860000 entry=0.18860000","timestamp":"2026-06-02T19:52:40.724Z"}
{"level":"debug","message":"[RISK-LOOP] checking 1 open position(s)","timestamp":"2026-06-02T19:54:40.111Z"}
{"level":"debug","message":"[LIVE] JUP/USDC: checkRisk price=0.20110000 SL=0.18897720 TP=0.22254800 HWM=0.18860000 entry=0.18860000","timestamp":"2026-06-02T19:54:40.676Z"}
{"level":"debug","message":"[RISK-LOOP] checking 1 open position(s)","timestamp":"2026-06-02T19:56:40.104Z"}
{"level":"debug","message":"[LIVE] JUP/USDC: checkRisk price=0.19890000 SL=0.18897720 TP=0.22254800 HWM=0.18860000 entry=0.18860000","timestamp":"2026-06-02T19:56:40.686Z"}
{"level":"debug","message":"[RISK-LOOP] checking 1 open position(s)","timestamp":"2026-06-02T19:58:40.108Z"}
{"level":"debug","message":"[LIVE] JUP/USDC: checkRisk price=0.19910000 SL=0.18897720 TP=0.22254800 HWM=0.18860000 entry=0.18860000","timestamp":"2026-06-02T19:58:40.689Z"}
{"level":"debug","message":"[RISK-LOOP] checking 1 open position(s)","timestamp":"2026-06-02T20:00:40.100Z"}
{"level":"debug","message":"[LIVE] JUP/USDC: checkRisk price=0.19880000 SL=0.18897720 TP=0.22254800 HWM=0.18860000 entry=0.18860000","timestamp":"2026-06-02T20:00:40.697Z"}
{"level":"debug","message":"[RISK-LOOP] checking 1 open position(s)","timestamp":"2026-06-02T20:02:40.108Z"}
{"level":"debug","message":"[LIVE] JUP/USDC: checkRisk price=0.19860000 SL=0.18897720 TP=0.22254800 HWM=0.18860000 entry=0.18860000","timestamp":"2026-06-02T20:02:40.699Z"}
{"level":"info","message":"[MTF-CACHE] 15m refresh complete: 37/37 symbols","timestamp":"2026-06-02T20:02:59.271Z"}
{"level":"debug","message":"[RISK-LOOP] checking 1 open position(s)","timestamp":"2026-06-02T20:04:40.111Z"}
{"level":"debug","message":"[LIVE] JUP/USDC: checkRisk price=0.20030000 SL=0.18897720 TP=0.22254800 HWM=0.18860000 entry=0.18860000","timestamp":"2026-06-02T20:04:40.708Z"}
{"level":"debug","message":"[RISK-LOOP] checking 1 open position(s)","timestamp":"2026-06-02T20:06:40.110Z"}
{"level":"debug","message":"[LIVE] JUP/USDC: checkRisk price=0.20080000 SL=0.18897720 TP=0.22254800 HWM=0.18860000 entry=0.18860000","timestamp":"2026-06-02T20:06:40.720Z"}
{"level":"debug","message":"[RISK-LOOP] checking 1 open position(s)","timestamp":"2026-06-02T20:08:40.111Z"}
{"level":"debug","message":"[LIVE] JUP/USDC: checkRisk price=0.20070000 SL=0.18897720 TP=0.22254800 HWM=0.18860000 entry=0.18860000","timestamp":"2026-06-02T20:08:40.732Z"}
{"level":"debug","message":"[RISK-LOOP] checking 1 open position(s)","timestamp":"2026-06-02T20:10:40.114Z"}
{"level":"debug","message":"[LIVE] JUP/USDC: checkRisk price=0.20180000 SL=0.18897720 TP=0.22254800 HWM=0.18860000 entry=0.18860000","timestamp":"2026-06-02T20:10:40.752Z"}
{"level":"debug","message":"[RISK-LOOP] checking 1 open position(s)","timestamp":"2026-06-02T20:12:40.115Z"}
{"level":"debug","message":"[LIVE] JUP/USDC: checkRisk price=0.20060000 SL=0.18897720 TP=0.22254800 HWM=0.18860000 entry=0.18860000","timestamp":"2026-06-02T20:12:40.706Z"}
{"level":"debug","message":"[RISK-LOOP] checking 1 open position(s)","timestamp":"2026-06-02T20:14:40.113Z"}
{"level":"debug","message":"[LIVE] JUP/USDC: checkRisk price=0.20050000 SL=0.18897720 TP=0.22254800 HWM=0.18860000 entry=0.18860000","timestamp":"2026-06-02T20:14:40.561Z"}
{"level":"debug","message":"[RISK-LOOP] checking 1 open position(s)","timestamp":"2026-06-02T20:16:40.116Z"}
{"level":"debug","message":"[LIVE] JUP/USDC: checkRisk price=0.20030000 SL=0.18897720 TP=0.22254800 HWM=0.18860000 entry=0.18860000","timestamp":"2026-06-02T20:16:40.559Z"}
{"level":"info","message":"[MTF-CACHE] 15m refresh complete: 37/37 symbols","timestamp":"2026-06-02T20:17:59.261Z"}
{"level":"debug","message":"[RISK-LOOP] checking 1 open position(s)","timestamp":"2026-06-02T20:18:40.114Z"}
{"level":"debug","message":"[LIVE] JUP/USDC: checkRisk price=0.19900000 SL=0.18897720 TP=0.22254800 HWM=0.18860000 entry=0.18860000","timestamp":"2026-06-02T20:18:40.558Z"}
{"level":"debug","message":"[RISK-LOOP] checking 1 open position(s)","timestamp":"2026-06-02T20:20:40.119Z"}
{"level":"debug","message":"[LIVE] JUP/USDC: checkRisk price=0.19810000 SL=0.18897720 TP=0.22254800 HWM=0.18860000 entry=0.18860000","timestamp":"2026-06-02T20:20:40.564Z"}
{"level":"debug","message":"[RISK-LOOP] checking 1 open position(s)","timestamp":"2026-06-02T20:22:40.115Z"}
{"level":"debug","message":"[LIVE] JUP/USDC: checkRisk price=0.19840000 SL=0.18897720 TP=0.22254800 HWM=0.18860000 entry=0.18860000","timestamp":"2026-06-02T20:22:40.462Z"}
{"level":"debug","message":"[RISK-LOOP] checking 1 open position(s)","timestamp":"2026-06-02T20:24:40.110Z"}
{"level":"debug","message":"[LIVE] JUP/USDC: checkRisk price=0.19760000 SL=0.18897720 TP=0.22254800 HWM=0.18860000 entry=0.18860000","timestamp":"2026-06-02T20:24:40.551Z"}
{"level":"debug","message":"[RISK-LOOP] checking 1 open position(s)","timestamp":"2026-06-02T20:26:40.114Z"}
{"level":"debug","message":"[LIVE] JUP/USDC: checkRisk price=0.19750000 SL=0.18897720 TP=0.22254800 HWM=0.18860000 entry=0.18860000","timestamp":"2026-06-02T20:26:40.557Z"}
{"level":"debug","message":"[RISK-LOOP] checking 1 open position(s)","timestamp":"2026-06-02T20:28:40.121Z"}
{"level":"debug","message":"[LIVE] JUP/USDC: checkRisk price=0.19760000 SL=0.18897720 TP=0.22254800 HWM=0.18860000 entry=0.18860000","timestamp":"2026-06-02T20:28:40.567Z"}
{"level":"debug","message":"[RISK-LOOP] checking 1 open position(s)","timestamp":"2026-06-02T20:30:40.122Z"}
{"level":"debug","message":"[LIVE] JUP/USDC: checkRisk price=0.19730000 SL=0.18897720 TP=0.22254800 HWM=0.18860000 entry=0.18860000","timestamp":"2026-06-02T20:30:40.563Z"}
{"level":"debug","message":"[RISK-LOOP] checking 1 open position(s)","timestamp":"2026-06-02T20:32:40.126Z"}
{"level":"debug","message":"[LIVE] JUP/USDC: checkRisk price=0.19850000 SL=0.18897720 TP=0.22254800 HWM=0.18860000 entry=0.18860000","timestamp":"2026-06-02T20:32:40.456Z"}
{"level":"info","message":"[MTF-CACHE] 15m refresh complete: 37/37 symbols","timestamp":"2026-06-02T20:32:59.225Z"}
{"level":"debug","message":"[RISK-LOOP] checking 1 open position(s)","timestamp":"2026-06-02T20:34:40.116Z"}
{"level":"debug","message":"[LIVE] JUP/USDC: checkRisk price=0.19960000 SL=0.18897720 TP=0.22254800 HWM=0.18860000 entry=0.18860000","timestamp":"2026-06-02T20:34:40.561Z"}
{"level":"debug","message":"[RISK-LOOP] checking 1 open position(s)","timestamp":"2026-06-02T20:36:40.120Z"}
{"level":"debug","message":"[LIVE] JUP/USDC: checkRisk price=0.20040000 SL=0.18897720 TP=0.22254800 HWM=0.18860000 entry=0.18860000","timestamp":"2026-06-02T20:36:40.564Z"}
{"level":"debug","message":"[RISK-LOOP] checking 1 open position(s)","timestamp":"2026-06-02T20:38:40.129Z"}
{"level":"debug","message":"[LIVE] JUP/USDC: checkRisk price=0.20050000 SL=0.18897720 TP=0.22254800 HWM=0.18860000 entry=0.18860000","timestamp":"2026-06-02T20:38:40.573Z"}
{"level":"debug","message":"[RISK-LOOP] checking 1 open position(s)","timestamp":"2026-06-02T20:40:40.127Z"}
{"level":"debug","message":"[LIVE] JUP/USDC: checkRisk price=0.20060000 SL=0.18897720 TP=0.22254800 HWM=0.18860000 entry=0.18860000","timestamp":"2026-06-02T20:40:40.572Z"}
{"level":"debug","message":"[RISK-LOOP] checking 1 open position(s)","timestamp":"2026-06-02T20:42:40.117Z"}
{"level":"debug","message":"[LIVE] JUP/USDC: checkRisk price=0.20040000 SL=0.18897720 TP=0.22254800 HWM=0.18860000 entry=0.18860000","timestamp":"2026-06-02T20:42:40.458Z"}
{"level":"debug","message":"[RISK-LOOP] checking 1 open position(s)","timestamp":"2026-06-02T20:44:40.119Z"}
{"level":"debug","message":"[LIVE] JUP/USDC: checkRisk price=0.20010000 SL=0.18897720 TP=0.22254800 HWM=0.18860000 entry=0.18860000","timestamp":"2026-06-02T20:44:40.564Z"}
{"level":"debug","message":"[RISK-LOOP] checking 1 open position(s)","timestamp":"2026-06-02T20:46:40.123Z"}
{"level":"debug","message":"[LIVE] JUP/USDC: checkRisk price=0.20010000 SL=0.18897720 TP=0.22254800 HWM=0.18860000 entry=0.18860000","timestamp":"2026-06-02T20:46:40.570Z"}
{"level":"info","message":"[MTF-CACHE] 15m refresh complete: 37/37 symbols","timestamp":"2026-06-02T20:47:59.950Z"}
{"level":"debug","message":"[RISK-LOOP] checking 1 open position(s)","timestamp":"2026-06-02T20:48:40.122Z"}
{"level":"debug","message":"[LIVE] JUP/USDC: checkRisk price=0.20050000 SL=0.18897720 TP=0.22254800 HWM=0.18860000 entry=0.18860000","timestamp":"2026-06-02T20:48:40.570Z"}
{"level":"debug","message":"[RISK-LOOP] checking 1 open position(s)","timestamp":"2026-06-02T20:50:40.127Z"}
{"level":"debug","message":"[LIVE] JUP/USDC: checkRisk price=0.20110000 SL=0.18897720 TP=0.22254800 HWM=0.18860000 entry=0.18860000","timestamp":"2026-06-02T20:50:40.578Z"}
{"level":"debug","message":"[RISK-LOOP] checking 1 open position(s)","timestamp":"2026-06-02T20:52:40.129Z"}
{"level":"debug","message":"[LIVE] JUP/USDC: checkRisk price=0.20120000 SL=0.18897720 TP=0.22254800 HWM=0.18860000 entry=0.18860000","timestamp":"2026-06-02T20:52:40.472Z"}
{"level":"debug","message":"[RISK-LOOP] checking 1 open position(s)","timestamp":"2026-06-02T20:54:40.122Z"}
{"level":"debug","message":"[LIVE] JUP/USDC: checkRisk price=0.20110000 SL=0.18897720 TP=0.22254800 HWM=0.18860000 entry=0.18860000","timestamp":"2026-06-02T20:54:40.566Z"}
{"level":"debug","message":"[RISK-LOOP] checking 1 open position(s)","timestamp":"2026-06-02T20:56:40.140Z"}
{"level":"debug","message":"[LIVE] JUP/USDC: checkRisk price=0.20110000 SL=0.18897720 TP=0.22254800 HWM=0.18860000 entry=0.18860000","timestamp":"2026-06-02T20:56:40.603Z"}
{"level":"debug","message":"[RISK-LOOP] checking 1 open position(s)","timestamp":"2026-06-02T20:58:40.132Z"}
{"level":"debug","message":"[LIVE] JUP/USDC: checkRisk price=0.20080000 SL=0.18897720 TP=0.22254800 HWM=0.18860000 entry=0.18860000","timestamp":"2026-06-02T20:58:40.576Z"}
{"level":"debug","message":"[RISK-LOOP] checking 1 open position(s)","timestamp":"2026-06-02T21:00:40.123Z"}
{"level":"debug","message":"[LIVE] JUP/USDC: checkRisk price=0.20060000 SL=0.18897720 TP=0.22254800 HWM=0.18860000 entry=0.18860000","timestamp":"2026-06-02T21:00:40.567Z"}
{"level":"debug","message":"[RISK-LOOP] checking 1 open position(s)","timestamp":"2026-06-02T21:02:40.129Z"}
{"level":"debug","message":"[LIVE] JUP/USDC: checkRisk price=0.20060000 SL=0.18897720 TP=0.22254800 HWM=0.18860000 entry=0.18860000","timestamp":"2026-06-02T21:02:40.463Z"}
{"level":"info","message":"[MTF-CACHE] 15m refresh complete: 37/37 symbols","timestamp":"2026-06-02T21:02:59.278Z"}
{"level":"debug","message":"[RISK-LOOP] checking 1 open position(s)","timestamp":"2026-06-02T21:04:40.131Z"}
{"level":"debug","message":"[LIVE] JUP/USDC: checkRisk price=0.20030000 SL=0.18897720 TP=0.22254800 HWM=0.18860000 entry=0.18860000","timestamp":"2026-06-02T21:04:40.577Z"}
{"level":"debug","message":"[RISK-LOOP] checking 1 open position(s)","timestamp":"2026-06-02T21:06:40.134Z"}
{"level":"debug","message":"[LIVE] JUP/USDC: checkRisk price=0.20060000 SL=0.18897720 TP=0.22254800 HWM=0.18860000 entry=0.18860000","timestamp":"2026-06-02T21:06:40.579Z"}
{"level":"debug","message":"[RISK-LOOP] checking 1 open position(s)","timestamp":"2026-06-02T21:08:40.134Z"}
{"level":"debug","message":"[LIVE] JUP/USDC: checkRisk price=0.20060000 SL=0.18897720 TP=0.22254800 HWM=0.18860000 entry=0.18860000","timestamp":"2026-06-02T21:08:40.578Z"}
{"level":"debug","message":"[RISK-LOOP] checking 1 open position(s)","timestamp":"2026-06-02T21:10:40.124Z"}
{"level":"debug","message":"[LIVE] JUP/USDC: checkRisk price=0.20160000 SL=0.18897720 TP=0.22254800 HWM=0.18860000 entry=0.18860000","timestamp":"2026-06-02T21:10:40.567Z"}
{"level":"debug","message":"[RISK-LOOP] checking 1 open position(s)","timestamp":"2026-06-02T21:12:40.124Z"}
{"level":"debug","message":"[LIVE] JUP/USDC: checkRisk price=0.20040000 SL=0.18897720 TP=0.22254800 HWM=0.18860000 entry=0.18860000","timestamp":"2026-06-02T21:12:40.467Z"}
{"level":"debug","message":"[RISK-LOOP] checking 1 open position(s)","timestamp":"2026-06-02T21:14:40.127Z"}
{"level":"debug","message":"[LIVE] JUP/USDC: checkRisk price=0.20000000 SL=0.18897720 TP=0.22254800 HWM=0.18860000 entry=0.18860000","timestamp":"2026-06-02T21:14:40.572Z"}
{"level":"debug","message":"[RISK-LOOP] checking 1 open position(s)","timestamp":"2026-06-02T21:16:40.125Z"}
{"level":"debug","message":"[LIVE] JUP/USDC: checkRisk price=0.20100000 SL=0.18897720 TP=0.22254800 HWM=0.18860000 entry=0.18860000","timestamp":"2026-06-02T21:16:40.571Z"}
{"level":"info","message":"[MTF-CACHE] 15m refresh complete: 37/37 symbols","timestamp":"2026-06-02T21:17:59.254Z"}
{"level":"debug","message":"[RISK-LOOP] checking 1 open position(s)","timestamp":"2026-06-02T21:18:40.141Z"}
{"level":"debug","message":"[LIVE] JUP/USDC: checkRisk price=0.20080000 SL=0.18897720 TP=0.22254800 HWM=0.18860000 entry=0.18860000","timestamp":"2026-06-02T21:18:40.585Z"}
{"level":"debug","message":"[RISK-LOOP] checking 1 open position(s)","timestamp":"2026-06-02T21:20:40.132Z"}
{"level":"debug","message":"[LIVE] JUP/USDC: checkRisk price=0.20110000 SL=0.18897720 TP=0.22254800 HWM=0.18860000 entry=0.18860000","timestamp":"2026-06-02T21:20:40.573Z"}
{"level":"debug","message":"[RISK-LOOP] checking 1 open position(s)","timestamp":"2026-06-02T21:22:40.132Z"}
{"level":"debug","message":"[LIVE] JUP/USDC: checkRisk price=0.20150000 SL=0.18897720 TP=0.22254800 HWM=0.18860000 entry=0.18860000","timestamp":"2026-06-02T21:22:40.459Z"}
{"level":"debug","message":"[RISK-LOOP] checking 1 open position(s)","timestamp":"2026-06-02T21:24:40.127Z"}
{"level":"debug","message":"[LIVE] JUP/USDC: checkRisk price=0.20150000 SL=0.18897720 TP=0.22254800 HWM=0.18860000 entry=0.18860000","timestamp":"2026-06-02T21:24:40.569Z"}
{"level":"debug","message":"[RISK-LOOP] checking 1 open position(s)","timestamp":"2026-06-02T21:26:40.138Z"}
{"level":"debug","message":"[LIVE] JUP/USDC: checkRisk price=0.20210000 SL=0.18897720 TP=0.22254800 HWM=0.18860000 entry=0.18860000","timestamp":"2026-06-02T21:26:40.583Z"}
{"level":"debug","message":"[RISK-LOOP] checking 1 open position(s)","timestamp":"2026-06-02T21:28:40.149Z"}
{"level":"debug","message":"[LIVE] JUP/USDC: checkRisk price=0.20260000 SL=0.18897720 TP=0.22254800 HWM=0.18860000 entry=0.18860000","timestamp":"2026-06-02T21:28:40.595Z"}
{"level":"debug","message":"[RISK-LOOP] checking 1 open position(s)","timestamp":"2026-06-02T21:30:40.149Z"}
{"level":"debug","message":"[LIVE] JUP/USDC: checkRisk price=0.20260000 SL=0.18897720 TP=0.22254800 HWM=0.18860000 entry=0.18860000","timestamp":"2026-06-02T21:30:40.592Z"}
{"level":"debug","message":"[RISK-LOOP] checking 1 open position(s)","timestamp":"2026-06-02T21:32:40.187Z"}
{"level":"debug","message":"[LIVE] JUP/USDC: checkRisk price=0.20240000 SL=0.18897720 TP=0.22254800 HWM=0.18860000 entry=0.18860000","timestamp":"2026-06-02T21:32:40.467Z"}
{"level":"info","message":"[MTF-CACHE] 15m refresh complete: 37/37 symbols","timestamp":"2026-06-02T21:32:59.327Z"}
{"level":"debug","message":"[RISK-LOOP] checking 1 open position(s)","timestamp":"2026-06-02T21:34:40.144Z"}
{"level":"debug","message":"[LIVE] JUP/USDC: checkRisk price=0.20240000 SL=0.18897720 TP=0.22254800 HWM=0.18860000 entry=0.18860000","timestamp":"2026-06-02T21:34:40.587Z"}
{"level":"debug","message":"[RISK-LOOP] checking 1 open position(s)","timestamp":"2026-06-02T21:36:40.149Z"}
{"level":"debug","message":"[LIVE] JUP/USDC: checkRisk price=0.20220000 SL=0.18897720 TP=0.22254800 HWM=0.18860000 entry=0.18860000","timestamp":"2026-06-02T21:36:40.592Z"}
{"level":"debug","message":"[RISK-LOOP] checking 1 open position(s)","timestamp":"2026-06-02T21:38:40.156Z"}
{"level":"debug","message":"[LIVE] JUP/USDC: checkRisk price=0.20230000 SL=0.18897720 TP=0.22254800 HWM=0.18860000 entry=0.18860000","timestamp":"2026-06-02T21:38:40.597Z"}
{"level":"debug","message":"[RISK-LOOP] checking 1 open position(s)","timestamp":"2026-06-02T21:40:40.148Z"}
{"level":"debug","message":"[LIVE] JUP/USDC: checkRisk price=0.20100000 SL=0.18897720 TP=0.22254800 HWM=0.18860000 entry=0.18860000","timestamp":"2026-06-02T21:40:40.590Z"}
{"level":"debug","message":"[RISK-LOOP] checking 1 open position(s)","timestamp":"2026-06-02T21:42:40.198Z"}
{"level":"debug","message":"[LIVE] JUP/USDC: checkRisk price=0.20110000 SL=0.18897720 TP=0.22254800 HWM=0.18860000 entry=0.18860000","timestamp":"2026-06-02T21:42:40.475Z"}
{"level":"debug","message":"[RISK-LOOP] checking 1 open position(s)","timestamp":"2026-06-02T21:44:40.154Z"}
{"level":"debug","message":"[LIVE] JUP/USDC: checkRisk price=0.20110000 SL=0.18897720 TP=0.22254800 HWM=0.18860000 entry=0.18860000","timestamp":"2026-06-02T21:44:40.597Z"}
{"level":"debug","message":"[RISK-LOOP] checking 1 open position(s)","timestamp":"2026-06-02T21:46:40.155Z"}
{"level":"debug","message":"[LIVE] JUP/USDC: checkRisk price=0.20120000 SL=0.18897720 TP=0.22254800 HWM=0.18860000 entry=0.18860000","timestamp":"2026-06-02T21:46:40.597Z"}
{"level":"info","message":"[MTF-CACHE] 15m refresh complete: 37/37 symbols","timestamp":"2026-06-02T21:47:59.233Z"}
{"level":"debug","message":"[RISK-LOOP] checking 1 open position(s)","timestamp":"2026-06-02T21:48:40.165Z"}
{"level":"debug","message":"[LIVE] JUP/USDC: checkRisk price=0.20080000 SL=0.18897720 TP=0.22254800 HWM=0.18860000 entry=0.18860000","timestamp":"2026-06-02T21:48:40.608Z"}
{"level":"debug","message":"[RISK-LOOP] checking 1 open position(s)","timestamp":"2026-06-02T21:50:40.165Z"}
{"level":"debug","message":"[LIVE] JUP/USDC: checkRisk price=0.20080000 SL=0.18897720 TP=0.22254800 HWM=0.18860000 entry=0.18860000","timestamp":"2026-06-02T21:50:40.604Z"}
{"level":"debug","message":"[RISK-LOOP] checking 1 open position(s)","timestamp":"2026-06-02T21:52:40.205Z"}
{"level":"debug","message":"[LIVE] JUP/USDC: checkRisk price=0.20010000 SL=0.18897720 TP=0.22254800 HWM=0.18860000 entry=0.18860000","timestamp":"2026-06-02T21:52:40.481Z"}
{"level":"debug","message":"[RISK-LOOP] checking 1 open position(s)","timestamp":"2026-06-02T21:54:40.170Z"}
{"level":"debug","message":"[LIVE] JUP/USDC: checkRisk price=0.19990000 SL=0.18897720 TP=0.22254800 HWM=0.18860000 entry=0.18860000","timestamp":"2026-06-02T21:54:40.611Z"}
{"level":"debug","message":"[RISK-LOOP] checking 1 open position(s)","timestamp":"2026-06-02T21:56:40.160Z"}
{"level":"debug","message":"[LIVE] JUP/USDC: checkRisk price=0.19990000 SL=0.18897720 TP=0.22254800 HWM=0.18860000 entry=0.18860000","timestamp":"2026-06-02T21:56:40.602Z"}
{"level":"debug","message":"[RISK-LOOP] checking 1 open position(s)","timestamp":"2026-06-02T21:58:40.160Z"}
{"level":"debug","message":"[LIVE] JUP/USDC: checkRisk price=0.19940000 SL=0.18897720 TP=0.22254800 HWM=0.18860000 entry=0.18860000","timestamp":"2026-06-02T21:58:40.604Z"}
{"level":"debug","message":"[RISK-LOOP] checking 1 open position(s)","timestamp":"2026-06-02T22:00:40.168Z"}
{"level":"debug","message":"[LIVE] JUP/USDC: checkRisk price=0.19920000 SL=0.18897720 TP=0.22254800 HWM=0.18860000 entry=0.18860000","timestamp":"2026-06-02T22:00:40.610Z"}
{"level":"debug","message":"[RISK-LOOP] checking 1 open position(s)","timestamp":"2026-06-02T22:02:40.213Z"}
{"level":"debug","message":"[LIVE] JUP/USDC: checkRisk price=0.19850000 SL=0.18897720 TP=0.22254800 HWM=0.18860000 entry=0.18860000","timestamp":"2026-06-02T22:02:40.478Z"}
{"level":"info","message":"[MTF-CACHE] 15m refresh complete: 37/37 symbols","timestamp":"2026-06-02T22:03:00.144Z"}
{"level":"debug","message":"[RISK-LOOP] checking 1 open position(s)","timestamp":"2026-06-02T22:04:40.176Z"}
{"level":"debug","message":"[LIVE] JUP/USDC: checkRisk price=0.19780000 SL=0.18897720 TP=0.22254800 HWM=0.18860000 entry=0.18860000","timestamp":"2026-06-02T22:04:40.622Z"}
{"level":"debug","message":"[RISK-LOOP] checking 1 open position(s)","timestamp":"2026-06-02T22:06:40.173Z"}
{"level":"debug","message":"[LIVE] JUP/USDC: checkRisk price=0.19800000 SL=0.18897720 TP=0.22254800 HWM=0.18860000 entry=0.18860000","timestamp":"2026-06-02T22:06:40.615Z"}
{"level":"debug","message":"[RISK-LOOP] checking 1 open position(s)","timestamp":"2026-06-02T22:08:40.171Z"}
{"level":"debug","message":"[LIVE] JUP/USDC: checkRisk price=0.19840000 SL=0.18897720 TP=0.22254800 HWM=0.18860000 entry=0.18860000","timestamp":"2026-06-02T22:08:40.612Z"}
{"level":"debug","message":"[RISK-LOOP] checking 1 open position(s)","timestamp":"2026-06-02T22:10:40.180Z"}
{"level":"debug","message":"[LIVE] JUP/USDC: checkRisk price=0.19840000 SL=0.18897720 TP=0.22254800 HWM=0.18860000 entry=0.18860000","timestamp":"2026-06-02T22:10:40.620Z"}
{"level":"debug","message":"[RISK-LOOP] checking 1 open position(s)","timestamp":"2026-06-02T22:12:40.216Z"}
{"level":"debug","message":"[LIVE] JUP/USDC: checkRisk price=0.19720000 SL=0.18897720 TP=0.22254800 HWM=0.18860000 entry=0.18860000","timestamp":"2026-06-02T22:12:40.478Z"}
{"level":"debug","message":"[RISK-LOOP] checking 1 open position(s)","timestamp":"2026-06-02T22:14:40.180Z"}
{"level":"debug","message":"[LIVE] JUP/USDC: checkRisk price=0.19720000 SL=0.18897720 TP=0.22254800 HWM=0.18860000 entry=0.18860000","timestamp":"2026-06-02T22:14:40.620Z"}
{"level":"debug","message":"[RISK-LOOP] checking 1 open position(s)","timestamp":"2026-06-02T22:16:40.179Z"}
{"level":"debug","message":"[LIVE] JUP/USDC: checkRisk price=0.19690000 SL=0.18897720 TP=0.22254800 HWM=0.18860000 entry=0.18860000","timestamp":"2026-06-02T22:16:40.621Z"}
{"level":"info","message":"[MTF-CACHE] 15m refresh complete: 37/37 symbols","timestamp":"2026-06-02T22:17:59.729Z"}
{"level":"debug","message":"[RISK-LOOP] checking 1 open position(s)","timestamp":"2026-06-02T22:18:40.179Z"}
{"level":"debug","message":"[LIVE] JUP/USDC: checkRisk price=0.19610000 SL=0.18897720 TP=0.22254800 HWM=0.18860000 entry=0.18860000","timestamp":"2026-06-02T22:18:40.620Z"}
{"level":"debug","message":"[RISK-LOOP] checking 1 open position(s)","timestamp":"2026-06-02T22:20:40.195Z"}
{"level":"debug","message":"[LIVE] JUP/USDC: checkRisk price=0.19630000 SL=0.18897720 TP=0.22254800 HWM=0.18860000 entry=0.18860000","timestamp":"2026-06-02T22:20:40.638Z"}
{"level":"debug","message":"[RISK-LOOP] checking 1 open position(s)","timestamp":"2026-06-02T22:22:40.231Z"}
{"level":"debug","message":"[LIVE] JUP/USDC: checkRisk price=0.19740000 SL=0.18897720 TP=0.22254800 HWM=0.18860000 entry=0.18860000","timestamp":"2026-06-02T22:22:40.487Z"}
{"level":"debug","message":"[RISK-LOOP] checking 1 open position(s)","timestamp":"2026-06-02T22:24:40.181Z"}
{"level":"debug","message":"[LIVE] JUP/USDC: checkRisk price=0.19810000 SL=0.18897720 TP=0.22254800 HWM=0.18860000 entry=0.18860000","timestamp":"2026-06-02T22:24:40.622Z"}
{"level":"debug","message":"[RISK-LOOP] checking 1 open position(s)","timestamp":"2026-06-02T22:26:40.197Z"}
{"level":"debug","message":"[LIVE] JUP/USDC: checkRisk price=0.19770000 SL=0.18897720 TP=0.22254800 HWM=0.18860000 entry=0.18860000","timestamp":"2026-06-02T22:26:40.642Z"}
{"level":"debug","message":"[RISK-LOOP] checking 1 open position(s)","timestamp":"2026-06-02T22:28:40.182Z"}
{"level":"debug","message":"[LIVE] JUP/USDC: checkRisk price=0.19880000 SL=0.18897720 TP=0.22254800 HWM=0.18860000 entry=0.18860000","timestamp":"2026-06-02T22:28:40.627Z"}
{"level":"debug","message":"[RISK-LOOP] checking 1 open position(s)","timestamp":"2026-06-02T22:30:40.192Z"}
{"level":"debug","message":"[LIVE] JUP/USDC: checkRisk price=0.19750000 SL=0.18897720 TP=0.22254800 HWM=0.18860000 entry=0.18860000","timestamp":"2026-06-02T22:30:40.633Z"}
{"level":"debug","message":"[RISK-LOOP] checking 1 open position(s)","timestamp":"2026-06-02T22:32:40.258Z"}
{"level":"debug","message":"[LIVE] JUP/USDC: checkRisk price=0.19790000 SL=0.18897720 TP=0.22254800 HWM=0.18860000 entry=0.18860000","timestamp":"2026-06-02T22:32:40.523Z"}
{"level":"info","message":"[MTF-CACHE] 15m refresh complete: 37/37 symbols","timestamp":"2026-06-02T22:32:59.232Z"}
{"level":"debug","message":"[RISK-LOOP] checking 1 open position(s)","timestamp":"2026-06-02T22:34:40.200Z"}
{"level":"debug","message":"[LIVE] JUP/USDC: checkRisk price=0.19780000 SL=0.18897720 TP=0.22254800 HWM=0.18860000 entry=0.18860000","timestamp":"2026-06-02T22:34:40.642Z"}
{"level":"debug","message":"[RISK-LOOP] checking 1 open position(s)","timestamp":"2026-06-02T22:36:40.203Z"}
{"level":"debug","message":"[LIVE] JUP/USDC: checkRisk price=0.19750000 SL=0.18897720 TP=0.22254800 HWM=0.18860000 entry=0.18860000","timestamp":"2026-06-02T22:36:40.650Z"}
{"level":"debug","message":"[RISK-LOOP] checking 1 open position(s)","timestamp":"2026-06-02T22:38:40.198Z"}
{"level":"debug","message":"[LIVE] JUP/USDC: checkRisk price=0.19810000 SL=0.18897720 TP=0.22254800 HWM=0.18860000 entry=0.18860000","timestamp":"2026-06-02T22:38:40.643Z"}
{"level":"debug","message":"[RISK-LOOP] checking 1 open position(s)","timestamp":"2026-06-02T22:40:40.206Z"}
{"level":"debug","message":"[LIVE] JUP/USDC: checkRisk price=0.19710000 SL=0.18897720 TP=0.22254800 HWM=0.18860000 entry=0.18860000","timestamp":"2026-06-02T22:40:40.648Z"}
{"level":"debug","message":"[RISK-LOOP] checking 1 open position(s)","timestamp":"2026-06-02T22:42:40.253Z"}
{"level":"debug","message":"[LIVE] JUP/USDC: checkRisk price=0.19680000 SL=0.18897720 TP=0.22254800 HWM=0.18860000 entry=0.18860000","timestamp":"2026-06-02T22:42:40.519Z"}
{"level":"debug","message":"[RISK-LOOP] checking 1 open position(s)","timestamp":"2026-06-02T22:44:40.205Z"}
{"level":"debug","message":"[LIVE] JUP/USDC: checkRisk price=0.19680000 SL=0.18897720 TP=0.22254800 HWM=0.18860000 entry=0.18860000","timestamp":"2026-06-02T22:44:40.646Z"}
{"level":"debug","message":"[RISK-LOOP] checking 1 open position(s)","timestamp":"2026-06-02T22:46:40.205Z"}
{"level":"debug","message":"[LIVE] JUP/USDC: checkRisk price=0.19670000 SL=0.18897720 TP=0.22254800 HWM=0.18860000 entry=0.18860000","timestamp":"2026-06-02T22:46:40.648Z"}
{"level":"info","message":"[MTF-CACHE] 15m refresh complete: 37/37 symbols","timestamp":"2026-06-02T22:47:59.415Z"}
{"level":"debug","message":"[RISK-LOOP] checking 1 open position(s)","timestamp":"2026-06-02T22:48:40.207Z"}
{"level":"debug","message":"[LIVE] JUP/USDC: checkRisk price=0.19580000 SL=0.18897720 TP=0.22254800 HWM=0.18860000 entry=0.18860000","timestamp":"2026-06-02T22:48:40.653Z"}
{"level":"debug","message":"[RISK-LOOP] checking 1 open position(s)","timestamp":"2026-06-02T22:50:40.206Z"}
{"level":"debug","message":"[LIVE] JUP/USDC: checkRisk price=0.19580000 SL=0.18897720 TP=0.22254800 HWM=0.18860000 entry=0.18860000","timestamp":"2026-06-02T22:50:40.648Z"}
{"level":"debug","message":"[RISK-LOOP] checking 1 open position(s)","timestamp":"2026-06-02T22:52:40.255Z"}
{"level":"debug","message":"[LIVE] JUP/USDC: checkRisk price=0.19280000 SL=0.18897720 TP=0.22254800 HWM=0.18860000 entry=0.18860000","timestamp":"2026-06-02T22:52:40.520Z"}
{"level":"debug","message":"[RISK-LOOP] checking 1 open position(s)","timestamp":"2026-06-02T22:54:40.198Z"}
{"level":"debug","message":"[LIVE] JUP/USDC: checkRisk price=0.19390000 SL=0.18897720 TP=0.22254800 HWM=0.18860000 entry=0.18860000","timestamp":"2026-06-02T22:54:40.639Z"}
{"level":"debug","message":"[RISK-LOOP] checking 1 open position(s)","timestamp":"2026-06-02T22:56:40.213Z"}
{"level":"debug","message":"[LIVE] JUP/USDC: checkRisk price=0.19480000 SL=0.18897720 TP=0.22254800 HWM=0.18860000 entry=0.18860000","timestamp":"2026-06-02T22:56:40.658Z"}
{"level":"debug","message":"[RISK-LOOP] checking 1 open position(s)","timestamp":"2026-06-02T22:58:40.211Z"}
{"level":"debug","message":"[LIVE] JUP/USDC: checkRisk price=0.19350000 SL=0.18897720 TP=0.22254800 HWM=0.18860000 entry=0.18860000","timestamp":"2026-06-02T22:58:40.654Z"}
{"level":"debug","message":"[RISK-LOOP] checking 1 open position(s)","timestamp":"2026-06-02T23:00:40.213Z"}
{"level":"debug","message":"[LIVE] JUP/USDC: checkRisk price=0.19350000 SL=0.18897720 TP=0.22254800 HWM=0.18860000 entry=0.18860000","timestamp":"2026-06-02T23:00:40.655Z"}
{"level":"debug","message":"[RISK-LOOP] checking 1 open position(s)","timestamp":"2026-06-02T23:02:40.258Z"}
{"level":"debug","message":"[LIVE] JUP/USDC: checkRisk price=0.19320000 SL=0.18897720 TP=0.22254800 HWM=0.18860000 entry=0.18860000","timestamp":"2026-06-02T23:02:40.520Z"}
{"level":"info","message":"[MTF-CACHE] 15m refresh complete: 37/37 symbols","timestamp":"2026-06-02T23:02:59.188Z"}
{"level":"debug","message":"[RISK-LOOP] checking 1 open position(s)","timestamp":"2026-06-02T23:04:40.218Z"}
{"level":"debug","message":"[LIVE] JUP/USDC: checkRisk price=0.19330000 SL=0.18897720 TP=0.22254800 HWM=0.18860000 entry=0.18860000","timestamp":"2026-06-02T23:04:40.659Z"}
{"level":"debug","message":"[RISK-LOOP] checking 1 open position(s)","timestamp":"2026-06-02T23:06:40.215Z"}
{"level":"debug","message":"[LIVE] JUP/USDC: checkRisk price=0.19340000 SL=0.18897720 TP=0.22254800 HWM=0.18860000 entry=0.18860000","timestamp":"2026-06-02T23:06:40.655Z"}
{"level":"debug","message":"[RISK-LOOP] checking 1 open position(s)","timestamp":"2026-06-02T23:08:40.204Z"}
{"level":"debug","message":"[LIVE] JUP/USDC: checkRisk price=0.19450000 SL=0.18897720 TP=0.22254800 HWM=0.18860000 entry=0.18860000","timestamp":"2026-06-02T23:08:40.646Z"}
{"level":"debug","message":"[RISK-LOOP] checking 1 open position(s)","timestamp":"2026-06-02T23:10:40.219Z"}
{"level":"debug","message":"[LIVE] JUP/USDC: checkRisk price=0.19450000 SL=0.18897720 TP=0.22254800 HWM=0.18860000 entry=0.18860000","timestamp":"2026-06-02T23:10:40.666Z"}
{"level":"debug","message":"[RISK-LOOP] checking 1 open position(s)","timestamp":"2026-06-02T23:12:40.213Z"}
{"level":"debug","message":"[LIVE] JUP/USDC: checkRisk price=0.19490000 SL=0.18897720 TP=0.22254800 HWM=0.18860000 entry=0.18860000","timestamp":"2026-06-02T23:12:40.523Z"}
{"level":"debug","message":"[RISK-LOOP] checking 1 open position(s)","timestamp":"2026-06-02T23:14:40.220Z"}
{"level":"debug","message":"[LIVE] JUP/USDC: checkRisk price=0.19440000 SL=0.18897720 TP=0.22254800 HWM=0.18860000 entry=0.18860000","timestamp":"2026-06-02T23:14:40.665Z"}
{"level":"debug","message":"[RISK-LOOP] checking 1 open position(s)","timestamp":"2026-06-02T23:16:40.212Z"}
{"level":"debug","message":"[LIVE] JUP/USDC: checkRisk price=0.19460000 SL=0.18897720 TP=0.22254800 HWM=0.18860000 entry=0.18860000","timestamp":"2026-06-02T23:16:40.655Z"}
{"level":"info","message":"[MTF-CACHE] 15m refresh complete: 37/37 symbols","timestamp":"2026-06-02T23:17:59.385Z"}
{"level":"debug","message":"[RISK-LOOP] checking 1 open position(s)","timestamp":"2026-06-02T23:18:40.219Z"}
{"level":"debug","message":"[LIVE] JUP/USDC: checkRisk price=0.19340000 SL=0.18897720 TP=0.22254800 HWM=0.18860000 entry=0.18860000","timestamp":"2026-06-02T23:18:40.662Z"}
{"level":"debug","message":"[RISK-LOOP] checking 1 open position(s)","timestamp":"2026-06-02T23:20:40.217Z"}
{"level":"debug","message":"[LIVE] JUP/USDC: checkRisk price=0.19280000 SL=0.18897720 TP=0.22254800 HWM=0.18860000 entry=0.18860000","timestamp":"2026-06-02T23:20:40.662Z"}
{"level":"debug","message":"[RISK-LOOP] checking 1 open position(s)","timestamp":"2026-06-02T23:22:40.294Z"}
{"level":"debug","message":"[LIVE] JUP/USDC: checkRisk price=0.19360000 SL=0.18897720 TP=0.22254800 HWM=0.18860000 entry=0.18860000","timestamp":"2026-06-02T23:22:40.729Z"}
{"level":"debug","message":"[RISK-LOOP] checking 1 open position(s)","timestamp":"2026-06-02T23:24:40.216Z"}
{"level":"debug","message":"[LIVE] JUP/USDC: checkRisk price=0.19210000 SL=0.18897720 TP=0.22254800 HWM=0.18860000 entry=0.18860000","timestamp":"2026-06-02T23:24:40.658Z"}
{"level":"debug","message":"[RISK-LOOP] checking 1 open position(s)","timestamp":"2026-06-02T23:26:40.206Z"}
{"level":"debug","message":"[LIVE] JUP/USDC: checkRisk price=0.19030000 SL=0.18897720 TP=0.22254800 HWM=0.18860000 entry=0.18860000","timestamp":"2026-06-02T23:26:40.645Z"}
{"level":"debug","message":"[RISK-LOOP] checking 1 open position(s)","timestamp":"2026-06-02T23:28:40.209Z"}
{"level":"debug","message":"[LIVE] JUP/USDC: checkRisk price=0.19020000 SL=0.18897720 TP=0.22254800 HWM=0.18860000 entry=0.18860000","timestamp":"2026-06-02T23:28:40.651Z"}
{"level":"debug","message":"[RISK-LOOP] checking 1 open position(s)","timestamp":"2026-06-02T23:30:40.214Z"}
{"level":"debug","message":"[LIVE] JUP/USDC: checkRisk price=0.19020000 SL=0.18897720 TP=0.22254800 HWM=0.18860000 entry=0.18860000","timestamp":"2026-06-02T23:30:40.655Z"}
{"level":"debug","message":"[RISK-LOOP] checking 1 open position(s)","timestamp":"2026-06-02T23:32:40.251Z"}
{"level":"debug","message":"[LIVE] JUP/USDC: checkRisk price=0.19100000 SL=0.18897720 TP=0.22254800 HWM=0.18860000 entry=0.18860000","timestamp":"2026-06-02T23:32:40.527Z"}
{"level":"info","message":"[MTF-CACHE] 15m refresh complete: 37/37 symbols","timestamp":"2026-06-02T23:32:59.227Z"}
{"level":"info","message":"[MTF-CACHE] 4h refresh complete: 37/37 symbols","timestamp":"2026-06-02T23:33:00.884Z"}
{"level":"debug","message":"[RISK-LOOP] checking 1 open position(s)","timestamp":"2026-06-02T23:34:40.230Z"}
{"level":"debug","message":"[LIVE] JUP/USDC: checkRisk price=0.19280000 SL=0.18897720 TP=0.22254800 HWM=0.18860000 entry=0.18860000","timestamp":"2026-06-02T23:34:40.671Z"}
{"level":"debug","message":"[RISK-LOOP] checking 1 open position(s)","timestamp":"2026-06-02T23:36:40.286Z"}
{"level":"debug","message":"[LIVE] JUP/USDC: checkRisk price=0.19230000 SL=0.18897720 TP=0.22254800 HWM=0.18860000 entry=0.18860000","timestamp":"2026-06-02T23:36:40.729Z"}
{"level":"debug","message":"[RISK-LOOP] checking 1 open position(s)","timestamp":"2026-06-02T23:38:40.331Z"}
{"level":"debug","message":"[LIVE] JUP/USDC: checkRisk price=0.19290000 SL=0.18897720 TP=0.22254800 HWM=0.18860000 entry=0.18860000","timestamp":"2026-06-02T23:38:40.774Z"}
{"level":"debug","message":"[RISK-LOOP] checking 1 open position(s)","timestamp":"2026-06-02T23:40:40.397Z"}
{"level":"debug","message":"[LIVE] JUP/USDC: checkRisk price=0.19240000 SL=0.18897720 TP=0.22254800 HWM=0.18860000 entry=0.18860000","timestamp":"2026-06-02T23:40:40.837Z"}
{"level":"debug","message":"[RISK-LOOP] checking 1 open position(s)","timestamp":"2026-06-02T23:42:40.487Z"}
{"level":"debug","message":"[LIVE] JUP/USDC: checkRisk price=0.19220000 SL=0.18897720 TP=0.22254800 HWM=0.18860000 entry=0.18860000","timestamp":"2026-06-02T23:42:40.749Z"}
{"level":"debug","message":"[RISK-LOOP] checking 1 open position(s)","timestamp":"2026-06-02T23:44:40.395Z"}
{"level":"debug","message":"[LIVE] JUP/USDC: checkRisk price=0.19390000 SL=0.18897720 TP=0.22254800 HWM=0.18860000 entry=0.18860000","timestamp":"2026-06-02T23:44:40.658Z"}
{"level":"debug","message":"[RISK-LOOP] checking 1 open position(s)","timestamp":"2026-06-02T23:46:40.396Z"}
{"level":"debug","message":"[LIVE] JUP/USDC: checkRisk price=0.19440000 SL=0.18897720 TP=0.22254800 HWM=0.18860000 entry=0.18860000","timestamp":"2026-06-02T23:46:40.658Z"}
{"level":"info","message":"[MTF-CACHE] 15m refresh complete: 37/37 symbols","timestamp":"2026-06-02T23:47:59.240Z"}
{"level":"debug","message":"[RISK-LOOP] checking 1 open position(s)","timestamp":"2026-06-02T23:48:40.400Z"}
{"level":"debug","message":"[LIVE] JUP/USDC: checkRisk price=0.19440000 SL=0.18897720 TP=0.22254800 HWM=0.18860000 entry=0.18860000","timestamp":"2026-06-02T23:48:40.661Z"}
{"level":"debug","message":"[RISK-LOOP] checking 1 open position(s)","timestamp":"2026-06-02T23:50:40.391Z"}
{"level":"debug","message":"[LIVE] JUP/USDC: checkRisk price=0.19440000 SL=0.18897720 TP=0.22254800 HWM=0.18860000 entry=0.18860000","timestamp":"2026-06-02T23:50:40.657Z"}
{"level":"debug","message":"[RISK-LOOP] checking 1 open position(s)","timestamp":"2026-06-02T23:52:40.420Z"}
{"level":"debug","message":"[LIVE] JUP/USDC: checkRisk price=0.19390000 SL=0.18897720 TP=0.22254800 HWM=0.18860000 entry=0.18860000","timestamp":"2026-06-02T23:52:40.683Z"}
{"level":"debug","message":"[RISK-LOOP] checking 1 open position(s)","timestamp":"2026-06-02T23:54:40.224Z"}
{"level":"debug","message":"[LIVE] JUP/USDC: checkRisk price=0.19380000 SL=0.18897720 TP=0.22254800 HWM=0.18860000 entry=0.18860000","timestamp":"2026-06-02T23:54:40.675Z"}
{"level":"debug","message":"[RISK-LOOP] checking 1 open position(s)","timestamp":"2026-06-02T23:56:40.227Z"}
{"level":"debug","message":"[LIVE] JUP/USDC: checkRisk price=0.19360000 SL=0.18897720 TP=0.22254800 HWM=0.18860000 entry=0.18860000","timestamp":"2026-06-02T23:56:40.663Z"}
{"level":"debug","message":"[RISK-LOOP] checking 1 open position(s)","timestamp":"2026-06-02T23:58:40.220Z"}
{"level":"debug","message":"[LIVE] JUP/USDC: checkRisk price=0.19360000 SL=0.18897720 TP=0.22254800 HWM=0.18860000 entry=0.18860000","timestamp":"2026-06-02T23:58:40.704Z"}
