{"level":"debug","message":"[CYCLE] Correlated pairs (r>0.85): DOGE/PEPE=0.88","timestamp":"2026-09-04T00:00:03.012Z"}
{"level":"debug","message":"[CYCLE] ATR sizing: medianATRPct=3.59% (37 symbols)","timestamp":"2026-09-04T00:00:03.021Z"}
{"level":"debug","message":"[CYCLE] BTC macro: bull=true EMA200","timestamp":"2026-09-04T00:00:03.022Z"}
{"level":"debug","message":"[REGIME] BULL_TREND  candidate=BULL_TREND streak=0  (ADX 46.24)","timestamp":"2026-09-04T00:00:03.024Z"}
{"level":"debug","message":"[DRIFT] only 4 live trades (< 10) — not enough to judge (n=4, WR 50%)","timestamp":"2026-09-04T00:00:03.296Z"}
{"level":"debug","message":"[CYCLE] BTC/USDC: starting cycle, candles=1521 lastClose=81269.32000000 lastTs=2026-09-04T00:00:00.000Z","timestamp":"2026-09-04T00:00:04.395Z"}
{"level":"debug","message":"[AGG] BTC/USDC: strategy[0]=EMA → HOLD conf=0.20 \"No EMA crossover (fast 78297.8587 vs slow 76839.0518)\"","timestamp":"2026-09-04T00:00:04.400Z"}
{"level":"debug","message":"[AGG] BTC/USDC: strategy[1]=PSAR → BUY conf=0.85 \"PSAR flipped bullish ↑ — SAR 76235.4100 now below price 81268.7700\"","timestamp":"2026-09-04T00:00:04.400Z"}
{"level":"debug","message":"[AGG] BTC/USDC: strategy[2]=HeikinAshi → HOLD conf=0.15 \"HA bullish continuation\"","timestamp":"2026-09-04T00:00:04.400Z"}
{"level":"debug","message":"[AGG] BTC/USDC: votes BUY=0.85 SELL=0.00 HOLD=0.35 total_voters=3 external=0","timestamp":"2026-09-04T00:00:04.400Z"}
{"level":"debug","message":"[AGG] BTC/USDC: decision=HOLD confidence=0.28 tie=false belowMin=true (minConf=0.35750000000000004)","timestamp":"2026-09-04T00:00:04.400Z"}
{"level":"debug","message":"[CYCLE] LINK/USDC: starting cycle, candles=1521 lastClose=11.83200000 lastTs=2026-09-04T00:00:00.000Z","timestamp":"2026-09-04T00:00:04.442Z"}
{"level":"debug","message":"[AGG] LINK/USDC: strategy[0]=BollingerBands → HOLD conf=0.20 \"Price 11.8340 inside BB [10.9434–11.9124]\"","timestamp":"2026-09-04T00:00:04.467Z"}
{"level":"debug","message":"[AGG] LINK/USDC: strategy[1]=Stochastic → HOLD conf=0.20 \"Stoch K=80.4 D=43.2 — no crossover in extreme zone\"","timestamp":"2026-09-04T00:00:04.467Z"}
{"level":"debug","message":"[AGG] LINK/USDC: strategy[2]=Supertrend → HOLD conf=0.10 \"Supertrend uptrend continues (ST 10.3601)\"","timestamp":"2026-09-04T00:00:04.467Z"}
{"level":"debug","message":"[AGG] LINK/USDC: votes BUY=0.00 SELL=0.00 HOLD=0.50 total_voters=3 external=0","timestamp":"2026-09-04T00:00:04.468Z"}
{"level":"debug","message":"[AGG] LINK/USDC: decision=HOLD confidence=0.17 tie=false belowMin=true (minConf=0.45499999999999996)","timestamp":"2026-09-04T00:00:04.468Z"}
{"level":"debug","message":"[CYCLE] TRX/USDC: starting cycle, candles=1461 lastClose=0.33090000 lastTs=2026-09-04T00:00:00.000Z","timestamp":"2026-09-04T00:00:04.559Z"}
{"level":"debug","message":"[AGG] TRX/USDC: strategy[0]=CCI → HOLD conf=0.20 \"CCI -58.1 neutral\"","timestamp":"2026-09-04T00:00:04.583Z"}
{"level":"debug","message":"[AGG] TRX/USDC: strategy[1]=Stochastic → HOLD conf=0.20 \"Stoch K=44.5 D=30.6 — no crossover in extreme zone\"","timestamp":"2026-09-04T00:00:04.583Z"}
{"level":"debug","message":"[AGG] TRX/USDC: strategy[2]=StochRSI → HOLD conf=0.20 \"StochRSI K=57.7 D=39.8 — no extreme crossover\"","timestamp":"2026-09-04T00:00:04.583Z"}
{"level":"debug","message":"[AGG] TRX/USDC: votes BUY=0.00 SELL=0.00 HOLD=0.60 total_voters=3 external=0","timestamp":"2026-09-04T00:00:04.583Z"}
{"level":"debug","message":"[AGG] TRX/USDC: decision=HOLD confidence=0.20 tie=false belowMin=true (minConf=0.45499999999999996)","timestamp":"2026-09-04T00:00:04.583Z"}
{"level":"debug","message":"[CYCLE] ACH/USDC: starting cycle, candles=1001 lastClose=0.00534000 lastTs=2026-09-04T00:00:00.000Z","timestamp":"2026-09-04T00:00:04.590Z"}
{"level":"debug","message":"[AGG] ACH/USDC: strategy[0]=RSI → HOLD conf=0.51 \"RSI 70.5 overbought — still rising, wait\"","timestamp":"2026-09-04T00:00:04.602Z"}
{"level":"debug","message":"[AGG] ACH/USDC: strategy[1]=BollingerBands → SELL conf=0.73 \"Price 0.0053 ≥ upper BB 0.0052 (bw 9.7%)\"","timestamp":"2026-09-04T00:00:04.602Z"}
{"level":"debug","message":"[AGG] ACH/USDC: strategy[2]=CCI → HOLD conf=0.90 \"CCI 218.3 overbought — still rising, wait\"","timestamp":"2026-09-04T00:00:04.602Z"}
{"level":"debug","message":"[AGG] ACH/USDC: votes BUY=0.00 SELL=0.73 HOLD=1.41 total_voters=3 external=0","timestamp":"2026-09-04T00:00:04.602Z"}
{"level":"debug","message":"[AGG] ACH/USDC: decision=HOLD confidence=0.47 tie=false belowMin=false (minConf=0.45499999999999996)","timestamp":"2026-09-04T00:00:04.602Z"}
{"level":"debug","message":"[CYCLE] ENS/USDC: starting cycle, candles=1521 lastClose=5.74000000 lastTs=2026-09-04T00:00:00.000Z","timestamp":"2026-09-04T00:00:04.623Z"}
{"level":"debug","message":"[AGG] ENS/USDC: strategy[0]=BollingerBands → HOLD conf=0.20 \"Price 5.7400 inside BB [5.3437–6.0883]\"","timestamp":"2026-09-04T00:00:04.627Z"}
{"level":"debug","message":"[AGG] ENS/USDC: strategy[1]=PSAR → HOLD conf=0.10 \"PSAR downtrend continues (SAR 6.2333)\"","timestamp":"2026-09-04T00:00:04.627Z"}
{"level":"debug","message":"[AGG] ENS/USDC: strategy[2]=SupportResistance → HOLD conf=0.10 \"No significant S/R zone nearby\"","timestamp":"2026-09-04T00:00:04.627Z"}
{"level":"debug","message":"[AGG] ENS/USDC: votes BUY=0.00 SELL=0.00 HOLD=0.40 total_voters=3 external=0","timestamp":"2026-09-04T00:00:04.627Z"}
{"level":"debug","message":"[AGG] ENS/USDC: decision=HOLD confidence=0.13 tie=false belowMin=true (minConf=0.35750000000000004)","timestamp":"2026-09-04T00:00:04.627Z"}
{"level":"info","message":"[RISK] Day rollover — resetting daily stats (prev: pnl=0.00 trades=0)","timestamp":"2026-09-04T00:00:04.670Z"}
{"level":"debug","message":"[CYCLE] BTC/USDC: sizing positionPct=0.2829 (base=0.15 atr=0.03585244542691351 regime=on conf=0.28 macro=bull mtf=1.0)","timestamp":"2026-09-04T00:00:04.670Z"}
{"level":"info","message":"BTC/USDC: decision=HOLD confidence=28% price=81269.32000000 external_signals=0","timestamp":"2026-09-04T00:00:04.670Z"}
{"level":"info","message":"BTC/USDC: No EMA crossover (fast 78297.8587 vs slow 76839.0518) | PSAR flipped bullish ↑ — SAR 76235.4100 now below price 81268.7700 | HA bullish continuation","timestamp":"2026-09-04T00:00:04.671Z"}
{"level":"debug","message":"[CYCLE] JTO/USDC: starting cycle, candles=1521 lastClose=0.44720000 lastTs=2026-09-04T00:00:00.000Z","timestamp":"2026-09-04T00:00:04.673Z"}
{"level":"debug","message":"[AGG] JTO/USDC: strategy[0]=CCI → HOLD conf=0.20 \"CCI -59.0 neutral\"","timestamp":"2026-09-04T00:00:04.677Z"}
{"level":"debug","message":"[AGG] JTO/USDC: strategy[1]=PSAR → BUY conf=0.85 \"PSAR flipped bullish ↑ — SAR 0.4117 now below price 0.4473\"","timestamp":"2026-09-04T00:00:04.677Z"}
{"level":"debug","message":"[AGG] JTO/USDC: strategy[2]=SupportResistance → HOLD conf=0.10 \"No significant S/R zone nearby\"","timestamp":"2026-09-04T00:00:04.677Z"}
{"level":"debug","message":"[AGG] JTO/USDC: votes BUY=0.85 SELL=0.00 HOLD=0.30 total_voters=3 external=0","timestamp":"2026-09-04T00:00:04.677Z"}
{"level":"debug","message":"[AGG] JTO/USDC: decision=HOLD confidence=0.28 tie=false belowMin=true (minConf=0.35750000000000004)","timestamp":"2026-09-04T00:00:04.677Z"}
{"level":"debug","message":"[CYCLE] LDO/USDC: starting cycle, candles=1521 lastClose=0.39500000 lastTs=2026-09-04T00:00:00.000Z","timestamp":"2026-09-04T00:00:04.695Z"}
{"level":"debug","message":"[AGG] LDO/USDC: strategy[0]=MACD → BUY conf=0.85 \"MACD crossed above signal (above zero) ↑ hist:0.0011\"","timestamp":"2026-09-04T00:00:04.718Z"}
{"level":"debug","message":"[AGG] LDO/USDC: strategy[1]=ADX → BUY conf=0.81 \"ADX 41.2 uptrend (+DI 30.3 > -DI 8.5)\"","timestamp":"2026-09-04T00:00:04.718Z"}
{"level":"debug","message":"[AGG] LDO/USDC: strategy[2]=WilliamsR → SELL conf=0.67 \"%R -16.3 overbought ↓ reversal confirmed\"","timestamp":"2026-09-04T00:00:04.718Z"}
{"level":"debug","message":"[AGG] LDO/USDC: votes BUY=1.66 SELL=0.67 HOLD=0.00 total_voters=3 external=0","timestamp":"2026-09-04T00:00:04.718Z"}
{"level":"debug","message":"[AGG] LDO/USDC: decision=BUY confidence=0.55 tie=false","timestamp":"2026-09-04T00:00:04.718Z"}
{"level":"debug","message":"[CYCLE] MANTA/USDC: starting cycle, candles=1521 lastClose=0.05871000 lastTs=2026-09-04T00:00:00.000Z","timestamp":"2026-09-04T00:00:04.741Z"}
{"level":"debug","message":"[AGG] MANTA/USDC: strategy[0]=RSI → HOLD conf=0.20 \"RSI 51.2 neutral\"","timestamp":"2026-09-04T00:00:04.764Z"}
{"level":"debug","message":"[AGG] MANTA/USDC: strategy[1]=BollingerBands → HOLD conf=0.20 \"Price 0.0587 inside BB [0.0561–0.0611]\"","timestamp":"2026-09-04T00:00:04.764Z"}
{"level":"debug","message":"[AGG] MANTA/USDC: strategy[2]=CCI → HOLD conf=0.20 \"CCI -14.6 neutral\"","timestamp":"2026-09-04T00:00:04.764Z"}
{"level":"debug","message":"[AGG] MANTA/USDC: votes BUY=0.00 SELL=0.00 HOLD=0.60 total_voters=3 external=0","timestamp":"2026-09-04T00:00:04.764Z"}
{"level":"debug","message":"[AGG] MANTA/USDC: decision=HOLD confidence=0.20 tie=false belowMin=true (minConf=0.45499999999999996)","timestamp":"2026-09-04T00:00:04.764Z"}
{"level":"debug","message":"[CYCLE] PIXEL/USDC: starting cycle, candles=1521 lastClose=0.00501000 lastTs=2026-09-04T00:00:00.000Z","timestamp":"2026-09-04T00:00:04.776Z"}
{"level":"debug","message":"[AGG] PIXEL/USDC: strategy[0]=EMA → HOLD conf=0.20 \"No EMA crossover (fast 0.0049 vs slow 0.0049)\"","timestamp":"2026-09-04T00:00:04.784Z"}
{"level":"debug","message":"[AGG] PIXEL/USDC: strategy[1]=ADX → BUY conf=0.51 \"ADX 21.7 uptrend (+DI 23.4 > -DI 18.9)\"","timestamp":"2026-09-04T00:00:04.784Z"}
{"level":"debug","message":"[AGG] PIXEL/USDC: strategy[2]=SupportResistance → HOLD conf=0.10 \"No significant S/R zone nearby\"","timestamp":"2026-09-04T00:00:04.784Z"}
{"level":"debug","message":"[AGG] PIXEL/USDC: votes BUY=0.51 SELL=0.00 HOLD=0.30 total_voters=3 external=0","timestamp":"2026-09-04T00:00:04.784Z"}
{"level":"debug","message":"[AGG] PIXEL/USDC: decision=HOLD confidence=0.17 tie=false belowMin=true (minConf=0.35750000000000004)","timestamp":"2026-09-04T00:00:04.784Z"}
{"level":"debug","message":"[CYCLE] THETA/USDC: starting cycle, candles=1039 lastClose=0.17880000 lastTs=2026-09-04T00:00:00.000Z","timestamp":"2026-09-04T00:00:04.805Z"}
{"level":"debug","message":"[AGG] THETA/USDC: strategy[0]=RSI → HOLD conf=0.20 \"RSI 62.1 neutral\"","timestamp":"2026-09-04T00:00:04.809Z"}
{"level":"debug","message":"[AGG] THETA/USDC: strategy[1]=CCI → HOLD conf=0.20 \"CCI 45.0 neutral\"","timestamp":"2026-09-04T00:00:04.809Z"}
{"level":"debug","message":"[AGG] THETA/USDC: strategy[2]=OBV → HOLD conf=0.20 \"OBV above EMA-20 — no cross\"","timestamp":"2026-09-04T00:00:04.809Z"}
{"level":"debug","message":"[AGG] THETA/USDC: votes BUY=0.00 SELL=0.00 HOLD=0.60 total_voters=3 external=0","timestamp":"2026-09-04T00:00:04.809Z"}
{"level":"debug","message":"[AGG] THETA/USDC: decision=HOLD confidence=0.20 tie=false belowMin=true (minConf=0.35750000000000004)","timestamp":"2026-09-04T00:00:04.809Z"}
{"level":"debug","message":"[CYCLE] ADA/USDC: starting cycle, candles=1521 lastClose=0.22110000 lastTs=2026-09-04T00:00:00.000Z","timestamp":"2026-09-04T00:00:04.908Z"}
{"level":"debug","message":"[AGG] ADA/USDC: strategy[0]=RSI → HOLD conf=0.20 \"RSI 65.6 neutral\"","timestamp":"2026-09-04T00:00:04.919Z"}
{"level":"debug","message":"[AGG] ADA/USDC: strategy[1]=BollingerBands → SELL conf=0.52 \"Price 0.2212 ≥ upper BB 0.2206 (bw 15.3%)\"","timestamp":"2026-09-04T00:00:04.919Z"}
{"level":"debug","message":"[AGG] ADA/USDC: strategy[2]=CCI → HOLD conf=0.61 \"CCI 126.5 overbought — still rising, wait\"","timestamp":"2026-09-04T00:00:04.919Z"}
{"level":"debug","message":"[AGG] ADA/USDC: votes BUY=0.00 SELL=0.52 HOLD=0.81 total_voters=3 external=0","timestamp":"2026-09-04T00:00:04.920Z"}
{"level":"debug","message":"[AGG] ADA/USDC: decision=HOLD confidence=0.27 tie=false belowMin=true (minConf=0.35750000000000004)","timestamp":"2026-09-04T00:00:04.920Z"}
{"level":"debug","message":"[CYCLE] LINK/USDC: sizing positionPct=0.1631 (base=0.15 atr=0.03585244542691351 regime=on conf=0.17 macro=bull mtf=1.0)","timestamp":"2026-09-04T00:00:04.931Z"}
{"level":"info","message":"LINK/USDC: decision=HOLD confidence=17% price=11.83200000 external_signals=0","timestamp":"2026-09-04T00:00:04.931Z"}
{"level":"info","message":"LINK/USDC: Price 11.8340 inside BB [10.9434–11.9124] | Stoch K=80.4 D=43.2 — no crossover in extreme zone | Supertrend uptrend continues (ST 10.3601)","timestamp":"2026-09-04T00:00:04.931Z"}
{"level":"debug","message":"[CYCLE] ETH/USDC: starting cycle, candles=1521 lastClose=2507.75000000 lastTs=2026-09-04T00:00:00.000Z","timestamp":"2026-09-04T00:00:04.964Z"}
{"level":"debug","message":"[AGG] ETH/USDC: strategy[0]=Supertrend → HOLD conf=0.10 \"Supertrend uptrend continues (ST 2282.1583)\"","timestamp":"2026-09-04T00:00:04.973Z"}
{"level":"debug","message":"[AGG] ETH/USDC: strategy[1]=MFI → HOLD conf=0.20 \"MFI 40.5 neutral\"","timestamp":"2026-09-04T00:00:04.973Z"}
{"level":"debug","message":"[AGG] ETH/USDC: strategy[2]=SupportResistance → HOLD conf=0.10 \"No significant S/R zone nearby\"","timestamp":"2026-09-04T00:00:04.973Z"}
{"level":"debug","message":"[AGG] ETH/USDC: votes BUY=0.00 SELL=0.00 HOLD=0.40 total_voters=3 external=0","timestamp":"2026-09-04T00:00:04.973Z"}
{"level":"debug","message":"[AGG] ETH/USDC: decision=HOLD confidence=0.13 tie=false belowMin=true (minConf=0.35750000000000004)","timestamp":"2026-09-04T00:00:04.973Z"}
{"level":"debug","message":"[CYCLE] AVAX/USDC: starting cycle, candles=1521 lastClose=7.52300000 lastTs=2026-09-04T00:00:00.000Z","timestamp":"2026-09-04T00:00:04.978Z"}
{"level":"debug","message":"[AGG] AVAX/USDC: strategy[0]=RSI → HOLD conf=0.20 \"RSI 60.7 neutral\"","timestamp":"2026-09-04T00:00:04.983Z"}
{"level":"debug","message":"[AGG] AVAX/USDC: strategy[1]=MACD → HOLD conf=0.20 \"MACD 0.0561 vs signal 0.0745 hist:-0.0184\"","timestamp":"2026-09-04T00:00:04.983Z"}
{"level":"debug","message":"[AGG] AVAX/USDC: strategy[2]=PSAR → HOLD conf=0.10 \"PSAR downtrend continues (SAR 7.5892)\"","timestamp":"2026-09-04T00:00:04.983Z"}
{"level":"debug","message":"[AGG] AVAX/USDC: votes BUY=0.00 SELL=0.00 HOLD=0.50 total_voters=3 external=0","timestamp":"2026-09-04T00:00:04.983Z"}
{"level":"debug","message":"[AGG] AVAX/USDC: decision=HOLD confidence=0.17 tie=false belowMin=true (minConf=0.35750000000000004)","timestamp":"2026-09-04T00:00:04.983Z"}
{"level":"debug","message":"[CYCLE] PEPE/USDC: starting cycle, candles=1521 lastClose=0.00000371 lastTs=2026-09-04T00:00:00.000Z","timestamp":"2026-09-04T00:00:05.010Z"}
{"level":"debug","message":"[AGG] PEPE/USDC: strategy[0]=EMA → HOLD conf=0.20 \"No EMA crossover (fast 0.0000 vs slow 0.0000)\"","timestamp":"2026-09-04T00:00:05.012Z"}
{"level":"debug","message":"[AGG] PEPE/USDC: strategy[1]=Supertrend → HOLD conf=0.10 \"Supertrend uptrend continues (ST 0.0000)\"","timestamp":"2026-09-04T00:00:05.012Z"}
{"level":"debug","message":"[AGG] PEPE/USDC: strategy[2]=OBV → BUY conf=0.57 \"OBV crossed above EMA-20 — volume buyers in control\"","timestamp":"2026-09-04T00:00:05.013Z"}
{"level":"debug","message":"[AGG] PEPE/USDC: votes BUY=0.57 SELL=0.00 HOLD=0.30 total_voters=3 external=0","timestamp":"2026-09-04T00:00:05.013Z"}
{"level":"debug","message":"[AGG] PEPE/USDC: decision=HOLD confidence=0.19 tie=false belowMin=true (minConf=0.35750000000000004)","timestamp":"2026-09-04T00:00:05.013Z"}
{"level":"warn","message":"TON/USDC: candle series stale (newest bar 66.0d old) — skipping cycle","timestamp":"2026-09-04T00:00:05.021Z"}
{"level":"debug","message":"[CYCLE] LTC/USDC: starting cycle, candles=1521 lastClose=51.50000000 lastTs=2026-09-04T00:00:00.000Z","timestamp":"2026-09-04T00:00:05.023Z"}
{"level":"debug","message":"[AGG] LTC/USDC: strategy[0]=BollingerBands → SELL conf=0.51 \"Price 51.5000 ≥ upper BB 51.4521 (bw 7.5%)\"","timestamp":"2026-09-04T00:00:05.037Z"}
{"level":"debug","message":"[AGG] LTC/USDC: strategy[1]=EMA → HOLD conf=0.20 \"No EMA crossover (fast 49.7807 vs slow 49.3407)\"","timestamp":"2026-09-04T00:00:05.037Z"}
{"level":"debug","message":"[AGG] LTC/USDC: strategy[2]=WilliamsR → SELL conf=0.83 \"%R -8.5 overbought ↓ reversal confirmed\"","timestamp":"2026-09-04T00:00:05.037Z"}
{"level":"debug","message":"[AGG] LTC/USDC: votes BUY=0.00 SELL=1.34 HOLD=0.20 total_voters=3 external=0","timestamp":"2026-09-04T00:00:05.037Z"}
{"level":"debug","message":"[AGG] LTC/USDC: decision=HOLD (multi-bar confirmation) winner=SELL conf=0.45 < borderlineCeiling=0.46 prev=HOLD","timestamp":"2026-09-04T00:00:05.037Z"}
{"level":"debug","message":"[CYCLE] RENDER/USDC: starting cycle, candles=1521 lastClose=1.47100000 lastTs=2026-09-04T00:00:00.000Z","timestamp":"2026-09-04T00:00:05.042Z"}
{"level":"debug","message":"[AGG] RENDER/USDC: strategy[0]=EMA → HOLD conf=0.20 \"No EMA crossover (fast 1.4415 vs slow 1.4367)\"","timestamp":"2026-09-04T00:00:05.046Z"}
{"level":"debug","message":"[AGG] RENDER/USDC: strategy[1]=OBV → HOLD conf=0.20 \"OBV above EMA-20 — no cross\"","timestamp":"2026-09-04T00:00:05.046Z"}
{"level":"debug","message":"[AGG] RENDER/USDC: strategy[2]=WilliamsR → HOLD conf=0.20 \"%R -48.3 neutral\"","timestamp":"2026-09-04T00:00:05.046Z"}
{"level":"debug","message":"[AGG] RENDER/USDC: votes BUY=0.00 SELL=0.00 HOLD=0.60 total_voters=3 external=0","timestamp":"2026-09-04T00:00:05.047Z"}
{"level":"debug","message":"[AGG] RENDER/USDC: decision=HOLD confidence=0.20 tie=false belowMin=true (minConf=0.35750000000000004)","timestamp":"2026-09-04T00:00:05.047Z"}
{"level":"debug","message":"[CYCLE] NEAR/USDC: starting cycle, candles=1521 lastClose=1.95500000 lastTs=2026-09-04T00:00:00.000Z","timestamp":"2026-09-04T00:00:05.056Z"}
{"level":"debug","message":"[AGG] NEAR/USDC: strategy[0]=RSI → HOLD conf=0.20 \"RSI 58.1 neutral\"","timestamp":"2026-09-04T00:00:05.064Z"}
{"level":"debug","message":"[AGG] NEAR/USDC: strategy[1]=BollingerBands → HOLD conf=0.20 \"Price 1.9550 inside BB [1.7954–1.9697]\"","timestamp":"2026-09-04T00:00:05.064Z"}
{"level":"debug","message":"[AGG] NEAR/USDC: strategy[2]=Stochastic → HOLD conf=0.20 \"Stoch K=65.7 D=50.4 — no crossover in extreme zone\"","timestamp":"2026-09-04T00:00:05.064Z"}
{"level":"debug","message":"[AGG] NEAR/USDC: strategy[3]=SupportResistance → HOLD conf=0.10 \"No significant S/R zone nearby\"","timestamp":"2026-09-04T00:00:05.064Z"}
{"level":"debug","message":"[AGG] NEAR/USDC: votes BUY=0.00 SELL=0.00 HOLD=0.70 total_voters=4 external=0","timestamp":"2026-09-04T00:00:05.064Z"}
{"level":"debug","message":"[AGG] NEAR/USDC: decision=HOLD confidence=0.17 tie=false belowMin=true (minConf=0.45499999999999996)","timestamp":"2026-09-04T00:00:05.064Z"}
{"level":"debug","message":"[CYCLE] ENA/USDC: starting cycle, candles=1521 lastClose=0.16850000 lastTs=2026-09-04T00:00:00.000Z","timestamp":"2026-09-04T00:00:05.067Z"}
{"level":"debug","message":"[AGG] ENA/USDC: strategy[0]=RSI → HOLD conf=0.20 \"RSI 62.6 neutral\"","timestamp":"2026-09-04T00:00:05.081Z"}
{"level":"debug","message":"[AGG] ENA/USDC: strategy[1]=BollingerBands → HOLD conf=0.20 \"Price 0.1685 inside BB [0.1383–0.1711]\"","timestamp":"2026-09-04T00:00:05.082Z"}
{"level":"debug","message":"[AGG] ENA/USDC: strategy[2]=CCI → HOLD conf=0.61 \"CCI 127.8 overbought — still rising, wait\"","timestamp":"2026-09-04T00:00:05.082Z"}
{"level":"debug","message":"[AGG] ENA/USDC: votes BUY=0.00 SELL=0.00 HOLD=1.01 total_voters=3 external=0","timestamp":"2026-09-04T00:00:05.082Z"}
{"level":"debug","message":"[AGG] ENA/USDC: decision=HOLD confidence=0.34 tie=false belowMin=true (minConf=0.35750000000000004)","timestamp":"2026-09-04T00:00:05.082Z"}
{"level":"debug","message":"[CYCLE] ICP/USDC: starting cycle, candles=1521 lastClose=2.51600000 lastTs=2026-09-04T00:00:00.000Z","timestamp":"2026-09-04T00:00:05.094Z"}
{"level":"debug","message":"[AGG] ICP/USDC: strategy[0]=RSI → HOLD conf=0.20 \"RSI 61.1 neutral\"","timestamp":"2026-09-04T00:00:05.100Z"}
{"level":"debug","message":"[AGG] ICP/USDC: strategy[1]=BollingerBands → HOLD conf=0.20 \"Price 2.5160 inside BB [2.3461–2.5250]\"","timestamp":"2026-09-04T00:00:05.100Z"}
{"level":"debug","message":"[AGG] ICP/USDC: strategy[2]=Stochastic → HOLD conf=0.20 \"Stoch K=72.5 D=63.4 — no crossover in extreme zone\"","timestamp":"2026-09-04T00:00:05.100Z"}
{"level":"debug","message":"[AGG] ICP/USDC: votes BUY=0.00 SELL=0.00 HOLD=0.60 total_voters=3 external=0","timestamp":"2026-09-04T00:00:05.100Z"}
{"level":"debug","message":"[AGG] ICP/USDC: decision=HOLD confidence=0.20 tie=false belowMin=true (minConf=0.35750000000000004)","timestamp":"2026-09-04T00:00:05.100Z"}
{"level":"debug","message":"[CYCLE] TRX/USDC: sizing positionPct=0.2820 (base=0.15 atr=0.03585244542691351 regime=on conf=0.20 macro=bull mtf=1.0)","timestamp":"2026-09-04T00:00:05.118Z"}
{"level":"info","message":"TRX/USDC: decision=HOLD confidence=20% price=0.33090000 external_signals=0","timestamp":"2026-09-04T00:00:05.118Z"}
{"level":"info","message":"TRX/USDC: CCI -58.1 neutral | Stoch K=44.5 D=30.6 — no crossover in extreme zone | StochRSI K=57.7 D=39.8 — no extreme crossover","timestamp":"2026-09-04T00:00:05.118Z"}
{"level":"debug","message":"[CYCLE] CRV/USDC: starting cycle, candles=1521 lastClose=0.36500000 lastTs=2026-09-04T00:00:00.000Z","timestamp":"2026-09-04T00:00:05.122Z"}
{"level":"debug","message":"[AGG] CRV/USDC: strategy[0]=ADX → BUY conf=0.71 \"ADX 30.8 uptrend (+DI 35.0 > -DI 10.4)\"","timestamp":"2026-09-04T00:00:05.142Z"}
{"level":"debug","message":"[AGG] CRV/USDC: strategy[1]=StochRSI → SELL conf=0.55 \"StochRSI K=78.0 crossed below D=82.7 in overbought ↓\"","timestamp":"2026-09-04T00:00:05.143Z"}
{"level":"debug","message":"[AGG] CRV/USDC: strategy[2]=SupportResistance → HOLD conf=0.10 \"No significant S/R zone nearby\"","timestamp":"2026-09-04T00:00:05.143Z"}
{"level":"debug","message":"[AGG] CRV/USDC: votes BUY=0.71 SELL=0.55 HOLD=0.10 total_voters=3 external=0","timestamp":"2026-09-04T00:00:05.143Z"}
{"level":"debug","message":"[AGG] CRV/USDC: decision=HOLD confidence=0.24 tie=false belowMin=true (minConf=0.35750000000000004)","timestamp":"2026-09-04T00:00:05.143Z"}
{"level":"debug","message":"[CYCLE] JUP/USDC: starting cycle, candles=1521 lastClose=0.22900000 lastTs=2026-09-04T00:00:00.000Z","timestamp":"2026-09-04T00:00:05.146Z"}
{"level":"debug","message":"[AGG] JUP/USDC: strategy[0]=BollingerBands → HOLD conf=0.20 \"Price 0.2291 inside BB [0.2035–0.2372]\"","timestamp":"2026-09-04T00:00:05.153Z"}
{"level":"debug","message":"[AGG] JUP/USDC: strategy[1]=CCI → HOLD conf=0.63 \"CCI 133.3 overbought — still rising, wait\"","timestamp":"2026-09-04T00:00:05.153Z"}
{"level":"debug","message":"[AGG] JUP/USDC: strategy[2]=OBV → HOLD conf=0.20 \"OBV above EMA-20 — no cross\"","timestamp":"2026-09-04T00:00:05.153Z"}
{"level":"debug","message":"[AGG] JUP/USDC: votes BUY=0.00 SELL=0.00 HOLD=1.03 total_voters=3 external=0","timestamp":"2026-09-04T00:00:05.153Z"}
{"level":"debug","message":"[AGG] JUP/USDC: decision=HOLD confidence=0.34 tie=false belowMin=true (minConf=0.35750000000000004)","timestamp":"2026-09-04T00:00:05.153Z"}
{"level":"debug","message":"[CYCLE] WLD/USDC: starting cycle, candles=1521 lastClose=0.39530000 lastTs=2026-09-04T00:00:00.000Z","timestamp":"2026-09-04T00:00:05.156Z"}
{"level":"debug","message":"[AGG] WLD/USDC: strategy[0]=BollingerBands → HOLD conf=0.20 \"Price 0.3953 inside BB [0.3478–0.4160]\"","timestamp":"2026-09-04T00:00:05.168Z"}
{"level":"debug","message":"[AGG] WLD/USDC: strategy[1]=CCI → HOLD conf=0.20 \"CCI 49.4 neutral\"","timestamp":"2026-09-04T00:00:05.169Z"}
{"level":"debug","message":"[AGG] WLD/USDC: strategy[2]=ADX → HOLD conf=0.10 \"ADX 24.2 < 25 — ranging, skip\"","timestamp":"2026-09-04T00:00:05.169Z"}
{"level":"debug","message":"[AGG] WLD/USDC: votes BUY=0.00 SELL=0.00 HOLD=0.50 total_voters=3 external=0","timestamp":"2026-09-04T00:00:05.169Z"}
{"level":"debug","message":"[AGG] WLD/USDC: decision=HOLD confidence=0.17 tie=false belowMin=true (minConf=0.35750000000000004)","timestamp":"2026-09-04T00:00:05.169Z"}
{"level":"warn","message":"LSK/USDC: candle series stale (newest bar 84.0d old) — skipping cycle","timestamp":"2026-09-04T00:00:05.203Z"}
{"level":"warn","message":"GMX/USDC: candle series stale (newest bar 56.0d old) — skipping cycle","timestamp":"2026-09-04T00:00:05.217Z"}
{"level":"debug","message":"[CYCLE] ACH/USDC: sizing positionPct=0.1354 (base=0.15 atr=0.03585244542691351 regime=on conf=0.47 macro=bull mtf=1.0)","timestamp":"2026-09-04T00:00:05.331Z"}
{"level":"info","message":"ACH/USDC: decision=HOLD confidence=47% price=0.00534000 external_signals=0","timestamp":"2026-09-04T00:00:05.331Z"}
{"level":"info","message":"ACH/USDC: RSI 70.5 overbought — still rising, wait | Price 0.0053 ≥ upper BB 0.0052 (bw 9.7%) | CCI 218.3 overbought — still rising, wait","timestamp":"2026-09-04T00:00:05.331Z"}
{"level":"debug","message":"[CYCLE] SOL/USDC: starting cycle, candles=1521 lastClose=103.95000000 lastTs=2026-09-04T00:00:00.000Z","timestamp":"2026-09-04T00:00:05.360Z"}
{"level":"debug","message":"[AGG] SOL/USDC: strategy[0]=BollingerBands → HOLD conf=0.20 \"Price 103.9600 inside BB [96.0261–108.4929]\"","timestamp":"2026-09-04T00:00:05.371Z"}
{"level":"debug","message":"[AGG] SOL/USDC: strategy[1]=WilliamsR → HOLD conf=0.20 \"%R -48.3 neutral\"","timestamp":"2026-09-04T00:00:05.371Z"}
{"level":"debug","message":"[AGG] SOL/USDC: strategy[2]=StochRSI → HOLD conf=0.20 \"StochRSI K=41.4 D=22.6 — no extreme crossover\"","timestamp":"2026-09-04T00:00:05.371Z"}
{"level":"debug","message":"[AGG] SOL/USDC: votes BUY=0.00 SELL=0.00 HOLD=0.60 total_voters=3 external=0","timestamp":"2026-09-04T00:00:05.371Z"}
{"level":"debug","message":"[AGG] SOL/USDC: decision=HOLD confidence=0.20 tie=false belowMin=true (minConf=0.35750000000000004)","timestamp":"2026-09-04T00:00:05.371Z"}
{"level":"debug","message":"[CYCLE] ENS/USDC: sizing positionPct=0.0956 (base=0.15 atr=0.03585244542691351 regime=on conf=0.13 macro=bull mtf=1.0)","timestamp":"2026-09-04T00:00:05.520Z"}
{"level":"info","message":"ENS/USDC: decision=HOLD confidence=13% price=5.74000000 external_signals=0","timestamp":"2026-09-04T00:00:05.520Z"}
{"level":"info","message":"ENS/USDC: Price 5.7400 inside BB [5.3437–6.0883] | PSAR downtrend continues (SAR 6.2333) | No significant S/R zone nearby","timestamp":"2026-09-04T00:00:05.520Z"}
{"level":"debug","message":"[CYCLE] BCH/USDC: starting cycle, candles=1521 lastClose=256.50000000 lastTs=2026-09-04T00:00:00.000Z","timestamp":"2026-09-04T00:00:05.598Z"}
{"level":"debug","message":"[AGG] BCH/USDC: strategy[0]=BollingerBands → HOLD conf=0.20 \"Price 256.5000 inside BB [233.7794–274.7806]\"","timestamp":"2026-09-04T00:00:05.603Z"}
{"level":"debug","message":"[AGG] BCH/USDC: strategy[1]=OBV → BUY conf=0.56 \"OBV crossed above EMA-20 — volume buyers in control\"","timestamp":"2026-09-04T00:00:05.603Z"}
{"level":"debug","message":"[AGG] BCH/USDC: strategy[2]=WilliamsR → HOLD conf=0.20 \"%R -47.9 neutral\"","timestamp":"2026-09-04T00:00:05.603Z"}
{"level":"debug","message":"[AGG] BCH/USDC: votes BUY=0.56 SELL=0.00 HOLD=0.40 total_voters=3 external=0","timestamp":"2026-09-04T00:00:05.603Z"}
{"level":"debug","message":"[AGG] BCH/USDC: decision=HOLD confidence=0.19 tie=false belowMin=true (minConf=0.35750000000000004)","timestamp":"2026-09-04T00:00:05.603Z"}
{"level":"debug","message":"[CYCLE] INJ/USDC: starting cycle, candles=1521 lastClose=4.96900000 lastTs=2026-09-04T00:00:00.000Z","timestamp":"2026-09-04T00:00:05.613Z"}
{"level":"debug","message":"[AGG] INJ/USDC: strategy[0]=ADX → HOLD conf=0.10 \"ADX 17.5 < 25 — ranging, skip\"","timestamp":"2026-09-04T00:00:05.621Z"}
{"level":"debug","message":"[AGG] INJ/USDC: strategy[1]=OBV → HOLD conf=0.20 \"OBV below EMA-20 — no cross\"","timestamp":"2026-09-04T00:00:05.621Z"}
{"level":"debug","message":"[AGG] INJ/USDC: strategy[2]=StochRSI → HOLD conf=0.20 \"StochRSI K=46.0 D=27.4 — no extreme crossover\"","timestamp":"2026-09-04T00:00:05.621Z"}
{"level":"debug","message":"[AGG] INJ/USDC: votes BUY=0.00 SELL=0.00 HOLD=0.50 total_voters=3 external=0","timestamp":"2026-09-04T00:00:05.621Z"}
{"level":"debug","message":"[AGG] INJ/USDC: decision=HOLD confidence=0.17 tie=false belowMin=true (minConf=0.35750000000000004)","timestamp":"2026-09-04T00:00:05.621Z"}
{"level":"debug","message":"[CYCLE] APT/USDC: starting cycle, candles=1521 lastClose=0.60400000 lastTs=2026-09-04T00:00:00.000Z","timestamp":"2026-09-04T00:00:05.623Z"}
{"level":"debug","message":"[AGG] APT/USDC: strategy[0]=BollingerBands → HOLD conf=0.20 \"Price 0.6040 inside BB [0.5096–0.6086]\"","timestamp":"2026-09-04T00:00:05.634Z"}
{"level":"debug","message":"[AGG] APT/USDC: strategy[1]=Stochastic → HOLD conf=0.20 \"Stoch K=79.8 D=85.6 — no crossover in extreme zone\"","timestamp":"2026-09-04T00:00:05.634Z"}
{"level":"debug","message":"[AGG] APT/USDC: strategy[2]=MFI → HOLD conf=0.20 \"MFI 72.6 neutral\"","timestamp":"2026-09-04T00:00:05.634Z"}
{"level":"debug","message":"[AGG] APT/USDC: votes BUY=0.00 SELL=0.00 HOLD=0.60 total_voters=3 external=0","timestamp":"2026-09-04T00:00:05.634Z"}
{"level":"debug","message":"[AGG] APT/USDC: decision=HOLD confidence=0.20 tie=false belowMin=true (minConf=0.35750000000000004)","timestamp":"2026-09-04T00:00:05.634Z"}
{"level":"info","message":"BTC/USDC: live balance=134.49 pnl=0.00 open_positions=2 daily_pnl=0.00 blocked=false","timestamp":"2026-09-04T00:00:05.718Z"}
{"level":"debug","message":"[CYCLE] TIA/USDC: starting cycle, candles=1521 lastClose=0.36680000 lastTs=2026-09-04T00:00:00.000Z","timestamp":"2026-09-04T00:00:05.835Z"}
{"level":"debug","message":"[AGG] TIA/USDC: strategy[0]=CCI → HOLD conf=0.58 \"CCI 120.7 overbought — still rising, wait\"","timestamp":"2026-09-04T00:00:05.843Z"}
{"level":"debug","message":"[AGG] TIA/USDC: strategy[1]=MACD → HOLD conf=0.20 \"MACD 0.0039 vs signal 0.0020 hist:0.0018\"","timestamp":"2026-09-04T00:00:05.843Z"}
{"level":"debug","message":"[AGG] TIA/USDC: strategy[2]=HeikinAshi → HOLD conf=0.15 \"HA bullish continuation\"","timestamp":"2026-09-04T00:00:05.843Z"}
{"level":"debug","message":"[AGG] TIA/USDC: votes BUY=0.00 SELL=0.00 HOLD=0.93 total_voters=3 external=0","timestamp":"2026-09-04T00:00:05.843Z"}
{"level":"debug","message":"[AGG] TIA/USDC: decision=HOLD confidence=0.31 tie=false belowMin=true (minConf=0.35750000000000004)","timestamp":"2026-09-04T00:00:05.843Z"}
{"level":"debug","message":"[CYCLE] PAXG/USDC: starting cycle, candles=1015 lastClose=4482.40000000 lastTs=2026-09-04T00:00:00.000Z","timestamp":"2026-09-04T00:00:05.845Z"}
{"level":"debug","message":"[AGG] PAXG/USDC: strategy[0]=MACD → HOLD conf=0.20 \"MACD -22.6235 vs signal -12.8692 hist:-9.7543\"","timestamp":"2026-09-04T00:00:05.847Z"}
{"level":"debug","message":"[AGG] PAXG/USDC: strategy[1]=ADX → BUY conf=0.57 \"ADX 32.5 uptrend (+DI 28.7 > -DI 27.2)\"","timestamp":"2026-09-04T00:00:05.847Z"}
{"level":"debug","message":"[AGG] PAXG/USDC: strategy[2]=Supertrend → BUY conf=0.90 \"Supertrend flipped bullish ↑ (ST 4312.8641)\"","timestamp":"2026-09-04T00:00:05.847Z"}
{"level":"debug","message":"[AGG] PAXG/USDC: votes BUY=1.47 SELL=0.00 HOLD=0.20 total_voters=3 external=0","timestamp":"2026-09-04T00:00:05.848Z"}
{"level":"debug","message":"[AGG] PAXG/USDC: decision=BUY confidence=0.49 tie=false","timestamp":"2026-09-04T00:00:05.848Z"}
{"level":"warn","message":"VANRY/USDC: candle series stale (newest bar 18.0d old) — skipping cycle","timestamp":"2026-09-04T00:00:05.850Z"}
{"level":"debug","message":"[CYCLE] JTO/USDC: sizing positionPct=0.1152 (base=0.15 atr=0.03585244542691351 regime=on conf=0.28 macro=bull mtf=1.0)","timestamp":"2026-09-04T00:00:05.918Z"}
{"level":"info","message":"JTO/USDC: decision=HOLD confidence=28% price=0.44720000 external_signals=0","timestamp":"2026-09-04T00:00:05.918Z"}
{"level":"info","message":"JTO/USDC: CCI -59.0 neutral | PSAR flipped bullish ↑ — SAR 0.4117 now below price 0.4473 | No significant S/R zone nearby","timestamp":"2026-09-04T00:00:05.919Z"}
{"level":"debug","message":"[CYCLE] DOGE/USDC: starting cycle, candles=1521 lastClose=0.08781000 lastTs=2026-09-04T00:00:00.000Z","timestamp":"2026-09-04T00:00:05.920Z"}
{"level":"debug","message":"[AGG] DOGE/USDC: strategy[0]=EMA → HOLD conf=0.20 \"No EMA crossover (fast 0.0840 vs slow 0.0835)\"","timestamp":"2026-09-04T00:00:05.922Z"}
{"level":"debug","message":"[AGG] DOGE/USDC: strategy[1]=PSAR → BUY conf=0.85 \"PSAR flipped bullish ↑ — SAR 0.0800 now below price 0.0878\"","timestamp":"2026-09-04T00:00:05.922Z"}
{"level":"debug","message":"[AGG] DOGE/USDC: strategy[2]=HeikinAshi → HOLD conf=0.15 \"HA bullish continuation\"","timestamp":"2026-09-04T00:00:05.922Z"}
{"level":"debug","message":"[AGG] DOGE/USDC: votes BUY=0.85 SELL=0.00 HOLD=0.35 total_voters=3 external=0","timestamp":"2026-09-04T00:00:05.922Z"}
{"level":"debug","message":"[AGG] DOGE/USDC: decision=HOLD confidence=0.28 tie=false belowMin=true (minConf=0.35750000000000004)","timestamp":"2026-09-04T00:00:05.922Z"}
{"level":"debug","message":"[CYCLE] XRP/USDC: starting cycle, candles=1521 lastClose=1.45130000 lastTs=2026-09-04T00:00:00.000Z","timestamp":"2026-09-04T00:00:05.924Z"}
{"level":"debug","message":"[AGG] XRP/USDC: strategy[0]=BollingerBands → HOLD conf=0.20 \"Price 1.4513 inside BB [1.3200–1.4743]\"","timestamp":"2026-09-04T00:00:05.935Z"}
{"level":"debug","message":"[AGG] XRP/USDC: strategy[1]=Stochastic → HOLD conf=0.20 \"Stoch K=81.4 D=48.3 — no crossover in extreme zone\"","timestamp":"2026-09-04T00:00:05.935Z"}
{"level":"debug","message":"[AGG] XRP/USDC: strategy[2]=EMA → HOLD conf=0.20 \"No EMA crossover (fast 1.3832 vs slow 1.3578)\"","timestamp":"2026-09-04T00:00:05.935Z"}
{"level":"debug","message":"[AGG] XRP/USDC: votes BUY=0.00 SELL=0.00 HOLD=0.60 total_voters=3 external=0","timestamp":"2026-09-04T00:00:05.935Z"}
{"level":"debug","message":"[AGG] XRP/USDC: decision=HOLD confidence=0.20 tie=false belowMin=true (minConf=0.35750000000000004)","timestamp":"2026-09-04T00:00:05.935Z"}
{"level":"info","message":"LDO/USDC: BUY suppressed — MTF misaligned (15m: 29% green < 30% required)","timestamp":"2026-09-04T00:00:06.120Z"}
{"level":"debug","message":"[CYCLE] LDO/USDC: sizing positionPct=0.1548 (base=0.15 atr=0.03585244542691351 regime=on conf=0.55 macro=bull mtf=1.0)","timestamp":"2026-09-04T00:00:06.122Z"}
{"level":"info","message":"LDO/USDC: trade blocked - MTF misaligned (15m: 29% green < 30% required)","timestamp":"2026-09-04T00:00:06.122Z"}
{"level":"info","message":"LDO/USDC: decision=BUY confidence=55% price=0.39500000 external_signals=0","timestamp":"2026-09-04T00:00:06.122Z"}
{"level":"info","message":"LDO/USDC: MACD crossed above signal (above zero) ↑ hist:0.0011 | ADX 41.2 uptrend (+DI 30.3 > -DI 8.5) | %R -16.3 overbought ↓ reversal confirmed","timestamp":"2026-09-04T00:00:06.122Z"}
{"level":"debug","message":"[CYCLE] SUI/USDC: starting cycle, candles=1521 lastClose=0.78330000 lastTs=2026-09-04T00:00:00.000Z","timestamp":"2026-09-04T00:00:06.278Z"}
{"level":"debug","message":"[AGG] SUI/USDC: strategy[0]=RSI → HOLD conf=0.20 \"RSI 59.6 neutral\"","timestamp":"2026-09-04T00:00:06.282Z"}
{"level":"debug","message":"[AGG] SUI/USDC: strategy[1]=Stochastic → HOLD conf=0.20 \"Stoch K=82.7 D=65.8 — no crossover in extreme zone\"","timestamp":"2026-09-04T00:00:06.282Z"}
{"level":"debug","message":"[AGG] SUI/USDC: strategy[2]=MFI → HOLD conf=0.20 \"MFI 49.6 neutral\"","timestamp":"2026-09-04T00:00:06.282Z"}
{"level":"debug","message":"[AGG] SUI/USDC: votes BUY=0.00 SELL=0.00 HOLD=0.60 total_voters=3 external=0","timestamp":"2026-09-04T00:00:06.282Z"}
{"level":"debug","message":"[AGG] SUI/USDC: decision=HOLD confidence=0.20 tie=false belowMin=true (minConf=0.45499999999999996)","timestamp":"2026-09-04T00:00:06.282Z"}
{"level":"debug","message":"[CYCLE] MANTA/USDC: sizing positionPct=0.1412 (base=0.15 atr=0.03585244542691351 regime=on conf=0.20 macro=bull mtf=1.0)","timestamp":"2026-09-04T00:00:06.399Z"}
{"level":"info","message":"MANTA/USDC: decision=HOLD confidence=20% price=0.05871000 external_signals=0","timestamp":"2026-09-04T00:00:06.399Z"}
{"level":"info","message":"MANTA/USDC: RSI 51.2 neutral | Price 0.0587 inside BB [0.0561–0.0611] | CCI -14.6 neutral","timestamp":"2026-09-04T00:00:06.400Z"}
{"level":"debug","message":"[CYCLE] BNB/USDC: starting cycle, candles=1521 lastClose=725.27000000 lastTs=2026-09-04T00:00:00.000Z","timestamp":"2026-09-04T00:00:06.495Z"}
{"level":"debug","message":"[AGG] BNB/USDC: strategy[0]=WilliamsR → HOLD conf=0.80 \"%R -5.2 overbought — still rising, wait\"","timestamp":"2026-09-04T00:00:06.496Z"}
{"level":"debug","message":"[AGG] BNB/USDC: strategy[1]=HeikinAshi → HOLD conf=0.15 \"HA bullish continuation\"","timestamp":"2026-09-04T00:00:06.496Z"}
{"level":"debug","message":"[AGG] BNB/USDC: strategy[2]=SupportResistance → SELL conf=0.62 \"Resistance 730.8567 (3×)\"","timestamp":"2026-09-04T00:00:06.496Z"}
{"level":"debug","message":"[AGG] BNB/USDC: votes BUY=0.00 SELL=0.62 HOLD=0.95 total_voters=3 external=0","timestamp":"2026-09-04T00:00:06.496Z"}
{"level":"debug","message":"[AGG] BNB/USDC: decision=HOLD confidence=0.32 tie=false belowMin=true (minConf=0.35750000000000004)","timestamp":"2026-09-04T00:00:06.496Z"}
{"level":"debug","message":"[CYCLE] PIXEL/USDC: sizing positionPct=0.1297 (base=0.15 atr=0.03585244542691351 regime=on conf=0.17 macro=bull mtf=1.0)","timestamp":"2026-09-04T00:00:06.516Z"}
{"level":"info","message":"PIXEL/USDC: decision=HOLD confidence=17% price=0.00501000 external_signals=0","timestamp":"2026-09-04T00:00:06.517Z"}
{"level":"info","message":"PIXEL/USDC: No EMA crossover (fast 0.0049 vs slow 0.0049) | ADX 21.7 uptrend (+DI 23.4 > -DI 18.9) | No significant S/R zone nearby","timestamp":"2026-09-04T00:00:06.517Z"}
{"level":"debug","message":"[CYCLE] ARB/USDC: starting cycle, candles=1521 lastClose=0.14110000 lastTs=2026-09-04T00:00:00.000Z","timestamp":"2026-09-04T00:00:06.618Z"}
{"level":"debug","message":"[AGG] ARB/USDC: strategy[0]=RSI → HOLD conf=0.66 \"RSI 81.8 overbought — still rising, wait\"","timestamp":"2026-09-04T00:00:06.621Z"}
{"level":"debug","message":"[AGG] ARB/USDC: strategy[1]=WilliamsR → HOLD conf=0.77 \"%R -6.3 overbought — still rising, wait\"","timestamp":"2026-09-04T00:00:06.621Z"}
{"level":"debug","message":"[AGG] ARB/USDC: strategy[2]=HeikinAshi → HOLD conf=0.15 \"HA bullish continuation\"","timestamp":"2026-09-04T00:00:06.621Z"}
{"level":"debug","message":"[AGG] ARB/USDC: votes BUY=0.00 SELL=0.00 HOLD=1.58 total_voters=3 external=0","timestamp":"2026-09-04T00:00:06.621Z"}
{"level":"debug","message":"[AGG] ARB/USDC: decision=HOLD confidence=0.53 tie=false belowMin=false (minConf=0.35750000000000004)","timestamp":"2026-09-04T00:00:06.621Z"}
{"level":"debug","message":"[CYCLE] THETA/USDC: sizing positionPct=0.1588 (base=0.15 atr=0.03585244542691351 regime=on conf=0.20 macro=bull mtf=1.0)","timestamp":"2026-09-04T00:00:06.718Z"}
{"level":"info","message":"THETA/USDC: decision=HOLD confidence=20% price=0.17880000 external_signals=0","timestamp":"2026-09-04T00:00:06.718Z"}
{"level":"info","message":"THETA/USDC: RSI 62.1 neutral | CCI 45.0 neutral | OBV above EMA-20 — no cross","timestamp":"2026-09-04T00:00:06.718Z"}
{"level":"debug","message":"[CYCLE] ADA/USDC: sizing positionPct=0.1149 (base=0.15 atr=0.03585244542691351 regime=on conf=0.27 macro=bull mtf=1.0)","timestamp":"2026-09-04T00:00:07.118Z"}
{"level":"info","message":"ADA/USDC: decision=HOLD confidence=27% price=0.22110000 external_signals=0","timestamp":"2026-09-04T00:00:07.118Z"}
{"level":"info","message":"ADA/USDC: RSI 65.6 neutral | Price 0.2212 ≥ upper BB 0.2206 (bw 15.3%) | CCI 126.5 overbought — still rising, wait","timestamp":"2026-09-04T00:00:07.118Z"}
{"level":"info","message":"LINK/USDC: live balance=134.49 pnl=0.00 open_positions=2 daily_pnl=0.00 blocked=false","timestamp":"2026-09-04T00:00:07.317Z"}
{"level":"debug","message":"[CYCLE] ETH/USDC: sizing positionPct=0.1963 (base=0.15 atr=0.03585244542691351 regime=on conf=0.13 macro=bull mtf=1.0)","timestamp":"2026-09-04T00:00:07.517Z"}
{"level":"info","message":"ETH/USDC: decision=HOLD confidence=13% price=2507.75000000 external_signals=0","timestamp":"2026-09-04T00:00:07.517Z"}
{"level":"info","message":"ETH/USDC: Supertrend uptrend continues (ST 2282.1583) | MFI 40.5 neutral | No significant S/R zone nearby","timestamp":"2026-09-04T00:00:07.517Z"}
{"level":"debug","message":"[CYCLE] AVAX/USDC: sizing positionPct=0.1542 (base=0.15 atr=0.03585244542691351 regime=on conf=0.17 macro=bull mtf=1.0)","timestamp":"2026-09-04T00:00:07.717Z"}
{"level":"info","message":"AVAX/USDC: decision=HOLD confidence=17% price=7.52300000 external_signals=0","timestamp":"2026-09-04T00:00:07.718Z"}
{"level":"info","message":"AVAX/USDC: RSI 60.7 neutral | MACD 0.0561 vs signal 0.0745 hist:-0.0184 | PSAR downtrend continues (SAR 7.5892)","timestamp":"2026-09-04T00:00:07.718Z"}
{"level":"debug","message":"[CYCLE] PEPE/USDC: sizing positionPct=0.1200 (base=0.15 atr=0.03585244542691351 regime=on conf=0.19 macro=bull mtf=1.0)","timestamp":"2026-09-04T00:00:07.920Z"}
{"level":"info","message":"PEPE/USDC: decision=HOLD confidence=19% price=0.00000371 external_signals=0","timestamp":"2026-09-04T00:00:07.920Z"}
{"level":"info","message":"PEPE/USDC: No EMA crossover (fast 0.0000 vs slow 0.0000) | Supertrend uptrend continues (ST 0.0000) | OBV crossed above EMA-20 — volume buyers in control","timestamp":"2026-09-04T00:00:07.920Z"}
{"level":"debug","message":"[CYCLE] LTC/USDC: sizing positionPct=0.2127 (base=0.15 atr=0.03585244542691351 regime=on conf=0.45 macro=bull mtf=1.0)","timestamp":"2026-09-04T00:00:08.212Z"}
{"level":"info","message":"LTC/USDC: decision=HOLD confidence=45% price=51.50000000 external_signals=0","timestamp":"2026-09-04T00:00:08.212Z"}
{"level":"info","message":"LTC/USDC: Price 51.5000 ≥ upper BB 51.4521 (bw 7.5%) | No EMA crossover (fast 49.7807 vs slow 49.3407) | %R -8.5 overbought ↓ reversal confirmed","timestamp":"2026-09-04T00:00:08.212Z"}
{"level":"debug","message":"[CYCLE] RENDER/USDC: sizing positionPct=0.1190 (base=0.15 atr=0.03585244542691351 regime=on conf=0.20 macro=bull mtf=1.0)","timestamp":"2026-09-04T00:00:08.317Z"}
{"level":"info","message":"RENDER/USDC: decision=HOLD confidence=20% price=1.47100000 external_signals=0","timestamp":"2026-09-04T00:00:08.317Z"}
{"level":"info","message":"RENDER/USDC: No EMA crossover (fast 1.4415 vs slow 1.4367) | OBV above EMA-20 — no cross | %R -48.3 neutral","timestamp":"2026-09-04T00:00:08.317Z"}
{"level":"debug","message":"[CYCLE] NEAR/USDC: sizing positionPct=0.1174 (base=0.15 atr=0.03585244542691351 regime=on conf=0.17 macro=bull mtf=1.0)","timestamp":"2026-09-04T00:00:08.515Z"}
{"level":"info","message":"NEAR/USDC: decision=HOLD confidence=18% price=1.95500000 external_signals=0","timestamp":"2026-09-04T00:00:08.515Z"}
{"level":"info","message":"NEAR/USDC: RSI 58.1 neutral | Price 1.9550 inside BB [1.7954–1.9697] | Stoch K=65.7 D=50.4 — no crossover in extreme zone | No significant S/R zone nearby","timestamp":"2026-09-04T00:00:08.516Z"}
{"level":"debug","message":"[CYCLE] ENA/USDC: sizing positionPct=0.0838 (base=0.15 atr=0.03585244542691351 regime=on conf=0.34 macro=bull mtf=1.0)","timestamp":"2026-09-04T00:00:08.715Z"}
{"level":"info","message":"ENA/USDC: decision=HOLD confidence=34% price=0.16850000 external_signals=0","timestamp":"2026-09-04T00:00:08.715Z"}
{"level":"info","message":"ENA/USDC: RSI 62.6 neutral | Price 0.1685 inside BB [0.1383–0.1711] | CCI 127.8 overbought — still rising, wait","timestamp":"2026-09-04T00:00:08.716Z"}
{"level":"debug","message":"[CYCLE] ICP/USDC: sizing positionPct=0.0535 (base=0.15 atr=0.03585244542691351 regime=on conf=0.20 macro=bull mtf=1.0)","timestamp":"2026-09-04T00:00:08.917Z"}
{"level":"info","message":"ICP/USDC: decision=HOLD confidence=20% price=2.51600000 external_signals=0","timestamp":"2026-09-04T00:00:08.917Z"}
{"level":"info","message":"ICP/USDC: RSI 61.1 neutral | Price 2.5160 inside BB [2.3461–2.5250] | Stoch K=72.5 D=63.4 — no crossover in extreme zone","timestamp":"2026-09-04T00:00:08.917Z"}
{"level":"info","message":"TRX/USDC: live balance=134.49 pnl=0.00 open_positions=2 daily_pnl=0.00 blocked=false","timestamp":"2026-09-04T00:00:09.265Z"}
{"level":"debug","message":"[CYCLE] CRV/USDC: sizing positionPct=0.0959 (base=0.15 atr=0.03585244542691351 regime=on conf=0.24 macro=bull mtf=1.0)","timestamp":"2026-09-04T00:00:09.318Z"}
{"level":"info","message":"CRV/USDC: decision=HOLD confidence=24% price=0.36500000 external_signals=0","timestamp":"2026-09-04T00:00:09.318Z"}
{"level":"info","message":"CRV/USDC: ADX 30.8 uptrend (+DI 35.0 > -DI 10.4) | StochRSI K=78.0 crossed below D=82.7 in overbought ↓ | No significant S/R zone nearby","timestamp":"2026-09-04T00:00:09.319Z"}
{"level":"debug","message":"[CYCLE] JUP/USDC: sizing positionPct=0.1007 (base=0.15 atr=0.03585244542691351 regime=on conf=0.34 macro=bull mtf=1.0)","timestamp":"2026-09-04T00:00:09.516Z"}
{"level":"info","message":"JUP/USDC: decision=HOLD confidence=34% price=0.22900000 external_signals=0","timestamp":"2026-09-04T00:00:09.516Z"}
{"level":"info","message":"JUP/USDC: Price 0.2291 inside BB [0.2035–0.2372] | CCI 133.3 overbought — still rising, wait | OBV above EMA-20 — no cross","timestamp":"2026-09-04T00:00:09.516Z"}
{"level":"debug","message":"[CYCLE] WLD/USDC: sizing positionPct=0.0878 (base=0.15 atr=0.03585244542691351 regime=on conf=0.17 macro=bull mtf=1.0)","timestamp":"2026-09-04T00:00:09.718Z"}
{"level":"info","message":"WLD/USDC: decision=HOLD confidence=17% price=0.39530000 external_signals=0","timestamp":"2026-09-04T00:00:09.718Z"}
{"level":"info","message":"WLD/USDC: Price 0.3953 inside BB [0.3478–0.4160] | CCI 49.4 neutral | ADX 24.2 < 25 — ranging, skip","timestamp":"2026-09-04T00:00:09.718Z"}
{"level":"info","message":"ACH/USDC: live balance=134.49 pnl=0.00 open_positions=2 daily_pnl=0.00 blocked=false","timestamp":"2026-09-04T00:00:09.917Z"}
{"level":"debug","message":"[CYCLE] SOL/USDC: sizing positionPct=0.1645 (base=0.15 atr=0.03585244542691351 regime=on conf=0.20 macro=bull mtf=1.0)","timestamp":"2026-09-04T00:00:10.122Z"}
{"level":"info","message":"SOL/USDC: decision=HOLD confidence=20% price=103.95000000 external_signals=0","timestamp":"2026-09-04T00:00:10.122Z"}
{"level":"info","message":"SOL/USDC: Price 103.9600 inside BB [96.0261–108.4929] | %R -48.3 neutral | StochRSI K=41.4 D=22.6 — no extreme crossover","timestamp":"2026-09-04T00:00:10.122Z"}
{"level":"info","message":"ENS/USDC: live balance=134.49 pnl=0.00 open_positions=2 daily_pnl=0.00 blocked=false","timestamp":"2026-09-04T00:00:10.317Z"}
{"level":"debug","message":"[CYCLE] BCH/USDC: sizing positionPct=0.1579 (base=0.15 atr=0.03585244542691351 regime=on conf=0.19 macro=bull mtf=1.0)","timestamp":"2026-09-04T00:00:10.517Z"}
{"level":"info","message":"BCH/USDC: decision=HOLD confidence=19% price=256.50000000 external_signals=0","timestamp":"2026-09-04T00:00:10.517Z"}
{"level":"info","message":"BCH/USDC: Price 256.5000 inside BB [233.7794–274.7806] | OBV crossed above EMA-20 — volume buyers in control | %R -47.9 neutral","timestamp":"2026-09-04T00:00:10.517Z"}
{"level":"debug","message":"[CYCLE] INJ/USDC: sizing positionPct=0.0910 (base=0.15 atr=0.03585244542691351 regime=on conf=0.17 macro=bull mtf=1.0)","timestamp":"2026-09-04T00:00:10.718Z"}
{"level":"info","message":"INJ/USDC: decision=HOLD confidence=17% price=4.96900000 external_signals=0","timestamp":"2026-09-04T00:00:10.718Z"}
{"level":"info","message":"INJ/USDC: ADX 17.5 < 25 — ranging, skip | OBV below EMA-20 — no cross | StochRSI K=46.0 D=27.4 — no extreme crossover","timestamp":"2026-09-04T00:00:10.718Z"}
{"level":"debug","message":"[CYCLE] APT/USDC: sizing positionPct=0.0987 (base=0.15 atr=0.03585244542691351 regime=on conf=0.20 macro=bull mtf=1.0)","timestamp":"2026-09-04T00:00:10.918Z"}
{"level":"info","message":"APT/USDC: decision=HOLD confidence=20% price=0.60400000 external_signals=0","timestamp":"2026-09-04T00:00:10.918Z"}
{"level":"info","message":"APT/USDC: Price 0.6040 inside BB [0.5096–0.6086] | Stoch K=79.8 D=85.6 — no crossover in extreme zone | MFI 72.6 neutral","timestamp":"2026-09-04T00:00:10.918Z"}
{"level":"debug","message":"[CYCLE] TIA/USDC: sizing positionPct=0.1053 (base=0.15 atr=0.03585244542691351 regime=on conf=0.31 macro=bull mtf=1.0)","timestamp":"2026-09-04T00:00:11.123Z"}
{"level":"info","message":"TIA/USDC: decision=HOLD confidence=31% price=0.36680000 external_signals=0","timestamp":"2026-09-04T00:00:11.123Z"}
{"level":"info","message":"TIA/USDC: CCI 120.7 overbought — still rising, wait | MACD 0.0039 vs signal 0.0020 hist:0.0018 | HA bullish continuation","timestamp":"2026-09-04T00:00:11.123Z"}
{"level":"info","message":"PAXG/USDC: BUY suppressed — Momentum laggard (20-bar return -3.3% < 0% required)","timestamp":"2026-09-04T00:00:11.469Z"}
{"level":"debug","message":"[CYCLE] PAXG/USDC: sizing positionPct=0.3516 (base=0.15 atr=0.03585244542691351 regime=on conf=0.49 macro=bull mtf=1.0)","timestamp":"2026-09-04T00:00:11.471Z"}
{"level":"info","message":"PAXG/USDC: trade blocked - Momentum laggard (20-bar return -3.3% < 0% required)","timestamp":"2026-09-04T00:00:11.471Z"}
{"level":"info","message":"PAXG/USDC: decision=BUY confidence=49% price=4482.40000000 external_signals=0","timestamp":"2026-09-04T00:00:11.471Z"}
{"level":"info","message":"PAXG/USDC: MACD -22.6235 vs signal -12.8692 hist:-9.7543 | ADX 32.5 uptrend (+DI 28.7 > -DI 27.2) | Supertrend flipped bullish ↑ (ST 4312.8641)","timestamp":"2026-09-04T00:00:11.471Z"}
{"level":"info","message":"JTO/USDC: live balance=134.49 pnl=0.00 open_positions=2 daily_pnl=0.00 blocked=false","timestamp":"2026-09-04T00:00:11.519Z"}
{"level":"debug","message":"[CYCLE] DOGE/USDC: sizing positionPct=0.1486 (base=0.15 atr=0.03585244542691351 regime=on conf=0.28 macro=bull mtf=1.0)","timestamp":"2026-09-04T00:00:11.784Z"}
{"level":"info","message":"DOGE/USDC: decision=HOLD confidence=28% price=0.08781000 external_signals=0","timestamp":"2026-09-04T00:00:11.784Z"}
{"level":"info","message":"DOGE/USDC: No EMA crossover (fast 0.0840 vs slow 0.0835) | PSAR flipped bullish ↑ — SAR 0.0800 now below price 0.0878 | HA bullish continuation","timestamp":"2026-09-04T00:00:11.784Z"}
{"level":"debug","message":"[CYCLE] XRP/USDC: sizing positionPct=0.1601 (base=0.15 atr=0.03585244542691351 regime=on conf=0.20 macro=bull mtf=1.0)","timestamp":"2026-09-04T00:00:11.916Z"}
{"level":"info","message":"XRP/USDC: decision=HOLD confidence=20% price=1.45130000 external_signals=0","timestamp":"2026-09-04T00:00:11.916Z"}
{"level":"info","message":"XRP/USDC: Price 1.4513 inside BB [1.3200–1.4743] | Stoch K=81.4 D=48.3 — no crossover in extreme zone | No EMA crossover (fast 1.3832 vs slow 1.3578)","timestamp":"2026-09-04T00:00:11.917Z"}
{"level":"info","message":"LDO/USDC: live balance=134.49 pnl=0.00 open_positions=2 daily_pnl=0.00 blocked=false","timestamp":"2026-09-04T00:00:12.116Z"}
{"level":"debug","message":"[CYCLE] SUI/USDC: sizing positionPct=0.1081 (base=0.15 atr=0.03585244542691351 regime=on conf=0.20 macro=bull mtf=1.0)","timestamp":"2026-09-04T00:00:12.318Z"}
{"level":"info","message":"SUI/USDC: decision=HOLD confidence=20% price=0.78330000 external_signals=0","timestamp":"2026-09-04T00:00:12.318Z"}
{"level":"info","message":"SUI/USDC: RSI 59.6 neutral | Stoch K=82.7 D=65.8 — no crossover in extreme zone | MFI 49.6 neutral","timestamp":"2026-09-04T00:00:12.318Z"}
{"level":"info","message":"MANTA/USDC: live balance=134.49 pnl=0.00 open_positions=2 daily_pnl=0.00 blocked=false","timestamp":"2026-09-04T00:00:12.525Z"}
{"level":"debug","message":"[CYCLE] BNB/USDC: sizing positionPct=0.3100 (base=0.15 atr=0.03585244542691351 regime=on conf=0.32 macro=bull mtf=1.0)","timestamp":"2026-09-04T00:00:12.720Z"}
{"level":"info","message":"BNB/USDC: decision=HOLD confidence=32% price=725.27000000 external_signals=0","timestamp":"2026-09-04T00:00:12.720Z"}
{"level":"info","message":"BNB/USDC: %R -5.2 overbought — still rising, wait | HA bullish continuation | Resistance 730.8567 (3×)","timestamp":"2026-09-04T00:00:12.720Z"}
{"level":"info","message":"PIXEL/USDC: live balance=134.49 pnl=0.00 open_positions=2 daily_pnl=0.00 blocked=false","timestamp":"2026-09-04T00:00:12.916Z"}
{"level":"debug","message":"[CYCLE] ARB/USDC: sizing positionPct=0.0921 (base=0.15 atr=0.03585244542691351 regime=on conf=0.53 macro=bull mtf=1.0)","timestamp":"2026-09-04T00:00:13.167Z"}
{"level":"info","message":"ARB/USDC: decision=HOLD confidence=53% price=0.14110000 external_signals=0","timestamp":"2026-09-04T00:00:13.168Z"}
{"level":"info","message":"ARB/USDC: RSI 81.8 overbought — still rising, wait | %R -6.3 overbought — still rising, wait | HA bullish continuation","timestamp":"2026-09-04T00:00:13.168Z"}
{"level":"info","message":"THETA/USDC: live balance=134.49 pnl=0.00 open_positions=2 daily_pnl=0.00 blocked=false","timestamp":"2026-09-04T00:00:13.318Z"}
{"level":"info","message":"ADA/USDC: live balance=134.49 pnl=0.00 open_positions=2 daily_pnl=0.00 blocked=false","timestamp":"2026-09-04T00:00:13.554Z"}
{"level":"info","message":"ETH/USDC: live balance=134.49 pnl=0.00 open_positions=2 daily_pnl=0.00 blocked=false","timestamp":"2026-09-04T00:00:13.756Z"}
{"level":"info","message":"AVAX/USDC: live balance=134.49 pnl=0.00 open_positions=2 daily_pnl=0.00 blocked=false","timestamp":"2026-09-04T00:00:13.958Z"}
{"level":"info","message":"PEPE/USDC: live balance=134.49 pnl=0.00 open_positions=2 daily_pnl=0.00 blocked=false","timestamp":"2026-09-04T00:00:14.156Z"}
{"level":"info","message":"LTC/USDC: live balance=134.49 pnl=0.00 open_positions=2 daily_pnl=0.00 blocked=false","timestamp":"2026-09-04T00:00:14.355Z"}
{"level":"info","message":"RENDER/USDC: live balance=134.49 pnl=0.00 open_positions=2 daily_pnl=0.00 blocked=false","timestamp":"2026-09-04T00:00:14.558Z"}
{"level":"info","message":"NEAR/USDC: live balance=134.49 pnl=0.00 open_positions=2 daily_pnl=0.00 blocked=false","timestamp":"2026-09-04T00:00:14.757Z"}
{"level":"info","message":"ENA/USDC: live balance=134.49 pnl=0.00 open_positions=2 daily_pnl=0.00 blocked=false","timestamp":"2026-09-04T00:00:14.956Z"}
{"level":"info","message":"ICP/USDC: live balance=134.49 pnl=0.00 open_positions=2 daily_pnl=0.00 blocked=false","timestamp":"2026-09-04T00:00:15.158Z"}
{"level":"info","message":"CRV/USDC: live balance=134.49 pnl=0.00 open_positions=2 daily_pnl=0.00 blocked=false","timestamp":"2026-09-04T00:00:15.358Z"}
{"level":"info","message":"JUP/USDC: live balance=134.49 pnl=0.00 open_positions=2 daily_pnl=0.00 blocked=false","timestamp":"2026-09-04T00:00:15.556Z"}
{"level":"info","message":"WLD/USDC: live balance=134.49 pnl=0.00 open_positions=2 daily_pnl=0.00 blocked=false","timestamp":"2026-09-04T00:00:15.759Z"}
{"level":"info","message":"SOL/USDC: live balance=134.49 pnl=0.00 open_positions=2 daily_pnl=0.00 blocked=false","timestamp":"2026-09-04T00:00:16.157Z"}
{"level":"info","message":"BCH/USDC: live balance=134.49 pnl=0.00 open_positions=2 daily_pnl=0.00 blocked=false","timestamp":"2026-09-04T00:00:16.355Z"}
{"level":"info","message":"INJ/USDC: live balance=134.49 pnl=0.00 open_positions=2 daily_pnl=0.00 blocked=false","timestamp":"2026-09-04T00:00:16.557Z"}
{"level":"info","message":"APT/USDC: live balance=134.49 pnl=0.00 open_positions=2 daily_pnl=0.00 blocked=false","timestamp":"2026-09-04T00:00:16.756Z"}
{"level":"info","message":"TIA/USDC: live balance=134.49 pnl=0.00 open_positions=2 daily_pnl=0.00 blocked=false","timestamp":"2026-09-04T00:00:16.959Z"}
{"level":"info","message":"PAXG/USDC: live balance=134.49 pnl=0.00 open_positions=2 daily_pnl=0.00 blocked=false","timestamp":"2026-09-04T00:00:17.162Z"}
{"level":"info","message":"DOGE/USDC: live balance=134.49 pnl=0.00 open_positions=2 daily_pnl=0.00 blocked=false","timestamp":"2026-09-04T00:00:17.357Z"}
{"level":"info","message":"XRP/USDC: live balance=134.49 pnl=0.00 open_positions=2 daily_pnl=0.00 blocked=false","timestamp":"2026-09-04T00:00:17.581Z"}
{"level":"info","message":"SUI/USDC: live balance=134.49 pnl=0.00 open_positions=2 daily_pnl=0.00 blocked=false","timestamp":"2026-09-04T00:00:17.758Z"}
{"level":"info","message":"BNB/USDC: live balance=134.49 pnl=0.00 open_positions=2 daily_pnl=0.00 blocked=false","timestamp":"2026-09-04T00:00:17.957Z"}
{"level":"info","message":"ARB/USDC: live balance=134.49 pnl=0.00 open_positions=2 daily_pnl=0.00 blocked=false","timestamp":"2026-09-04T00:00:18.160Z"}
{"level":"info","message":"[TSM-CORE] rung 2@0.5 (HWM $243.85) · next de-risk at $320 HWM","timestamp":"2026-09-04T00:00:18.597Z"}
{"level":"info","message":"[TSM-CORE] BTC/USDC: votes 3/3 (enter ≥3, stay ≥2) · vol 42% → ×1.00 · macro risk-on","timestamp":"2026-09-04T00:00:18.897Z"}
{"level":"info","message":"[TSM-CORE] ETH/USDC: votes 3/3 (enter ≥3, stay ≥2) · vol 71% → ×0.84 · macro risk-on","timestamp":"2026-09-04T00:00:18.898Z"}
{"level":"info","message":"Next cycle aligned to candle close in 720 min (Fri, 04 Sep 2026 12:00:03 GMT)","timestamp":"2026-09-04T00:00:19.169Z"}
{"level":"debug","message":"[RISK-LOOP] checking 2 open position(s)","timestamp":"2026-09-04T00:01:55.660Z"}
{"level":"debug","message":"[RISK-LOOP] checking 2 open position(s)","timestamp":"2026-09-04T00:03:55.728Z"}
{"level":"debug","message":"[RISK-LOOP] checking 2 open position(s)","timestamp":"2026-09-04T00:05:55.796Z"}
{"level":"debug","message":"[RISK-LOOP] checking 2 open position(s)","timestamp":"2026-09-04T00:07:55.832Z"}
{"level":"debug","message":"[RISK-LOOP] checking 2 open position(s)","timestamp":"2026-09-04T00:09:55.836Z"}
{"level":"debug","message":"[RISK-LOOP] checking 2 open position(s)","timestamp":"2026-09-04T00:11:55.835Z"}
{"level":"info","message":"[MTF-CACHE] 15m refresh complete: 37/37 symbols","timestamp":"2026-09-04T00:13:12.354Z"}
{"level":"debug","message":"[RISK-LOOP] checking 2 open position(s)","timestamp":"2026-09-04T00:13:55.840Z"}
{"level":"debug","message":"[RISK-LOOP] checking 2 open position(s)","timestamp":"2026-09-04T00:15:55.840Z"}
{"level":"debug","message":"[RISK-LOOP] checking 2 open position(s)","timestamp":"2026-09-04T00:17:55.835Z"}
{"level":"debug","message":"[RISK-LOOP] checking 2 open position(s)","timestamp":"2026-09-04T00:19:55.656Z"}
{"level":"debug","message":"[RISK-LOOP] checking 2 open position(s)","timestamp":"2026-09-04T00:21:55.657Z"}
{"level":"debug","message":"[RISK-LOOP] checking 2 open position(s)","timestamp":"2026-09-04T00:23:55.658Z"}
{"level":"debug","message":"[RISK-LOOP] checking 2 open position(s)","timestamp":"2026-09-04T00:25:55.663Z"}
{"level":"debug","message":"[RISK-LOOP] checking 2 open position(s)","timestamp":"2026-09-04T00:27:55.841Z"}
{"level":"info","message":"[MTF-CACHE] 4h refresh complete: 37/37 symbols","timestamp":"2026-09-04T00:28:09.222Z"}
{"level":"info","message":"[MTF-CACHE] 15m refresh complete: 37/37 symbols","timestamp":"2026-09-04T00:28:12.355Z"}
{"level":"debug","message":"[RISK-LOOP] checking 2 open position(s)","timestamp":"2026-09-04T00:29:55.663Z"}
{"level":"debug","message":"[RISK-LOOP] checking 2 open position(s)","timestamp":"2026-09-04T00:31:55.666Z"}
{"level":"debug","message":"[RISK-LOOP] checking 2 open position(s)","timestamp":"2026-09-04T00:33:55.666Z"}
{"level":"debug","message":"[RISK-LOOP] checking 2 open position(s)","timestamp":"2026-09-04T00:35:55.667Z"}
{"level":"debug","message":"[RISK-LOOP] checking 2 open position(s)","timestamp":"2026-09-04T00:37:55.848Z"}
{"level":"debug","message":"[RISK-LOOP] checking 2 open position(s)","timestamp":"2026-09-04T00:39:55.671Z"}
{"level":"debug","message":"[RISK-LOOP] checking 2 open position(s)","timestamp":"2026-09-04T00:41:55.677Z"}
{"level":"info","message":"[MTF-CACHE] 15m refresh complete: 37/37 symbols","timestamp":"2026-09-04T00:43:12.396Z"}
{"level":"debug","message":"[RISK-LOOP] checking 2 open position(s)","timestamp":"2026-09-04T00:43:55.676Z"}
{"level":"debug","message":"[RISK-LOOP] checking 2 open position(s)","timestamp":"2026-09-04T00:45:55.683Z"}
{"level":"debug","message":"[RISK-LOOP] checking 2 open position(s)","timestamp":"2026-09-04T00:47:55.862Z"}
{"level":"debug","message":"[RISK-LOOP] checking 2 open position(s)","timestamp":"2026-09-04T00:49:55.682Z"}
{"level":"debug","message":"[RISK-LOOP] checking 2 open position(s)","timestamp":"2026-09-04T00:51:55.688Z"}
{"level":"debug","message":"[RISK-LOOP] checking 2 open position(s)","timestamp":"2026-09-04T00:53:55.689Z"}
{"level":"debug","message":"[RISK-LOOP] checking 2 open position(s)","timestamp":"2026-09-04T00:55:55.690Z"}
{"level":"debug","message":"[RISK-LOOP] checking 2 open position(s)","timestamp":"2026-09-04T00:57:55.872Z"}
{"level":"info","message":"[MTF-CACHE] 15m refresh complete: 37/37 symbols","timestamp":"2026-09-04T00:58:12.356Z"}
{"level":"debug","message":"[RISK-LOOP] checking 2 open position(s)","timestamp":"2026-09-04T00:59:55.696Z"}
{"level":"debug","message":"[RISK-LOOP] checking 2 open position(s)","timestamp":"2026-09-04T01:01:55.696Z"}
{"level":"debug","message":"[RISK-LOOP] checking 2 open position(s)","timestamp":"2026-09-04T01:03:55.697Z"}
{"level":"debug","message":"[RISK-LOOP] checking 2 open position(s)","timestamp":"2026-09-04T01:05:55.699Z"}
{"level":"debug","message":"[RISK-LOOP] checking 2 open position(s)","timestamp":"2026-09-04T01:07:55.883Z"}
{"level":"debug","message":"[RISK-LOOP] checking 2 open position(s)","timestamp":"2026-09-04T01:09:55.704Z"}
{"level":"debug","message":"[RISK-LOOP] checking 2 open position(s)","timestamp":"2026-09-04T01:11:55.708Z"}
{"level":"info","message":"[MTF-CACHE] 15m refresh complete: 37/37 symbols","timestamp":"2026-09-04T01:13:12.936Z"}
{"level":"debug","message":"[RISK-LOOP] checking 2 open position(s)","timestamp":"2026-09-04T01:13:55.706Z"}
{"level":"debug","message":"[RISK-LOOP] checking 2 open position(s)","timestamp":"2026-09-04T01:15:55.711Z"}
{"level":"debug","message":"[RISK-LOOP] checking 2 open position(s)","timestamp":"2026-09-04T01:17:55.891Z"}
{"level":"debug","message":"[RISK-LOOP] checking 2 open position(s)","timestamp":"2026-09-04T01:19:55.714Z"}
{"level":"debug","message":"[RISK-LOOP] checking 2 open position(s)","timestamp":"2026-09-04T01:21:55.715Z"}
{"level":"debug","message":"[RISK-LOOP] checking 2 open position(s)","timestamp":"2026-09-04T01:23:55.848Z"}
{"level":"debug","message":"[RISK-LOOP] checking 2 open position(s)","timestamp":"2026-09-04T01:25:55.720Z"}
{"level":"debug","message":"[RISK-LOOP] checking 2 open position(s)","timestamp":"2026-09-04T01:27:55.903Z"}
{"level":"info","message":"[MTF-CACHE] 15m refresh complete: 37/37 symbols","timestamp":"2026-09-04T01:28:12.566Z"}
{"level":"debug","message":"[RISK-LOOP] checking 2 open position(s)","timestamp":"2026-09-04T01:29:55.723Z"}
{"level":"debug","message":"[RISK-LOOP] checking 2 open position(s)","timestamp":"2026-09-04T01:31:55.727Z"}
{"level":"debug","message":"[RISK-LOOP] checking 2 open position(s)","timestamp":"2026-09-04T01:33:55.731Z"}
{"level":"debug","message":"[RISK-LOOP] checking 2 open position(s)","timestamp":"2026-09-04T01:35:55.732Z"}
{"level":"debug","message":"[RISK-LOOP] checking 2 open position(s)","timestamp":"2026-09-04T01:37:55.736Z"}
{"level":"debug","message":"[RISK-LOOP] checking 2 open position(s)","timestamp":"2026-09-04T01:39:55.737Z"}
{"level":"debug","message":"[RISK-LOOP] checking 2 open position(s)","timestamp":"2026-09-04T01:41:55.741Z"}
{"level":"info","message":"[MTF-CACHE] 15m refresh complete: 37/37 symbols","timestamp":"2026-09-04T01:43:12.362Z"}
{"level":"debug","message":"[RISK-LOOP] checking 2 open position(s)","timestamp":"2026-09-04T01:43:55.741Z"}
{"level":"debug","message":"[RISK-LOOP] checking 2 open position(s)","timestamp":"2026-09-04T01:45:55.744Z"}
{"level":"debug","message":"[RISK-LOOP] checking 2 open position(s)","timestamp":"2026-09-04T01:47:55.740Z"}
{"level":"debug","message":"[RISK-LOOP] checking 2 open position(s)","timestamp":"2026-09-04T01:49:56.204Z"}
{"level":"debug","message":"[RISK-LOOP] checking 2 open position(s)","timestamp":"2026-09-04T01:51:55.743Z"}
{"level":"debug","message":"[RISK-LOOP] checking 2 open position(s)","timestamp":"2026-09-04T01:53:55.749Z"}
{"level":"debug","message":"[RISK-LOOP] checking 2 open position(s)","timestamp":"2026-09-04T01:55:55.751Z"}
{"level":"debug","message":"[RISK-LOOP] checking 2 open position(s)","timestamp":"2026-09-04T01:57:55.750Z"}
{"level":"info","message":"[MTF-CACHE] 15m refresh complete: 37/37 symbols","timestamp":"2026-09-04T01:58:12.358Z"}
{"level":"debug","message":"[RISK-LOOP] checking 2 open position(s)","timestamp":"2026-09-04T01:59:55.752Z"}
{"level":"debug","message":"[RISK-LOOP] checking 2 open position(s)","timestamp":"2026-09-04T02:01:55.752Z"}
{"level":"debug","message":"[RISK-LOOP] checking 2 open position(s)","timestamp":"2026-09-04T02:03:55.791Z"}
{"level":"debug","message":"[RISK-LOOP] checking 2 open position(s)","timestamp":"2026-09-04T02:05:55.757Z"}
{"level":"debug","message":"[RISK-LOOP] checking 2 open position(s)","timestamp":"2026-09-04T02:07:55.756Z"}
{"level":"debug","message":"[RISK-LOOP] checking 2 open position(s)","timestamp":"2026-09-04T02:09:55.757Z"}
{"level":"debug","message":"[RISK-LOOP] checking 2 open position(s)","timestamp":"2026-09-04T02:11:55.758Z"}
{"level":"info","message":"[MTF-CACHE] 15m refresh complete: 37/37 symbols","timestamp":"2026-09-04T02:13:12.526Z"}
{"level":"debug","message":"[RISK-LOOP] checking 2 open position(s)","timestamp":"2026-09-04T02:13:55.760Z"}
{"level":"debug","message":"[RISK-LOOP] checking 2 open position(s)","timestamp":"2026-09-04T02:15:55.762Z"}
{"level":"debug","message":"[RISK-LOOP] checking 2 open position(s)","timestamp":"2026-09-04T02:17:55.762Z"}
{"level":"debug","message":"[RISK-LOOP] checking 2 open position(s)","timestamp":"2026-09-04T02:19:55.765Z"}
{"level":"debug","message":"[RISK-LOOP] checking 2 open position(s)","timestamp":"2026-09-04T02:21:55.765Z"}
{"level":"debug","message":"[RISK-LOOP] checking 2 open position(s)","timestamp":"2026-09-04T02:23:55.768Z"}
{"level":"debug","message":"[RISK-LOOP] checking 2 open position(s)","timestamp":"2026-09-04T02:25:55.769Z"}
{"level":"debug","message":"[RISK-LOOP] checking 2 open position(s)","timestamp":"2026-09-04T02:27:55.770Z"}
{"level":"info","message":"[MTF-CACHE] 15m refresh complete: 37/37 symbols","timestamp":"2026-09-04T02:28:12.374Z"}
{"level":"debug","message":"[RISK-LOOP] checking 2 open position(s)","timestamp":"2026-09-04T02:29:55.770Z"}
{"level":"debug","message":"[RISK-LOOP] checking 2 open position(s)","timestamp":"2026-09-04T02:31:55.771Z"}
{"level":"debug","message":"[RISK-LOOP] checking 2 open position(s)","timestamp":"2026-09-04T02:33:55.769Z"}
{"level":"debug","message":"[RISK-LOOP] checking 2 open position(s)","timestamp":"2026-09-04T02:35:55.771Z"}
{"level":"debug","message":"[RISK-LOOP] checking 2 open position(s)","timestamp":"2026-09-04T02:37:55.773Z"}
{"level":"debug","message":"[RISK-LOOP] checking 2 open position(s)","timestamp":"2026-09-04T02:39:55.780Z"}
{"level":"debug","message":"[RISK-LOOP] checking 2 open position(s)","timestamp":"2026-09-04T02:41:55.773Z"}
{"level":"info","message":"[MTF-CACHE] 15m refresh complete: 37/37 symbols","timestamp":"2026-09-04T02:43:12.881Z"}
{"level":"debug","message":"[RISK-LOOP] checking 2 open position(s)","timestamp":"2026-09-04T02:43:55.773Z"}
{"level":"debug","message":"[RISK-LOOP] checking 2 open position(s)","timestamp":"2026-09-04T02:45:55.774Z"}
{"level":"debug","message":"[RISK-LOOP] checking 2 open position(s)","timestamp":"2026-09-04T02:47:55.818Z"}
{"level":"debug","message":"[RISK-LOOP] checking 2 open position(s)","timestamp":"2026-09-04T02:49:55.772Z"}
{"level":"debug","message":"[RISK-LOOP] checking 2 open position(s)","timestamp":"2026-09-04T02:51:55.773Z"}
{"level":"debug","message":"[RISK-LOOP] checking 2 open position(s)","timestamp":"2026-09-04T02:53:55.820Z"}
{"level":"debug","message":"[RISK-LOOP] checking 2 open position(s)","timestamp":"2026-09-04T02:55:55.773Z"}
{"level":"debug","message":"[RISK-LOOP] checking 2 open position(s)","timestamp":"2026-09-04T02:57:55.913Z"}
{"level":"info","message":"[MTF-CACHE] 15m refresh complete: 37/37 symbols","timestamp":"2026-09-04T02:58:12.591Z"}
{"level":"debug","message":"[RISK-LOOP] checking 2 open position(s)","timestamp":"2026-09-04T02:59:55.784Z"}
{"level":"debug","message":"[RISK-LOOP] checking 2 open position(s)","timestamp":"2026-09-04T03:01:55.824Z"}
{"level":"debug","message":"[RISK-LOOP] checking 2 open position(s)","timestamp":"2026-09-04T03:03:55.877Z"}
{"level":"debug","message":"[RISK-LOOP] checking 2 open position(s)","timestamp":"2026-09-04T03:05:55.926Z"}
{"level":"debug","message":"[RISK-LOOP] checking 2 open position(s)","timestamp":"2026-09-04T03:07:55.956Z"}
{"level":"debug","message":"[RISK-LOOP] checking 2 open position(s)","timestamp":"2026-09-04T03:09:55.956Z"}
{"level":"debug","message":"[RISK-LOOP] checking 2 open position(s)","timestamp":"2026-09-04T03:11:55.958Z"}
{"level":"info","message":"[MTF-CACHE] 15m refresh complete: 37/37 symbols","timestamp":"2026-09-04T03:13:13.995Z"}
{"level":"debug","message":"[RISK-LOOP] checking 2 open position(s)","timestamp":"2026-09-04T03:13:55.957Z"}
{"level":"debug","message":"[RISK-LOOP] checking 2 open position(s)","timestamp":"2026-09-04T03:15:55.781Z"}
{"level":"debug","message":"[RISK-LOOP] checking 2 open position(s)","timestamp":"2026-09-04T03:17:55.958Z"}
{"level":"debug","message":"[RISK-LOOP] checking 2 open position(s)","timestamp":"2026-09-04T03:19:55.777Z"}
{"level":"debug","message":"[RISK-LOOP] checking 2 open position(s)","timestamp":"2026-09-04T03:21:55.786Z"}
{"level":"debug","message":"[RISK-LOOP] checking 2 open position(s)","timestamp":"2026-09-04T03:23:55.782Z"}
{"level":"debug","message":"[RISK-LOOP] checking 2 open position(s)","timestamp":"2026-09-04T03:25:55.783Z"}
{"level":"debug","message":"[RISK-LOOP] checking 2 open position(s)","timestamp":"2026-09-04T03:27:55.965Z"}
{"level":"info","message":"[MTF-CACHE] 15m refresh complete: 37/37 symbols","timestamp":"2026-09-04T03:28:17.215Z"}
{"level":"debug","message":"[RISK-LOOP] checking 2 open position(s)","timestamp":"2026-09-04T03:29:55.784Z"}
{"level":"debug","message":"[RISK-LOOP] checking 2 open position(s)","timestamp":"2026-09-04T03:31:55.789Z"}
{"level":"debug","message":"[RISK-LOOP] checking 2 open position(s)","timestamp":"2026-09-04T03:33:56.248Z"}
{"level":"debug","message":"[RISK-LOOP] checking 2 open position(s)","timestamp":"2026-09-04T03:35:55.792Z"}
{"level":"debug","message":"[RISK-LOOP] checking 2 open position(s)","timestamp":"2026-09-04T03:37:55.970Z"}
{"level":"debug","message":"[RISK-LOOP] checking 2 open position(s)","timestamp":"2026-09-04T03:39:55.798Z"}
{"level":"debug","message":"[RISK-LOOP] checking 2 open position(s)","timestamp":"2026-09-04T03:41:55.793Z"}
{"level":"info","message":"[MTF-CACHE] 15m refresh complete: 37/37 symbols","timestamp":"2026-09-04T03:43:12.599Z"}
{"level":"debug","message":"[RISK-LOOP] checking 2 open position(s)","timestamp":"2026-09-04T03:43:55.956Z"}
{"level":"debug","message":"[RISK-LOOP] checking 2 open position(s)","timestamp":"2026-09-04T03:45:55.797Z"}
{"level":"debug","message":"[RISK-LOOP] checking 2 open position(s)","timestamp":"2026-09-04T03:47:55.983Z"}
{"level":"debug","message":"[RISK-LOOP] checking 2 open position(s)","timestamp":"2026-09-04T03:49:55.797Z"}
{"level":"debug","message":"[RISK-LOOP] checking 2 open position(s)","timestamp":"2026-09-04T03:51:55.799Z"}
{"level":"debug","message":"[RISK-LOOP] checking 2 open position(s)","timestamp":"2026-09-04T03:53:55.800Z"}
{"level":"debug","message":"[RISK-LOOP] checking 2 open position(s)","timestamp":"2026-09-04T03:55:55.801Z"}
{"level":"debug","message":"[RISK-LOOP] checking 2 open position(s)","timestamp":"2026-09-04T03:57:55.983Z"}
{"level":"info","message":"[MTF-CACHE] 15m refresh complete: 37/37 symbols","timestamp":"2026-09-04T03:58:14.482Z"}
{"level":"debug","message":"[RISK-LOOP] checking 2 open position(s)","timestamp":"2026-09-04T03:59:55.806Z"}
{"level":"debug","message":"[RISK-LOOP] checking 2 open position(s)","timestamp":"2026-09-04T04:01:55.805Z"}
{"level":"debug","message":"[RISK-LOOP] checking 2 open position(s)","timestamp":"2026-09-04T04:03:55.805Z"}
{"level":"debug","message":"[RISK-LOOP] checking 2 open position(s)","timestamp":"2026-09-04T04:05:55.804Z"}
{"level":"debug","message":"[RISK-LOOP] checking 2 open position(s)","timestamp":"2026-09-04T04:07:55.985Z"}
{"level":"debug","message":"[RISK-LOOP] checking 2 open position(s)","timestamp":"2026-09-04T04:09:55.827Z"}
{"level":"debug","message":"[RISK-LOOP] checking 2 open position(s)","timestamp":"2026-09-04T04:11:55.808Z"}
{"level":"info","message":"[MTF-CACHE] 15m refresh complete: 37/37 symbols","timestamp":"2026-09-04T04:13:12.569Z"}
{"level":"debug","message":"[RISK-LOOP] checking 2 open position(s)","timestamp":"2026-09-04T04:13:55.809Z"}
{"level":"debug","message":"[RISK-LOOP] checking 2 open position(s)","timestamp":"2026-09-04T04:15:55.811Z"}
{"level":"debug","message":"[RISK-LOOP] checking 2 open position(s)","timestamp":"2026-09-04T04:17:55.991Z"}
{"level":"debug","message":"[RISK-LOOP] checking 2 open position(s)","timestamp":"2026-09-04T04:19:55.811Z"}
{"level":"debug","message":"[RISK-LOOP] checking 2 open position(s)","timestamp":"2026-09-04T04:21:55.812Z"}
{"level":"debug","message":"[RISK-LOOP] checking 2 open position(s)","timestamp":"2026-09-04T04:23:55.815Z"}
{"level":"debug","message":"[RISK-LOOP] checking 2 open position(s)","timestamp":"2026-09-04T04:25:55.814Z"}
{"level":"debug","message":"[RISK-LOOP] checking 2 open position(s)","timestamp":"2026-09-04T04:27:55.995Z"}
{"level":"info","message":"[MTF-CACHE] 4h refresh complete: 37/37 symbols","timestamp":"2026-09-04T04:28:09.200Z"}
{"level":"info","message":"[MTF-CACHE] 15m refresh complete: 37/37 symbols","timestamp":"2026-09-04T04:28:12.375Z"}
{"level":"debug","message":"[RISK-LOOP] checking 2 open position(s)","timestamp":"2026-09-04T04:29:55.815Z"}
{"level":"debug","message":"[RISK-LOOP] checking 2 open position(s)","timestamp":"2026-09-04T04:31:55.818Z"}
{"level":"debug","message":"[RISK-LOOP] checking 2 open position(s)","timestamp":"2026-09-04T04:33:55.820Z"}
{"level":"debug","message":"[RISK-LOOP] checking 2 open position(s)","timestamp":"2026-09-04T04:35:55.821Z"}
{"level":"debug","message":"[RISK-LOOP] checking 2 open position(s)","timestamp":"2026-09-04T04:37:55.822Z"}
{"level":"debug","message":"[RISK-LOOP] checking 2 open position(s)","timestamp":"2026-09-04T04:39:55.820Z"}
{"level":"debug","message":"[RISK-LOOP] checking 2 open position(s)","timestamp":"2026-09-04T04:41:55.822Z"}
{"level":"info","message":"[MTF-CACHE] 15m refresh complete: 37/37 symbols","timestamp":"2026-09-04T04:43:12.910Z"}
{"level":"debug","message":"[RISK-LOOP] checking 2 open position(s)","timestamp":"2026-09-04T04:43:55.825Z"}
{"level":"debug","message":"[RISK-LOOP] checking 2 open position(s)","timestamp":"2026-09-04T04:45:55.827Z"}
{"level":"debug","message":"[RISK-LOOP] checking 2 open position(s)","timestamp":"2026-09-04T04:47:55.823Z"}
{"level":"debug","message":"[RISK-LOOP] checking 2 open position(s)","timestamp":"2026-09-04T04:49:55.826Z"}
{"level":"debug","message":"[RISK-LOOP] checking 2 open position(s)","timestamp":"2026-09-04T04:51:55.827Z"}
{"level":"debug","message":"[RISK-LOOP] checking 2 open position(s)","timestamp":"2026-09-04T04:53:55.829Z"}
{"level":"debug","message":"[RISK-LOOP] checking 2 open position(s)","timestamp":"2026-09-04T04:55:55.829Z"}
{"level":"debug","message":"[RISK-LOOP] checking 2 open position(s)","timestamp":"2026-09-04T04:57:55.829Z"}
{"level":"info","message":"[MTF-CACHE] 15m refresh complete: 37/37 symbols","timestamp":"2026-09-04T04:58:12.637Z"}
{"level":"debug","message":"[RISK-LOOP] checking 2 open position(s)","timestamp":"2026-09-04T04:59:55.831Z"}
{"level":"debug","message":"[RISK-LOOP] checking 2 open position(s)","timestamp":"2026-09-04T05:01:55.829Z"}
{"level":"debug","message":"[RISK-LOOP] checking 2 open position(s)","timestamp":"2026-09-04T05:03:55.831Z"}
{"level":"debug","message":"[RISK-LOOP] checking 2 open position(s)","timestamp":"2026-09-04T05:05:55.831Z"}
{"level":"debug","message":"[RISK-LOOP] checking 2 open position(s)","timestamp":"2026-09-04T05:07:55.833Z"}
{"level":"debug","message":"[RISK-LOOP] checking 2 open position(s)","timestamp":"2026-09-04T05:09:55.834Z"}
{"level":"debug","message":"[RISK-LOOP] checking 2 open position(s)","timestamp":"2026-09-04T05:11:55.834Z"}
{"level":"info","message":"[MTF-CACHE] 15m refresh complete: 37/37 symbols","timestamp":"2026-09-04T05:13:12.693Z"}
{"level":"debug","message":"[RISK-LOOP] checking 2 open position(s)","timestamp":"2026-09-04T05:13:55.834Z"}
{"level":"debug","message":"[RISK-LOOP] checking 2 open position(s)","timestamp":"2026-09-04T05:15:55.834Z"}
{"level":"debug","message":"[RISK-LOOP] checking 2 open position(s)","timestamp":"2026-09-04T05:17:55.835Z"}
{"level":"debug","message":"[RISK-LOOP] checking 2 open position(s)","timestamp":"2026-09-04T05:19:55.833Z"}
{"level":"debug","message":"[RISK-LOOP] checking 2 open position(s)","timestamp":"2026-09-04T05:21:55.836Z"}
{"level":"debug","message":"[RISK-LOOP] checking 2 open position(s)","timestamp":"2026-09-04T05:23:55.836Z"}
{"level":"debug","message":"[RISK-LOOP] checking 2 open position(s)","timestamp":"2026-09-04T05:25:55.836Z"}
{"level":"debug","message":"[RISK-LOOP] checking 2 open position(s)","timestamp":"2026-09-04T05:27:55.835Z"}
{"level":"info","message":"[MTF-CACHE] 15m refresh complete: 37/37 symbols","timestamp":"2026-09-04T05:28:12.385Z"}
{"level":"debug","message":"[RISK-LOOP] checking 2 open position(s)","timestamp":"2026-09-04T05:29:55.838Z"}
{"level":"debug","message":"[RISK-LOOP] checking 2 open position(s)","timestamp":"2026-09-04T05:31:55.837Z"}
{"level":"debug","message":"[RISK-LOOP] checking 2 open position(s)","timestamp":"2026-09-04T05:33:55.838Z"}
{"level":"debug","message":"[RISK-LOOP] checking 2 open position(s)","timestamp":"2026-09-04T05:35:55.839Z"}
{"level":"debug","message":"[RISK-LOOP] checking 2 open position(s)","timestamp":"2026-09-04T05:37:55.840Z"}
{"level":"debug","message":"[RISK-LOOP] checking 2 open position(s)","timestamp":"2026-09-04T05:39:55.840Z"}
{"level":"debug","message":"[RISK-LOOP] checking 2 open position(s)","timestamp":"2026-09-04T05:41:55.841Z"}
{"level":"info","message":"[MTF-CACHE] 15m refresh complete: 37/37 symbols","timestamp":"2026-09-04T05:43:12.431Z"}
{"level":"debug","message":"[RISK-LOOP] checking 2 open position(s)","timestamp":"2026-09-04T05:43:55.841Z"}
{"level":"debug","message":"[RISK-LOOP] checking 2 open position(s)","timestamp":"2026-09-04T05:45:55.845Z"}
{"level":"debug","message":"[RISK-LOOP] checking 2 open position(s)","timestamp":"2026-09-04T05:47:55.887Z"}
{"level":"debug","message":"[RISK-LOOP] checking 2 open position(s)","timestamp":"2026-09-04T05:49:55.918Z"}
{"level":"debug","message":"[RISK-LOOP] checking 2 open position(s)","timestamp":"2026-09-04T05:51:55.845Z"}
{"level":"debug","message":"[RISK-LOOP] checking 2 open position(s)","timestamp":"2026-09-04T05:53:55.859Z"}
{"level":"debug","message":"[RISK-LOOP] checking 2 open position(s)","timestamp":"2026-09-04T05:55:55.930Z"}
{"level":"debug","message":"[RISK-LOOP] checking 2 open position(s)","timestamp":"2026-09-04T05:57:56.027Z"}
{"level":"info","message":"[MTF-CACHE] 15m refresh complete: 37/37 symbols","timestamp":"2026-09-04T05:58:13.298Z"}
{"level":"debug","message":"[RISK-LOOP] checking 2 open position(s)","timestamp":"2026-09-04T05:59:56.074Z"}
{"level":"debug","message":"[RISK-LOOP] checking 2 open position(s)","timestamp":"2026-09-04T06:01:56.031Z"}
{"level":"debug","message":"[RISK-LOOP] checking 2 open position(s)","timestamp":"2026-09-04T06:03:56.031Z"}
{"level":"debug","message":"[RISK-LOOP] checking 2 open position(s)","timestamp":"2026-09-04T06:05:56.031Z"}
{"level":"debug","message":"[RISK-LOOP] checking 2 open position(s)","timestamp":"2026-09-04T06:07:56.142Z"}
{"level":"debug","message":"[RISK-LOOP] checking 2 open position(s)","timestamp":"2026-09-04T06:09:56.030Z"}
{"level":"debug","message":"[RISK-LOOP] checking 2 open position(s)","timestamp":"2026-09-04T06:11:55.855Z"}
{"level":"info","message":"[MTF-CACHE] 15m refresh complete: 37/37 symbols","timestamp":"2026-09-04T06:13:12.368Z"}
{"level":"debug","message":"[RISK-LOOP] checking 2 open position(s)","timestamp":"2026-09-04T06:13:55.853Z"}
{"level":"debug","message":"[RISK-LOOP] checking 2 open position(s)","timestamp":"2026-09-04T06:15:55.858Z"}
{"level":"debug","message":"[RISK-LOOP] checking 2 open position(s)","timestamp":"2026-09-04T06:17:56.033Z"}
{"level":"debug","message":"[RISK-LOOP] checking 2 open position(s)","timestamp":"2026-09-04T06:19:55.855Z"}
{"level":"debug","message":"[RISK-LOOP] checking 2 open position(s)","timestamp":"2026-09-04T06:21:55.856Z"}
{"level":"debug","message":"[RISK-LOOP] checking 2 open position(s)","timestamp":"2026-09-04T06:23:55.856Z"}
{"level":"debug","message":"[RISK-LOOP] checking 2 open position(s)","timestamp":"2026-09-04T06:25:55.860Z"}
{"level":"debug","message":"[RISK-LOOP] checking 2 open position(s)","timestamp":"2026-09-04T06:27:56.043Z"}
{"level":"info","message":"[MTF-CACHE] 15m refresh complete: 37/37 symbols","timestamp":"2026-09-04T06:28:12.376Z"}
{"level":"debug","message":"[RISK-LOOP] checking 2 open position(s)","timestamp":"2026-09-04T06:29:55.866Z"}
{"level":"debug","message":"[RISK-LOOP] checking 2 open position(s)","timestamp":"2026-09-04T06:31:55.873Z"}
{"level":"debug","message":"[RISK-LOOP] checking 2 open position(s)","timestamp":"2026-09-04T06:33:55.873Z"}
{"level":"debug","message":"[RISK-LOOP] checking 2 open position(s)","timestamp":"2026-09-04T06:35:55.873Z"}
{"level":"debug","message":"[RISK-LOOP] checking 2 open position(s)","timestamp":"2026-09-04T06:37:56.056Z"}
{"level":"debug","message":"[RISK-LOOP] checking 2 open position(s)","timestamp":"2026-09-04T06:39:55.875Z"}
{"level":"debug","message":"[RISK-LOOP] checking 2 open position(s)","timestamp":"2026-09-04T06:41:55.880Z"}
{"level":"info","message":"[MTF-CACHE] 15m refresh complete: 37/37 symbols","timestamp":"2026-09-04T06:43:12.381Z"}
{"level":"debug","message":"[RISK-LOOP] checking 2 open position(s)","timestamp":"2026-09-04T06:43:55.880Z"}
{"level":"debug","message":"[RISK-LOOP] checking 2 open position(s)","timestamp":"2026-09-04T06:45:55.884Z"}
{"level":"debug","message":"[RISK-LOOP] checking 2 open position(s)","timestamp":"2026-09-04T06:47:56.065Z"}
{"level":"debug","message":"[RISK-LOOP] checking 2 open position(s)","timestamp":"2026-09-04T06:49:55.888Z"}
{"level":"debug","message":"[RISK-LOOP] checking 2 open position(s)","timestamp":"2026-09-04T06:51:55.892Z"}
{"level":"debug","message":"[RISK-LOOP] checking 2 open position(s)","timestamp":"2026-09-04T06:53:55.897Z"}
{"level":"debug","message":"[RISK-LOOP] checking 2 open position(s)","timestamp":"2026-09-04T06:55:55.897Z"}
{"level":"debug","message":"[RISK-LOOP] checking 2 open position(s)","timestamp":"2026-09-04T06:57:56.079Z"}
{"level":"info","message":"[MTF-CACHE] 15m refresh complete: 37/37 symbols","timestamp":"2026-09-04T06:58:12.387Z"}
{"level":"debug","message":"[RISK-LOOP] checking 2 open position(s)","timestamp":"2026-09-04T06:59:55.905Z"}
{"level":"debug","message":"[RISK-LOOP] checking 2 open position(s)","timestamp":"2026-09-04T07:01:55.908Z"}
{"level":"debug","message":"[RISK-LOOP] checking 2 open position(s)","timestamp":"2026-09-04T07:03:55.907Z"}
{"level":"debug","message":"[RISK-LOOP] checking 2 open position(s)","timestamp":"2026-09-04T07:05:55.909Z"}
{"level":"debug","message":"[RISK-LOOP] checking 2 open position(s)","timestamp":"2026-09-04T07:07:56.095Z"}
{"level":"debug","message":"[RISK-LOOP] checking 2 open position(s)","timestamp":"2026-09-04T07:09:55.916Z"}
{"level":"debug","message":"[RISK-LOOP] checking 2 open position(s)","timestamp":"2026-09-04T07:11:55.916Z"}
{"level":"info","message":"[MTF-CACHE] 15m refresh complete: 37/37 symbols","timestamp":"2026-09-04T07:13:12.613Z"}
{"level":"debug","message":"[RISK-LOOP] checking 2 open position(s)","timestamp":"2026-09-04T07:13:55.922Z"}
{"level":"debug","message":"[RISK-LOOP] checking 2 open position(s)","timestamp":"2026-09-04T07:15:55.921Z"}
{"level":"debug","message":"[RISK-LOOP] checking 2 open position(s)","timestamp":"2026-09-04T07:17:56.109Z"}
{"level":"debug","message":"[RISK-LOOP] checking 2 open position(s)","timestamp":"2026-09-04T07:19:55.929Z"}
{"level":"debug","message":"[RISK-LOOP] checking 2 open position(s)","timestamp":"2026-09-04T07:21:55.936Z"}
{"level":"debug","message":"[RISK-LOOP] checking 2 open position(s)","timestamp":"2026-09-04T07:23:55.934Z"}
{"level":"debug","message":"[RISK-LOOP] checking 2 open position(s)","timestamp":"2026-09-04T07:25:55.936Z"}
{"level":"debug","message":"[RISK-LOOP] checking 2 open position(s)","timestamp":"2026-09-04T07:27:56.118Z"}
{"level":"info","message":"[MTF-CACHE] 15m refresh complete: 37/37 symbols","timestamp":"2026-09-04T07:28:13.149Z"}
{"level":"debug","message":"[RISK-LOOP] checking 2 open position(s)","timestamp":"2026-09-04T07:29:55.941Z"}
{"level":"debug","message":"[RISK-LOOP] checking 2 open position(s)","timestamp":"2026-09-04T07:31:55.943Z"}
{"level":"debug","message":"[RISK-LOOP] checking 2 open position(s)","timestamp":"2026-09-04T07:33:55.942Z"}
{"level":"debug","message":"[RISK-LOOP] checking 2 open position(s)","timestamp":"2026-09-04T07:35:55.946Z"}
{"level":"debug","message":"[RISK-LOOP] checking 2 open position(s)","timestamp":"2026-09-04T07:37:55.948Z"}
{"level":"debug","message":"[RISK-LOOP] checking 2 open position(s)","timestamp":"2026-09-04T07:39:55.948Z"}
{"level":"debug","message":"[RISK-LOOP] checking 2 open position(s)","timestamp":"2026-09-04T07:41:55.948Z"}
{"level":"info","message":"[MTF-CACHE] 15m refresh complete: 37/37 symbols","timestamp":"2026-09-04T07:43:12.381Z"}
{"level":"debug","message":"[RISK-LOOP] checking 2 open position(s)","timestamp":"2026-09-04T07:43:55.953Z"}
{"level":"debug","message":"[RISK-LOOP] checking 2 open position(s)","timestamp":"2026-09-04T07:45:55.954Z"}
{"level":"debug","message":"[RISK-LOOP] checking 2 open position(s)","timestamp":"2026-09-04T07:47:55.955Z"}
{"level":"debug","message":"[RISK-LOOP] checking 2 open position(s)","timestamp":"2026-09-04T07:49:55.954Z"}
{"level":"debug","message":"[RISK-LOOP] checking 2 open position(s)","timestamp":"2026-09-04T07:51:55.956Z"}
{"level":"debug","message":"[RISK-LOOP] checking 2 open position(s)","timestamp":"2026-09-04T07:53:55.959Z"}
{"level":"debug","message":"[RISK-LOOP] checking 2 open position(s)","timestamp":"2026-09-04T07:55:55.961Z"}
{"level":"debug","message":"[RISK-LOOP] checking 2 open position(s)","timestamp":"2026-09-04T07:57:55.961Z"}
{"level":"info","message":"[MTF-CACHE] 15m refresh complete: 37/37 symbols","timestamp":"2026-09-04T07:58:12.859Z"}
{"level":"debug","message":"[RISK-LOOP] checking 2 open position(s)","timestamp":"2026-09-04T07:59:55.964Z"}
{"level":"debug","message":"[RISK-LOOP] checking 2 open position(s)","timestamp":"2026-09-04T08:01:55.964Z"}
{"level":"debug","message":"[RISK-LOOP] checking 2 open position(s)","timestamp":"2026-09-04T08:03:55.969Z"}
{"level":"debug","message":"[RISK-LOOP] checking 2 open position(s)","timestamp":"2026-09-04T08:05:55.967Z"}
{"level":"debug","message":"[RISK-LOOP] checking 2 open position(s)","timestamp":"2026-09-04T08:07:55.968Z"}
{"level":"debug","message":"[RISK-LOOP] checking 2 open position(s)","timestamp":"2026-09-04T08:09:55.970Z"}
{"level":"debug","message":"[RISK-LOOP] checking 2 open position(s)","timestamp":"2026-09-04T08:11:55.973Z"}
{"level":"info","message":"[MTF-CACHE] 15m refresh complete: 37/37 symbols","timestamp":"2026-09-04T08:13:12.413Z"}
{"level":"debug","message":"[RISK-LOOP] checking 2 open position(s)","timestamp":"2026-09-04T08:13:55.973Z"}
{"level":"debug","message":"[RISK-LOOP] checking 2 open position(s)","timestamp":"2026-09-04T08:15:55.974Z"}
{"level":"debug","message":"[RISK-LOOP] checking 2 open position(s)","timestamp":"2026-09-04T08:17:55.975Z"}
{"level":"debug","message":"[RISK-LOOP] checking 2 open position(s)","timestamp":"2026-09-04T08:19:55.977Z"}
{"level":"debug","message":"[RISK-LOOP] checking 2 open position(s)","timestamp":"2026-09-04T08:21:55.978Z"}
{"level":"debug","message":"[RISK-LOOP] checking 2 open position(s)","timestamp":"2026-09-04T08:23:55.978Z"}
{"level":"debug","message":"[RISK-LOOP] checking 2 open position(s)","timestamp":"2026-09-04T08:25:55.982Z"}
{"level":"debug","message":"[RISK-LOOP] checking 2 open position(s)","timestamp":"2026-09-04T08:27:55.980Z"}
{"level":"info","message":"[MTF-CACHE] 4h refresh complete: 37/37 symbols","timestamp":"2026-09-04T08:28:09.642Z"}
{"level":"info","message":"[MTF-CACHE] 15m refresh complete: 37/37 symbols","timestamp":"2026-09-04T08:28:12.521Z"}
{"level":"debug","message":"[RISK-LOOP] checking 2 open position(s)","timestamp":"2026-09-04T08:29:55.981Z"}
{"level":"debug","message":"[RISK-LOOP] checking 2 open position(s)","timestamp":"2026-09-04T08:31:55.983Z"}
{"level":"debug","message":"[RISK-LOOP] checking 2 open position(s)","timestamp":"2026-09-04T08:33:55.986Z"}
{"level":"debug","message":"[RISK-LOOP] checking 2 open position(s)","timestamp":"2026-09-04T08:35:55.987Z"}
{"level":"debug","message":"[RISK-LOOP] checking 2 open position(s)","timestamp":"2026-09-04T08:37:55.987Z"}
{"level":"debug","message":"[RISK-LOOP] checking 2 open position(s)","timestamp":"2026-09-04T08:39:55.990Z"}
{"level":"debug","message":"[RISK-LOOP] checking 2 open position(s)","timestamp":"2026-09-04T08:41:55.989Z"}
{"level":"info","message":"[MTF-CACHE] 15m refresh complete: 37/37 symbols","timestamp":"2026-09-04T08:43:12.546Z"}
{"level":"debug","message":"[RISK-LOOP] checking 2 open position(s)","timestamp":"2026-09-04T08:43:55.992Z"}
{"level":"debug","message":"[RISK-LOOP] checking 2 open position(s)","timestamp":"2026-09-04T08:45:55.995Z"}
{"level":"debug","message":"[RISK-LOOP] checking 2 open position(s)","timestamp":"2026-09-04T08:47:55.993Z"}
{"level":"debug","message":"[RISK-LOOP] checking 2 open position(s)","timestamp":"2026-09-04T08:49:55.991Z"}
{"level":"debug","message":"[RISK-LOOP] checking 2 open position(s)","timestamp":"2026-09-04T08:51:55.995Z"}
{"level":"debug","message":"[RISK-LOOP] checking 2 open position(s)","timestamp":"2026-09-04T08:53:55.993Z"}
{"level":"debug","message":"[RISK-LOOP] checking 2 open position(s)","timestamp":"2026-09-04T08:55:55.996Z"}
{"level":"debug","message":"[RISK-LOOP] checking 2 open position(s)","timestamp":"2026-09-04T08:57:56.034Z"}
{"level":"info","message":"[MTF-CACHE] 15m refresh complete: 37/37 symbols","timestamp":"2026-09-04T08:58:12.401Z"}
{"level":"debug","message":"[RISK-LOOP] checking 2 open position(s)","timestamp":"2026-09-04T08:59:55.999Z"}
{"level":"debug","message":"[RISK-LOOP] checking 2 open position(s)","timestamp":"2026-09-04T09:01:55.998Z"}
{"level":"debug","message":"[RISK-LOOP] checking 2 open position(s)","timestamp":"2026-09-04T09:03:56.000Z"}
{"level":"debug","message":"[RISK-LOOP] checking 2 open position(s)","timestamp":"2026-09-04T09:05:55.999Z"}
{"level":"debug","message":"[RISK-LOOP] checking 2 open position(s)","timestamp":"2026-09-04T09:07:56.200Z"}
{"level":"debug","message":"[RISK-LOOP] checking 2 open position(s)","timestamp":"2026-09-04T09:09:56.085Z"}
{"level":"debug","message":"[RISK-LOOP] checking 2 open position(s)","timestamp":"2026-09-04T09:11:56.165Z"}
{"level":"info","message":"[MTF-CACHE] 15m refresh complete: 37/37 symbols","timestamp":"2026-09-04T09:13:12.424Z"}
{"level":"debug","message":"[RISK-LOOP] checking 2 open position(s)","timestamp":"2026-09-04T09:13:56.178Z"}
{"level":"debug","message":"[RISK-LOOP] checking 2 open position(s)","timestamp":"2026-09-04T09:15:56.179Z"}
{"level":"debug","message":"[RISK-LOOP] checking 2 open position(s)","timestamp":"2026-09-04T09:17:56.268Z"}
{"level":"debug","message":"[RISK-LOOP] checking 2 open position(s)","timestamp":"2026-09-04T09:19:56.189Z"}
{"level":"debug","message":"[RISK-LOOP] checking 2 open position(s)","timestamp":"2026-09-04T09:21:56.001Z"}
{"level":"debug","message":"[RISK-LOOP] checking 2 open position(s)","timestamp":"2026-09-04T09:23:56.004Z"}
{"level":"debug","message":"[RISK-LOOP] checking 2 open position(s)","timestamp":"2026-09-04T09:25:56.007Z"}
{"level":"debug","message":"[RISK-LOOP] checking 2 open position(s)","timestamp":"2026-09-04T09:27:56.187Z"}
{"level":"info","message":"[MTF-CACHE] 15m refresh complete: 37/37 symbols","timestamp":"2026-09-04T09:28:12.388Z"}
{"level":"debug","message":"[RISK-LOOP] checking 2 open position(s)","timestamp":"2026-09-04T09:29:56.011Z"}
{"level":"debug","message":"[RISK-LOOP] checking 2 open position(s)","timestamp":"2026-09-04T09:31:56.017Z"}
{"level":"debug","message":"[RISK-LOOP] checking 2 open position(s)","timestamp":"2026-09-04T09:33:56.020Z"}
{"level":"debug","message":"[RISK-LOOP] checking 2 open position(s)","timestamp":"2026-09-04T09:35:56.018Z"}
{"level":"debug","message":"[RISK-LOOP] checking 2 open position(s)","timestamp":"2026-09-04T09:37:56.199Z"}
{"level":"debug","message":"[RISK-LOOP] checking 2 open position(s)","timestamp":"2026-09-04T09:39:56.024Z"}
{"level":"debug","message":"[RISK-LOOP] checking 2 open position(s)","timestamp":"2026-09-04T09:41:56.027Z"}
{"level":"info","message":"[MTF-CACHE] 15m refresh complete: 37/37 symbols","timestamp":"2026-09-04T09:43:13.531Z"}
{"level":"debug","message":"[RISK-LOOP] checking 2 open position(s)","timestamp":"2026-09-04T09:43:56.030Z"}
{"level":"debug","message":"[RISK-LOOP] checking 2 open position(s)","timestamp":"2026-09-04T09:45:56.032Z"}
{"level":"debug","message":"[RISK-LOOP] checking 2 open position(s)","timestamp":"2026-09-04T09:47:56.215Z"}
{"level":"debug","message":"[RISK-LOOP] checking 2 open position(s)","timestamp":"2026-09-04T09:49:56.037Z"}
{"level":"debug","message":"[RISK-LOOP] checking 2 open position(s)","timestamp":"2026-09-04T09:51:56.041Z"}
{"level":"debug","message":"[RISK-LOOP] checking 2 open position(s)","timestamp":"2026-09-04T09:53:56.045Z"}
{"level":"debug","message":"[RISK-LOOP] checking 2 open position(s)","timestamp":"2026-09-04T09:55:56.048Z"}
{"level":"debug","message":"[RISK-LOOP] checking 2 open position(s)","timestamp":"2026-09-04T09:57:56.232Z"}
{"level":"info","message":"[MTF-CACHE] 15m refresh complete: 37/37 symbols","timestamp":"2026-09-04T09:58:12.658Z"}
{"level":"debug","message":"[RISK-LOOP] checking 2 open position(s)","timestamp":"2026-09-04T09:59:56.055Z"}
{"level":"debug","message":"[RISK-LOOP] checking 2 open position(s)","timestamp":"2026-09-04T10:01:56.059Z"}
{"level":"debug","message":"[RISK-LOOP] checking 2 open position(s)","timestamp":"2026-09-04T10:03:56.059Z"}
{"level":"debug","message":"[RISK-LOOP] checking 2 open position(s)","timestamp":"2026-09-04T10:05:56.061Z"}
{"level":"debug","message":"[RISK-LOOP] checking 2 open position(s)","timestamp":"2026-09-04T10:07:56.381Z"}
{"level":"debug","message":"[RISK-LOOP] checking 2 open position(s)","timestamp":"2026-09-04T10:09:56.070Z"}
{"level":"debug","message":"[RISK-LOOP] checking 2 open position(s)","timestamp":"2026-09-04T10:11:56.074Z"}
{"level":"info","message":"[MTF-CACHE] 15m refresh complete: 37/37 symbols","timestamp":"2026-09-04T10:13:12.428Z"}
{"level":"debug","message":"[RISK-LOOP] checking 2 open position(s)","timestamp":"2026-09-04T10:13:56.073Z"}
{"level":"debug","message":"[RISK-LOOP] checking 2 open position(s)","timestamp":"2026-09-04T10:15:56.081Z"}
{"level":"debug","message":"[RISK-LOOP] checking 2 open position(s)","timestamp":"2026-09-04T10:17:56.260Z"}
{"level":"debug","message":"[RISK-LOOP] checking 2 open position(s)","timestamp":"2026-09-04T10:19:56.083Z"}
{"level":"debug","message":"[RISK-LOOP] checking 2 open position(s)","timestamp":"2026-09-04T10:21:56.086Z"}
{"level":"debug","message":"[RISK-LOOP] checking 2 open position(s)","timestamp":"2026-09-04T10:23:56.088Z"}
{"level":"debug","message":"[RISK-LOOP] checking 2 open position(s)","timestamp":"2026-09-04T10:25:56.089Z"}
{"level":"debug","message":"[RISK-LOOP] checking 2 open position(s)","timestamp":"2026-09-04T10:27:56.089Z"}
{"level":"info","message":"[MTF-CACHE] 15m refresh complete: 37/37 symbols","timestamp":"2026-09-04T10:28:13.298Z"}
{"level":"debug","message":"[RISK-LOOP] checking 2 open position(s)","timestamp":"2026-09-04T10:29:56.092Z"}
{"level":"debug","message":"[RISK-LOOP] checking 2 open position(s)","timestamp":"2026-09-04T10:31:56.093Z"}
{"level":"debug","message":"[RISK-LOOP] checking 2 open position(s)","timestamp":"2026-09-04T10:33:56.096Z"}
{"level":"debug","message":"[RISK-LOOP] checking 2 open position(s)","timestamp":"2026-09-04T10:35:56.099Z"}
{"level":"debug","message":"[RISK-LOOP] checking 2 open position(s)","timestamp":"2026-09-04T10:37:56.100Z"}
{"level":"debug","message":"[RISK-LOOP] checking 2 open position(s)","timestamp":"2026-09-04T10:39:56.100Z"}
{"level":"debug","message":"[RISK-LOOP] checking 2 open position(s)","timestamp":"2026-09-04T10:41:56.104Z"}
{"level":"info","message":"[MTF-CACHE] 15m refresh complete: 37/37 symbols","timestamp":"2026-09-04T10:43:13.348Z"}
{"level":"debug","message":"[RISK-LOOP] checking 2 open position(s)","timestamp":"2026-09-04T10:43:56.105Z"}
{"level":"debug","message":"[RISK-LOOP] checking 2 open position(s)","timestamp":"2026-09-04T10:45:56.561Z"}
{"level":"debug","message":"[RISK-LOOP] checking 2 open position(s)","timestamp":"2026-09-04T10:47:56.561Z"}
{"level":"debug","message":"[RISK-LOOP] checking 2 open position(s)","timestamp":"2026-09-04T10:49:56.111Z"}
{"level":"debug","message":"[RISK-LOOP] checking 2 open position(s)","timestamp":"2026-09-04T10:51:56.110Z"}
{"level":"debug","message":"[RISK-LOOP] checking 2 open position(s)","timestamp":"2026-09-04T10:53:56.109Z"}
{"level":"debug","message":"[RISK-LOOP] checking 2 open position(s)","timestamp":"2026-09-04T10:55:56.112Z"}
{"level":"debug","message":"[RISK-LOOP] checking 2 open position(s)","timestamp":"2026-09-04T10:57:56.116Z"}
{"level":"info","message":"[MTF-CACHE] 15m refresh complete: 37/37 symbols","timestamp":"2026-09-04T10:58:12.424Z"}
{"level":"debug","message":"[RISK-LOOP] checking 2 open position(s)","timestamp":"2026-09-04T10:59:56.198Z"}
{"level":"debug","message":"[RISK-LOOP] checking 2 open position(s)","timestamp":"2026-09-04T11:01:56.119Z"}
{"level":"debug","message":"[RISK-LOOP] checking 2 open position(s)","timestamp":"2026-09-04T11:03:56.272Z"}
{"level":"debug","message":"[RISK-LOOP] checking 2 open position(s)","timestamp":"2026-09-04T11:05:56.120Z"}
{"level":"debug","message":"[RISK-LOOP] checking 2 open position(s)","timestamp":"2026-09-04T11:07:56.122Z"}
{"level":"debug","message":"[RISK-LOOP] checking 2 open position(s)","timestamp":"2026-09-04T11:09:56.121Z"}
{"level":"debug","message":"[RISK-LOOP] checking 2 open position(s)","timestamp":"2026-09-04T11:11:56.124Z"}
{"level":"info","message":"[MTF-CACHE] 15m refresh complete: 37/37 symbols","timestamp":"2026-09-04T11:13:12.429Z"}
{"level":"debug","message":"[RISK-LOOP] checking 2 open position(s)","timestamp":"2026-09-04T11:13:56.124Z"}
{"level":"debug","message":"[RISK-LOOP] checking 2 open position(s)","timestamp":"2026-09-04T11:15:56.128Z"}
{"level":"debug","message":"[RISK-LOOP] checking 2 open position(s)","timestamp":"2026-09-04T11:17:56.126Z"}
{"level":"debug","message":"[RISK-LOOP] checking 2 open position(s)","timestamp":"2026-09-04T11:19:56.129Z"}
{"level":"debug","message":"[RISK-LOOP] checking 2 open position(s)","timestamp":"2026-09-04T11:21:56.131Z"}
{"level":"debug","message":"[RISK-LOOP] checking 2 open position(s)","timestamp":"2026-09-04T11:23:56.127Z"}
{"level":"debug","message":"[RISK-LOOP] checking 2 open position(s)","timestamp":"2026-09-04T11:25:56.131Z"}
{"level":"debug","message":"[RISK-LOOP] checking 2 open position(s)","timestamp":"2026-09-04T11:27:56.133Z"}
{"level":"info","message":"[MTF-CACHE] 15m refresh complete: 37/37 symbols","timestamp":"2026-09-04T11:28:13.596Z"}
{"level":"debug","message":"[RISK-LOOP] checking 2 open position(s)","timestamp":"2026-09-04T11:29:56.137Z"}
{"level":"debug","message":"[RISK-LOOP] checking 2 open position(s)","timestamp":"2026-09-04T11:31:56.137Z"}
{"level":"debug","message":"[RISK-LOOP] checking 2 open position(s)","timestamp":"2026-09-04T11:33:56.139Z"}
{"level":"debug","message":"[RISK-LOOP] checking 2 open position(s)","timestamp":"2026-09-04T11:35:56.141Z"}
{"level":"debug","message":"[RISK-LOOP] checking 2 open position(s)","timestamp":"2026-09-04T11:37:56.140Z"}
{"level":"debug","message":"[RISK-LOOP] checking 2 open position(s)","timestamp":"2026-09-04T11:39:56.146Z"}
{"level":"debug","message":"[RISK-LOOP] checking 2 open position(s)","timestamp":"2026-09-04T11:41:56.145Z"}
{"level":"info","message":"[MTF-CACHE] 15m refresh complete: 37/37 symbols","timestamp":"2026-09-04T11:43:12.930Z"}
{"level":"debug","message":"[RISK-LOOP] checking 2 open position(s)","timestamp":"2026-09-04T11:43:56.146Z"}
{"level":"debug","message":"[RISK-LOOP] checking 2 open position(s)","timestamp":"2026-09-04T11:45:56.145Z"}
{"level":"debug","message":"[RISK-LOOP] checking 2 open position(s)","timestamp":"2026-09-04T11:47:56.151Z"}
{"level":"debug","message":"[RISK-LOOP] checking 2 open position(s)","timestamp":"2026-09-04T11:49:56.146Z"}
{"level":"debug","message":"[RISK-LOOP] checking 2 open position(s)","timestamp":"2026-09-04T11:51:56.150Z"}
{"level":"debug","message":"[RISK-LOOP] checking 2 open position(s)","timestamp":"2026-09-04T11:53:56.151Z"}
{"level":"debug","message":"[RISK-LOOP] checking 2 open position(s)","timestamp":"2026-09-04T11:55:56.151Z"}
{"level":"debug","message":"[RISK-LOOP] checking 2 open position(s)","timestamp":"2026-09-04T11:57:56.151Z"}
{"level":"info","message":"[MTF-CACHE] 15m refresh complete: 37/37 symbols","timestamp":"2026-09-04T11:58:12.805Z"}
{"level":"debug","message":"[RISK-LOOP] checking 2 open position(s)","timestamp":"2026-09-04T11:59:56.156Z"}
{"level":"debug","message":"[CYCLE] Correlated pairs (r>0.85): BTC/ETH=0.85, ADA/DOGE=0.86, DOGE/PEPE=0.89","timestamp":"2026-09-04T12:00:03.011Z"}
{"level":"debug","message":"[CYCLE] ATR sizing: medianATRPct=3.55% (37 symbols)","timestamp":"2026-09-04T12:00:03.017Z"}
{"level":"debug","message":"[CYCLE] BTC macro: bull=true EMA200","timestamp":"2026-09-04T12:00:03.019Z"}
{"level":"debug","message":"[REGIME] BULL_TREND  candidate=BULL_TREND streak=0  (ADX 46.69)","timestamp":"2026-09-04T12:00:03.021Z"}
{"level":"debug","message":"[DRIFT] only 4 live trades (< 10) — not enough to judge (n=4, WR 50%)","timestamp":"2026-09-04T12:00:03.294Z"}
{"level":"debug","message":"[CYCLE] XRP/USDC: starting cycle, candles=1522 lastClose=1.45080000 lastTs=2026-09-04T12:00:00.000Z","timestamp":"2026-09-04T12:00:04.381Z"}
{"level":"debug","message":"[AGG] XRP/USDC: strategy[0]=BollingerBands → HOLD conf=0.20 \"Price 1.4508 inside BB [1.3239–1.4675]\"","timestamp":"2026-09-04T12:00:04.405Z"}
{"level":"debug","message":"[AGG] XRP/USDC: strategy[1]=Stochastic → HOLD conf=0.20 \"Stoch K=81.1 D=67.0 — no crossover in extreme zone\"","timestamp":"2026-09-04T12:00:04.405Z"}
{"level":"debug","message":"[AGG] XRP/USDC: strategy[2]=EMA → HOLD conf=0.20 \"No EMA crossover (fast 1.3936 vs slow 1.3647)\"","timestamp":"2026-09-04T12:00:04.405Z"}
{"level":"debug","message":"[AGG] XRP/USDC: votes BUY=0.00 SELL=0.00 HOLD=0.60 total_voters=3 external=0","timestamp":"2026-09-04T12:00:04.405Z"}
{"level":"debug","message":"[AGG] XRP/USDC: decision=HOLD confidence=0.20 tie=false belowMin=true (minConf=0.35750000000000004)","timestamp":"2026-09-04T12:00:04.405Z"}
{"level":"debug","message":"[CYCLE] BTC/USDC: starting cycle, candles=1522 lastClose=81226.29000000 lastTs=2026-09-04T12:00:00.000Z","timestamp":"2026-09-04T12:00:04.411Z"}
{"level":"debug","message":"[AGG] BTC/USDC: strategy[0]=EMA → HOLD conf=0.20 \"No EMA crossover (fast 78749.3882 vs slow 77164.5146)\"","timestamp":"2026-09-04T12:00:04.413Z"}
{"level":"debug","message":"[AGG] BTC/USDC: strategy[1]=PSAR → HOLD conf=0.10 \"PSAR uptrend continues (SAR 76356.7018)\"","timestamp":"2026-09-04T12:00:04.413Z"}
{"level":"debug","message":"[AGG] BTC/USDC: strategy[2]=HeikinAshi → HOLD conf=0.15 \"HA bullish continuation\"","timestamp":"2026-09-04T12:00:04.413Z"}
{"level":"debug","message":"[AGG] BTC/USDC: votes BUY=0.00 SELL=0.00 HOLD=0.45 total_voters=3 external=0","timestamp":"2026-09-04T12:00:04.413Z"}
{"level":"debug","message":"[AGG] BTC/USDC: decision=HOLD confidence=0.15 tie=false belowMin=true (minConf=0.35750000000000004)","timestamp":"2026-09-04T12:00:04.413Z"}
{"level":"debug","message":"[CYCLE] LINK/USDC: starting cycle, candles=1522 lastClose=12.03200000 lastTs=2026-09-04T12:00:00.000Z","timestamp":"2026-09-04T12:00:04.443Z"}
{"level":"debug","message":"[AGG] LINK/USDC: strategy[0]=BollingerBands → SELL conf=0.53 \"Price 12.0340 ≥ upper BB 12.0025 (bw 9.6%)\"","timestamp":"2026-09-04T12:00:04.463Z"}
{"level":"debug","message":"[AGG] LINK/USDC: strategy[1]=Stochastic → HOLD conf=0.20 \"Stoch K=89.8 D=67.1 — no crossover in extreme zone\"","timestamp":"2026-09-04T12:00:04.464Z"}
{"level":"debug","message":"[AGG] LINK/USDC: strategy[2]=Supertrend → HOLD conf=0.10 \"Supertrend uptrend continues (ST 10.7011)\"","timestamp":"2026-09-04T12:00:04.464Z"}
{"level":"debug","message":"[AGG] LINK/USDC: votes BUY=0.00 SELL=0.53 HOLD=0.30 total_voters=3 external=0","timestamp":"2026-09-04T12:00:04.464Z"}
{"level":"debug","message":"[AGG] LINK/USDC: decision=HOLD confidence=0.18 tie=false belowMin=true (minConf=0.45499999999999996)","timestamp":"2026-09-04T12:00:04.464Z"}
{"level":"debug","message":"[CYCLE] LTC/USDC: starting cycle, candles=1522 lastClose=51.32000000 lastTs=2026-09-04T12:00:00.000Z","timestamp":"2026-09-04T12:00:04.494Z"}
{"level":"debug","message":"[AGG] LTC/USDC: strategy[0]=BollingerBands → HOLD conf=0.20 \"Price 51.3200 inside BB [47.6879–51.5091]\"","timestamp":"2026-09-04T12:00:04.517Z"}
{"level":"debug","message":"[AGG] LTC/USDC: strategy[1]=EMA → HOLD conf=0.20 \"No EMA crossover (fast 50.0176 vs slow 49.4873)\"","timestamp":"2026-09-04T12:00:04.517Z"}
{"level":"debug","message":"[AGG] LTC/USDC: strategy[2]=WilliamsR → SELL conf=0.75 \"%R -12.5 overbought ↓ reversal confirmed\"","timestamp":"2026-09-04T12:00:04.517Z"}
{"level":"debug","message":"[AGG] LTC/USDC: votes BUY=0.00 SELL=0.75 HOLD=0.40 total_voters=3 external=0","timestamp":"2026-09-04T12:00:04.518Z"}
{"level":"debug","message":"[AGG] LTC/USDC: decision=HOLD confidence=0.25 tie=false belowMin=true (minConf=0.35750000000000004)","timestamp":"2026-09-04T12:00:04.518Z"}
{"level":"debug","message":"[CYCLE] BNB/USDC: starting cycle, candles=1522 lastClose=724.39000000 lastTs=2026-09-04T12:00:00.000Z","timestamp":"2026-09-04T12:00:04.524Z"}
{"level":"debug","message":"[AGG] BNB/USDC: strategy[0]=WilliamsR → SELL conf=0.80 \"%R -10.1 overbought ↓ reversal confirmed\"","timestamp":"2026-09-04T12:00:04.531Z"}
{"level":"debug","message":"[AGG] BNB/USDC: strategy[1]=HeikinAshi → HOLD conf=0.15 \"HA bullish continuation\"","timestamp":"2026-09-04T12:00:04.531Z"}
{"level":"debug","message":"[AGG] BNB/USDC: strategy[2]=SupportResistance → SELL conf=0.73 \"Resistance 730.8567 (3×) +pin\"","timestamp":"2026-09-04T12:00:04.531Z"}
{"level":"debug","message":"[AGG] BNB/USDC: votes BUY=0.00 SELL=1.53 HOLD=0.15 total_voters=3 external=0","timestamp":"2026-09-04T12:00:04.531Z"}
{"level":"debug","message":"[AGG] BNB/USDC: decision=SELL confidence=0.51 tie=false","timestamp":"2026-09-04T12:00:04.531Z"}
{"level":"debug","message":"[CYCLE] NEAR/USDC: starting cycle, candles=1522 lastClose=2.02300000 lastTs=2026-09-04T12:00:00.000Z","timestamp":"2026-09-04T12:00:04.535Z"}
{"level":"debug","message":"[AGG] NEAR/USDC: strategy[0]=RSI → HOLD conf=0.20 \"RSI 62.6 neutral\"","timestamp":"2026-09-04T12:00:04.569Z"}
{"level":"debug","message":"[AGG] NEAR/USDC: strategy[1]=BollingerBands → SELL conf=0.64 \"Price 2.0230 ≥ upper BB 1.9935 (bw 11.2%)\"","timestamp":"2026-09-04T12:00:04.569Z"}
{"level":"debug","message":"[AGG] NEAR/USDC: strategy[2]=Stochastic → HOLD conf=0.20 \"Stoch K=91.0 D=67.3 — no crossover in extreme zone\"","timestamp":"2026-09-04T12:00:04.569Z"}
{"level":"debug","message":"[AGG] NEAR/USDC: strategy[3]=SupportResistance → BUY conf=0.62 \"Support 2.0240 (3×)\"","timestamp":"2026-09-04T12:00:04.569Z"}
{"level":"debug","message":"[AGG] NEAR/USDC: votes BUY=0.62 SELL=0.64 HOLD=0.40 total_voters=4 external=0","timestamp":"2026-09-04T12:00:04.569Z"}
{"level":"debug","message":"[AGG] NEAR/USDC: decision=HOLD confidence=0.16 tie=false belowMin=true (minConf=0.45499999999999996)","timestamp":"2026-09-04T12:00:04.570Z"}
{"level":"debug","message":"[CYCLE] BCH/USDC: starting cycle, candles=1522 lastClose=260.00000000 lastTs=2026-09-04T12:00:00.000Z","timestamp":"2026-09-04T12:00:04.581Z"}
{"level":"debug","message":"[AGG] BCH/USDC: strategy[0]=BollingerBands → HOLD conf=0.20 \"Price 259.9000 inside BB [234.3458–273.2342]\"","timestamp":"2026-09-04T12:00:04.588Z"}
{"level":"debug","message":"[AGG] BCH/USDC: strategy[1]=OBV → HOLD conf=0.20 \"OBV above EMA-20 — no cross\"","timestamp":"2026-09-04T12:00:04.588Z"}
{"level":"debug","message":"[AGG] BCH/USDC: strategy[2]=WilliamsR → HOLD conf=0.20 \"%R -20.5 neutral\"","timestamp":"2026-09-04T12:00:04.588Z"}
{"level":"debug","message":"[AGG] BCH/USDC: votes BUY=0.00 SELL=0.00 HOLD=0.60 total_voters=3 external=0","timestamp":"2026-09-04T12:00:04.588Z"}
{"level":"debug","message":"[AGG] BCH/USDC: decision=HOLD confidence=0.20 tie=false belowMin=true (minConf=0.35750000000000004)","timestamp":"2026-09-04T12:00:04.588Z"}
{"level":"debug","message":"[CYCLE] TRX/USDC: starting cycle, candles=1462 lastClose=0.32970000 lastTs=2026-09-04T12:00:00.000Z","timestamp":"2026-09-04T12:00:04.590Z"}
{"level":"debug","message":"[AGG] TRX/USDC: strategy[0]=CCI → HOLD conf=0.20 \"CCI -58.5 neutral\"","timestamp":"2026-09-04T12:00:04.606Z"}
{"level":"debug","message":"[AGG] TRX/USDC: strategy[1]=Stochastic → HOLD conf=0.20 \"Stoch K=39.2 D=38.0 — no crossover in extreme zone\"","timestamp":"2026-09-04T12:00:04.606Z"}
{"level":"debug","message":"[AGG] TRX/USDC: strategy[2]=StochRSI → HOLD conf=0.20 \"StochRSI K=52.7 D=50.1 — no extreme crossover\"","timestamp":"2026-09-04T12:00:04.606Z"}
{"level":"debug","message":"[AGG] TRX/USDC: votes BUY=0.00 SELL=0.00 HOLD=0.60 total_voters=3 external=0","timestamp":"2026-09-04T12:00:04.606Z"}
{"level":"debug","message":"[AGG] TRX/USDC: decision=HOLD confidence=0.20 tie=false belowMin=true (minConf=0.45499999999999996)","timestamp":"2026-09-04T12:00:04.606Z"}
{"level":"debug","message":"[CYCLE] CRV/USDC: starting cycle, candles=1522 lastClose=0.36790000 lastTs=2026-09-04T12:00:00.000Z","timestamp":"2026-09-04T12:00:04.617Z"}
{"level":"debug","message":"[AGG] CRV/USDC: strategy[0]=ADX → BUY conf=0.72 \"ADX 32.5 uptrend (+DI 32.4 > -DI 9.6)\"","timestamp":"2026-09-04T12:00:04.629Z"}
{"level":"debug","message":"[AGG] CRV/USDC: strategy[1]=StochRSI → HOLD conf=0.20 \"StochRSI K=81.3 D=82.5 — no extreme crossover\"","timestamp":"2026-09-04T12:00:04.629Z"}
{"level":"debug","message":"[AGG] CRV/USDC: strategy[2]=SupportResistance → HOLD conf=0.10 \"No significant S/R zone nearby\"","timestamp":"2026-09-04T12:00:04.629Z"}
{"level":"debug","message":"[AGG] CRV/USDC: votes BUY=0.72 SELL=0.00 HOLD=0.30 total_voters=3 external=0","timestamp":"2026-09-04T12:00:04.629Z"}
{"level":"debug","message":"[AGG] CRV/USDC: decision=HOLD confidence=0.24 tie=false belowMin=true (minConf=0.35750000000000004)","timestamp":"2026-09-04T12:00:04.629Z"}
{"level":"debug","message":"[CYCLE] ENS/USDC: starting cycle, candles=1522 lastClose=5.96000000 lastTs=2026-09-04T12:00:00.000Z","timestamp":"2026-09-04T12:00:04.636Z"}
{"level":"debug","message":"[AGG] ENS/USDC: strategy[0]=BollingerBands → HOLD conf=0.20 \"Price 5.9600 inside BB [5.3381–6.1079]\"","timestamp":"2026-09-04T12:00:04.640Z"}
{"level":"debug","message":"[AGG] ENS/USDC: strategy[1]=PSAR → HOLD conf=0.10 \"PSAR downtrend continues (SAR 6.1924)\"","timestamp":"2026-09-04T12:00:04.640Z"}
{"level":"debug","message":"[AGG] ENS/USDC: strategy[2]=SupportResistance → HOLD conf=0.10 \"No significant S/R zone nearby\"","timestamp":"2026-09-04T12:00:04.641Z"}
{"level":"debug","message":"[AGG] ENS/USDC: votes BUY=0.00 SELL=0.00 HOLD=0.40 total_voters=3 external=0","timestamp":"2026-09-04T12:00:04.641Z"}
{"level":"debug","message":"[AGG] ENS/USDC: decision=HOLD confidence=0.13 tie=false belowMin=true (minConf=0.35750000000000004)","timestamp":"2026-09-04T12:00:04.641Z"}
{"level":"warn","message":"GMX/USDC: candle series stale (newest bar 56.5d old) — skipping cycle","timestamp":"2026-09-04T12:00:04.651Z"}
{"level":"debug","message":"[CYCLE] JTO/USDC: starting cycle, candles=1522 lastClose=0.43190000 lastTs=2026-09-04T12:00:00.000Z","timestamp":"2026-09-04T12:00:04.664Z"}
{"level":"debug","message":"[AGG] JTO/USDC: strategy[0]=CCI → HOLD conf=0.20 \"CCI -67.2 neutral\"","timestamp":"2026-09-04T12:00:04.668Z"}
{"level":"debug","message":"[AGG] JTO/USDC: strategy[1]=PSAR → HOLD conf=0.10 \"PSAR uptrend continues (SAR 0.4128)\"","timestamp":"2026-09-04T12:00:04.668Z"}
{"level":"debug","message":"[AGG] JTO/USDC: strategy[2]=SupportResistance → HOLD conf=0.10 \"No significant S/R zone nearby\"","timestamp":"2026-09-04T12:00:04.668Z"}
{"level":"debug","message":"[AGG] JTO/USDC: votes BUY=0.00 SELL=0.00 HOLD=0.40 total_voters=3 external=0","timestamp":"2026-09-04T12:00:04.668Z"}
{"level":"debug","message":"[AGG] JTO/USDC: decision=HOLD confidence=0.13 tie=false belowMin=true (minConf=0.35750000000000004)","timestamp":"2026-09-04T12:00:04.668Z"}
{"level":"debug","message":"[CYCLE] XRP/USDC: sizing positionPct=0.1718 (base=0.15 atr=0.035490792061505474 regime=on conf=0.20 macro=bull mtf=1.0)","timestamp":"2026-09-04T12:00:04.679Z"}
{"level":"info","message":"XRP/USDC: decision=HOLD confidence=20% price=1.45080000 external_signals=0","timestamp":"2026-09-04T12:00:04.679Z"}
{"level":"info","message":"XRP/USDC: Price 1.4508 inside BB [1.3239–1.4675] | Stoch K=81.1 D=67.0 — no crossover in extreme zone | No EMA crossover (fast 1.3936 vs slow 1.3647)","timestamp":"2026-09-04T12:00:04.679Z"}
{"level":"debug","message":"[CYCLE] LDO/USDC: starting cycle, candles=1522 lastClose=0.39400000 lastTs=2026-09-04T12:00:00.000Z","timestamp":"2026-09-04T12:00:04.700Z"}
{"level":"debug","message":"[AGG] LDO/USDC: strategy[0]=MACD → HOLD conf=0.20 \"MACD 0.0098 vs signal 0.0079 hist:0.0019\"","timestamp":"2026-09-04T12:00:04.709Z"}
{"level":"debug","message":"[AGG] LDO/USDC: strategy[1]=ADX → BUY conf=0.82 \"ADX 42.3 uptrend (+DI 28.0 > -DI 7.9)\"","timestamp":"2026-09-04T12:00:04.709Z"}
{"level":"debug","message":"[AGG] LDO/USDC: strategy[2]=WilliamsR → SELL conf=0.64 \"%R -17.9 overbought ↓ reversal confirmed\"","timestamp":"2026-09-04T12:00:04.709Z"}
{"level":"debug","message":"[AGG] LDO/USDC: votes BUY=0.82 SELL=0.64 HOLD=0.20 total_voters=3 external=0","timestamp":"2026-09-04T12:00:04.709Z"}
{"level":"debug","message":"[AGG] LDO/USDC: decision=HOLD confidence=0.27 tie=false belowMin=true (minConf=0.35750000000000004)","timestamp":"2026-09-04T12:00:04.709Z"}
{"level":"warn","message":"LSK/USDC: candle series stale (newest bar 84.5d old) — skipping cycle","timestamp":"2026-09-04T12:00:04.711Z"}
{"level":"debug","message":"[CYCLE] PAXG/USDC: starting cycle, candles=1016 lastClose=4469.86000000 lastTs=2026-09-04T12:00:00.000Z","timestamp":"2026-09-04T12:00:04.754Z"}
{"level":"debug","message":"[AGG] PAXG/USDC: strategy[0]=MACD → HOLD conf=0.20 \"MACD -18.7818 vs signal -14.0517 hist:-4.7301\"","timestamp":"2026-09-04T12:00:04.758Z"}
{"level":"debug","message":"[AGG] PAXG/USDC: strategy[1]=ADX → BUY conf=0.56 \"ADX 30.4 uptrend (+DI 27.6 > -DI 26.1)\"","timestamp":"2026-09-04T12:00:04.758Z"}
{"level":"debug","message":"[AGG] PAXG/USDC: strategy[2]=Supertrend → HOLD conf=0.10 \"Supertrend uptrend continues (ST 4313.8820)\"","timestamp":"2026-09-04T12:00:04.758Z"}
{"level":"debug","message":"[AGG] PAXG/USDC: votes BUY=0.56 SELL=0.00 HOLD=0.30 total_voters=3 external=0","timestamp":"2026-09-04T12:00:04.758Z"}
{"level":"debug","message":"[AGG] PAXG/USDC: decision=HOLD confidence=0.19 tie=false belowMin=true (minConf=0.35750000000000004)","timestamp":"2026-09-04T12:00:04.758Z"}
{"level":"debug","message":"[CYCLE] SUI/USDC: starting cycle, candles=1522 lastClose=0.77670000 lastTs=2026-09-04T12:00:00.000Z","timestamp":"2026-09-04T12:00:04.787Z"}
{"level":"debug","message":"[AGG] SUI/USDC: strategy[0]=RSI → HOLD conf=0.20 \"RSI 57.6 neutral\"","timestamp":"2026-09-04T12:00:04.801Z"}
{"level":"debug","message":"[AGG] SUI/USDC: strategy[1]=Stochastic → HOLD conf=0.20 \"Stoch K=79.7 D=76.7 — no crossover in extreme zone\"","timestamp":"2026-09-04T12:00:04.801Z"}
{"level":"debug","message":"[AGG] SUI/USDC: strategy[2]=MFI → HOLD conf=0.20 \"MFI 49.3 neutral\"","timestamp":"2026-09-04T12:00:04.801Z"}
{"level":"debug","message":"[AGG] SUI/USDC: votes BUY=0.00 SELL=0.00 HOLD=0.60 total_voters=3 external=0","timestamp":"2026-09-04T12:00:04.801Z"}
{"level":"debug","message":"[AGG] SUI/USDC: decision=HOLD confidence=0.20 tie=false belowMin=true (minConf=0.45499999999999996)","timestamp":"2026-09-04T12:00:04.801Z"}
{"level":"warn","message":"VANRY/USDC: candle series stale (newest bar 18.5d old) — skipping cycle","timestamp":"2026-09-04T12:00:04.825Z"}
{"level":"debug","message":"[CYCLE] PIXEL/USDC: starting cycle, candles=1522 lastClose=0.00501000 lastTs=2026-09-04T12:00:00.000Z","timestamp":"2026-09-04T12:00:04.839Z"}
{"level":"debug","message":"[AGG] PIXEL/USDC: strategy[0]=EMA → HOLD conf=0.20 \"No EMA crossover (fast 0.0049 vs slow 0.0049)\"","timestamp":"2026-09-04T12:00:04.841Z"}
{"level":"debug","message":"[AGG] PIXEL/USDC: strategy[1]=ADX → BUY conf=0.50 \"ADX 20.9 uptrend (+DI 22.8 > -DI 18.4)\"","timestamp":"2026-09-04T12:00:04.841Z"}
{"level":"debug","message":"[AGG] PIXEL/USDC: strategy[2]=SupportResistance → HOLD conf=0.10 \"No significant S/R zone nearby\"","timestamp":"2026-09-04T12:00:04.842Z"}
{"level":"debug","message":"[AGG] PIXEL/USDC: votes BUY=0.50 SELL=0.00 HOLD=0.30 total_voters=3 external=0","timestamp":"2026-09-04T12:00:04.842Z"}
{"level":"debug","message":"[AGG] PIXEL/USDC: decision=HOLD confidence=0.17 tie=false belowMin=true (minConf=0.35750000000000004)","timestamp":"2026-09-04T12:00:04.842Z"}
{"level":"debug","message":"[CYCLE] ADA/USDC: starting cycle, candles=1522 lastClose=0.22140000 lastTs=2026-09-04T12:00:00.000Z","timestamp":"2026-09-04T12:00:04.903Z"}
{"level":"debug","message":"[AGG] ADA/USDC: strategy[0]=RSI → HOLD conf=0.20 \"RSI 65.7 neutral\"","timestamp":"2026-09-04T12:00:04.926Z"}
{"level":"debug","message":"[AGG] ADA/USDC: strategy[1]=BollingerBands → SELL conf=0.50 \"Price 0.2214 ≥ upper BB 0.2213 (bw 15.8%)\"","timestamp":"2026-09-04T12:00:04.926Z"}
{"level":"debug","message":"[AGG] ADA/USDC: strategy[2]=CCI → HOLD conf=0.78 \"CCI 170.4 overbought — still rising, wait\"","timestamp":"2026-09-04T12:00:04.926Z"}
{"level":"debug","message":"[AGG] ADA/USDC: votes BUY=0.00 SELL=0.50 HOLD=0.98 total_voters=3 external=0","timestamp":"2026-09-04T12:00:04.926Z"}
{"level":"debug","message":"[AGG] ADA/USDC: decision=HOLD confidence=0.33 tie=false belowMin=true (minConf=0.35750000000000004)","timestamp":"2026-09-04T12:00:04.926Z"}
{"level":"debug","message":"[CYCLE] INJ/USDC: starting cycle, candles=1522 lastClose=4.82600000 lastTs=2026-09-04T12:00:00.000Z","timestamp":"2026-09-04T12:00:04.930Z"}
{"level":"debug","message":"[AGG] INJ/USDC: strategy[0]=ADX → HOLD conf=0.10 \"ADX 16.9 < 25 — ranging, skip\"","timestamp":"2026-09-04T12:00:04.935Z"}
{"level":"debug","message":"[AGG] INJ/USDC: strategy[1]=OBV → HOLD conf=0.20 \"OBV below EMA-20 — no cross\"","timestamp":"2026-09-04T12:00:04.935Z"}
{"level":"debug","message":"[AGG] INJ/USDC: strategy[2]=StochRSI → HOLD conf=0.20 \"StochRSI K=20.8 D=34.3 — no extreme crossover\"","timestamp":"2026-09-04T12:00:04.935Z"}
{"level":"debug","message":"[AGG] INJ/USDC: votes BUY=0.00 SELL=0.00 HOLD=0.50 total_voters=3 external=0","timestamp":"2026-09-04T12:00:04.935Z"}
{"level":"debug","message":"[AGG] INJ/USDC: decision=HOLD confidence=0.17 tie=false belowMin=true (minConf=0.35750000000000004)","timestamp":"2026-09-04T12:00:04.935Z"}
{"level":"debug","message":"[CYCLE] AVAX/USDC: starting cycle, candles=1522 lastClose=7.49200000 lastTs=2026-09-04T12:00:00.000Z","timestamp":"2026-09-04T12:00:04.937Z"}
{"level":"debug","message":"[AGG] AVAX/USDC: strategy[0]=RSI → HOLD conf=0.20 \"RSI 59.4 neutral\"","timestamp":"2026-09-04T12:00:04.940Z"}
{"level":"debug","message":"[AGG] AVAX/USDC: strategy[1]=MACD → HOLD conf=0.20 \"MACD 0.0679 vs signal 0.0732 hist:-0.0052\"","timestamp":"2026-09-04T12:00:04.940Z"}
{"level":"debug","message":"[AGG] AVAX/USDC: strategy[2]=PSAR → HOLD conf=0.10 \"PSAR downtrend continues (SAR 7.5830)\"","timestamp":"2026-09-04T12:00:04.940Z"}
{"level":"debug","message":"[AGG] AVAX/USDC: votes BUY=0.00 SELL=0.00 HOLD=0.50 total_voters=3 external=0","timestamp":"2026-09-04T12:00:04.940Z"}
{"level":"debug","message":"[AGG] AVAX/USDC: decision=HOLD confidence=0.17 tie=false belowMin=true (minConf=0.35750000000000004)","timestamp":"2026-09-04T12:00:04.940Z"}
{"level":"debug","message":"[CYCLE] WLD/USDC: starting cycle, candles=1522 lastClose=0.39010000 lastTs=2026-09-04T12:00:00.000Z","timestamp":"2026-09-04T12:00:04.946Z"}
{"level":"debug","message":"[AGG] WLD/USDC: strategy[0]=BollingerBands → HOLD conf=0.20 \"Price 0.3901 inside BB [0.3481–0.4147]\"","timestamp":"2026-09-04T12:00:04.960Z"}
{"level":"debug","message":"[AGG] WLD/USDC: strategy[1]=CCI → HOLD conf=0.20 \"CCI 42.8 neutral\"","timestamp":"2026-09-04T12:00:04.961Z"}
{"level":"debug","message":"[AGG] WLD/USDC: strategy[2]=ADX → HOLD conf=0.10 \"ADX 25.0 < 25 — ranging, skip\"","timestamp":"2026-09-04T12:00:04.961Z"}
{"level":"debug","message":"[AGG] WLD/USDC: votes BUY=0.00 SELL=0.00 HOLD=0.50 total_voters=3 external=0","timestamp":"2026-09-04T12:00:04.961Z"}
{"level":"debug","message":"[AGG] WLD/USDC: decision=HOLD confidence=0.17 tie=false belowMin=true (minConf=0.35750000000000004)","timestamp":"2026-09-04T12:00:04.961Z"}
{"level":"debug","message":"[CYCLE] ETH/USDC: starting cycle, candles=1522 lastClose=2523.20000000 lastTs=2026-09-04T12:00:00.000Z","timestamp":"2026-09-04T12:00:04.962Z"}
{"level":"debug","message":"[AGG] ETH/USDC: strategy[0]=Supertrend → HOLD conf=0.10 \"Supertrend uptrend continues (ST 2317.8819)\"","timestamp":"2026-09-04T12:00:04.966Z"}
{"level":"debug","message":"[AGG] ETH/USDC: strategy[1]=MFI → HOLD conf=0.20 \"MFI 46.6 neutral\"","timestamp":"2026-09-04T12:00:04.967Z"}
{"level":"debug","message":"[AGG] ETH/USDC: strategy[2]=SupportResistance → HOLD conf=0.10 \"No significant S/R zone nearby\"","timestamp":"2026-09-04T12:00:04.967Z"}
{"level":"debug","message":"[AGG] ETH/USDC: votes BUY=0.00 SELL=0.00 HOLD=0.40 total_voters=3 external=0","timestamp":"2026-09-04T12:00:04.967Z"}
{"level":"debug","message":"[AGG] ETH/USDC: decision=HOLD confidence=0.13 tie=false belowMin=true (minConf=0.35750000000000004)","timestamp":"2026-09-04T12:00:04.967Z"}
{"level":"debug","message":"[CYCLE] PEPE/USDC: starting cycle, candles=1522 lastClose=0.00000368 lastTs=2026-09-04T12:00:00.000Z","timestamp":"2026-09-04T12:00:04.988Z"}
{"level":"debug","message":"[AGG] PEPE/USDC: strategy[0]=EMA → HOLD conf=0.20 \"No EMA crossover (fast 0.0000 vs slow 0.0000)\"","timestamp":"2026-09-04T12:00:04.989Z"}
{"level":"debug","message":"[AGG] PEPE/USDC: strategy[1]=Supertrend → HOLD conf=0.10 \"Supertrend uptrend continues (ST 0.0000)\"","timestamp":"2026-09-04T12:00:04.989Z"}
{"level":"debug","message":"[AGG] PEPE/USDC: strategy[2]=OBV → SELL conf=0.58 \"OBV crossed below EMA-20 — volume sellers in control\"","timestamp":"2026-09-04T12:00:04.989Z"}
{"level":"debug","message":"[AGG] PEPE/USDC: votes BUY=0.00 SELL=0.58 HOLD=0.30 total_voters=3 external=0","timestamp":"2026-09-04T12:00:04.989Z"}
{"level":"debug","message":"[AGG] PEPE/USDC: decision=HOLD confidence=0.19 tie=false belowMin=true (minConf=0.35750000000000004)","timestamp":"2026-09-04T12:00:04.989Z"}
{"level":"debug","message":"[CYCLE] RENDER/USDC: starting cycle, candles=1522 lastClose=1.47400000 lastTs=2026-09-04T12:00:00.000Z","timestamp":"2026-09-04T12:00:05.017Z"}
{"level":"debug","message":"[AGG] RENDER/USDC: strategy[0]=EMA → HOLD conf=0.20 \"No EMA crossover (fast 1.4463 vs slow 1.4394)\"","timestamp":"2026-09-04T12:00:05.020Z"}
{"level":"debug","message":"[AGG] RENDER/USDC: strategy[1]=OBV → HOLD conf=0.20 \"OBV above EMA-20 — no cross\"","timestamp":"2026-09-04T12:00:05.020Z"}
{"level":"debug","message":"[AGG] RENDER/USDC: strategy[2]=WilliamsR → HOLD conf=0.20 \"%R -28.1 neutral\"","timestamp":"2026-09-04T12:00:05.020Z"}
{"level":"debug","message":"[AGG] RENDER/USDC: votes BUY=0.00 SELL=0.00 HOLD=0.60 total_voters=3 external=0","timestamp":"2026-09-04T12:00:05.020Z"}
{"level":"debug","message":"[AGG] RENDER/USDC: decision=HOLD confidence=0.20 tie=false belowMin=true (minConf=0.35750000000000004)","timestamp":"2026-09-04T12:00:05.020Z"}
{"level":"debug","message":"[CYCLE] JUP/USDC: starting cycle, candles=1522 lastClose=0.22140000 lastTs=2026-09-04T12:00:00.000Z","timestamp":"2026-09-04T12:00:05.122Z"}
{"level":"debug","message":"[AGG] JUP/USDC: strategy[0]=BollingerBands → HOLD conf=0.20 \"Price 0.2214 inside BB [0.2037–0.2374]\"","timestamp":"2026-09-04T12:00:05.128Z"}
{"level":"debug","message":"[AGG] JUP/USDC: strategy[1]=CCI → HOLD conf=0.20 \"CCI 47.9 neutral\"","timestamp":"2026-09-04T12:00:05.129Z"}
{"level":"debug","message":"[AGG] JUP/USDC: strategy[2]=OBV → HOLD conf=0.20 \"OBV above EMA-20 — no cross\"","timestamp":"2026-09-04T12:00:05.129Z"}
{"level":"debug","message":"[AGG] JUP/USDC: votes BUY=0.00 SELL=0.00 HOLD=0.60 total_voters=3 external=0","timestamp":"2026-09-04T12:00:05.129Z"}
{"level":"debug","message":"[AGG] JUP/USDC: decision=HOLD confidence=0.20 tie=false belowMin=true (minConf=0.35750000000000004)","timestamp":"2026-09-04T12:00:05.129Z"}
{"level":"debug","message":"[CYCLE] BTC/USDC: sizing positionPct=0.2700 (base=0.15 atr=0.035490792061505474 regime=on conf=0.15 macro=bull mtf=1.0)","timestamp":"2026-09-04T12:00:05.144Z"}
{"level":"info","message":"BTC/USDC: decision=HOLD confidence=15% price=81226.29000000 external_signals=0","timestamp":"2026-09-04T12:00:05.144Z"}
{"level":"info","message":"BTC/USDC: No EMA crossover (fast 78749.3882 vs slow 77164.5146) | PSAR uptrend continues (SAR 76356.7018) | HA bullish continuation","timestamp":"2026-09-04T12:00:05.144Z"}
{"level":"debug","message":"[CYCLE] ARB/USDC: starting cycle, candles=1522 lastClose=0.13420000 lastTs=2026-09-04T12:00:00.000Z","timestamp":"2026-09-04T12:00:05.156Z"}
{"level":"debug","message":"[AGG] ARB/USDC: strategy[0]=RSI → SELL conf=0.65 \"RSI 73.6 overbought ↓ reversal confirmed\"","timestamp":"2026-09-04T12:00:05.161Z"}
{"level":"debug","message":"[AGG] ARB/USDC: strategy[1]=WilliamsR → SELL conf=0.61 \"%R -19.5 overbought ↓ reversal confirmed\"","timestamp":"2026-09-04T12:00:05.161Z"}
{"level":"debug","message":"[AGG] ARB/USDC: strategy[2]=HeikinAshi → HOLD conf=0.15 \"HA bullish continuation\"","timestamp":"2026-09-04T12:00:05.161Z"}
{"level":"debug","message":"[AGG] ARB/USDC: votes BUY=0.00 SELL=1.26 HOLD=0.15 total_voters=3 external=0","timestamp":"2026-09-04T12:00:05.161Z"}
{"level":"debug","message":"[AGG] ARB/USDC: decision=HOLD (multi-bar confirmation) winner=SELL conf=0.42 < borderlineCeiling=0.46 prev=HOLD","timestamp":"2026-09-04T12:00:05.161Z"}
{"level":"debug","message":"[CYCLE] MANTA/USDC: starting cycle, candles=1522 lastClose=0.05987000 lastTs=2026-09-04T12:00:00.000Z","timestamp":"2026-09-04T12:00:05.238Z"}
{"level":"debug","message":"[AGG] MANTA/USDC: strategy[0]=RSI → HOLD conf=0.20 \"RSI 55.5 neutral\"","timestamp":"2026-09-04T12:00:05.246Z"}
{"level":"debug","message":"[AGG] MANTA/USDC: strategy[1]=BollingerBands → HOLD conf=0.20 \"Price 0.0599 inside BB [0.0561–0.0610]\"","timestamp":"2026-09-04T12:00:05.246Z"}
{"level":"debug","message":"[AGG] MANTA/USDC: strategy[2]=CCI → HOLD conf=0.63 \"CCI 132.3 overbought — still rising, wait\"","timestamp":"2026-09-04T12:00:05.246Z"}
{"level":"debug","message":"[AGG] MANTA/USDC: votes BUY=0.00 SELL=0.00 HOLD=1.03 total_voters=3 external=0","timestamp":"2026-09-04T12:00:05.246Z"}
{"level":"debug","message":"[AGG] MANTA/USDC: decision=HOLD confidence=0.34 tie=false belowMin=true (minConf=0.45499999999999996)","timestamp":"2026-09-04T12:00:05.246Z"}
{"level":"debug","message":"[CYCLE] LTC/USDC: sizing positionPct=0.1894 (base=0.15 atr=0.035490792061505474 regime=on conf=0.25 macro=bull mtf=1.0)","timestamp":"2026-09-04T12:00:05.280Z"}
{"level":"info","message":"LTC/USDC: decision=HOLD confidence=25% price=51.32000000 external_signals=0","timestamp":"2026-09-04T12:00:05.280Z"}
{"level":"info","message":"LTC/USDC: Price 51.3200 inside BB [47.6879–51.5091] | No EMA crossover (fast 50.0176 vs slow 49.4873) | %R -12.5 overbought ↓ reversal confirmed","timestamp":"2026-09-04T12:00:05.280Z"}
{"level":"debug","message":"[CYCLE] THETA/USDC: starting cycle, candles=1040 lastClose=0.17990000 lastTs=2026-09-04T12:00:00.000Z","timestamp":"2026-09-04T12:00:05.285Z"}
{"level":"debug","message":"[AGG] THETA/USDC: strategy[0]=RSI → HOLD conf=0.20 \"RSI 62.8 neutral\"","timestamp":"2026-09-04T12:00:05.288Z"}
{"level":"debug","message":"[AGG] THETA/USDC: strategy[1]=CCI → HOLD conf=0.54 \"CCI 108.8 overbought — still rising, wait\"","timestamp":"2026-09-04T12:00:05.288Z"}
{"level":"debug","message":"[AGG] THETA/USDC: strategy[2]=OBV → HOLD conf=0.20 \"OBV above EMA-20 — no cross\"","timestamp":"2026-09-04T12:00:05.288Z"}
{"level":"debug","message":"[AGG] THETA/USDC: votes BUY=0.00 SELL=0.00 HOLD=0.94 total_voters=3 external=0","timestamp":"2026-09-04T12:00:05.288Z"}
{"level":"debug","message":"[AGG] THETA/USDC: decision=HOLD confidence=0.31 tie=false belowMin=true (minConf=0.35750000000000004)","timestamp":"2026-09-04T12:00:05.288Z"}
{"level":"debug","message":"[CYCLE] SOL/USDC: starting cycle, candles=1522 lastClose=104.09000000 lastTs=2026-09-04T12:00:00.000Z","timestamp":"2026-09-04T12:00:05.350Z"}
{"level":"debug","message":"[AGG] SOL/USDC: strategy[0]=BollingerBands → HOLD conf=0.20 \"Price 104.1000 inside BB [96.4923–108.5787]\"","timestamp":"2026-09-04T12:00:05.357Z"}
{"level":"debug","message":"[AGG] SOL/USDC: strategy[1]=WilliamsR → HOLD conf=0.20 \"%R -36.3 neutral\"","timestamp":"2026-09-04T12:00:05.357Z"}
{"level":"debug","message":"[AGG] SOL/USDC: strategy[2]=StochRSI → HOLD conf=0.20 \"StochRSI K=50.8 D=35.4 — no extreme crossover\"","timestamp":"2026-09-04T12:00:05.357Z"}
{"level":"debug","message":"[AGG] SOL/USDC: votes BUY=0.00 SELL=0.00 HOLD=0.60 total_voters=3 external=0","timestamp":"2026-09-04T12:00:05.357Z"}
{"level":"debug","message":"[AGG] SOL/USDC: decision=HOLD confidence=0.20 tie=false belowMin=true (minConf=0.35750000000000004)","timestamp":"2026-09-04T12:00:05.357Z"}
{"level":"debug","message":"[CYCLE] LINK/USDC: sizing positionPct=0.1736 (base=0.15 atr=0.035490792061505474 regime=on conf=0.18 macro=bull mtf=1.0)","timestamp":"2026-09-04T12:00:05.427Z"}
{"level":"info","message":"LINK/USDC: decision=HOLD confidence=18% price=12.03200000 external_signals=0","timestamp":"2026-09-04T12:00:05.427Z"}
{"level":"info","message":"LINK/USDC: Price 12.0340 ≥ upper BB 12.0025 (bw 9.6%) | Stoch K=89.8 D=67.1 — no crossover in extreme zone | Supertrend uptrend continues (ST 10.7011)","timestamp":"2026-09-04T12:00:05.427Z"}
{"level":"debug","message":"[RISK] BNB/USDC: canTrade=true decision=SELL conf=0.51 positions=0/4 dailyPnL=0.00","timestamp":"2026-09-04T12:00:05.473Z"}
{"level":"debug","message":"[CYCLE] BNB/USDC: sizing positionPct=0.3566 (base=0.15 atr=0.035490792061505474 regime=on conf=0.51 macro=bull mtf=1.0)","timestamp":"2026-09-04T12:00:05.474Z"}
{"level":"info","message":"[LIVE] BNB/USDC: SELL skipped, no open position","timestamp":"2026-09-04T12:00:05.474Z"}
{"level":"info","message":"BNB/USDC: decision=SELL confidence=51% price=724.39000000 external_signals=0","timestamp":"2026-09-04T12:00:05.474Z"}
{"level":"info","message":"BNB/USDC: %R -10.1 overbought ↓ reversal confirmed | HA bullish continuation | Resistance 730.8567 (3×) +pin","timestamp":"2026-09-04T12:00:05.474Z"}
{"level":"warn","message":"TON/USDC: candle series stale (newest bar 66.5d old) — skipping cycle","timestamp":"2026-09-04T12:00:05.501Z"}
{"level":"debug","message":"[CYCLE] ACH/USDC: starting cycle, candles=1002 lastClose=0.00533000 lastTs=2026-09-04T12:00:00.000Z","timestamp":"2026-09-04T12:00:05.574Z"}
{"level":"debug","message":"[AGG] ACH/USDC: strategy[0]=RSI → HOLD conf=0.20 \"RSI 69.8 neutral\"","timestamp":"2026-09-04T12:00:05.579Z"}
{"level":"debug","message":"[AGG] ACH/USDC: strategy[1]=BollingerBands → SELL conf=0.58 \"Price 0.0053 ≥ upper BB 0.0053 (bw 11.4%)\"","timestamp":"2026-09-04T12:00:05.579Z"}
{"level":"debug","message":"[AGG] ACH/USDC: strategy[2]=CCI → SELL conf=1.00 \"CCI 215.4 overbought ↓ reversal confirmed\"","timestamp":"2026-09-04T12:00:05.579Z"}
{"level":"debug","message":"[AGG] ACH/USDC: votes BUY=0.00 SELL=1.58 HOLD=0.20 total_voters=3 external=0","timestamp":"2026-09-04T12:00:05.579Z"}
{"level":"debug","message":"[AGG] ACH/USDC: decision=HOLD (multi-bar confirmation) winner=SELL conf=0.53 < borderlineCeiling=0.55 prev=HOLD","timestamp":"2026-09-04T12:00:05.579Z"}
{"level":"debug","message":"[CYCLE] ICP/USDC: starting cycle, candles=1522 lastClose=2.58000000 lastTs=2026-09-04T12:00:00.000Z","timestamp":"2026-09-04T12:00:05.587Z"}
{"level":"debug","message":"[AGG] ICP/USDC: strategy[0]=RSI → HOLD conf=0.20 \"RSI 66.3 neutral\"","timestamp":"2026-09-04T12:00:05.593Z"}
{"level":"debug","message":"[AGG] ICP/USDC: strategy[1]=BollingerBands → SELL conf=0.64 \"Price 2.5850 ≥ upper BB 2.5540 (bw 9.0%)\"","timestamp":"2026-09-04T12:00:05.593Z"}
{"level":"debug","message":"[AGG] ICP/USDC: strategy[2]=Stochastic → HOLD conf=0.20 \"Stoch K=94.6 D=77.3 — no crossover in extreme zone\"","timestamp":"2026-09-04T12:00:05.593Z"}
{"level":"debug","message":"[AGG] ICP/USDC: votes BUY=0.00 SELL=0.64 HOLD=0.40 total_voters=3 external=0","timestamp":"2026-09-04T12:00:05.593Z"}
{"level":"debug","message":"[AGG] ICP/USDC: decision=HOLD confidence=0.21 tie=false belowMin=true (minConf=0.35750000000000004)","timestamp":"2026-09-04T12:00:05.593Z"}
{"level":"debug","message":"[CYCLE] APT/USDC: starting cycle, candles=1522 lastClose=0.59400000 lastTs=2026-09-04T12:00:00.000Z","timestamp":"2026-09-04T12:00:05.597Z"}
{"level":"debug","message":"[AGG] APT/USDC: strategy[0]=BollingerBands → HOLD conf=0.20 \"Price 0.5940 inside BB [0.5098–0.6082]\"","timestamp":"2026-09-04T12:00:05.604Z"}
{"level":"debug","message":"[AGG] APT/USDC: strategy[1]=Stochastic → HOLD conf=0.20 \"Stoch K=71.4 D=77.3 — no crossover in extreme zone\"","timestamp":"2026-09-04T12:00:05.604Z"}
{"level":"debug","message":"[AGG] APT/USDC: strategy[2]=MFI → HOLD conf=0.20 \"MFI 73.4 neutral\"","timestamp":"2026-09-04T12:00:05.604Z"}
{"level":"debug","message":"[AGG] APT/USDC: votes BUY=0.00 SELL=0.00 HOLD=0.60 total_voters=3 external=0","timestamp":"2026-09-04T12:00:05.604Z"}
{"level":"debug","message":"[AGG] APT/USDC: decision=HOLD confidence=0.20 tie=false belowMin=true (minConf=0.35750000000000004)","timestamp":"2026-09-04T12:00:05.604Z"}
{"level":"debug","message":"[CYCLE] NEAR/USDC: sizing positionPct=0.1152 (base=0.15 atr=0.035490792061505474 regime=on conf=0.16 macro=bull mtf=1.0)","timestamp":"2026-09-04T12:00:05.678Z"}
{"level":"info","message":"NEAR/USDC: decision=HOLD confidence=16% price=2.02300000 external_signals=0","timestamp":"2026-09-04T12:00:05.678Z"}
{"level":"info","message":"NEAR/USDC: RSI 62.6 neutral | Price 2.0230 ≥ upper BB 1.9935 (bw 11.2%) | Stoch K=91.0 D=67.3 — no crossover in extreme zone | Support 2.0240 (3×)","timestamp":"2026-09-04T12:00:05.678Z"}
{"level":"debug","message":"[CYCLE] BCH/USDC: sizing positionPct=0.1822 (base=0.15 atr=0.035490792061505474 regime=on conf=0.20 macro=bull mtf=1.0)","timestamp":"2026-09-04T12:00:05.884Z"}
{"level":"info","message":"BCH/USDC: decision=HOLD confidence=20% price=260.00000000 external_signals=0","timestamp":"2026-09-04T12:00:05.885Z"}
{"level":"info","message":"BCH/USDC: Price 259.9000 inside BB [234.3458–273.2342] | OBV above EMA-20 — no cross | %R -20.5 neutral","timestamp":"2026-09-04T12:00:05.885Z"}
{"level":"debug","message":"[CYCLE] ENA/USDC: starting cycle, candles=1522 lastClose=0.16990000 lastTs=2026-09-04T12:00:00.000Z","timestamp":"2026-09-04T12:00:06.031Z"}
{"level":"debug","message":"[AGG] ENA/USDC: strategy[0]=RSI → HOLD conf=0.20 \"RSI 63.2 neutral\"","timestamp":"2026-09-04T12:00:06.038Z"}
{"level":"debug","message":"[AGG] ENA/USDC: strategy[1]=BollingerBands → HOLD conf=0.20 \"Price 0.1699 inside BB [0.1385–0.1731]\"","timestamp":"2026-09-04T12:00:06.038Z"}
{"level":"debug","message":"[AGG] ENA/USDC: strategy[2]=CCI → SELL conf=0.66 \"CCI 115.3 overbought ↓ reversal confirmed\"","timestamp":"2026-09-04T12:00:06.038Z"}
{"level":"debug","message":"[AGG] ENA/USDC: votes BUY=0.00 SELL=0.66 HOLD=0.40 total_voters=3 external=0","timestamp":"2026-09-04T12:00:06.038Z"}
{"level":"debug","message":"[AGG] ENA/USDC: decision=HOLD confidence=0.22 tie=false belowMin=true (minConf=0.35750000000000004)","timestamp":"2026-09-04T12:00:06.038Z"}
{"level":"debug","message":"[CYCLE] TRX/USDC: sizing positionPct=0.2169 (base=0.15 atr=0.035490792061505474 regime=on conf=0.20 macro=bull mtf=1.0)","timestamp":"2026-09-04T12:00:06.082Z"}
{"level":"info","message":"TRX/USDC: decision=HOLD confidence=20% price=0.32970000 external_signals=0","timestamp":"2026-09-04T12:00:06.082Z"}
{"level":"info","message":"TRX/USDC: CCI -58.5 neutral | Stoch K=39.2 D=38.0 — no crossover in extreme zone | StochRSI K=52.7 D=50.1 — no extreme crossover","timestamp":"2026-09-04T12:00:06.082Z"}
{"level":"debug","message":"[CYCLE] TIA/USDC: starting cycle, candles=1522 lastClose=0.36180000 lastTs=2026-09-04T12:00:00.000Z","timestamp":"2026-09-04T12:00:06.173Z"}
{"level":"debug","message":"[AGG] TIA/USDC: strategy[0]=CCI → HOLD conf=0.20 \"CCI 96.7 neutral\"","timestamp":"2026-09-04T12:00:06.182Z"}
{"level":"debug","message":"[AGG] TIA/USDC: strategy[1]=MACD → HOLD conf=0.20 \"MACD 0.0043 vs signal 0.0025 hist:0.0018\"","timestamp":"2026-09-04T12:00:06.183Z"}
{"level":"debug","message":"[AGG] TIA/USDC: strategy[2]=HeikinAshi → HOLD conf=0.15 \"HA bullish continuation\"","timestamp":"2026-09-04T12:00:06.183Z"}
{"level":"debug","message":"[AGG] TIA/USDC: votes BUY=0.00 SELL=0.00 HOLD=0.55 total_voters=3 external=0","timestamp":"2026-09-04T12:00:06.183Z"}
{"level":"debug","message":"[AGG] TIA/USDC: decision=HOLD confidence=0.18 tie=false belowMin=true (minConf=0.35750000000000004)","timestamp":"2026-09-04T12:00:06.183Z"}
{"level":"debug","message":"[CYCLE] CRV/USDC: sizing positionPct=0.0952 (base=0.15 atr=0.035490792061505474 regime=on conf=0.24 macro=bull mtf=1.0)","timestamp":"2026-09-04T12:00:06.276Z"}
{"level":"info","message":"CRV/USDC: decision=HOLD confidence=24% price=0.36790000 external_signals=0","timestamp":"2026-09-04T12:00:06.276Z"}
{"level":"info","message":"CRV/USDC: ADX 32.5 uptrend (+DI 32.4 > -DI 9.6) | StochRSI K=81.3 D=82.5 — no extreme crossover | No significant S/R zone nearby","timestamp":"2026-09-04T12:00:06.276Z"}
{"level":"debug","message":"[CYCLE] ENS/USDC: sizing positionPct=0.0987 (base=0.15 atr=0.035490792061505474 regime=on conf=0.13 macro=bull mtf=1.0)","timestamp":"2026-09-04T12:00:06.480Z"}
{"level":"info","message":"ENS/USDC: decision=HOLD confidence=13% price=5.96000000 external_signals=0","timestamp":"2026-09-04T12:00:06.480Z"}
{"level":"info","message":"ENS/USDC: Price 5.9600 inside BB [5.3381–6.1079] | PSAR downtrend continues (SAR 6.1924) | No significant S/R zone nearby","timestamp":"2026-09-04T12:00:06.480Z"}
{"level":"debug","message":"[CYCLE] JTO/USDC: sizing positionPct=0.0973 (base=0.15 atr=0.035490792061505474 regime=on conf=0.13 macro=bull mtf=1.0)","timestamp":"2026-09-04T12:00:06.675Z"}
{"level":"info","message":"JTO/USDC: decision=HOLD confidence=13% price=0.43190000 external_signals=0","timestamp":"2026-09-04T12:00:06.675Z"}
{"level":"info","message":"JTO/USDC: CCI -67.2 neutral | PSAR uptrend continues (SAR 0.4128) | No significant S/R zone nearby","timestamp":"2026-09-04T12:00:06.675Z"}
{"level":"info","message":"XRP/USDC: live balance=134.49 pnl=0.00 open_positions=2 daily_pnl=0.00 blocked=false","timestamp":"2026-09-04T12:00:06.872Z"}
{"level":"debug","message":"[CYCLE] LDO/USDC: sizing positionPct=0.1267 (base=0.15 atr=0.035490792061505474 regime=on conf=0.27 macro=bull mtf=1.0)","timestamp":"2026-09-04T12:00:07.075Z"}
{"level":"info","message":"LDO/USDC: decision=HOLD confidence=27% price=0.39400000 external_signals=0","timestamp":"2026-09-04T12:00:07.076Z"}
{"level":"info","message":"LDO/USDC: MACD 0.0098 vs signal 0.0079 hist:0.0019 | ADX 42.3 uptrend (+DI 28.0 > -DI 7.9) | %R -17.9 overbought ↓ reversal confirmed","timestamp":"2026-09-04T12:00:07.076Z"}
{"level":"debug","message":"[CYCLE] PAXG/USDC: sizing positionPct=0.2788 (base=0.15 atr=0.035490792061505474 regime=on conf=0.19 macro=bull mtf=1.0)","timestamp":"2026-09-04T12:00:07.352Z"}
{"level":"info","message":"PAXG/USDC: decision=HOLD confidence=19% price=4469.86000000 external_signals=0","timestamp":"2026-09-04T12:00:07.352Z"}
{"level":"info","message":"PAXG/USDC: MACD -18.7818 vs signal -14.0517 hist:-4.7301 | ADX 30.4 uptrend (+DI 27.6 > -DI 26.1) | Supertrend uptrend continues (ST 4313.8820)","timestamp":"2026-09-04T12:00:07.352Z"}
{"level":"debug","message":"[CYCLE] SUI/USDC: sizing positionPct=0.1121 (base=0.15 atr=0.035490792061505474 regime=on conf=0.20 macro=bull mtf=1.0)","timestamp":"2026-09-04T12:00:07.478Z"}
{"level":"info","message":"SUI/USDC: decision=HOLD confidence=20% price=0.77670000 external_signals=0","timestamp":"2026-09-04T12:00:07.478Z"}
{"level":"info","message":"SUI/USDC: RSI 57.6 neutral | Stoch K=79.7 D=76.7 — no crossover in extreme zone | MFI 49.3 neutral","timestamp":"2026-09-04T12:00:07.478Z"}
{"level":"debug","message":"[CYCLE] PIXEL/USDC: sizing positionPct=0.1388 (base=0.15 atr=0.035490792061505474 regime=on conf=0.17 macro=bull mtf=1.0)","timestamp":"2026-09-04T12:00:07.673Z"}
{"level":"info","message":"PIXEL/USDC: decision=HOLD confidence=17% price=0.00501000 external_signals=0","timestamp":"2026-09-04T12:00:07.673Z"}
{"level":"info","message":"PIXEL/USDC: No EMA crossover (fast 0.0049 vs slow 0.0049) | ADX 20.9 uptrend (+DI 22.8 > -DI 18.4) | No significant S/R zone nearby","timestamp":"2026-09-04T12:00:07.673Z"}
{"level":"debug","message":"[CYCLE] ADA/USDC: sizing positionPct=0.1600 (base=0.15 atr=0.035490792061505474 regime=on conf=0.33 macro=bull mtf=1.0)","timestamp":"2026-09-04T12:00:07.876Z"}
{"level":"info","message":"ADA/USDC: decision=HOLD confidence=33% price=0.22140000 external_signals=0","timestamp":"2026-09-04T12:00:07.876Z"}
{"level":"info","message":"ADA/USDC: RSI 65.7 neutral | Price 0.2214 ≥ upper BB 0.2213 (bw 15.8%) | CCI 170.4 overbought — still rising, wait","timestamp":"2026-09-04T12:00:07.876Z"}
{"level":"debug","message":"[CYCLE] INJ/USDC: sizing positionPct=0.0915 (base=0.15 atr=0.035490792061505474 regime=on conf=0.17 macro=bull mtf=1.0)","timestamp":"2026-09-04T12:00:08.075Z"}
{"level":"info","message":"INJ/USDC: decision=HOLD confidence=17% price=4.82600000 external_signals=0","timestamp":"2026-09-04T12:00:08.075Z"}
{"level":"info","message":"INJ/USDC: ADX 16.9 < 25 — ranging, skip | OBV below EMA-20 — no cross | StochRSI K=20.8 D=34.3 — no extreme crossover","timestamp":"2026-09-04T12:00:08.076Z"}
{"level":"debug","message":"[CYCLE] AVAX/USDC: sizing positionPct=0.2098 (base=0.15 atr=0.035490792061505474 regime=on conf=0.17 macro=bull mtf=1.0)","timestamp":"2026-09-04T12:00:08.274Z"}
{"level":"info","message":"AVAX/USDC: decision=HOLD confidence=17% price=7.49200000 external_signals=0","timestamp":"2026-09-04T12:00:08.274Z"}
{"level":"info","message":"AVAX/USDC: RSI 59.4 neutral | MACD 0.0679 vs signal 0.0732 hist:-0.0052 | PSAR downtrend continues (SAR 7.5830)","timestamp":"2026-09-04T12:00:08.274Z"}
{"level":"debug","message":"[CYCLE] WLD/USDC: sizing positionPct=0.1201 (base=0.15 atr=0.035490792061505474 regime=on conf=0.17 macro=bull mtf=1.0)","timestamp":"2026-09-04T12:00:08.475Z"}
{"level":"info","message":"WLD/USDC: decision=HOLD confidence=17% price=0.39010000 external_signals=0","timestamp":"2026-09-04T12:00:08.475Z"}
{"level":"info","message":"WLD/USDC: Price 0.3901 inside BB [0.3481–0.4147] | CCI 42.8 neutral | ADX 25.0 < 25 — ranging, skip","timestamp":"2026-09-04T12:00:08.475Z"}
{"level":"error","message":"DOGE/USDC: cycle failed - binance GET https://api.binance.com/api/v3/klines?interval=12h&limit=200&symbol=DOGEUSDC 500 Internal Server Error <html>\r\n<head><title>500 Internal Server Error</title></head>\r\n<body>\r\n<center><h1>500 Internal Server Error</h1></center>\r\n</body>\r\n</html>\r\n","timestamp":"2026-09-04T12:00:08.583Z"}
{"level":"debug","message":"[CYCLE] ETH/USDC: sizing positionPct=0.2137 (base=0.15 atr=0.035490792061505474 regime=on conf=0.13 macro=bull mtf=1.0)","timestamp":"2026-09-04T12:00:08.678Z"}
{"level":"info","message":"ETH/USDC: decision=HOLD confidence=13% price=2523.20000000 external_signals=0","timestamp":"2026-09-04T12:00:08.679Z"}
{"level":"info","message":"ETH/USDC: Supertrend uptrend continues (ST 2317.8819) | MFI 46.6 neutral | No significant S/R zone nearby","timestamp":"2026-09-04T12:00:08.679Z"}
{"level":"debug","message":"[CYCLE] PEPE/USDC: sizing positionPct=0.1257 (base=0.15 atr=0.035490792061505474 regime=on conf=0.19 macro=bull mtf=1.0)","timestamp":"2026-09-04T12:00:09.077Z"}
{"level":"info","message":"PEPE/USDC: decision=HOLD confidence=19% price=0.00000368 external_signals=0","timestamp":"2026-09-04T12:00:09.077Z"}
{"level":"info","message":"PEPE/USDC: No EMA crossover (fast 0.0000 vs slow 0.0000) | Supertrend uptrend continues (ST 0.0000) | OBV crossed below EMA-20 — volume sellers in control","timestamp":"2026-09-04T12:00:09.077Z"}
{"level":"debug","message":"[CYCLE] RENDER/USDC: sizing positionPct=0.1273 (base=0.15 atr=0.035490792061505474 regime=on conf=0.20 macro=bull mtf=1.0)","timestamp":"2026-09-04T12:00:09.275Z"}
{"level":"info","message":"RENDER/USDC: decision=HOLD confidence=20% price=1.47400000 external_signals=0","timestamp":"2026-09-04T12:00:09.275Z"}
{"level":"info","message":"RENDER/USDC: No EMA crossover (fast 1.4463 vs slow 1.4394) | OBV above EMA-20 — no cross | %R -28.1 neutral","timestamp":"2026-09-04T12:00:09.275Z"}
{"level":"debug","message":"[CYCLE] JUP/USDC: sizing positionPct=0.0715 (base=0.15 atr=0.035490792061505474 regime=on conf=0.20 macro=bull mtf=1.0)","timestamp":"2026-09-04T12:00:09.475Z"}
{"level":"info","message":"JUP/USDC: decision=HOLD confidence=20% price=0.22140000 external_signals=0","timestamp":"2026-09-04T12:00:09.475Z"}
{"level":"info","message":"JUP/USDC: Price 0.2214 inside BB [0.2037–0.2374] | CCI 47.9 neutral | OBV above EMA-20 — no cross","timestamp":"2026-09-04T12:00:09.475Z"}
{"level":"debug","message":"[CYCLE] ARB/USDC: sizing positionPct=0.0837 (base=0.15 atr=0.035490792061505474 regime=on conf=0.42 macro=bull mtf=1.0)","timestamp":"2026-09-04T12:00:09.874Z"}
{"level":"info","message":"ARB/USDC: decision=HOLD confidence=42% price=0.13420000 external_signals=0","timestamp":"2026-09-04T12:00:09.874Z"}
{"level":"info","message":"ARB/USDC: RSI 73.6 overbought ↓ reversal confirmed | %R -19.5 overbought ↓ reversal confirmed | HA bullish continuation","timestamp":"2026-09-04T12:00:09.874Z"}
{"level":"info","message":"BTC/USDC: live balance=134.49 pnl=0.00 open_positions=2 daily_pnl=0.00 blocked=false","timestamp":"2026-09-04T12:00:09.955Z"}
{"level":"debug","message":"[CYCLE] MANTA/USDC: sizing positionPct=0.1437 (base=0.15 atr=0.035490792061505474 regime=on conf=0.34 macro=bull mtf=1.0)","timestamp":"2026-09-04T12:00:10.075Z"}
{"level":"info","message":"MANTA/USDC: decision=HOLD confidence=34% price=0.05987000 external_signals=0","timestamp":"2026-09-04T12:00:10.075Z"}
{"level":"info","message":"MANTA/USDC: RSI 55.5 neutral | Price 0.0599 inside BB [0.0561–0.0610] | CCI 132.3 overbought — still rising, wait","timestamp":"2026-09-04T12:00:10.076Z"}
{"level":"info","message":"LTC/USDC: live balance=134.49 pnl=0.00 open_positions=2 daily_pnl=0.00 blocked=false","timestamp":"2026-09-04T12:00:10.273Z"}
{"level":"debug","message":"[CYCLE] THETA/USDC: sizing positionPct=0.1847 (base=0.15 atr=0.035490792061505474 regime=on conf=0.31 macro=bull mtf=1.0)","timestamp":"2026-09-04T12:00:10.478Z"}
{"level":"info","message":"THETA/USDC: decision=HOLD confidence=31% price=0.17990000 external_signals=0","timestamp":"2026-09-04T12:00:10.478Z"}
{"level":"info","message":"THETA/USDC: RSI 62.8 neutral | CCI 108.8 overbought — still rising, wait | OBV above EMA-20 — no cross","timestamp":"2026-09-04T12:00:10.478Z"}
{"level":"debug","message":"[CYCLE] SOL/USDC: sizing positionPct=0.1797 (base=0.15 atr=0.035490792061505474 regime=on conf=0.20 macro=bull mtf=1.0)","timestamp":"2026-09-04T12:00:10.675Z"}
{"level":"info","message":"SOL/USDC: decision=HOLD confidence=20% price=104.09000000 external_signals=0","timestamp":"2026-09-04T12:00:10.676Z"}
{"level":"info","message":"SOL/USDC: Price 104.1000 inside BB [96.4923–108.5787] | %R -36.3 neutral | StochRSI K=50.8 D=35.4 — no extreme crossover","timestamp":"2026-09-04T12:00:10.676Z"}
{"level":"info","message":"LINK/USDC: live balance=134.49 pnl=0.00 open_positions=2 daily_pnl=0.00 blocked=false","timestamp":"2026-09-04T12:00:10.874Z"}
{"level":"info","message":"BNB/USDC: live balance=134.49 pnl=0.00 open_positions=2 daily_pnl=0.00 blocked=false","timestamp":"2026-09-04T12:00:11.073Z"}
{"level":"debug","message":"[CYCLE] ACH/USDC: sizing positionPct=0.1836 (base=0.15 atr=0.035490792061505474 regime=on conf=0.53 macro=bull mtf=1.0)","timestamp":"2026-09-04T12:00:11.276Z"}
{"level":"info","message":"ACH/USDC: decision=HOLD confidence=53% price=0.00533000 external_signals=0","timestamp":"2026-09-04T12:00:11.276Z"}
{"level":"info","message":"ACH/USDC: RSI 69.8 neutral | Price 0.0053 ≥ upper BB 0.0053 (bw 11.4%) | CCI 215.4 overbought ↓ reversal confirmed","timestamp":"2026-09-04T12:00:11.276Z"}
{"level":"debug","message":"[CYCLE] ICP/USDC: sizing positionPct=0.0552 (base=0.15 atr=0.035490792061505474 regime=on conf=0.21 macro=bull mtf=1.0)","timestamp":"2026-09-04T12:00:11.477Z"}
{"level":"info","message":"ICP/USDC: decision=HOLD confidence=21% price=2.58000000 external_signals=0","timestamp":"2026-09-04T12:00:11.477Z"}
{"level":"info","message":"ICP/USDC: RSI 66.3 neutral | Price 2.5850 ≥ upper BB 2.5540 (bw 9.0%) | Stoch K=94.6 D=77.3 — no crossover in extreme zone","timestamp":"2026-09-04T12:00:11.478Z"}
{"level":"debug","message":"[CYCLE] APT/USDC: sizing positionPct=0.1007 (base=0.15 atr=0.035490792061505474 regime=on conf=0.20 macro=bull mtf=1.0)","timestamp":"2026-09-04T12:00:11.675Z"}
{"level":"info","message":"APT/USDC: decision=HOLD confidence=20% price=0.59400000 external_signals=0","timestamp":"2026-09-04T12:00:11.675Z"}
{"level":"info","message":"APT/USDC: Price 0.5940 inside BB [0.5098–0.6082] | Stoch K=71.4 D=77.3 — no crossover in extreme zone | MFI 73.4 neutral","timestamp":"2026-09-04T12:00:11.675Z"}
{"level":"info","message":"NEAR/USDC: live balance=134.49 pnl=0.00 open_positions=2 daily_pnl=0.00 blocked=false","timestamp":"2026-09-04T12:00:11.874Z"}
{"level":"info","message":"BCH/USDC: live balance=134.49 pnl=0.00 open_positions=2 daily_pnl=0.00 blocked=false","timestamp":"2026-09-04T12:00:12.074Z"}
{"level":"debug","message":"[CYCLE] ENA/USDC: sizing positionPct=0.0790 (base=0.15 atr=0.035490792061505474 regime=on conf=0.22 macro=bull mtf=1.0)","timestamp":"2026-09-04T12:00:12.288Z"}
{"level":"info","message":"ENA/USDC: decision=HOLD confidence=22% price=0.16990000 external_signals=0","timestamp":"2026-09-04T12:00:12.288Z"}
{"level":"info","message":"ENA/USDC: RSI 63.2 neutral | Price 0.1699 inside BB [0.1385–0.1731] | CCI 115.3 overbought ↓ reversal confirmed","timestamp":"2026-09-04T12:00:12.288Z"}
{"level":"info","message":"TRX/USDC: live balance=134.49 pnl=0.00 open_positions=2 daily_pnl=0.00 blocked=false","timestamp":"2026-09-04T12:00:12.474Z"}
{"level":"debug","message":"[CYCLE] TIA/USDC: sizing positionPct=0.0974 (base=0.15 atr=0.035490792061505474 regime=on conf=0.18 macro=bull mtf=1.0)","timestamp":"2026-09-04T12:00:12.675Z"}
{"level":"info","message":"TIA/USDC: decision=HOLD confidence=18% price=0.36180000 external_signals=0","timestamp":"2026-09-04T12:00:12.675Z"}
{"level":"info","message":"TIA/USDC: CCI 96.7 neutral | MACD 0.0043 vs signal 0.0025 hist:0.0018 | HA bullish continuation","timestamp":"2026-09-04T12:00:12.675Z"}
{"level":"info","message":"CRV/USDC: live balance=134.49 pnl=0.00 open_positions=2 daily_pnl=0.00 blocked=false","timestamp":"2026-09-04T12:00:12.875Z"}
{"level":"info","message":"ENS/USDC: live balance=134.49 pnl=0.00 open_positions=2 daily_pnl=0.00 blocked=false","timestamp":"2026-09-04T12:00:13.073Z"}
{"level":"info","message":"JTO/USDC: live balance=134.49 pnl=0.00 open_positions=2 daily_pnl=0.00 blocked=false","timestamp":"2026-09-04T12:00:13.273Z"}
{"level":"info","message":"LDO/USDC: live balance=134.49 pnl=0.00 open_positions=2 daily_pnl=0.00 blocked=false","timestamp":"2026-09-04T12:00:13.475Z"}
{"level":"info","message":"PAXG/USDC: live balance=134.49 pnl=0.00 open_positions=2 daily_pnl=0.00 blocked=false","timestamp":"2026-09-04T12:00:13.671Z"}
{"level":"info","message":"SUI/USDC: live balance=134.49 pnl=0.00 open_positions=2 daily_pnl=0.00 blocked=false","timestamp":"2026-09-04T12:00:13.874Z"}
{"level":"info","message":"PIXEL/USDC: live balance=134.49 pnl=0.00 open_positions=2 daily_pnl=0.00 blocked=false","timestamp":"2026-09-04T12:00:14.256Z"}
{"level":"info","message":"ADA/USDC: live balance=134.49 pnl=0.00 open_positions=2 daily_pnl=0.00 blocked=false","timestamp":"2026-09-04T12:00:14.280Z"}
{"level":"info","message":"INJ/USDC: live balance=134.49 pnl=0.00 open_positions=2 daily_pnl=0.00 blocked=false","timestamp":"2026-09-04T12:00:14.474Z"}
{"level":"info","message":"AVAX/USDC: live balance=134.49 pnl=0.00 open_positions=2 daily_pnl=0.00 blocked=false","timestamp":"2026-09-04T12:00:14.675Z"}
{"level":"info","message":"WLD/USDC: live balance=134.49 pnl=0.00 open_positions=2 daily_pnl=0.00 blocked=false","timestamp":"2026-09-04T12:00:14.874Z"}
{"level":"info","message":"ETH/USDC: live balance=134.49 pnl=0.00 open_positions=2 daily_pnl=0.00 blocked=false","timestamp":"2026-09-04T12:00:15.075Z"}
{"level":"info","message":"PEPE/USDC: live balance=134.49 pnl=0.00 open_positions=2 daily_pnl=0.00 blocked=false","timestamp":"2026-09-04T12:00:15.317Z"}
{"level":"info","message":"RENDER/USDC: live balance=134.49 pnl=0.00 open_positions=2 daily_pnl=0.00 blocked=false","timestamp":"2026-09-04T12:00:15.515Z"}
{"level":"info","message":"JUP/USDC: live balance=134.49 pnl=0.00 open_positions=2 daily_pnl=0.00 blocked=false","timestamp":"2026-09-04T12:00:15.714Z"}
{"level":"info","message":"ARB/USDC: live balance=134.49 pnl=0.00 open_positions=2 daily_pnl=0.00 blocked=false","timestamp":"2026-09-04T12:00:15.915Z"}
{"level":"info","message":"MANTA/USDC: live balance=134.49 pnl=0.00 open_positions=2 daily_pnl=0.00 blocked=false","timestamp":"2026-09-04T12:00:16.315Z"}
{"level":"info","message":"THETA/USDC: live balance=134.49 pnl=0.00 open_positions=2 daily_pnl=0.00 blocked=false","timestamp":"2026-09-04T12:00:16.517Z"}
{"level":"info","message":"SOL/USDC: live balance=134.49 pnl=0.00 open_positions=2 daily_pnl=0.00 blocked=false","timestamp":"2026-09-04T12:00:16.714Z"}
{"level":"info","message":"ACH/USDC: live balance=134.49 pnl=0.00 open_positions=2 daily_pnl=0.00 blocked=false","timestamp":"2026-09-04T12:00:16.917Z"}
{"level":"info","message":"ICP/USDC: live balance=134.49 pnl=0.00 open_positions=2 daily_pnl=0.00 blocked=false","timestamp":"2026-09-04T12:00:17.115Z"}
{"level":"info","message":"APT/USDC: live balance=134.49 pnl=0.00 open_positions=2 daily_pnl=0.00 blocked=false","timestamp":"2026-09-04T12:00:17.320Z"}
{"level":"info","message":"ENA/USDC: live balance=134.49 pnl=0.00 open_positions=2 daily_pnl=0.00 blocked=false","timestamp":"2026-09-04T12:00:17.514Z"}
{"level":"info","message":"TIA/USDC: live balance=134.49 pnl=0.00 open_positions=2 daily_pnl=0.00 blocked=false","timestamp":"2026-09-04T12:00:17.716Z"}
{"level":"info","message":"[TSM-CORE] rung 2@0.5 (HWM $244.17) · next de-risk at $320 HWM","timestamp":"2026-09-04T12:00:18.155Z"}
{"level":"info","message":"[TSM-CORE] BTC/USDC: votes 3/3 (enter ≥3, stay ≥2) · vol 42% → ×1.00 · macro risk-on","timestamp":"2026-09-04T12:00:18.168Z"}
{"level":"info","message":"[TSM-CORE] ETH/USDC: votes 3/3 (enter ≥3, stay ≥2) · vol 71% → ×0.84 · macro risk-on","timestamp":"2026-09-04T12:00:18.168Z"}
{"level":"info","message":"Next cycle aligned to candle close in 720 min (Sat, 05 Sep 2026 00:00:03 GMT)","timestamp":"2026-09-04T12:00:18.442Z"}
{"level":"debug","message":"[RISK-LOOP] checking 2 open position(s)","timestamp":"2026-09-04T12:01:56.153Z"}
{"level":"debug","message":"[RISK-LOOP] checking 2 open position(s)","timestamp":"2026-09-04T12:03:56.155Z"}
{"level":"debug","message":"[RISK-LOOP] checking 2 open position(s)","timestamp":"2026-09-04T12:05:56.154Z"}
{"level":"debug","message":"[RISK-LOOP] checking 2 open position(s)","timestamp":"2026-09-04T12:07:56.195Z"}
{"level":"debug","message":"[RISK-LOOP] checking 2 open position(s)","timestamp":"2026-09-04T12:09:56.154Z"}
{"level":"debug","message":"[RISK-LOOP] checking 2 open position(s)","timestamp":"2026-09-04T12:11:56.155Z"}
{"level":"info","message":"[MTF-CACHE] 15m refresh complete: 37/37 symbols","timestamp":"2026-09-04T12:13:12.644Z"}
{"level":"debug","message":"[RISK-LOOP] checking 2 open position(s)","timestamp":"2026-09-04T12:13:56.155Z"}
{"level":"debug","message":"[RISK-LOOP] checking 2 open position(s)","timestamp":"2026-09-04T12:15:56.212Z"}
{"level":"debug","message":"[RISK-LOOP] checking 2 open position(s)","timestamp":"2026-09-04T12:17:56.334Z"}
{"level":"debug","message":"[RISK-LOOP] checking 2 open position(s)","timestamp":"2026-09-04T12:19:56.345Z"}
{"level":"debug","message":"[RISK-LOOP] checking 2 open position(s)","timestamp":"2026-09-04T12:21:56.336Z"}
{"level":"debug","message":"[RISK-LOOP] checking 2 open position(s)","timestamp":"2026-09-04T12:23:56.337Z"}
{"level":"debug","message":"[RISK-LOOP] checking 2 open position(s)","timestamp":"2026-09-04T12:25:56.335Z"}
{"level":"debug","message":"[RISK-LOOP] checking 2 open position(s)","timestamp":"2026-09-04T12:27:56.479Z"}
{"level":"info","message":"[MTF-CACHE] 4h refresh complete: 37/37 symbols","timestamp":"2026-09-04T12:28:09.652Z"}
{"level":"info","message":"[MTF-CACHE] 15m refresh complete: 37/37 symbols","timestamp":"2026-09-04T12:28:12.371Z"}
{"level":"debug","message":"[RISK-LOOP] checking 2 open position(s)","timestamp":"2026-09-04T12:29:56.161Z"}
{"level":"debug","message":"[RISK-LOOP] checking 2 open position(s)","timestamp":"2026-09-04T12:31:56.162Z"}
{"level":"debug","message":"[RISK-LOOP] checking 2 open position(s)","timestamp":"2026-09-04T12:33:56.166Z"}
{"level":"debug","message":"[RISK-LOOP] checking 2 open position(s)","timestamp":"2026-09-04T12:35:56.163Z"}
{"level":"debug","message":"[RISK-LOOP] checking 2 open position(s)","timestamp":"2026-09-04T12:37:56.349Z"}
{"level":"debug","message":"[RISK-LOOP] checking 2 open position(s)","timestamp":"2026-09-04T12:39:56.174Z"}
{"level":"debug","message":"[RISK-LOOP] checking 2 open position(s)","timestamp":"2026-09-04T12:41:56.173Z"}
{"level":"info","message":"[MTF-CACHE] 15m refresh complete: 37/37 symbols","timestamp":"2026-09-04T12:43:12.444Z"}
{"level":"debug","message":"[RISK-LOOP] checking 2 open position(s)","timestamp":"2026-09-04T12:43:56.182Z"}
{"level":"debug","message":"[RISK-LOOP] checking 2 open position(s)","timestamp":"2026-09-04T12:45:56.180Z"}
{"level":"debug","message":"[RISK-LOOP] checking 2 open position(s)","timestamp":"2026-09-04T12:47:56.366Z"}
{"level":"debug","message":"[RISK-LOOP] checking 2 open position(s)","timestamp":"2026-09-04T12:49:56.186Z"}
{"level":"debug","message":"[RISK-LOOP] checking 2 open position(s)","timestamp":"2026-09-04T12:51:56.189Z"}
{"level":"debug","message":"[RISK-LOOP] checking 2 open position(s)","timestamp":"2026-09-04T12:53:56.196Z"}
{"level":"debug","message":"[RISK-LOOP] checking 2 open position(s)","timestamp":"2026-09-04T12:55:56.195Z"}
{"level":"debug","message":"[RISK-LOOP] checking 2 open position(s)","timestamp":"2026-09-04T12:57:56.380Z"}
{"level":"info","message":"[MTF-CACHE] 15m refresh complete: 37/37 symbols","timestamp":"2026-09-04T12:58:12.455Z"}
{"level":"debug","message":"[RISK-LOOP] checking 2 open position(s)","timestamp":"2026-09-04T12:59:56.201Z"}
{"level":"debug","message":"[RISK-LOOP] checking 2 open position(s)","timestamp":"2026-09-04T13:01:56.201Z"}
{"level":"debug","message":"[RISK-LOOP] checking 2 open position(s)","timestamp":"2026-09-04T13:03:56.204Z"}
{"level":"debug","message":"[RISK-LOOP] checking 2 open position(s)","timestamp":"2026-09-04T13:05:56.209Z"}
{"level":"debug","message":"[RISK-LOOP] checking 2 open position(s)","timestamp":"2026-09-04T13:07:56.390Z"}
{"level":"debug","message":"[RISK-LOOP] checking 2 open position(s)","timestamp":"2026-09-04T13:09:56.216Z"}
{"level":"debug","message":"[RISK-LOOP] checking 2 open position(s)","timestamp":"2026-09-04T13:11:56.218Z"}
{"level":"info","message":"[MTF-CACHE] 15m refresh complete: 37/37 symbols","timestamp":"2026-09-04T13:13:12.439Z"}
{"level":"debug","message":"[RISK-LOOP] checking 2 open position(s)","timestamp":"2026-09-04T13:13:56.221Z"}
{"level":"debug","message":"[RISK-LOOP] checking 2 open position(s)","timestamp":"2026-09-04T13:15:56.223Z"}
{"level":"debug","message":"[RISK-LOOP] checking 2 open position(s)","timestamp":"2026-09-04T13:17:56.403Z"}
{"level":"debug","message":"[RISK-LOOP] checking 2 open position(s)","timestamp":"2026-09-04T13:19:56.228Z"}
{"level":"debug","message":"[RISK-LOOP] checking 2 open position(s)","timestamp":"2026-09-04T13:21:56.229Z"}
{"level":"debug","message":"[RISK-LOOP] checking 2 open position(s)","timestamp":"2026-09-04T13:23:56.230Z"}
{"level":"debug","message":"[RISK-LOOP] checking 2 open position(s)","timestamp":"2026-09-04T13:25:56.232Z"}
{"level":"debug","message":"[RISK-LOOP] checking 2 open position(s)","timestamp":"2026-09-04T13:27:56.235Z"}
{"level":"info","message":"[MTF-CACHE] 15m refresh complete: 37/37 symbols","timestamp":"2026-09-04T13:28:13.029Z"}
{"level":"debug","message":"[RISK-LOOP] checking 2 open position(s)","timestamp":"2026-09-04T13:29:56.241Z"}
{"level":"debug","message":"[RISK-LOOP] checking 2 open position(s)","timestamp":"2026-09-04T13:31:56.241Z"}
{"level":"debug","message":"[RISK-LOOP] checking 2 open position(s)","timestamp":"2026-09-04T13:33:56.246Z"}
{"level":"debug","message":"[RISK-LOOP] checking 2 open position(s)","timestamp":"2026-09-04T13:35:56.247Z"}
{"level":"debug","message":"[RISK-LOOP] checking 2 open position(s)","timestamp":"2026-09-04T13:37:56.248Z"}
{"level":"debug","message":"[RISK-LOOP] checking 2 open position(s)","timestamp":"2026-09-04T13:39:56.255Z"}
{"level":"debug","message":"[RISK-LOOP] checking 2 open position(s)","timestamp":"2026-09-04T13:41:56.256Z"}
{"level":"info","message":"[MTF-CACHE] 15m refresh complete: 37/37 symbols","timestamp":"2026-09-04T13:43:12.597Z"}
{"level":"debug","message":"[RISK-LOOP] checking 2 open position(s)","timestamp":"2026-09-04T13:43:56.257Z"}
{"level":"debug","message":"[RISK-LOOP] checking 2 open position(s)","timestamp":"2026-09-04T13:45:56.260Z"}
{"level":"debug","message":"[RISK-LOOP] checking 2 open position(s)","timestamp":"2026-09-04T13:47:56.259Z"}
{"level":"debug","message":"[RISK-LOOP] checking 2 open position(s)","timestamp":"2026-09-04T13:49:56.263Z"}
{"level":"debug","message":"[RISK-LOOP] checking 2 open position(s)","timestamp":"2026-09-04T13:51:56.265Z"}
{"level":"debug","message":"[RISK-LOOP] checking 2 open position(s)","timestamp":"2026-09-04T13:53:56.268Z"}
{"level":"debug","message":"[RISK-LOOP] checking 2 open position(s)","timestamp":"2026-09-04T13:55:56.268Z"}
{"level":"debug","message":"[RISK-LOOP] checking 2 open position(s)","timestamp":"2026-09-04T13:57:56.268Z"}
{"level":"info","message":"[MTF-CACHE] 15m refresh complete: 37/37 symbols","timestamp":"2026-09-04T13:58:12.548Z"}
{"level":"debug","message":"[RISK-LOOP] checking 2 open position(s)","timestamp":"2026-09-04T13:59:56.269Z"}
{"level":"debug","message":"[RISK-LOOP] checking 2 open position(s)","timestamp":"2026-09-04T14:01:56.272Z"}
{"level":"debug","message":"[RISK-LOOP] checking 2 open position(s)","timestamp":"2026-09-04T14:03:56.271Z"}
{"level":"debug","message":"[RISK-LOOP] checking 2 open position(s)","timestamp":"2026-09-04T14:05:56.274Z"}
{"level":"debug","message":"[RISK-LOOP] checking 2 open position(s)","timestamp":"2026-09-04T14:07:56.274Z"}
{"level":"debug","message":"[RISK-LOOP] checking 2 open position(s)","timestamp":"2026-09-04T14:09:56.278Z"}
{"level":"debug","message":"[RISK-LOOP] checking 2 open position(s)","timestamp":"2026-09-04T14:11:56.279Z"}
{"level":"info","message":"[MTF-CACHE] 15m refresh complete: 37/37 symbols","timestamp":"2026-09-04T14:13:12.464Z"}
{"level":"debug","message":"[RISK-LOOP] checking 2 open position(s)","timestamp":"2026-09-04T14:13:56.279Z"}
{"level":"debug","message":"[RISK-LOOP] checking 2 open position(s)","timestamp":"2026-09-04T14:15:56.278Z"}
{"level":"debug","message":"[RISK-LOOP] checking 2 open position(s)","timestamp":"2026-09-04T14:17:56.311Z"}
{"level":"debug","message":"[RISK-LOOP] checking 2 open position(s)","timestamp":"2026-09-04T14:19:56.288Z"}
{"level":"debug","message":"[RISK-LOOP] checking 2 open position(s)","timestamp":"2026-09-04T14:21:56.286Z"}
{"level":"debug","message":"[RISK-LOOP] checking 2 open position(s)","timestamp":"2026-09-04T14:23:56.288Z"}
{"level":"debug","message":"[RISK-LOOP] checking 2 open position(s)","timestamp":"2026-09-04T14:25:56.289Z"}
{"level":"debug","message":"[RISK-LOOP] checking 2 open position(s)","timestamp":"2026-09-04T14:27:56.288Z"}
{"level":"info","message":"[MTF-CACHE] 15m refresh complete: 37/37 symbols","timestamp":"2026-09-04T14:28:12.647Z"}
{"level":"debug","message":"[RISK-LOOP] checking 2 open position(s)","timestamp":"2026-09-04T14:29:56.288Z"}
{"level":"debug","message":"[RISK-LOOP] checking 2 open position(s)","timestamp":"2026-09-04T14:31:56.290Z"}
{"level":"debug","message":"[RISK-LOOP] checking 2 open position(s)","timestamp":"2026-09-04T14:33:56.291Z"}
{"level":"debug","message":"[RISK-LOOP] checking 2 open position(s)","timestamp":"2026-09-04T14:35:56.290Z"}
{"level":"debug","message":"[RISK-LOOP] checking 2 open position(s)","timestamp":"2026-09-04T14:37:56.290Z"}
{"level":"debug","message":"[RISK-LOOP] checking 2 open position(s)","timestamp":"2026-09-04T14:39:56.293Z"}
{"level":"debug","message":"[RISK-LOOP] checking 2 open position(s)","timestamp":"2026-09-04T14:41:56.295Z"}
{"level":"info","message":"[MTF-CACHE] 15m refresh complete: 37/37 symbols","timestamp":"2026-09-04T14:43:12.508Z"}
{"level":"debug","message":"[RISK-LOOP] checking 2 open position(s)","timestamp":"2026-09-04T14:43:56.295Z"}
{"level":"debug","message":"[RISK-LOOP] checking 2 open position(s)","timestamp":"2026-09-04T14:45:56.297Z"}
{"level":"debug","message":"[RISK-LOOP] checking 2 open position(s)","timestamp":"2026-09-04T14:47:56.295Z"}
{"level":"debug","message":"[RISK-LOOP] checking 2 open position(s)","timestamp":"2026-09-04T14:49:56.296Z"}
{"level":"debug","message":"[RISK-LOOP] checking 2 open position(s)","timestamp":"2026-09-04T14:51:56.300Z"}
{"level":"debug","message":"[RISK-LOOP] checking 2 open position(s)","timestamp":"2026-09-04T14:53:56.301Z"}
{"level":"debug","message":"[RISK-LOOP] checking 2 open position(s)","timestamp":"2026-09-04T14:55:56.301Z"}
{"level":"debug","message":"[RISK-LOOP] checking 2 open position(s)","timestamp":"2026-09-04T14:57:56.301Z"}
{"level":"info","message":"[MTF-CACHE] 15m refresh complete: 37/37 symbols","timestamp":"2026-09-04T14:58:13.050Z"}
{"level":"debug","message":"[RISK-LOOP] checking 2 open position(s)","timestamp":"2026-09-04T14:59:56.303Z"}
{"level":"debug","message":"[RISK-LOOP] checking 2 open position(s)","timestamp":"2026-09-04T15:01:56.301Z"}
{"level":"debug","message":"[RISK-LOOP] checking 2 open position(s)","timestamp":"2026-09-04T15:03:56.301Z"}
{"level":"debug","message":"[RISK-LOOP] checking 2 open position(s)","timestamp":"2026-09-04T15:05:56.300Z"}
{"level":"debug","message":"[RISK-LOOP] checking 2 open position(s)","timestamp":"2026-09-04T15:07:56.354Z"}
{"level":"debug","message":"[RISK-LOOP] checking 2 open position(s)","timestamp":"2026-09-04T15:09:56.305Z"}
{"level":"debug","message":"[RISK-LOOP] checking 2 open position(s)","timestamp":"2026-09-04T15:11:56.303Z"}
{"level":"info","message":"[MTF-CACHE] 15m refresh complete: 37/37 symbols","timestamp":"2026-09-04T15:13:12.490Z"}
{"level":"debug","message":"[RISK-LOOP] checking 2 open position(s)","timestamp":"2026-09-04T15:13:56.301Z"}
{"level":"debug","message":"[RISK-LOOP] checking 2 open position(s)","timestamp":"2026-09-04T15:15:56.302Z"}
{"level":"debug","message":"[RISK-LOOP] checking 2 open position(s)","timestamp":"2026-09-04T15:17:56.520Z"}
{"level":"debug","message":"[RISK-LOOP] checking 2 open position(s)","timestamp":"2026-09-04T15:19:56.399Z"}
{"level":"debug","message":"[RISK-LOOP] checking 2 open position(s)","timestamp":"2026-09-04T15:21:56.452Z"}
{"level":"debug","message":"[RISK-LOOP] checking 2 open position(s)","timestamp":"2026-09-04T15:23:56.498Z"}
{"level":"debug","message":"[RISK-LOOP] checking 2 open position(s)","timestamp":"2026-09-04T15:25:56.489Z"}
{"level":"debug","message":"[RISK-LOOP] checking 2 open position(s)","timestamp":"2026-09-04T15:27:56.502Z"}
{"level":"info","message":"[MTF-CACHE] 15m refresh complete: 37/37 symbols","timestamp":"2026-09-04T15:28:13.743Z"}
{"level":"debug","message":"[RISK-LOOP] checking 2 open position(s)","timestamp":"2026-09-04T15:29:56.490Z"}
{"level":"debug","message":"[RISK-LOOP] checking 2 open position(s)","timestamp":"2026-09-04T15:31:56.488Z"}
{"level":"debug","message":"[RISK-LOOP] checking 2 open position(s)","timestamp":"2026-09-04T15:33:56.312Z"}
{"level":"debug","message":"[RISK-LOOP] checking 2 open position(s)","timestamp":"2026-09-04T15:35:56.314Z"}
{"level":"debug","message":"[RISK-LOOP] checking 2 open position(s)","timestamp":"2026-09-04T15:37:56.496Z"}
{"level":"debug","message":"[RISK-LOOP] checking 2 open position(s)","timestamp":"2026-09-04T15:39:56.318Z"}
{"level":"debug","message":"[RISK-LOOP] checking 2 open position(s)","timestamp":"2026-09-04T15:41:56.322Z"}
{"level":"info","message":"[MTF-CACHE] 15m refresh complete: 37/37 symbols","timestamp":"2026-09-04T15:43:12.457Z"}
{"level":"debug","message":"[RISK-LOOP] checking 2 open position(s)","timestamp":"2026-09-04T15:43:56.319Z"}
{"level":"debug","message":"[RISK-LOOP] checking 2 open position(s)","timestamp":"2026-09-04T15:45:56.324Z"}
{"level":"debug","message":"[RISK-LOOP] checking 2 open position(s)","timestamp":"2026-09-04T15:47:56.506Z"}
{"level":"debug","message":"[RISK-LOOP] checking 2 open position(s)","timestamp":"2026-09-04T15:49:56.327Z"}
{"level":"debug","message":"[RISK-LOOP] checking 2 open position(s)","timestamp":"2026-09-04T15:51:56.332Z"}
{"level":"debug","message":"[RISK-LOOP] checking 2 open position(s)","timestamp":"2026-09-04T15:53:56.337Z"}
{"level":"debug","message":"[RISK-LOOP] checking 2 open position(s)","timestamp":"2026-09-04T15:55:56.338Z"}
{"level":"debug","message":"[RISK-LOOP] checking 2 open position(s)","timestamp":"2026-09-04T15:57:56.521Z"}
{"level":"info","message":"[MTF-CACHE] 15m refresh complete: 37/37 symbols","timestamp":"2026-09-04T15:58:12.527Z"}
{"level":"debug","message":"[RISK-LOOP] checking 2 open position(s)","timestamp":"2026-09-04T15:59:56.345Z"}
{"level":"debug","message":"[RISK-LOOP] checking 2 open position(s)","timestamp":"2026-09-04T16:01:56.349Z"}
{"level":"debug","message":"[RISK-LOOP] checking 2 open position(s)","timestamp":"2026-09-04T16:03:56.354Z"}
{"level":"debug","message":"[RISK-LOOP] checking 2 open position(s)","timestamp":"2026-09-04T16:05:56.357Z"}
{"level":"debug","message":"[RISK-LOOP] checking 2 open position(s)","timestamp":"2026-09-04T16:07:56.542Z"}
{"level":"debug","message":"[RISK-LOOP] checking 2 open position(s)","timestamp":"2026-09-04T16:09:56.363Z"}
{"level":"debug","message":"[RISK-LOOP] checking 2 open position(s)","timestamp":"2026-09-04T16:11:56.369Z"}
{"level":"info","message":"[MTF-CACHE] 15m refresh complete: 37/37 symbols","timestamp":"2026-09-04T16:13:12.464Z"}
{"level":"debug","message":"[RISK-LOOP] checking 2 open position(s)","timestamp":"2026-09-04T16:13:56.427Z"}
{"level":"debug","message":"[RISK-LOOP] checking 2 open position(s)","timestamp":"2026-09-04T16:15:56.373Z"}
{"level":"debug","message":"[RISK-LOOP] checking 2 open position(s)","timestamp":"2026-09-04T16:17:56.554Z"}
{"level":"debug","message":"[RISK-LOOP] checking 2 open position(s)","timestamp":"2026-09-04T16:19:56.378Z"}
{"level":"debug","message":"[RISK-LOOP] checking 2 open position(s)","timestamp":"2026-09-04T16:21:56.840Z"}
{"level":"debug","message":"[RISK-LOOP] checking 2 open position(s)","timestamp":"2026-09-04T16:23:56.378Z"}
{"level":"debug","message":"[RISK-LOOP] checking 2 open position(s)","timestamp":"2026-09-04T16:25:56.383Z"}
{"level":"debug","message":"[RISK-LOOP] checking 2 open position(s)","timestamp":"2026-09-04T16:27:56.389Z"}
{"level":"info","message":"[MTF-CACHE] 4h refresh complete: 37/37 symbols","timestamp":"2026-09-04T16:28:12.230Z"}
{"level":"info","message":"[MTF-CACHE] 15m refresh complete: 37/37 symbols","timestamp":"2026-09-04T16:28:13.379Z"}
{"level":"debug","message":"[RISK-LOOP] checking 2 open position(s)","timestamp":"2026-09-04T16:29:56.848Z"}
{"level":"debug","message":"[RISK-LOOP] checking 2 open position(s)","timestamp":"2026-09-04T16:31:56.848Z"}
{"level":"debug","message":"[RISK-LOOP] checking 2 open position(s)","timestamp":"2026-09-04T16:33:56.394Z"}
{"level":"debug","message":"[RISK-LOOP] checking 2 open position(s)","timestamp":"2026-09-04T16:35:56.397Z"}
{"level":"debug","message":"[RISK-LOOP] checking 2 open position(s)","timestamp":"2026-09-04T16:37:56.401Z"}
{"level":"debug","message":"[RISK-LOOP] checking 2 open position(s)","timestamp":"2026-09-04T16:39:56.402Z"}
{"level":"debug","message":"[RISK-LOOP] checking 2 open position(s)","timestamp":"2026-09-04T16:41:56.409Z"}
{"level":"info","message":"[MTF-CACHE] 15m refresh complete: 37/37 symbols","timestamp":"2026-09-04T16:43:12.935Z"}
{"level":"debug","message":"[RISK-LOOP] checking 2 open position(s)","timestamp":"2026-09-04T16:43:56.408Z"}
{"level":"debug","message":"[RISK-LOOP] checking 2 open position(s)","timestamp":"2026-09-04T16:45:56.409Z"}
{"level":"debug","message":"[RISK-LOOP] checking 2 open position(s)","timestamp":"2026-09-04T16:47:56.415Z"}
{"level":"debug","message":"[RISK-LOOP] checking 2 open position(s)","timestamp":"2026-09-04T16:49:56.418Z"}
{"level":"debug","message":"[RISK-LOOP] checking 2 open position(s)","timestamp":"2026-09-04T16:51:56.418Z"}
{"level":"debug","message":"[RISK-LOOP] checking 2 open position(s)","timestamp":"2026-09-04T16:53:56.418Z"}
{"level":"debug","message":"[RISK-LOOP] checking 2 open position(s)","timestamp":"2026-09-04T16:55:56.422Z"}
{"level":"debug","message":"[RISK-LOOP] checking 2 open position(s)","timestamp":"2026-09-04T16:57:56.421Z"}
{"level":"info","message":"[MTF-CACHE] 15m refresh complete: 37/37 symbols","timestamp":"2026-09-04T16:58:12.460Z"}
{"level":"debug","message":"[RISK-LOOP] checking 2 open position(s)","timestamp":"2026-09-04T16:59:56.424Z"}
{"level":"debug","message":"[RISK-LOOP] checking 2 open position(s)","timestamp":"2026-09-04T17:01:56.423Z"}
{"level":"debug","message":"[RISK-LOOP] checking 2 open position(s)","timestamp":"2026-09-04T17:03:56.424Z"}
{"level":"debug","message":"[RISK-LOOP] checking 2 open position(s)","timestamp":"2026-09-04T17:05:56.434Z"}
{"level":"debug","message":"[RISK-LOOP] checking 2 open position(s)","timestamp":"2026-09-04T17:07:56.430Z"}
{"level":"debug","message":"[RISK-LOOP] checking 2 open position(s)","timestamp":"2026-09-04T17:09:56.434Z"}
{"level":"debug","message":"[RISK-LOOP] checking 2 open position(s)","timestamp":"2026-09-04T17:11:56.437Z"}
{"level":"info","message":"[MTF-CACHE] 15m refresh complete: 37/37 symbols","timestamp":"2026-09-04T17:13:13.150Z"}
{"level":"debug","message":"[RISK-LOOP] checking 2 open position(s)","timestamp":"2026-09-04T17:13:56.434Z"}
{"level":"debug","message":"[RISK-LOOP] checking 2 open position(s)","timestamp":"2026-09-04T17:15:56.439Z"}
{"level":"debug","message":"[RISK-LOOP] checking 2 open position(s)","timestamp":"2026-09-04T17:17:56.437Z"}
{"level":"debug","message":"[RISK-LOOP] checking 2 open position(s)","timestamp":"2026-09-04T17:19:56.438Z"}
{"level":"debug","message":"[RISK-LOOP] checking 2 open position(s)","timestamp":"2026-09-04T17:21:56.437Z"}
{"level":"debug","message":"[RISK-LOOP] checking 2 open position(s)","timestamp":"2026-09-04T17:23:56.440Z"}
{"level":"debug","message":"[RISK-LOOP] checking 2 open position(s)","timestamp":"2026-09-04T17:25:56.448Z"}
{"level":"debug","message":"[RISK-LOOP] checking 2 open position(s)","timestamp":"2026-09-04T17:27:56.442Z"}
{"level":"info","message":"[MTF-CACHE] 15m refresh complete: 37/37 symbols","timestamp":"2026-09-04T17:28:12.481Z"}
{"level":"debug","message":"[RISK-LOOP] checking 2 open position(s)","timestamp":"2026-09-04T17:29:56.445Z"}
{"level":"debug","message":"[RISK-LOOP] checking 2 open position(s)","timestamp":"2026-09-04T17:31:56.447Z"}
{"level":"debug","message":"[RISK-LOOP] checking 2 open position(s)","timestamp":"2026-09-04T17:33:56.445Z"}
{"level":"debug","message":"[RISK-LOOP] checking 2 open position(s)","timestamp":"2026-09-04T17:35:56.448Z"}
{"level":"debug","message":"[RISK-LOOP] checking 2 open position(s)","timestamp":"2026-09-04T17:37:56.446Z"}
{"level":"debug","message":"[RISK-LOOP] checking 2 open position(s)","timestamp":"2026-09-04T17:39:56.452Z"}
{"level":"debug","message":"[RISK-LOOP] checking 2 open position(s)","timestamp":"2026-09-04T17:41:56.453Z"}
{"level":"info","message":"[MTF-CACHE] 15m refresh complete: 37/37 symbols","timestamp":"2026-09-04T17:43:13.618Z"}
{"level":"debug","message":"[RISK-LOOP] checking 2 open position(s)","timestamp":"2026-09-04T17:43:56.448Z"}
{"level":"debug","message":"[RISK-LOOP] checking 2 open position(s)","timestamp":"2026-09-04T17:45:56.453Z"}
{"level":"debug","message":"[RISK-LOOP] checking 2 open position(s)","timestamp":"2026-09-04T17:47:56.639Z"}
{"level":"debug","message":"[RISK-LOOP] checking 2 open position(s)","timestamp":"2026-09-04T17:49:56.452Z"}
{"level":"debug","message":"[RISK-LOOP] checking 2 open position(s)","timestamp":"2026-09-04T17:51:56.452Z"}
{"level":"debug","message":"[RISK-LOOP] checking 2 open position(s)","timestamp":"2026-09-04T17:53:56.452Z"}
{"level":"debug","message":"[RISK-LOOP] checking 2 open position(s)","timestamp":"2026-09-04T17:55:56.452Z"}
{"level":"debug","message":"[RISK-LOOP] checking 2 open position(s)","timestamp":"2026-09-04T17:57:56.452Z"}
{"level":"info","message":"[MTF-CACHE] 15m refresh complete: 37/37 symbols","timestamp":"2026-09-04T17:58:12.939Z"}
{"level":"debug","message":"[RISK-LOOP] checking 2 open position(s)","timestamp":"2026-09-04T17:59:56.452Z"}
{"level":"debug","message":"[RISK-LOOP] checking 2 open position(s)","timestamp":"2026-09-04T18:01:56.450Z"}
{"level":"debug","message":"[RISK-LOOP] checking 2 open position(s)","timestamp":"2026-09-04T18:03:56.461Z"}
{"level":"debug","message":"[RISK-LOOP] checking 2 open position(s)","timestamp":"2026-09-04T18:05:56.455Z"}
{"level":"debug","message":"[RISK-LOOP] checking 2 open position(s)","timestamp":"2026-09-04T18:07:56.454Z"}
{"level":"debug","message":"[RISK-LOOP] checking 2 open position(s)","timestamp":"2026-09-04T18:09:56.455Z"}
{"level":"debug","message":"[RISK-LOOP] checking 2 open position(s)","timestamp":"2026-09-04T18:11:56.455Z"}
{"level":"info","message":"[MTF-CACHE] 15m refresh complete: 37/37 symbols","timestamp":"2026-09-04T18:13:13.490Z"}
{"level":"debug","message":"[RISK-LOOP] checking 2 open position(s)","timestamp":"2026-09-04T18:13:56.456Z"}
{"level":"debug","message":"[RISK-LOOP] checking 2 open position(s)","timestamp":"2026-09-04T18:15:56.458Z"}
{"level":"debug","message":"[RISK-LOOP] checking 2 open position(s)","timestamp":"2026-09-04T18:17:56.666Z"}
{"level":"debug","message":"[RISK-LOOP] checking 2 open position(s)","timestamp":"2026-09-04T18:19:56.539Z"}
{"level":"debug","message":"[RISK-LOOP] checking 2 open position(s)","timestamp":"2026-09-04T18:21:56.577Z"}
{"level":"debug","message":"[RISK-LOOP] checking 2 open position(s)","timestamp":"2026-09-04T18:23:56.617Z"}
{"level":"debug","message":"[RISK-LOOP] checking 2 open position(s)","timestamp":"2026-09-04T18:25:56.655Z"}
{"level":"debug","message":"[RISK-LOOP] checking 2 open position(s)","timestamp":"2026-09-04T18:27:56.635Z"}
{"level":"info","message":"[MTF-CACHE] 15m refresh complete: 37/37 symbols","timestamp":"2026-09-04T18:28:14.276Z"}
{"level":"debug","message":"[RISK-LOOP] checking 2 open position(s)","timestamp":"2026-09-04T18:29:56.639Z"}
{"level":"debug","message":"[RISK-LOOP] checking 2 open position(s)","timestamp":"2026-09-04T18:31:56.640Z"}
{"level":"debug","message":"[RISK-LOOP] checking 2 open position(s)","timestamp":"2026-09-04T18:33:56.639Z"}
{"level":"debug","message":"[RISK-LOOP] checking 2 open position(s)","timestamp":"2026-09-04T18:35:56.645Z"}
{"level":"debug","message":"[RISK-LOOP] checking 2 open position(s)","timestamp":"2026-09-04T18:37:56.824Z"}
{"level":"debug","message":"[RISK-LOOP] checking 2 open position(s)","timestamp":"2026-09-04T18:39:56.461Z"}
{"level":"debug","message":"[RISK-LOOP] checking 2 open position(s)","timestamp":"2026-09-04T18:41:56.461Z"}
{"level":"info","message":"[MTF-CACHE] 15m refresh complete: 37/37 symbols","timestamp":"2026-09-04T18:43:13.430Z"}
{"level":"debug","message":"[RISK-LOOP] checking 2 open position(s)","timestamp":"2026-09-04T18:43:56.462Z"}
{"level":"debug","message":"[RISK-LOOP] checking 2 open position(s)","timestamp":"2026-09-04T18:45:56.463Z"}
{"level":"debug","message":"[RISK-LOOP] checking 2 open position(s)","timestamp":"2026-09-04T18:47:56.644Z"}
{"level":"debug","message":"[RISK-LOOP] checking 2 open position(s)","timestamp":"2026-09-04T18:49:56.467Z"}
{"level":"debug","message":"[RISK-LOOP] checking 2 open position(s)","timestamp":"2026-09-04T18:51:56.472Z"}
{"level":"debug","message":"[RISK-LOOP] checking 2 open position(s)","timestamp":"2026-09-04T18:53:56.475Z"}
{"level":"debug","message":"[RISK-LOOP] checking 2 open position(s)","timestamp":"2026-09-04T18:55:56.477Z"}
{"level":"debug","message":"[RISK-LOOP] checking 2 open position(s)","timestamp":"2026-09-04T18:57:56.660Z"}
{"level":"info","message":"[MTF-CACHE] 15m refresh complete: 37/37 symbols","timestamp":"2026-09-04T18:58:15.644Z"}
{"level":"debug","message":"[RISK-LOOP] checking 2 open position(s)","timestamp":"2026-09-04T18:59:56.487Z"}
{"level":"debug","message":"[RISK-LOOP] checking 2 open position(s)","timestamp":"2026-09-04T19:01:56.490Z"}
{"level":"debug","message":"[RISK-LOOP] checking 2 open position(s)","timestamp":"2026-09-04T19:03:56.501Z"}
{"level":"debug","message":"[RISK-LOOP] checking 2 open position(s)","timestamp":"2026-09-04T19:05:56.495Z"}
{"level":"debug","message":"[RISK-LOOP] checking 2 open position(s)","timestamp":"2026-09-04T19:07:56.681Z"}
{"level":"debug","message":"[RISK-LOOP] checking 2 open position(s)","timestamp":"2026-09-04T19:09:56.502Z"}
{"level":"debug","message":"[RISK-LOOP] checking 2 open position(s)","timestamp":"2026-09-04T19:11:56.505Z"}
{"level":"info","message":"[MTF-CACHE] 15m refresh complete: 37/37 symbols","timestamp":"2026-09-04T19:13:12.754Z"}
{"level":"debug","message":"[RISK-LOOP] checking 2 open position(s)","timestamp":"2026-09-04T19:13:56.508Z"}
{"level":"debug","message":"[RISK-LOOP] checking 2 open position(s)","timestamp":"2026-09-04T19:15:56.516Z"}
{"level":"debug","message":"[RISK-LOOP] checking 2 open position(s)","timestamp":"2026-09-04T19:17:56.695Z"}
{"level":"debug","message":"[RISK-LOOP] checking 2 open position(s)","timestamp":"2026-09-04T19:19:56.518Z"}
{"level":"debug","message":"[RISK-LOOP] checking 2 open position(s)","timestamp":"2026-09-04T19:21:58.791Z"}
{"level":"debug","message":"[RISK-LOOP] checking 2 open position(s)","timestamp":"2026-09-04T19:23:56.525Z"}
{"level":"debug","message":"[RISK-LOOP] checking 2 open position(s)","timestamp":"2026-09-04T19:25:56.530Z"}
{"level":"debug","message":"[RISK-LOOP] checking 2 open position(s)","timestamp":"2026-09-04T19:27:56.708Z"}
{"level":"info","message":"[MTF-CACHE] 15m refresh complete: 37/37 symbols","timestamp":"2026-09-04T19:28:12.662Z"}
{"level":"debug","message":"[RISK-LOOP] checking 2 open position(s)","timestamp":"2026-09-04T19:29:56.534Z"}
{"level":"debug","message":"[RISK-LOOP] checking 2 open position(s)","timestamp":"2026-09-04T19:31:56.534Z"}
{"level":"debug","message":"[RISK-LOOP] checking 2 open position(s)","timestamp":"2026-09-04T19:33:56.541Z"}
{"level":"debug","message":"[RISK-LOOP] checking 2 open position(s)","timestamp":"2026-09-04T19:35:56.542Z"}
{"level":"debug","message":"[RISK-LOOP] checking 2 open position(s)","timestamp":"2026-09-04T19:37:56.722Z"}
{"level":"debug","message":"[RISK-LOOP] checking 2 open position(s)","timestamp":"2026-09-04T19:39:56.547Z"}
{"level":"debug","message":"[RISK-LOOP] checking 2 open position(s)","timestamp":"2026-09-04T19:41:56.549Z"}
{"level":"info","message":"[MTF-CACHE] 15m refresh complete: 37/37 symbols","timestamp":"2026-09-04T19:43:12.673Z"}
{"level":"debug","message":"[RISK-LOOP] checking 2 open position(s)","timestamp":"2026-09-04T19:43:56.552Z"}
{"level":"debug","message":"[RISK-LOOP] checking 2 open position(s)","timestamp":"2026-09-04T19:45:56.555Z"}
{"level":"debug","message":"[RISK-LOOP] checking 2 open position(s)","timestamp":"2026-09-04T19:47:56.558Z"}
{"level":"debug","message":"[RISK-LOOP] checking 2 open position(s)","timestamp":"2026-09-04T19:49:56.561Z"}
{"level":"debug","message":"[RISK-LOOP] checking 2 open position(s)","timestamp":"2026-09-04T19:51:56.563Z"}
{"level":"debug","message":"[RISK-LOOP] checking 2 open position(s)","timestamp":"2026-09-04T19:53:56.563Z"}
{"level":"debug","message":"[RISK-LOOP] checking 2 open position(s)","timestamp":"2026-09-04T19:55:56.562Z"}
{"level":"debug","message":"[RISK-LOOP] checking 2 open position(s)","timestamp":"2026-09-04T19:57:56.564Z"}
{"level":"info","message":"[MTF-CACHE] 15m refresh complete: 37/37 symbols","timestamp":"2026-09-04T19:58:12.563Z"}
{"level":"debug","message":"[RISK-LOOP] checking 2 open position(s)","timestamp":"2026-09-04T19:59:56.565Z"}
{"level":"debug","message":"[RISK-LOOP] checking 2 open position(s)","timestamp":"2026-09-04T20:01:56.568Z"}
{"level":"debug","message":"[RISK-LOOP] checking 2 open position(s)","timestamp":"2026-09-04T20:03:56.570Z"}
{"level":"debug","message":"[RISK-LOOP] checking 2 open position(s)","timestamp":"2026-09-04T20:05:56.570Z"}
{"level":"debug","message":"[RISK-LOOP] checking 2 open position(s)","timestamp":"2026-09-04T20:07:56.574Z"}
{"level":"debug","message":"[RISK-LOOP] checking 2 open position(s)","timestamp":"2026-09-04T20:09:56.581Z"}
{"level":"debug","message":"[RISK-LOOP] checking 2 open position(s)","timestamp":"2026-09-04T20:11:56.580Z"}
{"level":"info","message":"[MTF-CACHE] 15m refresh complete: 37/37 symbols","timestamp":"2026-09-04T20:13:12.645Z"}
{"level":"debug","message":"[RISK-LOOP] checking 2 open position(s)","timestamp":"2026-09-04T20:13:56.575Z"}
{"level":"debug","message":"[RISK-LOOP] checking 2 open position(s)","timestamp":"2026-09-04T20:15:56.578Z"}
{"level":"debug","message":"[RISK-LOOP] checking 2 open position(s)","timestamp":"2026-09-04T20:17:56.578Z"}
{"level":"debug","message":"[RISK-LOOP] checking 2 open position(s)","timestamp":"2026-09-04T20:19:56.584Z"}
{"level":"debug","message":"[RISK-LOOP] checking 2 open position(s)","timestamp":"2026-09-04T20:21:56.586Z"}
{"level":"debug","message":"[RISK-LOOP] checking 2 open position(s)","timestamp":"2026-09-04T20:23:56.588Z"}
{"level":"debug","message":"[RISK-LOOP] checking 2 open position(s)","timestamp":"2026-09-04T20:25:56.589Z"}
{"level":"debug","message":"[RISK-LOOP] checking 2 open position(s)","timestamp":"2026-09-04T20:27:56.590Z"}
{"level":"info","message":"[MTF-CACHE] 4h refresh complete: 37/37 symbols","timestamp":"2026-09-04T20:28:09.257Z"}
{"level":"info","message":"[MTF-CACHE] 15m refresh complete: 37/37 symbols","timestamp":"2026-09-04T20:28:13.007Z"}
{"level":"debug","message":"[RISK-LOOP] checking 2 open position(s)","timestamp":"2026-09-04T20:29:57.049Z"}
{"level":"debug","message":"[RISK-LOOP] checking 2 open position(s)","timestamp":"2026-09-04T20:31:56.594Z"}
{"level":"debug","message":"[RISK-LOOP] checking 2 open position(s)","timestamp":"2026-09-04T20:33:56.597Z"}
{"level":"debug","message":"[RISK-LOOP] checking 2 open position(s)","timestamp":"2026-09-04T20:35:56.596Z"}
{"level":"debug","message":"[RISK-LOOP] checking 2 open position(s)","timestamp":"2026-09-04T20:37:56.596Z"}
{"level":"debug","message":"[RISK-LOOP] checking 2 open position(s)","timestamp":"2026-09-04T20:39:56.602Z"}
{"level":"debug","message":"[RISK-LOOP] checking 2 open position(s)","timestamp":"2026-09-04T20:41:56.599Z"}
{"level":"info","message":"[MTF-CACHE] 15m refresh complete: 37/37 symbols","timestamp":"2026-09-04T20:43:12.570Z"}
{"level":"debug","message":"[RISK-LOOP] checking 2 open position(s)","timestamp":"2026-09-04T20:43:56.599Z"}
{"level":"debug","message":"[RISK-LOOP] checking 2 open position(s)","timestamp":"2026-09-04T20:45:56.602Z"}
{"level":"debug","message":"[RISK-LOOP] checking 2 open position(s)","timestamp":"2026-09-04T20:47:56.602Z"}
{"level":"debug","message":"[RISK-LOOP] checking 2 open position(s)","timestamp":"2026-09-04T20:49:56.605Z"}
{"level":"debug","message":"[RISK-LOOP] checking 2 open position(s)","timestamp":"2026-09-04T20:51:56.608Z"}
{"level":"debug","message":"[RISK-LOOP] checking 2 open position(s)","timestamp":"2026-09-04T20:53:56.609Z"}
{"level":"debug","message":"[RISK-LOOP] checking 2 open position(s)","timestamp":"2026-09-04T20:55:56.607Z"}
{"level":"debug","message":"[RISK-LOOP] checking 2 open position(s)","timestamp":"2026-09-04T20:57:56.625Z"}
{"level":"info","message":"[MTF-CACHE] 15m refresh complete: 37/37 symbols","timestamp":"2026-09-04T20:58:12.606Z"}
{"level":"debug","message":"[RISK-LOOP] checking 2 open position(s)","timestamp":"2026-09-04T20:59:56.608Z"}
{"level":"debug","message":"[RISK-LOOP] checking 2 open position(s)","timestamp":"2026-09-04T21:01:56.612Z"}
{"level":"debug","message":"[RISK-LOOP] checking 2 open position(s)","timestamp":"2026-09-04T21:03:56.611Z"}
{"level":"debug","message":"[RISK-LOOP] checking 2 open position(s)","timestamp":"2026-09-04T21:05:56.623Z"}
{"level":"debug","message":"[RISK-LOOP] checking 2 open position(s)","timestamp":"2026-09-04T21:07:56.615Z"}
{"level":"debug","message":"[RISK-LOOP] checking 2 open position(s)","timestamp":"2026-09-04T21:09:56.615Z"}
{"level":"debug","message":"[RISK-LOOP] checking 2 open position(s)","timestamp":"2026-09-04T21:11:56.612Z"}
{"level":"info","message":"[MTF-CACHE] 15m refresh complete: 37/37 symbols","timestamp":"2026-09-04T21:13:13.627Z"}
{"level":"debug","message":"[RISK-LOOP] checking 2 open position(s)","timestamp":"2026-09-04T21:13:56.612Z"}
{"level":"debug","message":"[RISK-LOOP] checking 2 open position(s)","timestamp":"2026-09-04T21:15:57.087Z"}
{"level":"debug","message":"[RISK-LOOP] checking 2 open position(s)","timestamp":"2026-09-04T21:17:56.792Z"}
{"level":"debug","message":"[RISK-LOOP] checking 2 open position(s)","timestamp":"2026-09-04T21:19:56.729Z"}
{"level":"debug","message":"[RISK-LOOP] checking 2 open position(s)","timestamp":"2026-09-04T21:21:56.799Z"}
{"level":"debug","message":"[RISK-LOOP] checking 2 open position(s)","timestamp":"2026-09-04T21:23:56.792Z"}
{"level":"debug","message":"[RISK-LOOP] checking 2 open position(s)","timestamp":"2026-09-04T21:25:56.794Z"}
{"level":"debug","message":"[RISK-LOOP] checking 2 open position(s)","timestamp":"2026-09-04T21:27:56.890Z"}
{"level":"info","message":"[MTF-CACHE] 15m refresh complete: 37/37 symbols","timestamp":"2026-09-04T21:28:14.829Z"}
{"level":"debug","message":"[RISK-LOOP] checking 2 open position(s)","timestamp":"2026-09-04T21:29:56.797Z"}
{"level":"debug","message":"[RISK-LOOP] checking 2 open position(s)","timestamp":"2026-09-04T21:31:56.813Z"}
{"level":"debug","message":"[RISK-LOOP] checking 2 open position(s)","timestamp":"2026-09-04T21:33:56.621Z"}
{"level":"debug","message":"[RISK-LOOP] checking 2 open position(s)","timestamp":"2026-09-04T21:35:56.621Z"}
{"level":"debug","message":"[RISK-LOOP] checking 2 open position(s)","timestamp":"2026-09-04T21:37:56.803Z"}
{"level":"debug","message":"[RISK-LOOP] checking 2 open position(s)","timestamp":"2026-09-04T21:39:56.630Z"}
{"level":"debug","message":"[RISK-LOOP] checking 2 open position(s)","timestamp":"2026-09-04T21:41:56.627Z"}
{"level":"info","message":"[MTF-CACHE] 15m refresh complete: 37/37 symbols","timestamp":"2026-09-04T21:43:12.556Z"}
{"level":"debug","message":"[RISK-LOOP] checking 2 open position(s)","timestamp":"2026-09-04T21:43:56.632Z"}
{"level":"debug","message":"[RISK-LOOP] checking 2 open position(s)","timestamp":"2026-09-04T21:45:56.634Z"}
{"level":"debug","message":"[RISK-LOOP] checking 2 open position(s)","timestamp":"2026-09-04T21:47:56.812Z"}
{"level":"debug","message":"[RISK-LOOP] checking 2 open position(s)","timestamp":"2026-09-04T21:49:56.640Z"}
{"level":"debug","message":"[RISK-LOOP] checking 2 open position(s)","timestamp":"2026-09-04T21:51:56.642Z"}
{"level":"debug","message":"[RISK-LOOP] checking 2 open position(s)","timestamp":"2026-09-04T21:53:56.646Z"}
{"level":"debug","message":"[RISK-LOOP] checking 2 open position(s)","timestamp":"2026-09-04T21:55:56.644Z"}
{"level":"debug","message":"[RISK-LOOP] checking 2 open position(s)","timestamp":"2026-09-04T21:57:56.829Z"}
{"level":"info","message":"[MTF-CACHE] 15m refresh complete: 37/37 symbols","timestamp":"2026-09-04T21:58:13.431Z"}
{"level":"debug","message":"[RISK-LOOP] checking 2 open position(s)","timestamp":"2026-09-04T21:59:56.647Z"}
{"level":"debug","message":"[RISK-LOOP] checking 2 open position(s)","timestamp":"2026-09-04T22:01:56.653Z"}
{"level":"debug","message":"[RISK-LOOP] checking 2 open position(s)","timestamp":"2026-09-04T22:03:56.657Z"}
{"level":"debug","message":"[RISK-LOOP] checking 2 open position(s)","timestamp":"2026-09-04T22:05:56.657Z"}
{"level":"debug","message":"[RISK-LOOP] checking 2 open position(s)","timestamp":"2026-09-04T22:07:56.835Z"}
{"level":"debug","message":"[RISK-LOOP] checking 2 open position(s)","timestamp":"2026-09-04T22:09:56.661Z"}
{"level":"debug","message":"[RISK-LOOP] checking 2 open position(s)","timestamp":"2026-09-04T22:11:56.669Z"}
{"level":"info","message":"[MTF-CACHE] 15m refresh complete: 37/37 symbols","timestamp":"2026-09-04T22:13:12.584Z"}
{"level":"debug","message":"[RISK-LOOP] checking 2 open position(s)","timestamp":"2026-09-04T22:13:56.670Z"}
{"level":"debug","message":"[RISK-LOOP] checking 2 open position(s)","timestamp":"2026-09-04T22:15:56.671Z"}
{"level":"debug","message":"[RISK-LOOP] checking 2 open position(s)","timestamp":"2026-09-04T22:17:56.853Z"}
{"level":"debug","message":"[RISK-LOOP] checking 2 open position(s)","timestamp":"2026-09-04T22:19:56.678Z"}
{"level":"debug","message":"[RISK-LOOP] checking 2 open position(s)","timestamp":"2026-09-04T22:21:56.682Z"}
{"level":"debug","message":"[RISK-LOOP] checking 2 open position(s)","timestamp":"2026-09-04T22:23:56.684Z"}
{"level":"debug","message":"[RISK-LOOP] checking 2 open position(s)","timestamp":"2026-09-04T22:25:56.689Z"}
{"level":"debug","message":"[RISK-LOOP] checking 2 open position(s)","timestamp":"2026-09-04T22:27:56.870Z"}
{"level":"info","message":"[MTF-CACHE] 15m refresh complete: 37/37 symbols","timestamp":"2026-09-04T22:28:12.721Z"}
{"level":"debug","message":"[RISK-LOOP] checking 2 open position(s)","timestamp":"2026-09-04T22:29:56.693Z"}
{"level":"debug","message":"[RISK-LOOP] checking 2 open position(s)","timestamp":"2026-09-04T22:31:56.696Z"}
{"level":"debug","message":"[RISK-LOOP] checking 2 open position(s)","timestamp":"2026-09-04T22:33:56.698Z"}
{"level":"debug","message":"[RISK-LOOP] checking 2 open position(s)","timestamp":"2026-09-04T22:35:56.703Z"}
{"level":"debug","message":"[RISK-LOOP] checking 2 open position(s)","timestamp":"2026-09-04T22:37:56.882Z"}
{"level":"debug","message":"[RISK-LOOP] checking 2 open position(s)","timestamp":"2026-09-04T22:39:56.713Z"}
{"level":"debug","message":"[RISK-LOOP] checking 2 open position(s)","timestamp":"2026-09-04T22:41:56.707Z"}
{"level":"info","message":"[MTF-CACHE] 15m refresh complete: 37/37 symbols","timestamp":"2026-09-04T22:43:12.555Z"}
{"level":"debug","message":"[RISK-LOOP] checking 2 open position(s)","timestamp":"2026-09-04T22:43:56.711Z"}
{"level":"debug","message":"[RISK-LOOP] checking 2 open position(s)","timestamp":"2026-09-04T22:45:56.713Z"}
{"level":"debug","message":"[RISK-LOOP] checking 2 open position(s)","timestamp":"2026-09-04T22:47:56.723Z"}
{"level":"debug","message":"[RISK-LOOP] checking 2 open position(s)","timestamp":"2026-09-04T22:49:56.720Z"}
{"level":"debug","message":"[RISK-LOOP] checking 2 open position(s)","timestamp":"2026-09-04T22:51:56.723Z"}
{"level":"debug","message":"[RISK-LOOP] checking 2 open position(s)","timestamp":"2026-09-04T22:53:56.726Z"}
{"level":"debug","message":"[RISK-LOOP] checking 2 open position(s)","timestamp":"2026-09-04T22:55:56.728Z"}
{"level":"debug","message":"[RISK-LOOP] checking 2 open position(s)","timestamp":"2026-09-04T22:57:56.731Z"}
{"level":"info","message":"[MTF-CACHE] 15m refresh complete: 37/37 symbols","timestamp":"2026-09-04T22:58:12.487Z"}
{"level":"debug","message":"[RISK-LOOP] checking 2 open position(s)","timestamp":"2026-09-04T22:59:56.731Z"}
{"level":"debug","message":"[RISK-LOOP] checking 2 open position(s)","timestamp":"2026-09-04T23:01:56.736Z"}
{"level":"debug","message":"[RISK-LOOP] checking 2 open position(s)","timestamp":"2026-09-04T23:03:56.739Z"}
{"level":"debug","message":"[RISK-LOOP] checking 2 open position(s)","timestamp":"2026-09-04T23:05:56.741Z"}
{"level":"debug","message":"[RISK-LOOP] checking 2 open position(s)","timestamp":"2026-09-04T23:07:56.741Z"}
{"level":"debug","message":"[RISK-LOOP] checking 2 open position(s)","timestamp":"2026-09-04T23:09:56.743Z"}
{"level":"debug","message":"[RISK-LOOP] checking 2 open position(s)","timestamp":"2026-09-04T23:11:56.743Z"}
{"level":"info","message":"[MTF-CACHE] 15m refresh complete: 37/37 symbols","timestamp":"2026-09-04T23:13:12.728Z"}
{"level":"debug","message":"[RISK-LOOP] checking 2 open position(s)","timestamp":"2026-09-04T23:13:56.746Z"}
{"level":"debug","message":"[RISK-LOOP] checking 2 open position(s)","timestamp":"2026-09-04T23:15:56.750Z"}
{"level":"debug","message":"[RISK-LOOP] checking 2 open position(s)","timestamp":"2026-09-04T23:17:56.747Z"}
{"level":"debug","message":"[RISK-LOOP] checking 2 open position(s)","timestamp":"2026-09-04T23:19:56.747Z"}
{"level":"debug","message":"[RISK-LOOP] checking 2 open position(s)","timestamp":"2026-09-04T23:21:56.745Z"}
{"level":"debug","message":"[RISK-LOOP] checking 2 open position(s)","timestamp":"2026-09-04T23:23:56.747Z"}
{"level":"debug","message":"[RISK-LOOP] checking 2 open position(s)","timestamp":"2026-09-04T23:25:56.750Z"}
{"level":"debug","message":"[RISK-LOOP] checking 2 open position(s)","timestamp":"2026-09-04T23:27:56.750Z"}
{"level":"info","message":"[MTF-CACHE] 15m refresh complete: 37/37 symbols","timestamp":"2026-09-04T23:28:12.474Z"}
{"level":"debug","message":"[RISK-LOOP] checking 2 open position(s)","timestamp":"2026-09-04T23:29:56.751Z"}
{"level":"debug","message":"[RISK-LOOP] checking 2 open position(s)","timestamp":"2026-09-04T23:31:56.756Z"}
{"level":"debug","message":"[RISK-LOOP] checking 2 open position(s)","timestamp":"2026-09-04T23:33:56.759Z"}
{"level":"debug","message":"[RISK-LOOP] checking 2 open position(s)","timestamp":"2026-09-04T23:35:56.760Z"}
{"level":"debug","message":"[RISK-LOOP] checking 2 open position(s)","timestamp":"2026-09-04T23:37:56.769Z"}
{"level":"debug","message":"[RISK-LOOP] checking 2 open position(s)","timestamp":"2026-09-04T23:39:56.762Z"}
{"level":"debug","message":"[RISK-LOOP] checking 2 open position(s)","timestamp":"2026-09-04T23:41:56.764Z"}
{"level":"info","message":"[MTF-CACHE] 15m refresh complete: 37/37 symbols","timestamp":"2026-09-04T23:43:13.317Z"}
{"level":"debug","message":"[RISK-LOOP] checking 2 open position(s)","timestamp":"2026-09-04T23:43:56.768Z"}
{"level":"debug","message":"[RISK-LOOP] checking 2 open position(s)","timestamp":"2026-09-04T23:45:56.768Z"}
{"level":"debug","message":"[RISK-LOOP] checking 2 open position(s)","timestamp":"2026-09-04T23:47:56.770Z"}
{"level":"debug","message":"[RISK-LOOP] checking 2 open position(s)","timestamp":"2026-09-04T23:49:56.770Z"}
{"level":"debug","message":"[RISK-LOOP] checking 2 open position(s)","timestamp":"2026-09-04T23:51:56.769Z"}
{"level":"debug","message":"[RISK-LOOP] checking 2 open position(s)","timestamp":"2026-09-04T23:53:56.770Z"}
{"level":"debug","message":"[RISK-LOOP] checking 2 open position(s)","timestamp":"2026-09-04T23:55:56.772Z"}
{"level":"debug","message":"[RISK-LOOP] checking 2 open position(s)","timestamp":"2026-09-04T23:57:56.769Z"}
{"level":"info","message":"[MTF-CACHE] 15m refresh complete: 37/37 symbols","timestamp":"2026-09-04T23:58:12.480Z"}
{"level":"debug","message":"[RISK-LOOP] checking 2 open position(s)","timestamp":"2026-09-04T23:59:56.774Z"}
