{"level":"debug","message":"[CYCLE] Correlated pairs (r>0.85): ENS/DOGE=0.86, ENS/PEPE=0.86, SUI/DOGE=0.85, DOGE/PEPE=0.89","timestamp":"2026-09-01T00:00:03.015Z"}
{"level":"debug","message":"[CYCLE] ATR sizing: medianATRPct=3.92% (37 symbols)","timestamp":"2026-09-01T00:00:03.027Z"}
{"level":"debug","message":"[CYCLE] BTC macro: bull=true EMA200","timestamp":"2026-09-01T00:00:03.029Z"}
{"level":"debug","message":"[REGIME] BULL_TREND  candidate=BULL_TREND streak=0  (ADX 52.21)","timestamp":"2026-09-01T00:00:03.031Z"}
{"level":"debug","message":"[DRIFT] only 5 live trades (< 10) — not enough to judge (n=5, WR 40%)","timestamp":"2026-09-01T00:00:03.306Z"}
{"level":"debug","message":"[CYCLE] BTC/USDC: starting cycle, candles=1515 lastClose=78561.61000000 lastTs=2026-09-01T00:00:00.000Z","timestamp":"2026-09-01T00:00:04.421Z"}
{"level":"debug","message":"[AGG] BTC/USDC: strategy[0]=EMA → HOLD conf=0.20 \"No EMA crossover (fast 78093.4220 vs slow 76008.3266)\"","timestamp":"2026-09-01T00:00:04.426Z"}
{"level":"debug","message":"[AGG] BTC/USDC: strategy[1]=PSAR → HOLD conf=0.10 \"PSAR downtrend continues (SAR 81050.4970)\"","timestamp":"2026-09-01T00:00:04.426Z"}
{"level":"debug","message":"[AGG] BTC/USDC: strategy[2]=HeikinAshi → HOLD conf=0.20 \"HA flipped but prior streak too short (2 < 3)\"","timestamp":"2026-09-01T00:00:04.426Z"}
{"level":"debug","message":"[AGG] BTC/USDC: votes BUY=0.00 SELL=0.00 HOLD=0.50 total_voters=3 external=0","timestamp":"2026-09-01T00:00:04.426Z"}
{"level":"debug","message":"[AGG] BTC/USDC: decision=HOLD confidence=0.17 tie=false belowMin=true (minConf=0.35750000000000004)","timestamp":"2026-09-01T00:00:04.428Z"}
{"level":"debug","message":"[CYCLE] LINK/USDC: starting cycle, candles=1515 lastClose=11.31900000 lastTs=2026-09-01T00:00:00.000Z","timestamp":"2026-09-01T00:00:04.452Z"}
{"level":"debug","message":"[AGG] LINK/USDC: strategy[0]=BollingerBands → HOLD conf=0.20 \"Price 11.3190 inside BB [11.1155–11.9097]\"","timestamp":"2026-09-01T00:00:04.482Z"}
{"level":"debug","message":"[AGG] LINK/USDC: strategy[1]=Stochastic → HOLD conf=0.20 \"Stoch K=30.4 D=22.8 — no crossover in extreme zone\"","timestamp":"2026-09-01T00:00:04.482Z"}
{"level":"debug","message":"[AGG] LINK/USDC: strategy[2]=Supertrend → HOLD conf=0.10 \"Supertrend uptrend continues (ST 10.3601)\"","timestamp":"2026-09-01T00:00:04.482Z"}
{"level":"debug","message":"[AGG] LINK/USDC: votes BUY=0.00 SELL=0.00 HOLD=0.50 total_voters=3 external=0","timestamp":"2026-09-01T00:00:04.482Z"}
{"level":"debug","message":"[AGG] LINK/USDC: decision=HOLD confidence=0.17 tie=false belowMin=true (minConf=0.45499999999999996)","timestamp":"2026-09-01T00:00:04.482Z"}
{"level":"debug","message":"[CYCLE] BNB/USDC: starting cycle, candles=1515 lastClose=691.18000000 lastTs=2026-09-01T00:00:00.000Z","timestamp":"2026-09-01T00:00:04.520Z"}
{"level":"debug","message":"[AGG] BNB/USDC: strategy[0]=WilliamsR → HOLD conf=0.20 \"%R -69.9 neutral\"","timestamp":"2026-09-01T00:00:04.526Z"}
{"level":"debug","message":"[AGG] BNB/USDC: strategy[1]=HeikinAshi → BUY conf=0.66 \"HA flipped bullish ↑ after 6-bar bear streak\"","timestamp":"2026-09-01T00:00:04.526Z"}
{"level":"debug","message":"[AGG] BNB/USDC: strategy[2]=SupportResistance → HOLD conf=0.10 \"No significant S/R zone nearby\"","timestamp":"2026-09-01T00:00:04.526Z"}
{"level":"debug","message":"[AGG] BNB/USDC: votes BUY=0.66 SELL=0.00 HOLD=0.30 total_voters=3 external=0","timestamp":"2026-09-01T00:00:04.526Z"}
{"level":"debug","message":"[AGG] BNB/USDC: decision=HOLD confidence=0.22 tie=false belowMin=true (minConf=0.35750000000000004)","timestamp":"2026-09-01T00:00:04.526Z"}
{"level":"debug","message":"[CYCLE] NEAR/USDC: starting cycle, candles=1515 lastClose=1.91900000 lastTs=2026-09-01T00:00:00.000Z","timestamp":"2026-09-01T00:00:04.546Z"}
{"level":"debug","message":"[AGG] NEAR/USDC: strategy[0]=RSI → HOLD conf=0.20 \"RSI 57.4 neutral\"","timestamp":"2026-09-01T00:00:04.592Z"}
{"level":"debug","message":"[AGG] NEAR/USDC: strategy[1]=BollingerBands → HOLD conf=0.20 \"Price 1.9210 inside BB [1.7841–2.0035]\"","timestamp":"2026-09-01T00:00:04.592Z"}
{"level":"debug","message":"[AGG] NEAR/USDC: strategy[2]=Stochastic → HOLD conf=0.20 \"Stoch K=62.0 D=35.0 — no crossover in extreme zone\"","timestamp":"2026-09-01T00:00:04.592Z"}
{"level":"debug","message":"[AGG] NEAR/USDC: strategy[3]=SupportResistance → HOLD conf=0.10 \"No significant S/R zone nearby\"","timestamp":"2026-09-01T00:00:04.592Z"}
{"level":"debug","message":"[AGG] NEAR/USDC: votes BUY=0.00 SELL=0.00 HOLD=0.70 total_voters=4 external=0","timestamp":"2026-09-01T00:00:04.592Z"}
{"level":"debug","message":"[AGG] NEAR/USDC: decision=HOLD confidence=0.17 tie=false belowMin=true (minConf=0.45499999999999996)","timestamp":"2026-09-01T00:00:04.592Z"}
{"level":"debug","message":"[CYCLE] CRV/USDC: starting cycle, candles=1515 lastClose=0.33770000 lastTs=2026-09-01T00:00:00.000Z","timestamp":"2026-09-01T00:00:04.627Z"}
{"level":"debug","message":"[AGG] CRV/USDC: strategy[0]=ADX → HOLD conf=0.10 \"ADX 20.6 < 25 — ranging, skip\"","timestamp":"2026-09-01T00:00:04.640Z"}
{"level":"debug","message":"[AGG] CRV/USDC: strategy[1]=StochRSI → HOLD conf=0.20 \"StochRSI K=79.2 D=34.2 — no extreme crossover\"","timestamp":"2026-09-01T00:00:04.640Z"}
{"level":"debug","message":"[AGG] CRV/USDC: strategy[2]=SupportResistance → HOLD conf=0.10 \"No significant S/R zone nearby\"","timestamp":"2026-09-01T00:00:04.640Z"}
{"level":"debug","message":"[AGG] CRV/USDC: votes BUY=0.00 SELL=0.00 HOLD=0.40 total_voters=3 external=0","timestamp":"2026-09-01T00:00:04.640Z"}
{"level":"debug","message":"[AGG] CRV/USDC: decision=HOLD confidence=0.13 tie=false belowMin=true (minConf=0.35750000000000004)","timestamp":"2026-09-01T00:00:04.640Z"}
{"level":"debug","message":"[CYCLE] ENS/USDC: starting cycle, candles=1515 lastClose=5.84000000 lastTs=2026-09-01T00:00:00.000Z","timestamp":"2026-09-01T00:00:04.644Z"}
{"level":"debug","message":"[AGG] ENS/USDC: strategy[0]=BollingerBands → HOLD conf=0.20 \"Price 5.8400 inside BB [5.4779–6.0391]\"","timestamp":"2026-09-01T00:00:04.653Z"}
{"level":"debug","message":"[AGG] ENS/USDC: strategy[1]=PSAR → HOLD conf=0.10 \"PSAR downtrend continues (SAR 6.2580)\"","timestamp":"2026-09-01T00:00:04.653Z"}
{"level":"debug","message":"[AGG] ENS/USDC: strategy[2]=SupportResistance → BUY conf=0.75 \"Support 5.8500 (2×) +pin\"","timestamp":"2026-09-01T00:00:04.653Z"}
{"level":"debug","message":"[AGG] ENS/USDC: votes BUY=0.75 SELL=0.00 HOLD=0.30 total_voters=3 external=0","timestamp":"2026-09-01T00:00:04.653Z"}
{"level":"debug","message":"[AGG] ENS/USDC: decision=HOLD confidence=0.25 tie=false belowMin=true (minConf=0.35750000000000004)","timestamp":"2026-09-01T00:00:04.653Z"}
{"level":"debug","message":"[CYCLE] JTO/USDC: starting cycle, candles=1515 lastClose=0.44220000 lastTs=2026-09-01T00:00:00.000Z","timestamp":"2026-09-01T00:00:04.683Z"}
{"level":"debug","message":"[AGG] JTO/USDC: strategy[0]=CCI → BUY conf=0.73 \"CCI -131.4 oversold ↑ reversal confirmed\"","timestamp":"2026-09-01T00:00:04.697Z"}
{"level":"debug","message":"[AGG] JTO/USDC: strategy[1]=PSAR → HOLD conf=0.10 \"PSAR downtrend continues (SAR 0.5278)\"","timestamp":"2026-09-01T00:00:04.697Z"}
{"level":"debug","message":"[AGG] JTO/USDC: strategy[2]=SupportResistance → HOLD conf=0.10 \"No significant S/R zone nearby\"","timestamp":"2026-09-01T00:00:04.697Z"}
{"level":"debug","message":"[AGG] JTO/USDC: votes BUY=0.73 SELL=0.00 HOLD=0.20 total_voters=3 external=0","timestamp":"2026-09-01T00:00:04.697Z"}
{"level":"debug","message":"[AGG] JTO/USDC: decision=HOLD confidence=0.24 tie=false belowMin=true (minConf=0.35750000000000004)","timestamp":"2026-09-01T00:00:04.697Z"}
{"level":"debug","message":"[CYCLE] LDO/USDC: starting cycle, candles=1515 lastClose=0.35680000 lastTs=2026-09-01T00:00:00.000Z","timestamp":"2026-09-01T00:00:04.700Z"}
{"level":"debug","message":"[AGG] LDO/USDC: strategy[0]=MACD → HOLD conf=0.20 \"MACD 0.0058 vs signal 0.0094 hist:-0.0036\"","timestamp":"2026-09-01T00:00:04.712Z"}
{"level":"debug","message":"[AGG] LDO/USDC: strategy[1]=ADX → BUY conf=0.72 \"ADX 39.3 uptrend (+DI 23.1 > -DI 10.1)\"","timestamp":"2026-09-01T00:00:04.713Z"}
{"level":"debug","message":"[AGG] LDO/USDC: strategy[2]=WilliamsR → HOLD conf=0.20 \"%R -68.5 neutral\"","timestamp":"2026-09-01T00:00:04.713Z"}
{"level":"debug","message":"[AGG] LDO/USDC: votes BUY=0.72 SELL=0.00 HOLD=0.40 total_voters=3 external=0","timestamp":"2026-09-01T00:00:04.713Z"}
{"level":"debug","message":"[AGG] LDO/USDC: decision=HOLD confidence=0.24 tie=false belowMin=true (minConf=0.35750000000000004)","timestamp":"2026-09-01T00:00:04.713Z"}
{"level":"warn","message":"LSK/USDC: candle series stale (newest bar 81.0d old) — skipping cycle","timestamp":"2026-09-01T00:00:04.715Z"}
{"level":"debug","message":"[CYCLE] PAXG/USDC: starting cycle, candles=1009 lastClose=4449.03000000 lastTs=2026-09-01T00:00:00.000Z","timestamp":"2026-09-01T00:00:04.738Z"}
{"level":"debug","message":"[AGG] PAXG/USDC: strategy[0]=MACD → HOLD conf=0.20 \"MACD -3.1786 vs signal 23.4945 hist:-26.6731\"","timestamp":"2026-09-01T00:00:04.741Z"}
{"level":"debug","message":"[AGG] PAXG/USDC: strategy[1]=ADX → SELL conf=0.69 \"ADX 35.2 downtrend (-DI 25.6 > +DI 14.8)\"","timestamp":"2026-09-01T00:00:04.741Z"}
{"level":"debug","message":"[AGG] PAXG/USDC: strategy[2]=Supertrend → HOLD conf=0.10 \"Supertrend downtrend continues (ST 4587.4818)\"","timestamp":"2026-09-01T00:00:04.741Z"}
{"level":"debug","message":"[AGG] PAXG/USDC: votes BUY=0.00 SELL=0.69 HOLD=0.30 total_voters=3 external=0","timestamp":"2026-09-01T00:00:04.741Z"}
{"level":"debug","message":"[AGG] PAXG/USDC: decision=HOLD confidence=0.23 tie=false belowMin=true (minConf=0.35750000000000004)","timestamp":"2026-09-01T00:00:04.741Z"}
{"level":"warn","message":"VANRY/USDC: candle series stale (newest bar 15.0d old) — skipping cycle","timestamp":"2026-09-01T00:00:04.849Z"}
{"level":"debug","message":"[CYCLE] TIA/USDC: starting cycle, candles=1515 lastClose=0.33650000 lastTs=2026-09-01T00:00:00.000Z","timestamp":"2026-09-01T00:00:04.853Z"}
{"level":"debug","message":"[AGG] TIA/USDC: strategy[0]=CCI → BUY conf=0.60 \"CCI -101.0 oversold ↑ reversal confirmed\"","timestamp":"2026-09-01T00:00:04.863Z"}
{"level":"debug","message":"[AGG] TIA/USDC: strategy[1]=MACD → HOLD conf=0.20 \"MACD -0.0021 vs signal 0.0025 hist:-0.0046\"","timestamp":"2026-09-01T00:00:04.864Z"}
{"level":"debug","message":"[AGG] TIA/USDC: strategy[2]=HeikinAshi → BUY conf=0.69 \"HA flipped bullish ↑ after 7-bar bear streak\"","timestamp":"2026-09-01T00:00:04.864Z"}
{"level":"debug","message":"[AGG] TIA/USDC: votes BUY=1.29 SELL=0.00 HOLD=0.20 total_voters=3 external=0","timestamp":"2026-09-01T00:00:04.864Z"}
{"level":"debug","message":"[AGG] TIA/USDC: decision=HOLD (multi-bar confirmation) winner=BUY conf=0.43 < borderlineCeiling=0.46 prev=HOLD","timestamp":"2026-09-01T00:00:04.864Z"}
{"level":"debug","message":"[CYCLE] ADA/USDC: starting cycle, candles=1515 lastClose=0.19770000 lastTs=2026-09-01T00:00:00.000Z","timestamp":"2026-09-01T00:00:04.902Z"}
{"level":"debug","message":"[AGG] ADA/USDC: strategy[0]=RSI → HOLD conf=0.20 \"RSI 44.6 neutral\"","timestamp":"2026-09-01T00:00:04.912Z"}
{"level":"debug","message":"[AGG] ADA/USDC: strategy[1]=BollingerBands → HOLD conf=0.20 \"Price 0.1978 inside BB [0.1899–0.2325]\"","timestamp":"2026-09-01T00:00:04.912Z"}
{"level":"debug","message":"[AGG] ADA/USDC: strategy[2]=CCI → BUY conf=0.62 \"CCI -105.8 oversold ↑ reversal confirmed\"","timestamp":"2026-09-01T00:00:04.912Z"}
{"level":"debug","message":"[AGG] ADA/USDC: votes BUY=0.62 SELL=0.00 HOLD=0.40 total_voters=3 external=0","timestamp":"2026-09-01T00:00:04.912Z"}
{"level":"debug","message":"[AGG] ADA/USDC: decision=HOLD confidence=0.21 tie=false belowMin=true (minConf=0.35750000000000004)","timestamp":"2026-09-01T00:00:04.912Z"}
{"level":"debug","message":"[CYCLE] AVAX/USDC: starting cycle, candles=1515 lastClose=7.22700000 lastTs=2026-09-01T00:00:00.000Z","timestamp":"2026-09-01T00:00:04.919Z"}
{"level":"debug","message":"[AGG] AVAX/USDC: strategy[0]=RSI → HOLD conf=0.20 \"RSI 51.0 neutral\"","timestamp":"2026-09-01T00:00:04.922Z"}
{"level":"debug","message":"[AGG] AVAX/USDC: strategy[1]=MACD → HOLD conf=0.20 \"MACD 0.0816 vs signal 0.1444 hist:-0.0628\"","timestamp":"2026-09-01T00:00:04.923Z"}
{"level":"debug","message":"[AGG] AVAX/USDC: strategy[2]=PSAR → HOLD conf=0.10 \"PSAR downtrend continues (SAR 7.8500)\"","timestamp":"2026-09-01T00:00:04.923Z"}
{"level":"debug","message":"[AGG] AVAX/USDC: votes BUY=0.00 SELL=0.00 HOLD=0.50 total_voters=3 external=0","timestamp":"2026-09-01T00:00:04.923Z"}
{"level":"debug","message":"[AGG] AVAX/USDC: decision=HOLD confidence=0.17 tie=false belowMin=true (minConf=0.35750000000000004)","timestamp":"2026-09-01T00:00:04.923Z"}
{"level":"debug","message":"[CYCLE] INJ/USDC: starting cycle, candles=1515 lastClose=4.92700000 lastTs=2026-09-01T00:00:00.000Z","timestamp":"2026-09-01T00:00:04.948Z"}
{"level":"debug","message":"[AGG] INJ/USDC: strategy[0]=ADX → HOLD conf=0.10 \"ADX 20.6 < 25 — ranging, skip\"","timestamp":"2026-09-01T00:00:04.955Z"}
{"level":"debug","message":"[AGG] INJ/USDC: strategy[1]=OBV → HOLD conf=0.20 \"OBV above EMA-20 — no cross\"","timestamp":"2026-09-01T00:00:04.955Z"}
{"level":"debug","message":"[AGG] INJ/USDC: strategy[2]=StochRSI → HOLD conf=0.20 \"StochRSI K=0.0 D=0.3 — no extreme crossover\"","timestamp":"2026-09-01T00:00:04.955Z"}
{"level":"debug","message":"[AGG] INJ/USDC: votes BUY=0.00 SELL=0.00 HOLD=0.50 total_voters=3 external=0","timestamp":"2026-09-01T00:00:04.955Z"}
{"level":"debug","message":"[AGG] INJ/USDC: decision=HOLD confidence=0.17 tie=false belowMin=true (minConf=0.35750000000000004)","timestamp":"2026-09-01T00:00:04.955Z"}
{"level":"debug","message":"[CYCLE] WLD/USDC: starting cycle, candles=1515 lastClose=0.36460000 lastTs=2026-09-01T00:00:00.000Z","timestamp":"2026-09-01T00:00:04.982Z"}
{"level":"debug","message":"[AGG] WLD/USDC: strategy[0]=BollingerBands → HOLD conf=0.20 \"Price 0.3646 inside BB [0.3576–0.4216]\"","timestamp":"2026-09-01T00:00:04.994Z"}
{"level":"debug","message":"[AGG] WLD/USDC: strategy[1]=CCI → BUY conf=0.77 \"CCI -142.1 oversold ↑ reversal confirmed\"","timestamp":"2026-09-01T00:00:04.994Z"}
{"level":"debug","message":"[AGG] WLD/USDC: strategy[2]=ADX → BUY conf=0.52 \"ADX 30.5 uptrend (+DI 19.9 > -DI 18.0)\"","timestamp":"2026-09-01T00:00:04.995Z"}
{"level":"debug","message":"[AGG] WLD/USDC: votes BUY=1.29 SELL=0.00 HOLD=0.20 total_voters=3 external=0","timestamp":"2026-09-01T00:00:04.995Z"}
{"level":"debug","message":"[AGG] WLD/USDC: decision=BUY confidence=0.43 tie=false","timestamp":"2026-09-01T00:00:04.995Z"}
{"level":"debug","message":"[CYCLE] PEPE/USDC: starting cycle, candles=1515 lastClose=0.00000355 lastTs=2026-09-01T00:00:00.000Z","timestamp":"2026-09-01T00:00:05.022Z"}
{"level":"debug","message":"[AGG] PEPE/USDC: strategy[0]=EMA → HOLD conf=0.20 \"No EMA crossover (fast 0.0000 vs slow 0.0000)\"","timestamp":"2026-09-01T00:00:05.025Z"}
{"level":"debug","message":"[AGG] PEPE/USDC: strategy[1]=Supertrend → HOLD conf=0.10 \"Supertrend uptrend continues (ST 0.0000)\"","timestamp":"2026-09-01T00:00:05.025Z"}
{"level":"debug","message":"[AGG] PEPE/USDC: strategy[2]=OBV → HOLD conf=0.20 \"OBV below EMA-20 — no cross\"","timestamp":"2026-09-01T00:00:05.025Z"}
{"level":"debug","message":"[AGG] PEPE/USDC: votes BUY=0.00 SELL=0.00 HOLD=0.50 total_voters=3 external=0","timestamp":"2026-09-01T00:00:05.025Z"}
{"level":"debug","message":"[AGG] PEPE/USDC: decision=HOLD confidence=0.17 tie=false belowMin=true (minConf=0.35750000000000004)","timestamp":"2026-09-01T00:00:05.025Z"}
{"level":"debug","message":"[CYCLE] SUI/USDC: starting cycle, candles=1515 lastClose=0.72660000 lastTs=2026-09-01T00:00:00.000Z","timestamp":"2026-09-01T00:00:05.027Z"}
{"level":"debug","message":"[AGG] SUI/USDC: strategy[0]=RSI → HOLD conf=0.20 \"RSI 45.0 neutral\"","timestamp":"2026-09-01T00:00:05.039Z"}
{"level":"debug","message":"[AGG] SUI/USDC: strategy[1]=Stochastic → HOLD conf=0.20 \"Stoch K=21.7 D=16.5 — no crossover in extreme zone\"","timestamp":"2026-09-01T00:00:05.039Z"}
{"level":"debug","message":"[AGG] SUI/USDC: strategy[2]=MFI → HOLD conf=0.20 \"MFI 27.8 neutral\"","timestamp":"2026-09-01T00:00:05.039Z"}
{"level":"debug","message":"[AGG] SUI/USDC: votes BUY=0.00 SELL=0.00 HOLD=0.60 total_voters=3 external=0","timestamp":"2026-09-01T00:00:05.039Z"}
{"level":"debug","message":"[AGG] SUI/USDC: decision=HOLD confidence=0.20 tie=false belowMin=true (minConf=0.45499999999999996)","timestamp":"2026-09-01T00:00:05.039Z"}
{"level":"debug","message":"[CYCLE] LTC/USDC: starting cycle, candles=1515 lastClose=48.53000000 lastTs=2026-09-01T00:00:00.000Z","timestamp":"2026-09-01T00:00:05.042Z"}
{"level":"debug","message":"[AGG] LTC/USDC: strategy[0]=BollingerBands → HOLD conf=0.20 \"Price 48.5400 inside BB [47.2978–53.2242]\"","timestamp":"2026-09-01T00:00:05.063Z"}
{"level":"debug","message":"[AGG] LTC/USDC: strategy[1]=EMA → HOLD conf=0.20 \"No EMA crossover (fast 49.1065 vs slow 48.9321)\"","timestamp":"2026-09-01T00:00:05.064Z"}
{"level":"debug","message":"[AGG] LTC/USDC: strategy[2]=WilliamsR → HOLD conf=0.20 \"%R -79.7 neutral\"","timestamp":"2026-09-01T00:00:05.064Z"}
{"level":"debug","message":"[AGG] LTC/USDC: votes BUY=0.00 SELL=0.00 HOLD=0.60 total_voters=3 external=0","timestamp":"2026-09-01T00:00:05.064Z"}
{"level":"debug","message":"[AGG] LTC/USDC: decision=HOLD confidence=0.20 tie=false belowMin=true (minConf=0.35750000000000004)","timestamp":"2026-09-01T00:00:05.064Z"}
{"level":"warn","message":"TON/USDC: candle series stale (newest bar 63.0d old) — skipping cycle","timestamp":"2026-09-01T00:00:05.066Z"}
{"level":"info","message":"[RISK] Day rollover — resetting daily stats (prev: pnl=0.00 trades=0)","timestamp":"2026-09-01T00:00:05.080Z"}
{"level":"debug","message":"[CYCLE] LINK/USDC: sizing positionPct=0.1650 (base=0.15 atr=0.039190347191508185 regime=on conf=0.17 macro=bull mtf=1.0)","timestamp":"2026-09-01T00:00:05.080Z"}
{"level":"info","message":"LINK/USDC: decision=HOLD confidence=17% price=11.31900000 external_signals=0","timestamp":"2026-09-01T00:00:05.080Z"}
{"level":"info","message":"LINK/USDC: Price 11.3190 inside BB [11.1155–11.9097] | Stoch K=30.4 D=22.8 — no crossover in extreme zone | Supertrend uptrend continues (ST 10.3601)","timestamp":"2026-09-01T00:00:05.080Z"}
{"level":"debug","message":"[CYCLE] TRX/USDC: starting cycle, candles=1455 lastClose=0.33250000 lastTs=2026-09-01T00:00:00.000Z","timestamp":"2026-09-01T00:00:05.083Z"}
{"level":"debug","message":"[AGG] TRX/USDC: strategy[0]=CCI → HOLD conf=0.72 \"CCI -154.1 oversold — still falling, wait\"","timestamp":"2026-09-01T00:00:05.111Z"}
{"level":"debug","message":"[AGG] TRX/USDC: strategy[1]=Stochastic → HOLD conf=0.20 \"Stoch K=6.0 D=9.9 — no crossover in extreme zone\"","timestamp":"2026-09-01T00:00:05.111Z"}
{"level":"debug","message":"[AGG] TRX/USDC: strategy[2]=StochRSI → HOLD conf=0.20 \"StochRSI K=0.0 D=0.6 — no extreme crossover\"","timestamp":"2026-09-01T00:00:05.111Z"}
{"level":"debug","message":"[AGG] TRX/USDC: votes BUY=0.00 SELL=0.00 HOLD=1.12 total_voters=3 external=0","timestamp":"2026-09-01T00:00:05.111Z"}
{"level":"debug","message":"[AGG] TRX/USDC: decision=HOLD confidence=0.37 tie=false belowMin=true (minConf=0.45499999999999996)","timestamp":"2026-09-01T00:00:05.111Z"}
{"level":"debug","message":"[CYCLE] ACH/USDC: starting cycle, candles=995 lastClose=0.00482000 lastTs=2026-09-01T00:00:00.000Z","timestamp":"2026-09-01T00:00:05.118Z"}
{"level":"debug","message":"[AGG] ACH/USDC: strategy[0]=RSI → HOLD conf=0.20 \"RSI 50.2 neutral\"","timestamp":"2026-09-01T00:00:05.124Z"}
{"level":"debug","message":"[AGG] ACH/USDC: strategy[1]=BollingerBands → HOLD conf=0.20 \"Price 0.0048 inside BB [0.0048–0.0052]\"","timestamp":"2026-09-01T00:00:05.124Z"}
{"level":"debug","message":"[AGG] ACH/USDC: strategy[2]=CCI → HOLD conf=0.81 \"CCI -177.3 oversold — still falling, wait\"","timestamp":"2026-09-01T00:00:05.124Z"}
{"level":"debug","message":"[AGG] ACH/USDC: votes BUY=0.00 SELL=0.00 HOLD=1.21 total_voters=3 external=0","timestamp":"2026-09-01T00:00:05.124Z"}
{"level":"debug","message":"[AGG] ACH/USDC: decision=HOLD confidence=0.40 tie=false belowMin=true (minConf=0.45499999999999996)","timestamp":"2026-09-01T00:00:05.124Z"}
{"level":"debug","message":"[CYCLE] ICP/USDC: starting cycle, candles=1515 lastClose=2.40000000 lastTs=2026-09-01T00:00:00.000Z","timestamp":"2026-09-01T00:00:05.126Z"}
{"level":"debug","message":"[AGG] ICP/USDC: strategy[0]=RSI → HOLD conf=0.20 \"RSI 51.6 neutral\"","timestamp":"2026-09-01T00:00:05.139Z"}
{"level":"debug","message":"[AGG] ICP/USDC: strategy[1]=BollingerBands → HOLD conf=0.20 \"Price 2.4000 inside BB [2.3400–2.4931]\"","timestamp":"2026-09-01T00:00:05.139Z"}
{"level":"debug","message":"[AGG] ICP/USDC: strategy[2]=Stochastic → HOLD conf=0.20 \"Stoch K=35.9 D=28.0 — no crossover in extreme zone\"","timestamp":"2026-09-01T00:00:05.139Z"}
{"level":"debug","message":"[AGG] ICP/USDC: votes BUY=0.00 SELL=0.00 HOLD=0.60 total_voters=3 external=0","timestamp":"2026-09-01T00:00:05.139Z"}
{"level":"debug","message":"[AGG] ICP/USDC: decision=HOLD confidence=0.20 tie=false belowMin=true (minConf=0.35750000000000004)","timestamp":"2026-09-01T00:00:05.139Z"}
{"level":"debug","message":"[CYCLE] THETA/USDC: starting cycle, candles=1033 lastClose=0.16900000 lastTs=2026-09-01T00:00:00.000Z","timestamp":"2026-09-01T00:00:05.141Z"}
{"level":"debug","message":"[AGG] THETA/USDC: strategy[0]=RSI → HOLD conf=0.20 \"RSI 50.1 neutral\"","timestamp":"2026-09-01T00:00:05.146Z"}
{"level":"debug","message":"[AGG] THETA/USDC: strategy[1]=CCI → BUY conf=0.63 \"CCI -106.4 oversold ↑ reversal confirmed\"","timestamp":"2026-09-01T00:00:05.146Z"}
{"level":"debug","message":"[AGG] THETA/USDC: strategy[2]=OBV → HOLD conf=0.20 \"OBV below EMA-20 — no cross\"","timestamp":"2026-09-01T00:00:05.146Z"}
{"level":"debug","message":"[AGG] THETA/USDC: votes BUY=0.63 SELL=0.00 HOLD=0.40 total_voters=3 external=0","timestamp":"2026-09-01T00:00:05.146Z"}
{"level":"debug","message":"[AGG] THETA/USDC: decision=HOLD confidence=0.21 tie=false belowMin=true (minConf=0.35750000000000004)","timestamp":"2026-09-01T00:00:05.146Z"}
{"level":"debug","message":"[CYCLE] APT/USDC: starting cycle, candles=1515 lastClose=0.53600000 lastTs=2026-09-01T00:00:00.000Z","timestamp":"2026-09-01T00:00:05.148Z"}
{"level":"debug","message":"[AGG] APT/USDC: strategy[0]=BollingerBands → HOLD conf=0.20 \"Price 0.5360 inside BB [0.4949–0.6555]\"","timestamp":"2026-09-01T00:00:05.159Z"}
{"level":"debug","message":"[AGG] APT/USDC: strategy[1]=Stochastic → BUY conf=0.55 \"Stoch K=23.7 crossed above D=13.4 in oversold zone\"","timestamp":"2026-09-01T00:00:05.159Z"}
{"level":"debug","message":"[AGG] APT/USDC: strategy[2]=MFI → HOLD conf=0.20 \"MFI 39.3 neutral\"","timestamp":"2026-09-01T00:00:05.159Z"}
{"level":"debug","message":"[AGG] APT/USDC: votes BUY=0.55 SELL=0.00 HOLD=0.40 total_voters=3 external=0","timestamp":"2026-09-01T00:00:05.159Z"}
{"level":"debug","message":"[AGG] APT/USDC: decision=HOLD confidence=0.18 tie=false belowMin=true (minConf=0.35750000000000004)","timestamp":"2026-09-01T00:00:05.159Z"}
{"level":"debug","message":"[CYCLE] ENA/USDC: starting cycle, candles=1515 lastClose=0.14950000 lastTs=2026-09-01T00:00:00.000Z","timestamp":"2026-09-01T00:00:05.160Z"}
{"level":"debug","message":"[AGG] ENA/USDC: strategy[0]=RSI → HOLD conf=0.20 \"RSI 55.9 neutral\"","timestamp":"2026-09-01T00:00:05.175Z"}
{"level":"debug","message":"[AGG] ENA/USDC: strategy[1]=BollingerBands → HOLD conf=0.20 \"Price 0.1495 inside BB [0.1380–0.1729]\"","timestamp":"2026-09-01T00:00:05.175Z"}
{"level":"debug","message":"[AGG] ENA/USDC: strategy[2]=CCI → HOLD conf=0.20 \"CCI -62.3 neutral\"","timestamp":"2026-09-01T00:00:05.175Z"}
{"level":"debug","message":"[AGG] ENA/USDC: votes BUY=0.00 SELL=0.00 HOLD=0.60 total_voters=3 external=0","timestamp":"2026-09-01T00:00:05.175Z"}
{"level":"debug","message":"[AGG] ENA/USDC: decision=HOLD confidence=0.20 tie=false belowMin=true (minConf=0.35750000000000004)","timestamp":"2026-09-01T00:00:05.175Z"}
{"level":"warn","message":"GMX/USDC: candle series stale (newest bar 53.0d old) — skipping cycle","timestamp":"2026-09-01T00:00:05.178Z"}
{"level":"debug","message":"[CYCLE] ARB/USDC: starting cycle, candles=1515 lastClose=0.10930000 lastTs=2026-09-01T00:00:00.000Z","timestamp":"2026-09-01T00:00:05.180Z"}
{"level":"debug","message":"[AGG] ARB/USDC: strategy[0]=RSI → HOLD conf=0.54 \"RSI 73.3 overbought — still rising, wait\"","timestamp":"2026-09-01T00:00:05.182Z"}
{"level":"debug","message":"[AGG] ARB/USDC: strategy[1]=WilliamsR → HOLD conf=0.87 \"%R -1.5 overbought — still rising, wait\"","timestamp":"2026-09-01T00:00:05.182Z"}
{"level":"debug","message":"[AGG] ARB/USDC: strategy[2]=HeikinAshi → BUY conf=0.77 \"HA flipped bullish ↑ after 14-bar bear streak\"","timestamp":"2026-09-01T00:00:05.182Z"}
{"level":"debug","message":"[AGG] ARB/USDC: votes BUY=0.77 SELL=0.00 HOLD=1.41 total_voters=3 external=0","timestamp":"2026-09-01T00:00:05.182Z"}
{"level":"debug","message":"[AGG] ARB/USDC: decision=HOLD confidence=0.47 tie=false belowMin=false (minConf=0.35750000000000004)","timestamp":"2026-09-01T00:00:05.183Z"}
{"level":"debug","message":"[CYCLE] SOL/USDC: starting cycle, candles=1515 lastClose=103.02000000 lastTs=2026-09-01T00:00:00.000Z","timestamp":"2026-09-01T00:00:05.218Z"}
{"level":"debug","message":"[AGG] SOL/USDC: strategy[0]=BollingerBands → HOLD conf=0.20 \"Price 103.0200 inside BB [91.4621–109.7069]\"","timestamp":"2026-09-01T00:00:05.232Z"}
{"level":"debug","message":"[AGG] SOL/USDC: strategy[1]=WilliamsR → HOLD conf=0.20 \"%R -48.6 neutral\"","timestamp":"2026-09-01T00:00:05.232Z"}
{"level":"debug","message":"[AGG] SOL/USDC: strategy[2]=StochRSI → HOLD conf=0.20 \"StochRSI K=5.3 D=4.5 — no extreme crossover\"","timestamp":"2026-09-01T00:00:05.232Z"}
{"level":"debug","message":"[AGG] SOL/USDC: votes BUY=0.00 SELL=0.00 HOLD=0.60 total_voters=3 external=0","timestamp":"2026-09-01T00:00:05.232Z"}
{"level":"debug","message":"[AGG] SOL/USDC: decision=HOLD confidence=0.20 tie=false belowMin=true (minConf=0.35750000000000004)","timestamp":"2026-09-01T00:00:05.232Z"}
{"level":"debug","message":"[CYCLE] MANTA/USDC: starting cycle, candles=1515 lastClose=0.05776000 lastTs=2026-09-01T00:00:00.000Z","timestamp":"2026-09-01T00:00:05.235Z"}
{"level":"debug","message":"[AGG] MANTA/USDC: strategy[0]=RSI → HOLD conf=0.20 \"RSI 45.6 neutral\"","timestamp":"2026-09-01T00:00:05.243Z"}
{"level":"debug","message":"[AGG] MANTA/USDC: strategy[1]=BollingerBands → HOLD conf=0.20 \"Price 0.0578 inside BB [0.0570–0.0622]\"","timestamp":"2026-09-01T00:00:05.243Z"}
{"level":"debug","message":"[AGG] MANTA/USDC: strategy[2]=CCI → BUY conf=0.71 \"CCI -127.3 oversold ↑ reversal confirmed\"","timestamp":"2026-09-01T00:00:05.243Z"}
{"level":"debug","message":"[AGG] MANTA/USDC: votes BUY=0.71 SELL=0.00 HOLD=0.40 total_voters=3 external=0","timestamp":"2026-09-01T00:00:05.243Z"}
{"level":"debug","message":"[AGG] MANTA/USDC: decision=HOLD confidence=0.24 tie=false belowMin=true (minConf=0.45499999999999996)","timestamp":"2026-09-01T00:00:05.243Z"}
{"level":"debug","message":"[CYCLE] PIXEL/USDC: starting cycle, candles=1515 lastClose=0.00490000 lastTs=2026-09-01T00:00:00.000Z","timestamp":"2026-09-01T00:00:05.275Z"}
{"level":"debug","message":"[AGG] PIXEL/USDC: strategy[0]=EMA → HOLD conf=0.20 \"No EMA crossover (fast 0.0050 vs slow 0.0050)\"","timestamp":"2026-09-01T00:00:05.278Z"}
{"level":"debug","message":"[AGG] PIXEL/USDC: strategy[1]=ADX → BUY conf=0.55 \"ADX 30.2 uptrend (+DI 22.1 > -DI 21.2)\"","timestamp":"2026-09-01T00:00:05.278Z"}
{"level":"debug","message":"[AGG] PIXEL/USDC: strategy[2]=SupportResistance → BUY conf=0.62 \"Support 0.0049 (2×)\"","timestamp":"2026-09-01T00:00:05.278Z"}
{"level":"debug","message":"[AGG] PIXEL/USDC: votes BUY=1.17 SELL=0.00 HOLD=0.20 total_voters=3 external=0","timestamp":"2026-09-01T00:00:05.278Z"}
{"level":"debug","message":"[AGG] PIXEL/USDC: decision=BUY confidence=0.39 tie=false","timestamp":"2026-09-01T00:00:05.278Z"}
{"level":"debug","message":"[CYCLE] BNB/USDC: sizing positionPct=0.2868 (base=0.15 atr=0.039190347191508185 regime=on conf=0.22 macro=bull mtf=1.0)","timestamp":"2026-09-01T00:00:05.296Z"}
{"level":"info","message":"BNB/USDC: decision=HOLD confidence=22% price=691.18000000 external_signals=0","timestamp":"2026-09-01T00:00:05.296Z"}
{"level":"info","message":"BNB/USDC: %R -69.9 neutral | HA flipped bullish ↑ after 6-bar bear streak | No significant S/R zone nearby","timestamp":"2026-09-01T00:00:05.296Z"}
{"level":"debug","message":"[CYCLE] BTC/USDC: sizing positionPct=0.2740 (base=0.15 atr=0.039190347191508185 regime=on conf=0.17 macro=bull mtf=1.0)","timestamp":"2026-09-01T00:00:05.330Z"}
{"level":"info","message":"BTC/USDC: decision=HOLD confidence=17% price=78561.61000000 external_signals=0","timestamp":"2026-09-01T00:00:05.330Z"}
{"level":"info","message":"BTC/USDC: No EMA crossover (fast 78093.4220 vs slow 76008.3266) | PSAR downtrend continues (SAR 81050.4970) | HA flipped but prior streak too short (2 < 3)","timestamp":"2026-09-01T00:00:05.330Z"}
{"level":"debug","message":"[CYCLE] ETH/USDC: starting cycle, candles=1515 lastClose=2466.38000000 lastTs=2026-09-01T00:00:00.000Z","timestamp":"2026-09-01T00:00:05.346Z"}
{"level":"debug","message":"[AGG] ETH/USDC: strategy[0]=Supertrend → HOLD conf=0.10 \"Supertrend uptrend continues (ST 2282.1583)\"","timestamp":"2026-09-01T00:00:05.348Z"}
{"level":"debug","message":"[AGG] ETH/USDC: strategy[1]=MFI → HOLD conf=0.20 \"MFI 48.7 neutral\"","timestamp":"2026-09-01T00:00:05.348Z"}
{"level":"debug","message":"[AGG] ETH/USDC: strategy[2]=SupportResistance → BUY conf=0.62 \"Support 2462.3933 (3×)\"","timestamp":"2026-09-01T00:00:05.348Z"}
{"level":"debug","message":"[AGG] ETH/USDC: votes BUY=0.62 SELL=0.00 HOLD=0.30 total_voters=3 external=0","timestamp":"2026-09-01T00:00:05.348Z"}
{"level":"debug","message":"[AGG] ETH/USDC: decision=HOLD confidence=0.21 tie=false belowMin=true (minConf=0.35750000000000004)","timestamp":"2026-09-01T00:00:05.349Z"}
{"level":"debug","message":"[CYCLE] RENDER/USDC: starting cycle, candles=1515 lastClose=1.42500000 lastTs=2026-09-01T00:00:00.000Z","timestamp":"2026-09-01T00:00:05.443Z"}
{"level":"debug","message":"[AGG] RENDER/USDC: strategy[0]=EMA → HOLD conf=0.20 \"No EMA crossover (fast 1.4477 vs slow 1.4372)\"","timestamp":"2026-09-01T00:00:05.446Z"}
{"level":"debug","message":"[AGG] RENDER/USDC: strategy[1]=OBV → BUY conf=0.55 \"OBV crossed above EMA-20 — volume buyers in control\"","timestamp":"2026-09-01T00:00:05.446Z"}
{"level":"debug","message":"[AGG] RENDER/USDC: strategy[2]=WilliamsR → HOLD conf=0.20 \"%R -78.3 neutral\"","timestamp":"2026-09-01T00:00:05.446Z"}
{"level":"debug","message":"[AGG] RENDER/USDC: votes BUY=0.55 SELL=0.00 HOLD=0.40 total_voters=3 external=0","timestamp":"2026-09-01T00:00:05.446Z"}
{"level":"debug","message":"[AGG] RENDER/USDC: decision=HOLD confidence=0.18 tie=false belowMin=true (minConf=0.35750000000000004)","timestamp":"2026-09-01T00:00:05.446Z"}
{"level":"debug","message":"[CYCLE] NEAR/USDC: sizing positionPct=0.1255 (base=0.15 atr=0.039190347191508185 regime=on conf=0.17 macro=bull mtf=1.0)","timestamp":"2026-09-01T00:00:05.517Z"}
{"level":"info","message":"NEAR/USDC: decision=HOLD confidence=18% price=1.91900000 external_signals=0","timestamp":"2026-09-01T00:00:05.517Z"}
{"level":"info","message":"NEAR/USDC: RSI 57.4 neutral | Price 1.9210 inside BB [1.7841–2.0035] | Stoch K=62.0 D=35.0 — no crossover in extreme zone | No significant S/R zone nearby","timestamp":"2026-09-01T00:00:05.517Z"}
{"level":"debug","message":"[CYCLE] JUP/USDC: starting cycle, candles=1515 lastClose=0.22360000 lastTs=2026-09-01T00:00:00.000Z","timestamp":"2026-09-01T00:00:05.667Z"}
{"level":"debug","message":"[AGG] JUP/USDC: strategy[0]=BollingerBands → HOLD conf=0.20 \"Price 0.2237 inside BB [0.1967–0.2365]\"","timestamp":"2026-09-01T00:00:05.674Z"}
{"level":"debug","message":"[AGG] JUP/USDC: strategy[1]=CCI → HOLD conf=0.20 \"CCI 29.8 neutral\"","timestamp":"2026-09-01T00:00:05.674Z"}
{"level":"debug","message":"[AGG] JUP/USDC: strategy[2]=OBV → HOLD conf=0.20 \"OBV above EMA-20 — no cross\"","timestamp":"2026-09-01T00:00:05.674Z"}
{"level":"debug","message":"[AGG] JUP/USDC: votes BUY=0.00 SELL=0.00 HOLD=0.60 total_voters=3 external=0","timestamp":"2026-09-01T00:00:05.674Z"}
{"level":"debug","message":"[AGG] JUP/USDC: decision=HOLD confidence=0.20 tie=false belowMin=true (minConf=0.35750000000000004)","timestamp":"2026-09-01T00:00:05.674Z"}
{"level":"debug","message":"[CYCLE] CRV/USDC: sizing positionPct=0.1071 (base=0.15 atr=0.039190347191508185 regime=on conf=0.13 macro=bull mtf=1.0)","timestamp":"2026-09-01T00:00:05.720Z"}
{"level":"info","message":"CRV/USDC: decision=HOLD confidence=13% price=0.33770000 external_signals=0","timestamp":"2026-09-01T00:00:05.720Z"}
{"level":"info","message":"CRV/USDC: ADX 20.6 < 25 — ranging, skip | StochRSI K=79.2 D=34.2 — no extreme crossover | No significant S/R zone nearby","timestamp":"2026-09-01T00:00:05.721Z"}
{"level":"debug","message":"[CYCLE] ENS/USDC: sizing positionPct=0.1212 (base=0.15 atr=0.039190347191508185 regime=on conf=0.25 macro=bull mtf=1.0)","timestamp":"2026-09-01T00:00:05.925Z"}
{"level":"info","message":"ENS/USDC: decision=HOLD confidence=25% price=5.84000000 external_signals=0","timestamp":"2026-09-01T00:00:05.925Z"}
{"level":"info","message":"ENS/USDC: Price 5.8400 inside BB [5.4779–6.0391] | PSAR downtrend continues (SAR 6.2580) | Support 5.8500 (2×) +pin","timestamp":"2026-09-01T00:00:05.925Z"}
{"level":"debug","message":"[CYCLE] XRP/USDC: starting cycle, candles=1515 lastClose=1.37950000 lastTs=2026-09-01T00:00:00.000Z","timestamp":"2026-09-01T00:00:05.927Z"}
{"level":"debug","message":"[AGG] XRP/USDC: strategy[0]=BollingerBands → HOLD conf=0.20 \"Price 1.3795 inside BB [1.3373–1.5280]\"","timestamp":"2026-09-01T00:00:05.942Z"}
{"level":"debug","message":"[AGG] XRP/USDC: strategy[1]=Stochastic → HOLD conf=0.20 \"Stoch K=20.5 D=15.8 — no crossover in extreme zone\"","timestamp":"2026-09-01T00:00:05.942Z"}
{"level":"debug","message":"[AGG] XRP/USDC: strategy[2]=EMA → HOLD conf=0.20 \"No EMA crossover (fast 1.3899 vs slow 1.3475)\"","timestamp":"2026-09-01T00:00:05.942Z"}
{"level":"debug","message":"[AGG] XRP/USDC: votes BUY=0.00 SELL=0.00 HOLD=0.60 total_voters=3 external=0","timestamp":"2026-09-01T00:00:05.942Z"}
{"level":"debug","message":"[AGG] XRP/USDC: decision=HOLD confidence=0.20 tie=false belowMin=true (minConf=0.35750000000000004)","timestamp":"2026-09-01T00:00:05.942Z"}
{"level":"debug","message":"[CYCLE] DOGE/USDC: starting cycle, candles=1515 lastClose=0.08283000 lastTs=2026-09-01T00:00:00.000Z","timestamp":"2026-09-01T00:00:05.947Z"}
{"level":"debug","message":"[AGG] DOGE/USDC: strategy[0]=EMA → HOLD conf=0.20 \"No EMA crossover (fast 0.0848 vs slow 0.0836)\"","timestamp":"2026-09-01T00:00:05.949Z"}
{"level":"debug","message":"[AGG] DOGE/USDC: strategy[1]=PSAR → HOLD conf=0.10 \"PSAR downtrend continues (SAR 0.0926)\"","timestamp":"2026-09-01T00:00:05.949Z"}
{"level":"debug","message":"[AGG] DOGE/USDC: strategy[2]=HeikinAshi → HOLD conf=0.15 \"HA bearish continuation\"","timestamp":"2026-09-01T00:00:05.949Z"}
{"level":"debug","message":"[AGG] DOGE/USDC: votes BUY=0.00 SELL=0.00 HOLD=0.45 total_voters=3 external=0","timestamp":"2026-09-01T00:00:05.949Z"}
{"level":"debug","message":"[AGG] DOGE/USDC: decision=HOLD confidence=0.15 tie=false belowMin=true (minConf=0.35750000000000004)","timestamp":"2026-09-01T00:00:05.949Z"}
{"level":"debug","message":"[CYCLE] JTO/USDC: sizing positionPct=0.0999 (base=0.15 atr=0.039190347191508185 regime=on conf=0.24 macro=bull mtf=1.0)","timestamp":"2026-09-01T00:00:06.121Z"}
{"level":"info","message":"JTO/USDC: decision=HOLD confidence=24% price=0.44220000 external_signals=0","timestamp":"2026-09-01T00:00:06.121Z"}
{"level":"info","message":"JTO/USDC: CCI -131.4 oversold ↑ reversal confirmed | PSAR downtrend continues (SAR 0.5278) | No significant S/R zone nearby","timestamp":"2026-09-01T00:00:06.121Z"}
{"level":"debug","message":"[CYCLE] PAXG/USDC: sizing positionPct=0.2892 (base=0.15 atr=0.039190347191508185 regime=on conf=0.23 macro=bull mtf=1.0)","timestamp":"2026-09-01T00:00:06.517Z"}
{"level":"info","message":"PAXG/USDC: decision=HOLD confidence=23% price=4449.03000000 external_signals=0","timestamp":"2026-09-01T00:00:06.517Z"}
{"level":"info","message":"PAXG/USDC: MACD -3.1786 vs signal 23.4945 hist:-26.6731 | ADX 35.2 downtrend (-DI 25.6 > +DI 14.8) | Supertrend downtrend continues (ST 4587.4818)","timestamp":"2026-09-01T00:00:06.517Z"}
{"level":"debug","message":"[CYCLE] BCH/USDC: starting cycle, candles=1515 lastClose=247.10000000 lastTs=2026-09-01T00:00:00.000Z","timestamp":"2026-09-01T00:00:06.568Z"}
{"level":"debug","message":"[AGG] BCH/USDC: strategy[0]=BollingerBands → HOLD conf=0.20 \"Price 247.1000 inside BB [237.3176–287.0124]\"","timestamp":"2026-09-01T00:00:06.576Z"}
{"level":"debug","message":"[AGG] BCH/USDC: strategy[1]=OBV → HOLD conf=0.20 \"OBV below EMA-20 — no cross\"","timestamp":"2026-09-01T00:00:06.576Z"}
{"level":"debug","message":"[AGG] BCH/USDC: strategy[2]=WilliamsR → BUY conf=0.61 \"%R -81.8 oversold ↑ reversal confirmed\"","timestamp":"2026-09-01T00:00:06.576Z"}
{"level":"debug","message":"[AGG] BCH/USDC: votes BUY=0.61 SELL=0.00 HOLD=0.40 total_voters=3 external=0","timestamp":"2026-09-01T00:00:06.576Z"}
{"level":"debug","message":"[AGG] BCH/USDC: decision=HOLD confidence=0.20 tie=false belowMin=true (minConf=0.35750000000000004)","timestamp":"2026-09-01T00:00:06.576Z"}
{"level":"debug","message":"[CYCLE] LDO/USDC: sizing positionPct=0.1203 (base=0.15 atr=0.039190347191508185 regime=on conf=0.24 macro=bull mtf=1.0)","timestamp":"2026-09-01T00:00:06.703Z"}
{"level":"info","message":"LDO/USDC: decision=HOLD confidence=24% price=0.35680000 external_signals=0","timestamp":"2026-09-01T00:00:06.703Z"}
{"level":"info","message":"LDO/USDC: MACD 0.0058 vs signal 0.0094 hist:-0.0036 | ADX 39.3 uptrend (+DI 23.1 > -DI 10.1) | %R -68.5 neutral","timestamp":"2026-09-01T00:00:06.704Z"}
{"level":"debug","message":"[CYCLE] TIA/USDC: sizing positionPct=0.1204 (base=0.15 atr=0.039190347191508185 regime=on conf=0.43 macro=bull mtf=1.0)","timestamp":"2026-09-01T00:00:06.719Z"}
{"level":"info","message":"TIA/USDC: decision=HOLD confidence=43% price=0.33650000 external_signals=0","timestamp":"2026-09-01T00:00:06.719Z"}
{"level":"info","message":"TIA/USDC: CCI -101.0 oversold ↑ reversal confirmed | MACD -0.0021 vs signal 0.0025 hist:-0.0046 | HA flipped bullish ↑ after 7-bar bear streak","timestamp":"2026-09-01T00:00:06.719Z"}
{"level":"debug","message":"[CYCLE] ADA/USDC: sizing positionPct=0.1396 (base=0.15 atr=0.039190347191508185 regime=on conf=0.21 macro=bull mtf=1.0)","timestamp":"2026-09-01T00:00:06.921Z"}
{"level":"info","message":"ADA/USDC: decision=HOLD confidence=21% price=0.19770000 external_signals=0","timestamp":"2026-09-01T00:00:06.921Z"}
{"level":"info","message":"ADA/USDC: RSI 44.6 neutral | Price 0.1978 inside BB [0.1899–0.2325] | CCI -105.8 oversold ↑ reversal confirmed","timestamp":"2026-09-01T00:00:06.921Z"}
{"level":"debug","message":"[CYCLE] AVAX/USDC: sizing positionPct=0.1920 (base=0.15 atr=0.039190347191508185 regime=on conf=0.17 macro=bull mtf=1.0)","timestamp":"2026-09-01T00:00:07.121Z"}
{"level":"info","message":"AVAX/USDC: decision=HOLD confidence=17% price=7.22700000 external_signals=0","timestamp":"2026-09-01T00:00:07.121Z"}
{"level":"info","message":"AVAX/USDC: RSI 51.0 neutral | MACD 0.0816 vs signal 0.1444 hist:-0.0628 | PSAR downtrend continues (SAR 7.8500)","timestamp":"2026-09-01T00:00:07.121Z"}
{"level":"debug","message":"[CYCLE] INJ/USDC: sizing positionPct=0.0746 (base=0.15 atr=0.039190347191508185 regime=on conf=0.17 macro=bull mtf=1.0)","timestamp":"2026-09-01T00:00:07.322Z"}
{"level":"info","message":"INJ/USDC: decision=HOLD confidence=17% price=4.92700000 external_signals=0","timestamp":"2026-09-01T00:00:07.322Z"}
{"level":"info","message":"INJ/USDC: ADX 20.6 < 25 — ranging, skip | OBV above EMA-20 — no cross | StochRSI K=0.0 D=0.3 — no extreme crossover","timestamp":"2026-09-01T00:00:07.322Z"}
{"level":"info","message":"WLD/USDC: BUY suppressed — 4h momentum bearish (score=33% < 45% required)","timestamp":"2026-09-01T00:00:07.519Z"}
{"level":"debug","message":"[CYCLE] WLD/USDC: sizing positionPct=0.1194 (base=0.15 atr=0.039190347191508185 regime=on conf=0.43 macro=bull mtf=1.0)","timestamp":"2026-09-01T00:00:07.521Z"}
{"level":"info","message":"WLD/USDC: trade blocked - 4h momentum bearish (score=33% < 45% required)","timestamp":"2026-09-01T00:00:07.521Z"}
{"level":"info","message":"WLD/USDC: decision=BUY confidence=43% price=0.36460000 external_signals=0","timestamp":"2026-09-01T00:00:07.521Z"}
{"level":"info","message":"WLD/USDC: Price 0.3646 inside BB [0.3576–0.4216] | CCI -142.1 oversold ↑ reversal confirmed | ADX 30.5 uptrend (+DI 19.9 > -DI 18.0)","timestamp":"2026-09-01T00:00:07.521Z"}
{"level":"debug","message":"[CYCLE] PEPE/USDC: sizing positionPct=0.1089 (base=0.15 atr=0.039190347191508185 regime=on conf=0.17 macro=bull mtf=1.0)","timestamp":"2026-09-01T00:00:07.720Z"}
{"level":"info","message":"PEPE/USDC: decision=HOLD confidence=17% price=0.00000355 external_signals=0","timestamp":"2026-09-01T00:00:07.720Z"}
{"level":"info","message":"PEPE/USDC: No EMA crossover (fast 0.0000 vs slow 0.0000) | Supertrend uptrend continues (ST 0.0000) | OBV below EMA-20 — no cross","timestamp":"2026-09-01T00:00:07.720Z"}
{"level":"debug","message":"[CYCLE] SUI/USDC: sizing positionPct=0.0958 (base=0.15 atr=0.039190347191508185 regime=on conf=0.20 macro=bull mtf=1.0)","timestamp":"2026-09-01T00:00:07.919Z"}
{"level":"info","message":"SUI/USDC: decision=HOLD confidence=20% price=0.72660000 external_signals=0","timestamp":"2026-09-01T00:00:07.919Z"}
{"level":"info","message":"SUI/USDC: RSI 45.0 neutral | Stoch K=21.7 D=16.5 — no crossover in extreme zone | MFI 27.8 neutral","timestamp":"2026-09-01T00:00:07.919Z"}
{"level":"debug","message":"[CYCLE] LTC/USDC: sizing positionPct=0.2194 (base=0.15 atr=0.039190347191508185 regime=on conf=0.20 macro=bull mtf=1.0)","timestamp":"2026-09-01T00:00:08.119Z"}
{"level":"info","message":"LTC/USDC: decision=HOLD confidence=20% price=48.53000000 external_signals=0","timestamp":"2026-09-01T00:00:08.119Z"}
{"level":"info","message":"LTC/USDC: Price 48.5400 inside BB [47.2978–53.2242] | No EMA crossover (fast 49.1065 vs slow 48.9321) | %R -79.7 neutral","timestamp":"2026-09-01T00:00:08.119Z"}
{"level":"info","message":"LINK/USDC: live balance=134.49 pnl=0.00 open_positions=2 daily_pnl=0.00 blocked=false","timestamp":"2026-09-01T00:00:08.317Z"}
{"level":"debug","message":"[CYCLE] TRX/USDC: sizing positionPct=0.3236 (base=0.15 atr=0.039190347191508185 regime=on conf=0.37 macro=bull mtf=1.0)","timestamp":"2026-09-01T00:00:08.519Z"}
{"level":"info","message":"TRX/USDC: decision=HOLD confidence=37% price=0.33250000 external_signals=0","timestamp":"2026-09-01T00:00:08.520Z"}
{"level":"info","message":"TRX/USDC: CCI -154.1 oversold — still falling, wait | Stoch K=6.0 D=9.9 — no crossover in extreme zone | StochRSI K=0.0 D=0.6 — no extreme crossover","timestamp":"2026-09-01T00:00:08.520Z"}
{"level":"debug","message":"[CYCLE] ACH/USDC: sizing positionPct=0.1396 (base=0.15 atr=0.039190347191508185 regime=on conf=0.40 macro=bull mtf=1.0)","timestamp":"2026-09-01T00:00:08.719Z"}
{"level":"info","message":"ACH/USDC: decision=HOLD confidence=40% price=0.00482000 external_signals=0","timestamp":"2026-09-01T00:00:08.719Z"}
{"level":"info","message":"ACH/USDC: RSI 50.2 neutral | Price 0.0048 inside BB [0.0048–0.0052] | CCI -177.3 oversold — still falling, wait","timestamp":"2026-09-01T00:00:08.719Z"}
{"level":"debug","message":"[CYCLE] ICP/USDC: sizing positionPct=0.1174 (base=0.15 atr=0.039190347191508185 regime=on conf=0.20 macro=bull mtf=1.0)","timestamp":"2026-09-01T00:00:08.920Z"}
{"level":"info","message":"ICP/USDC: decision=HOLD confidence=20% price=2.40000000 external_signals=0","timestamp":"2026-09-01T00:00:08.920Z"}
{"level":"info","message":"ICP/USDC: RSI 51.6 neutral | Price 2.4000 inside BB [2.3400–2.4931] | Stoch K=35.9 D=28.0 — no crossover in extreme zone","timestamp":"2026-09-01T00:00:08.920Z"}
{"level":"debug","message":"[CYCLE] THETA/USDC: sizing positionPct=0.1404 (base=0.15 atr=0.039190347191508185 regime=on conf=0.21 macro=bull mtf=1.0)","timestamp":"2026-09-01T00:00:09.117Z"}
{"level":"info","message":"THETA/USDC: decision=HOLD confidence=21% price=0.16900000 external_signals=0","timestamp":"2026-09-01T00:00:09.117Z"}
{"level":"info","message":"THETA/USDC: RSI 50.1 neutral | CCI -106.4 oversold ↑ reversal confirmed | OBV below EMA-20 — no cross","timestamp":"2026-09-01T00:00:09.117Z"}
{"level":"debug","message":"[CYCLE] APT/USDC: sizing positionPct=0.1048 (base=0.15 atr=0.039190347191508185 regime=on conf=0.18 macro=bull mtf=1.0)","timestamp":"2026-09-01T00:00:09.320Z"}
{"level":"info","message":"APT/USDC: decision=HOLD confidence=18% price=0.53600000 external_signals=0","timestamp":"2026-09-01T00:00:09.320Z"}
{"level":"info","message":"APT/USDC: Price 0.5360 inside BB [0.4949–0.6555] | Stoch K=23.7 crossed above D=13.4 in oversold zone | MFI 39.3 neutral","timestamp":"2026-09-01T00:00:09.320Z"}
{"level":"debug","message":"[CYCLE] ENA/USDC: sizing positionPct=0.0705 (base=0.15 atr=0.039190347191508185 regime=on conf=0.20 macro=bull mtf=1.0)","timestamp":"2026-09-01T00:00:09.520Z"}
{"level":"info","message":"ENA/USDC: decision=HOLD confidence=20% price=0.14950000 external_signals=0","timestamp":"2026-09-01T00:00:09.520Z"}
{"level":"info","message":"ENA/USDC: RSI 55.9 neutral | Price 0.1495 inside BB [0.1380–0.1729] | CCI -62.3 neutral","timestamp":"2026-09-01T00:00:09.520Z"}
{"level":"debug","message":"[CYCLE] ARB/USDC: sizing positionPct=0.1440 (base=0.15 atr=0.039190347191508185 regime=on conf=0.47 macro=bull mtf=1.0)","timestamp":"2026-09-01T00:00:09.720Z"}
{"level":"info","message":"ARB/USDC: decision=HOLD confidence=47% price=0.10930000 external_signals=0","timestamp":"2026-09-01T00:00:09.720Z"}
{"level":"info","message":"ARB/USDC: RSI 73.3 overbought — still rising, wait | %R -1.5 overbought — still rising, wait | HA flipped bullish ↑ after 14-bar bear streak","timestamp":"2026-09-01T00:00:09.720Z"}
{"level":"debug","message":"[CYCLE] SOL/USDC: sizing positionPct=0.1451 (base=0.15 atr=0.039190347191508185 regime=on conf=0.20 macro=bull mtf=1.0)","timestamp":"2026-09-01T00:00:09.921Z"}
{"level":"info","message":"SOL/USDC: decision=HOLD confidence=20% price=103.02000000 external_signals=0","timestamp":"2026-09-01T00:00:09.921Z"}
{"level":"info","message":"SOL/USDC: Price 103.0200 inside BB [91.4621–109.7069] | %R -48.6 neutral | StochRSI K=5.3 D=4.5 — no extreme crossover","timestamp":"2026-09-01T00:00:09.921Z"}
{"level":"debug","message":"[CYCLE] MANTA/USDC: sizing positionPct=0.1459 (base=0.15 atr=0.039190347191508185 regime=on conf=0.24 macro=bull mtf=1.0)","timestamp":"2026-09-01T00:00:10.118Z"}
{"level":"info","message":"MANTA/USDC: decision=HOLD confidence=24% price=0.05776000 external_signals=0","timestamp":"2026-09-01T00:00:10.118Z"}
{"level":"info","message":"MANTA/USDC: RSI 45.6 neutral | Price 0.0578 inside BB [0.0570–0.0622] | CCI -127.3 oversold ↑ reversal confirmed","timestamp":"2026-09-01T00:00:10.118Z"}
{"level":"info","message":"PIXEL/USDC: BUY suppressed — MTF misaligned (15m: 7% green < 30% required)","timestamp":"2026-09-01T00:00:10.319Z"}
{"level":"debug","message":"[CYCLE] PIXEL/USDC: sizing positionPct=0.1923 (base=0.15 atr=0.039190347191508185 regime=on conf=0.39 macro=bull mtf=1.0)","timestamp":"2026-09-01T00:00:10.321Z"}
{"level":"info","message":"PIXEL/USDC: trade blocked - MTF misaligned (15m: 7% green < 30% required)","timestamp":"2026-09-01T00:00:10.321Z"}
{"level":"info","message":"PIXEL/USDC: decision=BUY confidence=39% price=0.00490000 external_signals=0","timestamp":"2026-09-01T00:00:10.321Z"}
{"level":"info","message":"PIXEL/USDC: No EMA crossover (fast 0.0050 vs slow 0.0050) | ADX 30.2 uptrend (+DI 22.1 > -DI 21.2) | Support 0.0049 (2×)","timestamp":"2026-09-01T00:00:10.321Z"}
{"level":"info","message":"BNB/USDC: live balance=134.49 pnl=0.00 open_positions=2 daily_pnl=0.00 blocked=false","timestamp":"2026-09-01T00:00:10.518Z"}
{"level":"info","message":"BTC/USDC: live balance=134.49 pnl=0.00 open_positions=2 daily_pnl=0.00 blocked=false","timestamp":"2026-09-01T00:00:10.720Z"}
{"level":"debug","message":"[CYCLE] ETH/USDC: sizing positionPct=0.2313 (base=0.15 atr=0.039190347191508185 regime=on conf=0.21 macro=bull mtf=1.0)","timestamp":"2026-09-01T00:00:10.917Z"}
{"level":"info","message":"ETH/USDC: decision=HOLD confidence=21% price=2466.38000000 external_signals=0","timestamp":"2026-09-01T00:00:10.917Z"}
{"level":"info","message":"ETH/USDC: Supertrend uptrend continues (ST 2282.1583) | MFI 48.7 neutral | Support 2462.3933 (3×)","timestamp":"2026-09-01T00:00:10.917Z"}
{"level":"debug","message":"[CYCLE] RENDER/USDC: sizing positionPct=0.1372 (base=0.15 atr=0.039190347191508185 regime=on conf=0.18 macro=bull mtf=1.0)","timestamp":"2026-09-01T00:00:11.120Z"}
{"level":"info","message":"RENDER/USDC: decision=HOLD confidence=18% price=1.42500000 external_signals=0","timestamp":"2026-09-01T00:00:11.120Z"}
{"level":"info","message":"RENDER/USDC: No EMA crossover (fast 1.4477 vs slow 1.4372) | OBV crossed above EMA-20 — volume buyers in control | %R -78.3 neutral","timestamp":"2026-09-01T00:00:11.120Z"}
{"level":"info","message":"NEAR/USDC: live balance=134.49 pnl=0.00 open_positions=2 daily_pnl=0.00 blocked=false","timestamp":"2026-09-01T00:00:11.318Z"}
{"level":"debug","message":"[CYCLE] JUP/USDC: sizing positionPct=0.0857 (base=0.15 atr=0.039190347191508185 regime=on conf=0.20 macro=bull mtf=1.0)","timestamp":"2026-09-01T00:00:11.520Z"}
{"level":"info","message":"JUP/USDC: decision=HOLD confidence=20% price=0.22360000 external_signals=0","timestamp":"2026-09-01T00:00:11.520Z"}
{"level":"info","message":"JUP/USDC: Price 0.2237 inside BB [0.1967–0.2365] | CCI 29.8 neutral | OBV above EMA-20 — no cross","timestamp":"2026-09-01T00:00:11.520Z"}
{"level":"info","message":"CRV/USDC: live balance=134.49 pnl=0.00 open_positions=2 daily_pnl=0.00 blocked=false","timestamp":"2026-09-01T00:00:11.723Z"}
{"level":"info","message":"ENS/USDC: live balance=134.49 pnl=0.00 open_positions=2 daily_pnl=0.00 blocked=false","timestamp":"2026-09-01T00:00:11.920Z"}
{"level":"debug","message":"[CYCLE] XRP/USDC: sizing positionPct=0.1519 (base=0.15 atr=0.039190347191508185 regime=on conf=0.20 macro=bull mtf=1.0)","timestamp":"2026-09-01T00:00:12.121Z"}
{"level":"info","message":"XRP/USDC: decision=HOLD confidence=20% price=1.37950000 external_signals=0","timestamp":"2026-09-01T00:00:12.121Z"}
{"level":"info","message":"XRP/USDC: Price 1.3795 inside BB [1.3373–1.5280] | Stoch K=20.5 D=15.8 — no crossover in extreme zone | No EMA crossover (fast 1.3899 vs slow 1.3475)","timestamp":"2026-09-01T00:00:12.121Z"}
{"level":"debug","message":"[CYCLE] DOGE/USDC: sizing positionPct=0.1186 (base=0.15 atr=0.039190347191508185 regime=on conf=0.15 macro=bull mtf=1.0)","timestamp":"2026-09-01T00:00:12.318Z"}
{"level":"info","message":"DOGE/USDC: decision=HOLD confidence=15% price=0.08283000 external_signals=0","timestamp":"2026-09-01T00:00:12.318Z"}
{"level":"info","message":"DOGE/USDC: No EMA crossover (fast 0.0848 vs slow 0.0836) | PSAR downtrend continues (SAR 0.0926) | HA bearish continuation","timestamp":"2026-09-01T00:00:12.319Z"}
{"level":"info","message":"JTO/USDC: live balance=134.49 pnl=0.00 open_positions=2 daily_pnl=0.00 blocked=false","timestamp":"2026-09-01T00:00:12.517Z"}
{"level":"info","message":"PAXG/USDC: live balance=134.49 pnl=0.00 open_positions=2 daily_pnl=0.00 blocked=false","timestamp":"2026-09-01T00:00:12.720Z"}
{"level":"debug","message":"[CYCLE] BCH/USDC: sizing positionPct=0.1604 (base=0.15 atr=0.039190347191508185 regime=on conf=0.20 macro=bull mtf=1.0)","timestamp":"2026-09-01T00:00:12.918Z"}
{"level":"info","message":"BCH/USDC: decision=HOLD confidence=20% price=247.10000000 external_signals=0","timestamp":"2026-09-01T00:00:12.918Z"}
{"level":"info","message":"BCH/USDC: Price 247.1000 inside BB [237.3176–287.0124] | OBV below EMA-20 — no cross | %R -81.8 oversold ↑ reversal confirmed","timestamp":"2026-09-01T00:00:12.918Z"}
{"level":"info","message":"LDO/USDC: live balance=134.49 pnl=0.00 open_positions=2 daily_pnl=0.00 blocked=false","timestamp":"2026-09-01T00:00:13.119Z"}
{"level":"info","message":"TIA/USDC: live balance=134.49 pnl=0.00 open_positions=2 daily_pnl=0.00 blocked=false","timestamp":"2026-09-01T00:00:13.322Z"}
{"level":"info","message":"ADA/USDC: live balance=134.49 pnl=0.00 open_positions=2 daily_pnl=0.00 blocked=false","timestamp":"2026-09-01T00:00:13.518Z"}
{"level":"info","message":"AVAX/USDC: live balance=134.49 pnl=0.00 open_positions=2 daily_pnl=0.00 blocked=false","timestamp":"2026-09-01T00:00:13.719Z"}
{"level":"info","message":"INJ/USDC: live balance=134.49 pnl=0.00 open_positions=2 daily_pnl=0.00 blocked=false","timestamp":"2026-09-01T00:00:13.919Z"}
{"level":"info","message":"WLD/USDC: live balance=134.49 pnl=0.00 open_positions=2 daily_pnl=0.00 blocked=false","timestamp":"2026-09-01T00:00:14.119Z"}
{"level":"info","message":"PEPE/USDC: live balance=134.49 pnl=0.00 open_positions=2 daily_pnl=0.00 blocked=false","timestamp":"2026-09-01T00:00:14.320Z"}
{"level":"info","message":"SUI/USDC: live balance=134.49 pnl=0.00 open_positions=2 daily_pnl=0.00 blocked=false","timestamp":"2026-09-01T00:00:14.519Z"}
{"level":"info","message":"LTC/USDC: live balance=134.49 pnl=0.00 open_positions=2 daily_pnl=0.00 blocked=false","timestamp":"2026-09-01T00:00:14.720Z"}
{"level":"info","message":"TRX/USDC: live balance=134.49 pnl=0.00 open_positions=2 daily_pnl=0.00 blocked=false","timestamp":"2026-09-01T00:00:14.922Z"}
{"level":"info","message":"ACH/USDC: live balance=134.49 pnl=0.00 open_positions=2 daily_pnl=0.00 blocked=false","timestamp":"2026-09-01T00:00:15.120Z"}
{"level":"info","message":"ICP/USDC: live balance=134.49 pnl=0.00 open_positions=2 daily_pnl=0.00 blocked=false","timestamp":"2026-09-01T00:00:15.320Z"}
{"level":"info","message":"THETA/USDC: live balance=134.49 pnl=0.00 open_positions=2 daily_pnl=0.00 blocked=false","timestamp":"2026-09-01T00:00:15.517Z"}
{"level":"info","message":"APT/USDC: live balance=134.49 pnl=0.00 open_positions=2 daily_pnl=0.00 blocked=false","timestamp":"2026-09-01T00:00:15.918Z"}
{"level":"info","message":"ENA/USDC: live balance=134.49 pnl=0.00 open_positions=2 daily_pnl=0.00 blocked=false","timestamp":"2026-09-01T00:00:16.118Z"}
{"level":"info","message":"ARB/USDC: live balance=134.49 pnl=0.00 open_positions=2 daily_pnl=0.00 blocked=false","timestamp":"2026-09-01T00:00:16.319Z"}
{"level":"info","message":"SOL/USDC: live balance=134.49 pnl=0.00 open_positions=2 daily_pnl=0.00 blocked=false","timestamp":"2026-09-01T00:00:16.523Z"}
{"level":"info","message":"MANTA/USDC: live balance=134.49 pnl=0.00 open_positions=2 daily_pnl=0.00 blocked=false","timestamp":"2026-09-01T00:00:16.720Z"}
{"level":"info","message":"PIXEL/USDC: live balance=134.49 pnl=0.00 open_positions=2 daily_pnl=0.00 blocked=false","timestamp":"2026-09-01T00:00:16.920Z"}
{"level":"info","message":"ETH/USDC: live balance=134.49 pnl=0.00 open_positions=2 daily_pnl=0.00 blocked=false","timestamp":"2026-09-01T00:00:17.118Z"}
{"level":"info","message":"RENDER/USDC: live balance=134.49 pnl=0.00 open_positions=2 daily_pnl=0.00 blocked=false","timestamp":"2026-09-01T00:00:17.317Z"}
{"level":"info","message":"XRP/USDC: live balance=134.49 pnl=0.00 open_positions=2 daily_pnl=0.00 blocked=false","timestamp":"2026-09-01T00:00:17.718Z"}
{"level":"info","message":"DOGE/USDC: live balance=134.49 pnl=0.00 open_positions=2 daily_pnl=0.00 blocked=false","timestamp":"2026-09-01T00:00:17.918Z"}
{"level":"info","message":"JUP/USDC: live balance=134.49 pnl=0.00 open_positions=2 daily_pnl=0.00 blocked=false","timestamp":"2026-09-01T00:00:17.977Z"}
{"level":"info","message":"BCH/USDC: live balance=134.49 pnl=0.00 open_positions=2 daily_pnl=0.00 blocked=false","timestamp":"2026-09-01T00:00:18.114Z"}
{"level":"info","message":"[TSM-CORE] rung 2@0.5 (HWM $243.16) · next de-risk at $320 HWM","timestamp":"2026-09-01T00:00:18.558Z"}
{"level":"info","message":"[TSM-CORE] BTC/USDC: votes 3/3 (enter ≥3, stay ≥2) · vol 40% → ×1.00 · macro risk-on","timestamp":"2026-09-01T00:00:18.836Z"}
{"level":"info","message":"[TSM-CORE] ETH/USDC: votes 3/3 (enter ≥3, stay ≥2) · vol 70% → ×0.86 · macro risk-on","timestamp":"2026-09-01T00:00:18.837Z"}
{"level":"info","message":"Next cycle aligned to candle close in 720 min (Tue, 01 Sep 2026 12:00:03 GMT)","timestamp":"2026-09-01T00:00:19.113Z"}
{"level":"debug","message":"[RISK-LOOP] checking 2 open position(s)","timestamp":"2026-09-01T00:01:52.920Z"}
{"level":"debug","message":"[RISK-LOOP] checking 2 open position(s)","timestamp":"2026-09-01T00:03:52.922Z"}
{"level":"debug","message":"[RISK-LOOP] checking 2 open position(s)","timestamp":"2026-09-01T00:05:52.924Z"}
{"level":"debug","message":"[RISK-LOOP] checking 2 open position(s)","timestamp":"2026-09-01T00:07:53.105Z"}
{"level":"debug","message":"[RISK-LOOP] checking 2 open position(s)","timestamp":"2026-09-01T00:09:52.924Z"}
{"level":"debug","message":"[RISK-LOOP] checking 2 open position(s)","timestamp":"2026-09-01T00:11:52.931Z"}
{"level":"info","message":"[MTF-CACHE] 15m refresh complete: 37/37 symbols","timestamp":"2026-09-01T00:13:11.990Z"}
{"level":"debug","message":"[RISK-LOOP] checking 2 open position(s)","timestamp":"2026-09-01T00:13:52.930Z"}
{"level":"debug","message":"[RISK-LOOP] checking 2 open position(s)","timestamp":"2026-09-01T00:15:52.935Z"}
{"level":"debug","message":"[RISK-LOOP] checking 2 open position(s)","timestamp":"2026-09-01T00:17:53.112Z"}
{"level":"debug","message":"[RISK-LOOP] checking 2 open position(s)","timestamp":"2026-09-01T00:19:52.935Z"}
{"level":"debug","message":"[RISK-LOOP] checking 2 open position(s)","timestamp":"2026-09-01T00:21:52.939Z"}
{"level":"debug","message":"[RISK-LOOP] checking 2 open position(s)","timestamp":"2026-09-01T00:23:52.936Z"}
{"level":"debug","message":"[RISK-LOOP] checking 2 open position(s)","timestamp":"2026-09-01T00:25:52.944Z"}
{"level":"debug","message":"[RISK-LOOP] checking 2 open position(s)","timestamp":"2026-09-01T00:27:53.123Z"}
{"level":"info","message":"[MTF-CACHE] 4h refresh complete: 37/37 symbols","timestamp":"2026-09-01T00:28:08.996Z"}
{"level":"info","message":"[MTF-CACHE] 15m refresh complete: 37/37 symbols","timestamp":"2026-09-01T00:28:12.037Z"}
{"level":"debug","message":"[RISK-LOOP] checking 2 open position(s)","timestamp":"2026-09-01T00:29:52.948Z"}
{"level":"debug","message":"[RISK-LOOP] checking 2 open position(s)","timestamp":"2026-09-01T00:31:52.950Z"}
{"level":"debug","message":"[RISK-LOOP] checking 2 open position(s)","timestamp":"2026-09-01T00:33:52.953Z"}
{"level":"debug","message":"[RISK-LOOP] checking 2 open position(s)","timestamp":"2026-09-01T00:35:52.954Z"}
{"level":"debug","message":"[RISK-LOOP] checking 2 open position(s)","timestamp":"2026-09-01T00:37:53.136Z"}
{"level":"debug","message":"[RISK-LOOP] checking 2 open position(s)","timestamp":"2026-09-01T00:39:52.956Z"}
{"level":"debug","message":"[RISK-LOOP] checking 2 open position(s)","timestamp":"2026-09-01T00:41:52.958Z"}
{"level":"info","message":"[MTF-CACHE] 15m refresh complete: 37/37 symbols","timestamp":"2026-09-01T00:43:12.034Z"}
{"level":"debug","message":"[RISK-LOOP] checking 2 open position(s)","timestamp":"2026-09-01T00:43:52.958Z"}
{"level":"debug","message":"[RISK-LOOP] checking 2 open position(s)","timestamp":"2026-09-01T00:45:52.959Z"}
{"level":"debug","message":"[RISK-LOOP] checking 2 open position(s)","timestamp":"2026-09-01T00:47:53.139Z"}
{"level":"debug","message":"[RISK-LOOP] checking 2 open position(s)","timestamp":"2026-09-01T00:49:52.961Z"}
{"level":"debug","message":"[RISK-LOOP] checking 2 open position(s)","timestamp":"2026-09-01T00:51:52.965Z"}
{"level":"debug","message":"[RISK-LOOP] checking 2 open position(s)","timestamp":"2026-09-01T00:53:52.966Z"}
{"level":"debug","message":"[RISK-LOOP] checking 2 open position(s)","timestamp":"2026-09-01T00:55:52.968Z"}
{"level":"debug","message":"[RISK-LOOP] checking 2 open position(s)","timestamp":"2026-09-01T00:57:53.149Z"}
{"level":"info","message":"[MTF-CACHE] 15m refresh complete: 37/37 symbols","timestamp":"2026-09-01T00:58:12.067Z"}
{"level":"debug","message":"[RISK-LOOP] checking 2 open position(s)","timestamp":"2026-09-01T00:59:52.970Z"}
{"level":"debug","message":"[RISK-LOOP] checking 2 open position(s)","timestamp":"2026-09-01T01:01:52.971Z"}
{"level":"debug","message":"[RISK-LOOP] checking 2 open position(s)","timestamp":"2026-09-01T01:03:52.970Z"}
{"level":"debug","message":"[RISK-LOOP] checking 2 open position(s)","timestamp":"2026-09-01T01:05:52.971Z"}
{"level":"debug","message":"[RISK-LOOP] checking 2 open position(s)","timestamp":"2026-09-01T01:07:53.199Z"}
{"level":"debug","message":"[RISK-LOOP] checking 2 open position(s)","timestamp":"2026-09-01T01:09:52.976Z"}
{"level":"debug","message":"[RISK-LOOP] checking 2 open position(s)","timestamp":"2026-09-01T01:11:52.974Z"}
{"level":"info","message":"[MTF-CACHE] 15m refresh complete: 37/37 symbols","timestamp":"2026-09-01T01:13:12.014Z"}
{"level":"debug","message":"[RISK-LOOP] checking 2 open position(s)","timestamp":"2026-09-01T01:13:52.975Z"}
{"level":"debug","message":"[RISK-LOOP] checking 2 open position(s)","timestamp":"2026-09-01T01:15:52.975Z"}
{"level":"debug","message":"[RISK-LOOP] checking 2 open position(s)","timestamp":"2026-09-01T01:17:53.154Z"}
{"level":"debug","message":"[RISK-LOOP] checking 2 open position(s)","timestamp":"2026-09-01T01:19:52.978Z"}
{"level":"debug","message":"[RISK-LOOP] checking 2 open position(s)","timestamp":"2026-09-01T01:21:52.978Z"}
{"level":"debug","message":"[RISK-LOOP] checking 2 open position(s)","timestamp":"2026-09-01T01:23:52.979Z"}
{"level":"debug","message":"[RISK-LOOP] checking 2 open position(s)","timestamp":"2026-09-01T01:25:52.982Z"}
{"level":"debug","message":"[RISK-LOOP] checking 2 open position(s)","timestamp":"2026-09-01T01:27:52.979Z"}
{"level":"info","message":"[MTF-CACHE] 15m refresh complete: 37/37 symbols","timestamp":"2026-09-01T01:28:12.176Z"}
{"level":"debug","message":"[RISK-LOOP] checking 2 open position(s)","timestamp":"2026-09-01T01:29:52.987Z"}
{"level":"debug","message":"[RISK-LOOP] checking 2 open position(s)","timestamp":"2026-09-01T01:31:52.980Z"}
{"level":"debug","message":"[RISK-LOOP] checking 2 open position(s)","timestamp":"2026-09-01T01:33:52.983Z"}
{"level":"debug","message":"[RISK-LOOP] checking 2 open position(s)","timestamp":"2026-09-01T01:35:52.985Z"}
{"level":"debug","message":"[RISK-LOOP] checking 2 open position(s)","timestamp":"2026-09-01T01:37:53.039Z"}
{"level":"debug","message":"[RISK-LOOP] checking 2 open position(s)","timestamp":"2026-09-01T01:39:52.992Z"}
{"level":"debug","message":"[RISK-LOOP] checking 2 open position(s)","timestamp":"2026-09-01T01:41:53.164Z"}
{"level":"info","message":"[MTF-CACHE] 15m refresh complete: 37/37 symbols","timestamp":"2026-09-01T01:43:12.210Z"}
{"level":"debug","message":"[RISK-LOOP] checking 2 open position(s)","timestamp":"2026-09-01T01:43:52.988Z"}
{"level":"debug","message":"[RISK-LOOP] checking 2 open position(s)","timestamp":"2026-09-01T01:45:52.984Z"}
{"level":"debug","message":"[RISK-LOOP] checking 2 open position(s)","timestamp":"2026-09-01T01:47:53.181Z"}
{"level":"debug","message":"[RISK-LOOP] checking 2 open position(s)","timestamp":"2026-09-01T01:49:53.078Z"}
{"level":"debug","message":"[RISK-LOOP] checking 2 open position(s)","timestamp":"2026-09-01T01:51:53.158Z"}
{"level":"debug","message":"[RISK-LOOP] checking 2 open position(s)","timestamp":"2026-09-01T01:53:53.166Z"}
{"level":"debug","message":"[RISK-LOOP] checking 2 open position(s)","timestamp":"2026-09-01T01:55:53.167Z"}
{"level":"debug","message":"[RISK-LOOP] checking 2 open position(s)","timestamp":"2026-09-01T01:57:53.250Z"}
{"level":"info","message":"[MTF-CACHE] 15m refresh complete: 37/37 symbols","timestamp":"2026-09-01T01:58:12.146Z"}
{"level":"debug","message":"[RISK-LOOP] checking 2 open position(s)","timestamp":"2026-09-01T01:59:53.166Z"}
{"level":"debug","message":"[RISK-LOOP] checking 2 open position(s)","timestamp":"2026-09-01T02:01:52.988Z"}
{"level":"debug","message":"[RISK-LOOP] checking 2 open position(s)","timestamp":"2026-09-01T02:03:52.991Z"}
{"level":"debug","message":"[RISK-LOOP] checking 2 open position(s)","timestamp":"2026-09-01T02:05:52.994Z"}
{"level":"debug","message":"[RISK-LOOP] checking 2 open position(s)","timestamp":"2026-09-01T02:07:53.175Z"}
{"level":"debug","message":"[RISK-LOOP] checking 2 open position(s)","timestamp":"2026-09-01T02:09:52.998Z"}
{"level":"debug","message":"[RISK-LOOP] checking 2 open position(s)","timestamp":"2026-09-01T02:11:52.997Z"}
{"level":"info","message":"[MTF-CACHE] 15m refresh complete: 37/37 symbols","timestamp":"2026-09-01T02:13:12.000Z"}
{"level":"debug","message":"[RISK-LOOP] checking 2 open position(s)","timestamp":"2026-09-01T02:13:53.002Z"}
{"level":"debug","message":"[RISK-LOOP] checking 2 open position(s)","timestamp":"2026-09-01T02:15:53.006Z"}
{"level":"debug","message":"[RISK-LOOP] checking 2 open position(s)","timestamp":"2026-09-01T02:17:53.185Z"}
{"level":"debug","message":"[RISK-LOOP] checking 2 open position(s)","timestamp":"2026-09-01T02:19:53.009Z"}
{"level":"debug","message":"[RISK-LOOP] checking 2 open position(s)","timestamp":"2026-09-01T02:21:53.011Z"}
{"level":"debug","message":"[RISK-LOOP] checking 2 open position(s)","timestamp":"2026-09-01T02:23:53.012Z"}
{"level":"debug","message":"[RISK-LOOP] checking 2 open position(s)","timestamp":"2026-09-01T02:25:53.009Z"}
{"level":"debug","message":"[RISK-LOOP] checking 2 open position(s)","timestamp":"2026-09-01T02:27:53.191Z"}
{"level":"info","message":"[MTF-CACHE] 15m refresh complete: 37/37 symbols","timestamp":"2026-09-01T02:28:12.205Z"}
{"level":"debug","message":"[RISK-LOOP] checking 2 open position(s)","timestamp":"2026-09-01T02:29:53.014Z"}
{"level":"debug","message":"[RISK-LOOP] checking 2 open position(s)","timestamp":"2026-09-01T02:31:53.021Z"}
{"level":"debug","message":"[RISK-LOOP] checking 2 open position(s)","timestamp":"2026-09-01T02:33:53.023Z"}
{"level":"debug","message":"[RISK-LOOP] checking 2 open position(s)","timestamp":"2026-09-01T02:35:53.025Z"}
{"level":"debug","message":"[RISK-LOOP] checking 2 open position(s)","timestamp":"2026-09-01T02:37:53.207Z"}
{"level":"debug","message":"[RISK-LOOP] checking 2 open position(s)","timestamp":"2026-09-01T02:39:53.032Z"}
{"level":"debug","message":"[RISK-LOOP] checking 2 open position(s)","timestamp":"2026-09-01T02:41:53.034Z"}
{"level":"info","message":"[MTF-CACHE] 15m refresh complete: 37/37 symbols","timestamp":"2026-09-01T02:43:12.085Z"}
{"level":"debug","message":"[RISK-LOOP] checking 2 open position(s)","timestamp":"2026-09-01T02:43:53.036Z"}
{"level":"debug","message":"[RISK-LOOP] checking 2 open position(s)","timestamp":"2026-09-01T02:45:53.040Z"}
{"level":"debug","message":"[RISK-LOOP] checking 2 open position(s)","timestamp":"2026-09-01T02:47:53.220Z"}
{"level":"debug","message":"[RISK-LOOP] checking 2 open position(s)","timestamp":"2026-09-01T02:49:53.050Z"}
{"level":"debug","message":"[RISK-LOOP] checking 2 open position(s)","timestamp":"2026-09-01T02:51:53.046Z"}
{"level":"debug","message":"[RISK-LOOP] checking 2 open position(s)","timestamp":"2026-09-01T02:53:53.049Z"}
{"level":"debug","message":"[RISK-LOOP] checking 2 open position(s)","timestamp":"2026-09-01T02:55:53.050Z"}
{"level":"debug","message":"[RISK-LOOP] checking 2 open position(s)","timestamp":"2026-09-01T02:57:53.229Z"}
{"level":"info","message":"[MTF-CACHE] 15m refresh complete: 37/37 symbols","timestamp":"2026-09-01T02:58:12.677Z"}
{"level":"debug","message":"[RISK-LOOP] checking 2 open position(s)","timestamp":"2026-09-01T02:59:53.053Z"}
{"level":"debug","message":"[RISK-LOOP] checking 2 open position(s)","timestamp":"2026-09-01T03:01:53.058Z"}
{"level":"debug","message":"[RISK-LOOP] checking 2 open position(s)","timestamp":"2026-09-01T03:03:53.059Z"}
{"level":"debug","message":"[RISK-LOOP] checking 2 open position(s)","timestamp":"2026-09-01T03:05:53.065Z"}
{"level":"debug","message":"[RISK-LOOP] checking 2 open position(s)","timestamp":"2026-09-01T03:07:53.244Z"}
{"level":"debug","message":"[RISK-LOOP] checking 2 open position(s)","timestamp":"2026-09-01T03:09:53.071Z"}
{"level":"debug","message":"[RISK-LOOP] checking 2 open position(s)","timestamp":"2026-09-01T03:11:53.072Z"}
{"level":"info","message":"[MTF-CACHE] 15m refresh complete: 37/37 symbols","timestamp":"2026-09-01T03:13:12.090Z"}
{"level":"debug","message":"[RISK-LOOP] checking 2 open position(s)","timestamp":"2026-09-01T03:13:53.072Z"}
{"level":"debug","message":"[RISK-LOOP] checking 2 open position(s)","timestamp":"2026-09-01T03:15:53.078Z"}
{"level":"debug","message":"[RISK-LOOP] checking 2 open position(s)","timestamp":"2026-09-01T03:17:53.258Z"}
{"level":"debug","message":"[RISK-LOOP] checking 2 open position(s)","timestamp":"2026-09-01T03:19:53.086Z"}
{"level":"debug","message":"[RISK-LOOP] checking 2 open position(s)","timestamp":"2026-09-01T03:21:53.084Z"}
{"level":"debug","message":"[RISK-LOOP] checking 2 open position(s)","timestamp":"2026-09-01T03:23:53.086Z"}
{"level":"debug","message":"[RISK-LOOP] checking 2 open position(s)","timestamp":"2026-09-01T03:25:53.090Z"}
{"level":"debug","message":"[RISK-LOOP] checking 2 open position(s)","timestamp":"2026-09-01T03:27:53.268Z"}
{"level":"info","message":"[MTF-CACHE] 15m refresh complete: 37/37 symbols","timestamp":"2026-09-01T03:28:11.990Z"}
{"level":"debug","message":"[RISK-LOOP] checking 2 open position(s)","timestamp":"2026-09-01T03:29:53.093Z"}
{"level":"debug","message":"[RISK-LOOP] checking 2 open position(s)","timestamp":"2026-09-01T03:31:53.092Z"}
{"level":"debug","message":"[RISK-LOOP] checking 2 open position(s)","timestamp":"2026-09-01T03:33:53.091Z"}
{"level":"debug","message":"[RISK-LOOP] checking 2 open position(s)","timestamp":"2026-09-01T03:35:53.094Z"}
{"level":"debug","message":"[RISK-LOOP] checking 2 open position(s)","timestamp":"2026-09-01T03:37:53.276Z"}
{"level":"debug","message":"[RISK-LOOP] checking 2 open position(s)","timestamp":"2026-09-01T03:39:53.100Z"}
{"level":"debug","message":"[RISK-LOOP] checking 2 open position(s)","timestamp":"2026-09-01T03:41:53.101Z"}
{"level":"info","message":"[MTF-CACHE] 15m refresh complete: 37/37 symbols","timestamp":"2026-09-01T03:43:12.008Z"}
{"level":"debug","message":"[RISK-LOOP] checking 2 open position(s)","timestamp":"2026-09-01T03:43:53.103Z"}
{"level":"debug","message":"[RISK-LOOP] checking 2 open position(s)","timestamp":"2026-09-01T03:45:53.105Z"}
{"level":"debug","message":"[RISK-LOOP] checking 2 open position(s)","timestamp":"2026-09-01T03:47:53.286Z"}
{"level":"debug","message":"[RISK-LOOP] checking 2 open position(s)","timestamp":"2026-09-01T03:49:53.109Z"}
{"level":"debug","message":"[RISK-LOOP] checking 2 open position(s)","timestamp":"2026-09-01T03:51:53.109Z"}
{"level":"debug","message":"[RISK-LOOP] checking 2 open position(s)","timestamp":"2026-09-01T03:53:53.114Z"}
{"level":"debug","message":"[RISK-LOOP] checking 2 open position(s)","timestamp":"2026-09-01T03:55:53.110Z"}
{"level":"debug","message":"[RISK-LOOP] checking 2 open position(s)","timestamp":"2026-09-01T03:57:53.292Z"}
{"level":"info","message":"[MTF-CACHE] 15m refresh complete: 37/37 symbols","timestamp":"2026-09-01T03:58:12.010Z"}
{"level":"debug","message":"[RISK-LOOP] checking 2 open position(s)","timestamp":"2026-09-01T03:59:53.115Z"}
{"level":"debug","message":"[RISK-LOOP] checking 2 open position(s)","timestamp":"2026-09-01T04:01:53.118Z"}
{"level":"debug","message":"[RISK-LOOP] checking 2 open position(s)","timestamp":"2026-09-01T04:03:53.116Z"}
{"level":"debug","message":"[RISK-LOOP] checking 2 open position(s)","timestamp":"2026-09-01T04:05:53.117Z"}
{"level":"debug","message":"[RISK-LOOP] checking 2 open position(s)","timestamp":"2026-09-01T04:07:53.296Z"}
{"level":"debug","message":"[RISK-LOOP] checking 2 open position(s)","timestamp":"2026-09-01T04:09:53.119Z"}
{"level":"debug","message":"[RISK-LOOP] checking 2 open position(s)","timestamp":"2026-09-01T04:11:53.125Z"}
{"level":"info","message":"[MTF-CACHE] 15m refresh complete: 37/37 symbols","timestamp":"2026-09-01T04:13:12.297Z"}
{"level":"debug","message":"[RISK-LOOP] checking 2 open position(s)","timestamp":"2026-09-01T04:13:53.124Z"}
{"level":"debug","message":"[RISK-LOOP] checking 2 open position(s)","timestamp":"2026-09-01T04:15:53.124Z"}
{"level":"debug","message":"[RISK-LOOP] checking 2 open position(s)","timestamp":"2026-09-01T04:17:53.309Z"}
{"level":"debug","message":"[RISK-LOOP] checking 2 open position(s)","timestamp":"2026-09-01T04:19:53.128Z"}
{"level":"debug","message":"[RISK-LOOP] checking 2 open position(s)","timestamp":"2026-09-01T04:21:53.131Z"}
{"level":"debug","message":"[RISK-LOOP] checking 2 open position(s)","timestamp":"2026-09-01T04:23:53.131Z"}
{"level":"debug","message":"[RISK-LOOP] checking 2 open position(s)","timestamp":"2026-09-01T04:25:53.131Z"}
{"level":"debug","message":"[RISK-LOOP] checking 2 open position(s)","timestamp":"2026-09-01T04:27:53.318Z"}
{"level":"info","message":"[MTF-CACHE] 4h refresh complete: 37/37 symbols","timestamp":"2026-09-01T04:28:09.220Z"}
{"level":"info","message":"[MTF-CACHE] 15m refresh complete: 37/37 symbols","timestamp":"2026-09-01T04:28:12.056Z"}
{"level":"debug","message":"[RISK-LOOP] checking 2 open position(s)","timestamp":"2026-09-01T04:29:53.135Z"}
{"level":"debug","message":"[RISK-LOOP] checking 2 open position(s)","timestamp":"2026-09-01T04:31:53.134Z"}
{"level":"debug","message":"[RISK-LOOP] checking 2 open position(s)","timestamp":"2026-09-01T04:33:53.136Z"}
{"level":"debug","message":"[RISK-LOOP] checking 2 open position(s)","timestamp":"2026-09-01T04:35:53.135Z"}
{"level":"debug","message":"[RISK-LOOP] checking 2 open position(s)","timestamp":"2026-09-01T04:37:53.138Z"}
{"level":"debug","message":"[RISK-LOOP] checking 2 open position(s)","timestamp":"2026-09-01T04:39:53.141Z"}
{"level":"debug","message":"[RISK-LOOP] checking 2 open position(s)","timestamp":"2026-09-01T04:41:53.142Z"}
{"level":"info","message":"[MTF-CACHE] 15m refresh complete: 37/37 symbols","timestamp":"2026-09-01T04:43:12.335Z"}
{"level":"debug","message":"[RISK-LOOP] checking 2 open position(s)","timestamp":"2026-09-01T04:43:53.141Z"}
{"level":"debug","message":"[RISK-LOOP] checking 2 open position(s)","timestamp":"2026-09-01T04:45:53.142Z"}
{"level":"debug","message":"[RISK-LOOP] checking 2 open position(s)","timestamp":"2026-09-01T04:47:53.143Z"}
{"level":"debug","message":"[RISK-LOOP] checking 2 open position(s)","timestamp":"2026-09-01T04:49:53.137Z"}
{"level":"debug","message":"[RISK-LOOP] checking 2 open position(s)","timestamp":"2026-09-01T04:51:53.143Z"}
{"level":"debug","message":"[RISK-LOOP] checking 2 open position(s)","timestamp":"2026-09-01T04:53:53.142Z"}
{"level":"debug","message":"[RISK-LOOP] checking 2 open position(s)","timestamp":"2026-09-01T04:55:53.143Z"}
{"level":"debug","message":"[RISK-LOOP] checking 2 open position(s)","timestamp":"2026-09-01T04:57:53.141Z"}
{"level":"info","message":"[MTF-CACHE] 15m refresh complete: 37/37 symbols","timestamp":"2026-09-01T04:58:12.097Z"}
{"level":"debug","message":"[RISK-LOOP] checking 2 open position(s)","timestamp":"2026-09-01T04:59:53.143Z"}
{"level":"debug","message":"[RISK-LOOP] checking 2 open position(s)","timestamp":"2026-09-01T05:01:53.147Z"}
{"level":"debug","message":"[RISK-LOOP] checking 2 open position(s)","timestamp":"2026-09-01T05:03:53.150Z"}
{"level":"debug","message":"[RISK-LOOP] checking 2 open position(s)","timestamp":"2026-09-01T05:05:53.195Z"}
{"level":"debug","message":"[RISK-LOOP] checking 2 open position(s)","timestamp":"2026-09-01T05:07:53.174Z"}
{"level":"debug","message":"[RISK-LOOP] checking 2 open position(s)","timestamp":"2026-09-01T05:09:53.147Z"}
{"level":"debug","message":"[RISK-LOOP] checking 2 open position(s)","timestamp":"2026-09-01T05:11:53.147Z"}
{"level":"info","message":"[MTF-CACHE] 15m refresh complete: 37/37 symbols","timestamp":"2026-09-01T05:13:12.030Z"}
{"level":"debug","message":"[RISK-LOOP] checking 2 open position(s)","timestamp":"2026-09-01T05:13:53.182Z"}
{"level":"debug","message":"[RISK-LOOP] checking 2 open position(s)","timestamp":"2026-09-01T05:15:53.253Z"}
{"level":"debug","message":"[RISK-LOOP] checking 2 open position(s)","timestamp":"2026-09-01T05:17:53.328Z"}
{"level":"debug","message":"[RISK-LOOP] checking 2 open position(s)","timestamp":"2026-09-01T05:19:53.332Z"}
{"level":"debug","message":"[RISK-LOOP] checking 2 open position(s)","timestamp":"2026-09-01T05:21:53.330Z"}
{"level":"debug","message":"[RISK-LOOP] checking 2 open position(s)","timestamp":"2026-09-01T05:23:53.330Z"}
{"level":"debug","message":"[RISK-LOOP] checking 2 open position(s)","timestamp":"2026-09-01T05:25:53.329Z"}
{"level":"debug","message":"[RISK-LOOP] checking 2 open position(s)","timestamp":"2026-09-01T05:27:53.525Z"}
{"level":"info","message":"[MTF-CACHE] 15m refresh complete: 37/37 symbols","timestamp":"2026-09-01T05:28:12.326Z"}
{"level":"debug","message":"[RISK-LOOP] checking 2 open position(s)","timestamp":"2026-09-01T05:29:53.150Z"}
{"level":"debug","message":"[RISK-LOOP] checking 2 open position(s)","timestamp":"2026-09-01T05:31:53.148Z"}
{"level":"debug","message":"[RISK-LOOP] checking 2 open position(s)","timestamp":"2026-09-01T05:33:53.149Z"}
{"level":"debug","message":"[RISK-LOOP] checking 2 open position(s)","timestamp":"2026-09-01T05:35:53.151Z"}
{"level":"debug","message":"[RISK-LOOP] checking 2 open position(s)","timestamp":"2026-09-01T05:37:53.333Z"}
{"level":"debug","message":"[RISK-LOOP] checking 2 open position(s)","timestamp":"2026-09-01T05:39:53.154Z"}
{"level":"debug","message":"[RISK-LOOP] checking 2 open position(s)","timestamp":"2026-09-01T05:41:53.152Z"}
{"level":"info","message":"[MTF-CACHE] 15m refresh complete: 37/37 symbols","timestamp":"2026-09-01T05:43:12.056Z"}
{"level":"debug","message":"[RISK-LOOP] checking 2 open position(s)","timestamp":"2026-09-01T05:43:53.153Z"}
{"level":"debug","message":"[RISK-LOOP] checking 2 open position(s)","timestamp":"2026-09-01T05:45:53.152Z"}
{"level":"debug","message":"[RISK-LOOP] checking 2 open position(s)","timestamp":"2026-09-01T05:47:53.335Z"}
{"level":"debug","message":"[RISK-LOOP] checking 2 open position(s)","timestamp":"2026-09-01T05:49:53.156Z"}
{"level":"debug","message":"[RISK-LOOP] checking 2 open position(s)","timestamp":"2026-09-01T05:51:53.154Z"}
{"level":"debug","message":"[RISK-LOOP] checking 2 open position(s)","timestamp":"2026-09-01T05:53:53.157Z"}
{"level":"debug","message":"[RISK-LOOP] checking 2 open position(s)","timestamp":"2026-09-01T05:55:53.154Z"}
{"level":"debug","message":"[RISK-LOOP] checking 2 open position(s)","timestamp":"2026-09-01T05:57:53.334Z"}
{"level":"info","message":"[MTF-CACHE] 15m refresh complete: 37/37 symbols","timestamp":"2026-09-01T05:58:12.030Z"}
{"level":"debug","message":"[RISK-LOOP] checking 2 open position(s)","timestamp":"2026-09-01T05:59:53.156Z"}
{"level":"debug","message":"[RISK-LOOP] checking 2 open position(s)","timestamp":"2026-09-01T06:01:53.157Z"}
{"level":"debug","message":"[RISK-LOOP] checking 2 open position(s)","timestamp":"2026-09-01T06:03:53.158Z"}
{"level":"debug","message":"[RISK-LOOP] checking 2 open position(s)","timestamp":"2026-09-01T06:05:53.156Z"}
{"level":"debug","message":"[RISK-LOOP] checking 2 open position(s)","timestamp":"2026-09-01T06:07:53.339Z"}
{"level":"debug","message":"[RISK-LOOP] checking 2 open position(s)","timestamp":"2026-09-01T06:09:53.165Z"}
{"level":"debug","message":"[RISK-LOOP] checking 2 open position(s)","timestamp":"2026-09-01T06:11:53.170Z"}
{"level":"info","message":"[MTF-CACHE] 15m refresh complete: 37/37 symbols","timestamp":"2026-09-01T06:13:13.658Z"}
{"level":"debug","message":"[RISK-LOOP] checking 2 open position(s)","timestamp":"2026-09-01T06:13:53.167Z"}
{"level":"debug","message":"[RISK-LOOP] checking 2 open position(s)","timestamp":"2026-09-01T06:15:53.167Z"}
{"level":"debug","message":"[RISK-LOOP] checking 2 open position(s)","timestamp":"2026-09-01T06:17:53.348Z"}
{"level":"debug","message":"[RISK-LOOP] checking 2 open position(s)","timestamp":"2026-09-01T06:19:53.171Z"}
{"level":"debug","message":"[RISK-LOOP] checking 2 open position(s)","timestamp":"2026-09-01T06:21:53.174Z"}
{"level":"debug","message":"[RISK-LOOP] checking 2 open position(s)","timestamp":"2026-09-01T06:23:53.177Z"}
{"level":"debug","message":"[RISK-LOOP] checking 2 open position(s)","timestamp":"2026-09-01T06:25:53.320Z"}
{"level":"debug","message":"[RISK-LOOP] checking 2 open position(s)","timestamp":"2026-09-01T06:27:53.355Z"}
{"level":"info","message":"[MTF-CACHE] 15m refresh complete: 37/37 symbols","timestamp":"2026-09-01T06:28:12.319Z"}
{"level":"debug","message":"[RISK-LOOP] checking 2 open position(s)","timestamp":"2026-09-01T06:29:53.177Z"}
{"level":"debug","message":"[RISK-LOOP] checking 2 open position(s)","timestamp":"2026-09-01T06:31:53.181Z"}
{"level":"debug","message":"[RISK-LOOP] checking 2 open position(s)","timestamp":"2026-09-01T06:33:53.186Z"}
{"level":"debug","message":"[RISK-LOOP] checking 2 open position(s)","timestamp":"2026-09-01T06:35:53.189Z"}
{"level":"debug","message":"[RISK-LOOP] checking 2 open position(s)","timestamp":"2026-09-01T06:37:53.364Z"}
{"level":"debug","message":"[RISK-LOOP] checking 2 open position(s)","timestamp":"2026-09-01T06:39:53.189Z"}
{"level":"debug","message":"[RISK-LOOP] checking 2 open position(s)","timestamp":"2026-09-01T06:41:53.192Z"}
{"level":"info","message":"[MTF-CACHE] 15m refresh complete: 37/37 symbols","timestamp":"2026-09-01T06:43:12.047Z"}
{"level":"debug","message":"[RISK-LOOP] checking 2 open position(s)","timestamp":"2026-09-01T06:43:53.197Z"}
{"level":"debug","message":"[RISK-LOOP] checking 2 open position(s)","timestamp":"2026-09-01T06:45:53.200Z"}
{"level":"debug","message":"[RISK-LOOP] checking 2 open position(s)","timestamp":"2026-09-01T06:47:53.378Z"}
{"level":"debug","message":"[RISK-LOOP] checking 2 open position(s)","timestamp":"2026-09-01T06:49:53.203Z"}
{"level":"debug","message":"[RISK-LOOP] checking 2 open position(s)","timestamp":"2026-09-01T06:51:53.207Z"}
{"level":"debug","message":"[RISK-LOOP] checking 2 open position(s)","timestamp":"2026-09-01T06:53:53.209Z"}
{"level":"debug","message":"[RISK-LOOP] checking 2 open position(s)","timestamp":"2026-09-01T06:55:53.210Z"}
{"level":"debug","message":"[RISK-LOOP] checking 2 open position(s)","timestamp":"2026-09-01T06:57:53.388Z"}
{"level":"info","message":"[MTF-CACHE] 15m refresh complete: 37/37 symbols","timestamp":"2026-09-01T06:58:12.066Z"}
{"level":"debug","message":"[RISK-LOOP] checking 2 open position(s)","timestamp":"2026-09-01T06:59:53.214Z"}
{"level":"debug","message":"[RISK-LOOP] checking 2 open position(s)","timestamp":"2026-09-01T07:01:53.217Z"}
{"level":"debug","message":"[RISK-LOOP] checking 2 open position(s)","timestamp":"2026-09-01T07:03:53.218Z"}
{"level":"debug","message":"[RISK-LOOP] checking 2 open position(s)","timestamp":"2026-09-01T07:05:53.222Z"}
{"level":"debug","message":"[RISK-LOOP] checking 2 open position(s)","timestamp":"2026-09-01T07:07:53.401Z"}
{"level":"debug","message":"[RISK-LOOP] checking 2 open position(s)","timestamp":"2026-09-01T07:09:53.222Z"}
{"level":"debug","message":"[RISK-LOOP] checking 2 open position(s)","timestamp":"2026-09-01T07:11:53.226Z"}
{"level":"info","message":"[MTF-CACHE] 15m refresh complete: 37/37 symbols","timestamp":"2026-09-01T07:13:12.086Z"}
{"level":"debug","message":"[RISK-LOOP] checking 2 open position(s)","timestamp":"2026-09-01T07:13:53.230Z"}
{"level":"debug","message":"[RISK-LOOP] checking 2 open position(s)","timestamp":"2026-09-01T07:15:53.230Z"}
{"level":"debug","message":"[RISK-LOOP] checking 2 open position(s)","timestamp":"2026-09-01T07:17:53.410Z"}
{"level":"debug","message":"[RISK-LOOP] checking 2 open position(s)","timestamp":"2026-09-01T07:19:53.234Z"}
{"level":"debug","message":"[RISK-LOOP] checking 2 open position(s)","timestamp":"2026-09-01T07:21:53.233Z"}
{"level":"debug","message":"[RISK-LOOP] checking 2 open position(s)","timestamp":"2026-09-01T07:23:53.234Z"}
{"level":"debug","message":"[RISK-LOOP] checking 2 open position(s)","timestamp":"2026-09-01T07:25:53.238Z"}
{"level":"debug","message":"[RISK-LOOP] checking 2 open position(s)","timestamp":"2026-09-01T07:27:53.430Z"}
{"level":"info","message":"[MTF-CACHE] 15m refresh complete: 37/37 symbols","timestamp":"2026-09-01T07:28:12.450Z"}
{"level":"debug","message":"[RISK-LOOP] checking 2 open position(s)","timestamp":"2026-09-01T07:29:53.245Z"}
{"level":"debug","message":"[RISK-LOOP] checking 2 open position(s)","timestamp":"2026-09-01T07:31:53.247Z"}
{"level":"debug","message":"[RISK-LOOP] checking 2 open position(s)","timestamp":"2026-09-01T07:33:53.241Z"}
{"level":"debug","message":"[RISK-LOOP] checking 2 open position(s)","timestamp":"2026-09-01T07:35:53.246Z"}
{"level":"debug","message":"[RISK-LOOP] checking 2 open position(s)","timestamp":"2026-09-01T07:37:53.426Z"}
{"level":"debug","message":"[RISK-LOOP] checking 2 open position(s)","timestamp":"2026-09-01T07:39:53.244Z"}
{"level":"debug","message":"[RISK-LOOP] checking 2 open position(s)","timestamp":"2026-09-01T07:41:53.249Z"}
{"level":"info","message":"[MTF-CACHE] 15m refresh complete: 37/37 symbols","timestamp":"2026-09-01T07:43:12.220Z"}
{"level":"debug","message":"[RISK-LOOP] checking 2 open position(s)","timestamp":"2026-09-01T07:43:53.245Z"}
{"level":"debug","message":"[RISK-LOOP] checking 2 open position(s)","timestamp":"2026-09-01T07:45:53.251Z"}
{"level":"debug","message":"[RISK-LOOP] checking 2 open position(s)","timestamp":"2026-09-01T07:47:53.426Z"}
{"level":"debug","message":"[RISK-LOOP] checking 2 open position(s)","timestamp":"2026-09-01T07:49:53.257Z"}
{"level":"debug","message":"[RISK-LOOP] checking 2 open position(s)","timestamp":"2026-09-01T07:51:53.254Z"}
{"level":"debug","message":"[RISK-LOOP] checking 2 open position(s)","timestamp":"2026-09-01T07:53:53.255Z"}
{"level":"debug","message":"[RISK-LOOP] checking 2 open position(s)","timestamp":"2026-09-01T07:55:53.255Z"}
{"level":"debug","message":"[RISK-LOOP] checking 2 open position(s)","timestamp":"2026-09-01T07:57:53.255Z"}
{"level":"info","message":"[MTF-CACHE] 15m refresh complete: 37/37 symbols","timestamp":"2026-09-01T07:58:12.155Z"}
{"level":"debug","message":"[RISK-LOOP] checking 2 open position(s)","timestamp":"2026-09-01T07:59:53.260Z"}
{"level":"debug","message":"[RISK-LOOP] checking 2 open position(s)","timestamp":"2026-09-01T08:01:53.263Z"}
{"level":"debug","message":"[RISK-LOOP] checking 2 open position(s)","timestamp":"2026-09-01T08:03:53.262Z"}
{"level":"debug","message":"[RISK-LOOP] checking 2 open position(s)","timestamp":"2026-09-01T08:05:53.262Z"}
{"level":"debug","message":"[RISK-LOOP] checking 2 open position(s)","timestamp":"2026-09-01T08:07:53.264Z"}
{"level":"debug","message":"[RISK-LOOP] checking 2 open position(s)","timestamp":"2026-09-01T08:09:53.265Z"}
{"level":"debug","message":"[RISK-LOOP] checking 2 open position(s)","timestamp":"2026-09-01T08:11:53.266Z"}
{"level":"info","message":"[MTF-CACHE] 15m refresh complete: 37/37 symbols","timestamp":"2026-09-01T08:13:12.365Z"}
{"level":"debug","message":"[RISK-LOOP] checking 2 open position(s)","timestamp":"2026-09-01T08:13:53.265Z"}
{"level":"debug","message":"[RISK-LOOP] checking 2 open position(s)","timestamp":"2026-09-01T08:15:53.267Z"}
{"level":"debug","message":"[RISK-LOOP] checking 2 open position(s)","timestamp":"2026-09-01T08:17:53.262Z"}
{"level":"debug","message":"[RISK-LOOP] checking 2 open position(s)","timestamp":"2026-09-01T08:19:53.266Z"}
{"level":"debug","message":"[RISK-LOOP] checking 2 open position(s)","timestamp":"2026-09-01T08:21:53.265Z"}
{"level":"debug","message":"[RISK-LOOP] checking 2 open position(s)","timestamp":"2026-09-01T08:23:53.264Z"}
{"level":"debug","message":"[RISK-LOOP] checking 2 open position(s)","timestamp":"2026-09-01T08:25:53.268Z"}
{"level":"debug","message":"[RISK-LOOP] checking 2 open position(s)","timestamp":"2026-09-01T08:27:53.266Z"}
{"level":"info","message":"[MTF-CACHE] 4h refresh complete: 37/37 symbols","timestamp":"2026-09-01T08:28:09.242Z"}
{"level":"info","message":"[MTF-CACHE] 15m refresh complete: 37/37 symbols","timestamp":"2026-09-01T08:28:12.794Z"}
{"level":"debug","message":"[RISK-LOOP] checking 2 open position(s)","timestamp":"2026-09-01T08:29:53.263Z"}
{"level":"debug","message":"[RISK-LOOP] checking 2 open position(s)","timestamp":"2026-09-01T08:31:53.269Z"}
{"level":"debug","message":"[RISK-LOOP] checking 2 open position(s)","timestamp":"2026-09-01T08:33:53.269Z"}
{"level":"debug","message":"[RISK-LOOP] checking 2 open position(s)","timestamp":"2026-09-01T08:35:53.272Z"}
{"level":"debug","message":"[RISK-LOOP] checking 2 open position(s)","timestamp":"2026-09-01T08:37:53.322Z"}
{"level":"debug","message":"[RISK-LOOP] checking 2 open position(s)","timestamp":"2026-09-01T08:39:53.267Z"}
{"level":"debug","message":"[RISK-LOOP] checking 2 open position(s)","timestamp":"2026-09-01T08:41:53.270Z"}
{"level":"info","message":"[MTF-CACHE] 15m refresh complete: 37/37 symbols","timestamp":"2026-09-01T08:43:12.023Z"}
{"level":"debug","message":"[RISK-LOOP] checking 2 open position(s)","timestamp":"2026-09-01T08:43:53.271Z"}
{"level":"debug","message":"[RISK-LOOP] checking 2 open position(s)","timestamp":"2026-09-01T08:45:53.272Z"}
{"level":"debug","message":"[RISK-LOOP] checking 2 open position(s)","timestamp":"2026-09-01T08:47:53.452Z"}
{"level":"debug","message":"[RISK-LOOP] checking 2 open position(s)","timestamp":"2026-09-01T08:49:53.326Z"}
{"level":"debug","message":"[RISK-LOOP] checking 2 open position(s)","timestamp":"2026-09-01T08:51:53.389Z"}
{"level":"debug","message":"[RISK-LOOP] checking 2 open position(s)","timestamp":"2026-09-01T08:53:53.450Z"}
{"level":"debug","message":"[RISK-LOOP] checking 2 open position(s)","timestamp":"2026-09-01T08:55:53.451Z"}
{"level":"debug","message":"[RISK-LOOP] checking 2 open position(s)","timestamp":"2026-09-01T08:57:53.453Z"}
{"level":"info","message":"[MTF-CACHE] 15m refresh complete: 37/37 symbols","timestamp":"2026-09-01T08:58:12.044Z"}
{"level":"debug","message":"[RISK-LOOP] checking 2 open position(s)","timestamp":"2026-09-01T08:59:53.451Z"}
{"level":"debug","message":"[RISK-LOOP] checking 2 open position(s)","timestamp":"2026-09-01T09:01:53.452Z"}
{"level":"debug","message":"[RISK-LOOP] checking 2 open position(s)","timestamp":"2026-09-01T09:03:53.453Z"}
{"level":"debug","message":"[RISK-LOOP] checking 2 open position(s)","timestamp":"2026-09-01T09:05:53.272Z"}
{"level":"debug","message":"[RISK-LOOP] checking 2 open position(s)","timestamp":"2026-09-01T09:07:53.452Z"}
{"level":"debug","message":"[RISK-LOOP] checking 2 open position(s)","timestamp":"2026-09-01T09:09:53.277Z"}
{"level":"debug","message":"[RISK-LOOP] checking 2 open position(s)","timestamp":"2026-09-01T09:11:53.279Z"}
{"level":"info","message":"[MTF-CACHE] 15m refresh complete: 37/37 symbols","timestamp":"2026-09-01T09:13:12.059Z"}
{"level":"debug","message":"[RISK-LOOP] checking 2 open position(s)","timestamp":"2026-09-01T09:13:53.285Z"}
{"level":"debug","message":"[RISK-LOOP] checking 2 open position(s)","timestamp":"2026-09-01T09:15:53.281Z"}
{"level":"debug","message":"[RISK-LOOP] checking 2 open position(s)","timestamp":"2026-09-01T09:17:53.464Z"}
{"level":"debug","message":"[RISK-LOOP] checking 2 open position(s)","timestamp":"2026-09-01T09:19:53.282Z"}
{"level":"debug","message":"[RISK-LOOP] checking 2 open position(s)","timestamp":"2026-09-01T09:21:53.286Z"}
{"level":"debug","message":"[RISK-LOOP] checking 2 open position(s)","timestamp":"2026-09-01T09:23:53.290Z"}
{"level":"debug","message":"[RISK-LOOP] checking 2 open position(s)","timestamp":"2026-09-01T09:25:53.288Z"}
{"level":"debug","message":"[RISK-LOOP] checking 2 open position(s)","timestamp":"2026-09-01T09:27:53.468Z"}
{"level":"info","message":"[MTF-CACHE] 15m refresh complete: 37/37 symbols","timestamp":"2026-09-01T09:28:12.538Z"}
{"level":"debug","message":"[RISK-LOOP] checking 2 open position(s)","timestamp":"2026-09-01T09:29:53.289Z"}
{"level":"debug","message":"[RISK-LOOP] checking 2 open position(s)","timestamp":"2026-09-01T09:31:53.292Z"}
{"level":"debug","message":"[RISK-LOOP] checking 2 open position(s)","timestamp":"2026-09-01T09:33:53.299Z"}
{"level":"debug","message":"[RISK-LOOP] checking 2 open position(s)","timestamp":"2026-09-01T09:35:53.303Z"}
{"level":"debug","message":"[RISK-LOOP] checking 2 open position(s)","timestamp":"2026-09-01T09:37:53.485Z"}
{"level":"debug","message":"[RISK-LOOP] checking 2 open position(s)","timestamp":"2026-09-01T09:39:53.310Z"}
{"level":"debug","message":"[RISK-LOOP] checking 2 open position(s)","timestamp":"2026-09-01T09:41:53.309Z"}
{"level":"info","message":"[MTF-CACHE] 15m refresh complete: 37/37 symbols","timestamp":"2026-09-01T09:43:12.506Z"}
{"level":"debug","message":"[RISK-LOOP] checking 2 open position(s)","timestamp":"2026-09-01T09:43:53.772Z"}
{"level":"debug","message":"[RISK-LOOP] checking 2 open position(s)","timestamp":"2026-09-01T09:45:53.317Z"}
{"level":"debug","message":"[RISK-LOOP] checking 2 open position(s)","timestamp":"2026-09-01T09:47:53.498Z"}
{"level":"debug","message":"[RISK-LOOP] checking 2 open position(s)","timestamp":"2026-09-01T09:49:53.320Z"}
{"level":"debug","message":"[RISK-LOOP] checking 2 open position(s)","timestamp":"2026-09-01T09:51:53.324Z"}
{"level":"debug","message":"[RISK-LOOP] checking 2 open position(s)","timestamp":"2026-09-01T09:53:53.328Z"}
{"level":"debug","message":"[RISK-LOOP] checking 2 open position(s)","timestamp":"2026-09-01T09:55:53.326Z"}
{"level":"debug","message":"[RISK-LOOP] checking 2 open position(s)","timestamp":"2026-09-01T09:57:53.508Z"}
{"level":"info","message":"[MTF-CACHE] 15m refresh complete: 37/37 symbols","timestamp":"2026-09-01T09:58:12.167Z"}
{"level":"debug","message":"[RISK-LOOP] checking 2 open position(s)","timestamp":"2026-09-01T09:59:53.331Z"}
{"level":"debug","message":"[RISK-LOOP] checking 2 open position(s)","timestamp":"2026-09-01T10:01:53.336Z"}
{"level":"debug","message":"[RISK-LOOP] checking 2 open position(s)","timestamp":"2026-09-01T10:03:53.340Z"}
{"level":"debug","message":"[RISK-LOOP] checking 2 open position(s)","timestamp":"2026-09-01T10:05:53.340Z"}
{"level":"debug","message":"[RISK-LOOP] checking 2 open position(s)","timestamp":"2026-09-01T10:07:53.522Z"}
{"level":"debug","message":"[RISK-LOOP] checking 2 open position(s)","timestamp":"2026-09-01T10:09:53.433Z"}
{"level":"debug","message":"[RISK-LOOP] checking 2 open position(s)","timestamp":"2026-09-01T10:11:53.349Z"}
{"level":"info","message":"[MTF-CACHE] 15m refresh complete: 37/37 symbols","timestamp":"2026-09-01T10:13:14.107Z"}
{"level":"debug","message":"[RISK-LOOP] checking 2 open position(s)","timestamp":"2026-09-01T10:13:53.350Z"}
{"level":"debug","message":"[RISK-LOOP] checking 2 open position(s)","timestamp":"2026-09-01T10:15:53.350Z"}
{"level":"debug","message":"[RISK-LOOP] checking 2 open position(s)","timestamp":"2026-09-01T10:17:53.535Z"}
{"level":"debug","message":"[RISK-LOOP] checking 2 open position(s)","timestamp":"2026-09-01T10:19:53.358Z"}
{"level":"debug","message":"[RISK-LOOP] checking 2 open position(s)","timestamp":"2026-09-01T10:21:53.359Z"}
{"level":"debug","message":"[RISK-LOOP] checking 2 open position(s)","timestamp":"2026-09-01T10:23:53.362Z"}
{"level":"debug","message":"[RISK-LOOP] checking 2 open position(s)","timestamp":"2026-09-01T10:25:53.359Z"}
{"level":"debug","message":"[RISK-LOOP] checking 2 open position(s)","timestamp":"2026-09-01T10:27:53.540Z"}
{"level":"info","message":"[MTF-CACHE] 15m refresh complete: 37/37 symbols","timestamp":"2026-09-01T10:28:12.054Z"}
{"level":"debug","message":"[RISK-LOOP] checking 2 open position(s)","timestamp":"2026-09-01T10:29:53.362Z"}
{"level":"debug","message":"[RISK-LOOP] checking 2 open position(s)","timestamp":"2026-09-01T10:31:53.365Z"}
{"level":"debug","message":"[RISK-LOOP] checking 2 open position(s)","timestamp":"2026-09-01T10:33:53.367Z"}
{"level":"debug","message":"[RISK-LOOP] checking 2 open position(s)","timestamp":"2026-09-01T10:35:53.370Z"}
{"level":"debug","message":"[RISK-LOOP] checking 2 open position(s)","timestamp":"2026-09-01T10:37:53.550Z"}
{"level":"debug","message":"[RISK-LOOP] checking 2 open position(s)","timestamp":"2026-09-01T10:39:53.375Z"}
{"level":"debug","message":"[RISK-LOOP] checking 2 open position(s)","timestamp":"2026-09-01T10:41:53.374Z"}
{"level":"info","message":"[MTF-CACHE] 15m refresh complete: 37/37 symbols","timestamp":"2026-09-01T10:43:12.061Z"}
{"level":"debug","message":"[RISK-LOOP] checking 2 open position(s)","timestamp":"2026-09-01T10:43:53.373Z"}
{"level":"debug","message":"[RISK-LOOP] checking 2 open position(s)","timestamp":"2026-09-01T10:45:53.372Z"}
{"level":"debug","message":"[RISK-LOOP] checking 2 open position(s)","timestamp":"2026-09-01T10:47:53.553Z"}
{"level":"debug","message":"[RISK-LOOP] checking 2 open position(s)","timestamp":"2026-09-01T10:49:53.377Z"}
{"level":"debug","message":"[RISK-LOOP] checking 2 open position(s)","timestamp":"2026-09-01T10:51:53.379Z"}
{"level":"debug","message":"[RISK-LOOP] checking 2 open position(s)","timestamp":"2026-09-01T10:53:53.447Z"}
{"level":"debug","message":"[RISK-LOOP] checking 2 open position(s)","timestamp":"2026-09-01T10:55:53.384Z"}
{"level":"debug","message":"[RISK-LOOP] checking 2 open position(s)","timestamp":"2026-09-01T10:57:53.561Z"}
{"level":"info","message":"[MTF-CACHE] 15m refresh complete: 37/37 symbols","timestamp":"2026-09-01T10:58:12.122Z"}
{"level":"debug","message":"[RISK-LOOP] checking 2 open position(s)","timestamp":"2026-09-01T10:59:53.519Z"}
{"level":"debug","message":"[RISK-LOOP] checking 2 open position(s)","timestamp":"2026-09-01T11:01:53.385Z"}
{"level":"debug","message":"[RISK-LOOP] checking 2 open position(s)","timestamp":"2026-09-01T11:03:53.385Z"}
{"level":"debug","message":"[RISK-LOOP] checking 2 open position(s)","timestamp":"2026-09-01T11:05:53.843Z"}
{"level":"debug","message":"[RISK-LOOP] checking 2 open position(s)","timestamp":"2026-09-01T11:07:53.563Z"}
{"level":"debug","message":"[RISK-LOOP] checking 2 open position(s)","timestamp":"2026-09-01T11:09:53.389Z"}
{"level":"debug","message":"[RISK-LOOP] checking 2 open position(s)","timestamp":"2026-09-01T11:11:53.390Z"}
{"level":"info","message":"[MTF-CACHE] 15m refresh complete: 37/37 symbols","timestamp":"2026-09-01T11:13:12.243Z"}
{"level":"debug","message":"[RISK-LOOP] checking 2 open position(s)","timestamp":"2026-09-01T11:13:53.392Z"}
{"level":"debug","message":"[RISK-LOOP] checking 2 open position(s)","timestamp":"2026-09-01T11:15:53.389Z"}
{"level":"debug","message":"[RISK-LOOP] checking 2 open position(s)","timestamp":"2026-09-01T11:17:53.392Z"}
{"level":"debug","message":"[RISK-LOOP] checking 2 open position(s)","timestamp":"2026-09-01T11:19:53.393Z"}
{"level":"debug","message":"[RISK-LOOP] checking 2 open position(s)","timestamp":"2026-09-01T11:21:53.397Z"}
{"level":"debug","message":"[RISK-LOOP] checking 2 open position(s)","timestamp":"2026-09-01T11:23:53.396Z"}
{"level":"debug","message":"[RISK-LOOP] checking 2 open position(s)","timestamp":"2026-09-01T11:25:53.395Z"}
{"level":"debug","message":"[RISK-LOOP] checking 2 open position(s)","timestamp":"2026-09-01T11:27:53.396Z"}
{"level":"info","message":"[MTF-CACHE] 15m refresh complete: 37/37 symbols","timestamp":"2026-09-01T11:28:12.734Z"}
{"level":"debug","message":"[RISK-LOOP] checking 2 open position(s)","timestamp":"2026-09-01T11:29:53.396Z"}
{"level":"debug","message":"[RISK-LOOP] checking 2 open position(s)","timestamp":"2026-09-01T11:31:53.398Z"}
{"level":"debug","message":"[RISK-LOOP] checking 2 open position(s)","timestamp":"2026-09-01T11:33:53.443Z"}
{"level":"debug","message":"[RISK-LOOP] checking 2 open position(s)","timestamp":"2026-09-01T11:35:53.399Z"}
{"level":"debug","message":"[RISK-LOOP] checking 2 open position(s)","timestamp":"2026-09-01T11:37:53.530Z"}
{"level":"debug","message":"[RISK-LOOP] checking 2 open position(s)","timestamp":"2026-09-01T11:39:53.409Z"}
{"level":"debug","message":"[RISK-LOOP] checking 2 open position(s)","timestamp":"2026-09-01T11:41:53.468Z"}
{"level":"info","message":"[MTF-CACHE] 15m refresh complete: 37/37 symbols","timestamp":"2026-09-01T11:43:12.572Z"}
{"level":"debug","message":"[RISK-LOOP] checking 2 open position(s)","timestamp":"2026-09-01T11:43:53.542Z"}
{"level":"debug","message":"[RISK-LOOP] checking 2 open position(s)","timestamp":"2026-09-01T11:45:53.580Z"}
{"level":"debug","message":"[RISK-LOOP] checking 2 open position(s)","timestamp":"2026-09-01T11:47:53.595Z"}
{"level":"debug","message":"[RISK-LOOP] checking 2 open position(s)","timestamp":"2026-09-01T11:49:53.582Z"}
{"level":"debug","message":"[RISK-LOOP] checking 2 open position(s)","timestamp":"2026-09-01T11:51:53.579Z"}
{"level":"debug","message":"[RISK-LOOP] checking 2 open position(s)","timestamp":"2026-09-01T11:53:53.402Z"}
{"level":"debug","message":"[RISK-LOOP] checking 2 open position(s)","timestamp":"2026-09-01T11:55:53.399Z"}
{"level":"debug","message":"[RISK-LOOP] checking 2 open position(s)","timestamp":"2026-09-01T11:57:53.579Z"}
{"level":"info","message":"[MTF-CACHE] 15m refresh complete: 37/37 symbols","timestamp":"2026-09-01T11:58:12.083Z"}
{"level":"debug","message":"[RISK-LOOP] checking 2 open position(s)","timestamp":"2026-09-01T11:59:53.405Z"}
{"level":"debug","message":"[CYCLE] Correlated pairs (r>0.85): ENS/DOGE=0.86, ENS/PEPE=0.87, SUI/DOGE=0.85, TIA/ADA=0.86, DOGE/PEPE=0.89","timestamp":"2026-09-01T12:00:03.014Z"}
{"level":"debug","message":"[CYCLE] ATR sizing: medianATRPct=3.81% (37 symbols)","timestamp":"2026-09-01T12:00:03.021Z"}
{"level":"debug","message":"[CYCLE] BTC macro: bull=true EMA200","timestamp":"2026-09-01T12:00:03.023Z"}
{"level":"debug","message":"[REGIME] BULL_TREND  candidate=BULL_TREND streak=0  (ADX 51.82)","timestamp":"2026-09-01T12:00:03.025Z"}
{"level":"debug","message":"[DRIFT] only 5 live trades (< 10) — not enough to judge (n=5, WR 40%)","timestamp":"2026-09-01T12:00:03.447Z"}
{"level":"debug","message":"[CYCLE] BNB/USDC: starting cycle, candles=1516 lastClose=687.21000000 lastTs=2026-09-01T12:00:00.000Z","timestamp":"2026-09-01T12:00:04.754Z"}
{"level":"debug","message":"[AGG] BNB/USDC: strategy[0]=WilliamsR → HOLD conf=0.20 \"%R -79.7 neutral\"","timestamp":"2026-09-01T12:00:04.765Z"}
{"level":"debug","message":"[AGG] BNB/USDC: strategy[1]=HeikinAshi → HOLD conf=0.15 \"HA bullish continuation\"","timestamp":"2026-09-01T12:00:04.765Z"}
{"level":"debug","message":"[AGG] BNB/USDC: strategy[2]=SupportResistance → SELL conf=0.88 \"Resistance 689.4686 (7×) +pin\"","timestamp":"2026-09-01T12:00:04.765Z"}
{"level":"debug","message":"[AGG] BNB/USDC: votes BUY=0.00 SELL=0.88 HOLD=0.35 total_voters=3 external=0","timestamp":"2026-09-01T12:00:04.765Z"}
{"level":"debug","message":"[AGG] BNB/USDC: decision=HOLD confidence=0.29 tie=false belowMin=true (minConf=0.35750000000000004)","timestamp":"2026-09-01T12:00:04.765Z"}
{"level":"debug","message":"[CYCLE] LTC/USDC: starting cycle, candles=1516 lastClose=49.08000000 lastTs=2026-09-01T12:00:00.000Z","timestamp":"2026-09-01T12:00:04.780Z"}
{"level":"debug","message":"[AGG] LTC/USDC: strategy[0]=BollingerBands → HOLD conf=0.20 \"Price 49.0900 inside BB [47.1885–53.1035]\"","timestamp":"2026-09-01T12:00:04.799Z"}
{"level":"debug","message":"[AGG] LTC/USDC: strategy[1]=EMA → HOLD conf=0.20 \"No EMA crossover (fast 49.1039 vs slow 48.9438)\"","timestamp":"2026-09-01T12:00:04.799Z"}
{"level":"debug","message":"[AGG] LTC/USDC: strategy[2]=WilliamsR → HOLD conf=0.20 \"%R -57.9 neutral\"","timestamp":"2026-09-01T12:00:04.799Z"}
{"level":"debug","message":"[AGG] LTC/USDC: votes BUY=0.00 SELL=0.00 HOLD=0.60 total_voters=3 external=0","timestamp":"2026-09-01T12:00:04.799Z"}
{"level":"debug","message":"[AGG] LTC/USDC: decision=HOLD confidence=0.20 tie=false belowMin=true (minConf=0.35750000000000004)","timestamp":"2026-09-01T12:00:04.799Z"}
{"level":"debug","message":"[CYCLE] NEAR/USDC: starting cycle, candles=1516 lastClose=1.97900000 lastTs=2026-09-01T12:00:00.000Z","timestamp":"2026-09-01T12:00:04.811Z"}
{"level":"debug","message":"[AGG] NEAR/USDC: strategy[0]=RSI → HOLD conf=0.20 \"RSI 61.5 neutral\"","timestamp":"2026-09-01T12:00:04.850Z"}
{"level":"debug","message":"[AGG] NEAR/USDC: strategy[1]=BollingerBands → HOLD conf=0.20 \"Price 1.9790 inside BB [1.7821–2.0137]\"","timestamp":"2026-09-01T12:00:04.850Z"}
{"level":"debug","message":"[AGG] NEAR/USDC: strategy[2]=Stochastic → HOLD conf=0.20 \"Stoch K=93.5 D=61.5 — no crossover in extreme zone\"","timestamp":"2026-09-01T12:00:04.850Z"}
{"level":"debug","message":"[AGG] NEAR/USDC: strategy[3]=SupportResistance → HOLD conf=0.10 \"No significant S/R zone nearby\"","timestamp":"2026-09-01T12:00:04.850Z"}
{"level":"debug","message":"[AGG] NEAR/USDC: votes BUY=0.00 SELL=0.00 HOLD=0.70 total_voters=4 external=0","timestamp":"2026-09-01T12:00:04.850Z"}
{"level":"debug","message":"[AGG] NEAR/USDC: decision=HOLD confidence=0.17 tie=false belowMin=true (minConf=0.45499999999999996)","timestamp":"2026-09-01T12:00:04.850Z"}
{"level":"debug","message":"[CYCLE] TRX/USDC: starting cycle, candles=1456 lastClose=0.32870000 lastTs=2026-09-01T12:00:00.000Z","timestamp":"2026-09-01T12:00:04.861Z"}
{"level":"debug","message":"[AGG] TRX/USDC: strategy[0]=CCI → HOLD conf=0.89 \"CCI -196.4 oversold — still falling, wait\"","timestamp":"2026-09-01T12:00:04.911Z"}
{"level":"debug","message":"[AGG] TRX/USDC: strategy[1]=Stochastic → BUY conf=0.75 \"Stoch K=10.1 crossed above D=6.9 in oversold zone\"","timestamp":"2026-09-01T12:00:04.911Z"}
{"level":"debug","message":"[AGG] TRX/USDC: strategy[2]=StochRSI → HOLD conf=0.20 \"StochRSI K=0.0 D=0.0 — no extreme crossover\"","timestamp":"2026-09-01T12:00:04.911Z"}
{"level":"debug","message":"[AGG] TRX/USDC: votes BUY=0.75 SELL=0.00 HOLD=1.09 total_voters=3 external=0","timestamp":"2026-09-01T12:00:04.911Z"}
{"level":"debug","message":"[AGG] TRX/USDC: decision=HOLD confidence=0.36 tie=false belowMin=true (minConf=0.45499999999999996)","timestamp":"2026-09-01T12:00:04.911Z"}
{"level":"debug","message":"[CYCLE] ACH/USDC: starting cycle, candles=996 lastClose=0.00497000 lastTs=2026-09-01T12:00:00.000Z","timestamp":"2026-09-01T12:00:04.914Z"}
{"level":"debug","message":"[AGG] ACH/USDC: strategy[0]=RSI → HOLD conf=0.20 \"RSI 57.7 neutral\"","timestamp":"2026-09-01T12:00:04.927Z"}
{"level":"debug","message":"[AGG] ACH/USDC: strategy[1]=BollingerBands → HOLD conf=0.20 \"Price 0.0050 inside BB [0.0048–0.0052]\"","timestamp":"2026-09-01T12:00:04.927Z"}
{"level":"debug","message":"[AGG] ACH/USDC: strategy[2]=CCI → HOLD conf=0.20 \"CCI -72.0 neutral\"","timestamp":"2026-09-01T12:00:04.927Z"}
{"level":"debug","message":"[AGG] ACH/USDC: votes BUY=0.00 SELL=0.00 HOLD=0.60 total_voters=3 external=0","timestamp":"2026-09-01T12:00:04.927Z"}
{"level":"debug","message":"[AGG] ACH/USDC: decision=HOLD confidence=0.20 tie=false belowMin=true (minConf=0.45499999999999996)","timestamp":"2026-09-01T12:00:04.927Z"}
{"level":"debug","message":"[CYCLE] BCH/USDC: starting cycle, candles=1516 lastClose=249.10000000 lastTs=2026-09-01T12:00:00.000Z","timestamp":"2026-09-01T12:00:04.931Z"}
{"level":"debug","message":"[AGG] BCH/USDC: strategy[0]=BollingerBands → HOLD conf=0.20 \"Price 249.1000 inside BB [236.3230–285.1670]\"","timestamp":"2026-09-01T12:00:04.943Z"}
{"level":"debug","message":"[AGG] BCH/USDC: strategy[1]=OBV → HOLD conf=0.20 \"OBV below EMA-20 — no cross\"","timestamp":"2026-09-01T12:00:04.943Z"}
{"level":"debug","message":"[AGG] BCH/USDC: strategy[2]=WilliamsR → HOLD conf=0.20 \"%R -72.2 neutral\"","timestamp":"2026-09-01T12:00:04.943Z"}
{"level":"debug","message":"[AGG] BCH/USDC: votes BUY=0.00 SELL=0.00 HOLD=0.60 total_voters=3 external=0","timestamp":"2026-09-01T12:00:04.943Z"}
{"level":"debug","message":"[AGG] BCH/USDC: decision=HOLD confidence=0.20 tie=false belowMin=true (minConf=0.35750000000000004)","timestamp":"2026-09-01T12:00:04.943Z"}
{"level":"debug","message":"[CYCLE] CRV/USDC: starting cycle, candles=1516 lastClose=0.36870000 lastTs=2026-09-01T12:00:00.000Z","timestamp":"2026-09-01T12:00:04.946Z"}
{"level":"debug","message":"[AGG] CRV/USDC: strategy[0]=ADX → HOLD conf=0.10 \"ADX 22.2 < 25 — ranging, skip\"","timestamp":"2026-09-01T12:00:04.957Z"}
{"level":"debug","message":"[AGG] CRV/USDC: strategy[1]=StochRSI → HOLD conf=0.20 \"StochRSI K=100.0 D=67.5 — no extreme crossover\"","timestamp":"2026-09-01T12:00:04.958Z"}
{"level":"debug","message":"[AGG] CRV/USDC: strategy[2]=SupportResistance → HOLD conf=0.10 \"No significant S/R zone nearby\"","timestamp":"2026-09-01T12:00:04.958Z"}
{"level":"debug","message":"[AGG] CRV/USDC: votes BUY=0.00 SELL=0.00 HOLD=0.40 total_voters=3 external=0","timestamp":"2026-09-01T12:00:04.958Z"}
{"level":"debug","message":"[AGG] CRV/USDC: decision=HOLD confidence=0.13 tie=false belowMin=true (minConf=0.35750000000000004)","timestamp":"2026-09-01T12:00:04.958Z"}
{"level":"debug","message":"[CYCLE] ENS/USDC: starting cycle, candles=1516 lastClose=6.05000000 lastTs=2026-09-01T12:00:00.000Z","timestamp":"2026-09-01T12:00:04.960Z"}
{"level":"debug","message":"[AGG] ENS/USDC: strategy[0]=BollingerBands → HOLD conf=0.20 \"Price 6.0300 inside BB [5.4840–6.0750]\"","timestamp":"2026-09-01T12:00:04.967Z"}
{"level":"debug","message":"[AGG] ENS/USDC: strategy[1]=PSAR → BUY conf=0.85 \"PSAR flipped bullish ↑ — SAR 5.4800 now below price 6.0300\"","timestamp":"2026-09-01T12:00:04.967Z"}
{"level":"debug","message":"[AGG] ENS/USDC: strategy[2]=SupportResistance → HOLD conf=0.10 \"No significant S/R zone nearby\"","timestamp":"2026-09-01T12:00:04.967Z"}
{"level":"debug","message":"[AGG] ENS/USDC: votes BUY=0.85 SELL=0.00 HOLD=0.30 total_voters=3 external=0","timestamp":"2026-09-01T12:00:04.967Z"}
{"level":"debug","message":"[AGG] ENS/USDC: decision=HOLD confidence=0.28 tie=false belowMin=true (minConf=0.35750000000000004)","timestamp":"2026-09-01T12:00:04.967Z"}
{"level":"debug","message":"[CYCLE] JTO/USDC: starting cycle, candles=1516 lastClose=0.43690000 lastTs=2026-09-01T12:00:00.000Z","timestamp":"2026-09-01T12:00:04.977Z"}
{"level":"debug","message":"[AGG] JTO/USDC: strategy[0]=CCI → BUY conf=0.70 \"CCI -124.3 oversold ↑ reversal confirmed\"","timestamp":"2026-09-01T12:00:04.981Z"}
{"level":"debug","message":"[AGG] JTO/USDC: strategy[1]=PSAR → HOLD conf=0.10 \"PSAR downtrend continues (SAR 0.5141)\"","timestamp":"2026-09-01T12:00:04.981Z"}
{"level":"debug","message":"[AGG] JTO/USDC: strategy[2]=SupportResistance → HOLD conf=0.10 \"No significant S/R zone nearby\"","timestamp":"2026-09-01T12:00:04.981Z"}
{"level":"debug","message":"[AGG] JTO/USDC: votes BUY=0.70 SELL=0.00 HOLD=0.20 total_voters=3 external=0","timestamp":"2026-09-01T12:00:04.981Z"}
{"level":"debug","message":"[AGG] JTO/USDC: decision=HOLD confidence=0.23 tie=false belowMin=true (minConf=0.35750000000000004)","timestamp":"2026-09-01T12:00:04.981Z"}
{"level":"debug","message":"[CYCLE] LDO/USDC: starting cycle, candles=1516 lastClose=0.37060000 lastTs=2026-09-01T12:00:00.000Z","timestamp":"2026-09-01T12:00:04.983Z"}
{"level":"debug","message":"[AGG] LDO/USDC: strategy[0]=MACD → HOLD conf=0.20 \"MACD 0.0062 vs signal 0.0087 hist:-0.0025\"","timestamp":"2026-09-01T12:00:04.991Z"}
{"level":"debug","message":"[AGG] LDO/USDC: strategy[1]=ADX → BUY conf=0.77 \"ADX 39.8 uptrend (+DI 26.4 > -DI 9.4)\"","timestamp":"2026-09-01T12:00:04.991Z"}
{"level":"debug","message":"[AGG] LDO/USDC: strategy[2]=WilliamsR → HOLD conf=0.20 \"%R -27.2 neutral\"","timestamp":"2026-09-01T12:00:04.991Z"}
{"level":"debug","message":"[AGG] LDO/USDC: votes BUY=0.77 SELL=0.00 HOLD=0.40 total_voters=3 external=0","timestamp":"2026-09-01T12:00:04.991Z"}
{"level":"debug","message":"[AGG] LDO/USDC: decision=HOLD confidence=0.26 tie=false belowMin=true (minConf=0.35750000000000004)","timestamp":"2026-09-01T12:00:04.991Z"}
{"level":"warn","message":"LSK/USDC: candle series stale (newest bar 81.5d old) — skipping cycle","timestamp":"2026-09-01T12:00:04.993Z"}
{"level":"debug","message":"[CYCLE] PAXG/USDC: starting cycle, candles=1010 lastClose=4380.34000000 lastTs=2026-09-01T12:00:00.000Z","timestamp":"2026-09-01T12:00:05.015Z"}
{"level":"debug","message":"[AGG] PAXG/USDC: strategy[0]=MACD → HOLD conf=0.20 \"MACD -12.3895 vs signal 16.3177 hist:-28.7072\"","timestamp":"2026-09-01T12:00:05.019Z"}
{"level":"debug","message":"[AGG] PAXG/USDC: strategy[1]=ADX → SELL conf=0.74 \"ADX 35.3 downtrend (-DI 28.7 > +DI 13.1)\"","timestamp":"2026-09-01T12:00:05.019Z"}
{"level":"debug","message":"[AGG] PAXG/USDC: strategy[2]=Supertrend → HOLD conf=0.10 \"Supertrend downtrend continues (ST 4580.0108)\"","timestamp":"2026-09-01T12:00:05.019Z"}
{"level":"debug","message":"[AGG] PAXG/USDC: votes BUY=0.00 SELL=0.74 HOLD=0.30 total_voters=3 external=0","timestamp":"2026-09-01T12:00:05.019Z"}
{"level":"debug","message":"[AGG] PAXG/USDC: decision=HOLD confidence=0.25 tie=false belowMin=true (minConf=0.35750000000000004)","timestamp":"2026-09-01T12:00:05.019Z"}
{"level":"debug","message":"[CYCLE] BNB/USDC: sizing positionPct=0.3044 (base=0.15 atr=0.03808553124219985 regime=on conf=0.29 macro=bull mtf=1.0)","timestamp":"2026-09-01T12:00:05.053Z"}
{"level":"info","message":"BNB/USDC: decision=HOLD confidence=29% price=687.21000000 external_signals=0","timestamp":"2026-09-01T12:00:05.053Z"}
{"level":"info","message":"BNB/USDC: %R -79.7 neutral | HA bullish continuation | Resistance 689.4686 (7×) +pin","timestamp":"2026-09-01T12:00:05.053Z"}
{"level":"debug","message":"[CYCLE] PIXEL/USDC: starting cycle, candles=1516 lastClose=0.00489000 lastTs=2026-09-01T12:00:00.000Z","timestamp":"2026-09-01T12:00:05.062Z"}
{"level":"debug","message":"[AGG] PIXEL/USDC: strategy[0]=EMA → SELL conf=0.80 \"EMA12 crossed below EMA26 — both falling ↓\"","timestamp":"2026-09-01T12:00:05.065Z"}
{"level":"debug","message":"[AGG] PIXEL/USDC: strategy[1]=ADX → SELL conf=0.54 \"ADX 28.2 downtrend (-DI 22.3 > +DI 20.9)\"","timestamp":"2026-09-01T12:00:05.065Z"}
{"level":"debug","message":"[AGG] PIXEL/USDC: strategy[2]=SupportResistance → BUY conf=0.62 \"Support 0.0049 (2×)\"","timestamp":"2026-09-01T12:00:05.065Z"}
{"level":"debug","message":"[AGG] PIXEL/USDC: votes BUY=0.62 SELL=1.34 HOLD=0.00 total_voters=3 external=0","timestamp":"2026-09-01T12:00:05.065Z"}
{"level":"debug","message":"[AGG] PIXEL/USDC: decision=HOLD (multi-bar confirmation) winner=SELL conf=0.45 < borderlineCeiling=0.46 prev=BUY","timestamp":"2026-09-01T12:00:05.065Z"}
{"level":"debug","message":"[CYCLE] THETA/USDC: starting cycle, candles=1034 lastClose=0.16970000 lastTs=2026-09-01T12:00:00.000Z","timestamp":"2026-09-01T12:00:05.093Z"}
{"level":"debug","message":"[AGG] THETA/USDC: strategy[0]=RSI → HOLD conf=0.20 \"RSI 50.9 neutral\"","timestamp":"2026-09-01T12:00:05.097Z"}
{"level":"debug","message":"[AGG] THETA/USDC: strategy[1]=CCI → HOLD conf=0.20 \"CCI -92.4 neutral\"","timestamp":"2026-09-01T12:00:05.097Z"}
{"level":"debug","message":"[AGG] THETA/USDC: strategy[2]=OBV → HOLD conf=0.20 \"OBV below EMA-20 — no cross\"","timestamp":"2026-09-01T12:00:05.097Z"}
{"level":"debug","message":"[AGG] THETA/USDC: votes BUY=0.00 SELL=0.00 HOLD=0.60 total_voters=3 external=0","timestamp":"2026-09-01T12:00:05.097Z"}
{"level":"debug","message":"[AGG] THETA/USDC: decision=HOLD confidence=0.20 tie=false belowMin=true (minConf=0.35750000000000004)","timestamp":"2026-09-01T12:00:05.097Z"}
{"level":"debug","message":"[CYCLE] SUI/USDC: starting cycle, candles=1516 lastClose=0.73080000 lastTs=2026-09-01T12:00:00.000Z","timestamp":"2026-09-01T12:00:05.099Z"}
{"level":"debug","message":"[AGG] SUI/USDC: strategy[0]=RSI → HOLD conf=0.20 \"RSI 46.1 neutral\"","timestamp":"2026-09-01T12:00:05.111Z"}
{"level":"debug","message":"[AGG] SUI/USDC: strategy[1]=Stochastic → HOLD conf=0.20 \"Stoch K=31.6 D=24.0 — no crossover in extreme zone\"","timestamp":"2026-09-01T12:00:05.111Z"}
{"level":"debug","message":"[AGG] SUI/USDC: strategy[2]=MFI → HOLD conf=0.20 \"MFI 34.8 neutral\"","timestamp":"2026-09-01T12:00:05.111Z"}
{"level":"debug","message":"[AGG] SUI/USDC: votes BUY=0.00 SELL=0.00 HOLD=0.60 total_voters=3 external=0","timestamp":"2026-09-01T12:00:05.111Z"}
{"level":"debug","message":"[AGG] SUI/USDC: decision=HOLD confidence=0.20 tie=false belowMin=true (minConf=0.45499999999999996)","timestamp":"2026-09-01T12:00:05.111Z"}
{"level":"warn","message":"VANRY/USDC: candle series stale (newest bar 15.5d old) — skipping cycle","timestamp":"2026-09-01T12:00:05.120Z"}
{"level":"debug","message":"[CYCLE] SOL/USDC: starting cycle, candles=1516 lastClose=102.27000000 lastTs=2026-09-01T12:00:00.000Z","timestamp":"2026-09-01T12:00:05.149Z"}
{"level":"debug","message":"[AGG] SOL/USDC: strategy[0]=BollingerBands → HOLD conf=0.20 \"Price 102.2500 inside BB [92.5279–109.5371]\"","timestamp":"2026-09-01T12:00:05.164Z"}
{"level":"debug","message":"[AGG] SOL/USDC: strategy[1]=WilliamsR → HOLD conf=0.20 \"%R -53.5 neutral\"","timestamp":"2026-09-01T12:00:05.164Z"}
{"level":"debug","message":"[AGG] SOL/USDC: strategy[2]=StochRSI → HOLD conf=0.20 \"StochRSI K=0.0 D=4.5 — no extreme crossover\"","timestamp":"2026-09-01T12:00:05.164Z"}
{"level":"debug","message":"[AGG] SOL/USDC: votes BUY=0.00 SELL=0.00 HOLD=0.60 total_voters=3 external=0","timestamp":"2026-09-01T12:00:05.164Z"}
{"level":"debug","message":"[AGG] SOL/USDC: decision=HOLD confidence=0.20 tie=false belowMin=true (minConf=0.35750000000000004)","timestamp":"2026-09-01T12:00:05.164Z"}
{"level":"debug","message":"[CYCLE] AVAX/USDC: starting cycle, candles=1516 lastClose=7.28100000 lastTs=2026-09-01T12:00:00.000Z","timestamp":"2026-09-01T12:00:05.190Z"}
{"level":"debug","message":"[AGG] AVAX/USDC: strategy[0]=RSI → HOLD conf=0.20 \"RSI 52.9 neutral\"","timestamp":"2026-09-01T12:00:05.193Z"}
{"level":"debug","message":"[AGG] AVAX/USDC: strategy[1]=MACD → HOLD conf=0.20 \"MACD 0.0746 vs signal 0.1304 hist:-0.0558\"","timestamp":"2026-09-01T12:00:05.193Z"}
{"level":"debug","message":"[AGG] AVAX/USDC: strategy[2]=PSAR → HOLD conf=0.10 \"PSAR downtrend continues (SAR 7.7995)\"","timestamp":"2026-09-01T12:00:05.193Z"}
{"level":"debug","message":"[AGG] AVAX/USDC: votes BUY=0.00 SELL=0.00 HOLD=0.50 total_voters=3 external=0","timestamp":"2026-09-01T12:00:05.193Z"}
{"level":"debug","message":"[AGG] AVAX/USDC: decision=HOLD confidence=0.17 tie=false belowMin=true (minConf=0.35750000000000004)","timestamp":"2026-09-01T12:00:05.193Z"}
{"level":"debug","message":"[CYCLE] XRP/USDC: starting cycle, candles=1516 lastClose=1.38200000 lastTs=2026-09-01T12:00:00.000Z","timestamp":"2026-09-01T12:00:05.196Z"}
{"level":"debug","message":"[AGG] XRP/USDC: strategy[0]=BollingerBands → HOLD conf=0.20 \"Price 1.3818 inside BB [1.3331–1.5216]\"","timestamp":"2026-09-01T12:00:05.203Z"}
{"level":"debug","message":"[AGG] XRP/USDC: strategy[1]=Stochastic → HOLD conf=0.20 \"Stoch K=31.3 D=22.8 — no crossover in extreme zone\"","timestamp":"2026-09-01T12:00:05.203Z"}
{"level":"debug","message":"[AGG] XRP/USDC: strategy[2]=EMA → HOLD conf=0.20 \"No EMA crossover (fast 1.3887 vs slow 1.3501)\"","timestamp":"2026-09-01T12:00:05.203Z"}
{"level":"debug","message":"[AGG] XRP/USDC: votes BUY=0.00 SELL=0.00 HOLD=0.60 total_voters=3 external=0","timestamp":"2026-09-01T12:00:05.204Z"}
{"level":"debug","message":"[AGG] XRP/USDC: decision=HOLD confidence=0.20 tie=false belowMin=true (minConf=0.35750000000000004)","timestamp":"2026-09-01T12:00:05.204Z"}
{"level":"debug","message":"[CYCLE] DOGE/USDC: starting cycle, candles=1516 lastClose=0.08317000 lastTs=2026-09-01T12:00:00.000Z","timestamp":"2026-09-01T12:00:05.207Z"}
{"level":"debug","message":"[AGG] DOGE/USDC: strategy[0]=EMA → HOLD conf=0.20 \"No EMA crossover (fast 0.0845 vs slow 0.0836)\"","timestamp":"2026-09-01T12:00:05.208Z"}
{"level":"debug","message":"[AGG] DOGE/USDC: strategy[1]=PSAR → HOLD conf=0.10 \"PSAR downtrend continues (SAR 0.0917)\"","timestamp":"2026-09-01T12:00:05.208Z"}
{"level":"debug","message":"[AGG] DOGE/USDC: strategy[2]=HeikinAshi → HOLD conf=0.15 \"HA bearish continuation\"","timestamp":"2026-09-01T12:00:05.208Z"}
{"level":"debug","message":"[AGG] DOGE/USDC: votes BUY=0.00 SELL=0.00 HOLD=0.45 total_voters=3 external=0","timestamp":"2026-09-01T12:00:05.208Z"}
{"level":"debug","message":"[AGG] DOGE/USDC: decision=HOLD confidence=0.15 tie=false belowMin=true (minConf=0.35750000000000004)","timestamp":"2026-09-01T12:00:05.209Z"}
{"level":"debug","message":"[CYCLE] INJ/USDC: starting cycle, candles=1516 lastClose=4.85600000 lastTs=2026-09-01T12:00:00.000Z","timestamp":"2026-09-01T12:00:05.223Z"}
{"level":"debug","message":"[AGG] INJ/USDC: strategy[0]=ADX → HOLD conf=0.10 \"ADX 20.1 < 25 — ranging, skip\"","timestamp":"2026-09-01T12:00:05.232Z"}
{"level":"debug","message":"[AGG] INJ/USDC: strategy[1]=OBV → SELL conf=0.57 \"OBV crossed below EMA-20 — volume sellers in control\"","timestamp":"2026-09-01T12:00:05.233Z"}
{"level":"debug","message":"[AGG] INJ/USDC: strategy[2]=StochRSI → HOLD conf=0.20 \"StochRSI K=0.0 D=0.3 — no extreme crossover\"","timestamp":"2026-09-01T12:00:05.233Z"}
{"level":"debug","message":"[AGG] INJ/USDC: votes BUY=0.00 SELL=0.57 HOLD=0.30 total_voters=3 external=0","timestamp":"2026-09-01T12:00:05.233Z"}
{"level":"debug","message":"[AGG] INJ/USDC: decision=HOLD confidence=0.19 tie=false belowMin=true (minConf=0.35750000000000004)","timestamp":"2026-09-01T12:00:05.233Z"}
{"level":"debug","message":"[CYCLE] LTC/USDC: sizing positionPct=0.2306 (base=0.15 atr=0.03808553124219985 regime=on conf=0.20 macro=bull mtf=1.0)","timestamp":"2026-09-01T12:00:05.241Z"}
{"level":"info","message":"LTC/USDC: decision=HOLD confidence=20% price=49.08000000 external_signals=0","timestamp":"2026-09-01T12:00:05.242Z"}
{"level":"info","message":"LTC/USDC: Price 49.0900 inside BB [47.1885–53.1035] | No EMA crossover (fast 49.1039 vs slow 48.9438) | %R -57.9 neutral","timestamp":"2026-09-01T12:00:05.242Z"}
{"level":"debug","message":"[CYCLE] ETH/USDC: starting cycle, candles=1516 lastClose=2458.52000000 lastTs=2026-09-01T12:00:00.000Z","timestamp":"2026-09-01T12:00:05.244Z"}
{"level":"debug","message":"[AGG] ETH/USDC: strategy[0]=Supertrend → HOLD conf=0.10 \"Supertrend uptrend continues (ST 2282.1583)\"","timestamp":"2026-09-01T12:00:05.249Z"}
{"level":"debug","message":"[AGG] ETH/USDC: strategy[1]=MFI → HOLD conf=0.20 \"MFI 40.0 neutral\"","timestamp":"2026-09-01T12:00:05.249Z"}
{"level":"debug","message":"[AGG] ETH/USDC: strategy[2]=SupportResistance → HOLD conf=0.10 \"No significant S/R zone nearby\"","timestamp":"2026-09-01T12:00:05.249Z"}
{"level":"debug","message":"[AGG] ETH/USDC: votes BUY=0.00 SELL=0.00 HOLD=0.40 total_voters=3 external=0","timestamp":"2026-09-01T12:00:05.249Z"}
{"level":"debug","message":"[AGG] ETH/USDC: decision=HOLD confidence=0.13 tie=false belowMin=true (minConf=0.35750000000000004)","timestamp":"2026-09-01T12:00:05.249Z"}
{"level":"debug","message":"[CYCLE] LINK/USDC: starting cycle, candles=1516 lastClose=11.46600000 lastTs=2026-09-01T12:00:00.000Z","timestamp":"2026-09-01T12:00:05.252Z"}
{"level":"debug","message":"[AGG] LINK/USDC: strategy[0]=BollingerBands → HOLD conf=0.20 \"Price 11.4640 inside BB [11.1118–11.8919]\"","timestamp":"2026-09-01T12:00:05.258Z"}
{"level":"debug","message":"[AGG] LINK/USDC: strategy[1]=Stochastic → HOLD conf=0.20 \"Stoch K=44.0 D=32.9 — no crossover in extreme zone\"","timestamp":"2026-09-01T12:00:05.258Z"}
{"level":"debug","message":"[AGG] LINK/USDC: strategy[2]=Supertrend → HOLD conf=0.10 \"Supertrend uptrend continues (ST 10.3601)\"","timestamp":"2026-09-01T12:00:05.258Z"}
{"level":"debug","message":"[AGG] LINK/USDC: votes BUY=0.00 SELL=0.00 HOLD=0.50 total_voters=3 external=0","timestamp":"2026-09-01T12:00:05.258Z"}
{"level":"debug","message":"[AGG] LINK/USDC: decision=HOLD confidence=0.17 tie=false belowMin=true (minConf=0.45499999999999996)","timestamp":"2026-09-01T12:00:05.258Z"}
{"level":"debug","message":"[CYCLE] WLD/USDC: starting cycle, candles=1516 lastClose=0.37250000 lastTs=2026-09-01T12:00:00.000Z","timestamp":"2026-09-01T12:00:05.267Z"}
{"level":"debug","message":"[AGG] WLD/USDC: strategy[0]=BollingerBands → HOLD conf=0.20 \"Price 0.3725 inside BB [0.3557–0.4211]\"","timestamp":"2026-09-01T12:00:05.278Z"}
{"level":"debug","message":"[AGG] WLD/USDC: strategy[1]=CCI → HOLD conf=0.20 \"CCI -94.6 neutral\"","timestamp":"2026-09-01T12:00:05.279Z"}
{"level":"debug","message":"[AGG] WLD/USDC: strategy[2]=ADX → BUY conf=0.53 \"ADX 29.1 uptrend (+DI 21.0 > -DI 17.2)\"","timestamp":"2026-09-01T12:00:05.279Z"}
{"level":"debug","message":"[AGG] WLD/USDC: votes BUY=0.53 SELL=0.00 HOLD=0.40 total_voters=3 external=0","timestamp":"2026-09-01T12:00:05.279Z"}
{"level":"debug","message":"[AGG] WLD/USDC: decision=HOLD confidence=0.18 tie=false belowMin=true (minConf=0.35750000000000004)","timestamp":"2026-09-01T12:00:05.279Z"}
{"level":"warn","message":"TON/USDC: candle series stale (newest bar 63.5d old) — skipping cycle","timestamp":"2026-09-01T12:00:05.311Z"}
{"level":"debug","message":"[CYCLE] RENDER/USDC: starting cycle, candles=1516 lastClose=1.45300000 lastTs=2026-09-01T12:00:00.000Z","timestamp":"2026-09-01T12:00:05.324Z"}
{"level":"debug","message":"[AGG] RENDER/USDC: strategy[0]=EMA → HOLD conf=0.20 \"No EMA crossover (fast 1.4484 vs slow 1.4383)\"","timestamp":"2026-09-01T12:00:05.326Z"}
{"level":"debug","message":"[AGG] RENDER/USDC: strategy[1]=OBV → HOLD conf=0.20 \"OBV above EMA-20 — no cross\"","timestamp":"2026-09-01T12:00:05.327Z"}
{"level":"debug","message":"[AGG] RENDER/USDC: strategy[2]=WilliamsR → HOLD conf=0.20 \"%R -65.0 neutral\"","timestamp":"2026-09-01T12:00:05.327Z"}
{"level":"debug","message":"[AGG] RENDER/USDC: votes BUY=0.00 SELL=0.00 HOLD=0.60 total_voters=3 external=0","timestamp":"2026-09-01T12:00:05.327Z"}
{"level":"debug","message":"[AGG] RENDER/USDC: decision=HOLD confidence=0.20 tie=false belowMin=true (minConf=0.35750000000000004)","timestamp":"2026-09-01T12:00:05.327Z"}
{"level":"debug","message":"[CYCLE] ICP/USDC: starting cycle, candles=1516 lastClose=2.41900000 lastTs=2026-09-01T12:00:00.000Z","timestamp":"2026-09-01T12:00:05.339Z"}
{"level":"debug","message":"[AGG] ICP/USDC: strategy[0]=RSI → HOLD conf=0.20 \"RSI 53.4 neutral\"","timestamp":"2026-09-01T12:00:05.345Z"}
{"level":"debug","message":"[AGG] ICP/USDC: strategy[1]=BollingerBands → HOLD conf=0.20 \"Price 2.4190 inside BB [2.3417–2.4937]\"","timestamp":"2026-09-01T12:00:05.345Z"}
{"level":"debug","message":"[AGG] ICP/USDC: strategy[2]=Stochastic → HOLD conf=0.20 \"Stoch K=44.5 D=38.5 — no crossover in extreme zone\"","timestamp":"2026-09-01T12:00:05.345Z"}
{"level":"debug","message":"[AGG] ICP/USDC: votes BUY=0.00 SELL=0.00 HOLD=0.60 total_voters=3 external=0","timestamp":"2026-09-01T12:00:05.345Z"}
{"level":"debug","message":"[AGG] ICP/USDC: decision=HOLD confidence=0.20 tie=false belowMin=true (minConf=0.35750000000000004)","timestamp":"2026-09-01T12:00:05.345Z"}
{"level":"debug","message":"[CYCLE] ENA/USDC: starting cycle, candles=1516 lastClose=0.16550000 lastTs=2026-09-01T12:00:00.000Z","timestamp":"2026-09-01T12:00:05.347Z"}
{"level":"debug","message":"[AGG] ENA/USDC: strategy[0]=RSI → HOLD conf=0.20 \"RSI 64.3 neutral\"","timestamp":"2026-09-01T12:00:05.360Z"}
{"level":"debug","message":"[AGG] ENA/USDC: strategy[1]=BollingerBands → HOLD conf=0.20 \"Price 0.1656 inside BB [0.1382–0.1741]\"","timestamp":"2026-09-01T12:00:05.360Z"}
{"level":"debug","message":"[AGG] ENA/USDC: strategy[2]=CCI → HOLD conf=0.20 \"CCI 35.2 neutral\"","timestamp":"2026-09-01T12:00:05.360Z"}
{"level":"debug","message":"[AGG] ENA/USDC: votes BUY=0.00 SELL=0.00 HOLD=0.60 total_voters=3 external=0","timestamp":"2026-09-01T12:00:05.360Z"}
{"level":"debug","message":"[AGG] ENA/USDC: decision=HOLD confidence=0.20 tie=false belowMin=true (minConf=0.35750000000000004)","timestamp":"2026-09-01T12:00:05.360Z"}
{"level":"debug","message":"[CYCLE] APT/USDC: starting cycle, candles=1516 lastClose=0.55000000 lastTs=2026-09-01T12:00:00.000Z","timestamp":"2026-09-01T12:00:05.373Z"}
{"level":"debug","message":"[AGG] APT/USDC: strategy[0]=BollingerBands → HOLD conf=0.20 \"Price 0.5510 inside BB [0.4954–0.6462]\"","timestamp":"2026-09-01T12:00:05.380Z"}
{"level":"debug","message":"[AGG] APT/USDC: strategy[1]=Stochastic → HOLD conf=0.20 \"Stoch K=45.7 D=26.0 — no crossover in extreme zone\"","timestamp":"2026-09-01T12:00:05.380Z"}
{"level":"debug","message":"[AGG] APT/USDC: strategy[2]=MFI → HOLD conf=0.20 \"MFI 49.5 neutral\"","timestamp":"2026-09-01T12:00:05.380Z"}
{"level":"debug","message":"[AGG] APT/USDC: votes BUY=0.00 SELL=0.00 HOLD=0.60 total_voters=3 external=0","timestamp":"2026-09-01T12:00:05.380Z"}
{"level":"debug","message":"[AGG] APT/USDC: decision=HOLD confidence=0.20 tie=false belowMin=true (minConf=0.35750000000000004)","timestamp":"2026-09-01T12:00:05.380Z"}
{"level":"debug","message":"[CYCLE] NEAR/USDC: sizing positionPct=0.1286 (base=0.15 atr=0.03808553124219985 regime=on conf=0.17 macro=bull mtf=1.0)","timestamp":"2026-09-01T12:00:05.438Z"}
{"level":"info","message":"NEAR/USDC: decision=HOLD confidence=18% price=1.97900000 external_signals=0","timestamp":"2026-09-01T12:00:05.438Z"}
{"level":"info","message":"NEAR/USDC: RSI 61.5 neutral | Price 1.9790 inside BB [1.7821–2.0137] | Stoch K=93.5 D=61.5 — no crossover in extreme zone | No significant S/R zone nearby","timestamp":"2026-09-01T12:00:05.438Z"}
{"level":"warn","message":"GMX/USDC: candle series stale (newest bar 53.5d old) — skipping cycle","timestamp":"2026-09-01T12:00:05.447Z"}
{"level":"debug","message":"[CYCLE] MANTA/USDC: starting cycle, candles=1516 lastClose=0.05834000 lastTs=2026-09-01T12:00:00.000Z","timestamp":"2026-09-01T12:00:05.505Z"}
{"level":"debug","message":"[AGG] MANTA/USDC: strategy[0]=RSI → HOLD conf=0.20 \"RSI 48.0 neutral\"","timestamp":"2026-09-01T12:00:05.512Z"}
{"level":"debug","message":"[AGG] MANTA/USDC: strategy[1]=BollingerBands → HOLD conf=0.20 \"Price 0.0583 inside BB [0.0569–0.0620]\"","timestamp":"2026-09-01T12:00:05.512Z"}
{"level":"debug","message":"[AGG] MANTA/USDC: strategy[2]=CCI → HOLD conf=0.20 \"CCI -83.3 neutral\"","timestamp":"2026-09-01T12:00:05.512Z"}
{"level":"debug","message":"[AGG] MANTA/USDC: votes BUY=0.00 SELL=0.00 HOLD=0.60 total_voters=3 external=0","timestamp":"2026-09-01T12:00:05.512Z"}
{"level":"debug","message":"[AGG] MANTA/USDC: decision=HOLD confidence=0.20 tie=false belowMin=true (minConf=0.45499999999999996)","timestamp":"2026-09-01T12:00:05.513Z"}
{"level":"debug","message":"[CYCLE] TIA/USDC: starting cycle, candles=1516 lastClose=0.34970000 lastTs=2026-09-01T12:00:00.000Z","timestamp":"2026-09-01T12:00:05.614Z"}
{"level":"debug","message":"[AGG] TIA/USDC: strategy[0]=CCI → HOLD conf=0.20 \"CCI -40.2 neutral\"","timestamp":"2026-09-01T12:00:05.618Z"}
{"level":"debug","message":"[AGG] TIA/USDC: strategy[1]=MACD → HOLD conf=0.20 \"MACD -0.0012 vs signal 0.0018 hist:-0.0030\"","timestamp":"2026-09-01T12:00:05.618Z"}
{"level":"debug","message":"[AGG] TIA/USDC: strategy[2]=HeikinAshi → HOLD conf=0.15 \"HA bullish continuation\"","timestamp":"2026-09-01T12:00:05.618Z"}
{"level":"debug","message":"[AGG] TIA/USDC: votes BUY=0.00 SELL=0.00 HOLD=0.55 total_voters=3 external=0","timestamp":"2026-09-01T12:00:05.618Z"}
{"level":"debug","message":"[AGG] TIA/USDC: decision=HOLD confidence=0.18 tie=false belowMin=true (minConf=0.35750000000000004)","timestamp":"2026-09-01T12:00:05.618Z"}
{"level":"debug","message":"[CYCLE] TRX/USDC: sizing positionPct=0.3212 (base=0.15 atr=0.03808553124219985 regime=on conf=0.36 macro=bull mtf=1.0)","timestamp":"2026-09-01T12:00:05.637Z"}
{"level":"info","message":"TRX/USDC: decision=HOLD confidence=36% price=0.32870000 external_signals=0","timestamp":"2026-09-01T12:00:05.637Z"}
{"level":"info","message":"TRX/USDC: CCI -196.4 oversold — still falling, wait | Stoch K=10.1 crossed above D=6.9 in oversold zone | StochRSI K=0.0 D=0.0 — no extreme crossover","timestamp":"2026-09-01T12:00:05.637Z"}
{"level":"debug","message":"[CYCLE] BTC/USDC: starting cycle, candles=1516 lastClose=78069.14000000 lastTs=2026-09-01T12:00:00.000Z","timestamp":"2026-09-01T12:00:05.672Z"}
{"level":"debug","message":"[AGG] BTC/USDC: strategy[0]=EMA → HOLD conf=0.20 \"No EMA crossover (fast 78090.7540 vs slow 76161.4935)\"","timestamp":"2026-09-01T12:00:05.673Z"}
{"level":"debug","message":"[AGG] BTC/USDC: strategy[1]=PSAR → HOLD conf=0.10 \"PSAR downtrend continues (SAR 80966.9659)\"","timestamp":"2026-09-01T12:00:05.673Z"}
{"level":"debug","message":"[AGG] BTC/USDC: strategy[2]=HeikinAshi → HOLD conf=0.15 \"HA bullish continuation\"","timestamp":"2026-09-01T12:00:05.673Z"}
{"level":"debug","message":"[AGG] BTC/USDC: votes BUY=0.00 SELL=0.00 HOLD=0.45 total_voters=3 external=0","timestamp":"2026-09-01T12:00:05.673Z"}
{"level":"debug","message":"[AGG] BTC/USDC: decision=HOLD confidence=0.15 tie=false belowMin=true (minConf=0.35750000000000004)","timestamp":"2026-09-01T12:00:05.673Z"}
{"level":"debug","message":"[CYCLE] PEPE/USDC: starting cycle, candles=1516 lastClose=0.00000350 lastTs=2026-09-01T12:00:00.000Z","timestamp":"2026-09-01T12:00:05.757Z"}
{"level":"debug","message":"[AGG] PEPE/USDC: strategy[0]=EMA → HOLD conf=0.20 \"No EMA crossover (fast 0.0000 vs slow 0.0000)\"","timestamp":"2026-09-01T12:00:05.759Z"}
{"level":"debug","message":"[AGG] PEPE/USDC: strategy[1]=Supertrend → HOLD conf=0.10 \"Supertrend uptrend continues (ST 0.0000)\"","timestamp":"2026-09-01T12:00:05.759Z"}
{"level":"debug","message":"[AGG] PEPE/USDC: strategy[2]=OBV → HOLD conf=0.20 \"OBV below EMA-20 — no cross\"","timestamp":"2026-09-01T12:00:05.759Z"}
{"level":"debug","message":"[AGG] PEPE/USDC: votes BUY=0.00 SELL=0.00 HOLD=0.50 total_voters=3 external=0","timestamp":"2026-09-01T12:00:05.759Z"}
{"level":"debug","message":"[AGG] PEPE/USDC: decision=HOLD confidence=0.17 tie=false belowMin=true (minConf=0.35750000000000004)","timestamp":"2026-09-01T12:00:05.759Z"}
{"level":"debug","message":"[CYCLE] ACH/USDC: sizing positionPct=0.1218 (base=0.15 atr=0.03808553124219985 regime=on conf=0.20 macro=bull mtf=1.0)","timestamp":"2026-09-01T12:00:05.835Z"}
{"level":"info","message":"ACH/USDC: decision=HOLD confidence=20% price=0.00497000 external_signals=0","timestamp":"2026-09-01T12:00:05.836Z"}
{"level":"info","message":"ACH/USDC: RSI 57.7 neutral | Price 0.0050 inside BB [0.0048–0.0052] | CCI -72.0 neutral","timestamp":"2026-09-01T12:00:05.836Z"}
{"level":"debug","message":"[CYCLE] ARB/USDC: starting cycle, candles=1516 lastClose=0.11320000 lastTs=2026-09-01T12:00:00.000Z","timestamp":"2026-09-01T12:00:05.865Z"}
{"level":"debug","message":"[AGG] ARB/USDC: strategy[0]=RSI → HOLD conf=0.57 \"RSI 75.5 overbought — still rising, wait\"","timestamp":"2026-09-01T12:00:05.867Z"}
{"level":"debug","message":"[AGG] ARB/USDC: strategy[1]=WilliamsR → SELL conf=0.62 \"%R -18.9 overbought ↓ reversal confirmed\"","timestamp":"2026-09-01T12:00:05.867Z"}
{"level":"debug","message":"[AGG] ARB/USDC: strategy[2]=HeikinAshi → HOLD conf=0.15 \"HA bullish continuation\"","timestamp":"2026-09-01T12:00:05.867Z"}
{"level":"debug","message":"[AGG] ARB/USDC: votes BUY=0.00 SELL=0.62 HOLD=0.72 total_voters=3 external=0","timestamp":"2026-09-01T12:00:05.867Z"}
{"level":"debug","message":"[AGG] ARB/USDC: decision=HOLD confidence=0.24 tie=false belowMin=true (minConf=0.35750000000000004)","timestamp":"2026-09-01T12:00:05.867Z"}
{"level":"debug","message":"[CYCLE] JUP/USDC: starting cycle, candles=1516 lastClose=0.21830000 lastTs=2026-09-01T12:00:00.000Z","timestamp":"2026-09-01T12:00:05.919Z"}
{"level":"debug","message":"[AGG] JUP/USDC: strategy[0]=BollingerBands → HOLD conf=0.20 \"Price 0.2183 inside BB [0.1986–0.2362]\"","timestamp":"2026-09-01T12:00:05.926Z"}
{"level":"debug","message":"[AGG] JUP/USDC: strategy[1]=CCI → HOLD conf=0.20 \"CCI 32.5 neutral\"","timestamp":"2026-09-01T12:00:05.926Z"}
{"level":"debug","message":"[AGG] JUP/USDC: strategy[2]=OBV → HOLD conf=0.20 \"OBV above EMA-20 — no cross\"","timestamp":"2026-09-01T12:00:05.926Z"}
{"level":"debug","message":"[AGG] JUP/USDC: votes BUY=0.00 SELL=0.00 HOLD=0.60 total_voters=3 external=0","timestamp":"2026-09-01T12:00:05.926Z"}
{"level":"debug","message":"[AGG] JUP/USDC: decision=HOLD confidence=0.20 tie=false belowMin=true (minConf=0.35750000000000004)","timestamp":"2026-09-01T12:00:05.926Z"}
{"level":"debug","message":"[CYCLE] BCH/USDC: sizing positionPct=0.1599 (base=0.15 atr=0.03808553124219985 regime=on conf=0.20 macro=bull mtf=1.0)","timestamp":"2026-09-01T12:00:06.037Z"}
{"level":"info","message":"BCH/USDC: decision=HOLD confidence=20% price=249.10000000 external_signals=0","timestamp":"2026-09-01T12:00:06.037Z"}
{"level":"info","message":"BCH/USDC: Price 249.1000 inside BB [236.3230–285.1670] | OBV below EMA-20 — no cross | %R -72.2 neutral","timestamp":"2026-09-01T12:00:06.037Z"}
{"level":"debug","message":"[CYCLE] ADA/USDC: starting cycle, candles=1516 lastClose=0.19970000 lastTs=2026-09-01T12:00:00.000Z","timestamp":"2026-09-01T12:00:06.130Z"}
{"level":"debug","message":"[AGG] ADA/USDC: strategy[0]=RSI → HOLD conf=0.20 \"RSI 46.8 neutral\"","timestamp":"2026-09-01T12:00:06.150Z"}
{"level":"debug","message":"[AGG] ADA/USDC: strategy[1]=BollingerBands → HOLD conf=0.20 \"Price 0.1997 inside BB [0.1890–0.2310]\"","timestamp":"2026-09-01T12:00:06.150Z"}
{"level":"debug","message":"[AGG] ADA/USDC: strategy[2]=CCI → HOLD conf=0.20 \"CCI -82.5 neutral\"","timestamp":"2026-09-01T12:00:06.150Z"}
{"level":"debug","message":"[AGG] ADA/USDC: votes BUY=0.00 SELL=0.00 HOLD=0.60 total_voters=3 external=0","timestamp":"2026-09-01T12:00:06.150Z"}
{"level":"debug","message":"[AGG] ADA/USDC: decision=HOLD confidence=0.20 tie=false belowMin=true (minConf=0.35750000000000004)","timestamp":"2026-09-01T12:00:06.150Z"}
{"level":"debug","message":"[CYCLE] CRV/USDC: sizing positionPct=0.1062 (base=0.15 atr=0.03808553124219985 regime=on conf=0.13 macro=bull mtf=1.0)","timestamp":"2026-09-01T12:00:06.236Z"}
{"level":"info","message":"CRV/USDC: decision=HOLD confidence=13% price=0.36870000 external_signals=0","timestamp":"2026-09-01T12:00:06.236Z"}
{"level":"info","message":"CRV/USDC: ADX 22.2 < 25 — ranging, skip | StochRSI K=100.0 D=67.5 — no extreme crossover | No significant S/R zone nearby","timestamp":"2026-09-01T12:00:06.236Z"}
{"level":"debug","message":"[CYCLE] ENS/USDC: sizing positionPct=0.1188 (base=0.15 atr=0.03808553124219985 regime=on conf=0.28 macro=bull mtf=1.0)","timestamp":"2026-09-01T12:00:06.436Z"}
{"level":"info","message":"ENS/USDC: decision=HOLD confidence=28% price=6.05000000 external_signals=0","timestamp":"2026-09-01T12:00:06.436Z"}
{"level":"info","message":"ENS/USDC: Price 6.0300 inside BB [5.4840–6.0750] | PSAR flipped bullish ↑ — SAR 5.4800 now below price 6.0300 | No significant S/R zone nearby","timestamp":"2026-09-01T12:00:06.436Z"}
{"level":"debug","message":"[CYCLE] JTO/USDC: sizing positionPct=0.1004 (base=0.15 atr=0.03808553124219985 regime=on conf=0.23 macro=bull mtf=1.0)","timestamp":"2026-09-01T12:00:06.635Z"}
{"level":"info","message":"JTO/USDC: decision=HOLD confidence=23% price=0.43690000 external_signals=0","timestamp":"2026-09-01T12:00:06.635Z"}
{"level":"info","message":"JTO/USDC: CCI -124.3 oversold ↑ reversal confirmed | PSAR downtrend continues (SAR 0.5141) | No significant S/R zone nearby","timestamp":"2026-09-01T12:00:06.635Z"}
{"level":"debug","message":"[CYCLE] LDO/USDC: sizing positionPct=0.1278 (base=0.15 atr=0.03808553124219985 regime=on conf=0.26 macro=bull mtf=1.0)","timestamp":"2026-09-01T12:00:06.835Z"}
{"level":"info","message":"LDO/USDC: decision=HOLD confidence=26% price=0.37060000 external_signals=0","timestamp":"2026-09-01T12:00:06.835Z"}
{"level":"info","message":"LDO/USDC: MACD 0.0062 vs signal 0.0087 hist:-0.0025 | ADX 39.8 uptrend (+DI 26.4 > -DI 9.4) | %R -27.2 neutral","timestamp":"2026-09-01T12:00:06.835Z"}
{"level":"debug","message":"[CYCLE] PAXG/USDC: sizing positionPct=0.2932 (base=0.15 atr=0.03808553124219985 regime=on conf=0.25 macro=bull mtf=1.0)","timestamp":"2026-09-01T12:00:07.037Z"}
{"level":"info","message":"PAXG/USDC: decision=HOLD confidence=25% price=4380.34000000 external_signals=0","timestamp":"2026-09-01T12:00:07.037Z"}
{"level":"info","message":"PAXG/USDC: MACD -12.3895 vs signal 16.3177 hist:-28.7072 | ADX 35.3 downtrend (-DI 28.7 > +DI 13.1) | Supertrend downtrend continues (ST 4580.0108)","timestamp":"2026-09-01T12:00:07.037Z"}
{"level":"info","message":"BNB/USDC: live balance=134.49 pnl=0.00 open_positions=2 daily_pnl=0.00 blocked=false","timestamp":"2026-09-01T12:00:07.233Z"}
{"level":"debug","message":"[CYCLE] PIXEL/USDC: sizing positionPct=0.2022 (base=0.15 atr=0.03808553124219985 regime=on conf=0.45 macro=bull mtf=1.0)","timestamp":"2026-09-01T12:00:07.442Z"}
{"level":"info","message":"PIXEL/USDC: decision=HOLD confidence=45% price=0.00489000 external_signals=0","timestamp":"2026-09-01T12:00:07.442Z"}
{"level":"info","message":"PIXEL/USDC: EMA12 crossed below EMA26 — both falling ↓ | ADX 28.2 downtrend (-DI 22.3 > +DI 20.9) | Support 0.0049 (2×)","timestamp":"2026-09-01T12:00:07.443Z"}
{"level":"debug","message":"[CYCLE] THETA/USDC: sizing positionPct=0.1465 (base=0.15 atr=0.03808553124219985 regime=on conf=0.20 macro=bull mtf=1.0)","timestamp":"2026-09-01T12:00:07.639Z"}
{"level":"info","message":"THETA/USDC: decision=HOLD confidence=20% price=0.16970000 external_signals=0","timestamp":"2026-09-01T12:00:07.639Z"}
{"level":"info","message":"THETA/USDC: RSI 50.9 neutral | CCI -92.4 neutral | OBV below EMA-20 — no cross","timestamp":"2026-09-01T12:00:07.640Z"}
{"level":"debug","message":"[CYCLE] SUI/USDC: sizing positionPct=0.1025 (base=0.15 atr=0.03808553124219985 regime=on conf=0.20 macro=bull mtf=1.0)","timestamp":"2026-09-01T12:00:07.836Z"}
{"level":"info","message":"SUI/USDC: decision=HOLD confidence=20% price=0.73080000 external_signals=0","timestamp":"2026-09-01T12:00:07.836Z"}
{"level":"info","message":"SUI/USDC: RSI 46.1 neutral | Stoch K=31.6 D=24.0 — no crossover in extreme zone | MFI 34.8 neutral","timestamp":"2026-09-01T12:00:07.836Z"}
{"level":"debug","message":"[CYCLE] SOL/USDC: sizing positionPct=0.1425 (base=0.15 atr=0.03808553124219985 regime=on conf=0.20 macro=bull mtf=1.0)","timestamp":"2026-09-01T12:00:08.035Z"}
{"level":"info","message":"SOL/USDC: decision=HOLD confidence=20% price=102.27000000 external_signals=0","timestamp":"2026-09-01T12:00:08.035Z"}
{"level":"info","message":"SOL/USDC: Price 102.2500 inside BB [92.5279–109.5371] | %R -53.5 neutral | StochRSI K=0.0 D=4.5 — no extreme crossover","timestamp":"2026-09-01T12:00:08.035Z"}
{"level":"debug","message":"[CYCLE] AVAX/USDC: sizing positionPct=0.2003 (base=0.15 atr=0.03808553124219985 regime=on conf=0.17 macro=bull mtf=1.0)","timestamp":"2026-09-01T12:00:08.237Z"}
{"level":"info","message":"AVAX/USDC: decision=HOLD confidence=17% price=7.28100000 external_signals=0","timestamp":"2026-09-01T12:00:08.237Z"}
{"level":"info","message":"AVAX/USDC: RSI 52.9 neutral | MACD 0.0746 vs signal 0.1304 hist:-0.0558 | PSAR downtrend continues (SAR 7.7995)","timestamp":"2026-09-01T12:00:08.237Z"}
{"level":"debug","message":"[CYCLE] XRP/USDC: sizing positionPct=0.1575 (base=0.15 atr=0.03808553124219985 regime=on conf=0.20 macro=bull mtf=1.0)","timestamp":"2026-09-01T12:00:08.434Z"}
{"level":"info","message":"XRP/USDC: decision=HOLD confidence=20% price=1.38200000 external_signals=0","timestamp":"2026-09-01T12:00:08.434Z"}
{"level":"info","message":"XRP/USDC: Price 1.3818 inside BB [1.3331–1.5216] | Stoch K=31.3 D=22.8 — no crossover in extreme zone | No EMA crossover (fast 1.3887 vs slow 1.3501)","timestamp":"2026-09-01T12:00:08.434Z"}
{"level":"debug","message":"[CYCLE] DOGE/USDC: sizing positionPct=0.1274 (base=0.15 atr=0.03808553124219985 regime=on conf=0.15 macro=bull mtf=1.0)","timestamp":"2026-09-01T12:00:08.635Z"}
{"level":"info","message":"DOGE/USDC: decision=HOLD confidence=15% price=0.08317000 external_signals=0","timestamp":"2026-09-01T12:00:08.635Z"}
{"level":"info","message":"DOGE/USDC: No EMA crossover (fast 0.0845 vs slow 0.0836) | PSAR downtrend continues (SAR 0.0917) | HA bearish continuation","timestamp":"2026-09-01T12:00:08.635Z"}
{"level":"debug","message":"[CYCLE] INJ/USDC: sizing positionPct=0.0818 (base=0.15 atr=0.03808553124219985 regime=on conf=0.19 macro=bull mtf=1.0)","timestamp":"2026-09-01T12:00:08.835Z"}
{"level":"info","message":"INJ/USDC: decision=HOLD confidence=19% price=4.85600000 external_signals=0","timestamp":"2026-09-01T12:00:08.835Z"}
{"level":"info","message":"INJ/USDC: ADX 20.1 < 25 — ranging, skip | OBV crossed below EMA-20 — volume sellers in control | StochRSI K=0.0 D=0.3 — no extreme crossover","timestamp":"2026-09-01T12:00:08.835Z"}
{"level":"info","message":"LTC/USDC: live balance=134.49 pnl=0.00 open_positions=2 daily_pnl=0.00 blocked=false","timestamp":"2026-09-01T12:00:09.034Z"}
{"level":"debug","message":"[CYCLE] ETH/USDC: sizing positionPct=0.2179 (base=0.15 atr=0.03808553124219985 regime=on conf=0.13 macro=bull mtf=1.0)","timestamp":"2026-09-01T12:00:09.237Z"}
{"level":"info","message":"ETH/USDC: decision=HOLD confidence=13% price=2458.52000000 external_signals=0","timestamp":"2026-09-01T12:00:09.237Z"}
{"level":"info","message":"ETH/USDC: Supertrend uptrend continues (ST 2282.1583) | MFI 40.0 neutral | No significant S/R zone nearby","timestamp":"2026-09-01T12:00:09.237Z"}
{"level":"debug","message":"[CYCLE] LINK/USDC: sizing positionPct=0.1716 (base=0.15 atr=0.03808553124219985 regime=on conf=0.17 macro=bull mtf=1.0)","timestamp":"2026-09-01T12:00:09.559Z"}
{"level":"info","message":"LINK/USDC: decision=HOLD confidence=17% price=11.46600000 external_signals=0","timestamp":"2026-09-01T12:00:09.559Z"}
{"level":"info","message":"LINK/USDC: Price 11.4640 inside BB [11.1118–11.8919] | Stoch K=44.0 D=32.9 — no crossover in extreme zone | Supertrend uptrend continues (ST 10.3601)","timestamp":"2026-09-01T12:00:09.559Z"}
{"level":"debug","message":"[CYCLE] WLD/USDC: sizing positionPct=0.1011 (base=0.15 atr=0.03808553124219985 regime=on conf=0.18 macro=bull mtf=1.0)","timestamp":"2026-09-01T12:00:09.640Z"}
{"level":"info","message":"WLD/USDC: decision=HOLD confidence=18% price=0.37250000 external_signals=0","timestamp":"2026-09-01T12:00:09.640Z"}
{"level":"info","message":"WLD/USDC: Price 0.3725 inside BB [0.3557–0.4211] | CCI -94.6 neutral | ADX 29.1 uptrend (+DI 21.0 > -DI 17.2)","timestamp":"2026-09-01T12:00:09.640Z"}
{"level":"debug","message":"[CYCLE] RENDER/USDC: sizing positionPct=0.1434 (base=0.15 atr=0.03808553124219985 regime=on conf=0.20 macro=bull mtf=1.0)","timestamp":"2026-09-01T12:00:09.834Z"}
{"level":"info","message":"RENDER/USDC: decision=HOLD confidence=20% price=1.45300000 external_signals=0","timestamp":"2026-09-01T12:00:09.834Z"}
{"level":"info","message":"RENDER/USDC: No EMA crossover (fast 1.4484 vs slow 1.4383) | OBV above EMA-20 — no cross | %R -65.0 neutral","timestamp":"2026-09-01T12:00:09.834Z"}
{"level":"debug","message":"[CYCLE] ICP/USDC: sizing positionPct=0.0598 (base=0.15 atr=0.03808553124219985 regime=on conf=0.20 macro=bull mtf=1.0)","timestamp":"2026-09-01T12:00:10.037Z"}
{"level":"info","message":"ICP/USDC: decision=HOLD confidence=20% price=2.41900000 external_signals=0","timestamp":"2026-09-01T12:00:10.037Z"}
{"level":"info","message":"ICP/USDC: RSI 53.4 neutral | Price 2.4190 inside BB [2.3417–2.4937] | Stoch K=44.5 D=38.5 — no crossover in extreme zone","timestamp":"2026-09-01T12:00:10.037Z"}
{"level":"debug","message":"[CYCLE] ENA/USDC: sizing positionPct=0.0705 (base=0.15 atr=0.03808553124219985 regime=on conf=0.20 macro=bull mtf=1.0)","timestamp":"2026-09-01T12:00:10.235Z"}
{"level":"info","message":"ENA/USDC: decision=HOLD confidence=20% price=0.16550000 external_signals=0","timestamp":"2026-09-01T12:00:10.235Z"}
{"level":"info","message":"ENA/USDC: RSI 64.3 neutral | Price 0.1656 inside BB [0.1382–0.1741] | CCI 35.2 neutral","timestamp":"2026-09-01T12:00:10.235Z"}
{"level":"debug","message":"[CYCLE] APT/USDC: sizing positionPct=0.1144 (base=0.15 atr=0.03808553124219985 regime=on conf=0.20 macro=bull mtf=1.0)","timestamp":"2026-09-01T12:00:10.436Z"}
{"level":"info","message":"APT/USDC: decision=HOLD confidence=20% price=0.55000000 external_signals=0","timestamp":"2026-09-01T12:00:10.436Z"}
{"level":"info","message":"APT/USDC: Price 0.5510 inside BB [0.4954–0.6462] | Stoch K=45.7 D=26.0 — no crossover in extreme zone | MFI 49.5 neutral","timestamp":"2026-09-01T12:00:10.436Z"}
{"level":"info","message":"NEAR/USDC: live balance=134.49 pnl=0.00 open_positions=2 daily_pnl=0.00 blocked=false","timestamp":"2026-09-01T12:00:10.633Z"}
{"level":"debug","message":"[CYCLE] MANTA/USDC: sizing positionPct=0.1492 (base=0.15 atr=0.03808553124219985 regime=on conf=0.20 macro=bull mtf=1.0)","timestamp":"2026-09-01T12:00:10.832Z"}
{"level":"info","message":"MANTA/USDC: decision=HOLD confidence=20% price=0.05834000 external_signals=0","timestamp":"2026-09-01T12:00:10.832Z"}
{"level":"info","message":"MANTA/USDC: RSI 48.0 neutral | Price 0.0583 inside BB [0.0569–0.0620] | CCI -83.3 neutral","timestamp":"2026-09-01T12:00:10.832Z"}
{"level":"debug","message":"[CYCLE] TIA/USDC: sizing positionPct=0.1068 (base=0.15 atr=0.03808553124219985 regime=on conf=0.18 macro=bull mtf=1.0)","timestamp":"2026-09-01T12:00:11.037Z"}
{"level":"info","message":"TIA/USDC: decision=HOLD confidence=18% price=0.34970000 external_signals=0","timestamp":"2026-09-01T12:00:11.037Z"}
{"level":"info","message":"TIA/USDC: CCI -40.2 neutral | MACD -0.0012 vs signal 0.0018 hist:-0.0030 | HA bullish continuation","timestamp":"2026-09-01T12:00:11.037Z"}
{"level":"info","message":"TRX/USDC: live balance=134.49 pnl=0.00 open_positions=2 daily_pnl=0.00 blocked=false","timestamp":"2026-09-01T12:00:11.234Z"}
{"level":"debug","message":"[CYCLE] BTC/USDC: sizing positionPct=0.2700 (base=0.15 atr=0.03808553124219985 regime=on conf=0.15 macro=bull mtf=1.0)","timestamp":"2026-09-01T12:00:11.435Z"}
{"level":"info","message":"BTC/USDC: decision=HOLD confidence=15% price=78069.14000000 external_signals=0","timestamp":"2026-09-01T12:00:11.435Z"}
{"level":"info","message":"BTC/USDC: No EMA crossover (fast 78090.7540 vs slow 76161.4935) | PSAR downtrend continues (SAR 80966.9659) | HA bullish continuation","timestamp":"2026-09-01T12:00:11.435Z"}
{"level":"debug","message":"[CYCLE] PEPE/USDC: sizing positionPct=0.1112 (base=0.15 atr=0.03808553124219985 regime=on conf=0.17 macro=bull mtf=1.0)","timestamp":"2026-09-01T12:00:11.636Z"}
{"level":"info","message":"PEPE/USDC: decision=HOLD confidence=17% price=0.00000350 external_signals=0","timestamp":"2026-09-01T12:00:11.636Z"}
{"level":"info","message":"PEPE/USDC: No EMA crossover (fast 0.0000 vs slow 0.0000) | Supertrend uptrend continues (ST 0.0000) | OBV below EMA-20 — no cross","timestamp":"2026-09-01T12:00:11.636Z"}
{"level":"info","message":"ACH/USDC: live balance=134.49 pnl=0.00 open_positions=2 daily_pnl=0.00 blocked=false","timestamp":"2026-09-01T12:00:11.834Z"}
{"level":"debug","message":"[CYCLE] ARB/USDC: sizing positionPct=0.1067 (base=0.15 atr=0.03808553124219985 regime=on conf=0.24 macro=bull mtf=1.0)","timestamp":"2026-09-01T12:00:12.036Z"}
{"level":"info","message":"ARB/USDC: decision=HOLD confidence=24% price=0.11320000 external_signals=0","timestamp":"2026-09-01T12:00:12.036Z"}
{"level":"info","message":"ARB/USDC: RSI 75.5 overbought — still rising, wait | %R -18.9 overbought ↓ reversal confirmed | HA bullish continuation","timestamp":"2026-09-01T12:00:12.036Z"}
{"level":"debug","message":"[CYCLE] JUP/USDC: sizing positionPct=0.0809 (base=0.15 atr=0.03808553124219985 regime=on conf=0.20 macro=bull mtf=1.0)","timestamp":"2026-09-01T12:00:12.235Z"}
{"level":"info","message":"JUP/USDC: decision=HOLD confidence=20% price=0.21830000 external_signals=0","timestamp":"2026-09-01T12:00:12.235Z"}
{"level":"info","message":"JUP/USDC: Price 0.2183 inside BB [0.1986–0.2362] | CCI 32.5 neutral | OBV above EMA-20 — no cross","timestamp":"2026-09-01T12:00:12.235Z"}
{"level":"info","message":"BCH/USDC: live balance=134.49 pnl=0.00 open_positions=2 daily_pnl=0.00 blocked=false","timestamp":"2026-09-01T12:00:12.434Z"}
{"level":"debug","message":"[CYCLE] ADA/USDC: sizing positionPct=0.1438 (base=0.15 atr=0.03808553124219985 regime=on conf=0.20 macro=bull mtf=1.0)","timestamp":"2026-09-01T12:00:12.633Z"}
{"level":"info","message":"ADA/USDC: decision=HOLD confidence=20% price=0.19970000 external_signals=0","timestamp":"2026-09-01T12:00:12.633Z"}
{"level":"info","message":"ADA/USDC: RSI 46.8 neutral | Price 0.1997 inside BB [0.1890–0.2310] | CCI -82.5 neutral","timestamp":"2026-09-01T12:00:12.634Z"}
{"level":"info","message":"CRV/USDC: live balance=134.49 pnl=0.00 open_positions=2 daily_pnl=0.00 blocked=false","timestamp":"2026-09-01T12:00:12.834Z"}
{"level":"info","message":"ENS/USDC: live balance=134.49 pnl=0.00 open_positions=2 daily_pnl=0.00 blocked=false","timestamp":"2026-09-01T12:00:13.035Z"}
{"level":"info","message":"JTO/USDC: live balance=134.49 pnl=0.00 open_positions=2 daily_pnl=0.00 blocked=false","timestamp":"2026-09-01T12:00:13.232Z"}
{"level":"info","message":"LDO/USDC: live balance=134.49 pnl=0.00 open_positions=2 daily_pnl=0.00 blocked=false","timestamp":"2026-09-01T12:00:13.439Z"}
{"level":"info","message":"PAXG/USDC: live balance=134.49 pnl=0.00 open_positions=2 daily_pnl=0.00 blocked=false","timestamp":"2026-09-01T12:00:13.634Z"}
{"level":"info","message":"PIXEL/USDC: live balance=134.49 pnl=0.00 open_positions=2 daily_pnl=0.00 blocked=false","timestamp":"2026-09-01T12:00:13.836Z"}
{"level":"info","message":"THETA/USDC: live balance=134.49 pnl=0.00 open_positions=2 daily_pnl=0.00 blocked=false","timestamp":"2026-09-01T12:00:14.038Z"}
{"level":"info","message":"SUI/USDC: live balance=134.49 pnl=0.00 open_positions=2 daily_pnl=0.00 blocked=false","timestamp":"2026-09-01T12:00:14.234Z"}
{"level":"info","message":"SOL/USDC: live balance=134.49 pnl=0.00 open_positions=2 daily_pnl=0.00 blocked=false","timestamp":"2026-09-01T12:00:14.442Z"}
{"level":"info","message":"AVAX/USDC: live balance=134.49 pnl=0.00 open_positions=2 daily_pnl=0.00 blocked=false","timestamp":"2026-09-01T12:00:14.633Z"}
{"level":"info","message":"XRP/USDC: live balance=134.49 pnl=0.00 open_positions=2 daily_pnl=0.00 blocked=false","timestamp":"2026-09-01T12:00:15.034Z"}
{"level":"info","message":"DOGE/USDC: live balance=134.49 pnl=0.00 open_positions=2 daily_pnl=0.00 blocked=false","timestamp":"2026-09-01T12:00:15.236Z"}
{"level":"info","message":"INJ/USDC: live balance=134.49 pnl=0.00 open_positions=2 daily_pnl=0.00 blocked=false","timestamp":"2026-09-01T12:00:15.434Z"}
{"level":"info","message":"ETH/USDC: live balance=134.49 pnl=0.00 open_positions=2 daily_pnl=0.00 blocked=false","timestamp":"2026-09-01T12:00:15.634Z"}
{"level":"info","message":"LINK/USDC: live balance=134.49 pnl=0.00 open_positions=2 daily_pnl=0.00 blocked=false","timestamp":"2026-09-01T12:00:15.836Z"}
{"level":"info","message":"WLD/USDC: live balance=134.49 pnl=0.00 open_positions=2 daily_pnl=0.00 blocked=false","timestamp":"2026-09-01T12:00:16.033Z"}
{"level":"info","message":"RENDER/USDC: live balance=134.49 pnl=0.00 open_positions=2 daily_pnl=0.00 blocked=false","timestamp":"2026-09-01T12:00:16.233Z"}
{"level":"info","message":"ICP/USDC: live balance=134.49 pnl=0.00 open_positions=2 daily_pnl=0.00 blocked=false","timestamp":"2026-09-01T12:00:16.436Z"}
{"level":"info","message":"ENA/USDC: live balance=134.49 pnl=0.00 open_positions=2 daily_pnl=0.00 blocked=false","timestamp":"2026-09-01T12:00:16.634Z"}
{"level":"info","message":"APT/USDC: live balance=134.49 pnl=0.00 open_positions=2 daily_pnl=0.00 blocked=false","timestamp":"2026-09-01T12:00:16.836Z"}
{"level":"info","message":"MANTA/USDC: live balance=134.49 pnl=0.00 open_positions=2 daily_pnl=0.00 blocked=false","timestamp":"2026-09-01T12:00:17.038Z"}
{"level":"info","message":"TIA/USDC: live balance=134.49 pnl=0.00 open_positions=2 daily_pnl=0.00 blocked=false","timestamp":"2026-09-01T12:00:17.234Z"}
{"level":"info","message":"BTC/USDC: live balance=134.49 pnl=0.00 open_positions=2 daily_pnl=0.00 blocked=false","timestamp":"2026-09-01T12:00:17.433Z"}
{"level":"info","message":"PEPE/USDC: live balance=134.49 pnl=0.00 open_positions=2 daily_pnl=0.00 blocked=false","timestamp":"2026-09-01T12:00:17.634Z"}
{"level":"info","message":"ARB/USDC: live balance=134.49 pnl=0.00 open_positions=2 daily_pnl=0.00 blocked=false","timestamp":"2026-09-01T12:00:17.836Z"}
{"level":"info","message":"JUP/USDC: live balance=134.49 pnl=0.00 open_positions=2 daily_pnl=0.00 blocked=false","timestamp":"2026-09-01T12:00:18.039Z"}
{"level":"info","message":"ADA/USDC: live balance=134.49 pnl=0.00 open_positions=2 daily_pnl=0.00 blocked=false","timestamp":"2026-09-01T12:00:18.234Z"}
{"level":"info","message":"[TSM-CORE] rung 2@0.5 (HWM $243.16) · next de-risk at $320 HWM","timestamp":"2026-09-01T12:00:18.672Z"}
{"level":"info","message":"[TSM-CORE] BTC/USDC: votes 3/3 (enter ≥3, stay ≥2) · vol 40% → ×1.00 · macro risk-on","timestamp":"2026-09-01T12:00:18.682Z"}
{"level":"info","message":"[TSM-CORE] ETH/USDC: votes 3/3 (enter ≥3, stay ≥2) · vol 70% → ×0.86 · macro risk-on","timestamp":"2026-09-01T12:00:18.682Z"}
{"level":"info","message":"Next cycle aligned to candle close in 720 min (Wed, 02 Sep 2026 00:00:03 GMT)","timestamp":"2026-09-01T12:00:19.114Z"}
{"level":"debug","message":"[RISK-LOOP] checking 2 open position(s)","timestamp":"2026-09-01T12:01:53.411Z"}
{"level":"debug","message":"[RISK-LOOP] checking 2 open position(s)","timestamp":"2026-09-01T12:03:53.411Z"}
{"level":"debug","message":"[RISK-LOOP] checking 2 open position(s)","timestamp":"2026-09-01T12:05:53.418Z"}
{"level":"debug","message":"[RISK-LOOP] checking 2 open position(s)","timestamp":"2026-09-01T12:07:53.598Z"}
{"level":"debug","message":"[RISK-LOOP] checking 2 open position(s)","timestamp":"2026-09-01T12:09:53.415Z"}
{"level":"debug","message":"[RISK-LOOP] checking 2 open position(s)","timestamp":"2026-09-01T12:11:53.421Z"}
{"level":"info","message":"[MTF-CACHE] 15m refresh complete: 37/37 symbols","timestamp":"2026-09-01T12:13:12.057Z"}
{"level":"debug","message":"[RISK-LOOP] checking 2 open position(s)","timestamp":"2026-09-01T12:13:53.422Z"}
{"level":"debug","message":"[RISK-LOOP] checking 2 open position(s)","timestamp":"2026-09-01T12:15:53.423Z"}
{"level":"debug","message":"[RISK-LOOP] checking 2 open position(s)","timestamp":"2026-09-01T12:17:53.605Z"}
{"level":"debug","message":"[RISK-LOOP] checking 2 open position(s)","timestamp":"2026-09-01T12:19:53.431Z"}
{"level":"debug","message":"[RISK-LOOP] checking 2 open position(s)","timestamp":"2026-09-01T12:21:53.428Z"}
{"level":"debug","message":"[RISK-LOOP] checking 2 open position(s)","timestamp":"2026-09-01T12:23:53.439Z"}
{"level":"debug","message":"[RISK-LOOP] checking 2 open position(s)","timestamp":"2026-09-01T12:25:53.440Z"}
{"level":"debug","message":"[RISK-LOOP] checking 2 open position(s)","timestamp":"2026-09-01T12:27:53.617Z"}
{"level":"info","message":"[MTF-CACHE] 4h refresh complete: 37/37 symbols","timestamp":"2026-09-01T12:28:09.640Z"}
{"level":"info","message":"[MTF-CACHE] 15m refresh complete: 37/37 symbols","timestamp":"2026-09-01T12:28:12.291Z"}
{"level":"debug","message":"[RISK-LOOP] checking 2 open position(s)","timestamp":"2026-09-01T12:29:53.442Z"}
{"level":"debug","message":"[RISK-LOOP] checking 2 open position(s)","timestamp":"2026-09-01T12:31:53.443Z"}
{"level":"debug","message":"[RISK-LOOP] checking 2 open position(s)","timestamp":"2026-09-01T12:33:53.445Z"}
{"level":"debug","message":"[RISK-LOOP] checking 2 open position(s)","timestamp":"2026-09-01T12:35:53.448Z"}
{"level":"debug","message":"[RISK-LOOP] checking 2 open position(s)","timestamp":"2026-09-01T12:37:53.633Z"}
{"level":"debug","message":"[RISK-LOOP] checking 2 open position(s)","timestamp":"2026-09-01T12:39:53.453Z"}
{"level":"debug","message":"[RISK-LOOP] checking 2 open position(s)","timestamp":"2026-09-01T12:41:53.457Z"}
{"level":"info","message":"[MTF-CACHE] 15m refresh complete: 37/37 symbols","timestamp":"2026-09-01T12:43:12.763Z"}
{"level":"debug","message":"[RISK-LOOP] checking 2 open position(s)","timestamp":"2026-09-01T12:43:53.458Z"}
{"level":"debug","message":"[RISK-LOOP] checking 2 open position(s)","timestamp":"2026-09-01T12:45:53.463Z"}
{"level":"debug","message":"[RISK-LOOP] checking 2 open position(s)","timestamp":"2026-09-01T12:47:53.644Z"}
{"level":"debug","message":"[RISK-LOOP] checking 2 open position(s)","timestamp":"2026-09-01T12:49:53.468Z"}
{"level":"debug","message":"[RISK-LOOP] checking 2 open position(s)","timestamp":"2026-09-01T12:51:53.470Z"}
{"level":"debug","message":"[RISK-LOOP] checking 2 open position(s)","timestamp":"2026-09-01T12:53:53.473Z"}
{"level":"debug","message":"[RISK-LOOP] checking 2 open position(s)","timestamp":"2026-09-01T12:55:53.480Z"}
{"level":"debug","message":"[RISK-LOOP] checking 2 open position(s)","timestamp":"2026-09-01T12:57:53.656Z"}
{"level":"info","message":"[MTF-CACHE] 15m refresh complete: 37/37 symbols","timestamp":"2026-09-01T12:58:12.333Z"}
{"level":"debug","message":"[RISK-LOOP] checking 2 open position(s)","timestamp":"2026-09-01T12:59:53.481Z"}
{"level":"debug","message":"[RISK-LOOP] checking 2 open position(s)","timestamp":"2026-09-01T13:01:53.482Z"}
{"level":"debug","message":"[RISK-LOOP] checking 2 open position(s)","timestamp":"2026-09-01T13:03:53.486Z"}
{"level":"debug","message":"[RISK-LOOP] checking 2 open position(s)","timestamp":"2026-09-01T13:05:53.485Z"}
{"level":"debug","message":"[RISK-LOOP] checking 2 open position(s)","timestamp":"2026-09-01T13:07:53.669Z"}
{"level":"debug","message":"[RISK-LOOP] checking 2 open position(s)","timestamp":"2026-09-01T13:09:53.492Z"}
{"level":"debug","message":"[RISK-LOOP] checking 2 open position(s)","timestamp":"2026-09-01T13:11:53.490Z"}
{"level":"info","message":"[MTF-CACHE] 15m refresh complete: 37/37 symbols","timestamp":"2026-09-01T13:13:12.081Z"}
{"level":"debug","message":"[RISK-LOOP] checking 2 open position(s)","timestamp":"2026-09-01T13:13:53.497Z"}
{"level":"debug","message":"[RISK-LOOP] checking 2 open position(s)","timestamp":"2026-09-01T13:15:53.495Z"}
{"level":"debug","message":"[RISK-LOOP] checking 2 open position(s)","timestamp":"2026-09-01T13:17:53.684Z"}
{"level":"debug","message":"[RISK-LOOP] checking 2 open position(s)","timestamp":"2026-09-01T13:19:53.504Z"}
{"level":"debug","message":"[RISK-LOOP] checking 2 open position(s)","timestamp":"2026-09-01T13:21:53.504Z"}
{"level":"debug","message":"[RISK-LOOP] checking 2 open position(s)","timestamp":"2026-09-01T13:23:53.507Z"}
{"level":"debug","message":"[RISK-LOOP] checking 2 open position(s)","timestamp":"2026-09-01T13:25:53.508Z"}
{"level":"debug","message":"[RISK-LOOP] checking 2 open position(s)","timestamp":"2026-09-01T13:27:53.688Z"}
{"level":"info","message":"[MTF-CACHE] 15m refresh complete: 37/37 symbols","timestamp":"2026-09-01T13:28:12.216Z"}
{"level":"debug","message":"[RISK-LOOP] checking 2 open position(s)","timestamp":"2026-09-01T13:29:53.510Z"}
{"level":"debug","message":"[RISK-LOOP] checking 2 open position(s)","timestamp":"2026-09-01T13:31:53.509Z"}
{"level":"debug","message":"[RISK-LOOP] checking 2 open position(s)","timestamp":"2026-09-01T13:33:53.512Z"}
{"level":"debug","message":"[RISK-LOOP] checking 2 open position(s)","timestamp":"2026-09-01T13:35:53.516Z"}
{"level":"debug","message":"[RISK-LOOP] checking 2 open position(s)","timestamp":"2026-09-01T13:37:53.695Z"}
{"level":"debug","message":"[RISK-LOOP] checking 2 open position(s)","timestamp":"2026-09-01T13:39:53.513Z"}
{"level":"debug","message":"[RISK-LOOP] checking 2 open position(s)","timestamp":"2026-09-01T13:41:53.517Z"}
{"level":"info","message":"[MTF-CACHE] 15m refresh complete: 37/37 symbols","timestamp":"2026-09-01T13:43:12.329Z"}
{"level":"debug","message":"[RISK-LOOP] checking 2 open position(s)","timestamp":"2026-09-01T13:43:53.516Z"}
{"level":"debug","message":"[RISK-LOOP] checking 2 open position(s)","timestamp":"2026-09-01T13:45:53.519Z"}
{"level":"debug","message":"[RISK-LOOP] checking 2 open position(s)","timestamp":"2026-09-01T13:47:53.703Z"}
{"level":"debug","message":"[RISK-LOOP] checking 2 open position(s)","timestamp":"2026-09-01T13:49:53.522Z"}
{"level":"debug","message":"[RISK-LOOP] checking 2 open position(s)","timestamp":"2026-09-01T13:51:53.524Z"}
{"level":"debug","message":"[RISK-LOOP] checking 2 open position(s)","timestamp":"2026-09-01T13:53:53.530Z"}
{"level":"debug","message":"[RISK-LOOP] checking 2 open position(s)","timestamp":"2026-09-01T13:55:53.532Z"}
{"level":"debug","message":"[RISK-LOOP] checking 2 open position(s)","timestamp":"2026-09-01T13:57:53.525Z"}
{"level":"info","message":"[MTF-CACHE] 15m refresh complete: 37/37 symbols","timestamp":"2026-09-01T13:58:12.143Z"}
{"level":"debug","message":"[RISK-LOOP] checking 2 open position(s)","timestamp":"2026-09-01T13:59:53.532Z"}
{"level":"debug","message":"[RISK-LOOP] checking 2 open position(s)","timestamp":"2026-09-01T14:01:53.531Z"}
{"level":"debug","message":"[RISK-LOOP] checking 2 open position(s)","timestamp":"2026-09-01T14:03:53.533Z"}
{"level":"debug","message":"[RISK-LOOP] checking 2 open position(s)","timestamp":"2026-09-01T14:05:53.536Z"}
{"level":"debug","message":"[RISK-LOOP] checking 2 open position(s)","timestamp":"2026-09-01T14:07:53.537Z"}
{"level":"debug","message":"[RISK-LOOP] checking 2 open position(s)","timestamp":"2026-09-01T14:09:53.538Z"}
{"level":"debug","message":"[RISK-LOOP] checking 2 open position(s)","timestamp":"2026-09-01T14:11:53.538Z"}
{"level":"info","message":"[MTF-CACHE] 15m refresh complete: 37/37 symbols","timestamp":"2026-09-01T14:13:12.050Z"}
{"level":"debug","message":"[RISK-LOOP] checking 2 open position(s)","timestamp":"2026-09-01T14:13:53.539Z"}
{"level":"debug","message":"[RISK-LOOP] checking 2 open position(s)","timestamp":"2026-09-01T14:15:53.541Z"}
{"level":"debug","message":"[RISK-LOOP] checking 2 open position(s)","timestamp":"2026-09-01T14:17:53.540Z"}
{"level":"debug","message":"[RISK-LOOP] checking 2 open position(s)","timestamp":"2026-09-01T14:19:53.543Z"}
{"level":"debug","message":"[RISK-LOOP] checking 2 open position(s)","timestamp":"2026-09-01T14:21:53.547Z"}
{"level":"debug","message":"[RISK-LOOP] checking 2 open position(s)","timestamp":"2026-09-01T14:23:53.545Z"}
{"level":"debug","message":"[RISK-LOOP] checking 2 open position(s)","timestamp":"2026-09-01T14:25:53.543Z"}
{"level":"debug","message":"[RISK-LOOP] checking 2 open position(s)","timestamp":"2026-09-01T14:27:53.594Z"}
{"level":"info","message":"[MTF-CACHE] 15m refresh complete: 37/37 symbols","timestamp":"2026-09-01T14:28:12.084Z"}
{"level":"debug","message":"[RISK-LOOP] checking 2 open position(s)","timestamp":"2026-09-01T14:29:53.545Z"}
{"level":"debug","message":"[RISK-LOOP] checking 2 open position(s)","timestamp":"2026-09-01T14:31:53.548Z"}
{"level":"debug","message":"[RISK-LOOP] checking 2 open position(s)","timestamp":"2026-09-01T14:33:53.548Z"}
{"level":"debug","message":"[RISK-LOOP] checking 2 open position(s)","timestamp":"2026-09-01T14:35:53.548Z"}
{"level":"debug","message":"[RISK-LOOP] checking 2 open position(s)","timestamp":"2026-09-01T14:37:53.766Z"}
{"level":"debug","message":"[RISK-LOOP] checking 2 open position(s)","timestamp":"2026-09-01T14:39:53.648Z"}
{"level":"debug","message":"[RISK-LOOP] checking 2 open position(s)","timestamp":"2026-09-01T14:41:53.725Z"}
{"level":"info","message":"[MTF-CACHE] 15m refresh complete: 37/37 symbols","timestamp":"2026-09-01T14:43:12.157Z"}
{"level":"debug","message":"[RISK-LOOP] checking 2 open position(s)","timestamp":"2026-09-01T14:43:53.730Z"}
{"level":"debug","message":"[RISK-LOOP] checking 2 open position(s)","timestamp":"2026-09-01T14:45:53.728Z"}
{"level":"debug","message":"[RISK-LOOP] checking 2 open position(s)","timestamp":"2026-09-01T14:47:53.841Z"}
{"level":"debug","message":"[RISK-LOOP] checking 2 open position(s)","timestamp":"2026-09-01T14:49:53.741Z"}
{"level":"debug","message":"[RISK-LOOP] checking 2 open position(s)","timestamp":"2026-09-01T14:51:53.551Z"}
{"level":"debug","message":"[RISK-LOOP] checking 2 open position(s)","timestamp":"2026-09-01T14:53:53.592Z"}
{"level":"debug","message":"[RISK-LOOP] checking 2 open position(s)","timestamp":"2026-09-01T14:55:53.553Z"}
{"level":"debug","message":"[RISK-LOOP] checking 2 open position(s)","timestamp":"2026-09-01T14:57:53.734Z"}
{"level":"info","message":"[MTF-CACHE] 15m refresh complete: 37/37 symbols","timestamp":"2026-09-01T14:58:12.656Z"}
{"level":"debug","message":"[RISK-LOOP] checking 2 open position(s)","timestamp":"2026-09-01T14:59:53.556Z"}
{"level":"debug","message":"[RISK-LOOP] checking 2 open position(s)","timestamp":"2026-09-01T15:01:53.566Z"}
{"level":"debug","message":"[RISK-LOOP] checking 2 open position(s)","timestamp":"2026-09-01T15:03:53.567Z"}
{"level":"debug","message":"[RISK-LOOP] checking 2 open position(s)","timestamp":"2026-09-01T15:05:53.569Z"}
{"level":"debug","message":"[RISK-LOOP] checking 2 open position(s)","timestamp":"2026-09-01T15:07:53.759Z"}
{"level":"debug","message":"[RISK-LOOP] checking 2 open position(s)","timestamp":"2026-09-01T15:09:53.572Z"}
{"level":"debug","message":"[RISK-LOOP] checking 2 open position(s)","timestamp":"2026-09-01T15:11:53.572Z"}
{"level":"info","message":"[MTF-CACHE] 15m refresh complete: 37/37 symbols","timestamp":"2026-09-01T15:13:12.627Z"}
{"level":"debug","message":"[RISK-LOOP] checking 2 open position(s)","timestamp":"2026-09-01T15:13:53.577Z"}
{"level":"debug","message":"[RISK-LOOP] checking 2 open position(s)","timestamp":"2026-09-01T15:15:53.575Z"}
{"level":"debug","message":"[RISK-LOOP] checking 2 open position(s)","timestamp":"2026-09-01T15:17:53.761Z"}
{"level":"debug","message":"[RISK-LOOP] checking 2 open position(s)","timestamp":"2026-09-01T15:19:53.579Z"}
{"level":"debug","message":"[RISK-LOOP] checking 2 open position(s)","timestamp":"2026-09-01T15:21:53.581Z"}
{"level":"debug","message":"[RISK-LOOP] checking 2 open position(s)","timestamp":"2026-09-01T15:23:53.583Z"}
{"level":"debug","message":"[RISK-LOOP] checking 2 open position(s)","timestamp":"2026-09-01T15:25:53.587Z"}
{"level":"debug","message":"[RISK-LOOP] checking 2 open position(s)","timestamp":"2026-09-01T15:27:53.771Z"}
{"level":"info","message":"[MTF-CACHE] 15m refresh complete: 37/37 symbols","timestamp":"2026-09-01T15:28:12.042Z"}
{"level":"debug","message":"[RISK-LOOP] checking 2 open position(s)","timestamp":"2026-09-01T15:29:53.594Z"}
{"level":"debug","message":"[RISK-LOOP] checking 2 open position(s)","timestamp":"2026-09-01T15:31:53.600Z"}
{"level":"debug","message":"[RISK-LOOP] checking 2 open position(s)","timestamp":"2026-09-01T15:33:53.604Z"}
{"level":"debug","message":"[RISK-LOOP] checking 2 open position(s)","timestamp":"2026-09-01T15:35:53.608Z"}
{"level":"debug","message":"[RISK-LOOP] checking 2 open position(s)","timestamp":"2026-09-01T15:37:53.788Z"}
{"level":"debug","message":"[RISK-LOOP] checking 2 open position(s)","timestamp":"2026-09-01T15:39:53.612Z"}
{"level":"debug","message":"[RISK-LOOP] checking 2 open position(s)","timestamp":"2026-09-01T15:41:53.611Z"}
{"level":"info","message":"[MTF-CACHE] 15m refresh complete: 37/37 symbols","timestamp":"2026-09-01T15:43:12.204Z"}
{"level":"debug","message":"[RISK-LOOP] checking 2 open position(s)","timestamp":"2026-09-01T15:43:53.615Z"}
{"level":"debug","message":"[RISK-LOOP] checking 2 open position(s)","timestamp":"2026-09-01T15:45:53.615Z"}
{"level":"debug","message":"[RISK-LOOP] checking 2 open position(s)","timestamp":"2026-09-01T15:47:53.797Z"}
{"level":"debug","message":"[RISK-LOOP] checking 2 open position(s)","timestamp":"2026-09-01T15:49:53.620Z"}
{"level":"debug","message":"[RISK-LOOP] checking 2 open position(s)","timestamp":"2026-09-01T15:51:53.624Z"}
{"level":"debug","message":"[RISK-LOOP] checking 2 open position(s)","timestamp":"2026-09-01T15:53:53.625Z"}
{"level":"debug","message":"[RISK-LOOP] checking 2 open position(s)","timestamp":"2026-09-01T15:55:53.627Z"}
{"level":"debug","message":"[RISK-LOOP] checking 2 open position(s)","timestamp":"2026-09-01T15:57:53.805Z"}
{"level":"info","message":"[MTF-CACHE] 15m refresh complete: 37/37 symbols","timestamp":"2026-09-01T15:58:12.074Z"}
{"level":"debug","message":"[RISK-LOOP] checking 2 open position(s)","timestamp":"2026-09-01T15:59:53.633Z"}
{"level":"debug","message":"[RISK-LOOP] checking 2 open position(s)","timestamp":"2026-09-01T16:01:53.634Z"}
{"level":"debug","message":"[RISK-LOOP] checking 2 open position(s)","timestamp":"2026-09-01T16:03:53.640Z"}
{"level":"debug","message":"[RISK-LOOP] checking 2 open position(s)","timestamp":"2026-09-01T16:05:53.637Z"}
{"level":"debug","message":"[RISK-LOOP] checking 2 open position(s)","timestamp":"2026-09-01T16:07:53.820Z"}
{"level":"debug","message":"[RISK-LOOP] checking 2 open position(s)","timestamp":"2026-09-01T16:09:53.643Z"}
{"level":"debug","message":"[RISK-LOOP] checking 2 open position(s)","timestamp":"2026-09-01T16:11:53.646Z"}
{"level":"info","message":"[MTF-CACHE] 15m refresh complete: 37/37 symbols","timestamp":"2026-09-01T16:13:12.115Z"}
{"level":"debug","message":"[RISK-LOOP] checking 2 open position(s)","timestamp":"2026-09-01T16:13:53.647Z"}
{"level":"debug","message":"[RISK-LOOP] checking 2 open position(s)","timestamp":"2026-09-01T16:15:53.649Z"}
{"level":"debug","message":"[RISK-LOOP] checking 2 open position(s)","timestamp":"2026-09-01T16:17:53.830Z"}
{"level":"debug","message":"[RISK-LOOP] checking 2 open position(s)","timestamp":"2026-09-01T16:19:53.652Z"}
{"level":"debug","message":"[RISK-LOOP] checking 2 open position(s)","timestamp":"2026-09-01T16:21:53.653Z"}
{"level":"debug","message":"[RISK-LOOP] checking 2 open position(s)","timestamp":"2026-09-01T16:23:53.654Z"}
{"level":"debug","message":"[RISK-LOOP] checking 2 open position(s)","timestamp":"2026-09-01T16:25:53.658Z"}
{"level":"debug","message":"[RISK-LOOP] checking 2 open position(s)","timestamp":"2026-09-01T16:27:53.841Z"}
{"level":"info","message":"[MTF-CACHE] 4h refresh complete: 37/37 symbols","timestamp":"2026-09-01T16:28:09.215Z"}
{"level":"info","message":"[MTF-CACHE] 15m refresh complete: 37/37 symbols","timestamp":"2026-09-01T16:28:12.066Z"}
{"level":"debug","message":"[RISK-LOOP] checking 2 open position(s)","timestamp":"2026-09-01T16:29:53.660Z"}
{"level":"debug","message":"[RISK-LOOP] checking 2 open position(s)","timestamp":"2026-09-01T16:31:53.661Z"}
{"level":"debug","message":"[RISK-LOOP] checking 2 open position(s)","timestamp":"2026-09-01T16:33:53.665Z"}
{"level":"debug","message":"[RISK-LOOP] checking 2 open position(s)","timestamp":"2026-09-01T16:35:53.668Z"}
{"level":"debug","message":"[RISK-LOOP] checking 2 open position(s)","timestamp":"2026-09-01T16:37:53.665Z"}
{"level":"debug","message":"[RISK-LOOP] checking 2 open position(s)","timestamp":"2026-09-01T16:39:53.665Z"}
{"level":"debug","message":"[RISK-LOOP] checking 2 open position(s)","timestamp":"2026-09-01T16:41:53.666Z"}
{"level":"info","message":"[MTF-CACHE] 15m refresh complete: 37/37 symbols","timestamp":"2026-09-01T16:43:12.578Z"}
{"level":"debug","message":"[RISK-LOOP] checking 2 open position(s)","timestamp":"2026-09-01T16:43:53.670Z"}
{"level":"debug","message":"[RISK-LOOP] checking 2 open position(s)","timestamp":"2026-09-01T16:45:53.669Z"}
{"level":"debug","message":"[RISK-LOOP] checking 2 open position(s)","timestamp":"2026-09-01T16:47:53.670Z"}
{"level":"debug","message":"[RISK-LOOP] checking 2 open position(s)","timestamp":"2026-09-01T16:49:53.673Z"}
{"level":"debug","message":"[RISK-LOOP] checking 2 open position(s)","timestamp":"2026-09-01T16:51:53.676Z"}
{"level":"debug","message":"[RISK-LOOP] checking 2 open position(s)","timestamp":"2026-09-01T16:53:53.684Z"}
{"level":"debug","message":"[RISK-LOOP] checking 2 open position(s)","timestamp":"2026-09-01T16:55:53.675Z"}
{"level":"debug","message":"[RISK-LOOP] checking 2 open position(s)","timestamp":"2026-09-01T16:57:53.675Z"}
{"level":"info","message":"[MTF-CACHE] 15m refresh complete: 37/37 symbols","timestamp":"2026-09-01T16:58:13.382Z"}
{"level":"debug","message":"[RISK-LOOP] checking 2 open position(s)","timestamp":"2026-09-01T16:59:53.677Z"}
{"level":"debug","message":"[RISK-LOOP] checking 2 open position(s)","timestamp":"2026-09-01T17:01:53.676Z"}
{"level":"debug","message":"[RISK-LOOP] checking 2 open position(s)","timestamp":"2026-09-01T17:03:53.678Z"}
{"level":"debug","message":"[RISK-LOOP] checking 2 open position(s)","timestamp":"2026-09-01T17:05:53.682Z"}
{"level":"debug","message":"[RISK-LOOP] checking 2 open position(s)","timestamp":"2026-09-01T17:07:53.678Z"}
{"level":"debug","message":"[RISK-LOOP] checking 2 open position(s)","timestamp":"2026-09-01T17:09:53.681Z"}
{"level":"debug","message":"[RISK-LOOP] checking 2 open position(s)","timestamp":"2026-09-01T17:11:53.682Z"}
{"level":"info","message":"[MTF-CACHE] 15m refresh complete: 37/37 symbols","timestamp":"2026-09-01T17:13:13.202Z"}
{"level":"debug","message":"[RISK-LOOP] checking 2 open position(s)","timestamp":"2026-09-01T17:13:53.683Z"}
{"level":"debug","message":"[RISK-LOOP] checking 2 open position(s)","timestamp":"2026-09-01T17:15:53.687Z"}
{"level":"debug","message":"[RISK-LOOP] checking 2 open position(s)","timestamp":"2026-09-01T17:17:53.729Z"}
{"level":"debug","message":"[RISK-LOOP] checking 2 open position(s)","timestamp":"2026-09-01T17:19:53.684Z"}
{"level":"debug","message":"[RISK-LOOP] checking 2 open position(s)","timestamp":"2026-09-01T17:21:53.682Z"}
{"level":"debug","message":"[RISK-LOOP] checking 2 open position(s)","timestamp":"2026-09-01T17:23:53.682Z"}
{"level":"debug","message":"[RISK-LOOP] checking 2 open position(s)","timestamp":"2026-09-01T17:25:53.748Z"}
{"level":"debug","message":"[RISK-LOOP] checking 2 open position(s)","timestamp":"2026-09-01T17:27:53.862Z"}
{"level":"info","message":"[MTF-CACHE] 15m refresh complete: 37/37 symbols","timestamp":"2026-09-01T17:28:12.268Z"}
{"level":"debug","message":"[RISK-LOOP] checking 2 open position(s)","timestamp":"2026-09-01T17:29:53.879Z"}
{"level":"debug","message":"[RISK-LOOP] checking 2 open position(s)","timestamp":"2026-09-01T17:31:53.871Z"}
{"level":"debug","message":"[RISK-LOOP] checking 2 open position(s)","timestamp":"2026-09-01T17:33:53.868Z"}
{"level":"debug","message":"[RISK-LOOP] checking 2 open position(s)","timestamp":"2026-09-01T17:35:53.866Z"}
{"level":"debug","message":"[RISK-LOOP] checking 2 open position(s)","timestamp":"2026-09-01T17:37:54.045Z"}
{"level":"debug","message":"[RISK-LOOP] checking 2 open position(s)","timestamp":"2026-09-01T17:39:53.688Z"}
{"level":"debug","message":"[RISK-LOOP] checking 2 open position(s)","timestamp":"2026-09-01T17:41:53.693Z"}
{"level":"info","message":"[MTF-CACHE] 15m refresh complete: 37/37 symbols","timestamp":"2026-09-01T17:43:12.271Z"}
{"level":"debug","message":"[RISK-LOOP] checking 2 open position(s)","timestamp":"2026-09-01T17:43:53.692Z"}
{"level":"debug","message":"[RISK-LOOP] checking 2 open position(s)","timestamp":"2026-09-01T17:45:53.696Z"}
{"level":"debug","message":"[RISK-LOOP] checking 2 open position(s)","timestamp":"2026-09-01T17:47:53.876Z"}
{"level":"debug","message":"[RISK-LOOP] checking 2 open position(s)","timestamp":"2026-09-01T17:49:53.698Z"}
{"level":"debug","message":"[RISK-LOOP] checking 2 open position(s)","timestamp":"2026-09-01T17:51:53.702Z"}
{"level":"debug","message":"[RISK-LOOP] checking 2 open position(s)","timestamp":"2026-09-01T17:53:53.704Z"}
{"level":"debug","message":"[RISK-LOOP] checking 2 open position(s)","timestamp":"2026-09-01T17:55:53.706Z"}
{"level":"debug","message":"[RISK-LOOP] checking 2 open position(s)","timestamp":"2026-09-01T17:57:53.887Z"}
{"level":"info","message":"[MTF-CACHE] 15m refresh complete: 37/37 symbols","timestamp":"2026-09-01T17:58:12.107Z"}
{"level":"debug","message":"[RISK-LOOP] checking 2 open position(s)","timestamp":"2026-09-01T17:59:53.713Z"}
{"level":"debug","message":"[RISK-LOOP] checking 2 open position(s)","timestamp":"2026-09-01T18:01:53.715Z"}
{"level":"debug","message":"[RISK-LOOP] checking 2 open position(s)","timestamp":"2026-09-01T18:03:53.709Z"}
{"level":"debug","message":"[RISK-LOOP] checking 2 open position(s)","timestamp":"2026-09-01T18:05:53.713Z"}
{"level":"debug","message":"[RISK-LOOP] checking 2 open position(s)","timestamp":"2026-09-01T18:07:53.895Z"}
{"level":"debug","message":"[RISK-LOOP] checking 2 open position(s)","timestamp":"2026-09-01T18:09:53.718Z"}
{"level":"debug","message":"[RISK-LOOP] checking 2 open position(s)","timestamp":"2026-09-01T18:11:53.722Z"}
{"level":"info","message":"[MTF-CACHE] 15m refresh complete: 37/37 symbols","timestamp":"2026-09-01T18:13:12.146Z"}
{"level":"debug","message":"[RISK-LOOP] checking 2 open position(s)","timestamp":"2026-09-01T18:13:53.724Z"}
{"level":"debug","message":"[RISK-LOOP] checking 2 open position(s)","timestamp":"2026-09-01T18:15:53.728Z"}
{"level":"debug","message":"[RISK-LOOP] checking 2 open position(s)","timestamp":"2026-09-01T18:17:53.911Z"}
{"level":"debug","message":"[RISK-LOOP] checking 2 open position(s)","timestamp":"2026-09-01T18:19:53.734Z"}
{"level":"debug","message":"[RISK-LOOP] checking 2 open position(s)","timestamp":"2026-09-01T18:21:53.742Z"}
{"level":"debug","message":"[RISK-LOOP] checking 2 open position(s)","timestamp":"2026-09-01T18:23:53.737Z"}
{"level":"debug","message":"[RISK-LOOP] checking 2 open position(s)","timestamp":"2026-09-01T18:25:53.741Z"}
{"level":"debug","message":"[RISK-LOOP] checking 2 open position(s)","timestamp":"2026-09-01T18:27:53.923Z"}
{"level":"info","message":"[MTF-CACHE] 15m refresh complete: 37/37 symbols","timestamp":"2026-09-01T18:28:13.523Z"}
{"level":"debug","message":"[RISK-LOOP] checking 2 open position(s)","timestamp":"2026-09-01T18:29:53.745Z"}
{"level":"debug","message":"[RISK-LOOP] checking 2 open position(s)","timestamp":"2026-09-01T18:31:53.749Z"}
{"level":"debug","message":"[RISK-LOOP] checking 2 open position(s)","timestamp":"2026-09-01T18:33:53.758Z"}
{"level":"debug","message":"[RISK-LOOP] checking 2 open position(s)","timestamp":"2026-09-01T18:35:53.754Z"}
{"level":"debug","message":"[RISK-LOOP] checking 2 open position(s)","timestamp":"2026-09-01T18:37:53.935Z"}
{"level":"debug","message":"[RISK-LOOP] checking 2 open position(s)","timestamp":"2026-09-01T18:39:53.756Z"}
{"level":"debug","message":"[RISK-LOOP] checking 2 open position(s)","timestamp":"2026-09-01T18:41:53.759Z"}
{"level":"info","message":"[MTF-CACHE] 15m refresh complete: 37/37 symbols","timestamp":"2026-09-01T18:43:12.151Z"}
{"level":"debug","message":"[RISK-LOOP] checking 2 open position(s)","timestamp":"2026-09-01T18:43:53.759Z"}
{"level":"debug","message":"[RISK-LOOP] checking 2 open position(s)","timestamp":"2026-09-01T18:45:53.763Z"}
{"level":"debug","message":"[RISK-LOOP] checking 2 open position(s)","timestamp":"2026-09-01T18:47:53.942Z"}
{"level":"debug","message":"[RISK-LOOP] checking 2 open position(s)","timestamp":"2026-09-01T18:49:53.768Z"}
{"level":"debug","message":"[RISK-LOOP] checking 2 open position(s)","timestamp":"2026-09-01T18:51:53.766Z"}
{"level":"debug","message":"[RISK-LOOP] checking 2 open position(s)","timestamp":"2026-09-01T18:53:53.778Z"}
{"level":"debug","message":"[RISK-LOOP] checking 2 open position(s)","timestamp":"2026-09-01T18:55:53.773Z"}
{"level":"debug","message":"[RISK-LOOP] checking 2 open position(s)","timestamp":"2026-09-01T18:57:54.416Z"}
{"level":"info","message":"[MTF-CACHE] 15m refresh complete: 37/37 symbols","timestamp":"2026-09-01T18:58:13.791Z"}
{"level":"debug","message":"[RISK-LOOP] checking 2 open position(s)","timestamp":"2026-09-01T18:59:53.775Z"}
{"level":"debug","message":"[RISK-LOOP] checking 2 open position(s)","timestamp":"2026-09-01T19:01:53.774Z"}
{"level":"debug","message":"[RISK-LOOP] checking 2 open position(s)","timestamp":"2026-09-01T19:03:53.780Z"}
{"level":"debug","message":"[RISK-LOOP] checking 2 open position(s)","timestamp":"2026-09-01T19:05:53.778Z"}
{"level":"debug","message":"[RISK-LOOP] checking 2 open position(s)","timestamp":"2026-09-01T19:07:53.959Z"}
{"level":"debug","message":"[RISK-LOOP] checking 2 open position(s)","timestamp":"2026-09-01T19:09:53.778Z"}
{"level":"debug","message":"[RISK-LOOP] checking 2 open position(s)","timestamp":"2026-09-01T19:11:53.782Z"}
{"level":"info","message":"[MTF-CACHE] 15m refresh complete: 37/37 symbols","timestamp":"2026-09-01T19:13:12.661Z"}
{"level":"debug","message":"[RISK-LOOP] checking 2 open position(s)","timestamp":"2026-09-01T19:13:53.783Z"}
{"level":"debug","message":"[RISK-LOOP] checking 2 open position(s)","timestamp":"2026-09-01T19:15:53.784Z"}
{"level":"debug","message":"[RISK-LOOP] checking 2 open position(s)","timestamp":"2026-09-01T19:17:53.786Z"}
{"level":"debug","message":"[RISK-LOOP] checking 2 open position(s)","timestamp":"2026-09-01T19:19:53.783Z"}
{"level":"debug","message":"[RISK-LOOP] checking 2 open position(s)","timestamp":"2026-09-01T19:21:54.044Z"}
{"level":"debug","message":"[RISK-LOOP] checking 2 open position(s)","timestamp":"2026-09-01T19:23:53.792Z"}
{"level":"debug","message":"[RISK-LOOP] checking 2 open position(s)","timestamp":"2026-09-01T19:25:53.785Z"}
{"level":"debug","message":"[RISK-LOOP] checking 2 open position(s)","timestamp":"2026-09-01T19:27:53.788Z"}
{"level":"info","message":"[MTF-CACHE] 15m refresh complete: 37/37 symbols","timestamp":"2026-09-01T19:28:12.328Z"}
{"level":"debug","message":"[RISK-LOOP] checking 2 open position(s)","timestamp":"2026-09-01T19:29:53.793Z"}
{"level":"debug","message":"[RISK-LOOP] checking 2 open position(s)","timestamp":"2026-09-01T19:31:53.792Z"}
{"level":"debug","message":"[RISK-LOOP] checking 2 open position(s)","timestamp":"2026-09-01T19:33:53.793Z"}
{"level":"debug","message":"[RISK-LOOP] checking 2 open position(s)","timestamp":"2026-09-01T19:35:53.795Z"}
{"level":"debug","message":"[RISK-LOOP] checking 2 open position(s)","timestamp":"2026-09-01T19:37:53.791Z"}
{"level":"debug","message":"[RISK-LOOP] checking 2 open position(s)","timestamp":"2026-09-01T19:39:53.800Z"}
{"level":"debug","message":"[RISK-LOOP] checking 2 open position(s)","timestamp":"2026-09-01T19:41:53.797Z"}
{"level":"info","message":"[MTF-CACHE] 15m refresh complete: 37/37 symbols","timestamp":"2026-09-01T19:43:14.119Z"}
{"level":"debug","message":"[RISK-LOOP] checking 2 open position(s)","timestamp":"2026-09-01T19:43:53.798Z"}
{"level":"debug","message":"[RISK-LOOP] checking 2 open position(s)","timestamp":"2026-09-01T19:45:53.800Z"}
{"level":"debug","message":"[RISK-LOOP] checking 2 open position(s)","timestamp":"2026-09-01T19:47:53.799Z"}
{"level":"debug","message":"[RISK-LOOP] checking 2 open position(s)","timestamp":"2026-09-01T19:49:53.799Z"}
{"level":"debug","message":"[RISK-LOOP] checking 2 open position(s)","timestamp":"2026-09-01T19:51:53.801Z"}
{"level":"debug","message":"[RISK-LOOP] checking 2 open position(s)","timestamp":"2026-09-01T19:53:53.796Z"}
{"level":"debug","message":"[RISK-LOOP] checking 2 open position(s)","timestamp":"2026-09-01T19:55:53.802Z"}
{"level":"debug","message":"[RISK-LOOP] checking 2 open position(s)","timestamp":"2026-09-01T19:57:53.842Z"}
{"level":"info","message":"[MTF-CACHE] 15m refresh complete: 37/37 symbols","timestamp":"2026-09-01T19:58:12.806Z"}
{"level":"debug","message":"[RISK-LOOP] checking 2 open position(s)","timestamp":"2026-09-01T19:59:53.797Z"}
{"level":"debug","message":"[RISK-LOOP] checking 2 open position(s)","timestamp":"2026-09-01T20:01:53.797Z"}
{"level":"debug","message":"[RISK-LOOP] checking 2 open position(s)","timestamp":"2026-09-01T20:03:53.866Z"}
{"level":"debug","message":"[RISK-LOOP] checking 2 open position(s)","timestamp":"2026-09-01T20:05:53.798Z"}
{"level":"debug","message":"[RISK-LOOP] checking 2 open position(s)","timestamp":"2026-09-01T20:07:53.925Z"}
{"level":"debug","message":"[RISK-LOOP] checking 2 open position(s)","timestamp":"2026-09-01T20:09:53.801Z"}
{"level":"debug","message":"[RISK-LOOP] checking 2 open position(s)","timestamp":"2026-09-01T20:11:53.859Z"}
{"level":"info","message":"[MTF-CACHE] 15m refresh complete: 37/37 symbols","timestamp":"2026-09-01T20:13:12.147Z"}
{"level":"debug","message":"[RISK-LOOP] checking 2 open position(s)","timestamp":"2026-09-01T20:13:53.918Z"}
{"level":"debug","message":"[RISK-LOOP] checking 2 open position(s)","timestamp":"2026-09-01T20:15:53.992Z"}
{"level":"debug","message":"[RISK-LOOP] checking 2 open position(s)","timestamp":"2026-09-01T20:17:53.977Z"}
{"level":"debug","message":"[RISK-LOOP] checking 2 open position(s)","timestamp":"2026-09-01T20:19:53.976Z"}
{"level":"debug","message":"[RISK-LOOP] checking 2 open position(s)","timestamp":"2026-09-01T20:21:53.983Z"}
{"level":"debug","message":"[RISK-LOOP] checking 2 open position(s)","timestamp":"2026-09-01T20:23:53.977Z"}
{"level":"debug","message":"[RISK-LOOP] checking 2 open position(s)","timestamp":"2026-09-01T20:25:53.804Z"}
{"level":"debug","message":"[RISK-LOOP] checking 2 open position(s)","timestamp":"2026-09-01T20:27:53.983Z"}
{"level":"info","message":"[MTF-CACHE] 4h refresh complete: 37/37 symbols","timestamp":"2026-09-01T20:28:09.100Z"}
{"level":"info","message":"[MTF-CACHE] 15m refresh complete: 37/37 symbols","timestamp":"2026-09-01T20:28:11.991Z"}
{"level":"debug","message":"[RISK-LOOP] checking 2 open position(s)","timestamp":"2026-09-01T20:29:53.821Z"}
{"level":"debug","message":"[RISK-LOOP] checking 2 open position(s)","timestamp":"2026-09-01T20:31:53.809Z"}
{"level":"debug","message":"[RISK-LOOP] checking 2 open position(s)","timestamp":"2026-09-01T20:33:53.811Z"}
{"level":"debug","message":"[RISK-LOOP] checking 2 open position(s)","timestamp":"2026-09-01T20:35:53.813Z"}
{"level":"debug","message":"[RISK-LOOP] checking 2 open position(s)","timestamp":"2026-09-01T20:37:53.994Z"}
{"level":"debug","message":"[RISK-LOOP] checking 2 open position(s)","timestamp":"2026-09-01T20:39:53.816Z"}
{"level":"debug","message":"[RISK-LOOP] checking 2 open position(s)","timestamp":"2026-09-01T20:41:53.818Z"}
{"level":"info","message":"[MTF-CACHE] 15m refresh complete: 37/37 symbols","timestamp":"2026-09-01T20:43:12.156Z"}
{"level":"debug","message":"[RISK-LOOP] checking 2 open position(s)","timestamp":"2026-09-01T20:43:53.822Z"}
{"level":"debug","message":"[RISK-LOOP] checking 2 open position(s)","timestamp":"2026-09-01T20:45:53.821Z"}
{"level":"debug","message":"[RISK-LOOP] checking 2 open position(s)","timestamp":"2026-09-01T20:47:54.006Z"}
{"level":"debug","message":"[RISK-LOOP] checking 2 open position(s)","timestamp":"2026-09-01T20:49:53.824Z"}
{"level":"debug","message":"[RISK-LOOP] checking 2 open position(s)","timestamp":"2026-09-01T20:51:53.828Z"}
{"level":"debug","message":"[RISK-LOOP] checking 2 open position(s)","timestamp":"2026-09-01T20:53:53.829Z"}
{"level":"debug","message":"[RISK-LOOP] checking 2 open position(s)","timestamp":"2026-09-01T20:55:53.834Z"}
{"level":"debug","message":"[RISK-LOOP] checking 2 open position(s)","timestamp":"2026-09-01T20:57:54.013Z"}
{"level":"info","message":"[MTF-CACHE] 15m refresh complete: 37/37 symbols","timestamp":"2026-09-01T20:58:12.106Z"}
{"level":"debug","message":"[RISK-LOOP] checking 2 open position(s)","timestamp":"2026-09-01T20:59:53.838Z"}
{"level":"debug","message":"[RISK-LOOP] checking 2 open position(s)","timestamp":"2026-09-01T21:01:53.845Z"}
{"level":"debug","message":"[RISK-LOOP] checking 2 open position(s)","timestamp":"2026-09-01T21:03:53.840Z"}
{"level":"debug","message":"[RISK-LOOP] checking 2 open position(s)","timestamp":"2026-09-01T21:05:53.842Z"}
{"level":"debug","message":"[RISK-LOOP] checking 2 open position(s)","timestamp":"2026-09-01T21:07:54.024Z"}
{"level":"debug","message":"[RISK-LOOP] checking 2 open position(s)","timestamp":"2026-09-01T21:09:53.848Z"}
{"level":"debug","message":"[RISK-LOOP] checking 2 open position(s)","timestamp":"2026-09-01T21:11:53.847Z"}
{"level":"info","message":"[MTF-CACHE] 15m refresh complete: 37/37 symbols","timestamp":"2026-09-01T21:13:12.135Z"}
{"level":"debug","message":"[RISK-LOOP] checking 2 open position(s)","timestamp":"2026-09-01T21:13:53.850Z"}
{"level":"debug","message":"[RISK-LOOP] checking 2 open position(s)","timestamp":"2026-09-01T21:15:53.856Z"}
{"level":"debug","message":"[RISK-LOOP] checking 2 open position(s)","timestamp":"2026-09-01T21:17:54.035Z"}
{"level":"debug","message":"[RISK-LOOP] checking 2 open position(s)","timestamp":"2026-09-01T21:19:53.859Z"}
{"level":"debug","message":"[RISK-LOOP] checking 2 open position(s)","timestamp":"2026-09-01T21:21:53.861Z"}
{"level":"debug","message":"[RISK-LOOP] checking 2 open position(s)","timestamp":"2026-09-01T21:23:53.861Z"}
{"level":"debug","message":"[RISK-LOOP] checking 2 open position(s)","timestamp":"2026-09-01T21:25:53.867Z"}
{"level":"debug","message":"[RISK-LOOP] checking 2 open position(s)","timestamp":"2026-09-01T21:27:54.044Z"}
{"level":"info","message":"[MTF-CACHE] 15m refresh complete: 37/37 symbols","timestamp":"2026-09-01T21:28:13.805Z"}
{"level":"debug","message":"[RISK-LOOP] checking 2 open position(s)","timestamp":"2026-09-01T21:29:53.874Z"}
{"level":"debug","message":"[RISK-LOOP] checking 2 open position(s)","timestamp":"2026-09-01T21:31:53.871Z"}
{"level":"debug","message":"[RISK-LOOP] checking 2 open position(s)","timestamp":"2026-09-01T21:33:53.873Z"}
{"level":"debug","message":"[RISK-LOOP] checking 2 open position(s)","timestamp":"2026-09-01T21:35:53.876Z"}
{"level":"debug","message":"[RISK-LOOP] checking 2 open position(s)","timestamp":"2026-09-01T21:37:54.062Z"}
{"level":"debug","message":"[RISK-LOOP] checking 2 open position(s)","timestamp":"2026-09-01T21:39:53.884Z"}
{"level":"debug","message":"[RISK-LOOP] checking 2 open position(s)","timestamp":"2026-09-01T21:41:53.878Z"}
{"level":"info","message":"[MTF-CACHE] 15m refresh complete: 37/37 symbols","timestamp":"2026-09-01T21:43:12.118Z"}
{"level":"debug","message":"[RISK-LOOP] checking 2 open position(s)","timestamp":"2026-09-01T21:43:53.880Z"}
{"level":"debug","message":"[RISK-LOOP] checking 2 open position(s)","timestamp":"2026-09-01T21:45:53.880Z"}
{"level":"debug","message":"[RISK-LOOP] checking 2 open position(s)","timestamp":"2026-09-01T21:47:54.059Z"}
{"level":"debug","message":"[RISK-LOOP] checking 2 open position(s)","timestamp":"2026-09-01T21:49:53.882Z"}
{"level":"debug","message":"[RISK-LOOP] checking 2 open position(s)","timestamp":"2026-09-01T21:51:53.885Z"}
{"level":"debug","message":"[RISK-LOOP] checking 2 open position(s)","timestamp":"2026-09-01T21:53:53.883Z"}
{"level":"debug","message":"[RISK-LOOP] checking 2 open position(s)","timestamp":"2026-09-01T21:55:53.886Z"}
{"level":"debug","message":"[RISK-LOOP] checking 2 open position(s)","timestamp":"2026-09-01T21:57:53.888Z"}
{"level":"info","message":"[MTF-CACHE] 15m refresh complete: 37/37 symbols","timestamp":"2026-09-01T21:58:12.263Z"}
{"level":"debug","message":"[RISK-LOOP] checking 2 open position(s)","timestamp":"2026-09-01T21:59:53.887Z"}
{"level":"debug","message":"[RISK-LOOP] checking 2 open position(s)","timestamp":"2026-09-01T22:01:53.889Z"}
{"level":"debug","message":"[RISK-LOOP] checking 2 open position(s)","timestamp":"2026-09-01T22:03:53.938Z"}
{"level":"debug","message":"[RISK-LOOP] checking 2 open position(s)","timestamp":"2026-09-01T22:05:53.894Z"}
{"level":"debug","message":"[RISK-LOOP] checking 2 open position(s)","timestamp":"2026-09-01T22:07:53.894Z"}
{"level":"debug","message":"[RISK-LOOP] checking 2 open position(s)","timestamp":"2026-09-01T22:09:53.902Z"}
{"level":"debug","message":"[RISK-LOOP] checking 2 open position(s)","timestamp":"2026-09-01T22:11:53.895Z"}
{"level":"info","message":"[MTF-CACHE] 15m refresh complete: 37/37 symbols","timestamp":"2026-09-01T22:13:12.109Z"}
{"level":"debug","message":"[RISK-LOOP] checking 2 open position(s)","timestamp":"2026-09-01T22:13:53.897Z"}
{"level":"debug","message":"[RISK-LOOP] checking 2 open position(s)","timestamp":"2026-09-01T22:15:53.897Z"}
{"level":"debug","message":"[RISK-LOOP] checking 2 open position(s)","timestamp":"2026-09-01T22:17:53.894Z"}
{"level":"debug","message":"[RISK-LOOP] checking 2 open position(s)","timestamp":"2026-09-01T22:19:53.900Z"}
{"level":"debug","message":"[RISK-LOOP] checking 2 open position(s)","timestamp":"2026-09-01T22:21:53.903Z"}
{"level":"debug","message":"[RISK-LOOP] checking 2 open position(s)","timestamp":"2026-09-01T22:23:53.902Z"}
{"level":"debug","message":"[RISK-LOOP] checking 2 open position(s)","timestamp":"2026-09-01T22:25:53.904Z"}
{"level":"debug","message":"[RISK-LOOP] checking 2 open position(s)","timestamp":"2026-09-01T22:27:53.906Z"}
{"level":"info","message":"[MTF-CACHE] 15m refresh complete: 37/37 symbols","timestamp":"2026-09-01T22:28:13.027Z"}
{"level":"debug","message":"[RISK-LOOP] checking 2 open position(s)","timestamp":"2026-09-01T22:29:53.905Z"}
{"level":"debug","message":"[RISK-LOOP] checking 2 open position(s)","timestamp":"2026-09-01T22:31:53.907Z"}
{"level":"debug","message":"[RISK-LOOP] checking 2 open position(s)","timestamp":"2026-09-01T22:33:53.909Z"}
{"level":"debug","message":"[RISK-LOOP] checking 2 open position(s)","timestamp":"2026-09-01T22:35:53.908Z"}
{"level":"debug","message":"[RISK-LOOP] checking 2 open position(s)","timestamp":"2026-09-01T22:37:53.908Z"}
{"level":"debug","message":"[RISK-LOOP] checking 2 open position(s)","timestamp":"2026-09-01T22:39:53.910Z"}
{"level":"debug","message":"[RISK-LOOP] checking 2 open position(s)","timestamp":"2026-09-01T22:41:53.908Z"}
{"level":"info","message":"[MTF-CACHE] 15m refresh complete: 37/37 symbols","timestamp":"2026-09-01T22:43:12.165Z"}
{"level":"debug","message":"[RISK-LOOP] checking 2 open position(s)","timestamp":"2026-09-01T22:43:53.911Z"}
{"level":"debug","message":"[RISK-LOOP] checking 2 open position(s)","timestamp":"2026-09-01T22:45:53.911Z"}
{"level":"debug","message":"[RISK-LOOP] checking 2 open position(s)","timestamp":"2026-09-01T22:47:53.983Z"}
{"level":"debug","message":"[RISK-LOOP] checking 2 open position(s)","timestamp":"2026-09-01T22:49:53.912Z"}
{"level":"debug","message":"[RISK-LOOP] checking 2 open position(s)","timestamp":"2026-09-01T22:51:53.912Z"}
{"level":"debug","message":"[RISK-LOOP] checking 2 open position(s)","timestamp":"2026-09-01T22:53:53.911Z"}
{"level":"debug","message":"[RISK-LOOP] checking 2 open position(s)","timestamp":"2026-09-01T22:55:53.955Z"}
{"level":"debug","message":"[RISK-LOOP] checking 2 open position(s)","timestamp":"2026-09-01T22:57:54.093Z"}
{"level":"info","message":"[MTF-CACHE] 15m refresh complete: 37/37 symbols","timestamp":"2026-09-01T22:58:12.172Z"}
{"level":"debug","message":"[RISK-LOOP] checking 2 open position(s)","timestamp":"2026-09-01T22:59:54.081Z"}
{"level":"debug","message":"[RISK-LOOP] checking 2 open position(s)","timestamp":"2026-09-01T23:01:54.091Z"}
{"level":"debug","message":"[RISK-LOOP] checking 2 open position(s)","timestamp":"2026-09-01T23:03:54.092Z"}
{"level":"debug","message":"[RISK-LOOP] checking 2 open position(s)","timestamp":"2026-09-01T23:05:54.091Z"}
{"level":"debug","message":"[RISK-LOOP] checking 2 open position(s)","timestamp":"2026-09-01T23:07:54.216Z"}
{"level":"debug","message":"[RISK-LOOP] checking 2 open position(s)","timestamp":"2026-09-01T23:09:54.104Z"}
{"level":"debug","message":"[RISK-LOOP] checking 2 open position(s)","timestamp":"2026-09-01T23:11:53.920Z"}
{"level":"info","message":"[MTF-CACHE] 15m refresh complete: 37/37 symbols","timestamp":"2026-09-01T23:13:12.200Z"}
{"level":"debug","message":"[RISK-LOOP] checking 2 open position(s)","timestamp":"2026-09-01T23:13:53.915Z"}
{"level":"debug","message":"[RISK-LOOP] checking 2 open position(s)","timestamp":"2026-09-01T23:15:53.920Z"}
{"level":"debug","message":"[RISK-LOOP] checking 2 open position(s)","timestamp":"2026-09-01T23:17:54.099Z"}
{"level":"debug","message":"[RISK-LOOP] checking 2 open position(s)","timestamp":"2026-09-01T23:19:53.924Z"}
{"level":"debug","message":"[RISK-LOOP] checking 2 open position(s)","timestamp":"2026-09-01T23:21:53.924Z"}
{"level":"debug","message":"[RISK-LOOP] checking 2 open position(s)","timestamp":"2026-09-01T23:23:53.925Z"}
{"level":"debug","message":"[RISK-LOOP] checking 2 open position(s)","timestamp":"2026-09-01T23:25:53.931Z"}
{"level":"debug","message":"[RISK-LOOP] checking 2 open position(s)","timestamp":"2026-09-01T23:27:54.105Z"}
{"level":"info","message":"[MTF-CACHE] 15m refresh complete: 37/37 symbols","timestamp":"2026-09-01T23:28:12.206Z"}
{"level":"debug","message":"[RISK-LOOP] checking 2 open position(s)","timestamp":"2026-09-01T23:29:53.928Z"}
{"level":"debug","message":"[RISK-LOOP] checking 2 open position(s)","timestamp":"2026-09-01T23:31:53.928Z"}
{"level":"debug","message":"[RISK-LOOP] checking 2 open position(s)","timestamp":"2026-09-01T23:33:53.930Z"}
{"level":"debug","message":"[RISK-LOOP] checking 2 open position(s)","timestamp":"2026-09-01T23:35:53.934Z"}
{"level":"debug","message":"[RISK-LOOP] checking 2 open position(s)","timestamp":"2026-09-01T23:37:54.117Z"}
{"level":"debug","message":"[RISK-LOOP] checking 2 open position(s)","timestamp":"2026-09-01T23:39:53.937Z"}
{"level":"debug","message":"[RISK-LOOP] checking 2 open position(s)","timestamp":"2026-09-01T23:41:53.939Z"}
{"level":"info","message":"[MTF-CACHE] 15m refresh complete: 37/37 symbols","timestamp":"2026-09-01T23:43:12.118Z"}
{"level":"debug","message":"[RISK-LOOP] checking 2 open position(s)","timestamp":"2026-09-01T23:43:53.941Z"}
{"level":"debug","message":"[RISK-LOOP] checking 2 open position(s)","timestamp":"2026-09-01T23:45:53.946Z"}
{"level":"debug","message":"[RISK-LOOP] checking 2 open position(s)","timestamp":"2026-09-01T23:47:54.124Z"}
{"level":"debug","message":"[RISK-LOOP] checking 2 open position(s)","timestamp":"2026-09-01T23:49:53.943Z"}
{"level":"debug","message":"[RISK-LOOP] checking 2 open position(s)","timestamp":"2026-09-01T23:51:53.949Z"}
{"level":"debug","message":"[RISK-LOOP] checking 2 open position(s)","timestamp":"2026-09-01T23:53:53.949Z"}
{"level":"debug","message":"[RISK-LOOP] checking 2 open position(s)","timestamp":"2026-09-01T23:55:53.951Z"}
{"level":"debug","message":"[RISK-LOOP] checking 2 open position(s)","timestamp":"2026-09-01T23:57:54.130Z"}
{"level":"info","message":"[MTF-CACHE] 15m refresh complete: 37/37 symbols","timestamp":"2026-09-01T23:58:12.131Z"}
{"level":"debug","message":"[RISK-LOOP] checking 2 open position(s)","timestamp":"2026-09-01T23:59:53.955Z"}
